{"type":"FeatureCollection","scaleMax":5146,"features":[{"type":"Feature","geometry":{"type":"Polygon","coordinates":[[[-79.54936,43.583812],[-79.543145,43.583812],[-79.543145,43.588304],[-79.54936,43.588304],[-79.54936,43.583812]]]},"properties":{"StopCount":29}},{"type":"Feature","geometry":{"type":"Polygon","coordinates":[[[-79.543145,43.583812],[-79.536931,43.583812],[-79.536931,43.588304],[-79.543145,43.588304],[-79.543145,43.583812]]]},"properties":{"StopCount":230}},{"type":"Feature","geometry":{"type":"Polygon","coordinates":[[[-79.54936,43.588304],[-79.543145,43.588304],[-79.543145,43.592796],[-79.54936,43.592796],[-79.54936,43.588304]]]},"properties":{"StopCount":248}},{"type":"Feature","geometry":{"type":"Polygon","coordinates":[[[-79.543145,43.588304],[-79.536931,43.588304],[-79.536931,43.592796],[-79.543145,43.592796],[-79.543145,43.588304]]]},"properties":{"StopCount":255}},{"type":"Feature","geometry":{"type":"Polygon","coordinates":[[[-79.536931,43.588304],[-79.530717,43.588304],[-79.530717,43.592796],[-79.536931,43.592796],[-79.536931,43.588304]]]},"properties":{"StopCount":178}},{"type":"Feature","geometry":{"type":"Polygon","coordinates":[[[-79.530717,43.588304],[-79.524503,43.588304],[-79.524503,43.592796],[-79.530717,43.592796],[-79.530717,43.588304]]]},"properties":{"StopCount":140}},{"type":"Feature","geometry":{"type":"Polygon","coordinates":[[[-79.524503,43.588304],[-79.518289,43.588304],[-79.518289,43.592796],[-79.524503,43.592796],[-79.524503,43.588304]]]},"properties":{"StopCount":41}},{"type":"Feature","geometry":{"type":"Polygon","coordinates":[[[-79.518289,43.588304],[-79.512075,43.588304],[-79.512075,43.592796],[-79.518289,43.592796],[-79.518289,43.588304]]]},"properties":{"StopCount":21}},{"type":"Feature","geometry":{"type":"Polygon","coordinates":[[[-79.555574,43.592796],[-79.54936,43.592796],[-79.54936,43.597287],[-79.555574,43.597287],[-79.555574,43.592796]]]},"properties":{"StopCount":30}},{"type":"Feature","geometry":{"type":"Polygon","coordinates":[[[-79.54936,43.592796],[-79.543145,43.592796],[-79.543145,43.597287],[-79.54936,43.597287],[-79.54936,43.592796]]]},"properties":{"StopCount":68}},{"type":"Feature","geometry":{"type":"Polygon","coordinates":[[[-79.543145,43.592796],[-79.536931,43.592796],[-79.536931,43.597287],[-79.543145,43.597287],[-79.543145,43.592796]]]},"properties":{"StopCount":204}},{"type":"Feature","geometry":{"type":"Polygon","coordinates":[[[-79.536931,43.592796],[-79.530717,43.592796],[-79.530717,43.597287],[-79.536931,43.597287],[-79.536931,43.592796]]]},"properties":{"StopCount":567}},{"type":"Feature","geometry":{"type":"Polygon","coordinates":[[[-79.530717,43.592796],[-79.524503,43.592796],[-79.524503,43.597287],[-79.530717,43.597287],[-79.530717,43.592796]]]},"properties":{"StopCount":300}},{"type":"Feature","geometry":{"type":"Polygon","coordinates":[[[-79.524503,43.592796],[-79.518289,43.592796],[-79.518289,43.597287],[-79.524503,43.597287],[-79.524503,43.592796]]]},"properties":{"StopCount":287}},{"type":"Feature","geometry":{"type":"Polygon","coordinates":[[[-79.518289,43.592796],[-79.512075,43.592796],[-79.512075,43.597287],[-79.518289,43.597287],[-79.518289,43.592796]]]},"properties":{"StopCount":88}},{"type":"Feature","geometry":{"type":"Polygon","coordinates":[[[-79.512075,43.592796],[-79.505861,43.592796],[-79.505861,43.597287],[-79.512075,43.597287],[-79.512075,43.592796]]]},"properties":{"StopCount":105}},{"type":"Feature","geometry":{"type":"Polygon","coordinates":[[[-79.505861,43.592796],[-79.499647,43.592796],[-79.499647,43.597287],[-79.505861,43.597287],[-79.505861,43.592796]]]},"properties":{"StopCount":140}},{"type":"Feature","geometry":{"type":"Polygon","coordinates":[[[-79.555574,43.597287],[-79.54936,43.597287],[-79.54936,43.601779],[-79.555574,43.601779],[-79.555574,43.597287]]]},"properties":{"StopCount":133}},{"type":"Feature","geometry":{"type":"Polygon","coordinates":[[[-79.54936,43.597287],[-79.543145,43.597287],[-79.543145,43.601779],[-79.54936,43.601779],[-79.54936,43.597287]]]},"properties":{"StopCount":383}},{"type":"Feature","geometry":{"type":"Polygon","coordinates":[[[-79.543145,43.597287],[-79.536931,43.597287],[-79.536931,43.601779],[-79.543145,43.601779],[-79.543145,43.597287]]]},"properties":{"StopCount":557}},{"type":"Feature","geometry":{"type":"Polygon","coordinates":[[[-79.536931,43.597287],[-79.530717,43.597287],[-79.530717,43.601779],[-79.536931,43.601779],[-79.536931,43.597287]]]},"properties":{"StopCount":264}},{"type":"Feature","geometry":{"type":"Polygon","coordinates":[[[-79.530717,43.597287],[-79.524503,43.597287],[-79.524503,43.601779],[-79.530717,43.601779],[-79.530717,43.597287]]]},"properties":{"StopCount":239}},{"type":"Feature","geometry":{"type":"Polygon","coordinates":[[[-79.524503,43.597287],[-79.518289,43.597287],[-79.518289,43.601779],[-79.524503,43.601779],[-79.524503,43.597287]]]},"properties":{"StopCount":217}},{"type":"Feature","geometry":{"type":"Polygon","coordinates":[[[-79.518289,43.597287],[-79.512075,43.597287],[-79.512075,43.601779],[-79.518289,43.601779],[-79.518289,43.597287]]]},"properties":{"StopCount":278}},{"type":"Feature","geometry":{"type":"Polygon","coordinates":[[[-79.512075,43.597287],[-79.505861,43.597287],[-79.505861,43.601779],[-79.512075,43.601779],[-79.512075,43.597287]]]},"properties":{"StopCount":401}},{"type":"Feature","geometry":{"type":"Polygon","coordinates":[[[-79.505861,43.597287],[-79.499647,43.597287],[-79.499647,43.601779],[-79.505861,43.601779],[-79.505861,43.597287]]]},"properties":{"StopCount":341}},{"type":"Feature","geometry":{"type":"Polygon","coordinates":[[[-79.499647,43.597287],[-79.493433,43.597287],[-79.493433,43.601779],[-79.499647,43.601779],[-79.499647,43.597287]]]},"properties":{"StopCount":83}},{"type":"Feature","geometry":{"type":"Polygon","coordinates":[[[-79.561788,43.601779],[-79.555574,43.601779],[-79.555574,43.60627],[-79.561788,43.60627],[-79.561788,43.601779]]]},"properties":{"StopCount":39}},{"type":"Feature","geometry":{"type":"Polygon","coordinates":[[[-79.555574,43.601779],[-79.54936,43.601779],[-79.54936,43.60627],[-79.555574,43.60627],[-79.555574,43.601779]]]},"properties":{"StopCount":106}},{"type":"Feature","geometry":{"type":"Polygon","coordinates":[[[-79.54936,43.601779],[-79.543145,43.601779],[-79.543145,43.60627],[-79.54936,43.60627],[-79.54936,43.601779]]]},"properties":{"StopCount":374}},{"type":"Feature","geometry":{"type":"Polygon","coordinates":[[[-79.543145,43.601779],[-79.536931,43.601779],[-79.536931,43.60627],[-79.543145,43.60627],[-79.543145,43.601779]]]},"properties":{"StopCount":155}},{"type":"Feature","geometry":{"type":"Polygon","coordinates":[[[-79.536931,43.601779],[-79.530717,43.601779],[-79.530717,43.60627],[-79.536931,43.60627],[-79.536931,43.601779]]]},"properties":{"StopCount":265}},{"type":"Feature","geometry":{"type":"Polygon","coordinates":[[[-79.530717,43.601779],[-79.524503,43.601779],[-79.524503,43.60627],[-79.530717,43.60627],[-79.530717,43.601779]]]},"properties":{"StopCount":357}},{"type":"Feature","geometry":{"type":"Polygon","coordinates":[[[-79.524503,43.601779],[-79.518289,43.601779],[-79.518289,43.60627],[-79.524503,43.60627],[-79.524503,43.601779]]]},"properties":{"StopCount":367}},{"type":"Feature","geometry":{"type":"Polygon","coordinates":[[[-79.518289,43.601779],[-79.512075,43.601779],[-79.512075,43.60627],[-79.518289,43.60627],[-79.518289,43.601779]]]},"properties":{"StopCount":100}},{"type":"Feature","geometry":{"type":"Polygon","coordinates":[[[-79.512075,43.601779],[-79.505861,43.601779],[-79.505861,43.60627],[-79.512075,43.60627],[-79.512075,43.601779]]]},"properties":{"StopCount":221}},{"type":"Feature","geometry":{"type":"Polygon","coordinates":[[[-79.505861,43.601779],[-79.499647,43.601779],[-79.499647,43.60627],[-79.505861,43.60627],[-79.505861,43.601779]]]},"properties":{"StopCount":267}},{"type":"Feature","geometry":{"type":"Polygon","coordinates":[[[-79.499647,43.601779],[-79.493433,43.601779],[-79.493433,43.60627],[-79.499647,43.60627],[-79.499647,43.601779]]]},"properties":{"StopCount":280}},{"type":"Feature","geometry":{"type":"Polygon","coordinates":[[[-79.493433,43.601779],[-79.487219,43.601779],[-79.487219,43.60627],[-79.493433,43.60627],[-79.493433,43.601779]]]},"properties":{"StopCount":68}},{"type":"Feature","geometry":{"type":"Polygon","coordinates":[[[-79.568002,43.60627],[-79.561788,43.60627],[-79.561788,43.610762],[-79.568002,43.610762],[-79.568002,43.60627]]]},"properties":{"StopCount":130}},{"type":"Feature","geometry":{"type":"Polygon","coordinates":[[[-79.561788,43.60627],[-79.555574,43.60627],[-79.555574,43.610762],[-79.561788,43.610762],[-79.561788,43.60627]]]},"properties":{"StopCount":478}},{"type":"Feature","geometry":{"type":"Polygon","coordinates":[[[-79.555574,43.60627],[-79.54936,43.60627],[-79.54936,43.610762],[-79.555574,43.610762],[-79.555574,43.60627]]]},"properties":{"StopCount":239}},{"type":"Feature","geometry":{"type":"Polygon","coordinates":[[[-79.54936,43.60627],[-79.543145,43.60627],[-79.543145,43.610762],[-79.54936,43.610762],[-79.54936,43.60627]]]},"properties":{"StopCount":339}},{"type":"Feature","geometry":{"type":"Polygon","coordinates":[[[-79.543145,43.60627],[-79.536931,43.60627],[-79.536931,43.610762],[-79.543145,43.610762],[-79.543145,43.60627]]]},"properties":{"StopCount":178}},{"type":"Feature","geometry":{"type":"Polygon","coordinates":[[[-79.536931,43.60627],[-79.530717,43.60627],[-79.530717,43.610762],[-79.536931,43.610762],[-79.536931,43.60627]]]},"properties":{"StopCount":106}},{"type":"Feature","geometry":{"type":"Polygon","coordinates":[[[-79.530717,43.60627],[-79.524503,43.60627],[-79.524503,43.610762],[-79.530717,43.610762],[-79.530717,43.60627]]]},"properties":{"StopCount":142}},{"type":"Feature","geometry":{"type":"Polygon","coordinates":[[[-79.524503,43.60627],[-79.518289,43.60627],[-79.518289,43.610762],[-79.524503,43.610762],[-79.524503,43.60627]]]},"properties":{"StopCount":1041}},{"type":"Feature","geometry":{"type":"Polygon","coordinates":[[[-79.518289,43.60627],[-79.512075,43.60627],[-79.512075,43.610762],[-79.518289,43.610762],[-79.518289,43.60627]]]},"properties":{"StopCount":393}},{"type":"Feature","geometry":{"type":"Polygon","coordinates":[[[-79.512075,43.60627],[-79.505861,43.60627],[-79.505861,43.610762],[-79.512075,43.610762],[-79.512075,43.60627]]]},"properties":{"StopCount":1663}},{"type":"Feature","geometry":{"type":"Polygon","coordinates":[[[-79.505861,43.60627],[-79.499647,43.60627],[-79.499647,43.610762],[-79.505861,43.610762],[-79.505861,43.60627]]]},"properties":{"StopCount":600}},{"type":"Feature","geometry":{"type":"Polygon","coordinates":[[[-79.499647,43.60627],[-79.493433,43.60627],[-79.493433,43.610762],[-79.499647,43.610762],[-79.499647,43.60627]]]},"properties":{"StopCount":138}},{"type":"Feature","geometry":{"type":"Polygon","coordinates":[[[-79.493433,43.60627],[-79.487219,43.60627],[-79.487219,43.610762],[-79.493433,43.610762],[-79.493433,43.60627]]]},"properties":{"StopCount":176}},{"type":"Feature","geometry":{"type":"Polygon","coordinates":[[[-79.568002,43.610762],[-79.561788,43.610762],[-79.561788,43.615253],[-79.568002,43.615253],[-79.568002,43.610762]]]},"properties":{"StopCount":32}},{"type":"Feature","geometry":{"type":"Polygon","coordinates":[[[-79.561788,43.610762],[-79.555574,43.610762],[-79.555574,43.615253],[-79.561788,43.615253],[-79.561788,43.610762]]]},"properties":{"StopCount":515}},{"type":"Feature","geometry":{"type":"Polygon","coordinates":[[[-79.555574,43.610762],[-79.54936,43.610762],[-79.54936,43.615253],[-79.555574,43.615253],[-79.555574,43.610762]]]},"properties":{"StopCount":277}},{"type":"Feature","geometry":{"type":"Polygon","coordinates":[[[-79.54936,43.610762],[-79.543145,43.610762],[-79.543145,43.615253],[-79.54936,43.615253],[-79.54936,43.610762]]]},"properties":{"StopCount":185}},{"type":"Feature","geometry":{"type":"Polygon","coordinates":[[[-79.543145,43.610762],[-79.536931,43.610762],[-79.536931,43.615253],[-79.543145,43.615253],[-79.543145,43.610762]]]},"properties":{"StopCount":585}},{"type":"Feature","geometry":{"type":"Polygon","coordinates":[[[-79.536931,43.610762],[-79.530717,43.610762],[-79.530717,43.615253],[-79.536931,43.615253],[-79.536931,43.610762]]]},"properties":{"StopCount":395}},{"type":"Feature","geometry":{"type":"Polygon","coordinates":[[[-79.530717,43.610762],[-79.524503,43.610762],[-79.524503,43.615253],[-79.530717,43.615253],[-79.530717,43.610762]]]},"properties":{"StopCount":397}},{"type":"Feature","geometry":{"type":"Polygon","coordinates":[[[-79.524503,43.610762],[-79.518289,43.610762],[-79.518289,43.615253],[-79.524503,43.615253],[-79.524503,43.610762]]]},"properties":{"StopCount":470}},{"type":"Feature","geometry":{"type":"Polygon","coordinates":[[[-79.518289,43.610762],[-79.512075,43.610762],[-79.512075,43.615253],[-79.518289,43.615253],[-79.518289,43.610762]]]},"properties":{"StopCount":398}},{"type":"Feature","geometry":{"type":"Polygon","coordinates":[[[-79.512075,43.610762],[-79.505861,43.610762],[-79.505861,43.615253],[-79.512075,43.615253],[-79.512075,43.610762]]]},"properties":{"StopCount":491}},{"type":"Feature","geometry":{"type":"Polygon","coordinates":[[[-79.505861,43.610762],[-79.499647,43.610762],[-79.499647,43.615253],[-79.505861,43.615253],[-79.505861,43.610762]]]},"properties":{"StopCount":2460}},{"type":"Feature","geometry":{"type":"Polygon","coordinates":[[[-79.499647,43.610762],[-79.493433,43.610762],[-79.493433,43.615253],[-79.499647,43.615253],[-79.499647,43.610762]]]},"properties":{"StopCount":251}},{"type":"Feature","geometry":{"type":"Polygon","coordinates":[[[-79.493433,43.610762],[-79.487219,43.610762],[-79.487219,43.615253],[-79.493433,43.615253],[-79.493433,43.610762]]]},"properties":{"StopCount":449}},{"type":"Feature","geometry":{"type":"Polygon","coordinates":[[[-79.487219,43.610762],[-79.481005,43.610762],[-79.481005,43.615253],[-79.487219,43.615253],[-79.487219,43.610762]]]},"properties":{"StopCount":8}},{"type":"Feature","geometry":{"type":"Polygon","coordinates":[[[-79.481005,43.610762],[-79.474791,43.610762],[-79.474791,43.615253],[-79.481005,43.615253],[-79.481005,43.610762]]]},"properties":{"StopCount":32}},{"type":"Feature","geometry":{"type":"Polygon","coordinates":[[[-79.394008,43.610762],[-79.387794,43.610762],[-79.387794,43.615253],[-79.394008,43.615253],[-79.394008,43.610762]]]},"properties":{"StopCount":6}},{"type":"Feature","geometry":{"type":"Polygon","coordinates":[[[-79.387794,43.610762],[-79.38158,43.610762],[-79.38158,43.615253],[-79.387794,43.615253],[-79.387794,43.610762]]]},"properties":{"StopCount":9}},{"type":"Feature","geometry":{"type":"Polygon","coordinates":[[[-79.568002,43.615253],[-79.561788,43.615253],[-79.561788,43.619745],[-79.568002,43.619745],[-79.568002,43.615253]]]},"properties":{"StopCount":778}},{"type":"Feature","geometry":{"type":"Polygon","coordinates":[[[-79.561788,43.615253],[-79.555574,43.615253],[-79.555574,43.619745],[-79.561788,43.619745],[-79.561788,43.615253]]]},"properties":{"StopCount":488}},{"type":"Feature","geometry":{"type":"Polygon","coordinates":[[[-79.555574,43.615253],[-79.54936,43.615253],[-79.54936,43.619745],[-79.555574,43.619745],[-79.555574,43.615253]]]},"properties":{"StopCount":580}},{"type":"Feature","geometry":{"type":"Polygon","coordinates":[[[-79.54936,43.615253],[-79.543145,43.615253],[-79.543145,43.619745],[-79.54936,43.619745],[-79.54936,43.615253]]]},"properties":{"StopCount":698}},{"type":"Feature","geometry":{"type":"Polygon","coordinates":[[[-79.543145,43.615253],[-79.536931,43.615253],[-79.536931,43.619745],[-79.543145,43.619745],[-79.543145,43.615253]]]},"properties":{"StopCount":638}},{"type":"Feature","geometry":{"type":"Polygon","coordinates":[[[-79.536931,43.615253],[-79.530717,43.615253],[-79.530717,43.619745],[-79.536931,43.619745],[-79.536931,43.615253]]]},"properties":{"StopCount":261}},{"type":"Feature","geometry":{"type":"Polygon","coordinates":[[[-79.530717,43.615253],[-79.524503,43.615253],[-79.524503,43.619745],[-79.530717,43.619745],[-79.530717,43.615253]]]},"properties":{"StopCount":478}},{"type":"Feature","geometry":{"type":"Polygon","coordinates":[[[-79.524503,43.615253],[-79.518289,43.615253],[-79.518289,43.619745],[-79.524503,43.619745],[-79.524503,43.615253]]]},"properties":{"StopCount":412}},{"type":"Feature","geometry":{"type":"Polygon","coordinates":[[[-79.518289,43.615253],[-79.512075,43.615253],[-79.512075,43.619745],[-79.518289,43.619745],[-79.518289,43.615253]]]},"properties":{"StopCount":359}},{"type":"Feature","geometry":{"type":"Polygon","coordinates":[[[-79.512075,43.615253],[-79.505861,43.615253],[-79.505861,43.619745],[-79.512075,43.619745],[-79.512075,43.615253]]]},"properties":{"StopCount":290}},{"type":"Feature","geometry":{"type":"Polygon","coordinates":[[[-79.505861,43.615253],[-79.499647,43.615253],[-79.499647,43.619745],[-79.505861,43.619745],[-79.505861,43.615253]]]},"properties":{"StopCount":141}},{"type":"Feature","geometry":{"type":"Polygon","coordinates":[[[-79.499647,43.615253],[-79.493433,43.615253],[-79.493433,43.619745],[-79.499647,43.619745],[-79.499647,43.615253]]]},"properties":{"StopCount":389}},{"type":"Feature","geometry":{"type":"Polygon","coordinates":[[[-79.493433,43.615253],[-79.487219,43.615253],[-79.487219,43.619745],[-79.493433,43.619745],[-79.493433,43.615253]]]},"properties":{"StopCount":194}},{"type":"Feature","geometry":{"type":"Polygon","coordinates":[[[-79.487219,43.615253],[-79.481005,43.615253],[-79.481005,43.619745],[-79.487219,43.619745],[-79.487219,43.615253]]]},"properties":{"StopCount":100}},{"type":"Feature","geometry":{"type":"Polygon","coordinates":[[[-79.481005,43.615253],[-79.474791,43.615253],[-79.474791,43.619745],[-79.481005,43.619745],[-79.481005,43.615253]]]},"properties":{"StopCount":91}},{"type":"Feature","geometry":{"type":"Polygon","coordinates":[[[-79.394008,43.615253],[-79.387794,43.615253],[-79.387794,43.619745],[-79.394008,43.619745],[-79.394008,43.615253]]]},"properties":{"StopCount":20}},{"type":"Feature","geometry":{"type":"Polygon","coordinates":[[[-79.387794,43.615253],[-79.38158,43.615253],[-79.38158,43.619745],[-79.387794,43.619745],[-79.387794,43.615253]]]},"properties":{"StopCount":225}},{"type":"Feature","geometry":{"type":"Polygon","coordinates":[[[-79.38158,43.615253],[-79.375366,43.615253],[-79.375366,43.619745],[-79.38158,43.619745],[-79.38158,43.615253]]]},"properties":{"StopCount":14}},{"type":"Feature","geometry":{"type":"Polygon","coordinates":[[[-79.375366,43.615253],[-79.369152,43.615253],[-79.369152,43.619745],[-79.375366,43.619745],[-79.375366,43.615253]]]},"properties":{"StopCount":39}},{"type":"Feature","geometry":{"type":"Polygon","coordinates":[[[-79.568002,43.619745],[-79.561788,43.619745],[-79.561788,43.624236],[-79.568002,43.624236],[-79.568002,43.619745]]]},"properties":{"StopCount":469}},{"type":"Feature","geometry":{"type":"Polygon","coordinates":[[[-79.561788,43.619745],[-79.555574,43.619745],[-79.555574,43.624236],[-79.561788,43.624236],[-79.561788,43.619745]]]},"properties":{"StopCount":708}},{"type":"Feature","geometry":{"type":"Polygon","coordinates":[[[-79.555574,43.619745],[-79.54936,43.619745],[-79.54936,43.624236],[-79.555574,43.624236],[-79.555574,43.619745]]]},"properties":{"StopCount":605}},{"type":"Feature","geometry":{"type":"Polygon","coordinates":[[[-79.54936,43.619745],[-79.543145,43.619745],[-79.543145,43.624236],[-79.54936,43.624236],[-79.54936,43.619745]]]},"properties":{"StopCount":339}},{"type":"Feature","geometry":{"type":"Polygon","coordinates":[[[-79.543145,43.619745],[-79.536931,43.619745],[-79.536931,43.624236],[-79.543145,43.624236],[-79.543145,43.619745]]]},"properties":{"StopCount":835}},{"type":"Feature","geometry":{"type":"Polygon","coordinates":[[[-79.536931,43.619745],[-79.530717,43.619745],[-79.530717,43.624236],[-79.536931,43.624236],[-79.536931,43.619745]]]},"properties":{"StopCount":1120}},{"type":"Feature","geometry":{"type":"Polygon","coordinates":[[[-79.530717,43.619745],[-79.524503,43.619745],[-79.524503,43.624236],[-79.530717,43.624236],[-79.530717,43.619745]]]},"properties":{"StopCount":431}},{"type":"Feature","geometry":{"type":"Polygon","coordinates":[[[-79.524503,43.619745],[-79.518289,43.619745],[-79.518289,43.624236],[-79.524503,43.624236],[-79.524503,43.619745]]]},"properties":{"StopCount":495}},{"type":"Feature","geometry":{"type":"Polygon","coordinates":[[[-79.518289,43.619745],[-79.512075,43.619745],[-79.512075,43.624236],[-79.518289,43.624236],[-79.518289,43.619745]]]},"properties":{"StopCount":436}},{"type":"Feature","geometry":{"type":"Polygon","coordinates":[[[-79.512075,43.619745],[-79.505861,43.619745],[-79.505861,43.624236],[-79.512075,43.624236],[-79.512075,43.619745]]]},"properties":{"StopCount":537}},{"type":"Feature","geometry":{"type":"Polygon","coordinates":[[[-79.505861,43.619745],[-79.499647,43.619745],[-79.499647,43.624236],[-79.505861,43.624236],[-79.505861,43.619745]]]},"properties":{"StopCount":205}},{"type":"Feature","geometry":{"type":"Polygon","coordinates":[[[-79.499647,43.619745],[-79.493433,43.619745],[-79.493433,43.624236],[-79.499647,43.624236],[-79.499647,43.619745]]]},"properties":{"StopCount":127}},{"type":"Feature","geometry":{"type":"Polygon","coordinates":[[[-79.493433,43.619745],[-79.487219,43.619745],[-79.487219,43.624236],[-79.493433,43.624236],[-79.493433,43.619745]]]},"properties":{"StopCount":216}},{"type":"Feature","geometry":{"type":"Polygon","coordinates":[[[-79.487219,43.619745],[-79.481005,43.619745],[-79.481005,43.624236],[-79.487219,43.624236],[-79.487219,43.619745]]]},"properties":{"StopCount":375}},{"type":"Feature","geometry":{"type":"Polygon","coordinates":[[[-79.481005,43.619745],[-79.474791,43.619745],[-79.474791,43.624236],[-79.481005,43.624236],[-79.481005,43.619745]]]},"properties":{"StopCount":136}},{"type":"Feature","geometry":{"type":"Polygon","coordinates":[[[-79.38158,43.619745],[-79.375366,43.619745],[-79.375366,43.624236],[-79.38158,43.624236],[-79.38158,43.619745]]]},"properties":{"StopCount":19}},{"type":"Feature","geometry":{"type":"Polygon","coordinates":[[[-79.369152,43.619745],[-79.362938,43.619745],[-79.362938,43.624236],[-79.369152,43.624236],[-79.369152,43.619745]]]},"properties":{"StopCount":15}},{"type":"Feature","geometry":{"type":"Polygon","coordinates":[[[-79.362938,43.619745],[-79.356723,43.619745],[-79.356723,43.624236],[-79.362938,43.624236],[-79.362938,43.619745]]]},"properties":{"StopCount":8}},{"type":"Feature","geometry":{"type":"Polygon","coordinates":[[[-79.58043,43.624236],[-79.574216,43.624236],[-79.574216,43.628728],[-79.58043,43.628728],[-79.58043,43.624236]]]},"properties":{"StopCount":36}},{"type":"Feature","geometry":{"type":"Polygon","coordinates":[[[-79.574216,43.624236],[-79.568002,43.624236],[-79.568002,43.628728],[-79.574216,43.628728],[-79.574216,43.624236]]]},"properties":{"StopCount":20}},{"type":"Feature","geometry":{"type":"Polygon","coordinates":[[[-79.568002,43.624236],[-79.561788,43.624236],[-79.561788,43.628728],[-79.568002,43.628728],[-79.568002,43.624236]]]},"properties":{"StopCount":17}},{"type":"Feature","geometry":{"type":"Polygon","coordinates":[[[-79.561788,43.624236],[-79.555574,43.624236],[-79.555574,43.628728],[-79.561788,43.628728],[-79.561788,43.624236]]]},"properties":{"StopCount":206}},{"type":"Feature","geometry":{"type":"Polygon","coordinates":[[[-79.555574,43.624236],[-79.54936,43.624236],[-79.54936,43.628728],[-79.555574,43.628728],[-79.555574,43.624236]]]},"properties":{"StopCount":1108}},{"type":"Feature","geometry":{"type":"Polygon","coordinates":[[[-79.54936,43.624236],[-79.543145,43.624236],[-79.543145,43.628728],[-79.54936,43.628728],[-79.54936,43.624236]]]},"properties":{"StopCount":1504}},{"type":"Feature","geometry":{"type":"Polygon","coordinates":[[[-79.543145,43.624236],[-79.536931,43.624236],[-79.536931,43.628728],[-79.543145,43.628728],[-79.543145,43.624236]]]},"properties":{"StopCount":311}},{"type":"Feature","geometry":{"type":"Polygon","coordinates":[[[-79.536931,43.624236],[-79.530717,43.624236],[-79.530717,43.628728],[-79.536931,43.628728],[-79.536931,43.624236]]]},"properties":{"StopCount":58}},{"type":"Feature","geometry":{"type":"Polygon","coordinates":[[[-79.530717,43.624236],[-79.524503,43.624236],[-79.524503,43.628728],[-79.530717,43.628728],[-79.530717,43.624236]]]},"properties":{"StopCount":442}},{"type":"Feature","geometry":{"type":"Polygon","coordinates":[[[-79.524503,43.624236],[-79.518289,43.624236],[-79.518289,43.628728],[-79.524503,43.628728],[-79.524503,43.624236]]]},"properties":{"StopCount":243}},{"type":"Feature","geometry":{"type":"Polygon","coordinates":[[[-79.518289,43.624236],[-79.512075,43.624236],[-79.512075,43.628728],[-79.518289,43.628728],[-79.518289,43.624236]]]},"properties":{"StopCount":109}},{"type":"Feature","geometry":{"type":"Polygon","coordinates":[[[-79.512075,43.624236],[-79.505861,43.624236],[-79.505861,43.628728],[-79.512075,43.628728],[-79.512075,43.624236]]]},"properties":{"StopCount":392}},{"type":"Feature","geometry":{"type":"Polygon","coordinates":[[[-79.505861,43.624236],[-79.499647,43.624236],[-79.499647,43.628728],[-79.505861,43.628728],[-79.505861,43.624236]]]},"properties":{"StopCount":364}},{"type":"Feature","geometry":{"type":"Polygon","coordinates":[[[-79.499647,43.624236],[-79.493433,43.624236],[-79.493433,43.628728],[-79.499647,43.628728],[-79.499647,43.624236]]]},"properties":{"StopCount":210}},{"type":"Feature","geometry":{"type":"Polygon","coordinates":[[[-79.493433,43.624236],[-79.487219,43.624236],[-79.487219,43.628728],[-79.493433,43.628728],[-79.493433,43.624236]]]},"properties":{"StopCount":244}},{"type":"Feature","geometry":{"type":"Polygon","coordinates":[[[-79.487219,43.624236],[-79.481005,43.624236],[-79.481005,43.628728],[-79.487219,43.628728],[-79.487219,43.624236]]]},"properties":{"StopCount":392}},{"type":"Feature","geometry":{"type":"Polygon","coordinates":[[[-79.481005,43.624236],[-79.474791,43.624236],[-79.474791,43.628728],[-79.481005,43.628728],[-79.481005,43.624236]]]},"properties":{"StopCount":362}},{"type":"Feature","geometry":{"type":"Polygon","coordinates":[[[-79.418864,43.624236],[-79.41265,43.624236],[-79.41265,43.628728],[-79.418864,43.628728],[-79.418864,43.624236]]]},"properties":{"StopCount":8}},{"type":"Feature","geometry":{"type":"Polygon","coordinates":[[[-79.394008,43.624236],[-79.387794,43.624236],[-79.387794,43.628728],[-79.394008,43.628728],[-79.394008,43.624236]]]},"properties":{"StopCount":56}},{"type":"Feature","geometry":{"type":"Polygon","coordinates":[[[-79.362938,43.624236],[-79.356723,43.624236],[-79.356723,43.628728],[-79.362938,43.628728],[-79.362938,43.624236]]]},"properties":{"StopCount":6}},{"type":"Feature","geometry":{"type":"Polygon","coordinates":[[[-79.356723,43.624236],[-79.350509,43.624236],[-79.350509,43.628728],[-79.356723,43.628728],[-79.356723,43.624236]]]},"properties":{"StopCount":4}},{"type":"Feature","geometry":{"type":"Polygon","coordinates":[[[-79.586644,43.628728],[-79.58043,43.628728],[-79.58043,43.63322],[-79.586644,43.63322],[-79.586644,43.628728]]]},"properties":{"StopCount":62}},{"type":"Feature","geometry":{"type":"Polygon","coordinates":[[[-79.58043,43.628728],[-79.574216,43.628728],[-79.574216,43.63322],[-79.58043,43.63322],[-79.58043,43.628728]]]},"properties":{"StopCount":337}},{"type":"Feature","geometry":{"type":"Polygon","coordinates":[[[-79.574216,43.628728],[-79.568002,43.628728],[-79.568002,43.63322],[-79.574216,43.63322],[-79.574216,43.628728]]]},"properties":{"StopCount":79}},{"type":"Feature","geometry":{"type":"Polygon","coordinates":[[[-79.568002,43.628728],[-79.561788,43.628728],[-79.561788,43.63322],[-79.568002,43.63322],[-79.568002,43.628728]]]},"properties":{"StopCount":140}},{"type":"Feature","geometry":{"type":"Polygon","coordinates":[[[-79.561788,43.628728],[-79.555574,43.628728],[-79.555574,43.63322],[-79.561788,43.63322],[-79.561788,43.628728]]]},"properties":{"StopCount":64}},{"type":"Feature","geometry":{"type":"Polygon","coordinates":[[[-79.555574,43.628728],[-79.54936,43.628728],[-79.54936,43.63322],[-79.555574,43.63322],[-79.555574,43.628728]]]},"properties":{"StopCount":633}},{"type":"Feature","geometry":{"type":"Polygon","coordinates":[[[-79.54936,43.628728],[-79.543145,43.628728],[-79.543145,43.63322],[-79.54936,43.63322],[-79.54936,43.628728]]]},"properties":{"StopCount":313}},{"type":"Feature","geometry":{"type":"Polygon","coordinates":[[[-79.543145,43.628728],[-79.536931,43.628728],[-79.536931,43.63322],[-79.543145,43.63322],[-79.543145,43.628728]]]},"properties":{"StopCount":110}},{"type":"Feature","geometry":{"type":"Polygon","coordinates":[[[-79.536931,43.628728],[-79.530717,43.628728],[-79.530717,43.63322],[-79.536931,43.63322],[-79.536931,43.628728]]]},"properties":{"StopCount":199}},{"type":"Feature","geometry":{"type":"Polygon","coordinates":[[[-79.530717,43.628728],[-79.524503,43.628728],[-79.524503,43.63322],[-79.530717,43.63322],[-79.530717,43.628728]]]},"properties":{"StopCount":414}},{"type":"Feature","geometry":{"type":"Polygon","coordinates":[[[-79.524503,43.628728],[-79.518289,43.628728],[-79.518289,43.63322],[-79.524503,43.63322],[-79.524503,43.628728]]]},"properties":{"StopCount":440}},{"type":"Feature","geometry":{"type":"Polygon","coordinates":[[[-79.518289,43.628728],[-79.512075,43.628728],[-79.512075,43.63322],[-79.518289,43.63322],[-79.518289,43.628728]]]},"properties":{"StopCount":336}},{"type":"Feature","geometry":{"type":"Polygon","coordinates":[[[-79.512075,43.628728],[-79.505861,43.628728],[-79.505861,43.63322],[-79.512075,43.63322],[-79.512075,43.628728]]]},"properties":{"StopCount":64}},{"type":"Feature","geometry":{"type":"Polygon","coordinates":[[[-79.505861,43.628728],[-79.499647,43.628728],[-79.499647,43.63322],[-79.505861,43.63322],[-79.505861,43.628728]]]},"properties":{"StopCount":188}},{"type":"Feature","geometry":{"type":"Polygon","coordinates":[[[-79.499647,43.628728],[-79.493433,43.628728],[-79.493433,43.63322],[-79.499647,43.63322],[-79.499647,43.628728]]]},"properties":{"StopCount":79}},{"type":"Feature","geometry":{"type":"Polygon","coordinates":[[[-79.493433,43.628728],[-79.487219,43.628728],[-79.487219,43.63322],[-79.493433,43.63322],[-79.493433,43.628728]]]},"properties":{"StopCount":237}},{"type":"Feature","geometry":{"type":"Polygon","coordinates":[[[-79.487219,43.628728],[-79.481005,43.628728],[-79.481005,43.63322],[-79.487219,43.63322],[-79.487219,43.628728]]]},"properties":{"StopCount":718}},{"type":"Feature","geometry":{"type":"Polygon","coordinates":[[[-79.481005,43.628728],[-79.474791,43.628728],[-79.474791,43.63322],[-79.481005,43.63322],[-79.481005,43.628728]]]},"properties":{"StopCount":315}},{"type":"Feature","geometry":{"type":"Polygon","coordinates":[[[-79.474791,43.628728],[-79.468577,43.628728],[-79.468577,43.63322],[-79.474791,43.63322],[-79.474791,43.628728]]]},"properties":{"StopCount":53}},{"type":"Feature","geometry":{"type":"Polygon","coordinates":[[[-79.437506,43.628728],[-79.431292,43.628728],[-79.431292,43.63322],[-79.437506,43.63322],[-79.437506,43.628728]]]},"properties":{"StopCount":99}},{"type":"Feature","geometry":{"type":"Polygon","coordinates":[[[-79.431292,43.628728],[-79.425078,43.628728],[-79.425078,43.63322],[-79.431292,43.63322],[-79.431292,43.628728]]]},"properties":{"StopCount":115}},{"type":"Feature","geometry":{"type":"Polygon","coordinates":[[[-79.425078,43.628728],[-79.418864,43.628728],[-79.418864,43.63322],[-79.425078,43.63322],[-79.425078,43.628728]]]},"properties":{"StopCount":170}},{"type":"Feature","geometry":{"type":"Polygon","coordinates":[[[-79.418864,43.628728],[-79.41265,43.628728],[-79.41265,43.63322],[-79.418864,43.63322],[-79.418864,43.628728]]]},"properties":{"StopCount":361}},{"type":"Feature","geometry":{"type":"Polygon","coordinates":[[[-79.41265,43.628728],[-79.406436,43.628728],[-79.406436,43.63322],[-79.41265,43.63322],[-79.41265,43.628728]]]},"properties":{"StopCount":313}},{"type":"Feature","geometry":{"type":"Polygon","coordinates":[[[-79.406436,43.628728],[-79.400222,43.628728],[-79.400222,43.63322],[-79.406436,43.63322],[-79.406436,43.628728]]]},"properties":{"StopCount":34}},{"type":"Feature","geometry":{"type":"Polygon","coordinates":[[[-79.400222,43.628728],[-79.394008,43.628728],[-79.394008,43.63322],[-79.400222,43.63322],[-79.400222,43.628728]]]},"properties":{"StopCount":659}},{"type":"Feature","geometry":{"type":"Polygon","coordinates":[[[-79.394008,43.628728],[-79.387794,43.628728],[-79.387794,43.63322],[-79.394008,43.63322],[-79.394008,43.628728]]]},"properties":{"StopCount":301}},{"type":"Feature","geometry":{"type":"Polygon","coordinates":[[[-79.362938,43.628728],[-79.356723,43.628728],[-79.356723,43.63322],[-79.362938,43.63322],[-79.362938,43.628728]]]},"properties":{"StopCount":20}},{"type":"Feature","geometry":{"type":"Polygon","coordinates":[[[-79.356723,43.628728],[-79.350509,43.628728],[-79.350509,43.63322],[-79.356723,43.63322],[-79.356723,43.628728]]]},"properties":{"StopCount":10}},{"type":"Feature","geometry":{"type":"Polygon","coordinates":[[[-79.586644,43.63322],[-79.58043,43.63322],[-79.58043,43.637711],[-79.586644,43.637711],[-79.586644,43.63322]]]},"properties":{"StopCount":39}},{"type":"Feature","geometry":{"type":"Polygon","coordinates":[[[-79.58043,43.63322],[-79.574216,43.63322],[-79.574216,43.637711],[-79.58043,43.637711],[-79.58043,43.63322]]]},"properties":{"StopCount":112}},{"type":"Feature","geometry":{"type":"Polygon","coordinates":[[[-79.574216,43.63322],[-79.568002,43.63322],[-79.568002,43.637711],[-79.574216,43.637711],[-79.574216,43.63322]]]},"properties":{"StopCount":95}},{"type":"Feature","geometry":{"type":"Polygon","coordinates":[[[-79.568002,43.63322],[-79.561788,43.63322],[-79.561788,43.637711],[-79.568002,43.637711],[-79.568002,43.63322]]]},"properties":{"StopCount":218}},{"type":"Feature","geometry":{"type":"Polygon","coordinates":[[[-79.561788,43.63322],[-79.555574,43.63322],[-79.555574,43.637711],[-79.561788,43.637711],[-79.561788,43.63322]]]},"properties":{"StopCount":63}},{"type":"Feature","geometry":{"type":"Polygon","coordinates":[[[-79.555574,43.63322],[-79.54936,43.63322],[-79.54936,43.637711],[-79.555574,43.637711],[-79.555574,43.63322]]]},"properties":{"StopCount":87}},{"type":"Feature","geometry":{"type":"Polygon","coordinates":[[[-79.54936,43.63322],[-79.543145,43.63322],[-79.543145,43.637711],[-79.54936,43.637711],[-79.54936,43.63322]]]},"properties":{"StopCount":33}},{"type":"Feature","geometry":{"type":"Polygon","coordinates":[[[-79.543145,43.63322],[-79.536931,43.63322],[-79.536931,43.637711],[-79.543145,43.637711],[-79.543145,43.63322]]]},"properties":{"StopCount":293}},{"type":"Feature","geometry":{"type":"Polygon","coordinates":[[[-79.536931,43.63322],[-79.530717,43.63322],[-79.530717,43.637711],[-79.536931,43.637711],[-79.536931,43.63322]]]},"properties":{"StopCount":360}},{"type":"Feature","geometry":{"type":"Polygon","coordinates":[[[-79.530717,43.63322],[-79.524503,43.63322],[-79.524503,43.637711],[-79.530717,43.637711],[-79.530717,43.63322]]]},"properties":{"StopCount":311}},{"type":"Feature","geometry":{"type":"Polygon","coordinates":[[[-79.524503,43.63322],[-79.518289,43.63322],[-79.518289,43.637711],[-79.524503,43.637711],[-79.524503,43.63322]]]},"properties":{"StopCount":666}},{"type":"Feature","geometry":{"type":"Polygon","coordinates":[[[-79.518289,43.63322],[-79.512075,43.63322],[-79.512075,43.637711],[-79.518289,43.637711],[-79.518289,43.63322]]]},"properties":{"StopCount":103}},{"type":"Feature","geometry":{"type":"Polygon","coordinates":[[[-79.512075,43.63322],[-79.505861,43.63322],[-79.505861,43.637711],[-79.512075,43.637711],[-79.512075,43.63322]]]},"properties":{"StopCount":201}},{"type":"Feature","geometry":{"type":"Polygon","coordinates":[[[-79.505861,43.63322],[-79.499647,43.63322],[-79.499647,43.637711],[-79.505861,43.637711],[-79.505861,43.63322]]]},"properties":{"StopCount":71}},{"type":"Feature","geometry":{"type":"Polygon","coordinates":[[[-79.499647,43.63322],[-79.493433,43.63322],[-79.493433,43.637711],[-79.499647,43.637711],[-79.499647,43.63322]]]},"properties":{"StopCount":61}},{"type":"Feature","geometry":{"type":"Polygon","coordinates":[[[-79.493433,43.63322],[-79.487219,43.63322],[-79.487219,43.637711],[-79.493433,43.637711],[-79.493433,43.63322]]]},"properties":{"StopCount":234}},{"type":"Feature","geometry":{"type":"Polygon","coordinates":[[[-79.487219,43.63322],[-79.481005,43.63322],[-79.481005,43.637711],[-79.487219,43.637711],[-79.487219,43.63322]]]},"properties":{"StopCount":101}},{"type":"Feature","geometry":{"type":"Polygon","coordinates":[[[-79.481005,43.63322],[-79.474791,43.63322],[-79.474791,43.637711],[-79.481005,43.637711],[-79.481005,43.63322]]]},"properties":{"StopCount":80}},{"type":"Feature","geometry":{"type":"Polygon","coordinates":[[[-79.474791,43.63322],[-79.468577,43.63322],[-79.468577,43.637711],[-79.474791,43.637711],[-79.474791,43.63322]]]},"properties":{"StopCount":272}},{"type":"Feature","geometry":{"type":"Polygon","coordinates":[[[-79.468577,43.63322],[-79.462363,43.63322],[-79.462363,43.637711],[-79.468577,43.637711],[-79.468577,43.63322]]]},"properties":{"StopCount":146}},{"type":"Feature","geometry":{"type":"Polygon","coordinates":[[[-79.462363,43.63322],[-79.456149,43.63322],[-79.456149,43.637711],[-79.462363,43.637711],[-79.462363,43.63322]]]},"properties":{"StopCount":40}},{"type":"Feature","geometry":{"type":"Polygon","coordinates":[[[-79.456149,43.63322],[-79.449934,43.63322],[-79.449934,43.637711],[-79.456149,43.637711],[-79.456149,43.63322]]]},"properties":{"StopCount":36}},{"type":"Feature","geometry":{"type":"Polygon","coordinates":[[[-79.449934,43.63322],[-79.44372,43.63322],[-79.44372,43.637711],[-79.449934,43.637711],[-79.449934,43.63322]]]},"properties":{"StopCount":57}},{"type":"Feature","geometry":{"type":"Polygon","coordinates":[[[-79.44372,43.63322],[-79.437506,43.63322],[-79.437506,43.637711],[-79.44372,43.637711],[-79.44372,43.63322]]]},"properties":{"StopCount":119}},{"type":"Feature","geometry":{"type":"Polygon","coordinates":[[[-79.437506,43.63322],[-79.431292,43.63322],[-79.431292,43.637711],[-79.437506,43.637711],[-79.437506,43.63322]]]},"properties":{"StopCount":384}},{"type":"Feature","geometry":{"type":"Polygon","coordinates":[[[-79.431292,43.63322],[-79.425078,43.63322],[-79.425078,43.637711],[-79.431292,43.637711],[-79.431292,43.63322]]]},"properties":{"StopCount":287}},{"type":"Feature","geometry":{"type":"Polygon","coordinates":[[[-79.425078,43.63322],[-79.418864,43.63322],[-79.418864,43.637711],[-79.425078,43.637711],[-79.425078,43.63322]]]},"properties":{"StopCount":794}},{"type":"Feature","geometry":{"type":"Polygon","coordinates":[[[-79.418864,43.63322],[-79.41265,43.63322],[-79.41265,43.637711],[-79.418864,43.637711],[-79.418864,43.63322]]]},"properties":{"StopCount":862}},{"type":"Feature","geometry":{"type":"Polygon","coordinates":[[[-79.41265,43.63322],[-79.406436,43.63322],[-79.406436,43.637711],[-79.41265,43.637711],[-79.41265,43.63322]]]},"properties":{"StopCount":572}},{"type":"Feature","geometry":{"type":"Polygon","coordinates":[[[-79.406436,43.63322],[-79.400222,43.63322],[-79.400222,43.637711],[-79.406436,43.637711],[-79.406436,43.63322]]]},"properties":{"StopCount":457}},{"type":"Feature","geometry":{"type":"Polygon","coordinates":[[[-79.400222,43.63322],[-79.394008,43.63322],[-79.394008,43.637711],[-79.400222,43.637711],[-79.400222,43.63322]]]},"properties":{"StopCount":934}},{"type":"Feature","geometry":{"type":"Polygon","coordinates":[[[-79.394008,43.63322],[-79.387794,43.63322],[-79.387794,43.637711],[-79.394008,43.637711],[-79.394008,43.63322]]]},"properties":{"StopCount":25}},{"type":"Feature","geometry":{"type":"Polygon","coordinates":[[[-79.356723,43.63322],[-79.350509,43.63322],[-79.350509,43.637711],[-79.356723,43.637711],[-79.356723,43.63322]]]},"properties":{"StopCount":3}},{"type":"Feature","geometry":{"type":"Polygon","coordinates":[[[-79.350509,43.63322],[-79.344295,43.63322],[-79.344295,43.637711],[-79.350509,43.637711],[-79.350509,43.63322]]]},"properties":{"StopCount":106}},{"type":"Feature","geometry":{"type":"Polygon","coordinates":[[[-79.586644,43.637711],[-79.58043,43.637711],[-79.58043,43.642203],[-79.586644,43.642203],[-79.586644,43.637711]]]},"properties":{"StopCount":225}},{"type":"Feature","geometry":{"type":"Polygon","coordinates":[[[-79.58043,43.637711],[-79.574216,43.637711],[-79.574216,43.642203],[-79.58043,43.642203],[-79.58043,43.637711]]]},"properties":{"StopCount":272}},{"type":"Feature","geometry":{"type":"Polygon","coordinates":[[[-79.574216,43.637711],[-79.568002,43.637711],[-79.568002,43.642203],[-79.574216,43.642203],[-79.574216,43.637711]]]},"properties":{"StopCount":116}},{"type":"Feature","geometry":{"type":"Polygon","coordinates":[[[-79.568002,43.637711],[-79.561788,43.637711],[-79.561788,43.642203],[-79.568002,43.642203],[-79.568002,43.637711]]]},"properties":{"StopCount":260}},{"type":"Feature","geometry":{"type":"Polygon","coordinates":[[[-79.561788,43.637711],[-79.555574,43.637711],[-79.555574,43.642203],[-79.561788,43.642203],[-79.561788,43.637711]]]},"properties":{"StopCount":147}},{"type":"Feature","geometry":{"type":"Polygon","coordinates":[[[-79.555574,43.637711],[-79.54936,43.637711],[-79.54936,43.642203],[-79.555574,43.642203],[-79.555574,43.637711]]]},"properties":{"StopCount":65}},{"type":"Feature","geometry":{"type":"Polygon","coordinates":[[[-79.54936,43.637711],[-79.543145,43.637711],[-79.543145,43.642203],[-79.54936,43.642203],[-79.54936,43.637711]]]},"properties":{"StopCount":84}},{"type":"Feature","geometry":{"type":"Polygon","coordinates":[[[-79.543145,43.637711],[-79.536931,43.637711],[-79.536931,43.642203],[-79.543145,43.642203],[-79.543145,43.637711]]]},"properties":{"StopCount":466}},{"type":"Feature","geometry":{"type":"Polygon","coordinates":[[[-79.536931,43.637711],[-79.530717,43.637711],[-79.530717,43.642203],[-79.536931,43.642203],[-79.536931,43.637711]]]},"properties":{"StopCount":362}},{"type":"Feature","geometry":{"type":"Polygon","coordinates":[[[-79.530717,43.637711],[-79.524503,43.637711],[-79.524503,43.642203],[-79.530717,43.642203],[-79.530717,43.637711]]]},"properties":{"StopCount":742}},{"type":"Feature","geometry":{"type":"Polygon","coordinates":[[[-79.524503,43.637711],[-79.518289,43.637711],[-79.518289,43.642203],[-79.524503,43.642203],[-79.524503,43.637711]]]},"properties":{"StopCount":115}},{"type":"Feature","geometry":{"type":"Polygon","coordinates":[[[-79.518289,43.637711],[-79.512075,43.637711],[-79.512075,43.642203],[-79.518289,43.642203],[-79.518289,43.637711]]]},"properties":{"StopCount":145}},{"type":"Feature","geometry":{"type":"Polygon","coordinates":[[[-79.512075,43.637711],[-79.505861,43.637711],[-79.505861,43.642203],[-79.512075,43.642203],[-79.512075,43.637711]]]},"properties":{"StopCount":109}},{"type":"Feature","geometry":{"type":"Polygon","coordinates":[[[-79.505861,43.637711],[-79.499647,43.637711],[-79.499647,43.642203],[-79.505861,43.642203],[-79.505861,43.637711]]]},"properties":{"StopCount":165}},{"type":"Feature","geometry":{"type":"Polygon","coordinates":[[[-79.499647,43.637711],[-79.493433,43.637711],[-79.493433,43.642203],[-79.499647,43.642203],[-79.499647,43.637711]]]},"properties":{"StopCount":148}},{"type":"Feature","geometry":{"type":"Polygon","coordinates":[[[-79.493433,43.637711],[-79.487219,43.637711],[-79.487219,43.642203],[-79.493433,43.642203],[-79.493433,43.637711]]]},"properties":{"StopCount":167}},{"type":"Feature","geometry":{"type":"Polygon","coordinates":[[[-79.487219,43.637711],[-79.481005,43.637711],[-79.481005,43.642203],[-79.487219,43.642203],[-79.487219,43.637711]]]},"properties":{"StopCount":43}},{"type":"Feature","geometry":{"type":"Polygon","coordinates":[[[-79.481005,43.637711],[-79.474791,43.637711],[-79.474791,43.642203],[-79.481005,43.642203],[-79.481005,43.637711]]]},"properties":{"StopCount":195}},{"type":"Feature","geometry":{"type":"Polygon","coordinates":[[[-79.474791,43.637711],[-79.468577,43.637711],[-79.468577,43.642203],[-79.474791,43.642203],[-79.474791,43.637711]]]},"properties":{"StopCount":183}},{"type":"Feature","geometry":{"type":"Polygon","coordinates":[[[-79.468577,43.637711],[-79.462363,43.637711],[-79.462363,43.642203],[-79.468577,43.642203],[-79.468577,43.637711]]]},"properties":{"StopCount":35}},{"type":"Feature","geometry":{"type":"Polygon","coordinates":[[[-79.462363,43.637711],[-79.456149,43.637711],[-79.456149,43.642203],[-79.462363,43.642203],[-79.462363,43.637711]]]},"properties":{"StopCount":61}},{"type":"Feature","geometry":{"type":"Polygon","coordinates":[[[-79.456149,43.637711],[-79.449934,43.637711],[-79.449934,43.642203],[-79.456149,43.642203],[-79.456149,43.637711]]]},"properties":{"StopCount":179}},{"type":"Feature","geometry":{"type":"Polygon","coordinates":[[[-79.449934,43.637711],[-79.44372,43.637711],[-79.44372,43.642203],[-79.449934,43.642203],[-79.449934,43.637711]]]},"properties":{"StopCount":565}},{"type":"Feature","geometry":{"type":"Polygon","coordinates":[[[-79.44372,43.637711],[-79.437506,43.637711],[-79.437506,43.642203],[-79.44372,43.642203],[-79.44372,43.637711]]]},"properties":{"StopCount":255}},{"type":"Feature","geometry":{"type":"Polygon","coordinates":[[[-79.437506,43.637711],[-79.431292,43.637711],[-79.431292,43.642203],[-79.437506,43.642203],[-79.437506,43.637711]]]},"properties":{"StopCount":486}},{"type":"Feature","geometry":{"type":"Polygon","coordinates":[[[-79.431292,43.637711],[-79.425078,43.637711],[-79.425078,43.642203],[-79.431292,43.642203],[-79.431292,43.637711]]]},"properties":{"StopCount":584}},{"type":"Feature","geometry":{"type":"Polygon","coordinates":[[[-79.425078,43.637711],[-79.418864,43.637711],[-79.418864,43.642203],[-79.425078,43.642203],[-79.425078,43.637711]]]},"properties":{"StopCount":1032}},{"type":"Feature","geometry":{"type":"Polygon","coordinates":[[[-79.418864,43.637711],[-79.41265,43.637711],[-79.41265,43.642203],[-79.418864,43.642203],[-79.418864,43.637711]]]},"properties":{"StopCount":798}},{"type":"Feature","geometry":{"type":"Polygon","coordinates":[[[-79.41265,43.637711],[-79.406436,43.637711],[-79.406436,43.642203],[-79.41265,43.642203],[-79.41265,43.637711]]]},"properties":{"StopCount":486}},{"type":"Feature","geometry":{"type":"Polygon","coordinates":[[[-79.406436,43.637711],[-79.400222,43.637711],[-79.400222,43.642203],[-79.406436,43.642203],[-79.406436,43.637711]]]},"properties":{"StopCount":409}},{"type":"Feature","geometry":{"type":"Polygon","coordinates":[[[-79.400222,43.637711],[-79.394008,43.637711],[-79.394008,43.642203],[-79.400222,43.642203],[-79.400222,43.637711]]]},"properties":{"StopCount":715}},{"type":"Feature","geometry":{"type":"Polygon","coordinates":[[[-79.394008,43.637711],[-79.387794,43.637711],[-79.387794,43.642203],[-79.394008,43.642203],[-79.394008,43.637711]]]},"properties":{"StopCount":819}},{"type":"Feature","geometry":{"type":"Polygon","coordinates":[[[-79.387794,43.637711],[-79.38158,43.637711],[-79.38158,43.642203],[-79.387794,43.642203],[-79.387794,43.637711]]]},"properties":{"StopCount":802}},{"type":"Feature","geometry":{"type":"Polygon","coordinates":[[[-79.38158,43.637711],[-79.375366,43.637711],[-79.375366,43.642203],[-79.38158,43.642203],[-79.38158,43.637711]]]},"properties":{"StopCount":623}},{"type":"Feature","geometry":{"type":"Polygon","coordinates":[[[-79.375366,43.637711],[-79.369152,43.637711],[-79.369152,43.642203],[-79.375366,43.642203],[-79.375366,43.637711]]]},"properties":{"StopCount":216}},{"type":"Feature","geometry":{"type":"Polygon","coordinates":[[[-79.356723,43.637711],[-79.350509,43.637711],[-79.350509,43.642203],[-79.356723,43.642203],[-79.356723,43.637711]]]},"properties":{"StopCount":189}},{"type":"Feature","geometry":{"type":"Polygon","coordinates":[[[-79.350509,43.637711],[-79.344295,43.637711],[-79.344295,43.642203],[-79.350509,43.642203],[-79.350509,43.637711]]]},"properties":{"StopCount":376}},{"type":"Feature","geometry":{"type":"Polygon","coordinates":[[[-79.344295,43.637711],[-79.338081,43.637711],[-79.338081,43.642203],[-79.344295,43.642203],[-79.344295,43.637711]]]},"properties":{"StopCount":188}},{"type":"Feature","geometry":{"type":"Polygon","coordinates":[[[-79.338081,43.637711],[-79.331867,43.637711],[-79.331867,43.642203],[-79.338081,43.642203],[-79.338081,43.637711]]]},"properties":{"StopCount":4}},{"type":"Feature","geometry":{"type":"Polygon","coordinates":[[[-79.599072,43.642203],[-79.592858,43.642203],[-79.592858,43.646694],[-79.599072,43.646694],[-79.599072,43.642203]]]},"properties":{"StopCount":5}},{"type":"Feature","geometry":{"type":"Polygon","coordinates":[[[-79.592858,43.642203],[-79.586644,43.642203],[-79.586644,43.646694],[-79.592858,43.646694],[-79.592858,43.642203]]]},"properties":{"StopCount":53}},{"type":"Feature","geometry":{"type":"Polygon","coordinates":[[[-79.586644,43.642203],[-79.58043,43.642203],[-79.58043,43.646694],[-79.586644,43.646694],[-79.586644,43.642203]]]},"properties":{"StopCount":79}},{"type":"Feature","geometry":{"type":"Polygon","coordinates":[[[-79.58043,43.642203],[-79.574216,43.642203],[-79.574216,43.646694],[-79.58043,43.646694],[-79.58043,43.642203]]]},"properties":{"StopCount":196}},{"type":"Feature","geometry":{"type":"Polygon","coordinates":[[[-79.574216,43.642203],[-79.568002,43.642203],[-79.568002,43.646694],[-79.574216,43.646694],[-79.574216,43.642203]]]},"properties":{"StopCount":149}},{"type":"Feature","geometry":{"type":"Polygon","coordinates":[[[-79.568002,43.642203],[-79.561788,43.642203],[-79.561788,43.646694],[-79.568002,43.646694],[-79.568002,43.642203]]]},"properties":{"StopCount":290}},{"type":"Feature","geometry":{"type":"Polygon","coordinates":[[[-79.561788,43.642203],[-79.555574,43.642203],[-79.555574,43.646694],[-79.561788,43.646694],[-79.561788,43.642203]]]},"properties":{"StopCount":288}},{"type":"Feature","geometry":{"type":"Polygon","coordinates":[[[-79.555574,43.642203],[-79.54936,43.642203],[-79.54936,43.646694],[-79.555574,43.646694],[-79.555574,43.642203]]]},"properties":{"StopCount":113}},{"type":"Feature","geometry":{"type":"Polygon","coordinates":[[[-79.54936,43.642203],[-79.543145,43.642203],[-79.543145,43.646694],[-79.54936,43.646694],[-79.54936,43.642203]]]},"properties":{"StopCount":87}},{"type":"Feature","geometry":{"type":"Polygon","coordinates":[[[-79.543145,43.642203],[-79.536931,43.642203],[-79.536931,43.646694],[-79.543145,43.646694],[-79.543145,43.642203]]]},"properties":{"StopCount":88}},{"type":"Feature","geometry":{"type":"Polygon","coordinates":[[[-79.536931,43.642203],[-79.530717,43.642203],[-79.530717,43.646694],[-79.536931,43.646694],[-79.536931,43.642203]]]},"properties":{"StopCount":340}},{"type":"Feature","geometry":{"type":"Polygon","coordinates":[[[-79.530717,43.642203],[-79.524503,43.642203],[-79.524503,43.646694],[-79.530717,43.646694],[-79.530717,43.642203]]]},"properties":{"StopCount":399}},{"type":"Feature","geometry":{"type":"Polygon","coordinates":[[[-79.524503,43.642203],[-79.518289,43.642203],[-79.518289,43.646694],[-79.524503,43.646694],[-79.524503,43.642203]]]},"properties":{"StopCount":475}},{"type":"Feature","geometry":{"type":"Polygon","coordinates":[[[-79.518289,43.642203],[-79.512075,43.642203],[-79.512075,43.646694],[-79.518289,43.646694],[-79.518289,43.642203]]]},"properties":{"StopCount":186}},{"type":"Feature","geometry":{"type":"Polygon","coordinates":[[[-79.512075,43.642203],[-79.505861,43.642203],[-79.505861,43.646694],[-79.512075,43.646694],[-79.512075,43.642203]]]},"properties":{"StopCount":187}},{"type":"Feature","geometry":{"type":"Polygon","coordinates":[[[-79.505861,43.642203],[-79.499647,43.642203],[-79.499647,43.646694],[-79.505861,43.646694],[-79.505861,43.642203]]]},"properties":{"StopCount":109}},{"type":"Feature","geometry":{"type":"Polygon","coordinates":[[[-79.499647,43.642203],[-79.493433,43.642203],[-79.493433,43.646694],[-79.499647,43.646694],[-79.499647,43.642203]]]},"properties":{"StopCount":64}},{"type":"Feature","geometry":{"type":"Polygon","coordinates":[[[-79.493433,43.642203],[-79.487219,43.642203],[-79.487219,43.646694],[-79.493433,43.646694],[-79.493433,43.642203]]]},"properties":{"StopCount":40}},{"type":"Feature","geometry":{"type":"Polygon","coordinates":[[[-79.487219,43.642203],[-79.481005,43.642203],[-79.481005,43.646694],[-79.487219,43.646694],[-79.487219,43.642203]]]},"properties":{"StopCount":137}},{"type":"Feature","geometry":{"type":"Polygon","coordinates":[[[-79.481005,43.642203],[-79.474791,43.642203],[-79.474791,43.646694],[-79.481005,43.646694],[-79.481005,43.642203]]]},"properties":{"StopCount":187}},{"type":"Feature","geometry":{"type":"Polygon","coordinates":[[[-79.474791,43.642203],[-79.468577,43.642203],[-79.468577,43.646694],[-79.474791,43.646694],[-79.474791,43.642203]]]},"properties":{"StopCount":92}},{"type":"Feature","geometry":{"type":"Polygon","coordinates":[[[-79.468577,43.642203],[-79.462363,43.642203],[-79.462363,43.646694],[-79.468577,43.646694],[-79.468577,43.642203]]]},"properties":{"StopCount":47}},{"type":"Feature","geometry":{"type":"Polygon","coordinates":[[[-79.462363,43.642203],[-79.456149,43.642203],[-79.456149,43.646694],[-79.462363,43.646694],[-79.462363,43.642203]]]},"properties":{"StopCount":130}},{"type":"Feature","geometry":{"type":"Polygon","coordinates":[[[-79.456149,43.642203],[-79.449934,43.642203],[-79.449934,43.646694],[-79.456149,43.646694],[-79.456149,43.642203]]]},"properties":{"StopCount":92}},{"type":"Feature","geometry":{"type":"Polygon","coordinates":[[[-79.449934,43.642203],[-79.44372,43.642203],[-79.44372,43.646694],[-79.449934,43.646694],[-79.449934,43.642203]]]},"properties":{"StopCount":281}},{"type":"Feature","geometry":{"type":"Polygon","coordinates":[[[-79.44372,43.642203],[-79.437506,43.642203],[-79.437506,43.646694],[-79.44372,43.646694],[-79.44372,43.642203]]]},"properties":{"StopCount":204}},{"type":"Feature","geometry":{"type":"Polygon","coordinates":[[[-79.437506,43.642203],[-79.431292,43.642203],[-79.431292,43.646694],[-79.437506,43.646694],[-79.437506,43.642203]]]},"properties":{"StopCount":252}},{"type":"Feature","geometry":{"type":"Polygon","coordinates":[[[-79.431292,43.642203],[-79.425078,43.642203],[-79.425078,43.646694],[-79.431292,43.646694],[-79.431292,43.642203]]]},"properties":{"StopCount":398}},{"type":"Feature","geometry":{"type":"Polygon","coordinates":[[[-79.425078,43.642203],[-79.418864,43.642203],[-79.418864,43.646694],[-79.425078,43.646694],[-79.425078,43.642203]]]},"properties":{"StopCount":699}},{"type":"Feature","geometry":{"type":"Polygon","coordinates":[[[-79.418864,43.642203],[-79.41265,43.642203],[-79.41265,43.646694],[-79.418864,43.646694],[-79.418864,43.642203]]]},"properties":{"StopCount":384}},{"type":"Feature","geometry":{"type":"Polygon","coordinates":[[[-79.41265,43.642203],[-79.406436,43.642203],[-79.406436,43.646694],[-79.41265,43.646694],[-79.41265,43.642203]]]},"properties":{"StopCount":660}},{"type":"Feature","geometry":{"type":"Polygon","coordinates":[[[-79.406436,43.642203],[-79.400222,43.642203],[-79.400222,43.646694],[-79.406436,43.646694],[-79.406436,43.642203]]]},"properties":{"StopCount":977}},{"type":"Feature","geometry":{"type":"Polygon","coordinates":[[[-79.400222,43.642203],[-79.394008,43.642203],[-79.394008,43.646694],[-79.400222,43.646694],[-79.400222,43.642203]]]},"properties":{"StopCount":1533}},{"type":"Feature","geometry":{"type":"Polygon","coordinates":[[[-79.394008,43.642203],[-79.387794,43.642203],[-79.387794,43.646694],[-79.394008,43.646694],[-79.394008,43.642203]]]},"properties":{"StopCount":1284}},{"type":"Feature","geometry":{"type":"Polygon","coordinates":[[[-79.387794,43.642203],[-79.38158,43.642203],[-79.38158,43.646694],[-79.387794,43.646694],[-79.387794,43.642203]]]},"properties":{"StopCount":1100}},{"type":"Feature","geometry":{"type":"Polygon","coordinates":[[[-79.38158,43.642203],[-79.375366,43.642203],[-79.375366,43.646694],[-79.38158,43.646694],[-79.38158,43.642203]]]},"properties":{"StopCount":990}},{"type":"Feature","geometry":{"type":"Polygon","coordinates":[[[-79.375366,43.642203],[-79.369152,43.642203],[-79.369152,43.646694],[-79.375366,43.646694],[-79.375366,43.642203]]]},"properties":{"StopCount":823}},{"type":"Feature","geometry":{"type":"Polygon","coordinates":[[[-79.369152,43.642203],[-79.362938,43.642203],[-79.362938,43.646694],[-79.369152,43.646694],[-79.369152,43.642203]]]},"properties":{"StopCount":644}},{"type":"Feature","geometry":{"type":"Polygon","coordinates":[[[-79.362938,43.642203],[-79.356723,43.642203],[-79.356723,43.646694],[-79.362938,43.646694],[-79.362938,43.642203]]]},"properties":{"StopCount":140}},{"type":"Feature","geometry":{"type":"Polygon","coordinates":[[[-79.356723,43.642203],[-79.350509,43.642203],[-79.350509,43.646694],[-79.356723,43.646694],[-79.356723,43.642203]]]},"properties":{"StopCount":186}},{"type":"Feature","geometry":{"type":"Polygon","coordinates":[[[-79.350509,43.642203],[-79.344295,43.642203],[-79.344295,43.646694],[-79.350509,43.646694],[-79.350509,43.642203]]]},"properties":{"StopCount":14}},{"type":"Feature","geometry":{"type":"Polygon","coordinates":[[[-79.344295,43.642203],[-79.338081,43.642203],[-79.338081,43.646694],[-79.344295,43.646694],[-79.344295,43.642203]]]},"properties":{"StopCount":78}},{"type":"Feature","geometry":{"type":"Polygon","coordinates":[[[-79.338081,43.642203],[-79.331867,43.642203],[-79.331867,43.646694],[-79.338081,43.646694],[-79.338081,43.642203]]]},"properties":{"StopCount":6}},{"type":"Feature","geometry":{"type":"Polygon","coordinates":[[[-79.325653,43.642203],[-79.319439,43.642203],[-79.319439,43.646694],[-79.325653,43.646694],[-79.325653,43.642203]]]},"properties":{"StopCount":2}},{"type":"Feature","geometry":{"type":"Polygon","coordinates":[[[-79.6115,43.646694],[-79.605286,43.646694],[-79.605286,43.651186],[-79.6115,43.651186],[-79.6115,43.646694]]]},"properties":{"StopCount":47}},{"type":"Feature","geometry":{"type":"Polygon","coordinates":[[[-79.605286,43.646694],[-79.599072,43.646694],[-79.599072,43.651186],[-79.605286,43.651186],[-79.605286,43.646694]]]},"properties":{"StopCount":237}},{"type":"Feature","geometry":{"type":"Polygon","coordinates":[[[-79.599072,43.646694],[-79.592858,43.646694],[-79.592858,43.651186],[-79.599072,43.651186],[-79.599072,43.646694]]]},"properties":{"StopCount":16}},{"type":"Feature","geometry":{"type":"Polygon","coordinates":[[[-79.592858,43.646694],[-79.586644,43.646694],[-79.586644,43.651186],[-79.592858,43.651186],[-79.592858,43.646694]]]},"properties":{"StopCount":176}},{"type":"Feature","geometry":{"type":"Polygon","coordinates":[[[-79.586644,43.646694],[-79.58043,43.646694],[-79.58043,43.651186],[-79.586644,43.651186],[-79.586644,43.646694]]]},"properties":{"StopCount":102}},{"type":"Feature","geometry":{"type":"Polygon","coordinates":[[[-79.58043,43.646694],[-79.574216,43.646694],[-79.574216,43.651186],[-79.58043,43.651186],[-79.58043,43.646694]]]},"properties":{"StopCount":313}},{"type":"Feature","geometry":{"type":"Polygon","coordinates":[[[-79.574216,43.646694],[-79.568002,43.646694],[-79.568002,43.651186],[-79.574216,43.651186],[-79.574216,43.646694]]]},"properties":{"StopCount":100}},{"type":"Feature","geometry":{"type":"Polygon","coordinates":[[[-79.568002,43.646694],[-79.561788,43.646694],[-79.561788,43.651186],[-79.568002,43.651186],[-79.568002,43.646694]]]},"properties":{"StopCount":133}},{"type":"Feature","geometry":{"type":"Polygon","coordinates":[[[-79.561788,43.646694],[-79.555574,43.646694],[-79.555574,43.651186],[-79.561788,43.651186],[-79.561788,43.646694]]]},"properties":{"StopCount":116}},{"type":"Feature","geometry":{"type":"Polygon","coordinates":[[[-79.555574,43.646694],[-79.54936,43.646694],[-79.54936,43.651186],[-79.555574,43.651186],[-79.555574,43.646694]]]},"properties":{"StopCount":80}},{"type":"Feature","geometry":{"type":"Polygon","coordinates":[[[-79.54936,43.646694],[-79.543145,43.646694],[-79.543145,43.651186],[-79.54936,43.651186],[-79.54936,43.646694]]]},"properties":{"StopCount":157}},{"type":"Feature","geometry":{"type":"Polygon","coordinates":[[[-79.543145,43.646694],[-79.536931,43.646694],[-79.536931,43.651186],[-79.543145,43.651186],[-79.543145,43.646694]]]},"properties":{"StopCount":57}},{"type":"Feature","geometry":{"type":"Polygon","coordinates":[[[-79.536931,43.646694],[-79.530717,43.646694],[-79.530717,43.651186],[-79.536931,43.651186],[-79.536931,43.646694]]]},"properties":{"StopCount":104}},{"type":"Feature","geometry":{"type":"Polygon","coordinates":[[[-79.530717,43.646694],[-79.524503,43.646694],[-79.524503,43.651186],[-79.530717,43.651186],[-79.530717,43.646694]]]},"properties":{"StopCount":455}},{"type":"Feature","geometry":{"type":"Polygon","coordinates":[[[-79.524503,43.646694],[-79.518289,43.646694],[-79.518289,43.651186],[-79.524503,43.651186],[-79.524503,43.646694]]]},"properties":{"StopCount":135}},{"type":"Feature","geometry":{"type":"Polygon","coordinates":[[[-79.518289,43.646694],[-79.512075,43.646694],[-79.512075,43.651186],[-79.518289,43.651186],[-79.518289,43.646694]]]},"properties":{"StopCount":252}},{"type":"Feature","geometry":{"type":"Polygon","coordinates":[[[-79.512075,43.646694],[-79.505861,43.646694],[-79.505861,43.651186],[-79.512075,43.651186],[-79.512075,43.646694]]]},"properties":{"StopCount":415}},{"type":"Feature","geometry":{"type":"Polygon","coordinates":[[[-79.505861,43.646694],[-79.499647,43.646694],[-79.499647,43.651186],[-79.505861,43.651186],[-79.505861,43.646694]]]},"properties":{"StopCount":224}},{"type":"Feature","geometry":{"type":"Polygon","coordinates":[[[-79.499647,43.646694],[-79.493433,43.646694],[-79.493433,43.651186],[-79.499647,43.651186],[-79.499647,43.646694]]]},"properties":{"StopCount":180}},{"type":"Feature","geometry":{"type":"Polygon","coordinates":[[[-79.493433,43.646694],[-79.487219,43.646694],[-79.487219,43.651186],[-79.493433,43.651186],[-79.493433,43.646694]]]},"properties":{"StopCount":254}},{"type":"Feature","geometry":{"type":"Polygon","coordinates":[[[-79.487219,43.646694],[-79.481005,43.646694],[-79.481005,43.651186],[-79.487219,43.651186],[-79.487219,43.646694]]]},"properties":{"StopCount":524}},{"type":"Feature","geometry":{"type":"Polygon","coordinates":[[[-79.481005,43.646694],[-79.474791,43.646694],[-79.474791,43.651186],[-79.481005,43.651186],[-79.481005,43.646694]]]},"properties":{"StopCount":444}},{"type":"Feature","geometry":{"type":"Polygon","coordinates":[[[-79.474791,43.646694],[-79.468577,43.646694],[-79.468577,43.651186],[-79.474791,43.651186],[-79.474791,43.646694]]]},"properties":{"StopCount":67}},{"type":"Feature","geometry":{"type":"Polygon","coordinates":[[[-79.468577,43.646694],[-79.462363,43.646694],[-79.462363,43.651186],[-79.468577,43.651186],[-79.468577,43.646694]]]},"properties":{"StopCount":44}},{"type":"Feature","geometry":{"type":"Polygon","coordinates":[[[-79.462363,43.646694],[-79.456149,43.646694],[-79.456149,43.651186],[-79.462363,43.651186],[-79.462363,43.646694]]]},"properties":{"StopCount":79}},{"type":"Feature","geometry":{"type":"Polygon","coordinates":[[[-79.456149,43.646694],[-79.449934,43.646694],[-79.449934,43.651186],[-79.456149,43.651186],[-79.456149,43.646694]]]},"properties":{"StopCount":259}},{"type":"Feature","geometry":{"type":"Polygon","coordinates":[[[-79.449934,43.646694],[-79.44372,43.646694],[-79.44372,43.651186],[-79.449934,43.651186],[-79.449934,43.646694]]]},"properties":{"StopCount":304}},{"type":"Feature","geometry":{"type":"Polygon","coordinates":[[[-79.44372,43.646694],[-79.437506,43.646694],[-79.437506,43.651186],[-79.44372,43.651186],[-79.44372,43.646694]]]},"properties":{"StopCount":348}},{"type":"Feature","geometry":{"type":"Polygon","coordinates":[[[-79.437506,43.646694],[-79.431292,43.646694],[-79.431292,43.651186],[-79.437506,43.651186],[-79.437506,43.646694]]]},"properties":{"StopCount":329}},{"type":"Feature","geometry":{"type":"Polygon","coordinates":[[[-79.431292,43.646694],[-79.425078,43.646694],[-79.425078,43.651186],[-79.431292,43.651186],[-79.431292,43.646694]]]},"properties":{"StopCount":346}},{"type":"Feature","geometry":{"type":"Polygon","coordinates":[[[-79.425078,43.646694],[-79.418864,43.646694],[-79.418864,43.651186],[-79.425078,43.651186],[-79.425078,43.646694]]]},"properties":{"StopCount":595}},{"type":"Feature","geometry":{"type":"Polygon","coordinates":[[[-79.418864,43.646694],[-79.41265,43.646694],[-79.41265,43.651186],[-79.418864,43.651186],[-79.418864,43.646694]]]},"properties":{"StopCount":268}},{"type":"Feature","geometry":{"type":"Polygon","coordinates":[[[-79.41265,43.646694],[-79.406436,43.646694],[-79.406436,43.651186],[-79.41265,43.651186],[-79.41265,43.646694]]]},"properties":{"StopCount":323}},{"type":"Feature","geometry":{"type":"Polygon","coordinates":[[[-79.406436,43.646694],[-79.400222,43.646694],[-79.400222,43.651186],[-79.406436,43.651186],[-79.406436,43.646694]]]},"properties":{"StopCount":720}},{"type":"Feature","geometry":{"type":"Polygon","coordinates":[[[-79.400222,43.646694],[-79.394008,43.646694],[-79.394008,43.651186],[-79.400222,43.651186],[-79.400222,43.646694]]]},"properties":{"StopCount":1112}},{"type":"Feature","geometry":{"type":"Polygon","coordinates":[[[-79.394008,43.646694],[-79.387794,43.646694],[-79.387794,43.651186],[-79.394008,43.651186],[-79.394008,43.646694]]]},"properties":{"StopCount":1778}},{"type":"Feature","geometry":{"type":"Polygon","coordinates":[[[-79.387794,43.646694],[-79.38158,43.646694],[-79.38158,43.651186],[-79.387794,43.651186],[-79.387794,43.646694]]]},"properties":{"StopCount":1338}},{"type":"Feature","geometry":{"type":"Polygon","coordinates":[[[-79.38158,43.646694],[-79.375366,43.646694],[-79.375366,43.651186],[-79.38158,43.651186],[-79.38158,43.646694]]]},"properties":{"StopCount":1292}},{"type":"Feature","geometry":{"type":"Polygon","coordinates":[[[-79.375366,43.646694],[-79.369152,43.646694],[-79.369152,43.651186],[-79.375366,43.651186],[-79.375366,43.646694]]]},"properties":{"StopCount":1398}},{"type":"Feature","geometry":{"type":"Polygon","coordinates":[[[-79.369152,43.646694],[-79.362938,43.646694],[-79.362938,43.651186],[-79.369152,43.651186],[-79.369152,43.646694]]]},"properties":{"StopCount":757}},{"type":"Feature","geometry":{"type":"Polygon","coordinates":[[[-79.362938,43.646694],[-79.356723,43.646694],[-79.356723,43.651186],[-79.362938,43.651186],[-79.362938,43.646694]]]},"properties":{"StopCount":450}},{"type":"Feature","geometry":{"type":"Polygon","coordinates":[[[-79.356723,43.646694],[-79.350509,43.646694],[-79.350509,43.651186],[-79.356723,43.651186],[-79.356723,43.646694]]]},"properties":{"StopCount":554}},{"type":"Feature","geometry":{"type":"Polygon","coordinates":[[[-79.350509,43.646694],[-79.344295,43.646694],[-79.344295,43.651186],[-79.350509,43.651186],[-79.350509,43.646694]]]},"properties":{"StopCount":177}},{"type":"Feature","geometry":{"type":"Polygon","coordinates":[[[-79.344295,43.646694],[-79.338081,43.646694],[-79.338081,43.651186],[-79.344295,43.651186],[-79.344295,43.646694]]]},"properties":{"StopCount":294}},{"type":"Feature","geometry":{"type":"Polygon","coordinates":[[[-79.338081,43.646694],[-79.331867,43.646694],[-79.331867,43.651186],[-79.338081,43.651186],[-79.338081,43.646694]]]},"properties":{"StopCount":4}},{"type":"Feature","geometry":{"type":"Polygon","coordinates":[[[-79.331867,43.646694],[-79.325653,43.646694],[-79.325653,43.651186],[-79.331867,43.651186],[-79.331867,43.646694]]]},"properties":{"StopCount":44}},{"type":"Feature","geometry":{"type":"Polygon","coordinates":[[[-79.325653,43.646694],[-79.319439,43.646694],[-79.319439,43.651186],[-79.325653,43.651186],[-79.325653,43.646694]]]},"properties":{"StopCount":15}},{"type":"Feature","geometry":{"type":"Polygon","coordinates":[[[-79.605286,43.651186],[-79.599072,43.651186],[-79.599072,43.655677],[-79.605286,43.655677],[-79.605286,43.651186]]]},"properties":{"StopCount":259}},{"type":"Feature","geometry":{"type":"Polygon","coordinates":[[[-79.599072,43.651186],[-79.592858,43.651186],[-79.592858,43.655677],[-79.599072,43.655677],[-79.599072,43.651186]]]},"properties":{"StopCount":8}},{"type":"Feature","geometry":{"type":"Polygon","coordinates":[[[-79.586644,43.651186],[-79.58043,43.651186],[-79.58043,43.655677],[-79.586644,43.655677],[-79.586644,43.651186]]]},"properties":{"StopCount":78}},{"type":"Feature","geometry":{"type":"Polygon","coordinates":[[[-79.58043,43.651186],[-79.574216,43.651186],[-79.574216,43.655677],[-79.58043,43.655677],[-79.58043,43.651186]]]},"properties":{"StopCount":114}},{"type":"Feature","geometry":{"type":"Polygon","coordinates":[[[-79.574216,43.651186],[-79.568002,43.651186],[-79.568002,43.655677],[-79.574216,43.655677],[-79.574216,43.651186]]]},"properties":{"StopCount":234}},{"type":"Feature","geometry":{"type":"Polygon","coordinates":[[[-79.568002,43.651186],[-79.561788,43.651186],[-79.561788,43.655677],[-79.568002,43.655677],[-79.568002,43.651186]]]},"properties":{"StopCount":138}},{"type":"Feature","geometry":{"type":"Polygon","coordinates":[[[-79.561788,43.651186],[-79.555574,43.651186],[-79.555574,43.655677],[-79.561788,43.655677],[-79.561788,43.651186]]]},"properties":{"StopCount":82}},{"type":"Feature","geometry":{"type":"Polygon","coordinates":[[[-79.555574,43.651186],[-79.54936,43.651186],[-79.54936,43.655677],[-79.555574,43.655677],[-79.555574,43.651186]]]},"properties":{"StopCount":73}},{"type":"Feature","geometry":{"type":"Polygon","coordinates":[[[-79.54936,43.651186],[-79.543145,43.651186],[-79.543145,43.655677],[-79.54936,43.655677],[-79.54936,43.651186]]]},"properties":{"StopCount":56}},{"type":"Feature","geometry":{"type":"Polygon","coordinates":[[[-79.543145,43.651186],[-79.536931,43.651186],[-79.536931,43.655677],[-79.543145,43.655677],[-79.543145,43.651186]]]},"properties":{"StopCount":35}},{"type":"Feature","geometry":{"type":"Polygon","coordinates":[[[-79.536931,43.651186],[-79.530717,43.651186],[-79.530717,43.655677],[-79.536931,43.655677],[-79.536931,43.651186]]]},"properties":{"StopCount":28}},{"type":"Feature","geometry":{"type":"Polygon","coordinates":[[[-79.530717,43.651186],[-79.524503,43.651186],[-79.524503,43.655677],[-79.530717,43.655677],[-79.530717,43.651186]]]},"properties":{"StopCount":182}},{"type":"Feature","geometry":{"type":"Polygon","coordinates":[[[-79.524503,43.651186],[-79.518289,43.651186],[-79.518289,43.655677],[-79.524503,43.655677],[-79.524503,43.651186]]]},"properties":{"StopCount":122}},{"type":"Feature","geometry":{"type":"Polygon","coordinates":[[[-79.518289,43.651186],[-79.512075,43.651186],[-79.512075,43.655677],[-79.518289,43.655677],[-79.518289,43.651186]]]},"properties":{"StopCount":142}},{"type":"Feature","geometry":{"type":"Polygon","coordinates":[[[-79.512075,43.651186],[-79.505861,43.651186],[-79.505861,43.655677],[-79.512075,43.655677],[-79.512075,43.651186]]]},"properties":{"StopCount":118}},{"type":"Feature","geometry":{"type":"Polygon","coordinates":[[[-79.505861,43.651186],[-79.499647,43.651186],[-79.499647,43.655677],[-79.505861,43.655677],[-79.505861,43.651186]]]},"properties":{"StopCount":128}},{"type":"Feature","geometry":{"type":"Polygon","coordinates":[[[-79.499647,43.651186],[-79.493433,43.651186],[-79.493433,43.655677],[-79.499647,43.655677],[-79.499647,43.651186]]]},"properties":{"StopCount":51}},{"type":"Feature","geometry":{"type":"Polygon","coordinates":[[[-79.493433,43.651186],[-79.487219,43.651186],[-79.487219,43.655677],[-79.493433,43.655677],[-79.493433,43.651186]]]},"properties":{"StopCount":196}},{"type":"Feature","geometry":{"type":"Polygon","coordinates":[[[-79.487219,43.651186],[-79.481005,43.651186],[-79.481005,43.655677],[-79.487219,43.655677],[-79.487219,43.651186]]]},"properties":{"StopCount":298}},{"type":"Feature","geometry":{"type":"Polygon","coordinates":[[[-79.481005,43.651186],[-79.474791,43.651186],[-79.474791,43.655677],[-79.481005,43.655677],[-79.481005,43.651186]]]},"properties":{"StopCount":319}},{"type":"Feature","geometry":{"type":"Polygon","coordinates":[[[-79.474791,43.651186],[-79.468577,43.651186],[-79.468577,43.655677],[-79.474791,43.655677],[-79.474791,43.651186]]]},"properties":{"StopCount":357}},{"type":"Feature","geometry":{"type":"Polygon","coordinates":[[[-79.468577,43.651186],[-79.462363,43.651186],[-79.462363,43.655677],[-79.468577,43.655677],[-79.468577,43.651186]]]},"properties":{"StopCount":311}},{"type":"Feature","geometry":{"type":"Polygon","coordinates":[[[-79.462363,43.651186],[-79.456149,43.651186],[-79.456149,43.655677],[-79.462363,43.655677],[-79.462363,43.651186]]]},"properties":{"StopCount":401}},{"type":"Feature","geometry":{"type":"Polygon","coordinates":[[[-79.456149,43.651186],[-79.449934,43.651186],[-79.449934,43.655677],[-79.456149,43.655677],[-79.456149,43.651186]]]},"properties":{"StopCount":407}},{"type":"Feature","geometry":{"type":"Polygon","coordinates":[[[-79.449934,43.651186],[-79.44372,43.651186],[-79.44372,43.655677],[-79.449934,43.655677],[-79.449934,43.651186]]]},"properties":{"StopCount":465}},{"type":"Feature","geometry":{"type":"Polygon","coordinates":[[[-79.44372,43.651186],[-79.437506,43.651186],[-79.437506,43.655677],[-79.44372,43.655677],[-79.44372,43.651186]]]},"properties":{"StopCount":345}},{"type":"Feature","geometry":{"type":"Polygon","coordinates":[[[-79.437506,43.651186],[-79.431292,43.651186],[-79.431292,43.655677],[-79.437506,43.655677],[-79.437506,43.651186]]]},"properties":{"StopCount":434}},{"type":"Feature","geometry":{"type":"Polygon","coordinates":[[[-79.431292,43.651186],[-79.425078,43.651186],[-79.425078,43.655677],[-79.431292,43.655677],[-79.431292,43.651186]]]},"properties":{"StopCount":334}},{"type":"Feature","geometry":{"type":"Polygon","coordinates":[[[-79.425078,43.651186],[-79.418864,43.651186],[-79.418864,43.655677],[-79.425078,43.655677],[-79.425078,43.651186]]]},"properties":{"StopCount":514}},{"type":"Feature","geometry":{"type":"Polygon","coordinates":[[[-79.418864,43.651186],[-79.41265,43.651186],[-79.41265,43.655677],[-79.418864,43.655677],[-79.418864,43.651186]]]},"properties":{"StopCount":410}},{"type":"Feature","geometry":{"type":"Polygon","coordinates":[[[-79.41265,43.651186],[-79.406436,43.651186],[-79.406436,43.655677],[-79.41265,43.655677],[-79.41265,43.651186]]]},"properties":{"StopCount":562}},{"type":"Feature","geometry":{"type":"Polygon","coordinates":[[[-79.406436,43.651186],[-79.400222,43.651186],[-79.400222,43.655677],[-79.406436,43.655677],[-79.406436,43.651186]]]},"properties":{"StopCount":1382}},{"type":"Feature","geometry":{"type":"Polygon","coordinates":[[[-79.400222,43.651186],[-79.394008,43.651186],[-79.394008,43.655677],[-79.400222,43.655677],[-79.400222,43.651186]]]},"properties":{"StopCount":700}},{"type":"Feature","geometry":{"type":"Polygon","coordinates":[[[-79.394008,43.651186],[-79.387794,43.651186],[-79.387794,43.655677],[-79.394008,43.655677],[-79.394008,43.651186]]]},"properties":{"StopCount":938}},{"type":"Feature","geometry":{"type":"Polygon","coordinates":[[[-79.387794,43.651186],[-79.38158,43.651186],[-79.38158,43.655677],[-79.387794,43.655677],[-79.387794,43.651186]]]},"properties":{"StopCount":922}},{"type":"Feature","geometry":{"type":"Polygon","coordinates":[[[-79.38158,43.651186],[-79.375366,43.651186],[-79.375366,43.655677],[-79.38158,43.655677],[-79.38158,43.651186]]]},"properties":{"StopCount":1341}},{"type":"Feature","geometry":{"type":"Polygon","coordinates":[[[-79.375366,43.651186],[-79.369152,43.651186],[-79.369152,43.655677],[-79.375366,43.655677],[-79.375366,43.651186]]]},"properties":{"StopCount":1005}},{"type":"Feature","geometry":{"type":"Polygon","coordinates":[[[-79.369152,43.651186],[-79.362938,43.651186],[-79.362938,43.655677],[-79.369152,43.655677],[-79.369152,43.651186]]]},"properties":{"StopCount":950}},{"type":"Feature","geometry":{"type":"Polygon","coordinates":[[[-79.362938,43.651186],[-79.356723,43.651186],[-79.356723,43.655677],[-79.362938,43.655677],[-79.362938,43.651186]]]},"properties":{"StopCount":520}},{"type":"Feature","geometry":{"type":"Polygon","coordinates":[[[-79.356723,43.651186],[-79.350509,43.651186],[-79.350509,43.655677],[-79.356723,43.655677],[-79.356723,43.651186]]]},"properties":{"StopCount":331}},{"type":"Feature","geometry":{"type":"Polygon","coordinates":[[[-79.350509,43.651186],[-79.344295,43.651186],[-79.344295,43.655677],[-79.350509,43.655677],[-79.350509,43.651186]]]},"properties":{"StopCount":193}},{"type":"Feature","geometry":{"type":"Polygon","coordinates":[[[-79.344295,43.651186],[-79.338081,43.651186],[-79.338081,43.655677],[-79.344295,43.655677],[-79.344295,43.651186]]]},"properties":{"StopCount":2001}},{"type":"Feature","geometry":{"type":"Polygon","coordinates":[[[-79.338081,43.651186],[-79.331867,43.651186],[-79.331867,43.655677],[-79.338081,43.655677],[-79.338081,43.651186]]]},"properties":{"StopCount":739}},{"type":"Feature","geometry":{"type":"Polygon","coordinates":[[[-79.331867,43.651186],[-79.325653,43.651186],[-79.325653,43.655677],[-79.331867,43.655677],[-79.331867,43.651186]]]},"properties":{"StopCount":357}},{"type":"Feature","geometry":{"type":"Polygon","coordinates":[[[-79.325653,43.651186],[-79.319439,43.651186],[-79.319439,43.655677],[-79.325653,43.655677],[-79.325653,43.651186]]]},"properties":{"StopCount":161}},{"type":"Feature","geometry":{"type":"Polygon","coordinates":[[[-79.319439,43.651186],[-79.313225,43.651186],[-79.313225,43.655677],[-79.319439,43.655677],[-79.319439,43.651186]]]},"properties":{"StopCount":5}},{"type":"Feature","geometry":{"type":"Polygon","coordinates":[[[-79.599072,43.655677],[-79.592858,43.655677],[-79.592858,43.660169],[-79.599072,43.660169],[-79.599072,43.655677]]]},"properties":{"StopCount":16}},{"type":"Feature","geometry":{"type":"Polygon","coordinates":[[[-79.592858,43.655677],[-79.586644,43.655677],[-79.586644,43.660169],[-79.592858,43.660169],[-79.592858,43.655677]]]},"properties":{"StopCount":70}},{"type":"Feature","geometry":{"type":"Polygon","coordinates":[[[-79.586644,43.655677],[-79.58043,43.655677],[-79.58043,43.660169],[-79.586644,43.660169],[-79.586644,43.655677]]]},"properties":{"StopCount":90}},{"type":"Feature","geometry":{"type":"Polygon","coordinates":[[[-79.58043,43.655677],[-79.574216,43.655677],[-79.574216,43.660169],[-79.58043,43.660169],[-79.58043,43.655677]]]},"properties":{"StopCount":57}},{"type":"Feature","geometry":{"type":"Polygon","coordinates":[[[-79.574216,43.655677],[-79.568002,43.655677],[-79.568002,43.660169],[-79.574216,43.660169],[-79.574216,43.655677]]]},"properties":{"StopCount":162}},{"type":"Feature","geometry":{"type":"Polygon","coordinates":[[[-79.568002,43.655677],[-79.561788,43.655677],[-79.561788,43.660169],[-79.568002,43.660169],[-79.568002,43.655677]]]},"properties":{"StopCount":54}},{"type":"Feature","geometry":{"type":"Polygon","coordinates":[[[-79.561788,43.655677],[-79.555574,43.655677],[-79.555574,43.660169],[-79.561788,43.660169],[-79.561788,43.655677]]]},"properties":{"StopCount":98}},{"type":"Feature","geometry":{"type":"Polygon","coordinates":[[[-79.555574,43.655677],[-79.54936,43.655677],[-79.54936,43.660169],[-79.555574,43.660169],[-79.555574,43.655677]]]},"properties":{"StopCount":36}},{"type":"Feature","geometry":{"type":"Polygon","coordinates":[[[-79.54936,43.655677],[-79.543145,43.655677],[-79.543145,43.660169],[-79.54936,43.660169],[-79.54936,43.655677]]]},"properties":{"StopCount":49}},{"type":"Feature","geometry":{"type":"Polygon","coordinates":[[[-79.543145,43.655677],[-79.536931,43.655677],[-79.536931,43.660169],[-79.543145,43.660169],[-79.543145,43.655677]]]},"properties":{"StopCount":61}},{"type":"Feature","geometry":{"type":"Polygon","coordinates":[[[-79.536931,43.655677],[-79.530717,43.655677],[-79.530717,43.660169],[-79.536931,43.660169],[-79.536931,43.655677]]]},"properties":{"StopCount":55}},{"type":"Feature","geometry":{"type":"Polygon","coordinates":[[[-79.530717,43.655677],[-79.524503,43.655677],[-79.524503,43.660169],[-79.530717,43.660169],[-79.530717,43.655677]]]},"properties":{"StopCount":208}},{"type":"Feature","geometry":{"type":"Polygon","coordinates":[[[-79.524503,43.655677],[-79.518289,43.655677],[-79.518289,43.660169],[-79.524503,43.660169],[-79.524503,43.655677]]]},"properties":{"StopCount":209}},{"type":"Feature","geometry":{"type":"Polygon","coordinates":[[[-79.518289,43.655677],[-79.512075,43.655677],[-79.512075,43.660169],[-79.518289,43.660169],[-79.518289,43.655677]]]},"properties":{"StopCount":234}},{"type":"Feature","geometry":{"type":"Polygon","coordinates":[[[-79.512075,43.655677],[-79.505861,43.655677],[-79.505861,43.660169],[-79.512075,43.660169],[-79.512075,43.655677]]]},"properties":{"StopCount":147}},{"type":"Feature","geometry":{"type":"Polygon","coordinates":[[[-79.505861,43.655677],[-79.499647,43.655677],[-79.499647,43.660169],[-79.505861,43.660169],[-79.505861,43.655677]]]},"properties":{"StopCount":119}},{"type":"Feature","geometry":{"type":"Polygon","coordinates":[[[-79.499647,43.655677],[-79.493433,43.655677],[-79.493433,43.660169],[-79.499647,43.660169],[-79.499647,43.655677]]]},"properties":{"StopCount":83}},{"type":"Feature","geometry":{"type":"Polygon","coordinates":[[[-79.493433,43.655677],[-79.487219,43.655677],[-79.487219,43.660169],[-79.493433,43.660169],[-79.493433,43.655677]]]},"properties":{"StopCount":200}},{"type":"Feature","geometry":{"type":"Polygon","coordinates":[[[-79.487219,43.655677],[-79.481005,43.655677],[-79.481005,43.660169],[-79.487219,43.660169],[-79.487219,43.655677]]]},"properties":{"StopCount":253}},{"type":"Feature","geometry":{"type":"Polygon","coordinates":[[[-79.481005,43.655677],[-79.474791,43.655677],[-79.474791,43.660169],[-79.481005,43.660169],[-79.481005,43.655677]]]},"properties":{"StopCount":191}},{"type":"Feature","geometry":{"type":"Polygon","coordinates":[[[-79.474791,43.655677],[-79.468577,43.655677],[-79.468577,43.660169],[-79.474791,43.660169],[-79.474791,43.655677]]]},"properties":{"StopCount":220}},{"type":"Feature","geometry":{"type":"Polygon","coordinates":[[[-79.468577,43.655677],[-79.462363,43.655677],[-79.462363,43.660169],[-79.468577,43.660169],[-79.468577,43.655677]]]},"properties":{"StopCount":297}},{"type":"Feature","geometry":{"type":"Polygon","coordinates":[[[-79.462363,43.655677],[-79.456149,43.655677],[-79.456149,43.660169],[-79.462363,43.660169],[-79.462363,43.655677]]]},"properties":{"StopCount":237}},{"type":"Feature","geometry":{"type":"Polygon","coordinates":[[[-79.456149,43.655677],[-79.449934,43.655677],[-79.449934,43.660169],[-79.456149,43.660169],[-79.456149,43.655677]]]},"properties":{"StopCount":521}},{"type":"Feature","geometry":{"type":"Polygon","coordinates":[[[-79.449934,43.655677],[-79.44372,43.655677],[-79.44372,43.660169],[-79.449934,43.660169],[-79.449934,43.655677]]]},"properties":{"StopCount":336}},{"type":"Feature","geometry":{"type":"Polygon","coordinates":[[[-79.44372,43.655677],[-79.437506,43.655677],[-79.437506,43.660169],[-79.44372,43.660169],[-79.44372,43.655677]]]},"properties":{"StopCount":445}},{"type":"Feature","geometry":{"type":"Polygon","coordinates":[[[-79.437506,43.655677],[-79.431292,43.655677],[-79.431292,43.660169],[-79.437506,43.660169],[-79.437506,43.655677]]]},"properties":{"StopCount":512}},{"type":"Feature","geometry":{"type":"Polygon","coordinates":[[[-79.431292,43.655677],[-79.425078,43.655677],[-79.425078,43.660169],[-79.431292,43.660169],[-79.431292,43.655677]]]},"properties":{"StopCount":251}},{"type":"Feature","geometry":{"type":"Polygon","coordinates":[[[-79.425078,43.655677],[-79.418864,43.655677],[-79.418864,43.660169],[-79.425078,43.660169],[-79.425078,43.655677]]]},"properties":{"StopCount":344}},{"type":"Feature","geometry":{"type":"Polygon","coordinates":[[[-79.418864,43.655677],[-79.41265,43.655677],[-79.41265,43.660169],[-79.418864,43.660169],[-79.418864,43.655677]]]},"properties":{"StopCount":221}},{"type":"Feature","geometry":{"type":"Polygon","coordinates":[[[-79.41265,43.655677],[-79.406436,43.655677],[-79.406436,43.660169],[-79.41265,43.660169],[-79.41265,43.655677]]]},"properties":{"StopCount":587}},{"type":"Feature","geometry":{"type":"Polygon","coordinates":[[[-79.406436,43.655677],[-79.400222,43.655677],[-79.400222,43.660169],[-79.406436,43.660169],[-79.406436,43.655677]]]},"properties":{"StopCount":763}},{"type":"Feature","geometry":{"type":"Polygon","coordinates":[[[-79.400222,43.655677],[-79.394008,43.655677],[-79.394008,43.660169],[-79.400222,43.660169],[-79.400222,43.655677]]]},"properties":{"StopCount":1254}},{"type":"Feature","geometry":{"type":"Polygon","coordinates":[[[-79.394008,43.655677],[-79.387794,43.655677],[-79.387794,43.660169],[-79.394008,43.660169],[-79.394008,43.655677]]]},"properties":{"StopCount":981}},{"type":"Feature","geometry":{"type":"Polygon","coordinates":[[[-79.387794,43.655677],[-79.38158,43.655677],[-79.38158,43.660169],[-79.387794,43.660169],[-79.387794,43.655677]]]},"properties":{"StopCount":1526}},{"type":"Feature","geometry":{"type":"Polygon","coordinates":[[[-79.38158,43.655677],[-79.375366,43.655677],[-79.375366,43.660169],[-79.38158,43.660169],[-79.38158,43.655677]]]},"properties":{"StopCount":1426}},{"type":"Feature","geometry":{"type":"Polygon","coordinates":[[[-79.375366,43.655677],[-79.369152,43.655677],[-79.369152,43.660169],[-79.375366,43.660169],[-79.375366,43.655677]]]},"properties":{"StopCount":566}},{"type":"Feature","geometry":{"type":"Polygon","coordinates":[[[-79.369152,43.655677],[-79.362938,43.655677],[-79.362938,43.660169],[-79.369152,43.660169],[-79.369152,43.655677]]]},"properties":{"StopCount":561}},{"type":"Feature","geometry":{"type":"Polygon","coordinates":[[[-79.362938,43.655677],[-79.356723,43.655677],[-79.356723,43.660169],[-79.362938,43.660169],[-79.362938,43.655677]]]},"properties":{"StopCount":503}},{"type":"Feature","geometry":{"type":"Polygon","coordinates":[[[-79.356723,43.655677],[-79.350509,43.655677],[-79.350509,43.660169],[-79.356723,43.660169],[-79.356723,43.655677]]]},"properties":{"StopCount":550}},{"type":"Feature","geometry":{"type":"Polygon","coordinates":[[[-79.350509,43.655677],[-79.344295,43.655677],[-79.344295,43.660169],[-79.350509,43.660169],[-79.350509,43.655677]]]},"properties":{"StopCount":1321}},{"type":"Feature","geometry":{"type":"Polygon","coordinates":[[[-79.344295,43.655677],[-79.338081,43.655677],[-79.338081,43.660169],[-79.344295,43.660169],[-79.344295,43.655677]]]},"properties":{"StopCount":1158}},{"type":"Feature","geometry":{"type":"Polygon","coordinates":[[[-79.338081,43.655677],[-79.331867,43.655677],[-79.331867,43.660169],[-79.338081,43.660169],[-79.338081,43.655677]]]},"properties":{"StopCount":199}},{"type":"Feature","geometry":{"type":"Polygon","coordinates":[[[-79.331867,43.655677],[-79.325653,43.655677],[-79.325653,43.660169],[-79.331867,43.660169],[-79.331867,43.655677]]]},"properties":{"StopCount":2279}},{"type":"Feature","geometry":{"type":"Polygon","coordinates":[[[-79.325653,43.655677],[-79.319439,43.655677],[-79.319439,43.660169],[-79.325653,43.660169],[-79.325653,43.655677]]]},"properties":{"StopCount":202}},{"type":"Feature","geometry":{"type":"Polygon","coordinates":[[[-79.319439,43.655677],[-79.313225,43.655677],[-79.313225,43.660169],[-79.319439,43.660169],[-79.319439,43.655677]]]},"properties":{"StopCount":150}},{"type":"Feature","geometry":{"type":"Polygon","coordinates":[[[-79.313225,43.655677],[-79.307011,43.655677],[-79.307011,43.660169],[-79.313225,43.660169],[-79.313225,43.655677]]]},"properties":{"StopCount":181}},{"type":"Feature","geometry":{"type":"Polygon","coordinates":[[[-79.592858,43.660169],[-79.586644,43.660169],[-79.586644,43.66466],[-79.592858,43.66466],[-79.592858,43.660169]]]},"properties":{"StopCount":129}},{"type":"Feature","geometry":{"type":"Polygon","coordinates":[[[-79.586644,43.660169],[-79.58043,43.660169],[-79.58043,43.66466],[-79.586644,43.66466],[-79.586644,43.660169]]]},"properties":{"StopCount":306}},{"type":"Feature","geometry":{"type":"Polygon","coordinates":[[[-79.58043,43.660169],[-79.574216,43.660169],[-79.574216,43.66466],[-79.58043,43.66466],[-79.58043,43.660169]]]},"properties":{"StopCount":156}},{"type":"Feature","geometry":{"type":"Polygon","coordinates":[[[-79.574216,43.660169],[-79.568002,43.660169],[-79.568002,43.66466],[-79.574216,43.66466],[-79.574216,43.660169]]]},"properties":{"StopCount":133}},{"type":"Feature","geometry":{"type":"Polygon","coordinates":[[[-79.568002,43.660169],[-79.561788,43.660169],[-79.561788,43.66466],[-79.568002,43.66466],[-79.568002,43.660169]]]},"properties":{"StopCount":40}},{"type":"Feature","geometry":{"type":"Polygon","coordinates":[[[-79.561788,43.660169],[-79.555574,43.660169],[-79.555574,43.66466],[-79.561788,43.66466],[-79.561788,43.660169]]]},"properties":{"StopCount":42}},{"type":"Feature","geometry":{"type":"Polygon","coordinates":[[[-79.555574,43.660169],[-79.54936,43.660169],[-79.54936,43.66466],[-79.555574,43.66466],[-79.555574,43.660169]]]},"properties":{"StopCount":98}},{"type":"Feature","geometry":{"type":"Polygon","coordinates":[[[-79.54936,43.660169],[-79.543145,43.660169],[-79.543145,43.66466],[-79.54936,43.66466],[-79.54936,43.660169]]]},"properties":{"StopCount":33}},{"type":"Feature","geometry":{"type":"Polygon","coordinates":[[[-79.543145,43.660169],[-79.536931,43.660169],[-79.536931,43.66466],[-79.543145,43.66466],[-79.543145,43.660169]]]},"properties":{"StopCount":59}},{"type":"Feature","geometry":{"type":"Polygon","coordinates":[[[-79.536931,43.660169],[-79.530717,43.660169],[-79.530717,43.66466],[-79.536931,43.66466],[-79.536931,43.660169]]]},"properties":{"StopCount":152}},{"type":"Feature","geometry":{"type":"Polygon","coordinates":[[[-79.530717,43.660169],[-79.524503,43.660169],[-79.524503,43.66466],[-79.530717,43.66466],[-79.530717,43.660169]]]},"properties":{"StopCount":60}},{"type":"Feature","geometry":{"type":"Polygon","coordinates":[[[-79.524503,43.660169],[-79.518289,43.660169],[-79.518289,43.66466],[-79.524503,43.66466],[-79.524503,43.660169]]]},"properties":{"StopCount":278}},{"type":"Feature","geometry":{"type":"Polygon","coordinates":[[[-79.518289,43.660169],[-79.512075,43.660169],[-79.512075,43.66466],[-79.518289,43.66466],[-79.518289,43.660169]]]},"properties":{"StopCount":112}},{"type":"Feature","geometry":{"type":"Polygon","coordinates":[[[-79.512075,43.660169],[-79.505861,43.660169],[-79.505861,43.66466],[-79.512075,43.66466],[-79.512075,43.660169]]]},"properties":{"StopCount":180}},{"type":"Feature","geometry":{"type":"Polygon","coordinates":[[[-79.505861,43.660169],[-79.499647,43.660169],[-79.499647,43.66466],[-79.505861,43.66466],[-79.505861,43.660169]]]},"properties":{"StopCount":171}},{"type":"Feature","geometry":{"type":"Polygon","coordinates":[[[-79.499647,43.660169],[-79.493433,43.660169],[-79.493433,43.66466],[-79.499647,43.66466],[-79.499647,43.660169]]]},"properties":{"StopCount":76}},{"type":"Feature","geometry":{"type":"Polygon","coordinates":[[[-79.493433,43.660169],[-79.487219,43.660169],[-79.487219,43.66466],[-79.493433,43.66466],[-79.493433,43.660169]]]},"properties":{"StopCount":239}},{"type":"Feature","geometry":{"type":"Polygon","coordinates":[[[-79.487219,43.660169],[-79.481005,43.660169],[-79.481005,43.66466],[-79.487219,43.66466],[-79.487219,43.660169]]]},"properties":{"StopCount":175}},{"type":"Feature","geometry":{"type":"Polygon","coordinates":[[[-79.481005,43.660169],[-79.474791,43.660169],[-79.474791,43.66466],[-79.481005,43.66466],[-79.481005,43.660169]]]},"properties":{"StopCount":143}},{"type":"Feature","geometry":{"type":"Polygon","coordinates":[[[-79.474791,43.660169],[-79.468577,43.660169],[-79.468577,43.66466],[-79.474791,43.66466],[-79.474791,43.660169]]]},"properties":{"StopCount":211}},{"type":"Feature","geometry":{"type":"Polygon","coordinates":[[[-79.468577,43.660169],[-79.462363,43.660169],[-79.462363,43.66466],[-79.468577,43.66466],[-79.468577,43.660169]]]},"properties":{"StopCount":256}},{"type":"Feature","geometry":{"type":"Polygon","coordinates":[[[-79.462363,43.660169],[-79.456149,43.660169],[-79.456149,43.66466],[-79.462363,43.66466],[-79.462363,43.660169]]]},"properties":{"StopCount":204}},{"type":"Feature","geometry":{"type":"Polygon","coordinates":[[[-79.456149,43.660169],[-79.449934,43.660169],[-79.449934,43.66466],[-79.456149,43.66466],[-79.456149,43.660169]]]},"properties":{"StopCount":335}},{"type":"Feature","geometry":{"type":"Polygon","coordinates":[[[-79.449934,43.660169],[-79.44372,43.660169],[-79.44372,43.66466],[-79.449934,43.66466],[-79.449934,43.660169]]]},"properties":{"StopCount":263}},{"type":"Feature","geometry":{"type":"Polygon","coordinates":[[[-79.44372,43.660169],[-79.437506,43.660169],[-79.437506,43.66466],[-79.44372,43.66466],[-79.44372,43.660169]]]},"properties":{"StopCount":350}},{"type":"Feature","geometry":{"type":"Polygon","coordinates":[[[-79.437506,43.660169],[-79.431292,43.660169],[-79.431292,43.66466],[-79.437506,43.66466],[-79.437506,43.660169]]]},"properties":{"StopCount":380}},{"type":"Feature","geometry":{"type":"Polygon","coordinates":[[[-79.431292,43.660169],[-79.425078,43.660169],[-79.425078,43.66466],[-79.431292,43.66466],[-79.431292,43.660169]]]},"properties":{"StopCount":650}},{"type":"Feature","geometry":{"type":"Polygon","coordinates":[[[-79.425078,43.660169],[-79.418864,43.660169],[-79.418864,43.66466],[-79.425078,43.66466],[-79.425078,43.660169]]]},"properties":{"StopCount":333}},{"type":"Feature","geometry":{"type":"Polygon","coordinates":[[[-79.418864,43.660169],[-79.41265,43.660169],[-79.41265,43.66466],[-79.418864,43.66466],[-79.418864,43.660169]]]},"properties":{"StopCount":507}},{"type":"Feature","geometry":{"type":"Polygon","coordinates":[[[-79.41265,43.660169],[-79.406436,43.660169],[-79.406436,43.66466],[-79.41265,43.66466],[-79.41265,43.660169]]]},"properties":{"StopCount":357}},{"type":"Feature","geometry":{"type":"Polygon","coordinates":[[[-79.406436,43.660169],[-79.400222,43.660169],[-79.400222,43.66466],[-79.406436,43.66466],[-79.406436,43.660169]]]},"properties":{"StopCount":534}},{"type":"Feature","geometry":{"type":"Polygon","coordinates":[[[-79.400222,43.660169],[-79.394008,43.660169],[-79.394008,43.66466],[-79.400222,43.66466],[-79.400222,43.660169]]]},"properties":{"StopCount":567}},{"type":"Feature","geometry":{"type":"Polygon","coordinates":[[[-79.394008,43.660169],[-79.387794,43.660169],[-79.387794,43.66466],[-79.394008,43.66466],[-79.394008,43.660169]]]},"properties":{"StopCount":489}},{"type":"Feature","geometry":{"type":"Polygon","coordinates":[[[-79.387794,43.660169],[-79.38158,43.660169],[-79.38158,43.66466],[-79.387794,43.66466],[-79.387794,43.660169]]]},"properties":{"StopCount":1207}},{"type":"Feature","geometry":{"type":"Polygon","coordinates":[[[-79.38158,43.660169],[-79.375366,43.660169],[-79.375366,43.66466],[-79.38158,43.66466],[-79.38158,43.660169]]]},"properties":{"StopCount":846}},{"type":"Feature","geometry":{"type":"Polygon","coordinates":[[[-79.375366,43.660169],[-79.369152,43.660169],[-79.369152,43.66466],[-79.375366,43.66466],[-79.375366,43.660169]]]},"properties":{"StopCount":404}},{"type":"Feature","geometry":{"type":"Polygon","coordinates":[[[-79.369152,43.660169],[-79.362938,43.660169],[-79.362938,43.66466],[-79.369152,43.66466],[-79.369152,43.660169]]]},"properties":{"StopCount":633}},{"type":"Feature","geometry":{"type":"Polygon","coordinates":[[[-79.362938,43.660169],[-79.356723,43.660169],[-79.356723,43.66466],[-79.362938,43.66466],[-79.362938,43.660169]]]},"properties":{"StopCount":760}},{"type":"Feature","geometry":{"type":"Polygon","coordinates":[[[-79.356723,43.660169],[-79.350509,43.660169],[-79.350509,43.66466],[-79.356723,43.66466],[-79.356723,43.660169]]]},"properties":{"StopCount":373}},{"type":"Feature","geometry":{"type":"Polygon","coordinates":[[[-79.350509,43.660169],[-79.344295,43.660169],[-79.344295,43.66466],[-79.350509,43.66466],[-79.350509,43.660169]]]},"properties":{"StopCount":267}},{"type":"Feature","geometry":{"type":"Polygon","coordinates":[[[-79.344295,43.660169],[-79.338081,43.660169],[-79.338081,43.66466],[-79.344295,43.66466],[-79.344295,43.660169]]]},"properties":{"StopCount":628}},{"type":"Feature","geometry":{"type":"Polygon","coordinates":[[[-79.338081,43.660169],[-79.331867,43.660169],[-79.331867,43.66466],[-79.338081,43.66466],[-79.338081,43.660169]]]},"properties":{"StopCount":246}},{"type":"Feature","geometry":{"type":"Polygon","coordinates":[[[-79.331867,43.660169],[-79.325653,43.660169],[-79.325653,43.66466],[-79.331867,43.66466],[-79.331867,43.660169]]]},"properties":{"StopCount":862}},{"type":"Feature","geometry":{"type":"Polygon","coordinates":[[[-79.325653,43.660169],[-79.319439,43.660169],[-79.319439,43.66466],[-79.325653,43.66466],[-79.325653,43.660169]]]},"properties":{"StopCount":513}},{"type":"Feature","geometry":{"type":"Polygon","coordinates":[[[-79.319439,43.660169],[-79.313225,43.660169],[-79.313225,43.66466],[-79.319439,43.66466],[-79.319439,43.660169]]]},"properties":{"StopCount":158}},{"type":"Feature","geometry":{"type":"Polygon","coordinates":[[[-79.313225,43.660169],[-79.307011,43.660169],[-79.307011,43.66466],[-79.313225,43.66466],[-79.313225,43.660169]]]},"properties":{"StopCount":139}},{"type":"Feature","geometry":{"type":"Polygon","coordinates":[[[-79.307011,43.660169],[-79.300797,43.660169],[-79.300797,43.66466],[-79.307011,43.66466],[-79.307011,43.660169]]]},"properties":{"StopCount":7}},{"type":"Feature","geometry":{"type":"Polygon","coordinates":[[[-79.592858,43.66466],[-79.586644,43.66466],[-79.586644,43.669152],[-79.592858,43.669152],[-79.592858,43.66466]]]},"properties":{"StopCount":16}},{"type":"Feature","geometry":{"type":"Polygon","coordinates":[[[-79.586644,43.66466],[-79.58043,43.66466],[-79.58043,43.669152],[-79.586644,43.669152],[-79.586644,43.66466]]]},"properties":{"StopCount":151}},{"type":"Feature","geometry":{"type":"Polygon","coordinates":[[[-79.58043,43.66466],[-79.574216,43.66466],[-79.574216,43.669152],[-79.58043,43.669152],[-79.58043,43.66466]]]},"properties":{"StopCount":141}},{"type":"Feature","geometry":{"type":"Polygon","coordinates":[[[-79.574216,43.66466],[-79.568002,43.66466],[-79.568002,43.669152],[-79.574216,43.669152],[-79.574216,43.66466]]]},"properties":{"StopCount":87}},{"type":"Feature","geometry":{"type":"Polygon","coordinates":[[[-79.568002,43.66466],[-79.561788,43.66466],[-79.561788,43.669152],[-79.568002,43.669152],[-79.568002,43.66466]]]},"properties":{"StopCount":75}},{"type":"Feature","geometry":{"type":"Polygon","coordinates":[[[-79.561788,43.66466],[-79.555574,43.66466],[-79.555574,43.669152],[-79.561788,43.669152],[-79.561788,43.66466]]]},"properties":{"StopCount":55}},{"type":"Feature","geometry":{"type":"Polygon","coordinates":[[[-79.555574,43.66466],[-79.54936,43.66466],[-79.54936,43.669152],[-79.555574,43.669152],[-79.555574,43.66466]]]},"properties":{"StopCount":32}},{"type":"Feature","geometry":{"type":"Polygon","coordinates":[[[-79.54936,43.66466],[-79.543145,43.66466],[-79.543145,43.669152],[-79.54936,43.669152],[-79.54936,43.66466]]]},"properties":{"StopCount":148}},{"type":"Feature","geometry":{"type":"Polygon","coordinates":[[[-79.543145,43.66466],[-79.536931,43.66466],[-79.536931,43.669152],[-79.543145,43.669152],[-79.543145,43.66466]]]},"properties":{"StopCount":96}},{"type":"Feature","geometry":{"type":"Polygon","coordinates":[[[-79.536931,43.66466],[-79.530717,43.66466],[-79.530717,43.669152],[-79.536931,43.669152],[-79.536931,43.66466]]]},"properties":{"StopCount":91}},{"type":"Feature","geometry":{"type":"Polygon","coordinates":[[[-79.530717,43.66466],[-79.524503,43.66466],[-79.524503,43.669152],[-79.530717,43.669152],[-79.530717,43.66466]]]},"properties":{"StopCount":62}},{"type":"Feature","geometry":{"type":"Polygon","coordinates":[[[-79.524503,43.66466],[-79.518289,43.66466],[-79.518289,43.669152],[-79.524503,43.669152],[-79.524503,43.66466]]]},"properties":{"StopCount":183}},{"type":"Feature","geometry":{"type":"Polygon","coordinates":[[[-79.518289,43.66466],[-79.512075,43.66466],[-79.512075,43.669152],[-79.518289,43.669152],[-79.518289,43.66466]]]},"properties":{"StopCount":27}},{"type":"Feature","geometry":{"type":"Polygon","coordinates":[[[-79.512075,43.66466],[-79.505861,43.66466],[-79.505861,43.669152],[-79.512075,43.669152],[-79.512075,43.66466]]]},"properties":{"StopCount":12}},{"type":"Feature","geometry":{"type":"Polygon","coordinates":[[[-79.505861,43.66466],[-79.499647,43.66466],[-79.499647,43.669152],[-79.505861,43.669152],[-79.505861,43.66466]]]},"properties":{"StopCount":113}},{"type":"Feature","geometry":{"type":"Polygon","coordinates":[[[-79.499647,43.66466],[-79.493433,43.66466],[-79.493433,43.669152],[-79.499647,43.669152],[-79.499647,43.66466]]]},"properties":{"StopCount":301}},{"type":"Feature","geometry":{"type":"Polygon","coordinates":[[[-79.493433,43.66466],[-79.487219,43.66466],[-79.487219,43.669152],[-79.493433,43.669152],[-79.493433,43.66466]]]},"properties":{"StopCount":467}},{"type":"Feature","geometry":{"type":"Polygon","coordinates":[[[-79.487219,43.66466],[-79.481005,43.66466],[-79.481005,43.669152],[-79.487219,43.669152],[-79.487219,43.66466]]]},"properties":{"StopCount":687}},{"type":"Feature","geometry":{"type":"Polygon","coordinates":[[[-79.481005,43.66466],[-79.474791,43.66466],[-79.474791,43.669152],[-79.481005,43.669152],[-79.481005,43.66466]]]},"properties":{"StopCount":162}},{"type":"Feature","geometry":{"type":"Polygon","coordinates":[[[-79.474791,43.66466],[-79.468577,43.66466],[-79.468577,43.669152],[-79.474791,43.669152],[-79.474791,43.66466]]]},"properties":{"StopCount":343}},{"type":"Feature","geometry":{"type":"Polygon","coordinates":[[[-79.468577,43.66466],[-79.462363,43.66466],[-79.462363,43.669152],[-79.468577,43.669152],[-79.468577,43.66466]]]},"properties":{"StopCount":456}},{"type":"Feature","geometry":{"type":"Polygon","coordinates":[[[-79.462363,43.66466],[-79.456149,43.66466],[-79.456149,43.669152],[-79.462363,43.669152],[-79.462363,43.66466]]]},"properties":{"StopCount":353}},{"type":"Feature","geometry":{"type":"Polygon","coordinates":[[[-79.456149,43.66466],[-79.449934,43.66466],[-79.449934,43.669152],[-79.456149,43.669152],[-79.456149,43.66466]]]},"properties":{"StopCount":373}},{"type":"Feature","geometry":{"type":"Polygon","coordinates":[[[-79.449934,43.66466],[-79.44372,43.66466],[-79.44372,43.669152],[-79.449934,43.669152],[-79.449934,43.66466]]]},"properties":{"StopCount":552}},{"type":"Feature","geometry":{"type":"Polygon","coordinates":[[[-79.44372,43.66466],[-79.437506,43.66466],[-79.437506,43.669152],[-79.44372,43.669152],[-79.44372,43.66466]]]},"properties":{"StopCount":489}},{"type":"Feature","geometry":{"type":"Polygon","coordinates":[[[-79.437506,43.66466],[-79.431292,43.66466],[-79.431292,43.669152],[-79.437506,43.669152],[-79.437506,43.66466]]]},"properties":{"StopCount":255}},{"type":"Feature","geometry":{"type":"Polygon","coordinates":[[[-79.431292,43.66466],[-79.425078,43.66466],[-79.425078,43.669152],[-79.431292,43.669152],[-79.431292,43.66466]]]},"properties":{"StopCount":222}},{"type":"Feature","geometry":{"type":"Polygon","coordinates":[[[-79.425078,43.66466],[-79.418864,43.66466],[-79.418864,43.669152],[-79.425078,43.669152],[-79.425078,43.66466]]]},"properties":{"StopCount":308}},{"type":"Feature","geometry":{"type":"Polygon","coordinates":[[[-79.418864,43.66466],[-79.41265,43.66466],[-79.41265,43.669152],[-79.418864,43.669152],[-79.418864,43.66466]]]},"properties":{"StopCount":270}},{"type":"Feature","geometry":{"type":"Polygon","coordinates":[[[-79.41265,43.66466],[-79.406436,43.66466],[-79.406436,43.669152],[-79.41265,43.669152],[-79.41265,43.66466]]]},"properties":{"StopCount":748}},{"type":"Feature","geometry":{"type":"Polygon","coordinates":[[[-79.406436,43.66466],[-79.400222,43.66466],[-79.400222,43.669152],[-79.406436,43.669152],[-79.406436,43.66466]]]},"properties":{"StopCount":907}},{"type":"Feature","geometry":{"type":"Polygon","coordinates":[[[-79.400222,43.66466],[-79.394008,43.66466],[-79.394008,43.669152],[-79.400222,43.669152],[-79.400222,43.66466]]]},"properties":{"StopCount":916}},{"type":"Feature","geometry":{"type":"Polygon","coordinates":[[[-79.394008,43.66466],[-79.387794,43.66466],[-79.387794,43.669152],[-79.394008,43.669152],[-79.394008,43.66466]]]},"properties":{"StopCount":557}},{"type":"Feature","geometry":{"type":"Polygon","coordinates":[[[-79.387794,43.66466],[-79.38158,43.66466],[-79.38158,43.669152],[-79.387794,43.669152],[-79.387794,43.66466]]]},"properties":{"StopCount":1235}},{"type":"Feature","geometry":{"type":"Polygon","coordinates":[[[-79.38158,43.66466],[-79.375366,43.66466],[-79.375366,43.669152],[-79.38158,43.669152],[-79.38158,43.66466]]]},"properties":{"StopCount":735}},{"type":"Feature","geometry":{"type":"Polygon","coordinates":[[[-79.375366,43.66466],[-79.369152,43.66466],[-79.369152,43.669152],[-79.375366,43.669152],[-79.375366,43.66466]]]},"properties":{"StopCount":620}},{"type":"Feature","geometry":{"type":"Polygon","coordinates":[[[-79.369152,43.66466],[-79.362938,43.66466],[-79.362938,43.669152],[-79.369152,43.669152],[-79.369152,43.66466]]]},"properties":{"StopCount":400}},{"type":"Feature","geometry":{"type":"Polygon","coordinates":[[[-79.362938,43.66466],[-79.356723,43.66466],[-79.356723,43.669152],[-79.362938,43.669152],[-79.362938,43.66466]]]},"properties":{"StopCount":102}},{"type":"Feature","geometry":{"type":"Polygon","coordinates":[[[-79.356723,43.66466],[-79.350509,43.66466],[-79.350509,43.669152],[-79.356723,43.669152],[-79.356723,43.66466]]]},"properties":{"StopCount":471}},{"type":"Feature","geometry":{"type":"Polygon","coordinates":[[[-79.350509,43.66466],[-79.344295,43.66466],[-79.344295,43.669152],[-79.350509,43.669152],[-79.350509,43.66466]]]},"properties":{"StopCount":531}},{"type":"Feature","geometry":{"type":"Polygon","coordinates":[[[-79.344295,43.66466],[-79.338081,43.66466],[-79.338081,43.669152],[-79.344295,43.669152],[-79.344295,43.66466]]]},"properties":{"StopCount":1175}},{"type":"Feature","geometry":{"type":"Polygon","coordinates":[[[-79.338081,43.66466],[-79.331867,43.66466],[-79.331867,43.669152],[-79.338081,43.669152],[-79.338081,43.66466]]]},"properties":{"StopCount":252}},{"type":"Feature","geometry":{"type":"Polygon","coordinates":[[[-79.331867,43.66466],[-79.325653,43.66466],[-79.325653,43.669152],[-79.331867,43.669152],[-79.331867,43.66466]]]},"properties":{"StopCount":136}},{"type":"Feature","geometry":{"type":"Polygon","coordinates":[[[-79.325653,43.66466],[-79.319439,43.66466],[-79.319439,43.669152],[-79.325653,43.669152],[-79.325653,43.66466]]]},"properties":{"StopCount":347}},{"type":"Feature","geometry":{"type":"Polygon","coordinates":[[[-79.319439,43.66466],[-79.313225,43.66466],[-79.313225,43.669152],[-79.319439,43.669152],[-79.319439,43.66466]]]},"properties":{"StopCount":455}},{"type":"Feature","geometry":{"type":"Polygon","coordinates":[[[-79.313225,43.66466],[-79.307011,43.66466],[-79.307011,43.669152],[-79.313225,43.669152],[-79.313225,43.66466]]]},"properties":{"StopCount":248}},{"type":"Feature","geometry":{"type":"Polygon","coordinates":[[[-79.307011,43.66466],[-79.300797,43.66466],[-79.300797,43.669152],[-79.307011,43.669152],[-79.307011,43.66466]]]},"properties":{"StopCount":295}},{"type":"Feature","geometry":{"type":"Polygon","coordinates":[[[-79.300797,43.66466],[-79.294583,43.66466],[-79.294583,43.669152],[-79.300797,43.669152],[-79.300797,43.66466]]]},"properties":{"StopCount":81}},{"type":"Feature","geometry":{"type":"Polygon","coordinates":[[[-79.294583,43.66466],[-79.288369,43.66466],[-79.288369,43.669152],[-79.294583,43.669152],[-79.294583,43.66466]]]},"properties":{"StopCount":98}},{"type":"Feature","geometry":{"type":"Polygon","coordinates":[[[-79.599072,43.669152],[-79.592858,43.669152],[-79.592858,43.673644],[-79.599072,43.673644],[-79.599072,43.669152]]]},"properties":{"StopCount":130}},{"type":"Feature","geometry":{"type":"Polygon","coordinates":[[[-79.592858,43.669152],[-79.586644,43.669152],[-79.586644,43.673644],[-79.592858,43.673644],[-79.592858,43.669152]]]},"properties":{"StopCount":578}},{"type":"Feature","geometry":{"type":"Polygon","coordinates":[[[-79.586644,43.669152],[-79.58043,43.669152],[-79.58043,43.673644],[-79.586644,43.673644],[-79.586644,43.669152]]]},"properties":{"StopCount":70}},{"type":"Feature","geometry":{"type":"Polygon","coordinates":[[[-79.58043,43.669152],[-79.574216,43.669152],[-79.574216,43.673644],[-79.58043,43.673644],[-79.58043,43.669152]]]},"properties":{"StopCount":12}},{"type":"Feature","geometry":{"type":"Polygon","coordinates":[[[-79.574216,43.669152],[-79.568002,43.669152],[-79.568002,43.673644],[-79.574216,43.673644],[-79.574216,43.669152]]]},"properties":{"StopCount":54}},{"type":"Feature","geometry":{"type":"Polygon","coordinates":[[[-79.568002,43.669152],[-79.561788,43.669152],[-79.561788,43.673644],[-79.568002,43.673644],[-79.568002,43.669152]]]},"properties":{"StopCount":160}},{"type":"Feature","geometry":{"type":"Polygon","coordinates":[[[-79.561788,43.669152],[-79.555574,43.669152],[-79.555574,43.673644],[-79.561788,43.673644],[-79.561788,43.669152]]]},"properties":{"StopCount":130}},{"type":"Feature","geometry":{"type":"Polygon","coordinates":[[[-79.555574,43.669152],[-79.54936,43.669152],[-79.54936,43.673644],[-79.555574,43.673644],[-79.555574,43.669152]]]},"properties":{"StopCount":81}},{"type":"Feature","geometry":{"type":"Polygon","coordinates":[[[-79.54936,43.669152],[-79.543145,43.669152],[-79.543145,43.673644],[-79.54936,43.673644],[-79.54936,43.669152]]]},"properties":{"StopCount":99}},{"type":"Feature","geometry":{"type":"Polygon","coordinates":[[[-79.543145,43.669152],[-79.536931,43.669152],[-79.536931,43.673644],[-79.543145,43.673644],[-79.543145,43.669152]]]},"properties":{"StopCount":59}},{"type":"Feature","geometry":{"type":"Polygon","coordinates":[[[-79.536931,43.669152],[-79.530717,43.669152],[-79.530717,43.673644],[-79.536931,43.673644],[-79.536931,43.669152]]]},"properties":{"StopCount":70}},{"type":"Feature","geometry":{"type":"Polygon","coordinates":[[[-79.530717,43.669152],[-79.524503,43.669152],[-79.524503,43.673644],[-79.530717,43.673644],[-79.530717,43.669152]]]},"properties":{"StopCount":41}},{"type":"Feature","geometry":{"type":"Polygon","coordinates":[[[-79.524503,43.669152],[-79.518289,43.669152],[-79.518289,43.673644],[-79.524503,43.673644],[-79.524503,43.669152]]]},"properties":{"StopCount":91}},{"type":"Feature","geometry":{"type":"Polygon","coordinates":[[[-79.518289,43.669152],[-79.512075,43.669152],[-79.512075,43.673644],[-79.518289,43.673644],[-79.518289,43.669152]]]},"properties":{"StopCount":77}},{"type":"Feature","geometry":{"type":"Polygon","coordinates":[[[-79.505861,43.669152],[-79.499647,43.669152],[-79.499647,43.673644],[-79.505861,43.673644],[-79.505861,43.669152]]]},"properties":{"StopCount":68}},{"type":"Feature","geometry":{"type":"Polygon","coordinates":[[[-79.499647,43.669152],[-79.493433,43.669152],[-79.493433,43.673644],[-79.499647,43.673644],[-79.499647,43.669152]]]},"properties":{"StopCount":116}},{"type":"Feature","geometry":{"type":"Polygon","coordinates":[[[-79.493433,43.669152],[-79.487219,43.669152],[-79.487219,43.673644],[-79.493433,43.673644],[-79.493433,43.669152]]]},"properties":{"StopCount":226}},{"type":"Feature","geometry":{"type":"Polygon","coordinates":[[[-79.487219,43.669152],[-79.481005,43.669152],[-79.481005,43.673644],[-79.487219,43.673644],[-79.487219,43.669152]]]},"properties":{"StopCount":215}},{"type":"Feature","geometry":{"type":"Polygon","coordinates":[[[-79.481005,43.669152],[-79.474791,43.669152],[-79.474791,43.673644],[-79.481005,43.673644],[-79.481005,43.669152]]]},"properties":{"StopCount":237}},{"type":"Feature","geometry":{"type":"Polygon","coordinates":[[[-79.474791,43.669152],[-79.468577,43.669152],[-79.468577,43.673644],[-79.474791,43.673644],[-79.474791,43.669152]]]},"properties":{"StopCount":696}},{"type":"Feature","geometry":{"type":"Polygon","coordinates":[[[-79.468577,43.669152],[-79.462363,43.669152],[-79.462363,43.673644],[-79.468577,43.673644],[-79.468577,43.669152]]]},"properties":{"StopCount":543}},{"type":"Feature","geometry":{"type":"Polygon","coordinates":[[[-79.462363,43.669152],[-79.456149,43.669152],[-79.456149,43.673644],[-79.462363,43.673644],[-79.462363,43.669152]]]},"properties":{"StopCount":292}},{"type":"Feature","geometry":{"type":"Polygon","coordinates":[[[-79.456149,43.669152],[-79.449934,43.669152],[-79.449934,43.673644],[-79.456149,43.673644],[-79.456149,43.669152]]]},"properties":{"StopCount":224}},{"type":"Feature","geometry":{"type":"Polygon","coordinates":[[[-79.449934,43.669152],[-79.44372,43.669152],[-79.44372,43.673644],[-79.449934,43.673644],[-79.449934,43.669152]]]},"properties":{"StopCount":336}},{"type":"Feature","geometry":{"type":"Polygon","coordinates":[[[-79.44372,43.669152],[-79.437506,43.669152],[-79.437506,43.673644],[-79.44372,43.673644],[-79.44372,43.669152]]]},"properties":{"StopCount":254}},{"type":"Feature","geometry":{"type":"Polygon","coordinates":[[[-79.437506,43.669152],[-79.431292,43.669152],[-79.431292,43.673644],[-79.437506,43.673644],[-79.437506,43.669152]]]},"properties":{"StopCount":238}},{"type":"Feature","geometry":{"type":"Polygon","coordinates":[[[-79.431292,43.669152],[-79.425078,43.669152],[-79.425078,43.673644],[-79.431292,43.673644],[-79.431292,43.669152]]]},"properties":{"StopCount":216}},{"type":"Feature","geometry":{"type":"Polygon","coordinates":[[[-79.425078,43.669152],[-79.418864,43.669152],[-79.418864,43.673644],[-79.425078,43.673644],[-79.425078,43.669152]]]},"properties":{"StopCount":449}},{"type":"Feature","geometry":{"type":"Polygon","coordinates":[[[-79.418864,43.669152],[-79.41265,43.669152],[-79.41265,43.673644],[-79.418864,43.673644],[-79.418864,43.669152]]]},"properties":{"StopCount":564}},{"type":"Feature","geometry":{"type":"Polygon","coordinates":[[[-79.41265,43.669152],[-79.406436,43.669152],[-79.406436,43.673644],[-79.41265,43.673644],[-79.41265,43.669152]]]},"properties":{"StopCount":266}},{"type":"Feature","geometry":{"type":"Polygon","coordinates":[[[-79.406436,43.669152],[-79.400222,43.669152],[-79.400222,43.673644],[-79.406436,43.673644],[-79.406436,43.669152]]]},"properties":{"StopCount":532}},{"type":"Feature","geometry":{"type":"Polygon","coordinates":[[[-79.400222,43.669152],[-79.394008,43.669152],[-79.394008,43.673644],[-79.400222,43.673644],[-79.400222,43.669152]]]},"properties":{"StopCount":779}},{"type":"Feature","geometry":{"type":"Polygon","coordinates":[[[-79.394008,43.669152],[-79.387794,43.669152],[-79.387794,43.673644],[-79.394008,43.673644],[-79.394008,43.669152]]]},"properties":{"StopCount":1492}},{"type":"Feature","geometry":{"type":"Polygon","coordinates":[[[-79.387794,43.669152],[-79.38158,43.669152],[-79.38158,43.673644],[-79.387794,43.673644],[-79.387794,43.669152]]]},"properties":{"StopCount":1128}},{"type":"Feature","geometry":{"type":"Polygon","coordinates":[[[-79.38158,43.669152],[-79.375366,43.669152],[-79.375366,43.673644],[-79.38158,43.673644],[-79.38158,43.669152]]]},"properties":{"StopCount":750}},{"type":"Feature","geometry":{"type":"Polygon","coordinates":[[[-79.375366,43.669152],[-79.369152,43.669152],[-79.369152,43.673644],[-79.375366,43.673644],[-79.375366,43.669152]]]},"properties":{"StopCount":349}},{"type":"Feature","geometry":{"type":"Polygon","coordinates":[[[-79.369152,43.669152],[-79.362938,43.669152],[-79.362938,43.673644],[-79.369152,43.673644],[-79.369152,43.669152]]]},"properties":{"StopCount":76}},{"type":"Feature","geometry":{"type":"Polygon","coordinates":[[[-79.362938,43.669152],[-79.356723,43.669152],[-79.356723,43.673644],[-79.362938,43.673644],[-79.362938,43.669152]]]},"properties":{"StopCount":45}},{"type":"Feature","geometry":{"type":"Polygon","coordinates":[[[-79.356723,43.669152],[-79.350509,43.669152],[-79.350509,43.673644],[-79.356723,43.673644],[-79.356723,43.669152]]]},"properties":{"StopCount":367}},{"type":"Feature","geometry":{"type":"Polygon","coordinates":[[[-79.350509,43.669152],[-79.344295,43.669152],[-79.344295,43.673644],[-79.350509,43.673644],[-79.350509,43.669152]]]},"properties":{"StopCount":322}},{"type":"Feature","geometry":{"type":"Polygon","coordinates":[[[-79.344295,43.669152],[-79.338081,43.669152],[-79.338081,43.673644],[-79.344295,43.673644],[-79.344295,43.669152]]]},"properties":{"StopCount":567}},{"type":"Feature","geometry":{"type":"Polygon","coordinates":[[[-79.338081,43.669152],[-79.331867,43.669152],[-79.331867,43.673644],[-79.338081,43.673644],[-79.338081,43.669152]]]},"properties":{"StopCount":197}},{"type":"Feature","geometry":{"type":"Polygon","coordinates":[[[-79.331867,43.669152],[-79.325653,43.669152],[-79.325653,43.673644],[-79.331867,43.673644],[-79.331867,43.669152]]]},"properties":{"StopCount":242}},{"type":"Feature","geometry":{"type":"Polygon","coordinates":[[[-79.325653,43.669152],[-79.319439,43.669152],[-79.319439,43.673644],[-79.325653,43.673644],[-79.325653,43.669152]]]},"properties":{"StopCount":282}},{"type":"Feature","geometry":{"type":"Polygon","coordinates":[[[-79.319439,43.669152],[-79.313225,43.669152],[-79.313225,43.673644],[-79.319439,43.673644],[-79.319439,43.669152]]]},"properties":{"StopCount":250}},{"type":"Feature","geometry":{"type":"Polygon","coordinates":[[[-79.313225,43.669152],[-79.307011,43.669152],[-79.307011,43.673644],[-79.313225,43.673644],[-79.313225,43.669152]]]},"properties":{"StopCount":144}},{"type":"Feature","geometry":{"type":"Polygon","coordinates":[[[-79.307011,43.669152],[-79.300797,43.669152],[-79.300797,43.673644],[-79.307011,43.673644],[-79.307011,43.669152]]]},"properties":{"StopCount":502}},{"type":"Feature","geometry":{"type":"Polygon","coordinates":[[[-79.300797,43.669152],[-79.294583,43.669152],[-79.294583,43.673644],[-79.300797,43.673644],[-79.300797,43.669152]]]},"properties":{"StopCount":376}},{"type":"Feature","geometry":{"type":"Polygon","coordinates":[[[-79.294583,43.669152],[-79.288369,43.669152],[-79.288369,43.673644],[-79.294583,43.673644],[-79.294583,43.669152]]]},"properties":{"StopCount":280}},{"type":"Feature","geometry":{"type":"Polygon","coordinates":[[[-79.288369,43.669152],[-79.282155,43.669152],[-79.282155,43.673644],[-79.288369,43.673644],[-79.288369,43.669152]]]},"properties":{"StopCount":208}},{"type":"Feature","geometry":{"type":"Polygon","coordinates":[[[-79.282155,43.669152],[-79.275941,43.669152],[-79.275941,43.673644],[-79.282155,43.673644],[-79.282155,43.669152]]]},"properties":{"StopCount":50}},{"type":"Feature","geometry":{"type":"Polygon","coordinates":[[[-79.599072,43.673644],[-79.592858,43.673644],[-79.592858,43.678135],[-79.599072,43.678135],[-79.599072,43.673644]]]},"properties":{"StopCount":38}},{"type":"Feature","geometry":{"type":"Polygon","coordinates":[[[-79.592858,43.673644],[-79.586644,43.673644],[-79.586644,43.678135],[-79.592858,43.678135],[-79.592858,43.673644]]]},"properties":{"StopCount":554}},{"type":"Feature","geometry":{"type":"Polygon","coordinates":[[[-79.586644,43.673644],[-79.58043,43.673644],[-79.58043,43.678135],[-79.586644,43.678135],[-79.586644,43.673644]]]},"properties":{"StopCount":566}},{"type":"Feature","geometry":{"type":"Polygon","coordinates":[[[-79.574216,43.673644],[-79.568002,43.673644],[-79.568002,43.678135],[-79.574216,43.678135],[-79.574216,43.673644]]]},"properties":{"StopCount":116}},{"type":"Feature","geometry":{"type":"Polygon","coordinates":[[[-79.568002,43.673644],[-79.561788,43.673644],[-79.561788,43.678135],[-79.568002,43.678135],[-79.568002,43.673644]]]},"properties":{"StopCount":182}},{"type":"Feature","geometry":{"type":"Polygon","coordinates":[[[-79.561788,43.673644],[-79.555574,43.673644],[-79.555574,43.678135],[-79.561788,43.678135],[-79.561788,43.673644]]]},"properties":{"StopCount":373}},{"type":"Feature","geometry":{"type":"Polygon","coordinates":[[[-79.555574,43.673644],[-79.54936,43.673644],[-79.54936,43.678135],[-79.555574,43.678135],[-79.555574,43.673644]]]},"properties":{"StopCount":130}},{"type":"Feature","geometry":{"type":"Polygon","coordinates":[[[-79.54936,43.673644],[-79.543145,43.673644],[-79.543145,43.678135],[-79.54936,43.678135],[-79.54936,43.673644]]]},"properties":{"StopCount":142}},{"type":"Feature","geometry":{"type":"Polygon","coordinates":[[[-79.543145,43.673644],[-79.536931,43.673644],[-79.536931,43.678135],[-79.543145,43.678135],[-79.543145,43.673644]]]},"properties":{"StopCount":134}},{"type":"Feature","geometry":{"type":"Polygon","coordinates":[[[-79.536931,43.673644],[-79.530717,43.673644],[-79.530717,43.678135],[-79.536931,43.678135],[-79.536931,43.673644]]]},"properties":{"StopCount":23}},{"type":"Feature","geometry":{"type":"Polygon","coordinates":[[[-79.530717,43.673644],[-79.524503,43.673644],[-79.524503,43.678135],[-79.530717,43.678135],[-79.530717,43.673644]]]},"properties":{"StopCount":49}},{"type":"Feature","geometry":{"type":"Polygon","coordinates":[[[-79.524503,43.673644],[-79.518289,43.673644],[-79.518289,43.678135],[-79.524503,43.678135],[-79.524503,43.673644]]]},"properties":{"StopCount":81}},{"type":"Feature","geometry":{"type":"Polygon","coordinates":[[[-79.518289,43.673644],[-79.512075,43.673644],[-79.512075,43.678135],[-79.518289,43.678135],[-79.518289,43.673644]]]},"properties":{"StopCount":60}},{"type":"Feature","geometry":{"type":"Polygon","coordinates":[[[-79.512075,43.673644],[-79.505861,43.673644],[-79.505861,43.678135],[-79.512075,43.678135],[-79.512075,43.673644]]]},"properties":{"StopCount":137}},{"type":"Feature","geometry":{"type":"Polygon","coordinates":[[[-79.505861,43.673644],[-79.499647,43.673644],[-79.499647,43.678135],[-79.505861,43.678135],[-79.505861,43.673644]]]},"properties":{"StopCount":125}},{"type":"Feature","geometry":{"type":"Polygon","coordinates":[[[-79.499647,43.673644],[-79.493433,43.673644],[-79.493433,43.678135],[-79.499647,43.678135],[-79.499647,43.673644]]]},"properties":{"StopCount":296}},{"type":"Feature","geometry":{"type":"Polygon","coordinates":[[[-79.493433,43.673644],[-79.487219,43.673644],[-79.487219,43.678135],[-79.493433,43.678135],[-79.493433,43.673644]]]},"properties":{"StopCount":89}},{"type":"Feature","geometry":{"type":"Polygon","coordinates":[[[-79.487219,43.673644],[-79.481005,43.673644],[-79.481005,43.678135],[-79.487219,43.678135],[-79.487219,43.673644]]]},"properties":{"StopCount":443}},{"type":"Feature","geometry":{"type":"Polygon","coordinates":[[[-79.481005,43.673644],[-79.474791,43.673644],[-79.474791,43.678135],[-79.481005,43.678135],[-79.481005,43.673644]]]},"properties":{"StopCount":193}},{"type":"Feature","geometry":{"type":"Polygon","coordinates":[[[-79.474791,43.673644],[-79.468577,43.673644],[-79.468577,43.678135],[-79.474791,43.678135],[-79.474791,43.673644]]]},"properties":{"StopCount":199}},{"type":"Feature","geometry":{"type":"Polygon","coordinates":[[[-79.468577,43.673644],[-79.462363,43.673644],[-79.462363,43.678135],[-79.468577,43.678135],[-79.468577,43.673644]]]},"properties":{"StopCount":224}},{"type":"Feature","geometry":{"type":"Polygon","coordinates":[[[-79.462363,43.673644],[-79.456149,43.673644],[-79.456149,43.678135],[-79.462363,43.678135],[-79.462363,43.673644]]]},"properties":{"StopCount":321}},{"type":"Feature","geometry":{"type":"Polygon","coordinates":[[[-79.456149,43.673644],[-79.449934,43.673644],[-79.449934,43.678135],[-79.456149,43.678135],[-79.456149,43.673644]]]},"properties":{"StopCount":225}},{"type":"Feature","geometry":{"type":"Polygon","coordinates":[[[-79.449934,43.673644],[-79.44372,43.673644],[-79.44372,43.678135],[-79.449934,43.678135],[-79.449934,43.673644]]]},"properties":{"StopCount":436}},{"type":"Feature","geometry":{"type":"Polygon","coordinates":[[[-79.44372,43.673644],[-79.437506,43.673644],[-79.437506,43.678135],[-79.44372,43.678135],[-79.44372,43.673644]]]},"properties":{"StopCount":330}},{"type":"Feature","geometry":{"type":"Polygon","coordinates":[[[-79.437506,43.673644],[-79.431292,43.673644],[-79.431292,43.678135],[-79.437506,43.678135],[-79.437506,43.673644]]]},"properties":{"StopCount":261}},{"type":"Feature","geometry":{"type":"Polygon","coordinates":[[[-79.431292,43.673644],[-79.425078,43.673644],[-79.425078,43.678135],[-79.431292,43.678135],[-79.431292,43.673644]]]},"properties":{"StopCount":231}},{"type":"Feature","geometry":{"type":"Polygon","coordinates":[[[-79.425078,43.673644],[-79.418864,43.673644],[-79.418864,43.678135],[-79.425078,43.678135],[-79.425078,43.673644]]]},"properties":{"StopCount":697}},{"type":"Feature","geometry":{"type":"Polygon","coordinates":[[[-79.418864,43.673644],[-79.41265,43.673644],[-79.41265,43.678135],[-79.418864,43.678135],[-79.418864,43.673644]]]},"properties":{"StopCount":1632}},{"type":"Feature","geometry":{"type":"Polygon","coordinates":[[[-79.41265,43.673644],[-79.406436,43.673644],[-79.406436,43.678135],[-79.41265,43.678135],[-79.41265,43.673644]]]},"properties":{"StopCount":758}},{"type":"Feature","geometry":{"type":"Polygon","coordinates":[[[-79.406436,43.673644],[-79.400222,43.673644],[-79.400222,43.678135],[-79.406436,43.678135],[-79.406436,43.673644]]]},"properties":{"StopCount":584}},{"type":"Feature","geometry":{"type":"Polygon","coordinates":[[[-79.400222,43.673644],[-79.394008,43.673644],[-79.394008,43.678135],[-79.400222,43.678135],[-79.400222,43.673644]]]},"properties":{"StopCount":450}},{"type":"Feature","geometry":{"type":"Polygon","coordinates":[[[-79.394008,43.673644],[-79.387794,43.673644],[-79.387794,43.678135],[-79.394008,43.678135],[-79.394008,43.673644]]]},"properties":{"StopCount":977}},{"type":"Feature","geometry":{"type":"Polygon","coordinates":[[[-79.387794,43.673644],[-79.38158,43.673644],[-79.38158,43.678135],[-79.387794,43.678135],[-79.387794,43.673644]]]},"properties":{"StopCount":145}},{"type":"Feature","geometry":{"type":"Polygon","coordinates":[[[-79.38158,43.673644],[-79.375366,43.673644],[-79.375366,43.678135],[-79.38158,43.678135],[-79.38158,43.673644]]]},"properties":{"StopCount":154}},{"type":"Feature","geometry":{"type":"Polygon","coordinates":[[[-79.375366,43.673644],[-79.369152,43.673644],[-79.369152,43.678135],[-79.375366,43.678135],[-79.375366,43.673644]]]},"properties":{"StopCount":126}},{"type":"Feature","geometry":{"type":"Polygon","coordinates":[[[-79.369152,43.673644],[-79.362938,43.673644],[-79.362938,43.678135],[-79.369152,43.678135],[-79.369152,43.673644]]]},"properties":{"StopCount":87}},{"type":"Feature","geometry":{"type":"Polygon","coordinates":[[[-79.362938,43.673644],[-79.356723,43.673644],[-79.356723,43.678135],[-79.362938,43.678135],[-79.362938,43.673644]]]},"properties":{"StopCount":609}},{"type":"Feature","geometry":{"type":"Polygon","coordinates":[[[-79.356723,43.673644],[-79.350509,43.673644],[-79.350509,43.678135],[-79.356723,43.678135],[-79.356723,43.673644]]]},"properties":{"StopCount":532}},{"type":"Feature","geometry":{"type":"Polygon","coordinates":[[[-79.350509,43.673644],[-79.344295,43.673644],[-79.344295,43.678135],[-79.350509,43.678135],[-79.350509,43.673644]]]},"properties":{"StopCount":314}},{"type":"Feature","geometry":{"type":"Polygon","coordinates":[[[-79.344295,43.673644],[-79.338081,43.673644],[-79.338081,43.678135],[-79.344295,43.678135],[-79.344295,43.673644]]]},"properties":{"StopCount":370}},{"type":"Feature","geometry":{"type":"Polygon","coordinates":[[[-79.338081,43.673644],[-79.331867,43.673644],[-79.331867,43.678135],[-79.338081,43.678135],[-79.338081,43.673644]]]},"properties":{"StopCount":198}},{"type":"Feature","geometry":{"type":"Polygon","coordinates":[[[-79.331867,43.673644],[-79.325653,43.673644],[-79.325653,43.678135],[-79.331867,43.678135],[-79.331867,43.673644]]]},"properties":{"StopCount":421}},{"type":"Feature","geometry":{"type":"Polygon","coordinates":[[[-79.325653,43.673644],[-79.319439,43.673644],[-79.319439,43.678135],[-79.325653,43.678135],[-79.325653,43.673644]]]},"properties":{"StopCount":210}},{"type":"Feature","geometry":{"type":"Polygon","coordinates":[[[-79.319439,43.673644],[-79.313225,43.673644],[-79.313225,43.678135],[-79.319439,43.678135],[-79.319439,43.673644]]]},"properties":{"StopCount":234}},{"type":"Feature","geometry":{"type":"Polygon","coordinates":[[[-79.313225,43.673644],[-79.307011,43.673644],[-79.307011,43.678135],[-79.313225,43.678135],[-79.313225,43.673644]]]},"properties":{"StopCount":179}},{"type":"Feature","geometry":{"type":"Polygon","coordinates":[[[-79.307011,43.673644],[-79.300797,43.673644],[-79.300797,43.678135],[-79.307011,43.678135],[-79.307011,43.673644]]]},"properties":{"StopCount":437}},{"type":"Feature","geometry":{"type":"Polygon","coordinates":[[[-79.300797,43.673644],[-79.294583,43.673644],[-79.294583,43.678135],[-79.300797,43.678135],[-79.300797,43.673644]]]},"properties":{"StopCount":317}},{"type":"Feature","geometry":{"type":"Polygon","coordinates":[[[-79.294583,43.673644],[-79.288369,43.673644],[-79.288369,43.678135],[-79.294583,43.678135],[-79.294583,43.673644]]]},"properties":{"StopCount":150}},{"type":"Feature","geometry":{"type":"Polygon","coordinates":[[[-79.288369,43.673644],[-79.282155,43.673644],[-79.282155,43.678135],[-79.288369,43.678135],[-79.288369,43.673644]]]},"properties":{"StopCount":231}},{"type":"Feature","geometry":{"type":"Polygon","coordinates":[[[-79.282155,43.673644],[-79.275941,43.673644],[-79.275941,43.678135],[-79.282155,43.678135],[-79.282155,43.673644]]]},"properties":{"StopCount":139}},{"type":"Feature","geometry":{"type":"Polygon","coordinates":[[[-79.275941,43.673644],[-79.269727,43.673644],[-79.269727,43.678135],[-79.275941,43.678135],[-79.275941,43.673644]]]},"properties":{"StopCount":38}},{"type":"Feature","geometry":{"type":"Polygon","coordinates":[[[-79.599072,43.678135],[-79.592858,43.678135],[-79.592858,43.682627],[-79.599072,43.682627],[-79.599072,43.678135]]]},"properties":{"StopCount":102}},{"type":"Feature","geometry":{"type":"Polygon","coordinates":[[[-79.592858,43.678135],[-79.586644,43.678135],[-79.586644,43.682627],[-79.592858,43.682627],[-79.592858,43.678135]]]},"properties":{"StopCount":1170}},{"type":"Feature","geometry":{"type":"Polygon","coordinates":[[[-79.586644,43.678135],[-79.58043,43.678135],[-79.58043,43.682627],[-79.586644,43.682627],[-79.586644,43.678135]]]},"properties":{"StopCount":736}},{"type":"Feature","geometry":{"type":"Polygon","coordinates":[[[-79.58043,43.678135],[-79.574216,43.678135],[-79.574216,43.682627],[-79.58043,43.682627],[-79.58043,43.678135]]]},"properties":{"StopCount":5}},{"type":"Feature","geometry":{"type":"Polygon","coordinates":[[[-79.574216,43.678135],[-79.568002,43.678135],[-79.568002,43.682627],[-79.574216,43.682627],[-79.574216,43.678135]]]},"properties":{"StopCount":106}},{"type":"Feature","geometry":{"type":"Polygon","coordinates":[[[-79.568002,43.678135],[-79.561788,43.678135],[-79.561788,43.682627],[-79.568002,43.682627],[-79.568002,43.678135]]]},"properties":{"StopCount":95}},{"type":"Feature","geometry":{"type":"Polygon","coordinates":[[[-79.561788,43.678135],[-79.555574,43.678135],[-79.555574,43.682627],[-79.561788,43.682627],[-79.561788,43.678135]]]},"properties":{"StopCount":81}},{"type":"Feature","geometry":{"type":"Polygon","coordinates":[[[-79.555574,43.678135],[-79.54936,43.678135],[-79.54936,43.682627],[-79.555574,43.682627],[-79.555574,43.678135]]]},"properties":{"StopCount":116}},{"type":"Feature","geometry":{"type":"Polygon","coordinates":[[[-79.54936,43.678135],[-79.543145,43.678135],[-79.543145,43.682627],[-79.54936,43.682627],[-79.54936,43.678135]]]},"properties":{"StopCount":186}},{"type":"Feature","geometry":{"type":"Polygon","coordinates":[[[-79.543145,43.678135],[-79.536931,43.678135],[-79.536931,43.682627],[-79.543145,43.682627],[-79.543145,43.678135]]]},"properties":{"StopCount":159}},{"type":"Feature","geometry":{"type":"Polygon","coordinates":[[[-79.536931,43.678135],[-79.530717,43.678135],[-79.530717,43.682627],[-79.536931,43.682627],[-79.536931,43.678135]]]},"properties":{"StopCount":41}},{"type":"Feature","geometry":{"type":"Polygon","coordinates":[[[-79.530717,43.678135],[-79.524503,43.678135],[-79.524503,43.682627],[-79.530717,43.682627],[-79.530717,43.678135]]]},"properties":{"StopCount":116}},{"type":"Feature","geometry":{"type":"Polygon","coordinates":[[[-79.524503,43.678135],[-79.518289,43.678135],[-79.518289,43.682627],[-79.524503,43.682627],[-79.524503,43.678135]]]},"properties":{"StopCount":140}},{"type":"Feature","geometry":{"type":"Polygon","coordinates":[[[-79.518289,43.678135],[-79.512075,43.678135],[-79.512075,43.682627],[-79.518289,43.682627],[-79.518289,43.678135]]]},"properties":{"StopCount":103}},{"type":"Feature","geometry":{"type":"Polygon","coordinates":[[[-79.512075,43.678135],[-79.505861,43.678135],[-79.505861,43.682627],[-79.512075,43.682627],[-79.512075,43.678135]]]},"properties":{"StopCount":233}},{"type":"Feature","geometry":{"type":"Polygon","coordinates":[[[-79.505861,43.678135],[-79.499647,43.678135],[-79.499647,43.682627],[-79.505861,43.682627],[-79.505861,43.678135]]]},"properties":{"StopCount":67}},{"type":"Feature","geometry":{"type":"Polygon","coordinates":[[[-79.499647,43.678135],[-79.493433,43.678135],[-79.493433,43.682627],[-79.499647,43.682627],[-79.499647,43.678135]]]},"properties":{"StopCount":177}},{"type":"Feature","geometry":{"type":"Polygon","coordinates":[[[-79.493433,43.678135],[-79.487219,43.678135],[-79.487219,43.682627],[-79.493433,43.682627],[-79.493433,43.678135]]]},"properties":{"StopCount":100}},{"type":"Feature","geometry":{"type":"Polygon","coordinates":[[[-79.487219,43.678135],[-79.481005,43.678135],[-79.481005,43.682627],[-79.487219,43.682627],[-79.487219,43.678135]]]},"properties":{"StopCount":312}},{"type":"Feature","geometry":{"type":"Polygon","coordinates":[[[-79.481005,43.678135],[-79.474791,43.678135],[-79.474791,43.682627],[-79.481005,43.682627],[-79.481005,43.678135]]]},"properties":{"StopCount":339}},{"type":"Feature","geometry":{"type":"Polygon","coordinates":[[[-79.474791,43.678135],[-79.468577,43.678135],[-79.468577,43.682627],[-79.474791,43.682627],[-79.474791,43.678135]]]},"properties":{"StopCount":548}},{"type":"Feature","geometry":{"type":"Polygon","coordinates":[[[-79.468577,43.678135],[-79.462363,43.678135],[-79.462363,43.682627],[-79.468577,43.682627],[-79.468577,43.678135]]]},"properties":{"StopCount":364}},{"type":"Feature","geometry":{"type":"Polygon","coordinates":[[[-79.462363,43.678135],[-79.456149,43.678135],[-79.456149,43.682627],[-79.462363,43.682627],[-79.462363,43.678135]]]},"properties":{"StopCount":184}},{"type":"Feature","geometry":{"type":"Polygon","coordinates":[[[-79.456149,43.678135],[-79.449934,43.678135],[-79.449934,43.682627],[-79.456149,43.682627],[-79.456149,43.678135]]]},"properties":{"StopCount":164}},{"type":"Feature","geometry":{"type":"Polygon","coordinates":[[[-79.449934,43.678135],[-79.44372,43.678135],[-79.44372,43.682627],[-79.449934,43.682627],[-79.449934,43.678135]]]},"properties":{"StopCount":287}},{"type":"Feature","geometry":{"type":"Polygon","coordinates":[[[-79.44372,43.678135],[-79.437506,43.678135],[-79.437506,43.682627],[-79.44372,43.682627],[-79.44372,43.678135]]]},"properties":{"StopCount":266}},{"type":"Feature","geometry":{"type":"Polygon","coordinates":[[[-79.437506,43.678135],[-79.431292,43.678135],[-79.431292,43.682627],[-79.437506,43.682627],[-79.437506,43.678135]]]},"properties":{"StopCount":487}},{"type":"Feature","geometry":{"type":"Polygon","coordinates":[[[-79.431292,43.678135],[-79.425078,43.678135],[-79.425078,43.682627],[-79.431292,43.682627],[-79.431292,43.678135]]]},"properties":{"StopCount":369}},{"type":"Feature","geometry":{"type":"Polygon","coordinates":[[[-79.425078,43.678135],[-79.418864,43.678135],[-79.418864,43.682627],[-79.425078,43.682627],[-79.425078,43.678135]]]},"properties":{"StopCount":312}},{"type":"Feature","geometry":{"type":"Polygon","coordinates":[[[-79.418864,43.678135],[-79.41265,43.678135],[-79.41265,43.682627],[-79.418864,43.682627],[-79.418864,43.678135]]]},"properties":{"StopCount":303}},{"type":"Feature","geometry":{"type":"Polygon","coordinates":[[[-79.41265,43.678135],[-79.406436,43.678135],[-79.406436,43.682627],[-79.41265,43.682627],[-79.41265,43.678135]]]},"properties":{"StopCount":207}},{"type":"Feature","geometry":{"type":"Polygon","coordinates":[[[-79.406436,43.678135],[-79.400222,43.678135],[-79.400222,43.682627],[-79.406436,43.682627],[-79.406436,43.678135]]]},"properties":{"StopCount":159}},{"type":"Feature","geometry":{"type":"Polygon","coordinates":[[[-79.400222,43.678135],[-79.394008,43.678135],[-79.394008,43.682627],[-79.400222,43.682627],[-79.400222,43.678135]]]},"properties":{"StopCount":234}},{"type":"Feature","geometry":{"type":"Polygon","coordinates":[[[-79.394008,43.678135],[-79.387794,43.678135],[-79.387794,43.682627],[-79.394008,43.682627],[-79.394008,43.678135]]]},"properties":{"StopCount":532}},{"type":"Feature","geometry":{"type":"Polygon","coordinates":[[[-79.387794,43.678135],[-79.38158,43.678135],[-79.38158,43.682627],[-79.387794,43.682627],[-79.387794,43.678135]]]},"properties":{"StopCount":97}},{"type":"Feature","geometry":{"type":"Polygon","coordinates":[[[-79.38158,43.678135],[-79.375366,43.678135],[-79.375366,43.682627],[-79.38158,43.682627],[-79.38158,43.678135]]]},"properties":{"StopCount":55}},{"type":"Feature","geometry":{"type":"Polygon","coordinates":[[[-79.375366,43.678135],[-79.369152,43.678135],[-79.369152,43.682627],[-79.375366,43.682627],[-79.375366,43.678135]]]},"properties":{"StopCount":49}},{"type":"Feature","geometry":{"type":"Polygon","coordinates":[[[-79.369152,43.678135],[-79.362938,43.678135],[-79.362938,43.682627],[-79.369152,43.682627],[-79.369152,43.678135]]]},"properties":{"StopCount":81}},{"type":"Feature","geometry":{"type":"Polygon","coordinates":[[[-79.362938,43.678135],[-79.356723,43.678135],[-79.356723,43.682627],[-79.362938,43.682627],[-79.362938,43.678135]]]},"properties":{"StopCount":259}},{"type":"Feature","geometry":{"type":"Polygon","coordinates":[[[-79.356723,43.678135],[-79.350509,43.678135],[-79.350509,43.682627],[-79.356723,43.682627],[-79.356723,43.678135]]]},"properties":{"StopCount":253}},{"type":"Feature","geometry":{"type":"Polygon","coordinates":[[[-79.350509,43.678135],[-79.344295,43.678135],[-79.344295,43.682627],[-79.350509,43.682627],[-79.350509,43.678135]]]},"properties":{"StopCount":902}},{"type":"Feature","geometry":{"type":"Polygon","coordinates":[[[-79.344295,43.678135],[-79.338081,43.678135],[-79.338081,43.682627],[-79.344295,43.682627],[-79.344295,43.678135]]]},"properties":{"StopCount":599}},{"type":"Feature","geometry":{"type":"Polygon","coordinates":[[[-79.338081,43.678135],[-79.331867,43.678135],[-79.331867,43.682627],[-79.338081,43.682627],[-79.338081,43.678135]]]},"properties":{"StopCount":507}},{"type":"Feature","geometry":{"type":"Polygon","coordinates":[[[-79.331867,43.678135],[-79.325653,43.678135],[-79.325653,43.682627],[-79.331867,43.682627],[-79.331867,43.678135]]]},"properties":{"StopCount":500}},{"type":"Feature","geometry":{"type":"Polygon","coordinates":[[[-79.325653,43.678135],[-79.319439,43.678135],[-79.319439,43.682627],[-79.325653,43.682627],[-79.325653,43.678135]]]},"properties":{"StopCount":356}},{"type":"Feature","geometry":{"type":"Polygon","coordinates":[[[-79.319439,43.678135],[-79.313225,43.678135],[-79.313225,43.682627],[-79.319439,43.682627],[-79.319439,43.678135]]]},"properties":{"StopCount":98}},{"type":"Feature","geometry":{"type":"Polygon","coordinates":[[[-79.313225,43.678135],[-79.307011,43.678135],[-79.307011,43.682627],[-79.313225,43.682627],[-79.313225,43.678135]]]},"properties":{"StopCount":272}},{"type":"Feature","geometry":{"type":"Polygon","coordinates":[[[-79.307011,43.678135],[-79.300797,43.678135],[-79.300797,43.682627],[-79.307011,43.682627],[-79.307011,43.678135]]]},"properties":{"StopCount":160}},{"type":"Feature","geometry":{"type":"Polygon","coordinates":[[[-79.300797,43.678135],[-79.294583,43.678135],[-79.294583,43.682627],[-79.300797,43.682627],[-79.300797,43.678135]]]},"properties":{"StopCount":268}},{"type":"Feature","geometry":{"type":"Polygon","coordinates":[[[-79.294583,43.678135],[-79.288369,43.678135],[-79.288369,43.682627],[-79.294583,43.682627],[-79.294583,43.678135]]]},"properties":{"StopCount":184}},{"type":"Feature","geometry":{"type":"Polygon","coordinates":[[[-79.288369,43.678135],[-79.282155,43.678135],[-79.282155,43.682627],[-79.288369,43.682627],[-79.288369,43.678135]]]},"properties":{"StopCount":308}},{"type":"Feature","geometry":{"type":"Polygon","coordinates":[[[-79.282155,43.678135],[-79.275941,43.678135],[-79.275941,43.682627],[-79.282155,43.682627],[-79.282155,43.678135]]]},"properties":{"StopCount":253}},{"type":"Feature","geometry":{"type":"Polygon","coordinates":[[[-79.275941,43.678135],[-79.269727,43.678135],[-79.269727,43.682627],[-79.275941,43.682627],[-79.275941,43.678135]]]},"properties":{"StopCount":27}},{"type":"Feature","geometry":{"type":"Polygon","coordinates":[[[-79.605286,43.682627],[-79.599072,43.682627],[-79.599072,43.687118],[-79.605286,43.687118],[-79.605286,43.682627]]]},"properties":{"StopCount":15}},{"type":"Feature","geometry":{"type":"Polygon","coordinates":[[[-79.599072,43.682627],[-79.592858,43.682627],[-79.592858,43.687118],[-79.599072,43.687118],[-79.599072,43.682627]]]},"properties":{"StopCount":716}},{"type":"Feature","geometry":{"type":"Polygon","coordinates":[[[-79.592858,43.682627],[-79.586644,43.682627],[-79.586644,43.687118],[-79.592858,43.687118],[-79.592858,43.682627]]]},"properties":{"StopCount":147}},{"type":"Feature","geometry":{"type":"Polygon","coordinates":[[[-79.586644,43.682627],[-79.58043,43.682627],[-79.58043,43.687118],[-79.586644,43.687118],[-79.586644,43.682627]]]},"properties":{"StopCount":446}},{"type":"Feature","geometry":{"type":"Polygon","coordinates":[[[-79.58043,43.682627],[-79.574216,43.682627],[-79.574216,43.687118],[-79.58043,43.687118],[-79.58043,43.682627]]]},"properties":{"StopCount":167}},{"type":"Feature","geometry":{"type":"Polygon","coordinates":[[[-79.574216,43.682627],[-79.568002,43.682627],[-79.568002,43.687118],[-79.574216,43.687118],[-79.574216,43.682627]]]},"properties":{"StopCount":174}},{"type":"Feature","geometry":{"type":"Polygon","coordinates":[[[-79.568002,43.682627],[-79.561788,43.682627],[-79.561788,43.687118],[-79.568002,43.687118],[-79.568002,43.682627]]]},"properties":{"StopCount":382}},{"type":"Feature","geometry":{"type":"Polygon","coordinates":[[[-79.561788,43.682627],[-79.555574,43.682627],[-79.555574,43.687118],[-79.561788,43.687118],[-79.561788,43.682627]]]},"properties":{"StopCount":103}},{"type":"Feature","geometry":{"type":"Polygon","coordinates":[[[-79.555574,43.682627],[-79.54936,43.682627],[-79.54936,43.687118],[-79.555574,43.687118],[-79.555574,43.682627]]]},"properties":{"StopCount":38}},{"type":"Feature","geometry":{"type":"Polygon","coordinates":[[[-79.54936,43.682627],[-79.543145,43.682627],[-79.543145,43.687118],[-79.54936,43.687118],[-79.54936,43.682627]]]},"properties":{"StopCount":84}},{"type":"Feature","geometry":{"type":"Polygon","coordinates":[[[-79.543145,43.682627],[-79.536931,43.682627],[-79.536931,43.687118],[-79.543145,43.687118],[-79.543145,43.682627]]]},"properties":{"StopCount":73}},{"type":"Feature","geometry":{"type":"Polygon","coordinates":[[[-79.536931,43.682627],[-79.530717,43.682627],[-79.530717,43.687118],[-79.536931,43.687118],[-79.536931,43.682627]]]},"properties":{"StopCount":80}},{"type":"Feature","geometry":{"type":"Polygon","coordinates":[[[-79.530717,43.682627],[-79.524503,43.682627],[-79.524503,43.687118],[-79.530717,43.687118],[-79.530717,43.682627]]]},"properties":{"StopCount":212}},{"type":"Feature","geometry":{"type":"Polygon","coordinates":[[[-79.524503,43.682627],[-79.518289,43.682627],[-79.518289,43.687118],[-79.524503,43.687118],[-79.524503,43.682627]]]},"properties":{"StopCount":214}},{"type":"Feature","geometry":{"type":"Polygon","coordinates":[[[-79.518289,43.682627],[-79.512075,43.682627],[-79.512075,43.687118],[-79.518289,43.687118],[-79.518289,43.682627]]]},"properties":{"StopCount":233}},{"type":"Feature","geometry":{"type":"Polygon","coordinates":[[[-79.512075,43.682627],[-79.505861,43.682627],[-79.505861,43.687118],[-79.512075,43.687118],[-79.512075,43.682627]]]},"properties":{"StopCount":30}},{"type":"Feature","geometry":{"type":"Polygon","coordinates":[[[-79.505861,43.682627],[-79.499647,43.682627],[-79.499647,43.687118],[-79.505861,43.687118],[-79.505861,43.682627]]]},"properties":{"StopCount":54}},{"type":"Feature","geometry":{"type":"Polygon","coordinates":[[[-79.499647,43.682627],[-79.493433,43.682627],[-79.493433,43.687118],[-79.499647,43.687118],[-79.499647,43.682627]]]},"properties":{"StopCount":109}},{"type":"Feature","geometry":{"type":"Polygon","coordinates":[[[-79.493433,43.682627],[-79.487219,43.682627],[-79.487219,43.687118],[-79.493433,43.687118],[-79.493433,43.682627]]]},"properties":{"StopCount":197}},{"type":"Feature","geometry":{"type":"Polygon","coordinates":[[[-79.487219,43.682627],[-79.481005,43.682627],[-79.481005,43.687118],[-79.487219,43.687118],[-79.487219,43.682627]]]},"properties":{"StopCount":315}},{"type":"Feature","geometry":{"type":"Polygon","coordinates":[[[-79.481005,43.682627],[-79.474791,43.682627],[-79.474791,43.687118],[-79.481005,43.687118],[-79.481005,43.682627]]]},"properties":{"StopCount":166}},{"type":"Feature","geometry":{"type":"Polygon","coordinates":[[[-79.474791,43.682627],[-79.468577,43.682627],[-79.468577,43.687118],[-79.474791,43.687118],[-79.474791,43.682627]]]},"properties":{"StopCount":330}},{"type":"Feature","geometry":{"type":"Polygon","coordinates":[[[-79.468577,43.682627],[-79.462363,43.682627],[-79.462363,43.687118],[-79.468577,43.687118],[-79.468577,43.682627]]]},"properties":{"StopCount":279}},{"type":"Feature","geometry":{"type":"Polygon","coordinates":[[[-79.462363,43.682627],[-79.456149,43.682627],[-79.456149,43.687118],[-79.462363,43.687118],[-79.462363,43.682627]]]},"properties":{"StopCount":168}},{"type":"Feature","geometry":{"type":"Polygon","coordinates":[[[-79.456149,43.682627],[-79.449934,43.682627],[-79.449934,43.687118],[-79.456149,43.687118],[-79.456149,43.682627]]]},"properties":{"StopCount":146}},{"type":"Feature","geometry":{"type":"Polygon","coordinates":[[[-79.449934,43.682627],[-79.44372,43.682627],[-79.44372,43.687118],[-79.449934,43.687118],[-79.449934,43.682627]]]},"properties":{"StopCount":263}},{"type":"Feature","geometry":{"type":"Polygon","coordinates":[[[-79.44372,43.682627],[-79.437506,43.682627],[-79.437506,43.687118],[-79.44372,43.687118],[-79.44372,43.682627]]]},"properties":{"StopCount":365}},{"type":"Feature","geometry":{"type":"Polygon","coordinates":[[[-79.437506,43.682627],[-79.431292,43.682627],[-79.431292,43.687118],[-79.437506,43.687118],[-79.437506,43.682627]]]},"properties":{"StopCount":296}},{"type":"Feature","geometry":{"type":"Polygon","coordinates":[[[-79.431292,43.682627],[-79.425078,43.682627],[-79.425078,43.687118],[-79.431292,43.687118],[-79.431292,43.682627]]]},"properties":{"StopCount":260}},{"type":"Feature","geometry":{"type":"Polygon","coordinates":[[[-79.425078,43.682627],[-79.418864,43.682627],[-79.418864,43.687118],[-79.425078,43.687118],[-79.425078,43.682627]]]},"properties":{"StopCount":510}},{"type":"Feature","geometry":{"type":"Polygon","coordinates":[[[-79.418864,43.682627],[-79.41265,43.682627],[-79.41265,43.687118],[-79.418864,43.687118],[-79.418864,43.682627]]]},"properties":{"StopCount":466}},{"type":"Feature","geometry":{"type":"Polygon","coordinates":[[[-79.41265,43.682627],[-79.406436,43.682627],[-79.406436,43.687118],[-79.41265,43.687118],[-79.41265,43.682627]]]},"properties":{"StopCount":244}},{"type":"Feature","geometry":{"type":"Polygon","coordinates":[[[-79.406436,43.682627],[-79.400222,43.682627],[-79.400222,43.687118],[-79.406436,43.687118],[-79.406436,43.682627]]]},"properties":{"StopCount":364}},{"type":"Feature","geometry":{"type":"Polygon","coordinates":[[[-79.400222,43.682627],[-79.394008,43.682627],[-79.394008,43.687118],[-79.400222,43.687118],[-79.400222,43.682627]]]},"properties":{"StopCount":214}},{"type":"Feature","geometry":{"type":"Polygon","coordinates":[[[-79.394008,43.682627],[-79.387794,43.682627],[-79.387794,43.687118],[-79.394008,43.687118],[-79.394008,43.682627]]]},"properties":{"StopCount":358}},{"type":"Feature","geometry":{"type":"Polygon","coordinates":[[[-79.387794,43.682627],[-79.38158,43.682627],[-79.38158,43.687118],[-79.387794,43.687118],[-79.387794,43.682627]]]},"properties":{"StopCount":84}},{"type":"Feature","geometry":{"type":"Polygon","coordinates":[[[-79.38158,43.682627],[-79.375366,43.682627],[-79.375366,43.687118],[-79.38158,43.687118],[-79.38158,43.682627]]]},"properties":{"StopCount":118}},{"type":"Feature","geometry":{"type":"Polygon","coordinates":[[[-79.375366,43.682627],[-79.369152,43.682627],[-79.369152,43.687118],[-79.375366,43.687118],[-79.375366,43.682627]]]},"properties":{"StopCount":130}},{"type":"Feature","geometry":{"type":"Polygon","coordinates":[[[-79.369152,43.682627],[-79.362938,43.682627],[-79.362938,43.687118],[-79.369152,43.687118],[-79.369152,43.682627]]]},"properties":{"StopCount":234}},{"type":"Feature","geometry":{"type":"Polygon","coordinates":[[[-79.362938,43.682627],[-79.356723,43.682627],[-79.356723,43.687118],[-79.362938,43.687118],[-79.362938,43.682627]]]},"properties":{"StopCount":69}},{"type":"Feature","geometry":{"type":"Polygon","coordinates":[[[-79.356723,43.682627],[-79.350509,43.682627],[-79.350509,43.687118],[-79.356723,43.687118],[-79.356723,43.682627]]]},"properties":{"StopCount":410}},{"type":"Feature","geometry":{"type":"Polygon","coordinates":[[[-79.350509,43.682627],[-79.344295,43.682627],[-79.344295,43.687118],[-79.350509,43.687118],[-79.350509,43.682627]]]},"properties":{"StopCount":348}},{"type":"Feature","geometry":{"type":"Polygon","coordinates":[[[-79.344295,43.682627],[-79.338081,43.682627],[-79.338081,43.687118],[-79.344295,43.687118],[-79.344295,43.682627]]]},"properties":{"StopCount":335}},{"type":"Feature","geometry":{"type":"Polygon","coordinates":[[[-79.338081,43.682627],[-79.331867,43.682627],[-79.331867,43.687118],[-79.338081,43.687118],[-79.338081,43.682627]]]},"properties":{"StopCount":443}},{"type":"Feature","geometry":{"type":"Polygon","coordinates":[[[-79.331867,43.682627],[-79.325653,43.682627],[-79.325653,43.687118],[-79.331867,43.687118],[-79.331867,43.682627]]]},"properties":{"StopCount":218}},{"type":"Feature","geometry":{"type":"Polygon","coordinates":[[[-79.325653,43.682627],[-79.319439,43.682627],[-79.319439,43.687118],[-79.325653,43.687118],[-79.325653,43.682627]]]},"properties":{"StopCount":714}},{"type":"Feature","geometry":{"type":"Polygon","coordinates":[[[-79.319439,43.682627],[-79.313225,43.682627],[-79.313225,43.687118],[-79.319439,43.687118],[-79.319439,43.682627]]]},"properties":{"StopCount":262}},{"type":"Feature","geometry":{"type":"Polygon","coordinates":[[[-79.313225,43.682627],[-79.307011,43.682627],[-79.307011,43.687118],[-79.313225,43.687118],[-79.313225,43.682627]]]},"properties":{"StopCount":490}},{"type":"Feature","geometry":{"type":"Polygon","coordinates":[[[-79.307011,43.682627],[-79.300797,43.682627],[-79.300797,43.687118],[-79.307011,43.687118],[-79.307011,43.682627]]]},"properties":{"StopCount":382}},{"type":"Feature","geometry":{"type":"Polygon","coordinates":[[[-79.300797,43.682627],[-79.294583,43.682627],[-79.294583,43.687118],[-79.300797,43.687118],[-79.300797,43.682627]]]},"properties":{"StopCount":242}},{"type":"Feature","geometry":{"type":"Polygon","coordinates":[[[-79.294583,43.682627],[-79.288369,43.682627],[-79.288369,43.687118],[-79.294583,43.687118],[-79.294583,43.682627]]]},"properties":{"StopCount":215}},{"type":"Feature","geometry":{"type":"Polygon","coordinates":[[[-79.288369,43.682627],[-79.282155,43.682627],[-79.282155,43.687118],[-79.288369,43.687118],[-79.288369,43.682627]]]},"properties":{"StopCount":194}},{"type":"Feature","geometry":{"type":"Polygon","coordinates":[[[-79.282155,43.682627],[-79.275941,43.682627],[-79.275941,43.687118],[-79.282155,43.687118],[-79.282155,43.682627]]]},"properties":{"StopCount":186}},{"type":"Feature","geometry":{"type":"Polygon","coordinates":[[[-79.275941,43.682627],[-79.269727,43.682627],[-79.269727,43.687118],[-79.275941,43.687118],[-79.275941,43.682627]]]},"properties":{"StopCount":102}},{"type":"Feature","geometry":{"type":"Polygon","coordinates":[[[-79.269727,43.682627],[-79.263513,43.682627],[-79.263513,43.687118],[-79.269727,43.687118],[-79.269727,43.682627]]]},"properties":{"StopCount":25}},{"type":"Feature","geometry":{"type":"Polygon","coordinates":[[[-79.605286,43.687118],[-79.599072,43.687118],[-79.599072,43.69161],[-79.605286,43.69161],[-79.605286,43.687118]]]},"properties":{"StopCount":203}},{"type":"Feature","geometry":{"type":"Polygon","coordinates":[[[-79.599072,43.687118],[-79.592858,43.687118],[-79.592858,43.69161],[-79.599072,43.69161],[-79.599072,43.687118]]]},"properties":{"StopCount":391}},{"type":"Feature","geometry":{"type":"Polygon","coordinates":[[[-79.592858,43.687118],[-79.586644,43.687118],[-79.586644,43.69161],[-79.592858,43.69161],[-79.592858,43.687118]]]},"properties":{"StopCount":158}},{"type":"Feature","geometry":{"type":"Polygon","coordinates":[[[-79.586644,43.687118],[-79.58043,43.687118],[-79.58043,43.69161],[-79.586644,43.69161],[-79.586644,43.687118]]]},"properties":{"StopCount":152}},{"type":"Feature","geometry":{"type":"Polygon","coordinates":[[[-79.58043,43.687118],[-79.574216,43.687118],[-79.574216,43.69161],[-79.58043,43.69161],[-79.58043,43.687118]]]},"properties":{"StopCount":819}},{"type":"Feature","geometry":{"type":"Polygon","coordinates":[[[-79.574216,43.687118],[-79.568002,43.687118],[-79.568002,43.69161],[-79.574216,43.69161],[-79.574216,43.687118]]]},"properties":{"StopCount":614}},{"type":"Feature","geometry":{"type":"Polygon","coordinates":[[[-79.568002,43.687118],[-79.561788,43.687118],[-79.561788,43.69161],[-79.568002,43.69161],[-79.568002,43.687118]]]},"properties":{"StopCount":291}},{"type":"Feature","geometry":{"type":"Polygon","coordinates":[[[-79.561788,43.687118],[-79.555574,43.687118],[-79.555574,43.69161],[-79.561788,43.69161],[-79.561788,43.687118]]]},"properties":{"StopCount":211}},{"type":"Feature","geometry":{"type":"Polygon","coordinates":[[[-79.555574,43.687118],[-79.54936,43.687118],[-79.54936,43.69161],[-79.555574,43.69161],[-79.555574,43.687118]]]},"properties":{"StopCount":84}},{"type":"Feature","geometry":{"type":"Polygon","coordinates":[[[-79.54936,43.687118],[-79.543145,43.687118],[-79.543145,43.69161],[-79.54936,43.69161],[-79.54936,43.687118]]]},"properties":{"StopCount":128}},{"type":"Feature","geometry":{"type":"Polygon","coordinates":[[[-79.543145,43.687118],[-79.536931,43.687118],[-79.536931,43.69161],[-79.543145,43.69161],[-79.543145,43.687118]]]},"properties":{"StopCount":203}},{"type":"Feature","geometry":{"type":"Polygon","coordinates":[[[-79.536931,43.687118],[-79.530717,43.687118],[-79.530717,43.69161],[-79.536931,43.69161],[-79.536931,43.687118]]]},"properties":{"StopCount":148}},{"type":"Feature","geometry":{"type":"Polygon","coordinates":[[[-79.530717,43.687118],[-79.524503,43.687118],[-79.524503,43.69161],[-79.530717,43.69161],[-79.530717,43.687118]]]},"properties":{"StopCount":125}},{"type":"Feature","geometry":{"type":"Polygon","coordinates":[[[-79.524503,43.687118],[-79.518289,43.687118],[-79.518289,43.69161],[-79.524503,43.69161],[-79.524503,43.687118]]]},"properties":{"StopCount":51}},{"type":"Feature","geometry":{"type":"Polygon","coordinates":[[[-79.518289,43.687118],[-79.512075,43.687118],[-79.512075,43.69161],[-79.518289,43.69161],[-79.518289,43.687118]]]},"properties":{"StopCount":31}},{"type":"Feature","geometry":{"type":"Polygon","coordinates":[[[-79.512075,43.687118],[-79.505861,43.687118],[-79.505861,43.69161],[-79.512075,43.69161],[-79.512075,43.687118]]]},"properties":{"StopCount":431}},{"type":"Feature","geometry":{"type":"Polygon","coordinates":[[[-79.505861,43.687118],[-79.499647,43.687118],[-79.499647,43.69161],[-79.505861,43.69161],[-79.505861,43.687118]]]},"properties":{"StopCount":251}},{"type":"Feature","geometry":{"type":"Polygon","coordinates":[[[-79.499647,43.687118],[-79.493433,43.687118],[-79.493433,43.69161],[-79.499647,43.69161],[-79.499647,43.687118]]]},"properties":{"StopCount":189}},{"type":"Feature","geometry":{"type":"Polygon","coordinates":[[[-79.493433,43.687118],[-79.487219,43.687118],[-79.487219,43.69161],[-79.493433,43.69161],[-79.493433,43.687118]]]},"properties":{"StopCount":389}},{"type":"Feature","geometry":{"type":"Polygon","coordinates":[[[-79.487219,43.687118],[-79.481005,43.687118],[-79.481005,43.69161],[-79.487219,43.69161],[-79.487219,43.687118]]]},"properties":{"StopCount":118}},{"type":"Feature","geometry":{"type":"Polygon","coordinates":[[[-79.481005,43.687118],[-79.474791,43.687118],[-79.474791,43.69161],[-79.481005,43.69161],[-79.481005,43.687118]]]},"properties":{"StopCount":172}},{"type":"Feature","geometry":{"type":"Polygon","coordinates":[[[-79.474791,43.687118],[-79.468577,43.687118],[-79.468577,43.69161],[-79.474791,43.69161],[-79.474791,43.687118]]]},"properties":{"StopCount":252}},{"type":"Feature","geometry":{"type":"Polygon","coordinates":[[[-79.468577,43.687118],[-79.462363,43.687118],[-79.462363,43.69161],[-79.468577,43.69161],[-79.468577,43.687118]]]},"properties":{"StopCount":121}},{"type":"Feature","geometry":{"type":"Polygon","coordinates":[[[-79.462363,43.687118],[-79.456149,43.687118],[-79.456149,43.69161],[-79.462363,43.69161],[-79.462363,43.687118]]]},"properties":{"StopCount":73}},{"type":"Feature","geometry":{"type":"Polygon","coordinates":[[[-79.456149,43.687118],[-79.449934,43.687118],[-79.449934,43.69161],[-79.456149,43.69161],[-79.456149,43.687118]]]},"properties":{"StopCount":212}},{"type":"Feature","geometry":{"type":"Polygon","coordinates":[[[-79.449934,43.687118],[-79.44372,43.687118],[-79.44372,43.69161],[-79.449934,43.69161],[-79.449934,43.687118]]]},"properties":{"StopCount":263}},{"type":"Feature","geometry":{"type":"Polygon","coordinates":[[[-79.44372,43.687118],[-79.437506,43.687118],[-79.437506,43.69161],[-79.44372,43.69161],[-79.44372,43.687118]]]},"properties":{"StopCount":195}},{"type":"Feature","geometry":{"type":"Polygon","coordinates":[[[-79.437506,43.687118],[-79.431292,43.687118],[-79.431292,43.69161],[-79.437506,43.69161],[-79.437506,43.687118]]]},"properties":{"StopCount":220}},{"type":"Feature","geometry":{"type":"Polygon","coordinates":[[[-79.431292,43.687118],[-79.425078,43.687118],[-79.425078,43.69161],[-79.431292,43.69161],[-79.431292,43.687118]]]},"properties":{"StopCount":213}},{"type":"Feature","geometry":{"type":"Polygon","coordinates":[[[-79.425078,43.687118],[-79.418864,43.687118],[-79.418864,43.69161],[-79.425078,43.69161],[-79.425078,43.687118]]]},"properties":{"StopCount":125}},{"type":"Feature","geometry":{"type":"Polygon","coordinates":[[[-79.418864,43.687118],[-79.41265,43.687118],[-79.41265,43.69161],[-79.418864,43.69161],[-79.418864,43.687118]]]},"properties":{"StopCount":190}},{"type":"Feature","geometry":{"type":"Polygon","coordinates":[[[-79.41265,43.687118],[-79.406436,43.687118],[-79.406436,43.69161],[-79.41265,43.69161],[-79.41265,43.687118]]]},"properties":{"StopCount":231}},{"type":"Feature","geometry":{"type":"Polygon","coordinates":[[[-79.406436,43.687118],[-79.400222,43.687118],[-79.400222,43.69161],[-79.406436,43.69161],[-79.406436,43.687118]]]},"properties":{"StopCount":220}},{"type":"Feature","geometry":{"type":"Polygon","coordinates":[[[-79.400222,43.687118],[-79.394008,43.687118],[-79.394008,43.69161],[-79.400222,43.69161],[-79.400222,43.687118]]]},"properties":{"StopCount":546}},{"type":"Feature","geometry":{"type":"Polygon","coordinates":[[[-79.394008,43.687118],[-79.387794,43.687118],[-79.387794,43.69161],[-79.394008,43.69161],[-79.394008,43.687118]]]},"properties":{"StopCount":599}},{"type":"Feature","geometry":{"type":"Polygon","coordinates":[[[-79.387794,43.687118],[-79.38158,43.687118],[-79.38158,43.69161],[-79.387794,43.69161],[-79.387794,43.687118]]]},"properties":{"StopCount":146}},{"type":"Feature","geometry":{"type":"Polygon","coordinates":[[[-79.38158,43.687118],[-79.375366,43.687118],[-79.375366,43.69161],[-79.38158,43.69161],[-79.38158,43.687118]]]},"properties":{"StopCount":125}},{"type":"Feature","geometry":{"type":"Polygon","coordinates":[[[-79.375366,43.687118],[-79.369152,43.687118],[-79.369152,43.69161],[-79.375366,43.69161],[-79.375366,43.687118]]]},"properties":{"StopCount":120}},{"type":"Feature","geometry":{"type":"Polygon","coordinates":[[[-79.369152,43.687118],[-79.362938,43.687118],[-79.362938,43.69161],[-79.369152,43.69161],[-79.369152,43.687118]]]},"properties":{"StopCount":12}},{"type":"Feature","geometry":{"type":"Polygon","coordinates":[[[-79.362938,43.687118],[-79.356723,43.687118],[-79.356723,43.69161],[-79.362938,43.69161],[-79.362938,43.687118]]]},"properties":{"StopCount":34}},{"type":"Feature","geometry":{"type":"Polygon","coordinates":[[[-79.356723,43.687118],[-79.350509,43.687118],[-79.350509,43.69161],[-79.356723,43.69161],[-79.356723,43.687118]]]},"properties":{"StopCount":310}},{"type":"Feature","geometry":{"type":"Polygon","coordinates":[[[-79.350509,43.687118],[-79.344295,43.687118],[-79.344295,43.69161],[-79.350509,43.69161],[-79.350509,43.687118]]]},"properties":{"StopCount":691}},{"type":"Feature","geometry":{"type":"Polygon","coordinates":[[[-79.344295,43.687118],[-79.338081,43.687118],[-79.338081,43.69161],[-79.344295,43.69161],[-79.344295,43.687118]]]},"properties":{"StopCount":264}},{"type":"Feature","geometry":{"type":"Polygon","coordinates":[[[-79.338081,43.687118],[-79.331867,43.687118],[-79.331867,43.69161],[-79.338081,43.69161],[-79.338081,43.687118]]]},"properties":{"StopCount":184}},{"type":"Feature","geometry":{"type":"Polygon","coordinates":[[[-79.331867,43.687118],[-79.325653,43.687118],[-79.325653,43.69161],[-79.331867,43.69161],[-79.331867,43.687118]]]},"properties":{"StopCount":283}},{"type":"Feature","geometry":{"type":"Polygon","coordinates":[[[-79.325653,43.687118],[-79.319439,43.687118],[-79.319439,43.69161],[-79.325653,43.69161],[-79.325653,43.687118]]]},"properties":{"StopCount":272}},{"type":"Feature","geometry":{"type":"Polygon","coordinates":[[[-79.319439,43.687118],[-79.313225,43.687118],[-79.313225,43.69161],[-79.319439,43.69161],[-79.319439,43.687118]]]},"properties":{"StopCount":206}},{"type":"Feature","geometry":{"type":"Polygon","coordinates":[[[-79.313225,43.687118],[-79.307011,43.687118],[-79.307011,43.69161],[-79.313225,43.69161],[-79.313225,43.687118]]]},"properties":{"StopCount":149}},{"type":"Feature","geometry":{"type":"Polygon","coordinates":[[[-79.307011,43.687118],[-79.300797,43.687118],[-79.300797,43.69161],[-79.307011,43.69161],[-79.307011,43.687118]]]},"properties":{"StopCount":368}},{"type":"Feature","geometry":{"type":"Polygon","coordinates":[[[-79.300797,43.687118],[-79.294583,43.687118],[-79.294583,43.69161],[-79.300797,43.69161],[-79.300797,43.687118]]]},"properties":{"StopCount":559}},{"type":"Feature","geometry":{"type":"Polygon","coordinates":[[[-79.294583,43.687118],[-79.288369,43.687118],[-79.288369,43.69161],[-79.294583,43.69161],[-79.294583,43.687118]]]},"properties":{"StopCount":557}},{"type":"Feature","geometry":{"type":"Polygon","coordinates":[[[-79.288369,43.687118],[-79.282155,43.687118],[-79.282155,43.69161],[-79.288369,43.69161],[-79.288369,43.687118]]]},"properties":{"StopCount":475}},{"type":"Feature","geometry":{"type":"Polygon","coordinates":[[[-79.282155,43.687118],[-79.275941,43.687118],[-79.275941,43.69161],[-79.282155,43.69161],[-79.282155,43.687118]]]},"properties":{"StopCount":151}},{"type":"Feature","geometry":{"type":"Polygon","coordinates":[[[-79.275941,43.687118],[-79.269727,43.687118],[-79.269727,43.69161],[-79.275941,43.69161],[-79.275941,43.687118]]]},"properties":{"StopCount":195}},{"type":"Feature","geometry":{"type":"Polygon","coordinates":[[[-79.269727,43.687118],[-79.263513,43.687118],[-79.263513,43.69161],[-79.269727,43.69161],[-79.269727,43.687118]]]},"properties":{"StopCount":113}},{"type":"Feature","geometry":{"type":"Polygon","coordinates":[[[-79.263513,43.687118],[-79.257298,43.687118],[-79.257298,43.69161],[-79.263513,43.69161],[-79.263513,43.687118]]]},"properties":{"StopCount":6}},{"type":"Feature","geometry":{"type":"Polygon","coordinates":[[[-79.605286,43.69161],[-79.599072,43.69161],[-79.599072,43.696101],[-79.605286,43.696101],[-79.605286,43.69161]]]},"properties":{"StopCount":99}},{"type":"Feature","geometry":{"type":"Polygon","coordinates":[[[-79.599072,43.69161],[-79.592858,43.69161],[-79.592858,43.696101],[-79.599072,43.696101],[-79.599072,43.69161]]]},"properties":{"StopCount":452}},{"type":"Feature","geometry":{"type":"Polygon","coordinates":[[[-79.592858,43.69161],[-79.586644,43.69161],[-79.586644,43.696101],[-79.592858,43.696101],[-79.592858,43.69161]]]},"properties":{"StopCount":134}},{"type":"Feature","geometry":{"type":"Polygon","coordinates":[[[-79.586644,43.69161],[-79.58043,43.69161],[-79.58043,43.696101],[-79.586644,43.696101],[-79.586644,43.69161]]]},"properties":{"StopCount":304}},{"type":"Feature","geometry":{"type":"Polygon","coordinates":[[[-79.58043,43.69161],[-79.574216,43.69161],[-79.574216,43.696101],[-79.58043,43.696101],[-79.58043,43.69161]]]},"properties":{"StopCount":135}},{"type":"Feature","geometry":{"type":"Polygon","coordinates":[[[-79.574216,43.69161],[-79.568002,43.69161],[-79.568002,43.696101],[-79.574216,43.696101],[-79.574216,43.69161]]]},"properties":{"StopCount":455}},{"type":"Feature","geometry":{"type":"Polygon","coordinates":[[[-79.568002,43.69161],[-79.561788,43.69161],[-79.561788,43.696101],[-79.568002,43.696101],[-79.568002,43.69161]]]},"properties":{"StopCount":206}},{"type":"Feature","geometry":{"type":"Polygon","coordinates":[[[-79.561788,43.69161],[-79.555574,43.69161],[-79.555574,43.696101],[-79.561788,43.696101],[-79.561788,43.69161]]]},"properties":{"StopCount":539}},{"type":"Feature","geometry":{"type":"Polygon","coordinates":[[[-79.555574,43.69161],[-79.54936,43.69161],[-79.54936,43.696101],[-79.555574,43.696101],[-79.555574,43.69161]]]},"properties":{"StopCount":104}},{"type":"Feature","geometry":{"type":"Polygon","coordinates":[[[-79.54936,43.69161],[-79.543145,43.69161],[-79.543145,43.696101],[-79.54936,43.696101],[-79.54936,43.69161]]]},"properties":{"StopCount":172}},{"type":"Feature","geometry":{"type":"Polygon","coordinates":[[[-79.543145,43.69161],[-79.536931,43.69161],[-79.536931,43.696101],[-79.543145,43.696101],[-79.543145,43.69161]]]},"properties":{"StopCount":92}},{"type":"Feature","geometry":{"type":"Polygon","coordinates":[[[-79.536931,43.69161],[-79.530717,43.69161],[-79.530717,43.696101],[-79.536931,43.696101],[-79.536931,43.69161]]]},"properties":{"StopCount":157}},{"type":"Feature","geometry":{"type":"Polygon","coordinates":[[[-79.530717,43.69161],[-79.524503,43.69161],[-79.524503,43.696101],[-79.530717,43.696101],[-79.530717,43.69161]]]},"properties":{"StopCount":75}},{"type":"Feature","geometry":{"type":"Polygon","coordinates":[[[-79.524503,43.69161],[-79.518289,43.69161],[-79.518289,43.696101],[-79.524503,43.696101],[-79.524503,43.69161]]]},"properties":{"StopCount":91}},{"type":"Feature","geometry":{"type":"Polygon","coordinates":[[[-79.518289,43.69161],[-79.512075,43.69161],[-79.512075,43.696101],[-79.518289,43.696101],[-79.518289,43.69161]]]},"properties":{"StopCount":35}},{"type":"Feature","geometry":{"type":"Polygon","coordinates":[[[-79.512075,43.69161],[-79.505861,43.69161],[-79.505861,43.696101],[-79.512075,43.696101],[-79.512075,43.69161]]]},"properties":{"StopCount":149}},{"type":"Feature","geometry":{"type":"Polygon","coordinates":[[[-79.505861,43.69161],[-79.499647,43.69161],[-79.499647,43.696101],[-79.505861,43.696101],[-79.505861,43.69161]]]},"properties":{"StopCount":235}},{"type":"Feature","geometry":{"type":"Polygon","coordinates":[[[-79.499647,43.69161],[-79.493433,43.69161],[-79.493433,43.696101],[-79.499647,43.696101],[-79.499647,43.69161]]]},"properties":{"StopCount":364}},{"type":"Feature","geometry":{"type":"Polygon","coordinates":[[[-79.493433,43.69161],[-79.487219,43.69161],[-79.487219,43.696101],[-79.493433,43.696101],[-79.493433,43.69161]]]},"properties":{"StopCount":935}},{"type":"Feature","geometry":{"type":"Polygon","coordinates":[[[-79.487219,43.69161],[-79.481005,43.69161],[-79.481005,43.696101],[-79.487219,43.696101],[-79.487219,43.69161]]]},"properties":{"StopCount":113}},{"type":"Feature","geometry":{"type":"Polygon","coordinates":[[[-79.481005,43.69161],[-79.474791,43.69161],[-79.474791,43.696101],[-79.481005,43.696101],[-79.481005,43.69161]]]},"properties":{"StopCount":167}},{"type":"Feature","geometry":{"type":"Polygon","coordinates":[[[-79.474791,43.69161],[-79.468577,43.69161],[-79.468577,43.696101],[-79.474791,43.696101],[-79.474791,43.69161]]]},"properties":{"StopCount":141}},{"type":"Feature","geometry":{"type":"Polygon","coordinates":[[[-79.468577,43.69161],[-79.462363,43.69161],[-79.462363,43.696101],[-79.468577,43.696101],[-79.468577,43.69161]]]},"properties":{"StopCount":365}},{"type":"Feature","geometry":{"type":"Polygon","coordinates":[[[-79.462363,43.69161],[-79.456149,43.69161],[-79.456149,43.696101],[-79.462363,43.696101],[-79.462363,43.69161]]]},"properties":{"StopCount":177}},{"type":"Feature","geometry":{"type":"Polygon","coordinates":[[[-79.456149,43.69161],[-79.449934,43.69161],[-79.449934,43.696101],[-79.456149,43.696101],[-79.456149,43.69161]]]},"properties":{"StopCount":367}},{"type":"Feature","geometry":{"type":"Polygon","coordinates":[[[-79.449934,43.69161],[-79.44372,43.69161],[-79.44372,43.696101],[-79.449934,43.696101],[-79.449934,43.69161]]]},"properties":{"StopCount":223}},{"type":"Feature","geometry":{"type":"Polygon","coordinates":[[[-79.44372,43.69161],[-79.437506,43.69161],[-79.437506,43.696101],[-79.44372,43.696101],[-79.44372,43.69161]]]},"properties":{"StopCount":251}},{"type":"Feature","geometry":{"type":"Polygon","coordinates":[[[-79.437506,43.69161],[-79.431292,43.69161],[-79.431292,43.696101],[-79.437506,43.696101],[-79.437506,43.69161]]]},"properties":{"StopCount":204}},{"type":"Feature","geometry":{"type":"Polygon","coordinates":[[[-79.431292,43.69161],[-79.425078,43.69161],[-79.425078,43.696101],[-79.431292,43.696101],[-79.431292,43.69161]]]},"properties":{"StopCount":138}},{"type":"Feature","geometry":{"type":"Polygon","coordinates":[[[-79.425078,43.69161],[-79.418864,43.69161],[-79.418864,43.696101],[-79.425078,43.696101],[-79.425078,43.69161]]]},"properties":{"StopCount":132}},{"type":"Feature","geometry":{"type":"Polygon","coordinates":[[[-79.418864,43.69161],[-79.41265,43.69161],[-79.41265,43.696101],[-79.418864,43.696101],[-79.418864,43.69161]]]},"properties":{"StopCount":98}},{"type":"Feature","geometry":{"type":"Polygon","coordinates":[[[-79.41265,43.69161],[-79.406436,43.69161],[-79.406436,43.696101],[-79.41265,43.696101],[-79.41265,43.69161]]]},"properties":{"StopCount":113}},{"type":"Feature","geometry":{"type":"Polygon","coordinates":[[[-79.406436,43.69161],[-79.400222,43.69161],[-79.400222,43.696101],[-79.406436,43.696101],[-79.406436,43.69161]]]},"properties":{"StopCount":192}},{"type":"Feature","geometry":{"type":"Polygon","coordinates":[[[-79.400222,43.69161],[-79.394008,43.69161],[-79.394008,43.696101],[-79.400222,43.696101],[-79.400222,43.69161]]]},"properties":{"StopCount":352}},{"type":"Feature","geometry":{"type":"Polygon","coordinates":[[[-79.394008,43.69161],[-79.387794,43.69161],[-79.387794,43.696101],[-79.394008,43.696101],[-79.394008,43.69161]]]},"properties":{"StopCount":17}},{"type":"Feature","geometry":{"type":"Polygon","coordinates":[[[-79.387794,43.69161],[-79.38158,43.69161],[-79.38158,43.696101],[-79.387794,43.696101],[-79.387794,43.69161]]]},"properties":{"StopCount":66}},{"type":"Feature","geometry":{"type":"Polygon","coordinates":[[[-79.38158,43.69161],[-79.375366,43.69161],[-79.375366,43.696101],[-79.38158,43.696101],[-79.38158,43.69161]]]},"properties":{"StopCount":193}},{"type":"Feature","geometry":{"type":"Polygon","coordinates":[[[-79.375366,43.69161],[-79.369152,43.69161],[-79.369152,43.696101],[-79.375366,43.696101],[-79.375366,43.69161]]]},"properties":{"StopCount":76}},{"type":"Feature","geometry":{"type":"Polygon","coordinates":[[[-79.369152,43.69161],[-79.362938,43.69161],[-79.362938,43.696101],[-79.369152,43.696101],[-79.369152,43.69161]]]},"properties":{"StopCount":45}},{"type":"Feature","geometry":{"type":"Polygon","coordinates":[[[-79.362938,43.69161],[-79.356723,43.69161],[-79.356723,43.696101],[-79.362938,43.696101],[-79.362938,43.69161]]]},"properties":{"StopCount":6}},{"type":"Feature","geometry":{"type":"Polygon","coordinates":[[[-79.356723,43.69161],[-79.350509,43.69161],[-79.350509,43.696101],[-79.356723,43.696101],[-79.356723,43.69161]]]},"properties":{"StopCount":122}},{"type":"Feature","geometry":{"type":"Polygon","coordinates":[[[-79.350509,43.69161],[-79.344295,43.69161],[-79.344295,43.696101],[-79.350509,43.696101],[-79.350509,43.69161]]]},"properties":{"StopCount":184}},{"type":"Feature","geometry":{"type":"Polygon","coordinates":[[[-79.344295,43.69161],[-79.338081,43.69161],[-79.338081,43.696101],[-79.344295,43.696101],[-79.344295,43.69161]]]},"properties":{"StopCount":347}},{"type":"Feature","geometry":{"type":"Polygon","coordinates":[[[-79.338081,43.69161],[-79.331867,43.69161],[-79.331867,43.696101],[-79.338081,43.696101],[-79.338081,43.69161]]]},"properties":{"StopCount":245}},{"type":"Feature","geometry":{"type":"Polygon","coordinates":[[[-79.331867,43.69161],[-79.325653,43.69161],[-79.325653,43.696101],[-79.331867,43.696101],[-79.331867,43.69161]]]},"properties":{"StopCount":296}},{"type":"Feature","geometry":{"type":"Polygon","coordinates":[[[-79.325653,43.69161],[-79.319439,43.69161],[-79.319439,43.696101],[-79.325653,43.696101],[-79.325653,43.69161]]]},"properties":{"StopCount":156}},{"type":"Feature","geometry":{"type":"Polygon","coordinates":[[[-79.319439,43.69161],[-79.313225,43.69161],[-79.313225,43.696101],[-79.319439,43.696101],[-79.319439,43.69161]]]},"properties":{"StopCount":165}},{"type":"Feature","geometry":{"type":"Polygon","coordinates":[[[-79.313225,43.69161],[-79.307011,43.69161],[-79.307011,43.696101],[-79.313225,43.696101],[-79.313225,43.69161]]]},"properties":{"StopCount":171}},{"type":"Feature","geometry":{"type":"Polygon","coordinates":[[[-79.307011,43.69161],[-79.300797,43.69161],[-79.300797,43.696101],[-79.307011,43.696101],[-79.307011,43.69161]]]},"properties":{"StopCount":368}},{"type":"Feature","geometry":{"type":"Polygon","coordinates":[[[-79.300797,43.69161],[-79.294583,43.69161],[-79.294583,43.696101],[-79.300797,43.696101],[-79.300797,43.69161]]]},"properties":{"StopCount":198}},{"type":"Feature","geometry":{"type":"Polygon","coordinates":[[[-79.294583,43.69161],[-79.288369,43.69161],[-79.288369,43.696101],[-79.294583,43.696101],[-79.294583,43.69161]]]},"properties":{"StopCount":155}},{"type":"Feature","geometry":{"type":"Polygon","coordinates":[[[-79.288369,43.69161],[-79.282155,43.69161],[-79.282155,43.696101],[-79.288369,43.696101],[-79.288369,43.69161]]]},"properties":{"StopCount":288}},{"type":"Feature","geometry":{"type":"Polygon","coordinates":[[[-79.282155,43.69161],[-79.275941,43.69161],[-79.275941,43.696101],[-79.282155,43.696101],[-79.282155,43.69161]]]},"properties":{"StopCount":218}},{"type":"Feature","geometry":{"type":"Polygon","coordinates":[[[-79.275941,43.69161],[-79.269727,43.69161],[-79.269727,43.696101],[-79.275941,43.696101],[-79.275941,43.69161]]]},"properties":{"StopCount":183}},{"type":"Feature","geometry":{"type":"Polygon","coordinates":[[[-79.269727,43.69161],[-79.263513,43.69161],[-79.263513,43.696101],[-79.269727,43.696101],[-79.269727,43.69161]]]},"properties":{"StopCount":97}},{"type":"Feature","geometry":{"type":"Polygon","coordinates":[[[-79.263513,43.69161],[-79.257298,43.69161],[-79.257298,43.696101],[-79.263513,43.696101],[-79.263513,43.69161]]]},"properties":{"StopCount":140}},{"type":"Feature","geometry":{"type":"Polygon","coordinates":[[[-79.257298,43.69161],[-79.251084,43.69161],[-79.251084,43.696101],[-79.257298,43.696101],[-79.257298,43.69161]]]},"properties":{"StopCount":7}},{"type":"Feature","geometry":{"type":"Polygon","coordinates":[[[-79.6115,43.696101],[-79.605286,43.696101],[-79.605286,43.700593],[-79.6115,43.700593],[-79.6115,43.696101]]]},"properties":{"StopCount":2}},{"type":"Feature","geometry":{"type":"Polygon","coordinates":[[[-79.605286,43.696101],[-79.599072,43.696101],[-79.599072,43.700593],[-79.605286,43.700593],[-79.605286,43.696101]]]},"properties":{"StopCount":128}},{"type":"Feature","geometry":{"type":"Polygon","coordinates":[[[-79.599072,43.696101],[-79.592858,43.696101],[-79.592858,43.700593],[-79.599072,43.700593],[-79.599072,43.696101]]]},"properties":{"StopCount":517}},{"type":"Feature","geometry":{"type":"Polygon","coordinates":[[[-79.592858,43.696101],[-79.586644,43.696101],[-79.586644,43.700593],[-79.592858,43.700593],[-79.592858,43.696101]]]},"properties":{"StopCount":548}},{"type":"Feature","geometry":{"type":"Polygon","coordinates":[[[-79.586644,43.696101],[-79.58043,43.696101],[-79.58043,43.700593],[-79.586644,43.700593],[-79.586644,43.696101]]]},"properties":{"StopCount":919}},{"type":"Feature","geometry":{"type":"Polygon","coordinates":[[[-79.58043,43.696101],[-79.574216,43.696101],[-79.574216,43.700593],[-79.58043,43.700593],[-79.58043,43.696101]]]},"properties":{"StopCount":58}},{"type":"Feature","geometry":{"type":"Polygon","coordinates":[[[-79.574216,43.696101],[-79.568002,43.696101],[-79.568002,43.700593],[-79.574216,43.700593],[-79.574216,43.696101]]]},"properties":{"StopCount":813}},{"type":"Feature","geometry":{"type":"Polygon","coordinates":[[[-79.568002,43.696101],[-79.561788,43.696101],[-79.561788,43.700593],[-79.568002,43.700593],[-79.568002,43.696101]]]},"properties":{"StopCount":413}},{"type":"Feature","geometry":{"type":"Polygon","coordinates":[[[-79.561788,43.696101],[-79.555574,43.696101],[-79.555574,43.700593],[-79.561788,43.700593],[-79.561788,43.696101]]]},"properties":{"StopCount":121}},{"type":"Feature","geometry":{"type":"Polygon","coordinates":[[[-79.555574,43.696101],[-79.54936,43.696101],[-79.54936,43.700593],[-79.555574,43.700593],[-79.555574,43.696101]]]},"properties":{"StopCount":123}},{"type":"Feature","geometry":{"type":"Polygon","coordinates":[[[-79.54936,43.696101],[-79.543145,43.696101],[-79.543145,43.700593],[-79.54936,43.700593],[-79.54936,43.696101]]]},"properties":{"StopCount":404}},{"type":"Feature","geometry":{"type":"Polygon","coordinates":[[[-79.543145,43.696101],[-79.536931,43.696101],[-79.536931,43.700593],[-79.543145,43.700593],[-79.543145,43.696101]]]},"properties":{"StopCount":111}},{"type":"Feature","geometry":{"type":"Polygon","coordinates":[[[-79.536931,43.696101],[-79.530717,43.696101],[-79.530717,43.700593],[-79.536931,43.700593],[-79.536931,43.696101]]]},"properties":{"StopCount":60}},{"type":"Feature","geometry":{"type":"Polygon","coordinates":[[[-79.530717,43.696101],[-79.524503,43.696101],[-79.524503,43.700593],[-79.530717,43.700593],[-79.530717,43.696101]]]},"properties":{"StopCount":106}},{"type":"Feature","geometry":{"type":"Polygon","coordinates":[[[-79.524503,43.696101],[-79.518289,43.696101],[-79.518289,43.700593],[-79.524503,43.700593],[-79.524503,43.696101]]]},"properties":{"StopCount":139}},{"type":"Feature","geometry":{"type":"Polygon","coordinates":[[[-79.518289,43.696101],[-79.512075,43.696101],[-79.512075,43.700593],[-79.518289,43.700593],[-79.518289,43.696101]]]},"properties":{"StopCount":342}},{"type":"Feature","geometry":{"type":"Polygon","coordinates":[[[-79.512075,43.696101],[-79.505861,43.696101],[-79.505861,43.700593],[-79.512075,43.700593],[-79.512075,43.696101]]]},"properties":{"StopCount":295}},{"type":"Feature","geometry":{"type":"Polygon","coordinates":[[[-79.505861,43.696101],[-79.499647,43.696101],[-79.499647,43.700593],[-79.505861,43.700593],[-79.505861,43.696101]]]},"properties":{"StopCount":400}},{"type":"Feature","geometry":{"type":"Polygon","coordinates":[[[-79.499647,43.696101],[-79.493433,43.696101],[-79.493433,43.700593],[-79.499647,43.700593],[-79.499647,43.696101]]]},"properties":{"StopCount":197}},{"type":"Feature","geometry":{"type":"Polygon","coordinates":[[[-79.493433,43.696101],[-79.487219,43.696101],[-79.487219,43.700593],[-79.493433,43.700593],[-79.493433,43.696101]]]},"properties":{"StopCount":158}},{"type":"Feature","geometry":{"type":"Polygon","coordinates":[[[-79.487219,43.696101],[-79.481005,43.696101],[-79.481005,43.700593],[-79.487219,43.700593],[-79.487219,43.696101]]]},"properties":{"StopCount":77}},{"type":"Feature","geometry":{"type":"Polygon","coordinates":[[[-79.481005,43.696101],[-79.474791,43.696101],[-79.474791,43.700593],[-79.481005,43.700593],[-79.481005,43.696101]]]},"properties":{"StopCount":252}},{"type":"Feature","geometry":{"type":"Polygon","coordinates":[[[-79.474791,43.696101],[-79.468577,43.696101],[-79.468577,43.700593],[-79.474791,43.700593],[-79.474791,43.696101]]]},"properties":{"StopCount":238}},{"type":"Feature","geometry":{"type":"Polygon","coordinates":[[[-79.468577,43.696101],[-79.462363,43.696101],[-79.462363,43.700593],[-79.468577,43.700593],[-79.468577,43.696101]]]},"properties":{"StopCount":764}},{"type":"Feature","geometry":{"type":"Polygon","coordinates":[[[-79.462363,43.696101],[-79.456149,43.696101],[-79.456149,43.700593],[-79.462363,43.700593],[-79.462363,43.696101]]]},"properties":{"StopCount":230}},{"type":"Feature","geometry":{"type":"Polygon","coordinates":[[[-79.456149,43.696101],[-79.449934,43.696101],[-79.449934,43.700593],[-79.456149,43.700593],[-79.456149,43.696101]]]},"properties":{"StopCount":369}},{"type":"Feature","geometry":{"type":"Polygon","coordinates":[[[-79.449934,43.696101],[-79.44372,43.696101],[-79.44372,43.700593],[-79.449934,43.700593],[-79.449934,43.696101]]]},"properties":{"StopCount":286}},{"type":"Feature","geometry":{"type":"Polygon","coordinates":[[[-79.44372,43.696101],[-79.437506,43.696101],[-79.437506,43.700593],[-79.44372,43.700593],[-79.44372,43.696101]]]},"properties":{"StopCount":273}},{"type":"Feature","geometry":{"type":"Polygon","coordinates":[[[-79.437506,43.696101],[-79.431292,43.696101],[-79.431292,43.700593],[-79.437506,43.700593],[-79.437506,43.696101]]]},"properties":{"StopCount":276}},{"type":"Feature","geometry":{"type":"Polygon","coordinates":[[[-79.431292,43.696101],[-79.425078,43.696101],[-79.425078,43.700593],[-79.431292,43.700593],[-79.431292,43.696101]]]},"properties":{"StopCount":383}},{"type":"Feature","geometry":{"type":"Polygon","coordinates":[[[-79.425078,43.696101],[-79.418864,43.696101],[-79.418864,43.700593],[-79.425078,43.700593],[-79.425078,43.696101]]]},"properties":{"StopCount":233}},{"type":"Feature","geometry":{"type":"Polygon","coordinates":[[[-79.418864,43.696101],[-79.41265,43.696101],[-79.41265,43.700593],[-79.418864,43.700593],[-79.418864,43.696101]]]},"properties":{"StopCount":284}},{"type":"Feature","geometry":{"type":"Polygon","coordinates":[[[-79.41265,43.696101],[-79.406436,43.696101],[-79.406436,43.700593],[-79.41265,43.700593],[-79.41265,43.696101]]]},"properties":{"StopCount":103}},{"type":"Feature","geometry":{"type":"Polygon","coordinates":[[[-79.406436,43.696101],[-79.400222,43.696101],[-79.400222,43.700593],[-79.406436,43.700593],[-79.406436,43.696101]]]},"properties":{"StopCount":262}},{"type":"Feature","geometry":{"type":"Polygon","coordinates":[[[-79.400222,43.696101],[-79.394008,43.696101],[-79.394008,43.700593],[-79.400222,43.700593],[-79.400222,43.696101]]]},"properties":{"StopCount":693}},{"type":"Feature","geometry":{"type":"Polygon","coordinates":[[[-79.394008,43.696101],[-79.387794,43.696101],[-79.387794,43.700593],[-79.394008,43.700593],[-79.394008,43.696101]]]},"properties":{"StopCount":357}},{"type":"Feature","geometry":{"type":"Polygon","coordinates":[[[-79.387794,43.696101],[-79.38158,43.696101],[-79.38158,43.700593],[-79.387794,43.700593],[-79.387794,43.696101]]]},"properties":{"StopCount":396}},{"type":"Feature","geometry":{"type":"Polygon","coordinates":[[[-79.38158,43.696101],[-79.375366,43.696101],[-79.375366,43.700593],[-79.38158,43.700593],[-79.38158,43.696101]]]},"properties":{"StopCount":17}},{"type":"Feature","geometry":{"type":"Polygon","coordinates":[[[-79.375366,43.696101],[-79.369152,43.696101],[-79.369152,43.700593],[-79.375366,43.700593],[-79.375366,43.696101]]]},"properties":{"StopCount":185}},{"type":"Feature","geometry":{"type":"Polygon","coordinates":[[[-79.369152,43.696101],[-79.362938,43.696101],[-79.362938,43.700593],[-79.369152,43.700593],[-79.369152,43.696101]]]},"properties":{"StopCount":163}},{"type":"Feature","geometry":{"type":"Polygon","coordinates":[[[-79.362938,43.696101],[-79.356723,43.696101],[-79.356723,43.700593],[-79.362938,43.700593],[-79.362938,43.696101]]]},"properties":{"StopCount":144}},{"type":"Feature","geometry":{"type":"Polygon","coordinates":[[[-79.356723,43.696101],[-79.350509,43.696101],[-79.350509,43.700593],[-79.356723,43.700593],[-79.356723,43.696101]]]},"properties":{"StopCount":57}},{"type":"Feature","geometry":{"type":"Polygon","coordinates":[[[-79.350509,43.696101],[-79.344295,43.696101],[-79.344295,43.700593],[-79.350509,43.700593],[-79.350509,43.696101]]]},"properties":{"StopCount":139}},{"type":"Feature","geometry":{"type":"Polygon","coordinates":[[[-79.344295,43.696101],[-79.338081,43.696101],[-79.338081,43.700593],[-79.344295,43.700593],[-79.344295,43.696101]]]},"properties":{"StopCount":10}},{"type":"Feature","geometry":{"type":"Polygon","coordinates":[[[-79.338081,43.696101],[-79.331867,43.696101],[-79.331867,43.700593],[-79.338081,43.700593],[-79.338081,43.696101]]]},"properties":{"StopCount":55}},{"type":"Feature","geometry":{"type":"Polygon","coordinates":[[[-79.331867,43.696101],[-79.325653,43.696101],[-79.325653,43.700593],[-79.331867,43.700593],[-79.331867,43.696101]]]},"properties":{"StopCount":267}},{"type":"Feature","geometry":{"type":"Polygon","coordinates":[[[-79.325653,43.696101],[-79.319439,43.696101],[-79.319439,43.700593],[-79.325653,43.700593],[-79.325653,43.696101]]]},"properties":{"StopCount":179}},{"type":"Feature","geometry":{"type":"Polygon","coordinates":[[[-79.319439,43.696101],[-79.313225,43.696101],[-79.313225,43.700593],[-79.319439,43.700593],[-79.319439,43.696101]]]},"properties":{"StopCount":227}},{"type":"Feature","geometry":{"type":"Polygon","coordinates":[[[-79.313225,43.696101],[-79.307011,43.696101],[-79.307011,43.700593],[-79.313225,43.700593],[-79.313225,43.696101]]]},"properties":{"StopCount":102}},{"type":"Feature","geometry":{"type":"Polygon","coordinates":[[[-79.307011,43.696101],[-79.300797,43.696101],[-79.300797,43.700593],[-79.307011,43.700593],[-79.307011,43.696101]]]},"properties":{"StopCount":30}},{"type":"Feature","geometry":{"type":"Polygon","coordinates":[[[-79.300797,43.696101],[-79.294583,43.696101],[-79.294583,43.700593],[-79.300797,43.700593],[-79.300797,43.696101]]]},"properties":{"StopCount":173}},{"type":"Feature","geometry":{"type":"Polygon","coordinates":[[[-79.294583,43.696101],[-79.288369,43.696101],[-79.288369,43.700593],[-79.294583,43.700593],[-79.294583,43.696101]]]},"properties":{"StopCount":100}},{"type":"Feature","geometry":{"type":"Polygon","coordinates":[[[-79.288369,43.696101],[-79.282155,43.696101],[-79.282155,43.700593],[-79.288369,43.700593],[-79.288369,43.696101]]]},"properties":{"StopCount":167}},{"type":"Feature","geometry":{"type":"Polygon","coordinates":[[[-79.282155,43.696101],[-79.275941,43.696101],[-79.275941,43.700593],[-79.282155,43.700593],[-79.282155,43.696101]]]},"properties":{"StopCount":156}},{"type":"Feature","geometry":{"type":"Polygon","coordinates":[[[-79.275941,43.696101],[-79.269727,43.696101],[-79.269727,43.700593],[-79.275941,43.700593],[-79.275941,43.696101]]]},"properties":{"StopCount":125}},{"type":"Feature","geometry":{"type":"Polygon","coordinates":[[[-79.269727,43.696101],[-79.263513,43.696101],[-79.263513,43.700593],[-79.269727,43.700593],[-79.269727,43.696101]]]},"properties":{"StopCount":127}},{"type":"Feature","geometry":{"type":"Polygon","coordinates":[[[-79.263513,43.696101],[-79.257298,43.696101],[-79.257298,43.700593],[-79.263513,43.700593],[-79.263513,43.696101]]]},"properties":{"StopCount":137}},{"type":"Feature","geometry":{"type":"Polygon","coordinates":[[[-79.257298,43.696101],[-79.251084,43.696101],[-79.251084,43.700593],[-79.257298,43.700593],[-79.257298,43.696101]]]},"properties":{"StopCount":129}},{"type":"Feature","geometry":{"type":"Polygon","coordinates":[[[-79.251084,43.696101],[-79.24487,43.696101],[-79.24487,43.700593],[-79.251084,43.700593],[-79.251084,43.696101]]]},"properties":{"StopCount":23}},{"type":"Feature","geometry":{"type":"Polygon","coordinates":[[[-79.6115,43.700593],[-79.605286,43.700593],[-79.605286,43.705084],[-79.6115,43.705084],[-79.6115,43.700593]]]},"properties":{"StopCount":539}},{"type":"Feature","geometry":{"type":"Polygon","coordinates":[[[-79.605286,43.700593],[-79.599072,43.700593],[-79.599072,43.705084],[-79.605286,43.705084],[-79.605286,43.700593]]]},"properties":{"StopCount":494}},{"type":"Feature","geometry":{"type":"Polygon","coordinates":[[[-79.599072,43.700593],[-79.592858,43.700593],[-79.592858,43.705084],[-79.599072,43.705084],[-79.599072,43.700593]]]},"properties":{"StopCount":217}},{"type":"Feature","geometry":{"type":"Polygon","coordinates":[[[-79.592858,43.700593],[-79.586644,43.700593],[-79.586644,43.705084],[-79.592858,43.705084],[-79.592858,43.700593]]]},"properties":{"StopCount":252}},{"type":"Feature","geometry":{"type":"Polygon","coordinates":[[[-79.586644,43.700593],[-79.58043,43.700593],[-79.58043,43.705084],[-79.586644,43.705084],[-79.586644,43.700593]]]},"properties":{"StopCount":2006}},{"type":"Feature","geometry":{"type":"Polygon","coordinates":[[[-79.58043,43.700593],[-79.574216,43.700593],[-79.574216,43.705084],[-79.58043,43.705084],[-79.58043,43.700593]]]},"properties":{"StopCount":641}},{"type":"Feature","geometry":{"type":"Polygon","coordinates":[[[-79.574216,43.700593],[-79.568002,43.700593],[-79.568002,43.705084],[-79.574216,43.705084],[-79.574216,43.700593]]]},"properties":{"StopCount":169}},{"type":"Feature","geometry":{"type":"Polygon","coordinates":[[[-79.568002,43.700593],[-79.561788,43.700593],[-79.561788,43.705084],[-79.568002,43.705084],[-79.568002,43.700593]]]},"properties":{"StopCount":287}},{"type":"Feature","geometry":{"type":"Polygon","coordinates":[[[-79.561788,43.700593],[-79.555574,43.700593],[-79.555574,43.705084],[-79.561788,43.705084],[-79.561788,43.700593]]]},"properties":{"StopCount":248}},{"type":"Feature","geometry":{"type":"Polygon","coordinates":[[[-79.555574,43.700593],[-79.54936,43.700593],[-79.54936,43.705084],[-79.555574,43.705084],[-79.555574,43.700593]]]},"properties":{"StopCount":67}},{"type":"Feature","geometry":{"type":"Polygon","coordinates":[[[-79.54936,43.700593],[-79.543145,43.700593],[-79.543145,43.705084],[-79.54936,43.705084],[-79.54936,43.700593]]]},"properties":{"StopCount":122}},{"type":"Feature","geometry":{"type":"Polygon","coordinates":[[[-79.543145,43.700593],[-79.536931,43.700593],[-79.536931,43.705084],[-79.543145,43.705084],[-79.543145,43.700593]]]},"properties":{"StopCount":5}},{"type":"Feature","geometry":{"type":"Polygon","coordinates":[[[-79.536931,43.700593],[-79.530717,43.700593],[-79.530717,43.705084],[-79.536931,43.705084],[-79.536931,43.700593]]]},"properties":{"StopCount":39}},{"type":"Feature","geometry":{"type":"Polygon","coordinates":[[[-79.530717,43.700593],[-79.524503,43.700593],[-79.524503,43.705084],[-79.530717,43.705084],[-79.530717,43.700593]]]},"properties":{"StopCount":186}},{"type":"Feature","geometry":{"type":"Polygon","coordinates":[[[-79.524503,43.700593],[-79.518289,43.700593],[-79.518289,43.705084],[-79.524503,43.705084],[-79.524503,43.700593]]]},"properties":{"StopCount":328}},{"type":"Feature","geometry":{"type":"Polygon","coordinates":[[[-79.518289,43.700593],[-79.512075,43.700593],[-79.512075,43.705084],[-79.518289,43.705084],[-79.518289,43.700593]]]},"properties":{"StopCount":270}},{"type":"Feature","geometry":{"type":"Polygon","coordinates":[[[-79.512075,43.700593],[-79.505861,43.700593],[-79.505861,43.705084],[-79.512075,43.705084],[-79.512075,43.700593]]]},"properties":{"StopCount":240}},{"type":"Feature","geometry":{"type":"Polygon","coordinates":[[[-79.505861,43.700593],[-79.499647,43.700593],[-79.499647,43.705084],[-79.505861,43.705084],[-79.505861,43.700593]]]},"properties":{"StopCount":352}},{"type":"Feature","geometry":{"type":"Polygon","coordinates":[[[-79.499647,43.700593],[-79.493433,43.700593],[-79.493433,43.705084],[-79.499647,43.705084],[-79.499647,43.700593]]]},"properties":{"StopCount":104}},{"type":"Feature","geometry":{"type":"Polygon","coordinates":[[[-79.493433,43.700593],[-79.487219,43.700593],[-79.487219,43.705084],[-79.493433,43.705084],[-79.493433,43.700593]]]},"properties":{"StopCount":112}},{"type":"Feature","geometry":{"type":"Polygon","coordinates":[[[-79.487219,43.700593],[-79.481005,43.700593],[-79.481005,43.705084],[-79.487219,43.705084],[-79.487219,43.700593]]]},"properties":{"StopCount":97}},{"type":"Feature","geometry":{"type":"Polygon","coordinates":[[[-79.481005,43.700593],[-79.474791,43.700593],[-79.474791,43.705084],[-79.481005,43.705084],[-79.481005,43.700593]]]},"properties":{"StopCount":345}},{"type":"Feature","geometry":{"type":"Polygon","coordinates":[[[-79.474791,43.700593],[-79.468577,43.700593],[-79.468577,43.705084],[-79.474791,43.705084],[-79.474791,43.700593]]]},"properties":{"StopCount":1591}},{"type":"Feature","geometry":{"type":"Polygon","coordinates":[[[-79.468577,43.700593],[-79.462363,43.700593],[-79.462363,43.705084],[-79.468577,43.705084],[-79.468577,43.700593]]]},"properties":{"StopCount":360}},{"type":"Feature","geometry":{"type":"Polygon","coordinates":[[[-79.462363,43.700593],[-79.456149,43.700593],[-79.456149,43.705084],[-79.462363,43.705084],[-79.462363,43.700593]]]},"properties":{"StopCount":308}},{"type":"Feature","geometry":{"type":"Polygon","coordinates":[[[-79.456149,43.700593],[-79.449934,43.700593],[-79.449934,43.705084],[-79.456149,43.705084],[-79.456149,43.700593]]]},"properties":{"StopCount":461}},{"type":"Feature","geometry":{"type":"Polygon","coordinates":[[[-79.449934,43.700593],[-79.44372,43.700593],[-79.44372,43.705084],[-79.449934,43.705084],[-79.449934,43.700593]]]},"properties":{"StopCount":178}},{"type":"Feature","geometry":{"type":"Polygon","coordinates":[[[-79.44372,43.700593],[-79.437506,43.700593],[-79.437506,43.705084],[-79.44372,43.705084],[-79.44372,43.700593]]]},"properties":{"StopCount":424}},{"type":"Feature","geometry":{"type":"Polygon","coordinates":[[[-79.437506,43.700593],[-79.431292,43.700593],[-79.431292,43.705084],[-79.437506,43.705084],[-79.437506,43.700593]]]},"properties":{"StopCount":184}},{"type":"Feature","geometry":{"type":"Polygon","coordinates":[[[-79.431292,43.700593],[-79.425078,43.700593],[-79.425078,43.705084],[-79.431292,43.705084],[-79.431292,43.700593]]]},"properties":{"StopCount":327}},{"type":"Feature","geometry":{"type":"Polygon","coordinates":[[[-79.425078,43.700593],[-79.418864,43.700593],[-79.418864,43.705084],[-79.425078,43.705084],[-79.425078,43.700593]]]},"properties":{"StopCount":413}},{"type":"Feature","geometry":{"type":"Polygon","coordinates":[[[-79.418864,43.700593],[-79.41265,43.700593],[-79.41265,43.705084],[-79.418864,43.705084],[-79.418864,43.700593]]]},"properties":{"StopCount":644}},{"type":"Feature","geometry":{"type":"Polygon","coordinates":[[[-79.41265,43.700593],[-79.406436,43.700593],[-79.406436,43.705084],[-79.41265,43.705084],[-79.41265,43.700593]]]},"properties":{"StopCount":769}},{"type":"Feature","geometry":{"type":"Polygon","coordinates":[[[-79.406436,43.700593],[-79.400222,43.700593],[-79.400222,43.705084],[-79.406436,43.705084],[-79.406436,43.700593]]]},"properties":{"StopCount":322}},{"type":"Feature","geometry":{"type":"Polygon","coordinates":[[[-79.400222,43.700593],[-79.394008,43.700593],[-79.394008,43.705084],[-79.400222,43.705084],[-79.400222,43.700593]]]},"properties":{"StopCount":588}},{"type":"Feature","geometry":{"type":"Polygon","coordinates":[[[-79.394008,43.700593],[-79.387794,43.700593],[-79.387794,43.705084],[-79.394008,43.705084],[-79.394008,43.700593]]]},"properties":{"StopCount":326}},{"type":"Feature","geometry":{"type":"Polygon","coordinates":[[[-79.387794,43.700593],[-79.38158,43.700593],[-79.38158,43.705084],[-79.387794,43.705084],[-79.387794,43.700593]]]},"properties":{"StopCount":226}},{"type":"Feature","geometry":{"type":"Polygon","coordinates":[[[-79.38158,43.700593],[-79.375366,43.700593],[-79.375366,43.705084],[-79.38158,43.705084],[-79.38158,43.700593]]]},"properties":{"StopCount":188}},{"type":"Feature","geometry":{"type":"Polygon","coordinates":[[[-79.375366,43.700593],[-79.369152,43.700593],[-79.369152,43.705084],[-79.375366,43.705084],[-79.375366,43.700593]]]},"properties":{"StopCount":230}},{"type":"Feature","geometry":{"type":"Polygon","coordinates":[[[-79.369152,43.700593],[-79.362938,43.700593],[-79.362938,43.705084],[-79.369152,43.705084],[-79.369152,43.700593]]]},"properties":{"StopCount":155}},{"type":"Feature","geometry":{"type":"Polygon","coordinates":[[[-79.362938,43.700593],[-79.356723,43.700593],[-79.356723,43.705084],[-79.362938,43.705084],[-79.362938,43.700593]]]},"properties":{"StopCount":176}},{"type":"Feature","geometry":{"type":"Polygon","coordinates":[[[-79.356723,43.700593],[-79.350509,43.700593],[-79.350509,43.705084],[-79.356723,43.705084],[-79.356723,43.700593]]]},"properties":{"StopCount":167}},{"type":"Feature","geometry":{"type":"Polygon","coordinates":[[[-79.350509,43.700593],[-79.344295,43.700593],[-79.344295,43.705084],[-79.350509,43.705084],[-79.350509,43.700593]]]},"properties":{"StopCount":232}},{"type":"Feature","geometry":{"type":"Polygon","coordinates":[[[-79.344295,43.700593],[-79.338081,43.700593],[-79.338081,43.705084],[-79.344295,43.705084],[-79.344295,43.700593]]]},"properties":{"StopCount":168}},{"type":"Feature","geometry":{"type":"Polygon","coordinates":[[[-79.338081,43.700593],[-79.331867,43.700593],[-79.331867,43.705084],[-79.338081,43.705084],[-79.338081,43.700593]]]},"properties":{"StopCount":7}},{"type":"Feature","geometry":{"type":"Polygon","coordinates":[[[-79.331867,43.700593],[-79.325653,43.700593],[-79.325653,43.705084],[-79.331867,43.705084],[-79.331867,43.700593]]]},"properties":{"StopCount":14}},{"type":"Feature","geometry":{"type":"Polygon","coordinates":[[[-79.325653,43.700593],[-79.319439,43.700593],[-79.319439,43.705084],[-79.325653,43.705084],[-79.325653,43.700593]]]},"properties":{"StopCount":103}},{"type":"Feature","geometry":{"type":"Polygon","coordinates":[[[-79.319439,43.700593],[-79.313225,43.700593],[-79.313225,43.705084],[-79.319439,43.705084],[-79.319439,43.700593]]]},"properties":{"StopCount":47}},{"type":"Feature","geometry":{"type":"Polygon","coordinates":[[[-79.313225,43.700593],[-79.307011,43.700593],[-79.307011,43.705084],[-79.313225,43.705084],[-79.313225,43.700593]]]},"properties":{"StopCount":50}},{"type":"Feature","geometry":{"type":"Polygon","coordinates":[[[-79.307011,43.700593],[-79.300797,43.700593],[-79.300797,43.705084],[-79.307011,43.705084],[-79.307011,43.700593]]]},"properties":{"StopCount":72}},{"type":"Feature","geometry":{"type":"Polygon","coordinates":[[[-79.300797,43.700593],[-79.294583,43.700593],[-79.294583,43.705084],[-79.300797,43.705084],[-79.300797,43.700593]]]},"properties":{"StopCount":185}},{"type":"Feature","geometry":{"type":"Polygon","coordinates":[[[-79.294583,43.700593],[-79.288369,43.700593],[-79.288369,43.705084],[-79.294583,43.705084],[-79.294583,43.700593]]]},"properties":{"StopCount":101}},{"type":"Feature","geometry":{"type":"Polygon","coordinates":[[[-79.288369,43.700593],[-79.282155,43.700593],[-79.282155,43.705084],[-79.288369,43.705084],[-79.288369,43.700593]]]},"properties":{"StopCount":87}},{"type":"Feature","geometry":{"type":"Polygon","coordinates":[[[-79.282155,43.700593],[-79.275941,43.700593],[-79.275941,43.705084],[-79.282155,43.705084],[-79.282155,43.700593]]]},"properties":{"StopCount":112}},{"type":"Feature","geometry":{"type":"Polygon","coordinates":[[[-79.275941,43.700593],[-79.269727,43.700593],[-79.269727,43.705084],[-79.275941,43.705084],[-79.275941,43.700593]]]},"properties":{"StopCount":113}},{"type":"Feature","geometry":{"type":"Polygon","coordinates":[[[-79.269727,43.700593],[-79.263513,43.700593],[-79.263513,43.705084],[-79.269727,43.705084],[-79.269727,43.700593]]]},"properties":{"StopCount":369}},{"type":"Feature","geometry":{"type":"Polygon","coordinates":[[[-79.263513,43.700593],[-79.257298,43.700593],[-79.257298,43.705084],[-79.263513,43.705084],[-79.263513,43.700593]]]},"properties":{"StopCount":119}},{"type":"Feature","geometry":{"type":"Polygon","coordinates":[[[-79.257298,43.700593],[-79.251084,43.700593],[-79.251084,43.705084],[-79.257298,43.705084],[-79.257298,43.700593]]]},"properties":{"StopCount":149}},{"type":"Feature","geometry":{"type":"Polygon","coordinates":[[[-79.251084,43.700593],[-79.24487,43.700593],[-79.24487,43.705084],[-79.251084,43.705084],[-79.251084,43.700593]]]},"properties":{"StopCount":93}},{"type":"Feature","geometry":{"type":"Polygon","coordinates":[[[-79.24487,43.700593],[-79.238656,43.700593],[-79.238656,43.705084],[-79.24487,43.705084],[-79.24487,43.700593]]]},"properties":{"StopCount":20}},{"type":"Feature","geometry":{"type":"Polygon","coordinates":[[[-79.617714,43.705084],[-79.6115,43.705084],[-79.6115,43.709576],[-79.617714,43.709576],[-79.617714,43.705084]]]},"properties":{"StopCount":6}},{"type":"Feature","geometry":{"type":"Polygon","coordinates":[[[-79.6115,43.705084],[-79.605286,43.705084],[-79.605286,43.709576],[-79.6115,43.709576],[-79.6115,43.705084]]]},"properties":{"StopCount":34}},{"type":"Feature","geometry":{"type":"Polygon","coordinates":[[[-79.605286,43.705084],[-79.599072,43.705084],[-79.599072,43.709576],[-79.605286,43.709576],[-79.605286,43.705084]]]},"properties":{"StopCount":32}},{"type":"Feature","geometry":{"type":"Polygon","coordinates":[[[-79.599072,43.705084],[-79.592858,43.705084],[-79.592858,43.709576],[-79.599072,43.709576],[-79.599072,43.705084]]]},"properties":{"StopCount":16}},{"type":"Feature","geometry":{"type":"Polygon","coordinates":[[[-79.592858,43.705084],[-79.586644,43.705084],[-79.586644,43.709576],[-79.592858,43.709576],[-79.592858,43.705084]]]},"properties":{"StopCount":218}},{"type":"Feature","geometry":{"type":"Polygon","coordinates":[[[-79.586644,43.705084],[-79.58043,43.705084],[-79.58043,43.709576],[-79.586644,43.709576],[-79.586644,43.705084]]]},"properties":{"StopCount":1937}},{"type":"Feature","geometry":{"type":"Polygon","coordinates":[[[-79.58043,43.705084],[-79.574216,43.705084],[-79.574216,43.709576],[-79.58043,43.709576],[-79.58043,43.705084]]]},"properties":{"StopCount":164}},{"type":"Feature","geometry":{"type":"Polygon","coordinates":[[[-79.574216,43.705084],[-79.568002,43.705084],[-79.568002,43.709576],[-79.574216,43.709576],[-79.574216,43.705084]]]},"properties":{"StopCount":224}},{"type":"Feature","geometry":{"type":"Polygon","coordinates":[[[-79.568002,43.705084],[-79.561788,43.705084],[-79.561788,43.709576],[-79.568002,43.709576],[-79.568002,43.705084]]]},"properties":{"StopCount":289}},{"type":"Feature","geometry":{"type":"Polygon","coordinates":[[[-79.561788,43.705084],[-79.555574,43.705084],[-79.555574,43.709576],[-79.561788,43.709576],[-79.561788,43.705084]]]},"properties":{"StopCount":124}},{"type":"Feature","geometry":{"type":"Polygon","coordinates":[[[-79.555574,43.705084],[-79.54936,43.705084],[-79.54936,43.709576],[-79.555574,43.709576],[-79.555574,43.705084]]]},"properties":{"StopCount":90}},{"type":"Feature","geometry":{"type":"Polygon","coordinates":[[[-79.54936,43.705084],[-79.543145,43.705084],[-79.543145,43.709576],[-79.54936,43.709576],[-79.54936,43.705084]]]},"properties":{"StopCount":6}},{"type":"Feature","geometry":{"type":"Polygon","coordinates":[[[-79.536931,43.705084],[-79.530717,43.705084],[-79.530717,43.709576],[-79.536931,43.709576],[-79.536931,43.705084]]]},"properties":{"StopCount":273}},{"type":"Feature","geometry":{"type":"Polygon","coordinates":[[[-79.530717,43.705084],[-79.524503,43.705084],[-79.524503,43.709576],[-79.530717,43.709576],[-79.530717,43.705084]]]},"properties":{"StopCount":137}},{"type":"Feature","geometry":{"type":"Polygon","coordinates":[[[-79.524503,43.705084],[-79.518289,43.705084],[-79.518289,43.709576],[-79.524503,43.709576],[-79.524503,43.705084]]]},"properties":{"StopCount":143}},{"type":"Feature","geometry":{"type":"Polygon","coordinates":[[[-79.518289,43.705084],[-79.512075,43.705084],[-79.512075,43.709576],[-79.518289,43.709576],[-79.518289,43.705084]]]},"properties":{"StopCount":71}},{"type":"Feature","geometry":{"type":"Polygon","coordinates":[[[-79.512075,43.705084],[-79.505861,43.705084],[-79.505861,43.709576],[-79.512075,43.709576],[-79.512075,43.705084]]]},"properties":{"StopCount":163}},{"type":"Feature","geometry":{"type":"Polygon","coordinates":[[[-79.505861,43.705084],[-79.499647,43.705084],[-79.499647,43.709576],[-79.505861,43.709576],[-79.505861,43.705084]]]},"properties":{"StopCount":243}},{"type":"Feature","geometry":{"type":"Polygon","coordinates":[[[-79.499647,43.705084],[-79.493433,43.705084],[-79.493433,43.709576],[-79.499647,43.709576],[-79.499647,43.705084]]]},"properties":{"StopCount":48}},{"type":"Feature","geometry":{"type":"Polygon","coordinates":[[[-79.493433,43.705084],[-79.487219,43.705084],[-79.487219,43.709576],[-79.493433,43.709576],[-79.493433,43.705084]]]},"properties":{"StopCount":228}},{"type":"Feature","geometry":{"type":"Polygon","coordinates":[[[-79.487219,43.705084],[-79.481005,43.705084],[-79.481005,43.709576],[-79.487219,43.709576],[-79.487219,43.705084]]]},"properties":{"StopCount":130}},{"type":"Feature","geometry":{"type":"Polygon","coordinates":[[[-79.481005,43.705084],[-79.474791,43.705084],[-79.474791,43.709576],[-79.481005,43.709576],[-79.481005,43.705084]]]},"properties":{"StopCount":645}},{"type":"Feature","geometry":{"type":"Polygon","coordinates":[[[-79.474791,43.705084],[-79.468577,43.705084],[-79.468577,43.709576],[-79.474791,43.709576],[-79.474791,43.705084]]]},"properties":{"StopCount":384}},{"type":"Feature","geometry":{"type":"Polygon","coordinates":[[[-79.468577,43.705084],[-79.462363,43.705084],[-79.462363,43.709576],[-79.468577,43.709576],[-79.468577,43.705084]]]},"properties":{"StopCount":115}},{"type":"Feature","geometry":{"type":"Polygon","coordinates":[[[-79.462363,43.705084],[-79.456149,43.705084],[-79.456149,43.709576],[-79.462363,43.709576],[-79.462363,43.705084]]]},"properties":{"StopCount":113}},{"type":"Feature","geometry":{"type":"Polygon","coordinates":[[[-79.456149,43.705084],[-79.449934,43.705084],[-79.449934,43.709576],[-79.456149,43.709576],[-79.456149,43.705084]]]},"properties":{"StopCount":275}},{"type":"Feature","geometry":{"type":"Polygon","coordinates":[[[-79.449934,43.705084],[-79.44372,43.705084],[-79.44372,43.709576],[-79.449934,43.709576],[-79.449934,43.705084]]]},"properties":{"StopCount":180}},{"type":"Feature","geometry":{"type":"Polygon","coordinates":[[[-79.44372,43.705084],[-79.437506,43.705084],[-79.437506,43.709576],[-79.44372,43.709576],[-79.44372,43.705084]]]},"properties":{"StopCount":249}},{"type":"Feature","geometry":{"type":"Polygon","coordinates":[[[-79.437506,43.705084],[-79.431292,43.705084],[-79.431292,43.709576],[-79.437506,43.709576],[-79.437506,43.705084]]]},"properties":{"StopCount":130}},{"type":"Feature","geometry":{"type":"Polygon","coordinates":[[[-79.431292,43.705084],[-79.425078,43.705084],[-79.425078,43.709576],[-79.431292,43.709576],[-79.431292,43.705084]]]},"properties":{"StopCount":271}},{"type":"Feature","geometry":{"type":"Polygon","coordinates":[[[-79.425078,43.705084],[-79.418864,43.705084],[-79.418864,43.709576],[-79.425078,43.709576],[-79.425078,43.705084]]]},"properties":{"StopCount":183}},{"type":"Feature","geometry":{"type":"Polygon","coordinates":[[[-79.418864,43.705084],[-79.41265,43.705084],[-79.41265,43.709576],[-79.418864,43.709576],[-79.418864,43.705084]]]},"properties":{"StopCount":266}},{"type":"Feature","geometry":{"type":"Polygon","coordinates":[[[-79.41265,43.705084],[-79.406436,43.705084],[-79.406436,43.709576],[-79.41265,43.709576],[-79.41265,43.705084]]]},"properties":{"StopCount":219}},{"type":"Feature","geometry":{"type":"Polygon","coordinates":[[[-79.406436,43.705084],[-79.400222,43.705084],[-79.400222,43.709576],[-79.406436,43.709576],[-79.406436,43.705084]]]},"properties":{"StopCount":307}},{"type":"Feature","geometry":{"type":"Polygon","coordinates":[[[-79.400222,43.705084],[-79.394008,43.705084],[-79.394008,43.709576],[-79.400222,43.709576],[-79.400222,43.705084]]]},"properties":{"StopCount":900}},{"type":"Feature","geometry":{"type":"Polygon","coordinates":[[[-79.394008,43.705084],[-79.387794,43.705084],[-79.387794,43.709576],[-79.394008,43.709576],[-79.394008,43.705084]]]},"properties":{"StopCount":794}},{"type":"Feature","geometry":{"type":"Polygon","coordinates":[[[-79.387794,43.705084],[-79.38158,43.705084],[-79.38158,43.709576],[-79.387794,43.709576],[-79.387794,43.705084]]]},"properties":{"StopCount":241}},{"type":"Feature","geometry":{"type":"Polygon","coordinates":[[[-79.38158,43.705084],[-79.375366,43.705084],[-79.375366,43.709576],[-79.38158,43.709576],[-79.38158,43.705084]]]},"properties":{"StopCount":276}},{"type":"Feature","geometry":{"type":"Polygon","coordinates":[[[-79.375366,43.705084],[-79.369152,43.705084],[-79.369152,43.709576],[-79.375366,43.709576],[-79.375366,43.705084]]]},"properties":{"StopCount":203}},{"type":"Feature","geometry":{"type":"Polygon","coordinates":[[[-79.369152,43.705084],[-79.362938,43.705084],[-79.362938,43.709576],[-79.369152,43.709576],[-79.369152,43.705084]]]},"properties":{"StopCount":166}},{"type":"Feature","geometry":{"type":"Polygon","coordinates":[[[-79.362938,43.705084],[-79.356723,43.705084],[-79.356723,43.709576],[-79.362938,43.709576],[-79.362938,43.705084]]]},"properties":{"StopCount":639}},{"type":"Feature","geometry":{"type":"Polygon","coordinates":[[[-79.356723,43.705084],[-79.350509,43.705084],[-79.350509,43.709576],[-79.356723,43.709576],[-79.356723,43.705084]]]},"properties":{"StopCount":231}},{"type":"Feature","geometry":{"type":"Polygon","coordinates":[[[-79.350509,43.705084],[-79.344295,43.705084],[-79.344295,43.709576],[-79.350509,43.709576],[-79.350509,43.705084]]]},"properties":{"StopCount":444}},{"type":"Feature","geometry":{"type":"Polygon","coordinates":[[[-79.344295,43.705084],[-79.338081,43.705084],[-79.338081,43.709576],[-79.344295,43.709576],[-79.344295,43.705084]]]},"properties":{"StopCount":303}},{"type":"Feature","geometry":{"type":"Polygon","coordinates":[[[-79.338081,43.705084],[-79.331867,43.705084],[-79.331867,43.709576],[-79.338081,43.709576],[-79.338081,43.705084]]]},"properties":{"StopCount":206}},{"type":"Feature","geometry":{"type":"Polygon","coordinates":[[[-79.325653,43.705084],[-79.319439,43.705084],[-79.319439,43.709576],[-79.325653,43.709576],[-79.325653,43.705084]]]},"properties":{"StopCount":42}},{"type":"Feature","geometry":{"type":"Polygon","coordinates":[[[-79.319439,43.705084],[-79.313225,43.705084],[-79.313225,43.709576],[-79.319439,43.709576],[-79.319439,43.705084]]]},"properties":{"StopCount":184}},{"type":"Feature","geometry":{"type":"Polygon","coordinates":[[[-79.313225,43.705084],[-79.307011,43.705084],[-79.307011,43.709576],[-79.313225,43.709576],[-79.313225,43.705084]]]},"properties":{"StopCount":269}},{"type":"Feature","geometry":{"type":"Polygon","coordinates":[[[-79.307011,43.705084],[-79.300797,43.705084],[-79.300797,43.709576],[-79.307011,43.709576],[-79.307011,43.705084]]]},"properties":{"StopCount":104}},{"type":"Feature","geometry":{"type":"Polygon","coordinates":[[[-79.300797,43.705084],[-79.294583,43.705084],[-79.294583,43.709576],[-79.300797,43.709576],[-79.300797,43.705084]]]},"properties":{"StopCount":293}},{"type":"Feature","geometry":{"type":"Polygon","coordinates":[[[-79.294583,43.705084],[-79.288369,43.705084],[-79.288369,43.709576],[-79.294583,43.709576],[-79.294583,43.705084]]]},"properties":{"StopCount":106}},{"type":"Feature","geometry":{"type":"Polygon","coordinates":[[[-79.288369,43.705084],[-79.282155,43.705084],[-79.282155,43.709576],[-79.288369,43.709576],[-79.288369,43.705084]]]},"properties":{"StopCount":26}},{"type":"Feature","geometry":{"type":"Polygon","coordinates":[[[-79.282155,43.705084],[-79.275941,43.705084],[-79.275941,43.709576],[-79.282155,43.709576],[-79.282155,43.705084]]]},"properties":{"StopCount":76}},{"type":"Feature","geometry":{"type":"Polygon","coordinates":[[[-79.275941,43.705084],[-79.269727,43.705084],[-79.269727,43.709576],[-79.275941,43.709576],[-79.275941,43.705084]]]},"properties":{"StopCount":204}},{"type":"Feature","geometry":{"type":"Polygon","coordinates":[[[-79.269727,43.705084],[-79.263513,43.705084],[-79.263513,43.709576],[-79.269727,43.709576],[-79.269727,43.705084]]]},"properties":{"StopCount":356}},{"type":"Feature","geometry":{"type":"Polygon","coordinates":[[[-79.263513,43.705084],[-79.257298,43.705084],[-79.257298,43.709576],[-79.263513,43.709576],[-79.263513,43.705084]]]},"properties":{"StopCount":76}},{"type":"Feature","geometry":{"type":"Polygon","coordinates":[[[-79.257298,43.705084],[-79.251084,43.705084],[-79.251084,43.709576],[-79.257298,43.709576],[-79.257298,43.705084]]]},"properties":{"StopCount":149}},{"type":"Feature","geometry":{"type":"Polygon","coordinates":[[[-79.251084,43.705084],[-79.24487,43.705084],[-79.24487,43.709576],[-79.251084,43.709576],[-79.251084,43.705084]]]},"properties":{"StopCount":248}},{"type":"Feature","geometry":{"type":"Polygon","coordinates":[[[-79.24487,43.705084],[-79.238656,43.705084],[-79.238656,43.709576],[-79.24487,43.709576],[-79.24487,43.705084]]]},"properties":{"StopCount":32}},{"type":"Feature","geometry":{"type":"Polygon","coordinates":[[[-79.238656,43.705084],[-79.232442,43.705084],[-79.232442,43.709576],[-79.238656,43.709576],[-79.238656,43.705084]]]},"properties":{"StopCount":143}},{"type":"Feature","geometry":{"type":"Polygon","coordinates":[[[-79.232442,43.705084],[-79.226228,43.705084],[-79.226228,43.709576],[-79.232442,43.709576],[-79.232442,43.705084]]]},"properties":{"StopCount":17}},{"type":"Feature","geometry":{"type":"Polygon","coordinates":[[[-79.617714,43.709576],[-79.6115,43.709576],[-79.6115,43.714068],[-79.617714,43.714068],[-79.617714,43.709576]]]},"properties":{"StopCount":4}},{"type":"Feature","geometry":{"type":"Polygon","coordinates":[[[-79.6115,43.709576],[-79.605286,43.709576],[-79.605286,43.714068],[-79.6115,43.714068],[-79.6115,43.709576]]]},"properties":{"StopCount":541}},{"type":"Feature","geometry":{"type":"Polygon","coordinates":[[[-79.605286,43.709576],[-79.599072,43.709576],[-79.599072,43.714068],[-79.605286,43.714068],[-79.605286,43.709576]]]},"properties":{"StopCount":29}},{"type":"Feature","geometry":{"type":"Polygon","coordinates":[[[-79.599072,43.709576],[-79.592858,43.709576],[-79.592858,43.714068],[-79.599072,43.714068],[-79.599072,43.709576]]]},"properties":{"StopCount":92}},{"type":"Feature","geometry":{"type":"Polygon","coordinates":[[[-79.592858,43.709576],[-79.586644,43.709576],[-79.586644,43.714068],[-79.592858,43.714068],[-79.592858,43.709576]]]},"properties":{"StopCount":258}},{"type":"Feature","geometry":{"type":"Polygon","coordinates":[[[-79.586644,43.709576],[-79.58043,43.709576],[-79.58043,43.714068],[-79.586644,43.714068],[-79.586644,43.709576]]]},"properties":{"StopCount":478}},{"type":"Feature","geometry":{"type":"Polygon","coordinates":[[[-79.58043,43.709576],[-79.574216,43.709576],[-79.574216,43.714068],[-79.58043,43.714068],[-79.58043,43.709576]]]},"properties":{"StopCount":723}},{"type":"Feature","geometry":{"type":"Polygon","coordinates":[[[-79.574216,43.709576],[-79.568002,43.709576],[-79.568002,43.714068],[-79.574216,43.714068],[-79.574216,43.709576]]]},"properties":{"StopCount":1048}},{"type":"Feature","geometry":{"type":"Polygon","coordinates":[[[-79.568002,43.709576],[-79.561788,43.709576],[-79.561788,43.714068],[-79.568002,43.714068],[-79.568002,43.709576]]]},"properties":{"StopCount":763}},{"type":"Feature","geometry":{"type":"Polygon","coordinates":[[[-79.561788,43.709576],[-79.555574,43.709576],[-79.555574,43.714068],[-79.561788,43.714068],[-79.561788,43.709576]]]},"properties":{"StopCount":620}},{"type":"Feature","geometry":{"type":"Polygon","coordinates":[[[-79.555574,43.709576],[-79.54936,43.709576],[-79.54936,43.714068],[-79.555574,43.714068],[-79.555574,43.709576]]]},"properties":{"StopCount":233}},{"type":"Feature","geometry":{"type":"Polygon","coordinates":[[[-79.54936,43.709576],[-79.543145,43.709576],[-79.543145,43.714068],[-79.54936,43.714068],[-79.54936,43.709576]]]},"properties":{"StopCount":152}},{"type":"Feature","geometry":{"type":"Polygon","coordinates":[[[-79.543145,43.709576],[-79.536931,43.709576],[-79.536931,43.714068],[-79.543145,43.714068],[-79.543145,43.709576]]]},"properties":{"StopCount":113}},{"type":"Feature","geometry":{"type":"Polygon","coordinates":[[[-79.536931,43.709576],[-79.530717,43.709576],[-79.530717,43.714068],[-79.536931,43.714068],[-79.536931,43.709576]]]},"properties":{"StopCount":596}},{"type":"Feature","geometry":{"type":"Polygon","coordinates":[[[-79.530717,43.709576],[-79.524503,43.709576],[-79.524503,43.714068],[-79.530717,43.714068],[-79.530717,43.709576]]]},"properties":{"StopCount":140}},{"type":"Feature","geometry":{"type":"Polygon","coordinates":[[[-79.524503,43.709576],[-79.518289,43.709576],[-79.518289,43.714068],[-79.524503,43.714068],[-79.524503,43.709576]]]},"properties":{"StopCount":95}},{"type":"Feature","geometry":{"type":"Polygon","coordinates":[[[-79.518289,43.709576],[-79.512075,43.709576],[-79.512075,43.714068],[-79.518289,43.714068],[-79.518289,43.709576]]]},"properties":{"StopCount":141}},{"type":"Feature","geometry":{"type":"Polygon","coordinates":[[[-79.512075,43.709576],[-79.505861,43.709576],[-79.505861,43.714068],[-79.512075,43.714068],[-79.512075,43.709576]]]},"properties":{"StopCount":124}},{"type":"Feature","geometry":{"type":"Polygon","coordinates":[[[-79.505861,43.709576],[-79.499647,43.709576],[-79.499647,43.714068],[-79.505861,43.714068],[-79.505861,43.709576]]]},"properties":{"StopCount":50}},{"type":"Feature","geometry":{"type":"Polygon","coordinates":[[[-79.499647,43.709576],[-79.493433,43.709576],[-79.493433,43.714068],[-79.499647,43.714068],[-79.499647,43.709576]]]},"properties":{"StopCount":52}},{"type":"Feature","geometry":{"type":"Polygon","coordinates":[[[-79.493433,43.709576],[-79.487219,43.709576],[-79.487219,43.714068],[-79.493433,43.714068],[-79.493433,43.709576]]]},"properties":{"StopCount":43}},{"type":"Feature","geometry":{"type":"Polygon","coordinates":[[[-79.487219,43.709576],[-79.481005,43.709576],[-79.481005,43.714068],[-79.487219,43.714068],[-79.487219,43.709576]]]},"properties":{"StopCount":45}},{"type":"Feature","geometry":{"type":"Polygon","coordinates":[[[-79.481005,43.709576],[-79.474791,43.709576],[-79.474791,43.714068],[-79.481005,43.714068],[-79.481005,43.709576]]]},"properties":{"StopCount":82}},{"type":"Feature","geometry":{"type":"Polygon","coordinates":[[[-79.474791,43.709576],[-79.468577,43.709576],[-79.468577,43.714068],[-79.474791,43.714068],[-79.474791,43.709576]]]},"properties":{"StopCount":165}},{"type":"Feature","geometry":{"type":"Polygon","coordinates":[[[-79.468577,43.709576],[-79.462363,43.709576],[-79.462363,43.714068],[-79.468577,43.714068],[-79.468577,43.709576]]]},"properties":{"StopCount":324}},{"type":"Feature","geometry":{"type":"Polygon","coordinates":[[[-79.462363,43.709576],[-79.456149,43.709576],[-79.456149,43.714068],[-79.462363,43.714068],[-79.462363,43.709576]]]},"properties":{"StopCount":173}},{"type":"Feature","geometry":{"type":"Polygon","coordinates":[[[-79.456149,43.709576],[-79.449934,43.709576],[-79.449934,43.714068],[-79.456149,43.714068],[-79.456149,43.709576]]]},"properties":{"StopCount":194}},{"type":"Feature","geometry":{"type":"Polygon","coordinates":[[[-79.449934,43.709576],[-79.44372,43.709576],[-79.44372,43.714068],[-79.449934,43.714068],[-79.449934,43.709576]]]},"properties":{"StopCount":110}},{"type":"Feature","geometry":{"type":"Polygon","coordinates":[[[-79.44372,43.709576],[-79.437506,43.709576],[-79.437506,43.714068],[-79.44372,43.714068],[-79.44372,43.709576]]]},"properties":{"StopCount":166}},{"type":"Feature","geometry":{"type":"Polygon","coordinates":[[[-79.437506,43.709576],[-79.431292,43.709576],[-79.431292,43.714068],[-79.437506,43.714068],[-79.437506,43.709576]]]},"properties":{"StopCount":123}},{"type":"Feature","geometry":{"type":"Polygon","coordinates":[[[-79.431292,43.709576],[-79.425078,43.709576],[-79.425078,43.714068],[-79.431292,43.714068],[-79.431292,43.709576]]]},"properties":{"StopCount":237}},{"type":"Feature","geometry":{"type":"Polygon","coordinates":[[[-79.425078,43.709576],[-79.418864,43.709576],[-79.418864,43.714068],[-79.425078,43.714068],[-79.425078,43.709576]]]},"properties":{"StopCount":106}},{"type":"Feature","geometry":{"type":"Polygon","coordinates":[[[-79.418864,43.709576],[-79.41265,43.709576],[-79.41265,43.714068],[-79.418864,43.714068],[-79.418864,43.709576]]]},"properties":{"StopCount":113}},{"type":"Feature","geometry":{"type":"Polygon","coordinates":[[[-79.41265,43.709576],[-79.406436,43.709576],[-79.406436,43.714068],[-79.41265,43.714068],[-79.41265,43.709576]]]},"properties":{"StopCount":243}},{"type":"Feature","geometry":{"type":"Polygon","coordinates":[[[-79.406436,43.709576],[-79.400222,43.709576],[-79.400222,43.714068],[-79.406436,43.714068],[-79.406436,43.709576]]]},"properties":{"StopCount":198}},{"type":"Feature","geometry":{"type":"Polygon","coordinates":[[[-79.400222,43.709576],[-79.394008,43.709576],[-79.394008,43.714068],[-79.400222,43.714068],[-79.400222,43.709576]]]},"properties":{"StopCount":617}},{"type":"Feature","geometry":{"type":"Polygon","coordinates":[[[-79.394008,43.709576],[-79.387794,43.709576],[-79.387794,43.714068],[-79.394008,43.714068],[-79.394008,43.709576]]]},"properties":{"StopCount":563}},{"type":"Feature","geometry":{"type":"Polygon","coordinates":[[[-79.387794,43.709576],[-79.38158,43.709576],[-79.38158,43.714068],[-79.387794,43.714068],[-79.387794,43.709576]]]},"properties":{"StopCount":202}},{"type":"Feature","geometry":{"type":"Polygon","coordinates":[[[-79.38158,43.709576],[-79.375366,43.709576],[-79.375366,43.714068],[-79.38158,43.714068],[-79.38158,43.709576]]]},"properties":{"StopCount":532}},{"type":"Feature","geometry":{"type":"Polygon","coordinates":[[[-79.375366,43.709576],[-79.369152,43.709576],[-79.369152,43.714068],[-79.375366,43.714068],[-79.375366,43.709576]]]},"properties":{"StopCount":145}},{"type":"Feature","geometry":{"type":"Polygon","coordinates":[[[-79.369152,43.709576],[-79.362938,43.709576],[-79.362938,43.714068],[-79.369152,43.714068],[-79.369152,43.709576]]]},"properties":{"StopCount":355}},{"type":"Feature","geometry":{"type":"Polygon","coordinates":[[[-79.362938,43.709576],[-79.356723,43.709576],[-79.356723,43.714068],[-79.362938,43.714068],[-79.362938,43.709576]]]},"properties":{"StopCount":843}},{"type":"Feature","geometry":{"type":"Polygon","coordinates":[[[-79.356723,43.709576],[-79.350509,43.709576],[-79.350509,43.714068],[-79.356723,43.714068],[-79.356723,43.709576]]]},"properties":{"StopCount":678}},{"type":"Feature","geometry":{"type":"Polygon","coordinates":[[[-79.350509,43.709576],[-79.344295,43.709576],[-79.344295,43.714068],[-79.350509,43.714068],[-79.350509,43.709576]]]},"properties":{"StopCount":95}},{"type":"Feature","geometry":{"type":"Polygon","coordinates":[[[-79.344295,43.709576],[-79.338081,43.709576],[-79.338081,43.714068],[-79.344295,43.714068],[-79.344295,43.709576]]]},"properties":{"StopCount":176}},{"type":"Feature","geometry":{"type":"Polygon","coordinates":[[[-79.338081,43.709576],[-79.331867,43.709576],[-79.331867,43.714068],[-79.338081,43.714068],[-79.338081,43.709576]]]},"properties":{"StopCount":262}},{"type":"Feature","geometry":{"type":"Polygon","coordinates":[[[-79.331867,43.709576],[-79.325653,43.709576],[-79.325653,43.714068],[-79.331867,43.714068],[-79.331867,43.709576]]]},"properties":{"StopCount":83}},{"type":"Feature","geometry":{"type":"Polygon","coordinates":[[[-79.325653,43.709576],[-79.319439,43.709576],[-79.319439,43.714068],[-79.325653,43.714068],[-79.325653,43.709576]]]},"properties":{"StopCount":37}},{"type":"Feature","geometry":{"type":"Polygon","coordinates":[[[-79.319439,43.709576],[-79.313225,43.709576],[-79.313225,43.714068],[-79.319439,43.714068],[-79.319439,43.709576]]]},"properties":{"StopCount":690}},{"type":"Feature","geometry":{"type":"Polygon","coordinates":[[[-79.313225,43.709576],[-79.307011,43.709576],[-79.307011,43.714068],[-79.313225,43.714068],[-79.313225,43.709576]]]},"properties":{"StopCount":625}},{"type":"Feature","geometry":{"type":"Polygon","coordinates":[[[-79.307011,43.709576],[-79.300797,43.709576],[-79.300797,43.714068],[-79.307011,43.714068],[-79.307011,43.709576]]]},"properties":{"StopCount":102}},{"type":"Feature","geometry":{"type":"Polygon","coordinates":[[[-79.300797,43.709576],[-79.294583,43.709576],[-79.294583,43.714068],[-79.300797,43.714068],[-79.300797,43.709576]]]},"properties":{"StopCount":157}},{"type":"Feature","geometry":{"type":"Polygon","coordinates":[[[-79.294583,43.709576],[-79.288369,43.709576],[-79.288369,43.714068],[-79.294583,43.714068],[-79.294583,43.709576]]]},"properties":{"StopCount":133}},{"type":"Feature","geometry":{"type":"Polygon","coordinates":[[[-79.288369,43.709576],[-79.282155,43.709576],[-79.282155,43.714068],[-79.288369,43.714068],[-79.288369,43.709576]]]},"properties":{"StopCount":85}},{"type":"Feature","geometry":{"type":"Polygon","coordinates":[[[-79.282155,43.709576],[-79.275941,43.709576],[-79.275941,43.714068],[-79.282155,43.714068],[-79.282155,43.709576]]]},"properties":{"StopCount":124}},{"type":"Feature","geometry":{"type":"Polygon","coordinates":[[[-79.275941,43.709576],[-79.269727,43.709576],[-79.269727,43.714068],[-79.275941,43.714068],[-79.275941,43.709576]]]},"properties":{"StopCount":167}},{"type":"Feature","geometry":{"type":"Polygon","coordinates":[[[-79.269727,43.709576],[-79.263513,43.709576],[-79.263513,43.714068],[-79.269727,43.714068],[-79.269727,43.709576]]]},"properties":{"StopCount":108}},{"type":"Feature","geometry":{"type":"Polygon","coordinates":[[[-79.263513,43.709576],[-79.257298,43.709576],[-79.257298,43.714068],[-79.263513,43.714068],[-79.263513,43.709576]]]},"properties":{"StopCount":222}},{"type":"Feature","geometry":{"type":"Polygon","coordinates":[[[-79.257298,43.709576],[-79.251084,43.709576],[-79.251084,43.714068],[-79.257298,43.714068],[-79.257298,43.709576]]]},"properties":{"StopCount":108}},{"type":"Feature","geometry":{"type":"Polygon","coordinates":[[[-79.251084,43.709576],[-79.24487,43.709576],[-79.24487,43.714068],[-79.251084,43.714068],[-79.251084,43.709576]]]},"properties":{"StopCount":170}},{"type":"Feature","geometry":{"type":"Polygon","coordinates":[[[-79.24487,43.709576],[-79.238656,43.709576],[-79.238656,43.714068],[-79.24487,43.714068],[-79.24487,43.709576]]]},"properties":{"StopCount":45}},{"type":"Feature","geometry":{"type":"Polygon","coordinates":[[[-79.238656,43.709576],[-79.232442,43.709576],[-79.232442,43.714068],[-79.238656,43.714068],[-79.238656,43.709576]]]},"properties":{"StopCount":27}},{"type":"Feature","geometry":{"type":"Polygon","coordinates":[[[-79.232442,43.709576],[-79.226228,43.709576],[-79.226228,43.714068],[-79.232442,43.714068],[-79.232442,43.709576]]]},"properties":{"StopCount":81}},{"type":"Feature","geometry":{"type":"Polygon","coordinates":[[[-79.623928,43.714068],[-79.617714,43.714068],[-79.617714,43.718559],[-79.623928,43.718559],[-79.623928,43.714068]]]},"properties":{"StopCount":7}},{"type":"Feature","geometry":{"type":"Polygon","coordinates":[[[-79.6115,43.714068],[-79.605286,43.714068],[-79.605286,43.718559],[-79.6115,43.718559],[-79.6115,43.714068]]]},"properties":{"StopCount":255}},{"type":"Feature","geometry":{"type":"Polygon","coordinates":[[[-79.605286,43.714068],[-79.599072,43.714068],[-79.599072,43.718559],[-79.605286,43.718559],[-79.605286,43.714068]]]},"properties":{"StopCount":306}},{"type":"Feature","geometry":{"type":"Polygon","coordinates":[[[-79.599072,43.714068],[-79.592858,43.714068],[-79.592858,43.718559],[-79.599072,43.718559],[-79.599072,43.714068]]]},"properties":{"StopCount":431}},{"type":"Feature","geometry":{"type":"Polygon","coordinates":[[[-79.592858,43.714068],[-79.586644,43.714068],[-79.586644,43.718559],[-79.592858,43.718559],[-79.592858,43.714068]]]},"properties":{"StopCount":203}},{"type":"Feature","geometry":{"type":"Polygon","coordinates":[[[-79.586644,43.714068],[-79.58043,43.714068],[-79.58043,43.718559],[-79.586644,43.718559],[-79.586644,43.714068]]]},"properties":{"StopCount":561}},{"type":"Feature","geometry":{"type":"Polygon","coordinates":[[[-79.58043,43.714068],[-79.574216,43.714068],[-79.574216,43.718559],[-79.58043,43.718559],[-79.58043,43.714068]]]},"properties":{"StopCount":297}},{"type":"Feature","geometry":{"type":"Polygon","coordinates":[[[-79.574216,43.714068],[-79.568002,43.714068],[-79.568002,43.718559],[-79.574216,43.718559],[-79.574216,43.714068]]]},"properties":{"StopCount":601}},{"type":"Feature","geometry":{"type":"Polygon","coordinates":[[[-79.568002,43.714068],[-79.561788,43.714068],[-79.561788,43.718559],[-79.568002,43.718559],[-79.568002,43.714068]]]},"properties":{"StopCount":167}},{"type":"Feature","geometry":{"type":"Polygon","coordinates":[[[-79.561788,43.714068],[-79.555574,43.714068],[-79.555574,43.718559],[-79.561788,43.718559],[-79.561788,43.714068]]]},"properties":{"StopCount":163}},{"type":"Feature","geometry":{"type":"Polygon","coordinates":[[[-79.555574,43.714068],[-79.54936,43.714068],[-79.54936,43.718559],[-79.555574,43.718559],[-79.555574,43.714068]]]},"properties":{"StopCount":549}},{"type":"Feature","geometry":{"type":"Polygon","coordinates":[[[-79.54936,43.714068],[-79.543145,43.714068],[-79.543145,43.718559],[-79.54936,43.718559],[-79.54936,43.714068]]]},"properties":{"StopCount":108}},{"type":"Feature","geometry":{"type":"Polygon","coordinates":[[[-79.543145,43.714068],[-79.536931,43.714068],[-79.536931,43.718559],[-79.543145,43.718559],[-79.543145,43.714068]]]},"properties":{"StopCount":25}},{"type":"Feature","geometry":{"type":"Polygon","coordinates":[[[-79.536931,43.714068],[-79.530717,43.714068],[-79.530717,43.718559],[-79.536931,43.718559],[-79.536931,43.714068]]]},"properties":{"StopCount":49}},{"type":"Feature","geometry":{"type":"Polygon","coordinates":[[[-79.530717,43.714068],[-79.524503,43.714068],[-79.524503,43.718559],[-79.530717,43.718559],[-79.530717,43.714068]]]},"properties":{"StopCount":230}},{"type":"Feature","geometry":{"type":"Polygon","coordinates":[[[-79.524503,43.714068],[-79.518289,43.714068],[-79.518289,43.718559],[-79.524503,43.718559],[-79.524503,43.714068]]]},"properties":{"StopCount":97}},{"type":"Feature","geometry":{"type":"Polygon","coordinates":[[[-79.518289,43.714068],[-79.512075,43.714068],[-79.512075,43.718559],[-79.518289,43.718559],[-79.518289,43.714068]]]},"properties":{"StopCount":59}},{"type":"Feature","geometry":{"type":"Polygon","coordinates":[[[-79.512075,43.714068],[-79.505861,43.714068],[-79.505861,43.718559],[-79.512075,43.718559],[-79.512075,43.714068]]]},"properties":{"StopCount":460}},{"type":"Feature","geometry":{"type":"Polygon","coordinates":[[[-79.505861,43.714068],[-79.499647,43.714068],[-79.499647,43.718559],[-79.505861,43.718559],[-79.505861,43.714068]]]},"properties":{"StopCount":111}},{"type":"Feature","geometry":{"type":"Polygon","coordinates":[[[-79.499647,43.714068],[-79.493433,43.714068],[-79.493433,43.718559],[-79.499647,43.718559],[-79.499647,43.714068]]]},"properties":{"StopCount":50}},{"type":"Feature","geometry":{"type":"Polygon","coordinates":[[[-79.493433,43.714068],[-79.487219,43.714068],[-79.487219,43.718559],[-79.493433,43.718559],[-79.493433,43.714068]]]},"properties":{"StopCount":182}},{"type":"Feature","geometry":{"type":"Polygon","coordinates":[[[-79.487219,43.714068],[-79.481005,43.714068],[-79.481005,43.718559],[-79.487219,43.718559],[-79.487219,43.714068]]]},"properties":{"StopCount":68}},{"type":"Feature","geometry":{"type":"Polygon","coordinates":[[[-79.481005,43.714068],[-79.474791,43.714068],[-79.474791,43.718559],[-79.481005,43.718559],[-79.481005,43.714068]]]},"properties":{"StopCount":126}},{"type":"Feature","geometry":{"type":"Polygon","coordinates":[[[-79.474791,43.714068],[-79.468577,43.714068],[-79.468577,43.718559],[-79.474791,43.718559],[-79.474791,43.714068]]]},"properties":{"StopCount":70}},{"type":"Feature","geometry":{"type":"Polygon","coordinates":[[[-79.468577,43.714068],[-79.462363,43.714068],[-79.462363,43.718559],[-79.468577,43.718559],[-79.468577,43.714068]]]},"properties":{"StopCount":193}},{"type":"Feature","geometry":{"type":"Polygon","coordinates":[[[-79.462363,43.714068],[-79.456149,43.714068],[-79.456149,43.718559],[-79.462363,43.718559],[-79.462363,43.714068]]]},"properties":{"StopCount":290}},{"type":"Feature","geometry":{"type":"Polygon","coordinates":[[[-79.456149,43.714068],[-79.449934,43.714068],[-79.449934,43.718559],[-79.456149,43.718559],[-79.456149,43.714068]]]},"properties":{"StopCount":486}},{"type":"Feature","geometry":{"type":"Polygon","coordinates":[[[-79.449934,43.714068],[-79.44372,43.714068],[-79.44372,43.718559],[-79.449934,43.718559],[-79.449934,43.714068]]]},"properties":{"StopCount":602}},{"type":"Feature","geometry":{"type":"Polygon","coordinates":[[[-79.44372,43.714068],[-79.437506,43.714068],[-79.437506,43.718559],[-79.44372,43.718559],[-79.44372,43.714068]]]},"properties":{"StopCount":303}},{"type":"Feature","geometry":{"type":"Polygon","coordinates":[[[-79.437506,43.714068],[-79.431292,43.714068],[-79.431292,43.718559],[-79.437506,43.718559],[-79.437506,43.714068]]]},"properties":{"StopCount":213}},{"type":"Feature","geometry":{"type":"Polygon","coordinates":[[[-79.431292,43.714068],[-79.425078,43.714068],[-79.425078,43.718559],[-79.431292,43.718559],[-79.431292,43.714068]]]},"properties":{"StopCount":319}},{"type":"Feature","geometry":{"type":"Polygon","coordinates":[[[-79.425078,43.714068],[-79.418864,43.714068],[-79.418864,43.718559],[-79.425078,43.718559],[-79.425078,43.714068]]]},"properties":{"StopCount":42}},{"type":"Feature","geometry":{"type":"Polygon","coordinates":[[[-79.418864,43.714068],[-79.41265,43.714068],[-79.41265,43.718559],[-79.418864,43.718559],[-79.418864,43.714068]]]},"properties":{"StopCount":171}},{"type":"Feature","geometry":{"type":"Polygon","coordinates":[[[-79.41265,43.714068],[-79.406436,43.714068],[-79.406436,43.718559],[-79.41265,43.718559],[-79.41265,43.714068]]]},"properties":{"StopCount":88}},{"type":"Feature","geometry":{"type":"Polygon","coordinates":[[[-79.406436,43.714068],[-79.400222,43.714068],[-79.400222,43.718559],[-79.406436,43.718559],[-79.406436,43.714068]]]},"properties":{"StopCount":156}},{"type":"Feature","geometry":{"type":"Polygon","coordinates":[[[-79.400222,43.714068],[-79.394008,43.714068],[-79.394008,43.718559],[-79.400222,43.718559],[-79.400222,43.714068]]]},"properties":{"StopCount":145}},{"type":"Feature","geometry":{"type":"Polygon","coordinates":[[[-79.394008,43.714068],[-79.387794,43.714068],[-79.387794,43.718559],[-79.394008,43.718559],[-79.394008,43.714068]]]},"properties":{"StopCount":167}},{"type":"Feature","geometry":{"type":"Polygon","coordinates":[[[-79.387794,43.714068],[-79.38158,43.714068],[-79.38158,43.718559],[-79.387794,43.718559],[-79.387794,43.714068]]]},"properties":{"StopCount":21}},{"type":"Feature","geometry":{"type":"Polygon","coordinates":[[[-79.38158,43.714068],[-79.375366,43.714068],[-79.375366,43.718559],[-79.38158,43.718559],[-79.38158,43.714068]]]},"properties":{"StopCount":210}},{"type":"Feature","geometry":{"type":"Polygon","coordinates":[[[-79.375366,43.714068],[-79.369152,43.714068],[-79.369152,43.718559],[-79.375366,43.718559],[-79.375366,43.714068]]]},"properties":{"StopCount":153}},{"type":"Feature","geometry":{"type":"Polygon","coordinates":[[[-79.369152,43.714068],[-79.362938,43.714068],[-79.362938,43.718559],[-79.369152,43.718559],[-79.369152,43.714068]]]},"properties":{"StopCount":151}},{"type":"Feature","geometry":{"type":"Polygon","coordinates":[[[-79.362938,43.714068],[-79.356723,43.714068],[-79.356723,43.718559],[-79.362938,43.718559],[-79.362938,43.714068]]]},"properties":{"StopCount":213}},{"type":"Feature","geometry":{"type":"Polygon","coordinates":[[[-79.356723,43.714068],[-79.350509,43.714068],[-79.350509,43.718559],[-79.356723,43.718559],[-79.356723,43.714068]]]},"properties":{"StopCount":102}},{"type":"Feature","geometry":{"type":"Polygon","coordinates":[[[-79.350509,43.714068],[-79.344295,43.714068],[-79.344295,43.718559],[-79.350509,43.718559],[-79.350509,43.714068]]]},"properties":{"StopCount":64}},{"type":"Feature","geometry":{"type":"Polygon","coordinates":[[[-79.344295,43.714068],[-79.338081,43.714068],[-79.338081,43.718559],[-79.344295,43.718559],[-79.344295,43.714068]]]},"properties":{"StopCount":15}},{"type":"Feature","geometry":{"type":"Polygon","coordinates":[[[-79.338081,43.714068],[-79.331867,43.714068],[-79.331867,43.718559],[-79.338081,43.718559],[-79.338081,43.714068]]]},"properties":{"StopCount":365}},{"type":"Feature","geometry":{"type":"Polygon","coordinates":[[[-79.331867,43.714068],[-79.325653,43.714068],[-79.325653,43.718559],[-79.331867,43.718559],[-79.331867,43.714068]]]},"properties":{"StopCount":156}},{"type":"Feature","geometry":{"type":"Polygon","coordinates":[[[-79.325653,43.714068],[-79.319439,43.714068],[-79.319439,43.718559],[-79.325653,43.718559],[-79.325653,43.714068]]]},"properties":{"StopCount":6}},{"type":"Feature","geometry":{"type":"Polygon","coordinates":[[[-79.319439,43.714068],[-79.313225,43.714068],[-79.313225,43.718559],[-79.319439,43.718559],[-79.319439,43.714068]]]},"properties":{"StopCount":241}},{"type":"Feature","geometry":{"type":"Polygon","coordinates":[[[-79.313225,43.714068],[-79.307011,43.714068],[-79.307011,43.718559],[-79.313225,43.718559],[-79.313225,43.714068]]]},"properties":{"StopCount":504}},{"type":"Feature","geometry":{"type":"Polygon","coordinates":[[[-79.307011,43.714068],[-79.300797,43.714068],[-79.300797,43.718559],[-79.307011,43.718559],[-79.307011,43.714068]]]},"properties":{"StopCount":322}},{"type":"Feature","geometry":{"type":"Polygon","coordinates":[[[-79.300797,43.714068],[-79.294583,43.714068],[-79.294583,43.718559],[-79.300797,43.718559],[-79.300797,43.714068]]]},"properties":{"StopCount":140}},{"type":"Feature","geometry":{"type":"Polygon","coordinates":[[[-79.294583,43.714068],[-79.288369,43.714068],[-79.288369,43.718559],[-79.294583,43.718559],[-79.294583,43.714068]]]},"properties":{"StopCount":95}},{"type":"Feature","geometry":{"type":"Polygon","coordinates":[[[-79.288369,43.714068],[-79.282155,43.714068],[-79.282155,43.718559],[-79.288369,43.718559],[-79.288369,43.714068]]]},"properties":{"StopCount":165}},{"type":"Feature","geometry":{"type":"Polygon","coordinates":[[[-79.282155,43.714068],[-79.275941,43.714068],[-79.275941,43.718559],[-79.282155,43.718559],[-79.282155,43.714068]]]},"properties":{"StopCount":201}},{"type":"Feature","geometry":{"type":"Polygon","coordinates":[[[-79.275941,43.714068],[-79.269727,43.714068],[-79.269727,43.718559],[-79.275941,43.718559],[-79.275941,43.714068]]]},"properties":{"StopCount":116}},{"type":"Feature","geometry":{"type":"Polygon","coordinates":[[[-79.269727,43.714068],[-79.263513,43.714068],[-79.263513,43.718559],[-79.269727,43.718559],[-79.269727,43.714068]]]},"properties":{"StopCount":50}},{"type":"Feature","geometry":{"type":"Polygon","coordinates":[[[-79.263513,43.714068],[-79.257298,43.714068],[-79.257298,43.718559],[-79.263513,43.718559],[-79.263513,43.714068]]]},"properties":{"StopCount":201}},{"type":"Feature","geometry":{"type":"Polygon","coordinates":[[[-79.257298,43.714068],[-79.251084,43.714068],[-79.251084,43.718559],[-79.257298,43.718559],[-79.257298,43.714068]]]},"properties":{"StopCount":250}},{"type":"Feature","geometry":{"type":"Polygon","coordinates":[[[-79.251084,43.714068],[-79.24487,43.714068],[-79.24487,43.718559],[-79.251084,43.718559],[-79.251084,43.714068]]]},"properties":{"StopCount":134}},{"type":"Feature","geometry":{"type":"Polygon","coordinates":[[[-79.24487,43.714068],[-79.238656,43.714068],[-79.238656,43.718559],[-79.24487,43.718559],[-79.24487,43.714068]]]},"properties":{"StopCount":49}},{"type":"Feature","geometry":{"type":"Polygon","coordinates":[[[-79.238656,43.714068],[-79.232442,43.714068],[-79.232442,43.718559],[-79.238656,43.718559],[-79.238656,43.714068]]]},"properties":{"StopCount":86}},{"type":"Feature","geometry":{"type":"Polygon","coordinates":[[[-79.232442,43.714068],[-79.226228,43.714068],[-79.226228,43.718559],[-79.232442,43.718559],[-79.232442,43.714068]]]},"properties":{"StopCount":45}},{"type":"Feature","geometry":{"type":"Polygon","coordinates":[[[-79.623928,43.718559],[-79.617714,43.718559],[-79.617714,43.723051],[-79.623928,43.723051],[-79.623928,43.718559]]]},"properties":{"StopCount":51}},{"type":"Feature","geometry":{"type":"Polygon","coordinates":[[[-79.617714,43.718559],[-79.6115,43.718559],[-79.6115,43.723051],[-79.617714,43.723051],[-79.617714,43.718559]]]},"properties":{"StopCount":153}},{"type":"Feature","geometry":{"type":"Polygon","coordinates":[[[-79.6115,43.718559],[-79.605286,43.718559],[-79.605286,43.723051],[-79.6115,43.723051],[-79.6115,43.718559]]]},"properties":{"StopCount":11}},{"type":"Feature","geometry":{"type":"Polygon","coordinates":[[[-79.605286,43.718559],[-79.599072,43.718559],[-79.599072,43.723051],[-79.605286,43.723051],[-79.605286,43.718559]]]},"properties":{"StopCount":310}},{"type":"Feature","geometry":{"type":"Polygon","coordinates":[[[-79.599072,43.718559],[-79.592858,43.718559],[-79.592858,43.723051],[-79.599072,43.723051],[-79.599072,43.718559]]]},"properties":{"StopCount":411}},{"type":"Feature","geometry":{"type":"Polygon","coordinates":[[[-79.592858,43.718559],[-79.586644,43.718559],[-79.586644,43.723051],[-79.592858,43.723051],[-79.592858,43.718559]]]},"properties":{"StopCount":121}},{"type":"Feature","geometry":{"type":"Polygon","coordinates":[[[-79.586644,43.718559],[-79.58043,43.718559],[-79.58043,43.723051],[-79.586644,43.723051],[-79.586644,43.718559]]]},"properties":{"StopCount":143}},{"type":"Feature","geometry":{"type":"Polygon","coordinates":[[[-79.58043,43.718559],[-79.574216,43.718559],[-79.574216,43.723051],[-79.58043,43.723051],[-79.58043,43.718559]]]},"properties":{"StopCount":103}},{"type":"Feature","geometry":{"type":"Polygon","coordinates":[[[-79.574216,43.718559],[-79.568002,43.718559],[-79.568002,43.723051],[-79.574216,43.723051],[-79.574216,43.718559]]]},"properties":{"StopCount":361}},{"type":"Feature","geometry":{"type":"Polygon","coordinates":[[[-79.568002,43.718559],[-79.561788,43.718559],[-79.561788,43.723051],[-79.568002,43.723051],[-79.568002,43.718559]]]},"properties":{"StopCount":72}},{"type":"Feature","geometry":{"type":"Polygon","coordinates":[[[-79.561788,43.718559],[-79.555574,43.718559],[-79.555574,43.723051],[-79.561788,43.723051],[-79.561788,43.718559]]]},"properties":{"StopCount":89}},{"type":"Feature","geometry":{"type":"Polygon","coordinates":[[[-79.555574,43.718559],[-79.54936,43.718559],[-79.54936,43.723051],[-79.555574,43.723051],[-79.555574,43.718559]]]},"properties":{"StopCount":87}},{"type":"Feature","geometry":{"type":"Polygon","coordinates":[[[-79.54936,43.718559],[-79.543145,43.718559],[-79.543145,43.723051],[-79.54936,43.723051],[-79.54936,43.718559]]]},"properties":{"StopCount":95}},{"type":"Feature","geometry":{"type":"Polygon","coordinates":[[[-79.543145,43.718559],[-79.536931,43.718559],[-79.536931,43.723051],[-79.543145,43.723051],[-79.543145,43.718559]]]},"properties":{"StopCount":103}},{"type":"Feature","geometry":{"type":"Polygon","coordinates":[[[-79.536931,43.718559],[-79.530717,43.718559],[-79.530717,43.723051],[-79.536931,43.723051],[-79.536931,43.718559]]]},"properties":{"StopCount":75}},{"type":"Feature","geometry":{"type":"Polygon","coordinates":[[[-79.530717,43.718559],[-79.524503,43.718559],[-79.524503,43.723051],[-79.530717,43.723051],[-79.530717,43.718559]]]},"properties":{"StopCount":161}},{"type":"Feature","geometry":{"type":"Polygon","coordinates":[[[-79.524503,43.718559],[-79.518289,43.718559],[-79.518289,43.723051],[-79.524503,43.723051],[-79.524503,43.718559]]]},"properties":{"StopCount":267}},{"type":"Feature","geometry":{"type":"Polygon","coordinates":[[[-79.518289,43.718559],[-79.512075,43.718559],[-79.512075,43.723051],[-79.518289,43.723051],[-79.518289,43.718559]]]},"properties":{"StopCount":249}},{"type":"Feature","geometry":{"type":"Polygon","coordinates":[[[-79.512075,43.718559],[-79.505861,43.718559],[-79.505861,43.723051],[-79.512075,43.723051],[-79.512075,43.718559]]]},"properties":{"StopCount":798}},{"type":"Feature","geometry":{"type":"Polygon","coordinates":[[[-79.505861,43.718559],[-79.499647,43.718559],[-79.499647,43.723051],[-79.505861,43.723051],[-79.505861,43.718559]]]},"properties":{"StopCount":153}},{"type":"Feature","geometry":{"type":"Polygon","coordinates":[[[-79.499647,43.718559],[-79.493433,43.718559],[-79.493433,43.723051],[-79.499647,43.723051],[-79.499647,43.718559]]]},"properties":{"StopCount":124}},{"type":"Feature","geometry":{"type":"Polygon","coordinates":[[[-79.493433,43.718559],[-79.487219,43.718559],[-79.487219,43.723051],[-79.493433,43.723051],[-79.493433,43.718559]]]},"properties":{"StopCount":75}},{"type":"Feature","geometry":{"type":"Polygon","coordinates":[[[-79.487219,43.718559],[-79.481005,43.718559],[-79.481005,43.723051],[-79.487219,43.723051],[-79.487219,43.718559]]]},"properties":{"StopCount":160}},{"type":"Feature","geometry":{"type":"Polygon","coordinates":[[[-79.481005,43.718559],[-79.474791,43.718559],[-79.474791,43.723051],[-79.481005,43.723051],[-79.481005,43.718559]]]},"properties":{"StopCount":138}},{"type":"Feature","geometry":{"type":"Polygon","coordinates":[[[-79.474791,43.718559],[-79.468577,43.718559],[-79.468577,43.723051],[-79.474791,43.723051],[-79.474791,43.718559]]]},"properties":{"StopCount":352}},{"type":"Feature","geometry":{"type":"Polygon","coordinates":[[[-79.468577,43.718559],[-79.462363,43.718559],[-79.462363,43.723051],[-79.468577,43.723051],[-79.468577,43.718559]]]},"properties":{"StopCount":531}},{"type":"Feature","geometry":{"type":"Polygon","coordinates":[[[-79.462363,43.718559],[-79.456149,43.718559],[-79.456149,43.723051],[-79.462363,43.723051],[-79.462363,43.718559]]]},"properties":{"StopCount":441}},{"type":"Feature","geometry":{"type":"Polygon","coordinates":[[[-79.456149,43.718559],[-79.449934,43.718559],[-79.449934,43.723051],[-79.456149,43.723051],[-79.456149,43.718559]]]},"properties":{"StopCount":175}},{"type":"Feature","geometry":{"type":"Polygon","coordinates":[[[-79.449934,43.718559],[-79.44372,43.718559],[-79.44372,43.723051],[-79.449934,43.723051],[-79.449934,43.718559]]]},"properties":{"StopCount":182}},{"type":"Feature","geometry":{"type":"Polygon","coordinates":[[[-79.44372,43.718559],[-79.437506,43.718559],[-79.437506,43.723051],[-79.44372,43.723051],[-79.44372,43.718559]]]},"properties":{"StopCount":66}},{"type":"Feature","geometry":{"type":"Polygon","coordinates":[[[-79.437506,43.718559],[-79.431292,43.718559],[-79.431292,43.723051],[-79.437506,43.723051],[-79.437506,43.718559]]]},"properties":{"StopCount":352}},{"type":"Feature","geometry":{"type":"Polygon","coordinates":[[[-79.431292,43.718559],[-79.425078,43.718559],[-79.425078,43.723051],[-79.431292,43.723051],[-79.431292,43.718559]]]},"properties":{"StopCount":517}},{"type":"Feature","geometry":{"type":"Polygon","coordinates":[[[-79.425078,43.718559],[-79.418864,43.718559],[-79.418864,43.723051],[-79.425078,43.723051],[-79.425078,43.718559]]]},"properties":{"StopCount":191}},{"type":"Feature","geometry":{"type":"Polygon","coordinates":[[[-79.418864,43.718559],[-79.41265,43.718559],[-79.41265,43.723051],[-79.418864,43.723051],[-79.418864,43.718559]]]},"properties":{"StopCount":203}},{"type":"Feature","geometry":{"type":"Polygon","coordinates":[[[-79.41265,43.718559],[-79.406436,43.718559],[-79.406436,43.723051],[-79.41265,43.723051],[-79.41265,43.718559]]]},"properties":{"StopCount":109}},{"type":"Feature","geometry":{"type":"Polygon","coordinates":[[[-79.406436,43.718559],[-79.400222,43.718559],[-79.400222,43.723051],[-79.406436,43.723051],[-79.406436,43.718559]]]},"properties":{"StopCount":222}},{"type":"Feature","geometry":{"type":"Polygon","coordinates":[[[-79.400222,43.718559],[-79.394008,43.718559],[-79.394008,43.723051],[-79.400222,43.723051],[-79.400222,43.718559]]]},"properties":{"StopCount":41}},{"type":"Feature","geometry":{"type":"Polygon","coordinates":[[[-79.394008,43.718559],[-79.387794,43.718559],[-79.387794,43.723051],[-79.394008,43.723051],[-79.394008,43.718559]]]},"properties":{"StopCount":151}},{"type":"Feature","geometry":{"type":"Polygon","coordinates":[[[-79.387794,43.718559],[-79.38158,43.718559],[-79.38158,43.723051],[-79.387794,43.723051],[-79.387794,43.718559]]]},"properties":{"StopCount":46}},{"type":"Feature","geometry":{"type":"Polygon","coordinates":[[[-79.38158,43.718559],[-79.375366,43.718559],[-79.375366,43.723051],[-79.38158,43.723051],[-79.38158,43.718559]]]},"properties":{"StopCount":239}},{"type":"Feature","geometry":{"type":"Polygon","coordinates":[[[-79.375366,43.718559],[-79.369152,43.718559],[-79.369152,43.723051],[-79.375366,43.723051],[-79.375366,43.718559]]]},"properties":{"StopCount":505}},{"type":"Feature","geometry":{"type":"Polygon","coordinates":[[[-79.369152,43.718559],[-79.362938,43.718559],[-79.362938,43.723051],[-79.369152,43.723051],[-79.369152,43.718559]]]},"properties":{"StopCount":13}},{"type":"Feature","geometry":{"type":"Polygon","coordinates":[[[-79.362938,43.718559],[-79.356723,43.718559],[-79.356723,43.723051],[-79.362938,43.723051],[-79.362938,43.718559]]]},"properties":{"StopCount":130}},{"type":"Feature","geometry":{"type":"Polygon","coordinates":[[[-79.356723,43.718559],[-79.350509,43.718559],[-79.350509,43.723051],[-79.356723,43.723051],[-79.356723,43.718559]]]},"properties":{"StopCount":48}},{"type":"Feature","geometry":{"type":"Polygon","coordinates":[[[-79.350509,43.718559],[-79.344295,43.718559],[-79.344295,43.723051],[-79.350509,43.723051],[-79.350509,43.718559]]]},"properties":{"StopCount":207}},{"type":"Feature","geometry":{"type":"Polygon","coordinates":[[[-79.344295,43.718559],[-79.338081,43.718559],[-79.338081,43.723051],[-79.344295,43.723051],[-79.344295,43.718559]]]},"properties":{"StopCount":663}},{"type":"Feature","geometry":{"type":"Polygon","coordinates":[[[-79.338081,43.718559],[-79.331867,43.718559],[-79.331867,43.723051],[-79.338081,43.723051],[-79.338081,43.718559]]]},"properties":{"StopCount":258}},{"type":"Feature","geometry":{"type":"Polygon","coordinates":[[[-79.331867,43.718559],[-79.325653,43.718559],[-79.325653,43.723051],[-79.331867,43.723051],[-79.331867,43.718559]]]},"properties":{"StopCount":83}},{"type":"Feature","geometry":{"type":"Polygon","coordinates":[[[-79.325653,43.718559],[-79.319439,43.718559],[-79.319439,43.723051],[-79.325653,43.723051],[-79.325653,43.718559]]]},"properties":{"StopCount":335}},{"type":"Feature","geometry":{"type":"Polygon","coordinates":[[[-79.319439,43.718559],[-79.313225,43.718559],[-79.313225,43.723051],[-79.319439,43.723051],[-79.319439,43.718559]]]},"properties":{"StopCount":1212}},{"type":"Feature","geometry":{"type":"Polygon","coordinates":[[[-79.313225,43.718559],[-79.307011,43.718559],[-79.307011,43.723051],[-79.313225,43.723051],[-79.313225,43.718559]]]},"properties":{"StopCount":411}},{"type":"Feature","geometry":{"type":"Polygon","coordinates":[[[-79.307011,43.718559],[-79.300797,43.718559],[-79.300797,43.723051],[-79.307011,43.723051],[-79.307011,43.718559]]]},"properties":{"StopCount":327}},{"type":"Feature","geometry":{"type":"Polygon","coordinates":[[[-79.300797,43.718559],[-79.294583,43.718559],[-79.294583,43.723051],[-79.300797,43.723051],[-79.300797,43.718559]]]},"properties":{"StopCount":141}},{"type":"Feature","geometry":{"type":"Polygon","coordinates":[[[-79.294583,43.718559],[-79.288369,43.718559],[-79.288369,43.723051],[-79.294583,43.723051],[-79.294583,43.718559]]]},"properties":{"StopCount":304}},{"type":"Feature","geometry":{"type":"Polygon","coordinates":[[[-79.288369,43.718559],[-79.282155,43.718559],[-79.282155,43.723051],[-79.288369,43.723051],[-79.288369,43.718559]]]},"properties":{"StopCount":127}},{"type":"Feature","geometry":{"type":"Polygon","coordinates":[[[-79.282155,43.718559],[-79.275941,43.718559],[-79.275941,43.723051],[-79.282155,43.723051],[-79.282155,43.718559]]]},"properties":{"StopCount":199}},{"type":"Feature","geometry":{"type":"Polygon","coordinates":[[[-79.275941,43.718559],[-79.269727,43.718559],[-79.269727,43.723051],[-79.275941,43.723051],[-79.275941,43.718559]]]},"properties":{"StopCount":55}},{"type":"Feature","geometry":{"type":"Polygon","coordinates":[[[-79.269727,43.718559],[-79.263513,43.718559],[-79.263513,43.723051],[-79.269727,43.723051],[-79.269727,43.718559]]]},"properties":{"StopCount":12}},{"type":"Feature","geometry":{"type":"Polygon","coordinates":[[[-79.263513,43.718559],[-79.257298,43.718559],[-79.257298,43.723051],[-79.263513,43.723051],[-79.263513,43.718559]]]},"properties":{"StopCount":49}},{"type":"Feature","geometry":{"type":"Polygon","coordinates":[[[-79.257298,43.718559],[-79.251084,43.718559],[-79.251084,43.723051],[-79.257298,43.723051],[-79.257298,43.718559]]]},"properties":{"StopCount":601}},{"type":"Feature","geometry":{"type":"Polygon","coordinates":[[[-79.251084,43.718559],[-79.24487,43.718559],[-79.24487,43.723051],[-79.251084,43.723051],[-79.251084,43.718559]]]},"properties":{"StopCount":121}},{"type":"Feature","geometry":{"type":"Polygon","coordinates":[[[-79.24487,43.718559],[-79.238656,43.718559],[-79.238656,43.723051],[-79.24487,43.723051],[-79.24487,43.718559]]]},"properties":{"StopCount":119}},{"type":"Feature","geometry":{"type":"Polygon","coordinates":[[[-79.238656,43.718559],[-79.232442,43.718559],[-79.232442,43.723051],[-79.238656,43.723051],[-79.238656,43.718559]]]},"properties":{"StopCount":211}},{"type":"Feature","geometry":{"type":"Polygon","coordinates":[[[-79.232442,43.718559],[-79.226228,43.718559],[-79.226228,43.723051],[-79.232442,43.723051],[-79.232442,43.718559]]]},"properties":{"StopCount":120}},{"type":"Feature","geometry":{"type":"Polygon","coordinates":[[[-79.226228,43.718559],[-79.220014,43.718559],[-79.220014,43.723051],[-79.226228,43.723051],[-79.226228,43.718559]]]},"properties":{"StopCount":3}},{"type":"Feature","geometry":{"type":"Polygon","coordinates":[[[-79.630142,43.723051],[-79.623928,43.723051],[-79.623928,43.727542],[-79.630142,43.727542],[-79.630142,43.723051]]]},"properties":{"StopCount":2}},{"type":"Feature","geometry":{"type":"Polygon","coordinates":[[[-79.623928,43.723051],[-79.617714,43.723051],[-79.617714,43.727542],[-79.623928,43.727542],[-79.623928,43.723051]]]},"properties":{"StopCount":51}},{"type":"Feature","geometry":{"type":"Polygon","coordinates":[[[-79.617714,43.723051],[-79.6115,43.723051],[-79.6115,43.727542],[-79.617714,43.727542],[-79.617714,43.723051]]]},"properties":{"StopCount":52}},{"type":"Feature","geometry":{"type":"Polygon","coordinates":[[[-79.6115,43.723051],[-79.605286,43.723051],[-79.605286,43.727542],[-79.6115,43.727542],[-79.6115,43.723051]]]},"properties":{"StopCount":41}},{"type":"Feature","geometry":{"type":"Polygon","coordinates":[[[-79.605286,43.723051],[-79.599072,43.723051],[-79.599072,43.727542],[-79.605286,43.727542],[-79.605286,43.723051]]]},"properties":{"StopCount":124}},{"type":"Feature","geometry":{"type":"Polygon","coordinates":[[[-79.599072,43.723051],[-79.592858,43.723051],[-79.592858,43.727542],[-79.599072,43.727542],[-79.599072,43.723051]]]},"properties":{"StopCount":17}},{"type":"Feature","geometry":{"type":"Polygon","coordinates":[[[-79.592858,43.723051],[-79.586644,43.723051],[-79.586644,43.727542],[-79.592858,43.727542],[-79.592858,43.723051]]]},"properties":{"StopCount":67}},{"type":"Feature","geometry":{"type":"Polygon","coordinates":[[[-79.586644,43.723051],[-79.58043,43.723051],[-79.58043,43.727542],[-79.586644,43.727542],[-79.586644,43.723051]]]},"properties":{"StopCount":118}},{"type":"Feature","geometry":{"type":"Polygon","coordinates":[[[-79.58043,43.723051],[-79.574216,43.723051],[-79.574216,43.727542],[-79.58043,43.727542],[-79.58043,43.723051]]]},"properties":{"StopCount":109}},{"type":"Feature","geometry":{"type":"Polygon","coordinates":[[[-79.574216,43.723051],[-79.568002,43.723051],[-79.568002,43.727542],[-79.574216,43.727542],[-79.574216,43.723051]]]},"properties":{"StopCount":182}},{"type":"Feature","geometry":{"type":"Polygon","coordinates":[[[-79.568002,43.723051],[-79.561788,43.723051],[-79.561788,43.727542],[-79.568002,43.727542],[-79.568002,43.723051]]]},"properties":{"StopCount":132}},{"type":"Feature","geometry":{"type":"Polygon","coordinates":[[[-79.561788,43.723051],[-79.555574,43.723051],[-79.555574,43.727542],[-79.561788,43.727542],[-79.561788,43.723051]]]},"properties":{"StopCount":163}},{"type":"Feature","geometry":{"type":"Polygon","coordinates":[[[-79.555574,43.723051],[-79.54936,43.723051],[-79.54936,43.727542],[-79.555574,43.727542],[-79.555574,43.723051]]]},"properties":{"StopCount":118}},{"type":"Feature","geometry":{"type":"Polygon","coordinates":[[[-79.54936,43.723051],[-79.543145,43.723051],[-79.543145,43.727542],[-79.54936,43.727542],[-79.54936,43.723051]]]},"properties":{"StopCount":50}},{"type":"Feature","geometry":{"type":"Polygon","coordinates":[[[-79.543145,43.723051],[-79.536931,43.723051],[-79.536931,43.727542],[-79.543145,43.727542],[-79.543145,43.723051]]]},"properties":{"StopCount":20}},{"type":"Feature","geometry":{"type":"Polygon","coordinates":[[[-79.536931,43.723051],[-79.530717,43.723051],[-79.530717,43.727542],[-79.536931,43.727542],[-79.536931,43.723051]]]},"properties":{"StopCount":155}},{"type":"Feature","geometry":{"type":"Polygon","coordinates":[[[-79.530717,43.723051],[-79.524503,43.723051],[-79.524503,43.727542],[-79.530717,43.727542],[-79.530717,43.723051]]]},"properties":{"StopCount":419}},{"type":"Feature","geometry":{"type":"Polygon","coordinates":[[[-79.524503,43.723051],[-79.518289,43.723051],[-79.518289,43.727542],[-79.524503,43.727542],[-79.524503,43.723051]]]},"properties":{"StopCount":127}},{"type":"Feature","geometry":{"type":"Polygon","coordinates":[[[-79.518289,43.723051],[-79.512075,43.723051],[-79.512075,43.727542],[-79.518289,43.727542],[-79.518289,43.723051]]]},"properties":{"StopCount":115}},{"type":"Feature","geometry":{"type":"Polygon","coordinates":[[[-79.512075,43.723051],[-79.505861,43.723051],[-79.505861,43.727542],[-79.512075,43.727542],[-79.512075,43.723051]]]},"properties":{"StopCount":174}},{"type":"Feature","geometry":{"type":"Polygon","coordinates":[[[-79.505861,43.723051],[-79.499647,43.723051],[-79.499647,43.727542],[-79.505861,43.727542],[-79.505861,43.723051]]]},"properties":{"StopCount":128}},{"type":"Feature","geometry":{"type":"Polygon","coordinates":[[[-79.499647,43.723051],[-79.493433,43.723051],[-79.493433,43.727542],[-79.499647,43.727542],[-79.499647,43.723051]]]},"properties":{"StopCount":128}},{"type":"Feature","geometry":{"type":"Polygon","coordinates":[[[-79.493433,43.723051],[-79.487219,43.723051],[-79.487219,43.727542],[-79.493433,43.727542],[-79.493433,43.723051]]]},"properties":{"StopCount":179}},{"type":"Feature","geometry":{"type":"Polygon","coordinates":[[[-79.487219,43.723051],[-79.481005,43.723051],[-79.481005,43.727542],[-79.487219,43.727542],[-79.487219,43.723051]]]},"properties":{"StopCount":789}},{"type":"Feature","geometry":{"type":"Polygon","coordinates":[[[-79.481005,43.723051],[-79.474791,43.723051],[-79.474791,43.727542],[-79.481005,43.727542],[-79.481005,43.723051]]]},"properties":{"StopCount":251}},{"type":"Feature","geometry":{"type":"Polygon","coordinates":[[[-79.474791,43.723051],[-79.468577,43.723051],[-79.468577,43.727542],[-79.474791,43.727542],[-79.474791,43.723051]]]},"properties":{"StopCount":812}},{"type":"Feature","geometry":{"type":"Polygon","coordinates":[[[-79.468577,43.723051],[-79.462363,43.723051],[-79.462363,43.727542],[-79.468577,43.727542],[-79.468577,43.723051]]]},"properties":{"StopCount":916}},{"type":"Feature","geometry":{"type":"Polygon","coordinates":[[[-79.462363,43.723051],[-79.456149,43.723051],[-79.456149,43.727542],[-79.462363,43.727542],[-79.462363,43.723051]]]},"properties":{"StopCount":204}},{"type":"Feature","geometry":{"type":"Polygon","coordinates":[[[-79.456149,43.723051],[-79.449934,43.723051],[-79.449934,43.727542],[-79.456149,43.727542],[-79.456149,43.723051]]]},"properties":{"StopCount":380}},{"type":"Feature","geometry":{"type":"Polygon","coordinates":[[[-79.449934,43.723051],[-79.44372,43.723051],[-79.44372,43.727542],[-79.449934,43.727542],[-79.449934,43.723051]]]},"properties":{"StopCount":191}},{"type":"Feature","geometry":{"type":"Polygon","coordinates":[[[-79.44372,43.723051],[-79.437506,43.723051],[-79.437506,43.727542],[-79.44372,43.727542],[-79.44372,43.723051]]]},"properties":{"StopCount":184}},{"type":"Feature","geometry":{"type":"Polygon","coordinates":[[[-79.437506,43.723051],[-79.431292,43.723051],[-79.431292,43.727542],[-79.437506,43.727542],[-79.437506,43.723051]]]},"properties":{"StopCount":195}},{"type":"Feature","geometry":{"type":"Polygon","coordinates":[[[-79.431292,43.723051],[-79.425078,43.723051],[-79.425078,43.727542],[-79.431292,43.727542],[-79.431292,43.723051]]]},"properties":{"StopCount":198}},{"type":"Feature","geometry":{"type":"Polygon","coordinates":[[[-79.425078,43.723051],[-79.418864,43.723051],[-79.418864,43.727542],[-79.425078,43.727542],[-79.425078,43.723051]]]},"properties":{"StopCount":232}},{"type":"Feature","geometry":{"type":"Polygon","coordinates":[[[-79.418864,43.723051],[-79.41265,43.723051],[-79.41265,43.727542],[-79.418864,43.727542],[-79.418864,43.723051]]]},"properties":{"StopCount":383}},{"type":"Feature","geometry":{"type":"Polygon","coordinates":[[[-79.41265,43.723051],[-79.406436,43.723051],[-79.406436,43.727542],[-79.41265,43.727542],[-79.41265,43.723051]]]},"properties":{"StopCount":143}},{"type":"Feature","geometry":{"type":"Polygon","coordinates":[[[-79.406436,43.723051],[-79.400222,43.723051],[-79.400222,43.727542],[-79.406436,43.727542],[-79.406436,43.723051]]]},"properties":{"StopCount":569}},{"type":"Feature","geometry":{"type":"Polygon","coordinates":[[[-79.400222,43.723051],[-79.394008,43.723051],[-79.394008,43.727542],[-79.400222,43.727542],[-79.400222,43.723051]]]},"properties":{"StopCount":107}},{"type":"Feature","geometry":{"type":"Polygon","coordinates":[[[-79.394008,43.723051],[-79.387794,43.723051],[-79.387794,43.727542],[-79.394008,43.727542],[-79.394008,43.723051]]]},"properties":{"StopCount":77}},{"type":"Feature","geometry":{"type":"Polygon","coordinates":[[[-79.387794,43.723051],[-79.38158,43.723051],[-79.38158,43.727542],[-79.387794,43.727542],[-79.387794,43.723051]]]},"properties":{"StopCount":153}},{"type":"Feature","geometry":{"type":"Polygon","coordinates":[[[-79.38158,43.723051],[-79.375366,43.723051],[-79.375366,43.727542],[-79.38158,43.727542],[-79.38158,43.723051]]]},"properties":{"StopCount":94}},{"type":"Feature","geometry":{"type":"Polygon","coordinates":[[[-79.375366,43.723051],[-79.369152,43.723051],[-79.369152,43.727542],[-79.375366,43.727542],[-79.375366,43.723051]]]},"properties":{"StopCount":112}},{"type":"Feature","geometry":{"type":"Polygon","coordinates":[[[-79.369152,43.723051],[-79.362938,43.723051],[-79.362938,43.727542],[-79.369152,43.727542],[-79.369152,43.723051]]]},"properties":{"StopCount":21}},{"type":"Feature","geometry":{"type":"Polygon","coordinates":[[[-79.362938,43.723051],[-79.356723,43.723051],[-79.356723,43.727542],[-79.362938,43.727542],[-79.362938,43.723051]]]},"properties":{"StopCount":228}},{"type":"Feature","geometry":{"type":"Polygon","coordinates":[[[-79.356723,43.723051],[-79.350509,43.723051],[-79.350509,43.727542],[-79.356723,43.727542],[-79.356723,43.723051]]]},"properties":{"StopCount":25}},{"type":"Feature","geometry":{"type":"Polygon","coordinates":[[[-79.350509,43.723051],[-79.344295,43.723051],[-79.344295,43.727542],[-79.350509,43.727542],[-79.350509,43.723051]]]},"properties":{"StopCount":124}},{"type":"Feature","geometry":{"type":"Polygon","coordinates":[[[-79.344295,43.723051],[-79.338081,43.723051],[-79.338081,43.727542],[-79.344295,43.727542],[-79.344295,43.723051]]]},"properties":{"StopCount":250}},{"type":"Feature","geometry":{"type":"Polygon","coordinates":[[[-79.338081,43.723051],[-79.331867,43.723051],[-79.331867,43.727542],[-79.338081,43.727542],[-79.338081,43.723051]]]},"properties":{"StopCount":412}},{"type":"Feature","geometry":{"type":"Polygon","coordinates":[[[-79.331867,43.723051],[-79.325653,43.723051],[-79.325653,43.727542],[-79.331867,43.727542],[-79.331867,43.723051]]]},"properties":{"StopCount":260}},{"type":"Feature","geometry":{"type":"Polygon","coordinates":[[[-79.325653,43.723051],[-79.319439,43.723051],[-79.319439,43.727542],[-79.325653,43.727542],[-79.325653,43.723051]]]},"properties":{"StopCount":42}},{"type":"Feature","geometry":{"type":"Polygon","coordinates":[[[-79.319439,43.723051],[-79.313225,43.723051],[-79.313225,43.727542],[-79.319439,43.727542],[-79.319439,43.723051]]]},"properties":{"StopCount":1086}},{"type":"Feature","geometry":{"type":"Polygon","coordinates":[[[-79.313225,43.723051],[-79.307011,43.723051],[-79.307011,43.727542],[-79.313225,43.727542],[-79.313225,43.723051]]]},"properties":{"StopCount":112}},{"type":"Feature","geometry":{"type":"Polygon","coordinates":[[[-79.307011,43.723051],[-79.300797,43.723051],[-79.300797,43.727542],[-79.307011,43.727542],[-79.307011,43.723051]]]},"properties":{"StopCount":185}},{"type":"Feature","geometry":{"type":"Polygon","coordinates":[[[-79.300797,43.723051],[-79.294583,43.723051],[-79.294583,43.727542],[-79.300797,43.727542],[-79.300797,43.723051]]]},"properties":{"StopCount":594}},{"type":"Feature","geometry":{"type":"Polygon","coordinates":[[[-79.294583,43.723051],[-79.288369,43.723051],[-79.288369,43.727542],[-79.294583,43.727542],[-79.294583,43.723051]]]},"properties":{"StopCount":507}},{"type":"Feature","geometry":{"type":"Polygon","coordinates":[[[-79.288369,43.723051],[-79.282155,43.723051],[-79.282155,43.727542],[-79.288369,43.727542],[-79.288369,43.723051]]]},"properties":{"StopCount":391}},{"type":"Feature","geometry":{"type":"Polygon","coordinates":[[[-79.282155,43.723051],[-79.275941,43.723051],[-79.275941,43.727542],[-79.282155,43.727542],[-79.282155,43.723051]]]},"properties":{"StopCount":284}},{"type":"Feature","geometry":{"type":"Polygon","coordinates":[[[-79.275941,43.723051],[-79.269727,43.723051],[-79.269727,43.727542],[-79.275941,43.727542],[-79.275941,43.723051]]]},"properties":{"StopCount":79}},{"type":"Feature","geometry":{"type":"Polygon","coordinates":[[[-79.269727,43.723051],[-79.263513,43.723051],[-79.263513,43.727542],[-79.269727,43.727542],[-79.269727,43.723051]]]},"properties":{"StopCount":206}},{"type":"Feature","geometry":{"type":"Polygon","coordinates":[[[-79.263513,43.723051],[-79.257298,43.723051],[-79.257298,43.727542],[-79.263513,43.727542],[-79.263513,43.723051]]]},"properties":{"StopCount":150}},{"type":"Feature","geometry":{"type":"Polygon","coordinates":[[[-79.257298,43.723051],[-79.251084,43.723051],[-79.251084,43.727542],[-79.257298,43.727542],[-79.257298,43.723051]]]},"properties":{"StopCount":326}},{"type":"Feature","geometry":{"type":"Polygon","coordinates":[[[-79.251084,43.723051],[-79.24487,43.723051],[-79.24487,43.727542],[-79.251084,43.727542],[-79.251084,43.723051]]]},"properties":{"StopCount":68}},{"type":"Feature","geometry":{"type":"Polygon","coordinates":[[[-79.24487,43.723051],[-79.238656,43.723051],[-79.238656,43.727542],[-79.24487,43.727542],[-79.24487,43.723051]]]},"properties":{"StopCount":75}},{"type":"Feature","geometry":{"type":"Polygon","coordinates":[[[-79.238656,43.723051],[-79.232442,43.723051],[-79.232442,43.727542],[-79.238656,43.727542],[-79.238656,43.723051]]]},"properties":{"StopCount":121}},{"type":"Feature","geometry":{"type":"Polygon","coordinates":[[[-79.232442,43.723051],[-79.226228,43.723051],[-79.226228,43.727542],[-79.232442,43.727542],[-79.232442,43.723051]]]},"properties":{"StopCount":265}},{"type":"Feature","geometry":{"type":"Polygon","coordinates":[[[-79.226228,43.723051],[-79.220014,43.723051],[-79.220014,43.727542],[-79.226228,43.727542],[-79.226228,43.723051]]]},"properties":{"StopCount":17}},{"type":"Feature","geometry":{"type":"Polygon","coordinates":[[[-79.220014,43.723051],[-79.2138,43.723051],[-79.2138,43.727542],[-79.220014,43.727542],[-79.220014,43.723051]]]},"properties":{"StopCount":11}},{"type":"Feature","geometry":{"type":"Polygon","coordinates":[[[-79.630142,43.727542],[-79.623928,43.727542],[-79.623928,43.732034],[-79.630142,43.732034],[-79.630142,43.727542]]]},"properties":{"StopCount":27}},{"type":"Feature","geometry":{"type":"Polygon","coordinates":[[[-79.623928,43.727542],[-79.617714,43.727542],[-79.617714,43.732034],[-79.623928,43.732034],[-79.623928,43.727542]]]},"properties":{"StopCount":66}},{"type":"Feature","geometry":{"type":"Polygon","coordinates":[[[-79.617714,43.727542],[-79.6115,43.727542],[-79.6115,43.732034],[-79.617714,43.732034],[-79.617714,43.727542]]]},"properties":{"StopCount":47}},{"type":"Feature","geometry":{"type":"Polygon","coordinates":[[[-79.6115,43.727542],[-79.605286,43.727542],[-79.605286,43.732034],[-79.6115,43.732034],[-79.6115,43.727542]]]},"properties":{"StopCount":347}},{"type":"Feature","geometry":{"type":"Polygon","coordinates":[[[-79.605286,43.727542],[-79.599072,43.727542],[-79.599072,43.732034],[-79.605286,43.732034],[-79.605286,43.727542]]]},"properties":{"StopCount":355}},{"type":"Feature","geometry":{"type":"Polygon","coordinates":[[[-79.599072,43.727542],[-79.592858,43.727542],[-79.592858,43.732034],[-79.599072,43.732034],[-79.599072,43.727542]]]},"properties":{"StopCount":217}},{"type":"Feature","geometry":{"type":"Polygon","coordinates":[[[-79.592858,43.727542],[-79.586644,43.727542],[-79.586644,43.732034],[-79.592858,43.732034],[-79.592858,43.727542]]]},"properties":{"StopCount":86}},{"type":"Feature","geometry":{"type":"Polygon","coordinates":[[[-79.586644,43.727542],[-79.58043,43.727542],[-79.58043,43.732034],[-79.586644,43.732034],[-79.586644,43.727542]]]},"properties":{"StopCount":62}},{"type":"Feature","geometry":{"type":"Polygon","coordinates":[[[-79.58043,43.727542],[-79.574216,43.727542],[-79.574216,43.732034],[-79.58043,43.732034],[-79.58043,43.727542]]]},"properties":{"StopCount":154}},{"type":"Feature","geometry":{"type":"Polygon","coordinates":[[[-79.574216,43.727542],[-79.568002,43.727542],[-79.568002,43.732034],[-79.574216,43.732034],[-79.574216,43.727542]]]},"properties":{"StopCount":113}},{"type":"Feature","geometry":{"type":"Polygon","coordinates":[[[-79.568002,43.727542],[-79.561788,43.727542],[-79.561788,43.732034],[-79.568002,43.732034],[-79.568002,43.727542]]]},"properties":{"StopCount":59}},{"type":"Feature","geometry":{"type":"Polygon","coordinates":[[[-79.561788,43.727542],[-79.555574,43.727542],[-79.555574,43.732034],[-79.561788,43.732034],[-79.561788,43.727542]]]},"properties":{"StopCount":99}},{"type":"Feature","geometry":{"type":"Polygon","coordinates":[[[-79.555574,43.727542],[-79.54936,43.727542],[-79.54936,43.732034],[-79.555574,43.732034],[-79.555574,43.727542]]]},"properties":{"StopCount":71}},{"type":"Feature","geometry":{"type":"Polygon","coordinates":[[[-79.54936,43.727542],[-79.543145,43.727542],[-79.543145,43.732034],[-79.54936,43.732034],[-79.54936,43.727542]]]},"properties":{"StopCount":89}},{"type":"Feature","geometry":{"type":"Polygon","coordinates":[[[-79.536931,43.727542],[-79.530717,43.727542],[-79.530717,43.732034],[-79.536931,43.732034],[-79.536931,43.727542]]]},"properties":{"StopCount":64}},{"type":"Feature","geometry":{"type":"Polygon","coordinates":[[[-79.530717,43.727542],[-79.524503,43.727542],[-79.524503,43.732034],[-79.530717,43.732034],[-79.530717,43.727542]]]},"properties":{"StopCount":227}},{"type":"Feature","geometry":{"type":"Polygon","coordinates":[[[-79.524503,43.727542],[-79.518289,43.727542],[-79.518289,43.732034],[-79.524503,43.732034],[-79.524503,43.727542]]]},"properties":{"StopCount":102}},{"type":"Feature","geometry":{"type":"Polygon","coordinates":[[[-79.518289,43.727542],[-79.512075,43.727542],[-79.512075,43.732034],[-79.518289,43.732034],[-79.518289,43.727542]]]},"properties":{"StopCount":128}},{"type":"Feature","geometry":{"type":"Polygon","coordinates":[[[-79.512075,43.727542],[-79.505861,43.727542],[-79.505861,43.732034],[-79.512075,43.732034],[-79.512075,43.727542]]]},"properties":{"StopCount":575}},{"type":"Feature","geometry":{"type":"Polygon","coordinates":[[[-79.505861,43.727542],[-79.499647,43.727542],[-79.499647,43.732034],[-79.505861,43.732034],[-79.505861,43.727542]]]},"properties":{"StopCount":88}},{"type":"Feature","geometry":{"type":"Polygon","coordinates":[[[-79.499647,43.727542],[-79.493433,43.727542],[-79.493433,43.732034],[-79.499647,43.732034],[-79.499647,43.727542]]]},"properties":{"StopCount":86}},{"type":"Feature","geometry":{"type":"Polygon","coordinates":[[[-79.493433,43.727542],[-79.487219,43.727542],[-79.487219,43.732034],[-79.493433,43.732034],[-79.493433,43.727542]]]},"properties":{"StopCount":147}},{"type":"Feature","geometry":{"type":"Polygon","coordinates":[[[-79.487219,43.727542],[-79.481005,43.727542],[-79.481005,43.732034],[-79.487219,43.732034],[-79.487219,43.727542]]]},"properties":{"StopCount":229}},{"type":"Feature","geometry":{"type":"Polygon","coordinates":[[[-79.481005,43.727542],[-79.474791,43.727542],[-79.474791,43.732034],[-79.481005,43.732034],[-79.481005,43.727542]]]},"properties":{"StopCount":335}},{"type":"Feature","geometry":{"type":"Polygon","coordinates":[[[-79.474791,43.727542],[-79.468577,43.727542],[-79.468577,43.732034],[-79.474791,43.732034],[-79.474791,43.727542]]]},"properties":{"StopCount":161}},{"type":"Feature","geometry":{"type":"Polygon","coordinates":[[[-79.468577,43.727542],[-79.462363,43.727542],[-79.462363,43.732034],[-79.468577,43.732034],[-79.468577,43.727542]]]},"properties":{"StopCount":291}},{"type":"Feature","geometry":{"type":"Polygon","coordinates":[[[-79.462363,43.727542],[-79.456149,43.727542],[-79.456149,43.732034],[-79.462363,43.732034],[-79.462363,43.727542]]]},"properties":{"StopCount":301}},{"type":"Feature","geometry":{"type":"Polygon","coordinates":[[[-79.456149,43.727542],[-79.449934,43.727542],[-79.449934,43.732034],[-79.456149,43.732034],[-79.456149,43.727542]]]},"properties":{"StopCount":480}},{"type":"Feature","geometry":{"type":"Polygon","coordinates":[[[-79.449934,43.727542],[-79.44372,43.727542],[-79.44372,43.732034],[-79.449934,43.732034],[-79.449934,43.727542]]]},"properties":{"StopCount":32}},{"type":"Feature","geometry":{"type":"Polygon","coordinates":[[[-79.44372,43.727542],[-79.437506,43.727542],[-79.437506,43.732034],[-79.44372,43.732034],[-79.44372,43.727542]]]},"properties":{"StopCount":152}},{"type":"Feature","geometry":{"type":"Polygon","coordinates":[[[-79.437506,43.727542],[-79.431292,43.727542],[-79.431292,43.732034],[-79.437506,43.732034],[-79.437506,43.727542]]]},"properties":{"StopCount":330}},{"type":"Feature","geometry":{"type":"Polygon","coordinates":[[[-79.431292,43.727542],[-79.425078,43.727542],[-79.425078,43.732034],[-79.431292,43.732034],[-79.431292,43.727542]]]},"properties":{"StopCount":101}},{"type":"Feature","geometry":{"type":"Polygon","coordinates":[[[-79.425078,43.727542],[-79.418864,43.727542],[-79.418864,43.732034],[-79.425078,43.732034],[-79.425078,43.727542]]]},"properties":{"StopCount":294}},{"type":"Feature","geometry":{"type":"Polygon","coordinates":[[[-79.418864,43.727542],[-79.41265,43.727542],[-79.41265,43.732034],[-79.418864,43.732034],[-79.418864,43.727542]]]},"properties":{"StopCount":356}},{"type":"Feature","geometry":{"type":"Polygon","coordinates":[[[-79.41265,43.727542],[-79.406436,43.727542],[-79.406436,43.732034],[-79.41265,43.732034],[-79.41265,43.727542]]]},"properties":{"StopCount":257}},{"type":"Feature","geometry":{"type":"Polygon","coordinates":[[[-79.406436,43.727542],[-79.400222,43.727542],[-79.400222,43.732034],[-79.406436,43.732034],[-79.406436,43.727542]]]},"properties":{"StopCount":479}},{"type":"Feature","geometry":{"type":"Polygon","coordinates":[[[-79.400222,43.727542],[-79.394008,43.727542],[-79.394008,43.732034],[-79.400222,43.732034],[-79.400222,43.727542]]]},"properties":{"StopCount":146}},{"type":"Feature","geometry":{"type":"Polygon","coordinates":[[[-79.394008,43.727542],[-79.387794,43.727542],[-79.387794,43.732034],[-79.394008,43.732034],[-79.394008,43.727542]]]},"properties":{"StopCount":118}},{"type":"Feature","geometry":{"type":"Polygon","coordinates":[[[-79.387794,43.727542],[-79.38158,43.727542],[-79.38158,43.732034],[-79.387794,43.732034],[-79.387794,43.727542]]]},"properties":{"StopCount":66}},{"type":"Feature","geometry":{"type":"Polygon","coordinates":[[[-79.38158,43.727542],[-79.375366,43.727542],[-79.375366,43.732034],[-79.38158,43.732034],[-79.38158,43.727542]]]},"properties":{"StopCount":67}},{"type":"Feature","geometry":{"type":"Polygon","coordinates":[[[-79.375366,43.727542],[-79.369152,43.727542],[-79.369152,43.732034],[-79.375366,43.732034],[-79.375366,43.727542]]]},"properties":{"StopCount":19}},{"type":"Feature","geometry":{"type":"Polygon","coordinates":[[[-79.369152,43.727542],[-79.362938,43.727542],[-79.362938,43.732034],[-79.369152,43.732034],[-79.369152,43.727542]]]},"properties":{"StopCount":52}},{"type":"Feature","geometry":{"type":"Polygon","coordinates":[[[-79.362938,43.727542],[-79.356723,43.727542],[-79.356723,43.732034],[-79.362938,43.732034],[-79.362938,43.727542]]]},"properties":{"StopCount":124}},{"type":"Feature","geometry":{"type":"Polygon","coordinates":[[[-79.356723,43.727542],[-79.350509,43.727542],[-79.350509,43.732034],[-79.356723,43.732034],[-79.356723,43.727542]]]},"properties":{"StopCount":107}},{"type":"Feature","geometry":{"type":"Polygon","coordinates":[[[-79.350509,43.727542],[-79.344295,43.727542],[-79.344295,43.732034],[-79.350509,43.732034],[-79.350509,43.727542]]]},"properties":{"StopCount":116}},{"type":"Feature","geometry":{"type":"Polygon","coordinates":[[[-79.344295,43.727542],[-79.338081,43.727542],[-79.338081,43.732034],[-79.344295,43.732034],[-79.344295,43.727542]]]},"properties":{"StopCount":152}},{"type":"Feature","geometry":{"type":"Polygon","coordinates":[[[-79.338081,43.727542],[-79.331867,43.727542],[-79.331867,43.732034],[-79.338081,43.732034],[-79.338081,43.727542]]]},"properties":{"StopCount":135}},{"type":"Feature","geometry":{"type":"Polygon","coordinates":[[[-79.331867,43.727542],[-79.325653,43.727542],[-79.325653,43.732034],[-79.331867,43.732034],[-79.331867,43.727542]]]},"properties":{"StopCount":254}},{"type":"Feature","geometry":{"type":"Polygon","coordinates":[[[-79.325653,43.727542],[-79.319439,43.727542],[-79.319439,43.732034],[-79.325653,43.732034],[-79.325653,43.727542]]]},"properties":{"StopCount":12}},{"type":"Feature","geometry":{"type":"Polygon","coordinates":[[[-79.319439,43.727542],[-79.313225,43.727542],[-79.313225,43.732034],[-79.319439,43.732034],[-79.319439,43.727542]]]},"properties":{"StopCount":26}},{"type":"Feature","geometry":{"type":"Polygon","coordinates":[[[-79.313225,43.727542],[-79.307011,43.727542],[-79.307011,43.732034],[-79.313225,43.732034],[-79.313225,43.727542]]]},"properties":{"StopCount":58}},{"type":"Feature","geometry":{"type":"Polygon","coordinates":[[[-79.307011,43.727542],[-79.300797,43.727542],[-79.300797,43.732034],[-79.307011,43.732034],[-79.307011,43.727542]]]},"properties":{"StopCount":88}},{"type":"Feature","geometry":{"type":"Polygon","coordinates":[[[-79.300797,43.727542],[-79.294583,43.727542],[-79.294583,43.732034],[-79.300797,43.732034],[-79.300797,43.727542]]]},"properties":{"StopCount":193}},{"type":"Feature","geometry":{"type":"Polygon","coordinates":[[[-79.294583,43.727542],[-79.288369,43.727542],[-79.288369,43.732034],[-79.294583,43.732034],[-79.294583,43.727542]]]},"properties":{"StopCount":500}},{"type":"Feature","geometry":{"type":"Polygon","coordinates":[[[-79.288369,43.727542],[-79.282155,43.727542],[-79.282155,43.732034],[-79.288369,43.732034],[-79.288369,43.727542]]]},"properties":{"StopCount":1421}},{"type":"Feature","geometry":{"type":"Polygon","coordinates":[[[-79.282155,43.727542],[-79.275941,43.727542],[-79.275941,43.732034],[-79.282155,43.732034],[-79.282155,43.727542]]]},"properties":{"StopCount":413}},{"type":"Feature","geometry":{"type":"Polygon","coordinates":[[[-79.275941,43.727542],[-79.269727,43.727542],[-79.269727,43.732034],[-79.275941,43.732034],[-79.275941,43.727542]]]},"properties":{"StopCount":235}},{"type":"Feature","geometry":{"type":"Polygon","coordinates":[[[-79.269727,43.727542],[-79.263513,43.727542],[-79.263513,43.732034],[-79.269727,43.732034],[-79.269727,43.727542]]]},"properties":{"StopCount":295}},{"type":"Feature","geometry":{"type":"Polygon","coordinates":[[[-79.263513,43.727542],[-79.257298,43.727542],[-79.257298,43.732034],[-79.263513,43.732034],[-79.263513,43.727542]]]},"properties":{"StopCount":73}},{"type":"Feature","geometry":{"type":"Polygon","coordinates":[[[-79.257298,43.727542],[-79.251084,43.727542],[-79.251084,43.732034],[-79.257298,43.732034],[-79.257298,43.727542]]]},"properties":{"StopCount":133}},{"type":"Feature","geometry":{"type":"Polygon","coordinates":[[[-79.251084,43.727542],[-79.24487,43.727542],[-79.24487,43.732034],[-79.251084,43.732034],[-79.251084,43.727542]]]},"properties":{"StopCount":130}},{"type":"Feature","geometry":{"type":"Polygon","coordinates":[[[-79.24487,43.727542],[-79.238656,43.727542],[-79.238656,43.732034],[-79.24487,43.732034],[-79.24487,43.727542]]]},"properties":{"StopCount":108}},{"type":"Feature","geometry":{"type":"Polygon","coordinates":[[[-79.238656,43.727542],[-79.232442,43.727542],[-79.232442,43.732034],[-79.238656,43.732034],[-79.238656,43.727542]]]},"properties":{"StopCount":120}},{"type":"Feature","geometry":{"type":"Polygon","coordinates":[[[-79.232442,43.727542],[-79.226228,43.727542],[-79.226228,43.732034],[-79.232442,43.732034],[-79.232442,43.727542]]]},"properties":{"StopCount":148}},{"type":"Feature","geometry":{"type":"Polygon","coordinates":[[[-79.226228,43.727542],[-79.220014,43.727542],[-79.220014,43.732034],[-79.226228,43.732034],[-79.226228,43.727542]]]},"properties":{"StopCount":81}},{"type":"Feature","geometry":{"type":"Polygon","coordinates":[[[-79.220014,43.727542],[-79.2138,43.727542],[-79.2138,43.732034],[-79.220014,43.732034],[-79.220014,43.727542]]]},"properties":{"StopCount":14}},{"type":"Feature","geometry":{"type":"Polygon","coordinates":[[[-79.2138,43.727542],[-79.207586,43.727542],[-79.207586,43.732034],[-79.2138,43.732034],[-79.2138,43.727542]]]},"properties":{"StopCount":22}},{"type":"Feature","geometry":{"type":"Polygon","coordinates":[[[-79.630142,43.732034],[-79.623928,43.732034],[-79.623928,43.736525],[-79.630142,43.736525],[-79.630142,43.732034]]]},"properties":{"StopCount":12}},{"type":"Feature","geometry":{"type":"Polygon","coordinates":[[[-79.623928,43.732034],[-79.617714,43.732034],[-79.617714,43.736525],[-79.623928,43.736525],[-79.623928,43.732034]]]},"properties":{"StopCount":124}},{"type":"Feature","geometry":{"type":"Polygon","coordinates":[[[-79.617714,43.732034],[-79.6115,43.732034],[-79.6115,43.736525],[-79.617714,43.736525],[-79.617714,43.732034]]]},"properties":{"StopCount":3324}},{"type":"Feature","geometry":{"type":"Polygon","coordinates":[[[-79.6115,43.732034],[-79.605286,43.732034],[-79.605286,43.736525],[-79.6115,43.736525],[-79.6115,43.732034]]]},"properties":{"StopCount":300}},{"type":"Feature","geometry":{"type":"Polygon","coordinates":[[[-79.605286,43.732034],[-79.599072,43.732034],[-79.599072,43.736525],[-79.605286,43.736525],[-79.605286,43.732034]]]},"properties":{"StopCount":598}},{"type":"Feature","geometry":{"type":"Polygon","coordinates":[[[-79.599072,43.732034],[-79.592858,43.732034],[-79.592858,43.736525],[-79.599072,43.736525],[-79.599072,43.732034]]]},"properties":{"StopCount":187}},{"type":"Feature","geometry":{"type":"Polygon","coordinates":[[[-79.592858,43.732034],[-79.586644,43.732034],[-79.586644,43.736525],[-79.592858,43.736525],[-79.592858,43.732034]]]},"properties":{"StopCount":233}},{"type":"Feature","geometry":{"type":"Polygon","coordinates":[[[-79.586644,43.732034],[-79.58043,43.732034],[-79.58043,43.736525],[-79.586644,43.736525],[-79.586644,43.732034]]]},"properties":{"StopCount":89}},{"type":"Feature","geometry":{"type":"Polygon","coordinates":[[[-79.58043,43.732034],[-79.574216,43.732034],[-79.574216,43.736525],[-79.58043,43.736525],[-79.58043,43.732034]]]},"properties":{"StopCount":57}},{"type":"Feature","geometry":{"type":"Polygon","coordinates":[[[-79.574216,43.732034],[-79.568002,43.732034],[-79.568002,43.736525],[-79.574216,43.736525],[-79.574216,43.732034]]]},"properties":{"StopCount":21}},{"type":"Feature","geometry":{"type":"Polygon","coordinates":[[[-79.568002,43.732034],[-79.561788,43.732034],[-79.561788,43.736525],[-79.568002,43.736525],[-79.568002,43.732034]]]},"properties":{"StopCount":96}},{"type":"Feature","geometry":{"type":"Polygon","coordinates":[[[-79.561788,43.732034],[-79.555574,43.732034],[-79.555574,43.736525],[-79.561788,43.736525],[-79.561788,43.732034]]]},"properties":{"StopCount":306}},{"type":"Feature","geometry":{"type":"Polygon","coordinates":[[[-79.555574,43.732034],[-79.54936,43.732034],[-79.54936,43.736525],[-79.555574,43.736525],[-79.555574,43.732034]]]},"properties":{"StopCount":38}},{"type":"Feature","geometry":{"type":"Polygon","coordinates":[[[-79.54936,43.732034],[-79.543145,43.732034],[-79.543145,43.736525],[-79.54936,43.736525],[-79.54936,43.732034]]]},"properties":{"StopCount":18}},{"type":"Feature","geometry":{"type":"Polygon","coordinates":[[[-79.543145,43.732034],[-79.536931,43.732034],[-79.536931,43.736525],[-79.543145,43.736525],[-79.543145,43.732034]]]},"properties":{"StopCount":47}},{"type":"Feature","geometry":{"type":"Polygon","coordinates":[[[-79.536931,43.732034],[-79.530717,43.732034],[-79.530717,43.736525],[-79.536931,43.736525],[-79.536931,43.732034]]]},"properties":{"StopCount":399}},{"type":"Feature","geometry":{"type":"Polygon","coordinates":[[[-79.530717,43.732034],[-79.524503,43.732034],[-79.524503,43.736525],[-79.530717,43.736525],[-79.530717,43.732034]]]},"properties":{"StopCount":110}},{"type":"Feature","geometry":{"type":"Polygon","coordinates":[[[-79.512075,43.732034],[-79.505861,43.732034],[-79.505861,43.736525],[-79.512075,43.736525],[-79.512075,43.732034]]]},"properties":{"StopCount":99}},{"type":"Feature","geometry":{"type":"Polygon","coordinates":[[[-79.505861,43.732034],[-79.499647,43.732034],[-79.499647,43.736525],[-79.505861,43.736525],[-79.505861,43.732034]]]},"properties":{"StopCount":46}},{"type":"Feature","geometry":{"type":"Polygon","coordinates":[[[-79.499647,43.732034],[-79.493433,43.732034],[-79.493433,43.736525],[-79.499647,43.736525],[-79.499647,43.732034]]]},"properties":{"StopCount":47}},{"type":"Feature","geometry":{"type":"Polygon","coordinates":[[[-79.493433,43.732034],[-79.487219,43.732034],[-79.487219,43.736525],[-79.493433,43.736525],[-79.493433,43.732034]]]},"properties":{"StopCount":90}},{"type":"Feature","geometry":{"type":"Polygon","coordinates":[[[-79.487219,43.732034],[-79.481005,43.732034],[-79.481005,43.736525],[-79.487219,43.736525],[-79.487219,43.732034]]]},"properties":{"StopCount":218}},{"type":"Feature","geometry":{"type":"Polygon","coordinates":[[[-79.481005,43.732034],[-79.474791,43.732034],[-79.474791,43.736525],[-79.481005,43.736525],[-79.481005,43.732034]]]},"properties":{"StopCount":232}},{"type":"Feature","geometry":{"type":"Polygon","coordinates":[[[-79.474791,43.732034],[-79.468577,43.732034],[-79.468577,43.736525],[-79.474791,43.736525],[-79.474791,43.732034]]]},"properties":{"StopCount":187}},{"type":"Feature","geometry":{"type":"Polygon","coordinates":[[[-79.468577,43.732034],[-79.462363,43.732034],[-79.462363,43.736525],[-79.468577,43.736525],[-79.468577,43.732034]]]},"properties":{"StopCount":73}},{"type":"Feature","geometry":{"type":"Polygon","coordinates":[[[-79.462363,43.732034],[-79.456149,43.732034],[-79.456149,43.736525],[-79.462363,43.736525],[-79.462363,43.732034]]]},"properties":{"StopCount":192}},{"type":"Feature","geometry":{"type":"Polygon","coordinates":[[[-79.456149,43.732034],[-79.449934,43.732034],[-79.449934,43.736525],[-79.456149,43.736525],[-79.456149,43.732034]]]},"properties":{"StopCount":564}},{"type":"Feature","geometry":{"type":"Polygon","coordinates":[[[-79.449934,43.732034],[-79.44372,43.732034],[-79.44372,43.736525],[-79.449934,43.736525],[-79.449934,43.732034]]]},"properties":{"StopCount":440}},{"type":"Feature","geometry":{"type":"Polygon","coordinates":[[[-79.44372,43.732034],[-79.437506,43.732034],[-79.437506,43.736525],[-79.44372,43.736525],[-79.44372,43.732034]]]},"properties":{"StopCount":171}},{"type":"Feature","geometry":{"type":"Polygon","coordinates":[[[-79.437506,43.732034],[-79.431292,43.732034],[-79.431292,43.736525],[-79.437506,43.736525],[-79.437506,43.732034]]]},"properties":{"StopCount":249}},{"type":"Feature","geometry":{"type":"Polygon","coordinates":[[[-79.431292,43.732034],[-79.425078,43.732034],[-79.425078,43.736525],[-79.431292,43.736525],[-79.431292,43.732034]]]},"properties":{"StopCount":163}},{"type":"Feature","geometry":{"type":"Polygon","coordinates":[[[-79.425078,43.732034],[-79.418864,43.732034],[-79.418864,43.736525],[-79.425078,43.736525],[-79.425078,43.732034]]]},"properties":{"StopCount":373}},{"type":"Feature","geometry":{"type":"Polygon","coordinates":[[[-79.418864,43.732034],[-79.41265,43.732034],[-79.41265,43.736525],[-79.418864,43.736525],[-79.418864,43.732034]]]},"properties":{"StopCount":160}},{"type":"Feature","geometry":{"type":"Polygon","coordinates":[[[-79.41265,43.732034],[-79.406436,43.732034],[-79.406436,43.736525],[-79.41265,43.736525],[-79.41265,43.732034]]]},"properties":{"StopCount":236}},{"type":"Feature","geometry":{"type":"Polygon","coordinates":[[[-79.406436,43.732034],[-79.400222,43.732034],[-79.400222,43.736525],[-79.406436,43.736525],[-79.406436,43.732034]]]},"properties":{"StopCount":361}},{"type":"Feature","geometry":{"type":"Polygon","coordinates":[[[-79.400222,43.732034],[-79.394008,43.732034],[-79.394008,43.736525],[-79.400222,43.736525],[-79.400222,43.732034]]]},"properties":{"StopCount":106}},{"type":"Feature","geometry":{"type":"Polygon","coordinates":[[[-79.394008,43.732034],[-79.387794,43.732034],[-79.387794,43.736525],[-79.394008,43.736525],[-79.394008,43.732034]]]},"properties":{"StopCount":110}},{"type":"Feature","geometry":{"type":"Polygon","coordinates":[[[-79.387794,43.732034],[-79.38158,43.732034],[-79.38158,43.736525],[-79.387794,43.736525],[-79.387794,43.732034]]]},"properties":{"StopCount":43}},{"type":"Feature","geometry":{"type":"Polygon","coordinates":[[[-79.38158,43.732034],[-79.375366,43.732034],[-79.375366,43.736525],[-79.38158,43.736525],[-79.38158,43.732034]]]},"properties":{"StopCount":68}},{"type":"Feature","geometry":{"type":"Polygon","coordinates":[[[-79.375366,43.732034],[-79.369152,43.732034],[-79.369152,43.736525],[-79.375366,43.736525],[-79.375366,43.732034]]]},"properties":{"StopCount":36}},{"type":"Feature","geometry":{"type":"Polygon","coordinates":[[[-79.369152,43.732034],[-79.362938,43.732034],[-79.362938,43.736525],[-79.369152,43.736525],[-79.369152,43.732034]]]},"properties":{"StopCount":47}},{"type":"Feature","geometry":{"type":"Polygon","coordinates":[[[-79.362938,43.732034],[-79.356723,43.732034],[-79.356723,43.736525],[-79.362938,43.736525],[-79.362938,43.732034]]]},"properties":{"StopCount":173}},{"type":"Feature","geometry":{"type":"Polygon","coordinates":[[[-79.356723,43.732034],[-79.350509,43.732034],[-79.350509,43.736525],[-79.356723,43.736525],[-79.356723,43.732034]]]},"properties":{"StopCount":311}},{"type":"Feature","geometry":{"type":"Polygon","coordinates":[[[-79.350509,43.732034],[-79.344295,43.732034],[-79.344295,43.736525],[-79.350509,43.736525],[-79.350509,43.732034]]]},"properties":{"StopCount":407}},{"type":"Feature","geometry":{"type":"Polygon","coordinates":[[[-79.344295,43.732034],[-79.338081,43.732034],[-79.338081,43.736525],[-79.344295,43.736525],[-79.344295,43.732034]]]},"properties":{"StopCount":354}},{"type":"Feature","geometry":{"type":"Polygon","coordinates":[[[-79.338081,43.732034],[-79.331867,43.732034],[-79.331867,43.736525],[-79.338081,43.736525],[-79.338081,43.732034]]]},"properties":{"StopCount":17}},{"type":"Feature","geometry":{"type":"Polygon","coordinates":[[[-79.331867,43.732034],[-79.325653,43.732034],[-79.325653,43.736525],[-79.331867,43.736525],[-79.331867,43.732034]]]},"properties":{"StopCount":249}},{"type":"Feature","geometry":{"type":"Polygon","coordinates":[[[-79.325653,43.732034],[-79.319439,43.732034],[-79.319439,43.736525],[-79.325653,43.736525],[-79.325653,43.732034]]]},"properties":{"StopCount":186}},{"type":"Feature","geometry":{"type":"Polygon","coordinates":[[[-79.319439,43.732034],[-79.313225,43.732034],[-79.313225,43.736525],[-79.319439,43.736525],[-79.319439,43.732034]]]},"properties":{"StopCount":105}},{"type":"Feature","geometry":{"type":"Polygon","coordinates":[[[-79.313225,43.732034],[-79.307011,43.732034],[-79.307011,43.736525],[-79.313225,43.736525],[-79.313225,43.732034]]]},"properties":{"StopCount":144}},{"type":"Feature","geometry":{"type":"Polygon","coordinates":[[[-79.307011,43.732034],[-79.300797,43.732034],[-79.300797,43.736525],[-79.307011,43.736525],[-79.307011,43.732034]]]},"properties":{"StopCount":143}},{"type":"Feature","geometry":{"type":"Polygon","coordinates":[[[-79.300797,43.732034],[-79.294583,43.732034],[-79.294583,43.736525],[-79.300797,43.736525],[-79.300797,43.732034]]]},"properties":{"StopCount":96}},{"type":"Feature","geometry":{"type":"Polygon","coordinates":[[[-79.294583,43.732034],[-79.288369,43.732034],[-79.288369,43.736525],[-79.294583,43.736525],[-79.294583,43.732034]]]},"properties":{"StopCount":87}},{"type":"Feature","geometry":{"type":"Polygon","coordinates":[[[-79.288369,43.732034],[-79.282155,43.732034],[-79.282155,43.736525],[-79.288369,43.736525],[-79.288369,43.732034]]]},"properties":{"StopCount":267}},{"type":"Feature","geometry":{"type":"Polygon","coordinates":[[[-79.282155,43.732034],[-79.275941,43.732034],[-79.275941,43.736525],[-79.282155,43.736525],[-79.282155,43.732034]]]},"properties":{"StopCount":119}},{"type":"Feature","geometry":{"type":"Polygon","coordinates":[[[-79.275941,43.732034],[-79.269727,43.732034],[-79.269727,43.736525],[-79.275941,43.736525],[-79.275941,43.732034]]]},"properties":{"StopCount":80}},{"type":"Feature","geometry":{"type":"Polygon","coordinates":[[[-79.269727,43.732034],[-79.263513,43.732034],[-79.263513,43.736525],[-79.269727,43.736525],[-79.269727,43.732034]]]},"properties":{"StopCount":390}},{"type":"Feature","geometry":{"type":"Polygon","coordinates":[[[-79.263513,43.732034],[-79.257298,43.732034],[-79.257298,43.736525],[-79.263513,43.736525],[-79.263513,43.732034]]]},"properties":{"StopCount":470}},{"type":"Feature","geometry":{"type":"Polygon","coordinates":[[[-79.257298,43.732034],[-79.251084,43.732034],[-79.251084,43.736525],[-79.257298,43.736525],[-79.257298,43.732034]]]},"properties":{"StopCount":307}},{"type":"Feature","geometry":{"type":"Polygon","coordinates":[[[-79.251084,43.732034],[-79.24487,43.732034],[-79.24487,43.736525],[-79.251084,43.736525],[-79.251084,43.732034]]]},"properties":{"StopCount":295}},{"type":"Feature","geometry":{"type":"Polygon","coordinates":[[[-79.24487,43.732034],[-79.238656,43.732034],[-79.238656,43.736525],[-79.24487,43.736525],[-79.24487,43.732034]]]},"properties":{"StopCount":150}},{"type":"Feature","geometry":{"type":"Polygon","coordinates":[[[-79.238656,43.732034],[-79.232442,43.732034],[-79.232442,43.736525],[-79.238656,43.736525],[-79.238656,43.732034]]]},"properties":{"StopCount":121}},{"type":"Feature","geometry":{"type":"Polygon","coordinates":[[[-79.232442,43.732034],[-79.226228,43.732034],[-79.226228,43.736525],[-79.232442,43.736525],[-79.232442,43.732034]]]},"properties":{"StopCount":66}},{"type":"Feature","geometry":{"type":"Polygon","coordinates":[[[-79.226228,43.732034],[-79.220014,43.732034],[-79.220014,43.736525],[-79.226228,43.736525],[-79.226228,43.732034]]]},"properties":{"StopCount":145}},{"type":"Feature","geometry":{"type":"Polygon","coordinates":[[[-79.220014,43.732034],[-79.2138,43.732034],[-79.2138,43.736525],[-79.220014,43.736525],[-79.220014,43.732034]]]},"properties":{"StopCount":65}},{"type":"Feature","geometry":{"type":"Polygon","coordinates":[[[-79.2138,43.732034],[-79.207586,43.732034],[-79.207586,43.736525],[-79.2138,43.736525],[-79.2138,43.732034]]]},"properties":{"StopCount":67}},{"type":"Feature","geometry":{"type":"Polygon","coordinates":[[[-79.630142,43.736525],[-79.623928,43.736525],[-79.623928,43.741017],[-79.630142,43.741017],[-79.630142,43.736525]]]},"properties":{"StopCount":98}},{"type":"Feature","geometry":{"type":"Polygon","coordinates":[[[-79.623928,43.736525],[-79.617714,43.736525],[-79.617714,43.741017],[-79.623928,43.741017],[-79.623928,43.736525]]]},"properties":{"StopCount":433}},{"type":"Feature","geometry":{"type":"Polygon","coordinates":[[[-79.617714,43.736525],[-79.6115,43.736525],[-79.6115,43.741017],[-79.617714,43.741017],[-79.617714,43.736525]]]},"properties":{"StopCount":5146}},{"type":"Feature","geometry":{"type":"Polygon","coordinates":[[[-79.6115,43.736525],[-79.605286,43.736525],[-79.605286,43.741017],[-79.6115,43.741017],[-79.6115,43.736525]]]},"properties":{"StopCount":1783}},{"type":"Feature","geometry":{"type":"Polygon","coordinates":[[[-79.605286,43.736525],[-79.599072,43.736525],[-79.599072,43.741017],[-79.605286,43.741017],[-79.605286,43.736525]]]},"properties":{"StopCount":175}},{"type":"Feature","geometry":{"type":"Polygon","coordinates":[[[-79.599072,43.736525],[-79.592858,43.736525],[-79.592858,43.741017],[-79.599072,43.741017],[-79.599072,43.736525]]]},"properties":{"StopCount":177}},{"type":"Feature","geometry":{"type":"Polygon","coordinates":[[[-79.592858,43.736525],[-79.586644,43.736525],[-79.586644,43.741017],[-79.592858,43.741017],[-79.592858,43.736525]]]},"properties":{"StopCount":174}},{"type":"Feature","geometry":{"type":"Polygon","coordinates":[[[-79.586644,43.736525],[-79.58043,43.736525],[-79.58043,43.741017],[-79.586644,43.741017],[-79.586644,43.736525]]]},"properties":{"StopCount":316}},{"type":"Feature","geometry":{"type":"Polygon","coordinates":[[[-79.58043,43.736525],[-79.574216,43.736525],[-79.574216,43.741017],[-79.58043,43.741017],[-79.58043,43.736525]]]},"properties":{"StopCount":135}},{"type":"Feature","geometry":{"type":"Polygon","coordinates":[[[-79.574216,43.736525],[-79.568002,43.736525],[-79.568002,43.741017],[-79.574216,43.741017],[-79.574216,43.736525]]]},"properties":{"StopCount":76}},{"type":"Feature","geometry":{"type":"Polygon","coordinates":[[[-79.568002,43.736525],[-79.561788,43.736525],[-79.561788,43.741017],[-79.568002,43.741017],[-79.568002,43.736525]]]},"properties":{"StopCount":268}},{"type":"Feature","geometry":{"type":"Polygon","coordinates":[[[-79.561788,43.736525],[-79.555574,43.736525],[-79.555574,43.741017],[-79.561788,43.741017],[-79.561788,43.736525]]]},"properties":{"StopCount":113}},{"type":"Feature","geometry":{"type":"Polygon","coordinates":[[[-79.555574,43.736525],[-79.54936,43.736525],[-79.54936,43.741017],[-79.555574,43.741017],[-79.555574,43.736525]]]},"properties":{"StopCount":115}},{"type":"Feature","geometry":{"type":"Polygon","coordinates":[[[-79.54936,43.736525],[-79.543145,43.736525],[-79.543145,43.741017],[-79.54936,43.741017],[-79.54936,43.736525]]]},"properties":{"StopCount":82}},{"type":"Feature","geometry":{"type":"Polygon","coordinates":[[[-79.543145,43.736525],[-79.536931,43.736525],[-79.536931,43.741017],[-79.543145,43.741017],[-79.543145,43.736525]]]},"properties":{"StopCount":186}},{"type":"Feature","geometry":{"type":"Polygon","coordinates":[[[-79.536931,43.736525],[-79.530717,43.736525],[-79.530717,43.741017],[-79.536931,43.741017],[-79.536931,43.736525]]]},"properties":{"StopCount":250}},{"type":"Feature","geometry":{"type":"Polygon","coordinates":[[[-79.530717,43.736525],[-79.524503,43.736525],[-79.524503,43.741017],[-79.530717,43.741017],[-79.530717,43.736525]]]},"properties":{"StopCount":225}},{"type":"Feature","geometry":{"type":"Polygon","coordinates":[[[-79.524503,43.736525],[-79.518289,43.736525],[-79.518289,43.741017],[-79.524503,43.741017],[-79.524503,43.736525]]]},"properties":{"StopCount":111}},{"type":"Feature","geometry":{"type":"Polygon","coordinates":[[[-79.518289,43.736525],[-79.512075,43.736525],[-79.512075,43.741017],[-79.518289,43.741017],[-79.518289,43.736525]]]},"properties":{"StopCount":241}},{"type":"Feature","geometry":{"type":"Polygon","coordinates":[[[-79.512075,43.736525],[-79.505861,43.736525],[-79.505861,43.741017],[-79.512075,43.741017],[-79.512075,43.736525]]]},"properties":{"StopCount":224}},{"type":"Feature","geometry":{"type":"Polygon","coordinates":[[[-79.505861,43.736525],[-79.499647,43.736525],[-79.499647,43.741017],[-79.505861,43.741017],[-79.505861,43.736525]]]},"properties":{"StopCount":181}},{"type":"Feature","geometry":{"type":"Polygon","coordinates":[[[-79.499647,43.736525],[-79.493433,43.736525],[-79.493433,43.741017],[-79.499647,43.741017],[-79.499647,43.736525]]]},"properties":{"StopCount":75}},{"type":"Feature","geometry":{"type":"Polygon","coordinates":[[[-79.493433,43.736525],[-79.487219,43.736525],[-79.487219,43.741017],[-79.493433,43.741017],[-79.493433,43.736525]]]},"properties":{"StopCount":90}},{"type":"Feature","geometry":{"type":"Polygon","coordinates":[[[-79.487219,43.736525],[-79.481005,43.736525],[-79.481005,43.741017],[-79.487219,43.741017],[-79.487219,43.736525]]]},"properties":{"StopCount":94}},{"type":"Feature","geometry":{"type":"Polygon","coordinates":[[[-79.481005,43.736525],[-79.474791,43.736525],[-79.474791,43.741017],[-79.481005,43.741017],[-79.481005,43.736525]]]},"properties":{"StopCount":32}},{"type":"Feature","geometry":{"type":"Polygon","coordinates":[[[-79.474791,43.736525],[-79.468577,43.736525],[-79.468577,43.741017],[-79.474791,43.741017],[-79.474791,43.736525]]]},"properties":{"StopCount":415}},{"type":"Feature","geometry":{"type":"Polygon","coordinates":[[[-79.468577,43.736525],[-79.462363,43.736525],[-79.462363,43.741017],[-79.468577,43.741017],[-79.468577,43.736525]]]},"properties":{"StopCount":66}},{"type":"Feature","geometry":{"type":"Polygon","coordinates":[[[-79.462363,43.736525],[-79.456149,43.736525],[-79.456149,43.741017],[-79.462363,43.741017],[-79.462363,43.736525]]]},"properties":{"StopCount":10}},{"type":"Feature","geometry":{"type":"Polygon","coordinates":[[[-79.456149,43.736525],[-79.449934,43.736525],[-79.449934,43.741017],[-79.456149,43.741017],[-79.456149,43.736525]]]},"properties":{"StopCount":297}},{"type":"Feature","geometry":{"type":"Polygon","coordinates":[[[-79.449934,43.736525],[-79.44372,43.736525],[-79.44372,43.741017],[-79.449934,43.741017],[-79.449934,43.736525]]]},"properties":{"StopCount":108}},{"type":"Feature","geometry":{"type":"Polygon","coordinates":[[[-79.44372,43.736525],[-79.437506,43.736525],[-79.437506,43.741017],[-79.44372,43.741017],[-79.44372,43.736525]]]},"properties":{"StopCount":188}},{"type":"Feature","geometry":{"type":"Polygon","coordinates":[[[-79.437506,43.736525],[-79.431292,43.736525],[-79.431292,43.741017],[-79.437506,43.741017],[-79.437506,43.736525]]]},"properties":{"StopCount":475}},{"type":"Feature","geometry":{"type":"Polygon","coordinates":[[[-79.431292,43.736525],[-79.425078,43.736525],[-79.425078,43.741017],[-79.431292,43.741017],[-79.431292,43.736525]]]},"properties":{"StopCount":144}},{"type":"Feature","geometry":{"type":"Polygon","coordinates":[[[-79.425078,43.736525],[-79.418864,43.736525],[-79.418864,43.741017],[-79.425078,43.741017],[-79.425078,43.736525]]]},"properties":{"StopCount":243}},{"type":"Feature","geometry":{"type":"Polygon","coordinates":[[[-79.418864,43.736525],[-79.41265,43.736525],[-79.41265,43.741017],[-79.418864,43.741017],[-79.418864,43.736525]]]},"properties":{"StopCount":100}},{"type":"Feature","geometry":{"type":"Polygon","coordinates":[[[-79.41265,43.736525],[-79.406436,43.736525],[-79.406436,43.741017],[-79.41265,43.741017],[-79.41265,43.736525]]]},"properties":{"StopCount":51}},{"type":"Feature","geometry":{"type":"Polygon","coordinates":[[[-79.406436,43.736525],[-79.400222,43.736525],[-79.400222,43.741017],[-79.406436,43.741017],[-79.406436,43.736525]]]},"properties":{"StopCount":115}},{"type":"Feature","geometry":{"type":"Polygon","coordinates":[[[-79.400222,43.736525],[-79.394008,43.736525],[-79.394008,43.741017],[-79.400222,43.741017],[-79.400222,43.736525]]]},"properties":{"StopCount":89}},{"type":"Feature","geometry":{"type":"Polygon","coordinates":[[[-79.394008,43.736525],[-79.387794,43.736525],[-79.387794,43.741017],[-79.394008,43.741017],[-79.394008,43.736525]]]},"properties":{"StopCount":44}},{"type":"Feature","geometry":{"type":"Polygon","coordinates":[[[-79.387794,43.736525],[-79.38158,43.736525],[-79.38158,43.741017],[-79.387794,43.741017],[-79.387794,43.736525]]]},"properties":{"StopCount":125}},{"type":"Feature","geometry":{"type":"Polygon","coordinates":[[[-79.38158,43.736525],[-79.375366,43.736525],[-79.375366,43.741017],[-79.38158,43.741017],[-79.38158,43.736525]]]},"properties":{"StopCount":21}},{"type":"Feature","geometry":{"type":"Polygon","coordinates":[[[-79.375366,43.736525],[-79.369152,43.736525],[-79.369152,43.741017],[-79.375366,43.741017],[-79.375366,43.736525]]]},"properties":{"StopCount":71}},{"type":"Feature","geometry":{"type":"Polygon","coordinates":[[[-79.369152,43.736525],[-79.362938,43.736525],[-79.362938,43.741017],[-79.369152,43.741017],[-79.369152,43.736525]]]},"properties":{"StopCount":50}},{"type":"Feature","geometry":{"type":"Polygon","coordinates":[[[-79.362938,43.736525],[-79.356723,43.736525],[-79.356723,43.741017],[-79.362938,43.741017],[-79.362938,43.736525]]]},"properties":{"StopCount":118}},{"type":"Feature","geometry":{"type":"Polygon","coordinates":[[[-79.356723,43.736525],[-79.350509,43.736525],[-79.350509,43.741017],[-79.356723,43.741017],[-79.356723,43.736525]]]},"properties":{"StopCount":68}},{"type":"Feature","geometry":{"type":"Polygon","coordinates":[[[-79.350509,43.736525],[-79.344295,43.736525],[-79.344295,43.741017],[-79.350509,43.741017],[-79.350509,43.736525]]]},"properties":{"StopCount":227}},{"type":"Feature","geometry":{"type":"Polygon","coordinates":[[[-79.344295,43.736525],[-79.338081,43.736525],[-79.338081,43.741017],[-79.344295,43.741017],[-79.344295,43.736525]]]},"properties":{"StopCount":229}},{"type":"Feature","geometry":{"type":"Polygon","coordinates":[[[-79.338081,43.736525],[-79.331867,43.736525],[-79.331867,43.741017],[-79.338081,43.741017],[-79.338081,43.736525]]]},"properties":{"StopCount":16}},{"type":"Feature","geometry":{"type":"Polygon","coordinates":[[[-79.331867,43.736525],[-79.325653,43.736525],[-79.325653,43.741017],[-79.331867,43.741017],[-79.331867,43.736525]]]},"properties":{"StopCount":649}},{"type":"Feature","geometry":{"type":"Polygon","coordinates":[[[-79.325653,43.736525],[-79.319439,43.736525],[-79.319439,43.741017],[-79.325653,43.741017],[-79.325653,43.736525]]]},"properties":{"StopCount":695}},{"type":"Feature","geometry":{"type":"Polygon","coordinates":[[[-79.319439,43.736525],[-79.313225,43.736525],[-79.313225,43.741017],[-79.319439,43.741017],[-79.319439,43.736525]]]},"properties":{"StopCount":398}},{"type":"Feature","geometry":{"type":"Polygon","coordinates":[[[-79.313225,43.736525],[-79.307011,43.736525],[-79.307011,43.741017],[-79.313225,43.741017],[-79.313225,43.736525]]]},"properties":{"StopCount":112}},{"type":"Feature","geometry":{"type":"Polygon","coordinates":[[[-79.307011,43.736525],[-79.300797,43.736525],[-79.300797,43.741017],[-79.307011,43.741017],[-79.307011,43.736525]]]},"properties":{"StopCount":143}},{"type":"Feature","geometry":{"type":"Polygon","coordinates":[[[-79.300797,43.736525],[-79.294583,43.736525],[-79.294583,43.741017],[-79.300797,43.741017],[-79.300797,43.736525]]]},"properties":{"StopCount":125}},{"type":"Feature","geometry":{"type":"Polygon","coordinates":[[[-79.294583,43.736525],[-79.288369,43.736525],[-79.288369,43.741017],[-79.294583,43.741017],[-79.294583,43.736525]]]},"properties":{"StopCount":149}},{"type":"Feature","geometry":{"type":"Polygon","coordinates":[[[-79.288369,43.736525],[-79.282155,43.736525],[-79.282155,43.741017],[-79.288369,43.741017],[-79.288369,43.736525]]]},"properties":{"StopCount":119}},{"type":"Feature","geometry":{"type":"Polygon","coordinates":[[[-79.282155,43.736525],[-79.275941,43.736525],[-79.275941,43.741017],[-79.282155,43.741017],[-79.282155,43.736525]]]},"properties":{"StopCount":53}},{"type":"Feature","geometry":{"type":"Polygon","coordinates":[[[-79.275941,43.736525],[-79.269727,43.736525],[-79.269727,43.741017],[-79.275941,43.741017],[-79.275941,43.736525]]]},"properties":{"StopCount":85}},{"type":"Feature","geometry":{"type":"Polygon","coordinates":[[[-79.269727,43.736525],[-79.263513,43.736525],[-79.263513,43.741017],[-79.269727,43.741017],[-79.269727,43.736525]]]},"properties":{"StopCount":75}},{"type":"Feature","geometry":{"type":"Polygon","coordinates":[[[-79.263513,43.736525],[-79.257298,43.736525],[-79.257298,43.741017],[-79.263513,43.741017],[-79.263513,43.736525]]]},"properties":{"StopCount":85}},{"type":"Feature","geometry":{"type":"Polygon","coordinates":[[[-79.257298,43.736525],[-79.251084,43.736525],[-79.251084,43.741017],[-79.257298,43.741017],[-79.257298,43.736525]]]},"properties":{"StopCount":157}},{"type":"Feature","geometry":{"type":"Polygon","coordinates":[[[-79.251084,43.736525],[-79.24487,43.736525],[-79.24487,43.741017],[-79.251084,43.741017],[-79.251084,43.736525]]]},"properties":{"StopCount":272}},{"type":"Feature","geometry":{"type":"Polygon","coordinates":[[[-79.24487,43.736525],[-79.238656,43.736525],[-79.238656,43.741017],[-79.24487,43.741017],[-79.24487,43.736525]]]},"properties":{"StopCount":343}},{"type":"Feature","geometry":{"type":"Polygon","coordinates":[[[-79.238656,43.736525],[-79.232442,43.736525],[-79.232442,43.741017],[-79.238656,43.741017],[-79.238656,43.736525]]]},"properties":{"StopCount":289}},{"type":"Feature","geometry":{"type":"Polygon","coordinates":[[[-79.232442,43.736525],[-79.226228,43.736525],[-79.226228,43.741017],[-79.232442,43.741017],[-79.232442,43.736525]]]},"properties":{"StopCount":121}},{"type":"Feature","geometry":{"type":"Polygon","coordinates":[[[-79.226228,43.736525],[-79.220014,43.736525],[-79.220014,43.741017],[-79.226228,43.741017],[-79.226228,43.736525]]]},"properties":{"StopCount":95}},{"type":"Feature","geometry":{"type":"Polygon","coordinates":[[[-79.220014,43.736525],[-79.2138,43.736525],[-79.2138,43.741017],[-79.220014,43.741017],[-79.220014,43.736525]]]},"properties":{"StopCount":256}},{"type":"Feature","geometry":{"type":"Polygon","coordinates":[[[-79.2138,43.736525],[-79.207586,43.736525],[-79.207586,43.741017],[-79.2138,43.741017],[-79.2138,43.736525]]]},"properties":{"StopCount":100}},{"type":"Feature","geometry":{"type":"Polygon","coordinates":[[[-79.207586,43.736525],[-79.201372,43.736525],[-79.201372,43.741017],[-79.207586,43.741017],[-79.207586,43.736525]]]},"properties":{"StopCount":91}},{"type":"Feature","geometry":{"type":"Polygon","coordinates":[[[-79.201372,43.736525],[-79.195158,43.736525],[-79.195158,43.741017],[-79.201372,43.741017],[-79.201372,43.736525]]]},"properties":{"StopCount":10}},{"type":"Feature","geometry":{"type":"Polygon","coordinates":[[[-79.636356,43.741017],[-79.630142,43.741017],[-79.630142,43.745508],[-79.636356,43.745508],[-79.636356,43.741017]]]},"properties":{"StopCount":8}},{"type":"Feature","geometry":{"type":"Polygon","coordinates":[[[-79.630142,43.741017],[-79.623928,43.741017],[-79.623928,43.745508],[-79.630142,43.745508],[-79.630142,43.741017]]]},"properties":{"StopCount":197}},{"type":"Feature","geometry":{"type":"Polygon","coordinates":[[[-79.623928,43.741017],[-79.617714,43.741017],[-79.617714,43.745508],[-79.623928,43.745508],[-79.623928,43.741017]]]},"properties":{"StopCount":431}},{"type":"Feature","geometry":{"type":"Polygon","coordinates":[[[-79.617714,43.741017],[-79.6115,43.741017],[-79.6115,43.745508],[-79.617714,43.745508],[-79.617714,43.741017]]]},"properties":{"StopCount":498}},{"type":"Feature","geometry":{"type":"Polygon","coordinates":[[[-79.6115,43.741017],[-79.605286,43.741017],[-79.605286,43.745508],[-79.6115,43.745508],[-79.6115,43.741017]]]},"properties":{"StopCount":595}},{"type":"Feature","geometry":{"type":"Polygon","coordinates":[[[-79.605286,43.741017],[-79.599072,43.741017],[-79.599072,43.745508],[-79.605286,43.745508],[-79.605286,43.741017]]]},"properties":{"StopCount":367}},{"type":"Feature","geometry":{"type":"Polygon","coordinates":[[[-79.599072,43.741017],[-79.592858,43.741017],[-79.592858,43.745508],[-79.599072,43.745508],[-79.599072,43.741017]]]},"properties":{"StopCount":218}},{"type":"Feature","geometry":{"type":"Polygon","coordinates":[[[-79.592858,43.741017],[-79.586644,43.741017],[-79.586644,43.745508],[-79.592858,43.745508],[-79.592858,43.741017]]]},"properties":{"StopCount":397}},{"type":"Feature","geometry":{"type":"Polygon","coordinates":[[[-79.586644,43.741017],[-79.58043,43.741017],[-79.58043,43.745508],[-79.586644,43.745508],[-79.586644,43.741017]]]},"properties":{"StopCount":383}},{"type":"Feature","geometry":{"type":"Polygon","coordinates":[[[-79.58043,43.741017],[-79.574216,43.741017],[-79.574216,43.745508],[-79.58043,43.745508],[-79.58043,43.741017]]]},"properties":{"StopCount":152}},{"type":"Feature","geometry":{"type":"Polygon","coordinates":[[[-79.574216,43.741017],[-79.568002,43.741017],[-79.568002,43.745508],[-79.574216,43.745508],[-79.574216,43.741017]]]},"properties":{"StopCount":101}},{"type":"Feature","geometry":{"type":"Polygon","coordinates":[[[-79.568002,43.741017],[-79.561788,43.741017],[-79.561788,43.745508],[-79.568002,43.745508],[-79.568002,43.741017]]]},"properties":{"StopCount":61}},{"type":"Feature","geometry":{"type":"Polygon","coordinates":[[[-79.561788,43.741017],[-79.555574,43.741017],[-79.555574,43.745508],[-79.561788,43.745508],[-79.561788,43.741017]]]},"properties":{"StopCount":28}},{"type":"Feature","geometry":{"type":"Polygon","coordinates":[[[-79.555574,43.741017],[-79.54936,43.741017],[-79.54936,43.745508],[-79.555574,43.745508],[-79.555574,43.741017]]]},"properties":{"StopCount":61}},{"type":"Feature","geometry":{"type":"Polygon","coordinates":[[[-79.54936,43.741017],[-79.543145,43.741017],[-79.543145,43.745508],[-79.54936,43.745508],[-79.54936,43.741017]]]},"properties":{"StopCount":34}},{"type":"Feature","geometry":{"type":"Polygon","coordinates":[[[-79.543145,43.741017],[-79.536931,43.741017],[-79.536931,43.745508],[-79.543145,43.745508],[-79.543145,43.741017]]]},"properties":{"StopCount":79}},{"type":"Feature","geometry":{"type":"Polygon","coordinates":[[[-79.536931,43.741017],[-79.530717,43.741017],[-79.530717,43.745508],[-79.536931,43.745508],[-79.536931,43.741017]]]},"properties":{"StopCount":1460}},{"type":"Feature","geometry":{"type":"Polygon","coordinates":[[[-79.530717,43.741017],[-79.524503,43.741017],[-79.524503,43.745508],[-79.530717,43.745508],[-79.530717,43.741017]]]},"properties":{"StopCount":299}},{"type":"Feature","geometry":{"type":"Polygon","coordinates":[[[-79.524503,43.741017],[-79.518289,43.741017],[-79.518289,43.745508],[-79.524503,43.745508],[-79.524503,43.741017]]]},"properties":{"StopCount":137}},{"type":"Feature","geometry":{"type":"Polygon","coordinates":[[[-79.518289,43.741017],[-79.512075,43.741017],[-79.512075,43.745508],[-79.518289,43.745508],[-79.518289,43.741017]]]},"properties":{"StopCount":153}},{"type":"Feature","geometry":{"type":"Polygon","coordinates":[[[-79.512075,43.741017],[-79.505861,43.741017],[-79.505861,43.745508],[-79.512075,43.745508],[-79.512075,43.741017]]]},"properties":{"StopCount":94}},{"type":"Feature","geometry":{"type":"Polygon","coordinates":[[[-79.505861,43.741017],[-79.499647,43.741017],[-79.499647,43.745508],[-79.505861,43.745508],[-79.505861,43.741017]]]},"properties":{"StopCount":211}},{"type":"Feature","geometry":{"type":"Polygon","coordinates":[[[-79.499647,43.741017],[-79.493433,43.741017],[-79.493433,43.745508],[-79.499647,43.745508],[-79.499647,43.741017]]]},"properties":{"StopCount":91}},{"type":"Feature","geometry":{"type":"Polygon","coordinates":[[[-79.493433,43.741017],[-79.487219,43.741017],[-79.487219,43.745508],[-79.493433,43.745508],[-79.493433,43.741017]]]},"properties":{"StopCount":210}},{"type":"Feature","geometry":{"type":"Polygon","coordinates":[[[-79.487219,43.741017],[-79.481005,43.741017],[-79.481005,43.745508],[-79.487219,43.745508],[-79.487219,43.741017]]]},"properties":{"StopCount":206}},{"type":"Feature","geometry":{"type":"Polygon","coordinates":[[[-79.481005,43.741017],[-79.474791,43.741017],[-79.474791,43.745508],[-79.481005,43.745508],[-79.481005,43.741017]]]},"properties":{"StopCount":9}},{"type":"Feature","geometry":{"type":"Polygon","coordinates":[[[-79.474791,43.741017],[-79.468577,43.741017],[-79.468577,43.745508],[-79.474791,43.745508],[-79.474791,43.741017]]]},"properties":{"StopCount":40}},{"type":"Feature","geometry":{"type":"Polygon","coordinates":[[[-79.462363,43.741017],[-79.456149,43.741017],[-79.456149,43.745508],[-79.462363,43.745508],[-79.462363,43.741017]]]},"properties":{"StopCount":9}},{"type":"Feature","geometry":{"type":"Polygon","coordinates":[[[-79.456149,43.741017],[-79.449934,43.741017],[-79.449934,43.745508],[-79.456149,43.745508],[-79.456149,43.741017]]]},"properties":{"StopCount":60}},{"type":"Feature","geometry":{"type":"Polygon","coordinates":[[[-79.449934,43.741017],[-79.44372,43.741017],[-79.44372,43.745508],[-79.449934,43.745508],[-79.449934,43.741017]]]},"properties":{"StopCount":146}},{"type":"Feature","geometry":{"type":"Polygon","coordinates":[[[-79.44372,43.741017],[-79.437506,43.741017],[-79.437506,43.745508],[-79.44372,43.745508],[-79.44372,43.741017]]]},"properties":{"StopCount":220}},{"type":"Feature","geometry":{"type":"Polygon","coordinates":[[[-79.437506,43.741017],[-79.431292,43.741017],[-79.431292,43.745508],[-79.437506,43.745508],[-79.437506,43.741017]]]},"properties":{"StopCount":237}},{"type":"Feature","geometry":{"type":"Polygon","coordinates":[[[-79.431292,43.741017],[-79.425078,43.741017],[-79.425078,43.745508],[-79.431292,43.745508],[-79.431292,43.741017]]]},"properties":{"StopCount":146}},{"type":"Feature","geometry":{"type":"Polygon","coordinates":[[[-79.425078,43.741017],[-79.418864,43.741017],[-79.418864,43.745508],[-79.425078,43.745508],[-79.425078,43.741017]]]},"properties":{"StopCount":72}},{"type":"Feature","geometry":{"type":"Polygon","coordinates":[[[-79.418864,43.741017],[-79.41265,43.741017],[-79.41265,43.745508],[-79.418864,43.745508],[-79.418864,43.741017]]]},"properties":{"StopCount":37}},{"type":"Feature","geometry":{"type":"Polygon","coordinates":[[[-79.41265,43.741017],[-79.406436,43.741017],[-79.406436,43.745508],[-79.41265,43.745508],[-79.41265,43.741017]]]},"properties":{"StopCount":114}},{"type":"Feature","geometry":{"type":"Polygon","coordinates":[[[-79.406436,43.741017],[-79.400222,43.741017],[-79.400222,43.745508],[-79.406436,43.745508],[-79.406436,43.741017]]]},"properties":{"StopCount":293}},{"type":"Feature","geometry":{"type":"Polygon","coordinates":[[[-79.400222,43.741017],[-79.394008,43.741017],[-79.394008,43.745508],[-79.400222,43.745508],[-79.400222,43.741017]]]},"properties":{"StopCount":84}},{"type":"Feature","geometry":{"type":"Polygon","coordinates":[[[-79.394008,43.741017],[-79.387794,43.741017],[-79.387794,43.745508],[-79.394008,43.745508],[-79.394008,43.741017]]]},"properties":{"StopCount":84}},{"type":"Feature","geometry":{"type":"Polygon","coordinates":[[[-79.387794,43.741017],[-79.38158,43.741017],[-79.38158,43.745508],[-79.387794,43.745508],[-79.387794,43.741017]]]},"properties":{"StopCount":114}},{"type":"Feature","geometry":{"type":"Polygon","coordinates":[[[-79.38158,43.741017],[-79.375366,43.741017],[-79.375366,43.745508],[-79.38158,43.745508],[-79.38158,43.741017]]]},"properties":{"StopCount":80}},{"type":"Feature","geometry":{"type":"Polygon","coordinates":[[[-79.375366,43.741017],[-79.369152,43.741017],[-79.369152,43.745508],[-79.375366,43.745508],[-79.375366,43.741017]]]},"properties":{"StopCount":43}},{"type":"Feature","geometry":{"type":"Polygon","coordinates":[[[-79.369152,43.741017],[-79.362938,43.741017],[-79.362938,43.745508],[-79.369152,43.745508],[-79.369152,43.741017]]]},"properties":{"StopCount":104}},{"type":"Feature","geometry":{"type":"Polygon","coordinates":[[[-79.362938,43.741017],[-79.356723,43.741017],[-79.356723,43.745508],[-79.362938,43.745508],[-79.362938,43.741017]]]},"properties":{"StopCount":51}},{"type":"Feature","geometry":{"type":"Polygon","coordinates":[[[-79.356723,43.741017],[-79.350509,43.741017],[-79.350509,43.745508],[-79.356723,43.745508],[-79.356723,43.741017]]]},"properties":{"StopCount":89}},{"type":"Feature","geometry":{"type":"Polygon","coordinates":[[[-79.350509,43.741017],[-79.344295,43.741017],[-79.344295,43.745508],[-79.350509,43.745508],[-79.350509,43.741017]]]},"properties":{"StopCount":120}},{"type":"Feature","geometry":{"type":"Polygon","coordinates":[[[-79.344295,43.741017],[-79.338081,43.741017],[-79.338081,43.745508],[-79.344295,43.745508],[-79.344295,43.741017]]]},"properties":{"StopCount":39}},{"type":"Feature","geometry":{"type":"Polygon","coordinates":[[[-79.338081,43.741017],[-79.331867,43.741017],[-79.331867,43.745508],[-79.338081,43.745508],[-79.338081,43.741017]]]},"properties":{"StopCount":3}},{"type":"Feature","geometry":{"type":"Polygon","coordinates":[[[-79.331867,43.741017],[-79.325653,43.741017],[-79.325653,43.745508],[-79.331867,43.745508],[-79.331867,43.741017]]]},"properties":{"StopCount":85}},{"type":"Feature","geometry":{"type":"Polygon","coordinates":[[[-79.325653,43.741017],[-79.319439,43.741017],[-79.319439,43.745508],[-79.325653,43.745508],[-79.325653,43.741017]]]},"properties":{"StopCount":157}},{"type":"Feature","geometry":{"type":"Polygon","coordinates":[[[-79.319439,43.741017],[-79.313225,43.741017],[-79.313225,43.745508],[-79.319439,43.745508],[-79.319439,43.741017]]]},"properties":{"StopCount":299}},{"type":"Feature","geometry":{"type":"Polygon","coordinates":[[[-79.313225,43.741017],[-79.307011,43.741017],[-79.307011,43.745508],[-79.313225,43.745508],[-79.313225,43.741017]]]},"properties":{"StopCount":562}},{"type":"Feature","geometry":{"type":"Polygon","coordinates":[[[-79.307011,43.741017],[-79.300797,43.741017],[-79.300797,43.745508],[-79.307011,43.745508],[-79.307011,43.741017]]]},"properties":{"StopCount":520}},{"type":"Feature","geometry":{"type":"Polygon","coordinates":[[[-79.300797,43.741017],[-79.294583,43.741017],[-79.294583,43.745508],[-79.300797,43.745508],[-79.300797,43.741017]]]},"properties":{"StopCount":582}},{"type":"Feature","geometry":{"type":"Polygon","coordinates":[[[-79.294583,43.741017],[-79.288369,43.741017],[-79.288369,43.745508],[-79.294583,43.745508],[-79.294583,43.741017]]]},"properties":{"StopCount":189}},{"type":"Feature","geometry":{"type":"Polygon","coordinates":[[[-79.288369,43.741017],[-79.282155,43.741017],[-79.282155,43.745508],[-79.288369,43.745508],[-79.288369,43.741017]]]},"properties":{"StopCount":139}},{"type":"Feature","geometry":{"type":"Polygon","coordinates":[[[-79.282155,43.741017],[-79.275941,43.741017],[-79.275941,43.745508],[-79.282155,43.745508],[-79.282155,43.741017]]]},"properties":{"StopCount":59}},{"type":"Feature","geometry":{"type":"Polygon","coordinates":[[[-79.275941,43.741017],[-79.269727,43.741017],[-79.269727,43.745508],[-79.275941,43.745508],[-79.275941,43.741017]]]},"properties":{"StopCount":100}},{"type":"Feature","geometry":{"type":"Polygon","coordinates":[[[-79.269727,43.741017],[-79.263513,43.741017],[-79.263513,43.745508],[-79.269727,43.745508],[-79.269727,43.741017]]]},"properties":{"StopCount":34}},{"type":"Feature","geometry":{"type":"Polygon","coordinates":[[[-79.263513,43.741017],[-79.257298,43.741017],[-79.257298,43.745508],[-79.263513,43.745508],[-79.263513,43.741017]]]},"properties":{"StopCount":83}},{"type":"Feature","geometry":{"type":"Polygon","coordinates":[[[-79.257298,43.741017],[-79.251084,43.741017],[-79.251084,43.745508],[-79.257298,43.745508],[-79.257298,43.741017]]]},"properties":{"StopCount":120}},{"type":"Feature","geometry":{"type":"Polygon","coordinates":[[[-79.251084,43.741017],[-79.24487,43.741017],[-79.24487,43.745508],[-79.251084,43.745508],[-79.251084,43.741017]]]},"properties":{"StopCount":106}},{"type":"Feature","geometry":{"type":"Polygon","coordinates":[[[-79.24487,43.741017],[-79.238656,43.741017],[-79.238656,43.745508],[-79.24487,43.745508],[-79.24487,43.741017]]]},"properties":{"StopCount":158}},{"type":"Feature","geometry":{"type":"Polygon","coordinates":[[[-79.238656,43.741017],[-79.232442,43.741017],[-79.232442,43.745508],[-79.238656,43.745508],[-79.238656,43.741017]]]},"properties":{"StopCount":129}},{"type":"Feature","geometry":{"type":"Polygon","coordinates":[[[-79.232442,43.741017],[-79.226228,43.741017],[-79.226228,43.745508],[-79.232442,43.745508],[-79.232442,43.741017]]]},"properties":{"StopCount":120}},{"type":"Feature","geometry":{"type":"Polygon","coordinates":[[[-79.226228,43.741017],[-79.220014,43.741017],[-79.220014,43.745508],[-79.226228,43.745508],[-79.226228,43.741017]]]},"properties":{"StopCount":253}},{"type":"Feature","geometry":{"type":"Polygon","coordinates":[[[-79.220014,43.741017],[-79.2138,43.741017],[-79.2138,43.745508],[-79.220014,43.745508],[-79.220014,43.741017]]]},"properties":{"StopCount":389}},{"type":"Feature","geometry":{"type":"Polygon","coordinates":[[[-79.2138,43.741017],[-79.207586,43.741017],[-79.207586,43.745508],[-79.2138,43.745508],[-79.2138,43.741017]]]},"properties":{"StopCount":127}},{"type":"Feature","geometry":{"type":"Polygon","coordinates":[[[-79.207586,43.741017],[-79.201372,43.741017],[-79.201372,43.745508],[-79.207586,43.745508],[-79.207586,43.741017]]]},"properties":{"StopCount":93}},{"type":"Feature","geometry":{"type":"Polygon","coordinates":[[[-79.201372,43.741017],[-79.195158,43.741017],[-79.195158,43.745508],[-79.201372,43.745508],[-79.201372,43.741017]]]},"properties":{"StopCount":151}},{"type":"Feature","geometry":{"type":"Polygon","coordinates":[[[-79.642571,43.745508],[-79.636356,43.745508],[-79.636356,43.75],[-79.642571,43.75],[-79.642571,43.745508]]]},"properties":{"StopCount":23}},{"type":"Feature","geometry":{"type":"Polygon","coordinates":[[[-79.636356,43.745508],[-79.630142,43.745508],[-79.630142,43.75],[-79.636356,43.75],[-79.636356,43.745508]]]},"properties":{"StopCount":388}},{"type":"Feature","geometry":{"type":"Polygon","coordinates":[[[-79.630142,43.745508],[-79.623928,43.745508],[-79.623928,43.75],[-79.630142,43.75],[-79.630142,43.745508]]]},"properties":{"StopCount":514}},{"type":"Feature","geometry":{"type":"Polygon","coordinates":[[[-79.623928,43.745508],[-79.617714,43.745508],[-79.617714,43.75],[-79.623928,43.75],[-79.623928,43.745508]]]},"properties":{"StopCount":731}},{"type":"Feature","geometry":{"type":"Polygon","coordinates":[[[-79.617714,43.745508],[-79.6115,43.745508],[-79.6115,43.75],[-79.617714,43.75],[-79.617714,43.745508]]]},"properties":{"StopCount":232}},{"type":"Feature","geometry":{"type":"Polygon","coordinates":[[[-79.6115,43.745508],[-79.605286,43.745508],[-79.605286,43.75],[-79.6115,43.75],[-79.6115,43.745508]]]},"properties":{"StopCount":279}},{"type":"Feature","geometry":{"type":"Polygon","coordinates":[[[-79.605286,43.745508],[-79.599072,43.745508],[-79.599072,43.75],[-79.605286,43.75],[-79.605286,43.745508]]]},"properties":{"StopCount":97}},{"type":"Feature","geometry":{"type":"Polygon","coordinates":[[[-79.599072,43.745508],[-79.592858,43.745508],[-79.592858,43.75],[-79.599072,43.75],[-79.599072,43.745508]]]},"properties":{"StopCount":103}},{"type":"Feature","geometry":{"type":"Polygon","coordinates":[[[-79.592858,43.745508],[-79.586644,43.745508],[-79.586644,43.75],[-79.592858,43.75],[-79.592858,43.745508]]]},"properties":{"StopCount":140}},{"type":"Feature","geometry":{"type":"Polygon","coordinates":[[[-79.586644,43.745508],[-79.58043,43.745508],[-79.58043,43.75],[-79.586644,43.75],[-79.586644,43.745508]]]},"properties":{"StopCount":221}},{"type":"Feature","geometry":{"type":"Polygon","coordinates":[[[-79.58043,43.745508],[-79.574216,43.745508],[-79.574216,43.75],[-79.58043,43.75],[-79.58043,43.745508]]]},"properties":{"StopCount":49}},{"type":"Feature","geometry":{"type":"Polygon","coordinates":[[[-79.574216,43.745508],[-79.568002,43.745508],[-79.568002,43.75],[-79.574216,43.75],[-79.574216,43.745508]]]},"properties":{"StopCount":72}},{"type":"Feature","geometry":{"type":"Polygon","coordinates":[[[-79.568002,43.745508],[-79.561788,43.745508],[-79.561788,43.75],[-79.568002,43.75],[-79.568002,43.745508]]]},"properties":{"StopCount":133}},{"type":"Feature","geometry":{"type":"Polygon","coordinates":[[[-79.561788,43.745508],[-79.555574,43.745508],[-79.555574,43.75],[-79.561788,43.75],[-79.561788,43.745508]]]},"properties":{"StopCount":242}},{"type":"Feature","geometry":{"type":"Polygon","coordinates":[[[-79.555574,43.745508],[-79.54936,43.745508],[-79.54936,43.75],[-79.555574,43.75],[-79.555574,43.745508]]]},"properties":{"StopCount":196}},{"type":"Feature","geometry":{"type":"Polygon","coordinates":[[[-79.54936,43.745508],[-79.543145,43.745508],[-79.543145,43.75],[-79.54936,43.75],[-79.54936,43.745508]]]},"properties":{"StopCount":136}},{"type":"Feature","geometry":{"type":"Polygon","coordinates":[[[-79.543145,43.745508],[-79.536931,43.745508],[-79.536931,43.75],[-79.543145,43.75],[-79.543145,43.745508]]]},"properties":{"StopCount":72}},{"type":"Feature","geometry":{"type":"Polygon","coordinates":[[[-79.536931,43.745508],[-79.530717,43.745508],[-79.530717,43.75],[-79.536931,43.75],[-79.536931,43.745508]]]},"properties":{"StopCount":183}},{"type":"Feature","geometry":{"type":"Polygon","coordinates":[[[-79.530717,43.745508],[-79.524503,43.745508],[-79.524503,43.75],[-79.530717,43.75],[-79.530717,43.745508]]]},"properties":{"StopCount":405}},{"type":"Feature","geometry":{"type":"Polygon","coordinates":[[[-79.524503,43.745508],[-79.518289,43.745508],[-79.518289,43.75],[-79.524503,43.75],[-79.524503,43.745508]]]},"properties":{"StopCount":809}},{"type":"Feature","geometry":{"type":"Polygon","coordinates":[[[-79.518289,43.745508],[-79.512075,43.745508],[-79.512075,43.75],[-79.518289,43.75],[-79.518289,43.745508]]]},"properties":{"StopCount":226}},{"type":"Feature","geometry":{"type":"Polygon","coordinates":[[[-79.512075,43.745508],[-79.505861,43.745508],[-79.505861,43.75],[-79.512075,43.75],[-79.512075,43.745508]]]},"properties":{"StopCount":127}},{"type":"Feature","geometry":{"type":"Polygon","coordinates":[[[-79.505861,43.745508],[-79.499647,43.745508],[-79.499647,43.75],[-79.505861,43.75],[-79.505861,43.745508]]]},"properties":{"StopCount":70}},{"type":"Feature","geometry":{"type":"Polygon","coordinates":[[[-79.499647,43.745508],[-79.493433,43.745508],[-79.493433,43.75],[-79.499647,43.75],[-79.499647,43.745508]]]},"properties":{"StopCount":79}},{"type":"Feature","geometry":{"type":"Polygon","coordinates":[[[-79.493433,43.745508],[-79.487219,43.745508],[-79.487219,43.75],[-79.493433,43.75],[-79.493433,43.745508]]]},"properties":{"StopCount":307}},{"type":"Feature","geometry":{"type":"Polygon","coordinates":[[[-79.487219,43.745508],[-79.481005,43.745508],[-79.481005,43.75],[-79.487219,43.75],[-79.487219,43.745508]]]},"properties":{"StopCount":27}},{"type":"Feature","geometry":{"type":"Polygon","coordinates":[[[-79.481005,43.745508],[-79.474791,43.745508],[-79.474791,43.75],[-79.481005,43.75],[-79.481005,43.745508]]]},"properties":{"StopCount":235}},{"type":"Feature","geometry":{"type":"Polygon","coordinates":[[[-79.474791,43.745508],[-79.468577,43.745508],[-79.468577,43.75],[-79.474791,43.75],[-79.474791,43.745508]]]},"properties":{"StopCount":41}},{"type":"Feature","geometry":{"type":"Polygon","coordinates":[[[-79.468577,43.745508],[-79.462363,43.745508],[-79.462363,43.75],[-79.468577,43.75],[-79.468577,43.745508]]]},"properties":{"StopCount":38}},{"type":"Feature","geometry":{"type":"Polygon","coordinates":[[[-79.462363,43.745508],[-79.456149,43.745508],[-79.456149,43.75],[-79.462363,43.75],[-79.462363,43.745508]]]},"properties":{"StopCount":35}},{"type":"Feature","geometry":{"type":"Polygon","coordinates":[[[-79.456149,43.745508],[-79.449934,43.745508],[-79.449934,43.75],[-79.456149,43.75],[-79.456149,43.745508]]]},"properties":{"StopCount":91}},{"type":"Feature","geometry":{"type":"Polygon","coordinates":[[[-79.449934,43.745508],[-79.44372,43.745508],[-79.44372,43.75],[-79.449934,43.75],[-79.449934,43.745508]]]},"properties":{"StopCount":178}},{"type":"Feature","geometry":{"type":"Polygon","coordinates":[[[-79.44372,43.745508],[-79.437506,43.745508],[-79.437506,43.75],[-79.44372,43.75],[-79.44372,43.745508]]]},"properties":{"StopCount":217}},{"type":"Feature","geometry":{"type":"Polygon","coordinates":[[[-79.437506,43.745508],[-79.431292,43.745508],[-79.431292,43.75],[-79.437506,43.75],[-79.437506,43.745508]]]},"properties":{"StopCount":220}},{"type":"Feature","geometry":{"type":"Polygon","coordinates":[[[-79.431292,43.745508],[-79.425078,43.745508],[-79.425078,43.75],[-79.431292,43.75],[-79.431292,43.745508]]]},"properties":{"StopCount":41}},{"type":"Feature","geometry":{"type":"Polygon","coordinates":[[[-79.425078,43.745508],[-79.418864,43.745508],[-79.418864,43.75],[-79.425078,43.75],[-79.425078,43.745508]]]},"properties":{"StopCount":104}},{"type":"Feature","geometry":{"type":"Polygon","coordinates":[[[-79.418864,43.745508],[-79.41265,43.745508],[-79.41265,43.75],[-79.418864,43.75],[-79.418864,43.745508]]]},"properties":{"StopCount":4}},{"type":"Feature","geometry":{"type":"Polygon","coordinates":[[[-79.41265,43.745508],[-79.406436,43.745508],[-79.406436,43.75],[-79.41265,43.75],[-79.41265,43.745508]]]},"properties":{"StopCount":139}},{"type":"Feature","geometry":{"type":"Polygon","coordinates":[[[-79.406436,43.745508],[-79.400222,43.745508],[-79.400222,43.75],[-79.406436,43.75],[-79.406436,43.745508]]]},"properties":{"StopCount":52}},{"type":"Feature","geometry":{"type":"Polygon","coordinates":[[[-79.400222,43.745508],[-79.394008,43.745508],[-79.394008,43.75],[-79.400222,43.75],[-79.400222,43.745508]]]},"properties":{"StopCount":127}},{"type":"Feature","geometry":{"type":"Polygon","coordinates":[[[-79.394008,43.745508],[-79.387794,43.745508],[-79.387794,43.75],[-79.394008,43.75],[-79.394008,43.745508]]]},"properties":{"StopCount":66}},{"type":"Feature","geometry":{"type":"Polygon","coordinates":[[[-79.387794,43.745508],[-79.38158,43.745508],[-79.38158,43.75],[-79.387794,43.75],[-79.387794,43.745508]]]},"properties":{"StopCount":339}},{"type":"Feature","geometry":{"type":"Polygon","coordinates":[[[-79.38158,43.745508],[-79.375366,43.745508],[-79.375366,43.75],[-79.38158,43.75],[-79.38158,43.745508]]]},"properties":{"StopCount":45}},{"type":"Feature","geometry":{"type":"Polygon","coordinates":[[[-79.375366,43.745508],[-79.369152,43.745508],[-79.369152,43.75],[-79.375366,43.75],[-79.375366,43.745508]]]},"properties":{"StopCount":121}},{"type":"Feature","geometry":{"type":"Polygon","coordinates":[[[-79.369152,43.745508],[-79.362938,43.745508],[-79.362938,43.75],[-79.369152,43.75],[-79.369152,43.745508]]]},"properties":{"StopCount":60}},{"type":"Feature","geometry":{"type":"Polygon","coordinates":[[[-79.362938,43.745508],[-79.356723,43.745508],[-79.356723,43.75],[-79.362938,43.75],[-79.362938,43.745508]]]},"properties":{"StopCount":81}},{"type":"Feature","geometry":{"type":"Polygon","coordinates":[[[-79.356723,43.745508],[-79.350509,43.745508],[-79.350509,43.75],[-79.356723,43.75],[-79.356723,43.745508]]]},"properties":{"StopCount":114}},{"type":"Feature","geometry":{"type":"Polygon","coordinates":[[[-79.350509,43.745508],[-79.344295,43.745508],[-79.344295,43.75],[-79.350509,43.75],[-79.350509,43.745508]]]},"properties":{"StopCount":173}},{"type":"Feature","geometry":{"type":"Polygon","coordinates":[[[-79.344295,43.745508],[-79.338081,43.745508],[-79.338081,43.75],[-79.344295,43.75],[-79.344295,43.745508]]]},"properties":{"StopCount":23}},{"type":"Feature","geometry":{"type":"Polygon","coordinates":[[[-79.338081,43.745508],[-79.331867,43.745508],[-79.331867,43.75],[-79.338081,43.75],[-79.338081,43.745508]]]},"properties":{"StopCount":48}},{"type":"Feature","geometry":{"type":"Polygon","coordinates":[[[-79.331867,43.745508],[-79.325653,43.745508],[-79.325653,43.75],[-79.331867,43.75],[-79.331867,43.745508]]]},"properties":{"StopCount":57}},{"type":"Feature","geometry":{"type":"Polygon","coordinates":[[[-79.325653,43.745508],[-79.319439,43.745508],[-79.319439,43.75],[-79.325653,43.75],[-79.325653,43.745508]]]},"properties":{"StopCount":119}},{"type":"Feature","geometry":{"type":"Polygon","coordinates":[[[-79.319439,43.745508],[-79.313225,43.745508],[-79.313225,43.75],[-79.319439,43.75],[-79.319439,43.745508]]]},"properties":{"StopCount":160}},{"type":"Feature","geometry":{"type":"Polygon","coordinates":[[[-79.313225,43.745508],[-79.307011,43.745508],[-79.307011,43.75],[-79.313225,43.75],[-79.313225,43.745508]]]},"properties":{"StopCount":91}},{"type":"Feature","geometry":{"type":"Polygon","coordinates":[[[-79.307011,43.745508],[-79.300797,43.745508],[-79.300797,43.75],[-79.307011,43.75],[-79.307011,43.745508]]]},"properties":{"StopCount":66}},{"type":"Feature","geometry":{"type":"Polygon","coordinates":[[[-79.300797,43.745508],[-79.294583,43.745508],[-79.294583,43.75],[-79.300797,43.75],[-79.300797,43.745508]]]},"properties":{"StopCount":256}},{"type":"Feature","geometry":{"type":"Polygon","coordinates":[[[-79.294583,43.745508],[-79.288369,43.745508],[-79.288369,43.75],[-79.294583,43.75],[-79.294583,43.745508]]]},"properties":{"StopCount":322}},{"type":"Feature","geometry":{"type":"Polygon","coordinates":[[[-79.288369,43.745508],[-79.282155,43.745508],[-79.282155,43.75],[-79.288369,43.75],[-79.288369,43.745508]]]},"properties":{"StopCount":328}},{"type":"Feature","geometry":{"type":"Polygon","coordinates":[[[-79.282155,43.745508],[-79.275941,43.745508],[-79.275941,43.75],[-79.282155,43.75],[-79.282155,43.745508]]]},"properties":{"StopCount":240}},{"type":"Feature","geometry":{"type":"Polygon","coordinates":[[[-79.275941,43.745508],[-79.269727,43.745508],[-79.269727,43.75],[-79.275941,43.75],[-79.275941,43.745508]]]},"properties":{"StopCount":222}},{"type":"Feature","geometry":{"type":"Polygon","coordinates":[[[-79.269727,43.745508],[-79.263513,43.745508],[-79.263513,43.75],[-79.269727,43.75],[-79.269727,43.745508]]]},"properties":{"StopCount":50}},{"type":"Feature","geometry":{"type":"Polygon","coordinates":[[[-79.263513,43.745508],[-79.257298,43.745508],[-79.257298,43.75],[-79.263513,43.75],[-79.263513,43.745508]]]},"properties":{"StopCount":130}},{"type":"Feature","geometry":{"type":"Polygon","coordinates":[[[-79.257298,43.745508],[-79.251084,43.745508],[-79.251084,43.75],[-79.257298,43.75],[-79.257298,43.745508]]]},"properties":{"StopCount":47}},{"type":"Feature","geometry":{"type":"Polygon","coordinates":[[[-79.251084,43.745508],[-79.24487,43.745508],[-79.24487,43.75],[-79.251084,43.75],[-79.251084,43.745508]]]},"properties":{"StopCount":70}},{"type":"Feature","geometry":{"type":"Polygon","coordinates":[[[-79.24487,43.745508],[-79.238656,43.745508],[-79.238656,43.75],[-79.24487,43.75],[-79.24487,43.745508]]]},"properties":{"StopCount":70}},{"type":"Feature","geometry":{"type":"Polygon","coordinates":[[[-79.238656,43.745508],[-79.232442,43.745508],[-79.232442,43.75],[-79.238656,43.75],[-79.238656,43.745508]]]},"properties":{"StopCount":45}},{"type":"Feature","geometry":{"type":"Polygon","coordinates":[[[-79.232442,43.745508],[-79.226228,43.745508],[-79.226228,43.75],[-79.232442,43.75],[-79.232442,43.745508]]]},"properties":{"StopCount":229}},{"type":"Feature","geometry":{"type":"Polygon","coordinates":[[[-79.226228,43.745508],[-79.220014,43.745508],[-79.220014,43.75],[-79.226228,43.75],[-79.226228,43.745508]]]},"properties":{"StopCount":96}},{"type":"Feature","geometry":{"type":"Polygon","coordinates":[[[-79.220014,43.745508],[-79.2138,43.745508],[-79.2138,43.75],[-79.220014,43.75],[-79.220014,43.745508]]]},"properties":{"StopCount":48}},{"type":"Feature","geometry":{"type":"Polygon","coordinates":[[[-79.2138,43.745508],[-79.207586,43.745508],[-79.207586,43.75],[-79.2138,43.75],[-79.2138,43.745508]]]},"properties":{"StopCount":200}},{"type":"Feature","geometry":{"type":"Polygon","coordinates":[[[-79.207586,43.745508],[-79.201372,43.745508],[-79.201372,43.75],[-79.207586,43.75],[-79.207586,43.745508]]]},"properties":{"StopCount":109}},{"type":"Feature","geometry":{"type":"Polygon","coordinates":[[[-79.201372,43.745508],[-79.195158,43.745508],[-79.195158,43.75],[-79.201372,43.75],[-79.201372,43.745508]]]},"properties":{"StopCount":247}},{"type":"Feature","geometry":{"type":"Polygon","coordinates":[[[-79.195158,43.745508],[-79.188944,43.745508],[-79.188944,43.75],[-79.195158,43.75],[-79.195158,43.745508]]]},"properties":{"StopCount":96}},{"type":"Feature","geometry":{"type":"Polygon","coordinates":[[[-79.188944,43.745508],[-79.18273,43.745508],[-79.18273,43.75],[-79.188944,43.75],[-79.188944,43.745508]]]},"properties":{"StopCount":20}},{"type":"Feature","geometry":{"type":"Polygon","coordinates":[[[-79.636356,43.75],[-79.630142,43.75],[-79.630142,43.754492],[-79.636356,43.754492],[-79.636356,43.75]]]},"properties":{"StopCount":27}},{"type":"Feature","geometry":{"type":"Polygon","coordinates":[[[-79.630142,43.75],[-79.623928,43.75],[-79.623928,43.754492],[-79.630142,43.754492],[-79.630142,43.75]]]},"properties":{"StopCount":543}},{"type":"Feature","geometry":{"type":"Polygon","coordinates":[[[-79.623928,43.75],[-79.617714,43.75],[-79.617714,43.754492],[-79.623928,43.754492],[-79.623928,43.75]]]},"properties":{"StopCount":226}},{"type":"Feature","geometry":{"type":"Polygon","coordinates":[[[-79.617714,43.75],[-79.6115,43.75],[-79.6115,43.754492],[-79.617714,43.754492],[-79.617714,43.75]]]},"properties":{"StopCount":692}},{"type":"Feature","geometry":{"type":"Polygon","coordinates":[[[-79.6115,43.75],[-79.605286,43.75],[-79.605286,43.754492],[-79.6115,43.754492],[-79.6115,43.75]]]},"properties":{"StopCount":361}},{"type":"Feature","geometry":{"type":"Polygon","coordinates":[[[-79.605286,43.75],[-79.599072,43.75],[-79.599072,43.754492],[-79.605286,43.754492],[-79.605286,43.75]]]},"properties":{"StopCount":198}},{"type":"Feature","geometry":{"type":"Polygon","coordinates":[[[-79.599072,43.75],[-79.592858,43.75],[-79.592858,43.754492],[-79.599072,43.754492],[-79.599072,43.75]]]},"properties":{"StopCount":153}},{"type":"Feature","geometry":{"type":"Polygon","coordinates":[[[-79.592858,43.75],[-79.586644,43.75],[-79.586644,43.754492],[-79.592858,43.754492],[-79.592858,43.75]]]},"properties":{"StopCount":129}},{"type":"Feature","geometry":{"type":"Polygon","coordinates":[[[-79.586644,43.75],[-79.58043,43.75],[-79.58043,43.754492],[-79.586644,43.754492],[-79.586644,43.75]]]},"properties":{"StopCount":155}},{"type":"Feature","geometry":{"type":"Polygon","coordinates":[[[-79.58043,43.75],[-79.574216,43.75],[-79.574216,43.754492],[-79.58043,43.754492],[-79.58043,43.75]]]},"properties":{"StopCount":24}},{"type":"Feature","geometry":{"type":"Polygon","coordinates":[[[-79.574216,43.75],[-79.568002,43.75],[-79.568002,43.754492],[-79.574216,43.754492],[-79.574216,43.75]]]},"properties":{"StopCount":87}},{"type":"Feature","geometry":{"type":"Polygon","coordinates":[[[-79.568002,43.75],[-79.561788,43.75],[-79.561788,43.754492],[-79.568002,43.754492],[-79.568002,43.75]]]},"properties":{"StopCount":78}},{"type":"Feature","geometry":{"type":"Polygon","coordinates":[[[-79.561788,43.75],[-79.555574,43.75],[-79.555574,43.754492],[-79.561788,43.754492],[-79.561788,43.75]]]},"properties":{"StopCount":133}},{"type":"Feature","geometry":{"type":"Polygon","coordinates":[[[-79.555574,43.75],[-79.54936,43.75],[-79.54936,43.754492],[-79.555574,43.754492],[-79.555574,43.75]]]},"properties":{"StopCount":340}},{"type":"Feature","geometry":{"type":"Polygon","coordinates":[[[-79.54936,43.75],[-79.543145,43.75],[-79.543145,43.754492],[-79.54936,43.754492],[-79.54936,43.75]]]},"properties":{"StopCount":453}},{"type":"Feature","geometry":{"type":"Polygon","coordinates":[[[-79.543145,43.75],[-79.536931,43.75],[-79.536931,43.754492],[-79.543145,43.754492],[-79.543145,43.75]]]},"properties":{"StopCount":526}},{"type":"Feature","geometry":{"type":"Polygon","coordinates":[[[-79.536931,43.75],[-79.530717,43.75],[-79.530717,43.754492],[-79.536931,43.754492],[-79.536931,43.75]]]},"properties":{"StopCount":453}},{"type":"Feature","geometry":{"type":"Polygon","coordinates":[[[-79.530717,43.75],[-79.524503,43.75],[-79.524503,43.754492],[-79.530717,43.754492],[-79.530717,43.75]]]},"properties":{"StopCount":328}},{"type":"Feature","geometry":{"type":"Polygon","coordinates":[[[-79.524503,43.75],[-79.518289,43.75],[-79.518289,43.754492],[-79.524503,43.754492],[-79.524503,43.75]]]},"properties":{"StopCount":70}},{"type":"Feature","geometry":{"type":"Polygon","coordinates":[[[-79.518289,43.75],[-79.512075,43.75],[-79.512075,43.754492],[-79.518289,43.754492],[-79.518289,43.75]]]},"properties":{"StopCount":206}},{"type":"Feature","geometry":{"type":"Polygon","coordinates":[[[-79.512075,43.75],[-79.505861,43.75],[-79.505861,43.754492],[-79.512075,43.754492],[-79.512075,43.75]]]},"properties":{"StopCount":92}},{"type":"Feature","geometry":{"type":"Polygon","coordinates":[[[-79.505861,43.75],[-79.499647,43.75],[-79.499647,43.754492],[-79.505861,43.754492],[-79.505861,43.75]]]},"properties":{"StopCount":56}},{"type":"Feature","geometry":{"type":"Polygon","coordinates":[[[-79.499647,43.75],[-79.493433,43.75],[-79.493433,43.754492],[-79.499647,43.754492],[-79.499647,43.75]]]},"properties":{"StopCount":82}},{"type":"Feature","geometry":{"type":"Polygon","coordinates":[[[-79.493433,43.75],[-79.487219,43.75],[-79.487219,43.754492],[-79.493433,43.754492],[-79.493433,43.75]]]},"properties":{"StopCount":282}},{"type":"Feature","geometry":{"type":"Polygon","coordinates":[[[-79.487219,43.75],[-79.481005,43.75],[-79.481005,43.754492],[-79.487219,43.754492],[-79.487219,43.75]]]},"properties":{"StopCount":170}},{"type":"Feature","geometry":{"type":"Polygon","coordinates":[[[-79.481005,43.75],[-79.474791,43.75],[-79.474791,43.754492],[-79.481005,43.754492],[-79.481005,43.75]]]},"properties":{"StopCount":173}},{"type":"Feature","geometry":{"type":"Polygon","coordinates":[[[-79.474791,43.75],[-79.468577,43.75],[-79.468577,43.754492],[-79.474791,43.754492],[-79.474791,43.75]]]},"properties":{"StopCount":57}},{"type":"Feature","geometry":{"type":"Polygon","coordinates":[[[-79.468577,43.75],[-79.462363,43.75],[-79.462363,43.754492],[-79.468577,43.754492],[-79.468577,43.75]]]},"properties":{"StopCount":392}},{"type":"Feature","geometry":{"type":"Polygon","coordinates":[[[-79.462363,43.75],[-79.456149,43.75],[-79.456149,43.754492],[-79.462363,43.754492],[-79.462363,43.75]]]},"properties":{"StopCount":301}},{"type":"Feature","geometry":{"type":"Polygon","coordinates":[[[-79.456149,43.75],[-79.449934,43.75],[-79.449934,43.754492],[-79.456149,43.754492],[-79.456149,43.75]]]},"properties":{"StopCount":249}},{"type":"Feature","geometry":{"type":"Polygon","coordinates":[[[-79.449934,43.75],[-79.44372,43.75],[-79.44372,43.754492],[-79.449934,43.754492],[-79.449934,43.75]]]},"properties":{"StopCount":177}},{"type":"Feature","geometry":{"type":"Polygon","coordinates":[[[-79.44372,43.75],[-79.437506,43.75],[-79.437506,43.754492],[-79.44372,43.754492],[-79.44372,43.75]]]},"properties":{"StopCount":211}},{"type":"Feature","geometry":{"type":"Polygon","coordinates":[[[-79.437506,43.75],[-79.431292,43.75],[-79.431292,43.754492],[-79.437506,43.754492],[-79.437506,43.75]]]},"properties":{"StopCount":144}},{"type":"Feature","geometry":{"type":"Polygon","coordinates":[[[-79.425078,43.75],[-79.418864,43.75],[-79.418864,43.754492],[-79.425078,43.754492],[-79.425078,43.75]]]},"properties":{"StopCount":49}},{"type":"Feature","geometry":{"type":"Polygon","coordinates":[[[-79.418864,43.75],[-79.41265,43.75],[-79.41265,43.754492],[-79.418864,43.754492],[-79.418864,43.75]]]},"properties":{"StopCount":51}},{"type":"Feature","geometry":{"type":"Polygon","coordinates":[[[-79.41265,43.75],[-79.406436,43.75],[-79.406436,43.754492],[-79.41265,43.754492],[-79.41265,43.75]]]},"properties":{"StopCount":24}},{"type":"Feature","geometry":{"type":"Polygon","coordinates":[[[-79.406436,43.75],[-79.400222,43.75],[-79.400222,43.754492],[-79.406436,43.754492],[-79.406436,43.75]]]},"properties":{"StopCount":99}},{"type":"Feature","geometry":{"type":"Polygon","coordinates":[[[-79.400222,43.75],[-79.394008,43.75],[-79.394008,43.754492],[-79.400222,43.754492],[-79.400222,43.75]]]},"properties":{"StopCount":60}},{"type":"Feature","geometry":{"type":"Polygon","coordinates":[[[-79.394008,43.75],[-79.387794,43.75],[-79.387794,43.754492],[-79.394008,43.754492],[-79.394008,43.75]]]},"properties":{"StopCount":56}},{"type":"Feature","geometry":{"type":"Polygon","coordinates":[[[-79.387794,43.75],[-79.38158,43.75],[-79.38158,43.754492],[-79.387794,43.754492],[-79.387794,43.75]]]},"properties":{"StopCount":112}},{"type":"Feature","geometry":{"type":"Polygon","coordinates":[[[-79.38158,43.75],[-79.375366,43.75],[-79.375366,43.754492],[-79.38158,43.754492],[-79.38158,43.75]]]},"properties":{"StopCount":184}},{"type":"Feature","geometry":{"type":"Polygon","coordinates":[[[-79.375366,43.75],[-79.369152,43.75],[-79.369152,43.754492],[-79.375366,43.754492],[-79.375366,43.75]]]},"properties":{"StopCount":114}},{"type":"Feature","geometry":{"type":"Polygon","coordinates":[[[-79.369152,43.75],[-79.362938,43.75],[-79.362938,43.754492],[-79.369152,43.754492],[-79.369152,43.75]]]},"properties":{"StopCount":65}},{"type":"Feature","geometry":{"type":"Polygon","coordinates":[[[-79.362938,43.75],[-79.356723,43.75],[-79.356723,43.754492],[-79.362938,43.754492],[-79.362938,43.75]]]},"properties":{"StopCount":585}},{"type":"Feature","geometry":{"type":"Polygon","coordinates":[[[-79.356723,43.75],[-79.350509,43.75],[-79.350509,43.754492],[-79.356723,43.754492],[-79.356723,43.75]]]},"properties":{"StopCount":877}},{"type":"Feature","geometry":{"type":"Polygon","coordinates":[[[-79.350509,43.75],[-79.344295,43.75],[-79.344295,43.754492],[-79.350509,43.754492],[-79.350509,43.75]]]},"properties":{"StopCount":356}},{"type":"Feature","geometry":{"type":"Polygon","coordinates":[[[-79.344295,43.75],[-79.338081,43.75],[-79.338081,43.754492],[-79.344295,43.754492],[-79.344295,43.75]]]},"properties":{"StopCount":10}},{"type":"Feature","geometry":{"type":"Polygon","coordinates":[[[-79.338081,43.75],[-79.331867,43.75],[-79.331867,43.754492],[-79.338081,43.754492],[-79.338081,43.75]]]},"properties":{"StopCount":76}},{"type":"Feature","geometry":{"type":"Polygon","coordinates":[[[-79.331867,43.75],[-79.325653,43.75],[-79.325653,43.754492],[-79.331867,43.754492],[-79.331867,43.75]]]},"properties":{"StopCount":40}},{"type":"Feature","geometry":{"type":"Polygon","coordinates":[[[-79.325653,43.75],[-79.319439,43.75],[-79.319439,43.754492],[-79.325653,43.754492],[-79.325653,43.75]]]},"properties":{"StopCount":47}},{"type":"Feature","geometry":{"type":"Polygon","coordinates":[[[-79.319439,43.75],[-79.313225,43.75],[-79.313225,43.754492],[-79.319439,43.754492],[-79.319439,43.75]]]},"properties":{"StopCount":210}},{"type":"Feature","geometry":{"type":"Polygon","coordinates":[[[-79.313225,43.75],[-79.307011,43.75],[-79.307011,43.754492],[-79.313225,43.754492],[-79.313225,43.75]]]},"properties":{"StopCount":67}},{"type":"Feature","geometry":{"type":"Polygon","coordinates":[[[-79.307011,43.75],[-79.300797,43.75],[-79.300797,43.754492],[-79.307011,43.754492],[-79.307011,43.75]]]},"properties":{"StopCount":79}},{"type":"Feature","geometry":{"type":"Polygon","coordinates":[[[-79.300797,43.75],[-79.294583,43.75],[-79.294583,43.754492],[-79.300797,43.754492],[-79.300797,43.75]]]},"properties":{"StopCount":127}},{"type":"Feature","geometry":{"type":"Polygon","coordinates":[[[-79.294583,43.75],[-79.288369,43.75],[-79.288369,43.754492],[-79.294583,43.754492],[-79.294583,43.75]]]},"properties":{"StopCount":253}},{"type":"Feature","geometry":{"type":"Polygon","coordinates":[[[-79.288369,43.75],[-79.282155,43.75],[-79.282155,43.754492],[-79.288369,43.754492],[-79.288369,43.75]]]},"properties":{"StopCount":132}},{"type":"Feature","geometry":{"type":"Polygon","coordinates":[[[-79.282155,43.75],[-79.275941,43.75],[-79.275941,43.754492],[-79.282155,43.754492],[-79.282155,43.75]]]},"properties":{"StopCount":242}},{"type":"Feature","geometry":{"type":"Polygon","coordinates":[[[-79.275941,43.75],[-79.269727,43.75],[-79.269727,43.754492],[-79.275941,43.754492],[-79.275941,43.75]]]},"properties":{"StopCount":325}},{"type":"Feature","geometry":{"type":"Polygon","coordinates":[[[-79.269727,43.75],[-79.263513,43.75],[-79.263513,43.754492],[-79.269727,43.754492],[-79.269727,43.75]]]},"properties":{"StopCount":413}},{"type":"Feature","geometry":{"type":"Polygon","coordinates":[[[-79.263513,43.75],[-79.257298,43.75],[-79.257298,43.754492],[-79.263513,43.754492],[-79.263513,43.75]]]},"properties":{"StopCount":361}},{"type":"Feature","geometry":{"type":"Polygon","coordinates":[[[-79.257298,43.75],[-79.251084,43.75],[-79.251084,43.754492],[-79.257298,43.754492],[-79.257298,43.75]]]},"properties":{"StopCount":181}},{"type":"Feature","geometry":{"type":"Polygon","coordinates":[[[-79.251084,43.75],[-79.24487,43.75],[-79.24487,43.754492],[-79.251084,43.754492],[-79.251084,43.75]]]},"properties":{"StopCount":100}},{"type":"Feature","geometry":{"type":"Polygon","coordinates":[[[-79.24487,43.75],[-79.238656,43.75],[-79.238656,43.754492],[-79.24487,43.754492],[-79.24487,43.75]]]},"properties":{"StopCount":402}},{"type":"Feature","geometry":{"type":"Polygon","coordinates":[[[-79.238656,43.75],[-79.232442,43.75],[-79.232442,43.754492],[-79.238656,43.754492],[-79.238656,43.75]]]},"properties":{"StopCount":65}},{"type":"Feature","geometry":{"type":"Polygon","coordinates":[[[-79.232442,43.75],[-79.226228,43.75],[-79.226228,43.754492],[-79.232442,43.754492],[-79.232442,43.75]]]},"properties":{"StopCount":53}},{"type":"Feature","geometry":{"type":"Polygon","coordinates":[[[-79.226228,43.75],[-79.220014,43.75],[-79.220014,43.754492],[-79.226228,43.754492],[-79.226228,43.75]]]},"properties":{"StopCount":51}},{"type":"Feature","geometry":{"type":"Polygon","coordinates":[[[-79.2138,43.75],[-79.207586,43.75],[-79.207586,43.754492],[-79.2138,43.754492],[-79.2138,43.75]]]},"properties":{"StopCount":56}},{"type":"Feature","geometry":{"type":"Polygon","coordinates":[[[-79.207586,43.75],[-79.201372,43.75],[-79.201372,43.754492],[-79.207586,43.754492],[-79.207586,43.75]]]},"properties":{"StopCount":91}},{"type":"Feature","geometry":{"type":"Polygon","coordinates":[[[-79.201372,43.75],[-79.195158,43.75],[-79.195158,43.754492],[-79.201372,43.754492],[-79.201372,43.75]]]},"properties":{"StopCount":167}},{"type":"Feature","geometry":{"type":"Polygon","coordinates":[[[-79.195158,43.75],[-79.188944,43.75],[-79.188944,43.754492],[-79.195158,43.754492],[-79.195158,43.75]]]},"properties":{"StopCount":108}},{"type":"Feature","geometry":{"type":"Polygon","coordinates":[[[-79.188944,43.75],[-79.18273,43.75],[-79.18273,43.754492],[-79.188944,43.754492],[-79.188944,43.75]]]},"properties":{"StopCount":65}},{"type":"Feature","geometry":{"type":"Polygon","coordinates":[[[-79.18273,43.75],[-79.176516,43.75],[-79.176516,43.754492],[-79.18273,43.754492],[-79.18273,43.75]]]},"properties":{"StopCount":16}},{"type":"Feature","geometry":{"type":"Polygon","coordinates":[[[-79.617714,43.754492],[-79.6115,43.754492],[-79.6115,43.758983],[-79.617714,43.758983],[-79.617714,43.754492]]]},"properties":{"StopCount":50}},{"type":"Feature","geometry":{"type":"Polygon","coordinates":[[[-79.6115,43.754492],[-79.605286,43.754492],[-79.605286,43.758983],[-79.6115,43.758983],[-79.6115,43.754492]]]},"properties":{"StopCount":61}},{"type":"Feature","geometry":{"type":"Polygon","coordinates":[[[-79.605286,43.754492],[-79.599072,43.754492],[-79.599072,43.758983],[-79.605286,43.758983],[-79.605286,43.754492]]]},"properties":{"StopCount":137}},{"type":"Feature","geometry":{"type":"Polygon","coordinates":[[[-79.599072,43.754492],[-79.592858,43.754492],[-79.592858,43.758983],[-79.599072,43.758983],[-79.599072,43.754492]]]},"properties":{"StopCount":143}},{"type":"Feature","geometry":{"type":"Polygon","coordinates":[[[-79.592858,43.754492],[-79.586644,43.754492],[-79.586644,43.758983],[-79.592858,43.758983],[-79.592858,43.754492]]]},"properties":{"StopCount":255}},{"type":"Feature","geometry":{"type":"Polygon","coordinates":[[[-79.586644,43.754492],[-79.58043,43.754492],[-79.58043,43.758983],[-79.586644,43.758983],[-79.586644,43.754492]]]},"properties":{"StopCount":37}},{"type":"Feature","geometry":{"type":"Polygon","coordinates":[[[-79.58043,43.754492],[-79.574216,43.754492],[-79.574216,43.758983],[-79.58043,43.758983],[-79.58043,43.754492]]]},"properties":{"StopCount":82}},{"type":"Feature","geometry":{"type":"Polygon","coordinates":[[[-79.574216,43.754492],[-79.568002,43.754492],[-79.568002,43.758983],[-79.574216,43.758983],[-79.574216,43.754492]]]},"properties":{"StopCount":187}},{"type":"Feature","geometry":{"type":"Polygon","coordinates":[[[-79.568002,43.754492],[-79.561788,43.754492],[-79.561788,43.758983],[-79.568002,43.758983],[-79.568002,43.754492]]]},"properties":{"StopCount":144}},{"type":"Feature","geometry":{"type":"Polygon","coordinates":[[[-79.561788,43.754492],[-79.555574,43.754492],[-79.555574,43.758983],[-79.561788,43.758983],[-79.561788,43.754492]]]},"properties":{"StopCount":191}},{"type":"Feature","geometry":{"type":"Polygon","coordinates":[[[-79.555574,43.754492],[-79.54936,43.754492],[-79.54936,43.758983],[-79.555574,43.758983],[-79.555574,43.754492]]]},"properties":{"StopCount":389}},{"type":"Feature","geometry":{"type":"Polygon","coordinates":[[[-79.54936,43.754492],[-79.543145,43.754492],[-79.543145,43.758983],[-79.54936,43.758983],[-79.54936,43.754492]]]},"properties":{"StopCount":204}},{"type":"Feature","geometry":{"type":"Polygon","coordinates":[[[-79.543145,43.754492],[-79.536931,43.754492],[-79.536931,43.758983],[-79.543145,43.758983],[-79.543145,43.754492]]]},"properties":{"StopCount":533}},{"type":"Feature","geometry":{"type":"Polygon","coordinates":[[[-79.536931,43.754492],[-79.530717,43.754492],[-79.530717,43.758983],[-79.536931,43.758983],[-79.536931,43.754492]]]},"properties":{"StopCount":126}},{"type":"Feature","geometry":{"type":"Polygon","coordinates":[[[-79.530717,43.754492],[-79.524503,43.754492],[-79.524503,43.758983],[-79.530717,43.758983],[-79.530717,43.754492]]]},"properties":{"StopCount":263}},{"type":"Feature","geometry":{"type":"Polygon","coordinates":[[[-79.524503,43.754492],[-79.518289,43.754492],[-79.518289,43.758983],[-79.524503,43.758983],[-79.524503,43.754492]]]},"properties":{"StopCount":571}},{"type":"Feature","geometry":{"type":"Polygon","coordinates":[[[-79.518289,43.754492],[-79.512075,43.754492],[-79.512075,43.758983],[-79.518289,43.758983],[-79.518289,43.754492]]]},"properties":{"StopCount":594}},{"type":"Feature","geometry":{"type":"Polygon","coordinates":[[[-79.512075,43.754492],[-79.505861,43.754492],[-79.505861,43.758983],[-79.512075,43.758983],[-79.512075,43.754492]]]},"properties":{"StopCount":78}},{"type":"Feature","geometry":{"type":"Polygon","coordinates":[[[-79.505861,43.754492],[-79.499647,43.754492],[-79.499647,43.758983],[-79.505861,43.758983],[-79.505861,43.754492]]]},"properties":{"StopCount":40}},{"type":"Feature","geometry":{"type":"Polygon","coordinates":[[[-79.499647,43.754492],[-79.493433,43.754492],[-79.493433,43.758983],[-79.499647,43.758983],[-79.499647,43.754492]]]},"properties":{"StopCount":47}},{"type":"Feature","geometry":{"type":"Polygon","coordinates":[[[-79.493433,43.754492],[-79.487219,43.754492],[-79.487219,43.758983],[-79.493433,43.758983],[-79.493433,43.754492]]]},"properties":{"StopCount":345}},{"type":"Feature","geometry":{"type":"Polygon","coordinates":[[[-79.487219,43.754492],[-79.481005,43.754492],[-79.481005,43.758983],[-79.487219,43.758983],[-79.487219,43.754492]]]},"properties":{"StopCount":355}},{"type":"Feature","geometry":{"type":"Polygon","coordinates":[[[-79.481005,43.754492],[-79.474791,43.754492],[-79.474791,43.758983],[-79.481005,43.758983],[-79.481005,43.754492]]]},"properties":{"StopCount":133}},{"type":"Feature","geometry":{"type":"Polygon","coordinates":[[[-79.474791,43.754492],[-79.468577,43.754492],[-79.468577,43.758983],[-79.474791,43.758983],[-79.474791,43.754492]]]},"properties":{"StopCount":254}},{"type":"Feature","geometry":{"type":"Polygon","coordinates":[[[-79.468577,43.754492],[-79.462363,43.754492],[-79.462363,43.758983],[-79.468577,43.758983],[-79.468577,43.754492]]]},"properties":{"StopCount":336}},{"type":"Feature","geometry":{"type":"Polygon","coordinates":[[[-79.462363,43.754492],[-79.456149,43.754492],[-79.456149,43.758983],[-79.462363,43.758983],[-79.462363,43.754492]]]},"properties":{"StopCount":150}},{"type":"Feature","geometry":{"type":"Polygon","coordinates":[[[-79.456149,43.754492],[-79.449934,43.754492],[-79.449934,43.758983],[-79.456149,43.758983],[-79.456149,43.754492]]]},"properties":{"StopCount":96}},{"type":"Feature","geometry":{"type":"Polygon","coordinates":[[[-79.449934,43.754492],[-79.44372,43.754492],[-79.44372,43.758983],[-79.449934,43.758983],[-79.449934,43.754492]]]},"properties":{"StopCount":116}},{"type":"Feature","geometry":{"type":"Polygon","coordinates":[[[-79.44372,43.754492],[-79.437506,43.754492],[-79.437506,43.758983],[-79.44372,43.758983],[-79.44372,43.754492]]]},"properties":{"StopCount":486}},{"type":"Feature","geometry":{"type":"Polygon","coordinates":[[[-79.437506,43.754492],[-79.431292,43.754492],[-79.431292,43.758983],[-79.437506,43.758983],[-79.437506,43.754492]]]},"properties":{"StopCount":89}},{"type":"Feature","geometry":{"type":"Polygon","coordinates":[[[-79.431292,43.754492],[-79.425078,43.754492],[-79.425078,43.758983],[-79.431292,43.758983],[-79.431292,43.754492]]]},"properties":{"StopCount":98}},{"type":"Feature","geometry":{"type":"Polygon","coordinates":[[[-79.425078,43.754492],[-79.418864,43.754492],[-79.418864,43.758983],[-79.425078,43.758983],[-79.425078,43.754492]]]},"properties":{"StopCount":113}},{"type":"Feature","geometry":{"type":"Polygon","coordinates":[[[-79.418864,43.754492],[-79.41265,43.754492],[-79.41265,43.758983],[-79.418864,43.758983],[-79.418864,43.754492]]]},"properties":{"StopCount":171}},{"type":"Feature","geometry":{"type":"Polygon","coordinates":[[[-79.41265,43.754492],[-79.406436,43.754492],[-79.406436,43.758983],[-79.41265,43.758983],[-79.41265,43.754492]]]},"properties":{"StopCount":452}},{"type":"Feature","geometry":{"type":"Polygon","coordinates":[[[-79.406436,43.754492],[-79.400222,43.754492],[-79.400222,43.758983],[-79.406436,43.758983],[-79.406436,43.754492]]]},"properties":{"StopCount":307}},{"type":"Feature","geometry":{"type":"Polygon","coordinates":[[[-79.400222,43.754492],[-79.394008,43.754492],[-79.394008,43.758983],[-79.400222,43.758983],[-79.400222,43.754492]]]},"properties":{"StopCount":26}},{"type":"Feature","geometry":{"type":"Polygon","coordinates":[[[-79.394008,43.754492],[-79.387794,43.754492],[-79.387794,43.758983],[-79.394008,43.758983],[-79.394008,43.754492]]]},"properties":{"StopCount":100}},{"type":"Feature","geometry":{"type":"Polygon","coordinates":[[[-79.387794,43.754492],[-79.38158,43.754492],[-79.38158,43.758983],[-79.387794,43.758983],[-79.387794,43.754492]]]},"properties":{"StopCount":74}},{"type":"Feature","geometry":{"type":"Polygon","coordinates":[[[-79.38158,43.754492],[-79.375366,43.754492],[-79.375366,43.758983],[-79.38158,43.758983],[-79.38158,43.754492]]]},"properties":{"StopCount":98}},{"type":"Feature","geometry":{"type":"Polygon","coordinates":[[[-79.375366,43.754492],[-79.369152,43.754492],[-79.369152,43.758983],[-79.375366,43.758983],[-79.375366,43.754492]]]},"properties":{"StopCount":100}},{"type":"Feature","geometry":{"type":"Polygon","coordinates":[[[-79.369152,43.754492],[-79.362938,43.754492],[-79.362938,43.758983],[-79.369152,43.758983],[-79.369152,43.754492]]]},"properties":{"StopCount":89}},{"type":"Feature","geometry":{"type":"Polygon","coordinates":[[[-79.362938,43.754492],[-79.356723,43.754492],[-79.356723,43.758983],[-79.362938,43.758983],[-79.362938,43.754492]]]},"properties":{"StopCount":529}},{"type":"Feature","geometry":{"type":"Polygon","coordinates":[[[-79.356723,43.754492],[-79.350509,43.754492],[-79.350509,43.758983],[-79.356723,43.758983],[-79.356723,43.754492]]]},"properties":{"StopCount":433}},{"type":"Feature","geometry":{"type":"Polygon","coordinates":[[[-79.350509,43.754492],[-79.344295,43.754492],[-79.344295,43.758983],[-79.350509,43.758983],[-79.350509,43.754492]]]},"properties":{"StopCount":176}},{"type":"Feature","geometry":{"type":"Polygon","coordinates":[[[-79.344295,43.754492],[-79.338081,43.754492],[-79.338081,43.758983],[-79.344295,43.758983],[-79.344295,43.754492]]]},"properties":{"StopCount":49}},{"type":"Feature","geometry":{"type":"Polygon","coordinates":[[[-79.338081,43.754492],[-79.331867,43.754492],[-79.331867,43.758983],[-79.338081,43.758983],[-79.338081,43.754492]]]},"properties":{"StopCount":53}},{"type":"Feature","geometry":{"type":"Polygon","coordinates":[[[-79.331867,43.754492],[-79.325653,43.754492],[-79.325653,43.758983],[-79.331867,43.758983],[-79.331867,43.754492]]]},"properties":{"StopCount":43}},{"type":"Feature","geometry":{"type":"Polygon","coordinates":[[[-79.325653,43.754492],[-79.319439,43.754492],[-79.319439,43.758983],[-79.325653,43.758983],[-79.325653,43.754492]]]},"properties":{"StopCount":84}},{"type":"Feature","geometry":{"type":"Polygon","coordinates":[[[-79.319439,43.754492],[-79.313225,43.754492],[-79.313225,43.758983],[-79.319439,43.758983],[-79.319439,43.754492]]]},"properties":{"StopCount":346}},{"type":"Feature","geometry":{"type":"Polygon","coordinates":[[[-79.313225,43.754492],[-79.307011,43.754492],[-79.307011,43.758983],[-79.313225,43.758983],[-79.313225,43.754492]]]},"properties":{"StopCount":575}},{"type":"Feature","geometry":{"type":"Polygon","coordinates":[[[-79.307011,43.754492],[-79.300797,43.754492],[-79.300797,43.758983],[-79.307011,43.758983],[-79.307011,43.754492]]]},"properties":{"StopCount":92}},{"type":"Feature","geometry":{"type":"Polygon","coordinates":[[[-79.300797,43.754492],[-79.294583,43.754492],[-79.294583,43.758983],[-79.300797,43.758983],[-79.300797,43.754492]]]},"properties":{"StopCount":181}},{"type":"Feature","geometry":{"type":"Polygon","coordinates":[[[-79.294583,43.754492],[-79.288369,43.754492],[-79.288369,43.758983],[-79.294583,43.758983],[-79.294583,43.754492]]]},"properties":{"StopCount":425}},{"type":"Feature","geometry":{"type":"Polygon","coordinates":[[[-79.288369,43.754492],[-79.282155,43.754492],[-79.282155,43.758983],[-79.288369,43.758983],[-79.288369,43.754492]]]},"properties":{"StopCount":79}},{"type":"Feature","geometry":{"type":"Polygon","coordinates":[[[-79.282155,43.754492],[-79.275941,43.754492],[-79.275941,43.758983],[-79.282155,43.758983],[-79.282155,43.754492]]]},"properties":{"StopCount":337}},{"type":"Feature","geometry":{"type":"Polygon","coordinates":[[[-79.275941,43.754492],[-79.269727,43.754492],[-79.269727,43.758983],[-79.275941,43.758983],[-79.275941,43.754492]]]},"properties":{"StopCount":640}},{"type":"Feature","geometry":{"type":"Polygon","coordinates":[[[-79.269727,43.754492],[-79.263513,43.754492],[-79.263513,43.758983],[-79.269727,43.758983],[-79.269727,43.754492]]]},"properties":{"StopCount":481}},{"type":"Feature","geometry":{"type":"Polygon","coordinates":[[[-79.263513,43.754492],[-79.257298,43.754492],[-79.257298,43.758983],[-79.263513,43.758983],[-79.263513,43.754492]]]},"properties":{"StopCount":104}},{"type":"Feature","geometry":{"type":"Polygon","coordinates":[[[-79.257298,43.754492],[-79.251084,43.754492],[-79.251084,43.758983],[-79.257298,43.758983],[-79.257298,43.754492]]]},"properties":{"StopCount":186}},{"type":"Feature","geometry":{"type":"Polygon","coordinates":[[[-79.251084,43.754492],[-79.24487,43.754492],[-79.24487,43.758983],[-79.251084,43.758983],[-79.251084,43.754492]]]},"properties":{"StopCount":378}},{"type":"Feature","geometry":{"type":"Polygon","coordinates":[[[-79.24487,43.754492],[-79.238656,43.754492],[-79.238656,43.758983],[-79.24487,43.758983],[-79.24487,43.754492]]]},"properties":{"StopCount":311}},{"type":"Feature","geometry":{"type":"Polygon","coordinates":[[[-79.238656,43.754492],[-79.232442,43.754492],[-79.232442,43.758983],[-79.238656,43.758983],[-79.238656,43.754492]]]},"properties":{"StopCount":193}},{"type":"Feature","geometry":{"type":"Polygon","coordinates":[[[-79.232442,43.754492],[-79.226228,43.754492],[-79.226228,43.758983],[-79.232442,43.758983],[-79.232442,43.754492]]]},"properties":{"StopCount":380}},{"type":"Feature","geometry":{"type":"Polygon","coordinates":[[[-79.226228,43.754492],[-79.220014,43.754492],[-79.220014,43.758983],[-79.226228,43.758983],[-79.226228,43.754492]]]},"properties":{"StopCount":244}},{"type":"Feature","geometry":{"type":"Polygon","coordinates":[[[-79.220014,43.754492],[-79.2138,43.754492],[-79.2138,43.758983],[-79.220014,43.758983],[-79.220014,43.754492]]]},"properties":{"StopCount":113}},{"type":"Feature","geometry":{"type":"Polygon","coordinates":[[[-79.2138,43.754492],[-79.207586,43.754492],[-79.207586,43.758983],[-79.2138,43.758983],[-79.2138,43.754492]]]},"properties":{"StopCount":80}},{"type":"Feature","geometry":{"type":"Polygon","coordinates":[[[-79.207586,43.754492],[-79.201372,43.754492],[-79.201372,43.758983],[-79.207586,43.758983],[-79.207586,43.754492]]]},"properties":{"StopCount":10}},{"type":"Feature","geometry":{"type":"Polygon","coordinates":[[[-79.201372,43.754492],[-79.195158,43.754492],[-79.195158,43.758983],[-79.201372,43.758983],[-79.201372,43.754492]]]},"properties":{"StopCount":187}},{"type":"Feature","geometry":{"type":"Polygon","coordinates":[[[-79.195158,43.754492],[-79.188944,43.754492],[-79.188944,43.758983],[-79.195158,43.758983],[-79.195158,43.754492]]]},"properties":{"StopCount":84}},{"type":"Feature","geometry":{"type":"Polygon","coordinates":[[[-79.188944,43.754492],[-79.18273,43.754492],[-79.18273,43.758983],[-79.188944,43.758983],[-79.188944,43.754492]]]},"properties":{"StopCount":69}},{"type":"Feature","geometry":{"type":"Polygon","coordinates":[[[-79.18273,43.754492],[-79.176516,43.754492],[-79.176516,43.758983],[-79.18273,43.758983],[-79.18273,43.754492]]]},"properties":{"StopCount":150}},{"type":"Feature","geometry":{"type":"Polygon","coordinates":[[[-79.176516,43.754492],[-79.170302,43.754492],[-79.170302,43.758983],[-79.176516,43.758983],[-79.176516,43.754492]]]},"properties":{"StopCount":33}},{"type":"Feature","geometry":{"type":"Polygon","coordinates":[[[-79.599072,43.758983],[-79.592858,43.758983],[-79.592858,43.763475],[-79.599072,43.763475],[-79.599072,43.758983]]]},"properties":{"StopCount":11}},{"type":"Feature","geometry":{"type":"Polygon","coordinates":[[[-79.592858,43.758983],[-79.586644,43.758983],[-79.586644,43.763475],[-79.592858,43.763475],[-79.592858,43.758983]]]},"properties":{"StopCount":116}},{"type":"Feature","geometry":{"type":"Polygon","coordinates":[[[-79.586644,43.758983],[-79.58043,43.758983],[-79.58043,43.763475],[-79.586644,43.763475],[-79.586644,43.758983]]]},"properties":{"StopCount":11}},{"type":"Feature","geometry":{"type":"Polygon","coordinates":[[[-79.58043,43.758983],[-79.574216,43.758983],[-79.574216,43.763475],[-79.58043,43.763475],[-79.58043,43.758983]]]},"properties":{"StopCount":84}},{"type":"Feature","geometry":{"type":"Polygon","coordinates":[[[-79.574216,43.758983],[-79.568002,43.758983],[-79.568002,43.763475],[-79.574216,43.763475],[-79.574216,43.758983]]]},"properties":{"StopCount":179}},{"type":"Feature","geometry":{"type":"Polygon","coordinates":[[[-79.568002,43.758983],[-79.561788,43.758983],[-79.561788,43.763475],[-79.568002,43.763475],[-79.568002,43.758983]]]},"properties":{"StopCount":314}},{"type":"Feature","geometry":{"type":"Polygon","coordinates":[[[-79.561788,43.758983],[-79.555574,43.758983],[-79.555574,43.763475],[-79.561788,43.763475],[-79.561788,43.758983]]]},"properties":{"StopCount":270}},{"type":"Feature","geometry":{"type":"Polygon","coordinates":[[[-79.555574,43.758983],[-79.54936,43.758983],[-79.54936,43.763475],[-79.555574,43.763475],[-79.555574,43.758983]]]},"properties":{"StopCount":805}},{"type":"Feature","geometry":{"type":"Polygon","coordinates":[[[-79.54936,43.758983],[-79.543145,43.758983],[-79.543145,43.763475],[-79.54936,43.763475],[-79.54936,43.758983]]]},"properties":{"StopCount":763}},{"type":"Feature","geometry":{"type":"Polygon","coordinates":[[[-79.543145,43.758983],[-79.536931,43.758983],[-79.536931,43.763475],[-79.543145,43.763475],[-79.543145,43.758983]]]},"properties":{"StopCount":493}},{"type":"Feature","geometry":{"type":"Polygon","coordinates":[[[-79.536931,43.758983],[-79.530717,43.758983],[-79.530717,43.763475],[-79.536931,43.763475],[-79.536931,43.758983]]]},"properties":{"StopCount":403}},{"type":"Feature","geometry":{"type":"Polygon","coordinates":[[[-79.530717,43.758983],[-79.524503,43.758983],[-79.524503,43.763475],[-79.530717,43.763475],[-79.530717,43.758983]]]},"properties":{"StopCount":217}},{"type":"Feature","geometry":{"type":"Polygon","coordinates":[[[-79.524503,43.758983],[-79.518289,43.758983],[-79.518289,43.763475],[-79.524503,43.763475],[-79.524503,43.758983]]]},"properties":{"StopCount":133}},{"type":"Feature","geometry":{"type":"Polygon","coordinates":[[[-79.518289,43.758983],[-79.512075,43.758983],[-79.512075,43.763475],[-79.518289,43.763475],[-79.518289,43.758983]]]},"properties":{"StopCount":85}},{"type":"Feature","geometry":{"type":"Polygon","coordinates":[[[-79.512075,43.758983],[-79.505861,43.758983],[-79.505861,43.763475],[-79.512075,43.763475],[-79.512075,43.758983]]]},"properties":{"StopCount":92}},{"type":"Feature","geometry":{"type":"Polygon","coordinates":[[[-79.505861,43.758983],[-79.499647,43.758983],[-79.499647,43.763475],[-79.505861,43.763475],[-79.505861,43.758983]]]},"properties":{"StopCount":134}},{"type":"Feature","geometry":{"type":"Polygon","coordinates":[[[-79.499647,43.758983],[-79.493433,43.758983],[-79.493433,43.763475],[-79.499647,43.763475],[-79.499647,43.758983]]]},"properties":{"StopCount":133}},{"type":"Feature","geometry":{"type":"Polygon","coordinates":[[[-79.493433,43.758983],[-79.487219,43.758983],[-79.487219,43.763475],[-79.493433,43.763475],[-79.493433,43.758983]]]},"properties":{"StopCount":304}},{"type":"Feature","geometry":{"type":"Polygon","coordinates":[[[-79.487219,43.758983],[-79.481005,43.758983],[-79.481005,43.763475],[-79.487219,43.763475],[-79.487219,43.758983]]]},"properties":{"StopCount":579}},{"type":"Feature","geometry":{"type":"Polygon","coordinates":[[[-79.481005,43.758983],[-79.474791,43.758983],[-79.474791,43.763475],[-79.481005,43.763475],[-79.481005,43.758983]]]},"properties":{"StopCount":632}},{"type":"Feature","geometry":{"type":"Polygon","coordinates":[[[-79.474791,43.758983],[-79.468577,43.758983],[-79.468577,43.763475],[-79.474791,43.763475],[-79.474791,43.758983]]]},"properties":{"StopCount":729}},{"type":"Feature","geometry":{"type":"Polygon","coordinates":[[[-79.468577,43.758983],[-79.462363,43.758983],[-79.462363,43.763475],[-79.468577,43.763475],[-79.468577,43.758983]]]},"properties":{"StopCount":394}},{"type":"Feature","geometry":{"type":"Polygon","coordinates":[[[-79.462363,43.758983],[-79.456149,43.758983],[-79.456149,43.763475],[-79.462363,43.763475],[-79.462363,43.758983]]]},"properties":{"StopCount":187}},{"type":"Feature","geometry":{"type":"Polygon","coordinates":[[[-79.456149,43.758983],[-79.449934,43.758983],[-79.449934,43.763475],[-79.456149,43.763475],[-79.456149,43.758983]]]},"properties":{"StopCount":146}},{"type":"Feature","geometry":{"type":"Polygon","coordinates":[[[-79.449934,43.758983],[-79.44372,43.758983],[-79.44372,43.763475],[-79.449934,43.763475],[-79.449934,43.758983]]]},"properties":{"StopCount":101}},{"type":"Feature","geometry":{"type":"Polygon","coordinates":[[[-79.44372,43.758983],[-79.437506,43.758983],[-79.437506,43.763475],[-79.44372,43.763475],[-79.44372,43.758983]]]},"properties":{"StopCount":36}},{"type":"Feature","geometry":{"type":"Polygon","coordinates":[[[-79.431292,43.758983],[-79.425078,43.758983],[-79.425078,43.763475],[-79.431292,43.763475],[-79.431292,43.758983]]]},"properties":{"StopCount":33}},{"type":"Feature","geometry":{"type":"Polygon","coordinates":[[[-79.425078,43.758983],[-79.418864,43.758983],[-79.418864,43.763475],[-79.425078,43.763475],[-79.425078,43.758983]]]},"properties":{"StopCount":125}},{"type":"Feature","geometry":{"type":"Polygon","coordinates":[[[-79.418864,43.758983],[-79.41265,43.758983],[-79.41265,43.763475],[-79.418864,43.763475],[-79.418864,43.758983]]]},"properties":{"StopCount":308}},{"type":"Feature","geometry":{"type":"Polygon","coordinates":[[[-79.41265,43.758983],[-79.406436,43.758983],[-79.406436,43.763475],[-79.41265,43.763475],[-79.41265,43.758983]]]},"properties":{"StopCount":884}},{"type":"Feature","geometry":{"type":"Polygon","coordinates":[[[-79.406436,43.758983],[-79.400222,43.758983],[-79.400222,43.763475],[-79.406436,43.763475],[-79.406436,43.758983]]]},"properties":{"StopCount":164}},{"type":"Feature","geometry":{"type":"Polygon","coordinates":[[[-79.400222,43.758983],[-79.394008,43.758983],[-79.394008,43.763475],[-79.400222,43.763475],[-79.400222,43.758983]]]},"properties":{"StopCount":121}},{"type":"Feature","geometry":{"type":"Polygon","coordinates":[[[-79.394008,43.758983],[-79.387794,43.758983],[-79.387794,43.763475],[-79.394008,43.763475],[-79.394008,43.758983]]]},"properties":{"StopCount":112}},{"type":"Feature","geometry":{"type":"Polygon","coordinates":[[[-79.387794,43.758983],[-79.38158,43.758983],[-79.38158,43.763475],[-79.387794,43.763475],[-79.387794,43.758983]]]},"properties":{"StopCount":41}},{"type":"Feature","geometry":{"type":"Polygon","coordinates":[[[-79.38158,43.758983],[-79.375366,43.758983],[-79.375366,43.763475],[-79.38158,43.763475],[-79.38158,43.758983]]]},"properties":{"StopCount":38}},{"type":"Feature","geometry":{"type":"Polygon","coordinates":[[[-79.375366,43.758983],[-79.369152,43.758983],[-79.369152,43.763475],[-79.375366,43.763475],[-79.375366,43.758983]]]},"properties":{"StopCount":70}},{"type":"Feature","geometry":{"type":"Polygon","coordinates":[[[-79.369152,43.758983],[-79.362938,43.758983],[-79.362938,43.763475],[-79.369152,43.763475],[-79.369152,43.758983]]]},"properties":{"StopCount":104}},{"type":"Feature","geometry":{"type":"Polygon","coordinates":[[[-79.362938,43.758983],[-79.356723,43.758983],[-79.356723,43.763475],[-79.362938,43.763475],[-79.362938,43.758983]]]},"properties":{"StopCount":561}},{"type":"Feature","geometry":{"type":"Polygon","coordinates":[[[-79.356723,43.758983],[-79.350509,43.758983],[-79.350509,43.763475],[-79.356723,43.763475],[-79.356723,43.758983]]]},"properties":{"StopCount":792}},{"type":"Feature","geometry":{"type":"Polygon","coordinates":[[[-79.350509,43.758983],[-79.344295,43.758983],[-79.344295,43.763475],[-79.350509,43.763475],[-79.350509,43.758983]]]},"properties":{"StopCount":109}},{"type":"Feature","geometry":{"type":"Polygon","coordinates":[[[-79.344295,43.758983],[-79.338081,43.758983],[-79.338081,43.763475],[-79.344295,43.763475],[-79.344295,43.758983]]]},"properties":{"StopCount":93}},{"type":"Feature","geometry":{"type":"Polygon","coordinates":[[[-79.338081,43.758983],[-79.331867,43.758983],[-79.331867,43.763475],[-79.338081,43.763475],[-79.338081,43.758983]]]},"properties":{"StopCount":85}},{"type":"Feature","geometry":{"type":"Polygon","coordinates":[[[-79.331867,43.758983],[-79.325653,43.758983],[-79.325653,43.763475],[-79.331867,43.763475],[-79.331867,43.758983]]]},"properties":{"StopCount":266}},{"type":"Feature","geometry":{"type":"Polygon","coordinates":[[[-79.325653,43.758983],[-79.319439,43.758983],[-79.319439,43.763475],[-79.325653,43.763475],[-79.325653,43.758983]]]},"properties":{"StopCount":241}},{"type":"Feature","geometry":{"type":"Polygon","coordinates":[[[-79.319439,43.758983],[-79.313225,43.758983],[-79.313225,43.763475],[-79.319439,43.763475],[-79.319439,43.758983]]]},"properties":{"StopCount":166}},{"type":"Feature","geometry":{"type":"Polygon","coordinates":[[[-79.313225,43.758983],[-79.307011,43.758983],[-79.307011,43.763475],[-79.313225,43.763475],[-79.313225,43.758983]]]},"properties":{"StopCount":135}},{"type":"Feature","geometry":{"type":"Polygon","coordinates":[[[-79.307011,43.758983],[-79.300797,43.758983],[-79.300797,43.763475],[-79.307011,43.763475],[-79.307011,43.758983]]]},"properties":{"StopCount":126}},{"type":"Feature","geometry":{"type":"Polygon","coordinates":[[[-79.300797,43.758983],[-79.294583,43.758983],[-79.294583,43.763475],[-79.300797,43.763475],[-79.300797,43.758983]]]},"properties":{"StopCount":476}},{"type":"Feature","geometry":{"type":"Polygon","coordinates":[[[-79.294583,43.758983],[-79.288369,43.758983],[-79.288369,43.763475],[-79.294583,43.763475],[-79.294583,43.758983]]]},"properties":{"StopCount":381}},{"type":"Feature","geometry":{"type":"Polygon","coordinates":[[[-79.288369,43.758983],[-79.282155,43.758983],[-79.282155,43.763475],[-79.288369,43.763475],[-79.288369,43.758983]]]},"properties":{"StopCount":104}},{"type":"Feature","geometry":{"type":"Polygon","coordinates":[[[-79.282155,43.758983],[-79.275941,43.758983],[-79.275941,43.763475],[-79.282155,43.763475],[-79.282155,43.758983]]]},"properties":{"StopCount":325}},{"type":"Feature","geometry":{"type":"Polygon","coordinates":[[[-79.275941,43.758983],[-79.269727,43.758983],[-79.269727,43.763475],[-79.275941,43.763475],[-79.275941,43.758983]]]},"properties":{"StopCount":403}},{"type":"Feature","geometry":{"type":"Polygon","coordinates":[[[-79.269727,43.758983],[-79.263513,43.758983],[-79.263513,43.763475],[-79.269727,43.763475],[-79.269727,43.758983]]]},"properties":{"StopCount":123}},{"type":"Feature","geometry":{"type":"Polygon","coordinates":[[[-79.263513,43.758983],[-79.257298,43.758983],[-79.257298,43.763475],[-79.263513,43.763475],[-79.263513,43.758983]]]},"properties":{"StopCount":79}},{"type":"Feature","geometry":{"type":"Polygon","coordinates":[[[-79.257298,43.758983],[-79.251084,43.758983],[-79.251084,43.763475],[-79.257298,43.763475],[-79.257298,43.758983]]]},"properties":{"StopCount":129}},{"type":"Feature","geometry":{"type":"Polygon","coordinates":[[[-79.251084,43.758983],[-79.24487,43.758983],[-79.24487,43.763475],[-79.251084,43.763475],[-79.251084,43.758983]]]},"properties":{"StopCount":87}},{"type":"Feature","geometry":{"type":"Polygon","coordinates":[[[-79.24487,43.758983],[-79.238656,43.758983],[-79.238656,43.763475],[-79.24487,43.763475],[-79.24487,43.758983]]]},"properties":{"StopCount":95}},{"type":"Feature","geometry":{"type":"Polygon","coordinates":[[[-79.238656,43.758983],[-79.232442,43.758983],[-79.232442,43.763475],[-79.238656,43.763475],[-79.238656,43.758983]]]},"properties":{"StopCount":115}},{"type":"Feature","geometry":{"type":"Polygon","coordinates":[[[-79.232442,43.758983],[-79.226228,43.758983],[-79.226228,43.763475],[-79.232442,43.763475],[-79.232442,43.758983]]]},"properties":{"StopCount":376}},{"type":"Feature","geometry":{"type":"Polygon","coordinates":[[[-79.226228,43.758983],[-79.220014,43.758983],[-79.220014,43.763475],[-79.226228,43.763475],[-79.226228,43.758983]]]},"properties":{"StopCount":389}},{"type":"Feature","geometry":{"type":"Polygon","coordinates":[[[-79.220014,43.758983],[-79.2138,43.758983],[-79.2138,43.763475],[-79.220014,43.763475],[-79.220014,43.758983]]]},"properties":{"StopCount":291}},{"type":"Feature","geometry":{"type":"Polygon","coordinates":[[[-79.2138,43.758983],[-79.207586,43.758983],[-79.207586,43.763475],[-79.2138,43.763475],[-79.2138,43.758983]]]},"properties":{"StopCount":150}},{"type":"Feature","geometry":{"type":"Polygon","coordinates":[[[-79.207586,43.758983],[-79.201372,43.758983],[-79.201372,43.763475],[-79.207586,43.763475],[-79.207586,43.758983]]]},"properties":{"StopCount":80}},{"type":"Feature","geometry":{"type":"Polygon","coordinates":[[[-79.201372,43.758983],[-79.195158,43.758983],[-79.195158,43.763475],[-79.201372,43.763475],[-79.201372,43.758983]]]},"properties":{"StopCount":144}},{"type":"Feature","geometry":{"type":"Polygon","coordinates":[[[-79.195158,43.758983],[-79.188944,43.758983],[-79.188944,43.763475],[-79.195158,43.763475],[-79.195158,43.758983]]]},"properties":{"StopCount":193}},{"type":"Feature","geometry":{"type":"Polygon","coordinates":[[[-79.188944,43.758983],[-79.18273,43.758983],[-79.18273,43.763475],[-79.188944,43.763475],[-79.188944,43.758983]]]},"properties":{"StopCount":135}},{"type":"Feature","geometry":{"type":"Polygon","coordinates":[[[-79.18273,43.758983],[-79.176516,43.758983],[-79.176516,43.763475],[-79.18273,43.763475],[-79.18273,43.758983]]]},"properties":{"StopCount":62}},{"type":"Feature","geometry":{"type":"Polygon","coordinates":[[[-79.176516,43.758983],[-79.170302,43.758983],[-79.170302,43.763475],[-79.176516,43.763475],[-79.176516,43.758983]]]},"properties":{"StopCount":143}},{"type":"Feature","geometry":{"type":"Polygon","coordinates":[[[-79.170302,43.758983],[-79.164087,43.758983],[-79.164087,43.763475],[-79.170302,43.763475],[-79.170302,43.758983]]]},"properties":{"StopCount":99}},{"type":"Feature","geometry":{"type":"Polygon","coordinates":[[[-79.164087,43.758983],[-79.157873,43.758983],[-79.157873,43.763475],[-79.164087,43.763475],[-79.164087,43.758983]]]},"properties":{"StopCount":33}},{"type":"Feature","geometry":{"type":"Polygon","coordinates":[[[-79.157873,43.758983],[-79.151659,43.758983],[-79.151659,43.763475],[-79.157873,43.763475],[-79.157873,43.758983]]]},"properties":{"StopCount":44}},{"type":"Feature","geometry":{"type":"Polygon","coordinates":[[[-79.58043,43.763475],[-79.574216,43.763475],[-79.574216,43.767966],[-79.58043,43.767966],[-79.58043,43.763475]]]},"properties":{"StopCount":31}},{"type":"Feature","geometry":{"type":"Polygon","coordinates":[[[-79.574216,43.763475],[-79.568002,43.763475],[-79.568002,43.767966],[-79.574216,43.767966],[-79.574216,43.763475]]]},"properties":{"StopCount":14}},{"type":"Feature","geometry":{"type":"Polygon","coordinates":[[[-79.568002,43.763475],[-79.561788,43.763475],[-79.561788,43.767966],[-79.568002,43.767966],[-79.568002,43.763475]]]},"properties":{"StopCount":377}},{"type":"Feature","geometry":{"type":"Polygon","coordinates":[[[-79.561788,43.763475],[-79.555574,43.763475],[-79.555574,43.767966],[-79.561788,43.767966],[-79.561788,43.763475]]]},"properties":{"StopCount":572}},{"type":"Feature","geometry":{"type":"Polygon","coordinates":[[[-79.555574,43.763475],[-79.54936,43.763475],[-79.54936,43.767966],[-79.555574,43.767966],[-79.555574,43.763475]]]},"properties":{"StopCount":334}},{"type":"Feature","geometry":{"type":"Polygon","coordinates":[[[-79.54936,43.763475],[-79.543145,43.763475],[-79.543145,43.767966],[-79.54936,43.767966],[-79.54936,43.763475]]]},"properties":{"StopCount":572}},{"type":"Feature","geometry":{"type":"Polygon","coordinates":[[[-79.543145,43.763475],[-79.536931,43.763475],[-79.536931,43.767966],[-79.543145,43.767966],[-79.543145,43.763475]]]},"properties":{"StopCount":761}},{"type":"Feature","geometry":{"type":"Polygon","coordinates":[[[-79.536931,43.763475],[-79.530717,43.763475],[-79.530717,43.767966],[-79.536931,43.767966],[-79.536931,43.763475]]]},"properties":{"StopCount":401}},{"type":"Feature","geometry":{"type":"Polygon","coordinates":[[[-79.530717,43.763475],[-79.524503,43.763475],[-79.524503,43.767966],[-79.530717,43.767966],[-79.530717,43.763475]]]},"properties":{"StopCount":233}},{"type":"Feature","geometry":{"type":"Polygon","coordinates":[[[-79.524503,43.763475],[-79.518289,43.763475],[-79.518289,43.767966],[-79.524503,43.767966],[-79.524503,43.763475]]]},"properties":{"StopCount":52}},{"type":"Feature","geometry":{"type":"Polygon","coordinates":[[[-79.518289,43.763475],[-79.512075,43.763475],[-79.512075,43.767966],[-79.518289,43.767966],[-79.518289,43.763475]]]},"properties":{"StopCount":159}},{"type":"Feature","geometry":{"type":"Polygon","coordinates":[[[-79.512075,43.763475],[-79.505861,43.763475],[-79.505861,43.767966],[-79.512075,43.767966],[-79.512075,43.763475]]]},"properties":{"StopCount":58}},{"type":"Feature","geometry":{"type":"Polygon","coordinates":[[[-79.505861,43.763475],[-79.499647,43.763475],[-79.499647,43.767966],[-79.505861,43.767966],[-79.505861,43.763475]]]},"properties":{"StopCount":159}},{"type":"Feature","geometry":{"type":"Polygon","coordinates":[[[-79.499647,43.763475],[-79.493433,43.763475],[-79.493433,43.767966],[-79.499647,43.767966],[-79.499647,43.763475]]]},"properties":{"StopCount":154}},{"type":"Feature","geometry":{"type":"Polygon","coordinates":[[[-79.493433,43.763475],[-79.487219,43.763475],[-79.487219,43.767966],[-79.493433,43.767966],[-79.493433,43.763475]]]},"properties":{"StopCount":344}},{"type":"Feature","geometry":{"type":"Polygon","coordinates":[[[-79.487219,43.763475],[-79.481005,43.763475],[-79.481005,43.767966],[-79.487219,43.767966],[-79.487219,43.763475]]]},"properties":{"StopCount":348}},{"type":"Feature","geometry":{"type":"Polygon","coordinates":[[[-79.481005,43.763475],[-79.474791,43.763475],[-79.474791,43.767966],[-79.481005,43.767966],[-79.481005,43.763475]]]},"properties":{"StopCount":203}},{"type":"Feature","geometry":{"type":"Polygon","coordinates":[[[-79.474791,43.763475],[-79.468577,43.763475],[-79.468577,43.767966],[-79.474791,43.767966],[-79.474791,43.763475]]]},"properties":{"StopCount":370}},{"type":"Feature","geometry":{"type":"Polygon","coordinates":[[[-79.468577,43.763475],[-79.462363,43.763475],[-79.462363,43.767966],[-79.468577,43.767966],[-79.468577,43.763475]]]},"properties":{"StopCount":199}},{"type":"Feature","geometry":{"type":"Polygon","coordinates":[[[-79.462363,43.763475],[-79.456149,43.763475],[-79.456149,43.767966],[-79.462363,43.767966],[-79.462363,43.763475]]]},"properties":{"StopCount":113}},{"type":"Feature","geometry":{"type":"Polygon","coordinates":[[[-79.456149,43.763475],[-79.449934,43.763475],[-79.449934,43.767966],[-79.456149,43.767966],[-79.456149,43.763475]]]},"properties":{"StopCount":97}},{"type":"Feature","geometry":{"type":"Polygon","coordinates":[[[-79.449934,43.763475],[-79.44372,43.763475],[-79.44372,43.767966],[-79.449934,43.767966],[-79.449934,43.763475]]]},"properties":{"StopCount":56}},{"type":"Feature","geometry":{"type":"Polygon","coordinates":[[[-79.44372,43.763475],[-79.437506,43.763475],[-79.437506,43.767966],[-79.44372,43.767966],[-79.44372,43.763475]]]},"properties":{"StopCount":40}},{"type":"Feature","geometry":{"type":"Polygon","coordinates":[[[-79.437506,43.763475],[-79.431292,43.763475],[-79.431292,43.767966],[-79.437506,43.767966],[-79.437506,43.763475]]]},"properties":{"StopCount":54}},{"type":"Feature","geometry":{"type":"Polygon","coordinates":[[[-79.431292,43.763475],[-79.425078,43.763475],[-79.425078,43.767966],[-79.431292,43.767966],[-79.431292,43.763475]]]},"properties":{"StopCount":56}},{"type":"Feature","geometry":{"type":"Polygon","coordinates":[[[-79.425078,43.763475],[-79.418864,43.763475],[-79.418864,43.767966],[-79.425078,43.767966],[-79.425078,43.763475]]]},"properties":{"StopCount":47}},{"type":"Feature","geometry":{"type":"Polygon","coordinates":[[[-79.418864,43.763475],[-79.41265,43.763475],[-79.41265,43.767966],[-79.418864,43.767966],[-79.418864,43.763475]]]},"properties":{"StopCount":412}},{"type":"Feature","geometry":{"type":"Polygon","coordinates":[[[-79.41265,43.763475],[-79.406436,43.763475],[-79.406436,43.767966],[-79.41265,43.767966],[-79.41265,43.763475]]]},"properties":{"StopCount":610}},{"type":"Feature","geometry":{"type":"Polygon","coordinates":[[[-79.406436,43.763475],[-79.400222,43.763475],[-79.400222,43.767966],[-79.406436,43.767966],[-79.406436,43.763475]]]},"properties":{"StopCount":293}},{"type":"Feature","geometry":{"type":"Polygon","coordinates":[[[-79.400222,43.763475],[-79.394008,43.763475],[-79.394008,43.767966],[-79.400222,43.767966],[-79.400222,43.763475]]]},"properties":{"StopCount":289}},{"type":"Feature","geometry":{"type":"Polygon","coordinates":[[[-79.394008,43.763475],[-79.387794,43.763475],[-79.387794,43.767966],[-79.394008,43.767966],[-79.394008,43.763475]]]},"properties":{"StopCount":217}},{"type":"Feature","geometry":{"type":"Polygon","coordinates":[[[-79.387794,43.763475],[-79.38158,43.763475],[-79.38158,43.767966],[-79.387794,43.767966],[-79.387794,43.763475]]]},"properties":{"StopCount":373}},{"type":"Feature","geometry":{"type":"Polygon","coordinates":[[[-79.38158,43.763475],[-79.375366,43.763475],[-79.375366,43.767966],[-79.38158,43.767966],[-79.38158,43.763475]]]},"properties":{"StopCount":106}},{"type":"Feature","geometry":{"type":"Polygon","coordinates":[[[-79.375366,43.763475],[-79.369152,43.763475],[-79.369152,43.767966],[-79.375366,43.767966],[-79.375366,43.763475]]]},"properties":{"StopCount":283}},{"type":"Feature","geometry":{"type":"Polygon","coordinates":[[[-79.369152,43.763475],[-79.362938,43.763475],[-79.362938,43.767966],[-79.369152,43.767966],[-79.369152,43.763475]]]},"properties":{"StopCount":173}},{"type":"Feature","geometry":{"type":"Polygon","coordinates":[[[-79.362938,43.763475],[-79.356723,43.763475],[-79.356723,43.767966],[-79.362938,43.767966],[-79.362938,43.763475]]]},"properties":{"StopCount":180}},{"type":"Feature","geometry":{"type":"Polygon","coordinates":[[[-79.356723,43.763475],[-79.350509,43.763475],[-79.350509,43.767966],[-79.356723,43.767966],[-79.356723,43.763475]]]},"properties":{"StopCount":18}},{"type":"Feature","geometry":{"type":"Polygon","coordinates":[[[-79.350509,43.763475],[-79.344295,43.763475],[-79.344295,43.767966],[-79.350509,43.767966],[-79.350509,43.763475]]]},"properties":{"StopCount":27}},{"type":"Feature","geometry":{"type":"Polygon","coordinates":[[[-79.344295,43.763475],[-79.338081,43.763475],[-79.338081,43.767966],[-79.344295,43.767966],[-79.344295,43.763475]]]},"properties":{"StopCount":75}},{"type":"Feature","geometry":{"type":"Polygon","coordinates":[[[-79.338081,43.763475],[-79.331867,43.763475],[-79.331867,43.767966],[-79.338081,43.767966],[-79.338081,43.763475]]]},"properties":{"StopCount":48}},{"type":"Feature","geometry":{"type":"Polygon","coordinates":[[[-79.331867,43.763475],[-79.325653,43.763475],[-79.325653,43.767966],[-79.331867,43.767966],[-79.331867,43.763475]]]},"properties":{"StopCount":130}},{"type":"Feature","geometry":{"type":"Polygon","coordinates":[[[-79.325653,43.763475],[-79.319439,43.763475],[-79.319439,43.767966],[-79.325653,43.767966],[-79.325653,43.763475]]]},"properties":{"StopCount":127}},{"type":"Feature","geometry":{"type":"Polygon","coordinates":[[[-79.319439,43.763475],[-79.313225,43.763475],[-79.313225,43.767966],[-79.319439,43.767966],[-79.319439,43.763475]]]},"properties":{"StopCount":82}},{"type":"Feature","geometry":{"type":"Polygon","coordinates":[[[-79.313225,43.763475],[-79.307011,43.763475],[-79.307011,43.767966],[-79.313225,43.767966],[-79.313225,43.763475]]]},"properties":{"StopCount":26}},{"type":"Feature","geometry":{"type":"Polygon","coordinates":[[[-79.307011,43.763475],[-79.300797,43.763475],[-79.300797,43.767966],[-79.307011,43.767966],[-79.307011,43.763475]]]},"properties":{"StopCount":359}},{"type":"Feature","geometry":{"type":"Polygon","coordinates":[[[-79.300797,43.763475],[-79.294583,43.763475],[-79.294583,43.767966],[-79.300797,43.767966],[-79.300797,43.763475]]]},"properties":{"StopCount":387}},{"type":"Feature","geometry":{"type":"Polygon","coordinates":[[[-79.294583,43.763475],[-79.288369,43.763475],[-79.288369,43.767966],[-79.294583,43.767966],[-79.294583,43.763475]]]},"properties":{"StopCount":277}},{"type":"Feature","geometry":{"type":"Polygon","coordinates":[[[-79.288369,43.763475],[-79.282155,43.763475],[-79.282155,43.767966],[-79.288369,43.767966],[-79.288369,43.763475]]]},"properties":{"StopCount":310}},{"type":"Feature","geometry":{"type":"Polygon","coordinates":[[[-79.282155,43.763475],[-79.275941,43.763475],[-79.275941,43.767966],[-79.282155,43.767966],[-79.282155,43.763475]]]},"properties":{"StopCount":469}},{"type":"Feature","geometry":{"type":"Polygon","coordinates":[[[-79.275941,43.763475],[-79.269727,43.763475],[-79.269727,43.767966],[-79.275941,43.767966],[-79.275941,43.763475]]]},"properties":{"StopCount":469}},{"type":"Feature","geometry":{"type":"Polygon","coordinates":[[[-79.269727,43.763475],[-79.263513,43.763475],[-79.263513,43.767966],[-79.269727,43.767966],[-79.269727,43.763475]]]},"properties":{"StopCount":91}},{"type":"Feature","geometry":{"type":"Polygon","coordinates":[[[-79.263513,43.763475],[-79.257298,43.763475],[-79.257298,43.767966],[-79.263513,43.767966],[-79.263513,43.763475]]]},"properties":{"StopCount":83}},{"type":"Feature","geometry":{"type":"Polygon","coordinates":[[[-79.257298,43.763475],[-79.251084,43.763475],[-79.251084,43.767966],[-79.257298,43.767966],[-79.257298,43.763475]]]},"properties":{"StopCount":123}},{"type":"Feature","geometry":{"type":"Polygon","coordinates":[[[-79.251084,43.763475],[-79.24487,43.763475],[-79.24487,43.767966],[-79.251084,43.767966],[-79.251084,43.763475]]]},"properties":{"StopCount":234}},{"type":"Feature","geometry":{"type":"Polygon","coordinates":[[[-79.24487,43.763475],[-79.238656,43.763475],[-79.238656,43.767966],[-79.24487,43.767966],[-79.24487,43.763475]]]},"properties":{"StopCount":176}},{"type":"Feature","geometry":{"type":"Polygon","coordinates":[[[-79.238656,43.763475],[-79.232442,43.763475],[-79.232442,43.767966],[-79.238656,43.767966],[-79.238656,43.763475]]]},"properties":{"StopCount":78}},{"type":"Feature","geometry":{"type":"Polygon","coordinates":[[[-79.232442,43.763475],[-79.226228,43.763475],[-79.226228,43.767966],[-79.232442,43.767966],[-79.232442,43.763475]]]},"properties":{"StopCount":226}},{"type":"Feature","geometry":{"type":"Polygon","coordinates":[[[-79.226228,43.763475],[-79.220014,43.763475],[-79.220014,43.767966],[-79.226228,43.767966],[-79.226228,43.763475]]]},"properties":{"StopCount":70}},{"type":"Feature","geometry":{"type":"Polygon","coordinates":[[[-79.220014,43.763475],[-79.2138,43.763475],[-79.2138,43.767966],[-79.220014,43.767966],[-79.220014,43.763475]]]},"properties":{"StopCount":119}},{"type":"Feature","geometry":{"type":"Polygon","coordinates":[[[-79.2138,43.763475],[-79.207586,43.763475],[-79.207586,43.767966],[-79.2138,43.767966],[-79.2138,43.763475]]]},"properties":{"StopCount":74}},{"type":"Feature","geometry":{"type":"Polygon","coordinates":[[[-79.207586,43.763475],[-79.201372,43.763475],[-79.201372,43.767966],[-79.207586,43.767966],[-79.207586,43.763475]]]},"properties":{"StopCount":89}},{"type":"Feature","geometry":{"type":"Polygon","coordinates":[[[-79.201372,43.763475],[-79.195158,43.763475],[-79.195158,43.767966],[-79.201372,43.767966],[-79.201372,43.763475]]]},"properties":{"StopCount":127}},{"type":"Feature","geometry":{"type":"Polygon","coordinates":[[[-79.195158,43.763475],[-79.188944,43.763475],[-79.188944,43.767966],[-79.195158,43.767966],[-79.195158,43.763475]]]},"properties":{"StopCount":265}},{"type":"Feature","geometry":{"type":"Polygon","coordinates":[[[-79.188944,43.763475],[-79.18273,43.763475],[-79.18273,43.767966],[-79.188944,43.767966],[-79.188944,43.763475]]]},"properties":{"StopCount":238}},{"type":"Feature","geometry":{"type":"Polygon","coordinates":[[[-79.18273,43.763475],[-79.176516,43.763475],[-79.176516,43.767966],[-79.18273,43.767966],[-79.18273,43.763475]]]},"properties":{"StopCount":109}},{"type":"Feature","geometry":{"type":"Polygon","coordinates":[[[-79.176516,43.763475],[-79.170302,43.763475],[-79.170302,43.767966],[-79.176516,43.767966],[-79.176516,43.763475]]]},"properties":{"StopCount":153}},{"type":"Feature","geometry":{"type":"Polygon","coordinates":[[[-79.170302,43.763475],[-79.164087,43.763475],[-79.164087,43.767966],[-79.170302,43.767966],[-79.170302,43.763475]]]},"properties":{"StopCount":150}},{"type":"Feature","geometry":{"type":"Polygon","coordinates":[[[-79.164087,43.763475],[-79.157873,43.763475],[-79.157873,43.767966],[-79.164087,43.767966],[-79.164087,43.763475]]]},"properties":{"StopCount":320}},{"type":"Feature","geometry":{"type":"Polygon","coordinates":[[[-79.157873,43.763475],[-79.151659,43.763475],[-79.151659,43.767966],[-79.157873,43.767966],[-79.157873,43.763475]]]},"properties":{"StopCount":158}},{"type":"Feature","geometry":{"type":"Polygon","coordinates":[[[-79.151659,43.763475],[-79.145445,43.763475],[-79.145445,43.767966],[-79.151659,43.767966],[-79.151659,43.763475]]]},"properties":{"StopCount":68}},{"type":"Feature","geometry":{"type":"Polygon","coordinates":[[[-79.555574,43.767966],[-79.54936,43.767966],[-79.54936,43.772458],[-79.555574,43.772458],[-79.555574,43.767966]]]},"properties":{"StopCount":106}},{"type":"Feature","geometry":{"type":"Polygon","coordinates":[[[-79.54936,43.767966],[-79.543145,43.767966],[-79.543145,43.772458],[-79.54936,43.772458],[-79.54936,43.767966]]]},"properties":{"StopCount":543}},{"type":"Feature","geometry":{"type":"Polygon","coordinates":[[[-79.543145,43.767966],[-79.536931,43.767966],[-79.536931,43.772458],[-79.543145,43.772458],[-79.543145,43.767966]]]},"properties":{"StopCount":767}},{"type":"Feature","geometry":{"type":"Polygon","coordinates":[[[-79.536931,43.767966],[-79.530717,43.767966],[-79.530717,43.772458],[-79.536931,43.772458],[-79.536931,43.767966]]]},"properties":{"StopCount":290}},{"type":"Feature","geometry":{"type":"Polygon","coordinates":[[[-79.530717,43.767966],[-79.524503,43.767966],[-79.524503,43.772458],[-79.530717,43.772458],[-79.530717,43.767966]]]},"properties":{"StopCount":190}},{"type":"Feature","geometry":{"type":"Polygon","coordinates":[[[-79.524503,43.767966],[-79.518289,43.767966],[-79.518289,43.772458],[-79.524503,43.772458],[-79.524503,43.767966]]]},"properties":{"StopCount":302}},{"type":"Feature","geometry":{"type":"Polygon","coordinates":[[[-79.518289,43.767966],[-79.512075,43.767966],[-79.512075,43.772458],[-79.518289,43.772458],[-79.518289,43.767966]]]},"properties":{"StopCount":62}},{"type":"Feature","geometry":{"type":"Polygon","coordinates":[[[-79.512075,43.767966],[-79.505861,43.767966],[-79.505861,43.772458],[-79.512075,43.772458],[-79.512075,43.767966]]]},"properties":{"StopCount":42}},{"type":"Feature","geometry":{"type":"Polygon","coordinates":[[[-79.505861,43.767966],[-79.499647,43.767966],[-79.499647,43.772458],[-79.505861,43.772458],[-79.505861,43.767966]]]},"properties":{"StopCount":325}},{"type":"Feature","geometry":{"type":"Polygon","coordinates":[[[-79.499647,43.767966],[-79.493433,43.767966],[-79.493433,43.772458],[-79.499647,43.772458],[-79.499647,43.767966]]]},"properties":{"StopCount":118}},{"type":"Feature","geometry":{"type":"Polygon","coordinates":[[[-79.493433,43.767966],[-79.487219,43.767966],[-79.487219,43.772458],[-79.493433,43.772458],[-79.493433,43.767966]]]},"properties":{"StopCount":62}},{"type":"Feature","geometry":{"type":"Polygon","coordinates":[[[-79.481005,43.767966],[-79.474791,43.767966],[-79.474791,43.772458],[-79.481005,43.772458],[-79.481005,43.767966]]]},"properties":{"StopCount":525}},{"type":"Feature","geometry":{"type":"Polygon","coordinates":[[[-79.474791,43.767966],[-79.468577,43.767966],[-79.468577,43.772458],[-79.474791,43.772458],[-79.474791,43.767966]]]},"properties":{"StopCount":564}},{"type":"Feature","geometry":{"type":"Polygon","coordinates":[[[-79.468577,43.767966],[-79.462363,43.767966],[-79.462363,43.772458],[-79.468577,43.772458],[-79.468577,43.767966]]]},"properties":{"StopCount":208}},{"type":"Feature","geometry":{"type":"Polygon","coordinates":[[[-79.462363,43.767966],[-79.456149,43.767966],[-79.456149,43.772458],[-79.462363,43.772458],[-79.462363,43.767966]]]},"properties":{"StopCount":173}},{"type":"Feature","geometry":{"type":"Polygon","coordinates":[[[-79.456149,43.767966],[-79.449934,43.767966],[-79.449934,43.772458],[-79.456149,43.772458],[-79.456149,43.767966]]]},"properties":{"StopCount":96}},{"type":"Feature","geometry":{"type":"Polygon","coordinates":[[[-79.449934,43.767966],[-79.44372,43.767966],[-79.44372,43.772458],[-79.449934,43.772458],[-79.449934,43.767966]]]},"properties":{"StopCount":79}},{"type":"Feature","geometry":{"type":"Polygon","coordinates":[[[-79.44372,43.767966],[-79.437506,43.767966],[-79.437506,43.772458],[-79.44372,43.772458],[-79.44372,43.767966]]]},"properties":{"StopCount":93}},{"type":"Feature","geometry":{"type":"Polygon","coordinates":[[[-79.437506,43.767966],[-79.431292,43.767966],[-79.431292,43.772458],[-79.437506,43.772458],[-79.437506,43.767966]]]},"properties":{"StopCount":101}},{"type":"Feature","geometry":{"type":"Polygon","coordinates":[[[-79.431292,43.767966],[-79.425078,43.767966],[-79.425078,43.772458],[-79.431292,43.772458],[-79.431292,43.767966]]]},"properties":{"StopCount":109}},{"type":"Feature","geometry":{"type":"Polygon","coordinates":[[[-79.425078,43.767966],[-79.418864,43.767966],[-79.418864,43.772458],[-79.425078,43.772458],[-79.425078,43.767966]]]},"properties":{"StopCount":108}},{"type":"Feature","geometry":{"type":"Polygon","coordinates":[[[-79.418864,43.767966],[-79.41265,43.767966],[-79.41265,43.772458],[-79.418864,43.772458],[-79.418864,43.767966]]]},"properties":{"StopCount":521}},{"type":"Feature","geometry":{"type":"Polygon","coordinates":[[[-79.41265,43.767966],[-79.406436,43.767966],[-79.406436,43.772458],[-79.41265,43.772458],[-79.41265,43.767966]]]},"properties":{"StopCount":245}},{"type":"Feature","geometry":{"type":"Polygon","coordinates":[[[-79.406436,43.767966],[-79.400222,43.767966],[-79.400222,43.772458],[-79.406436,43.772458],[-79.406436,43.767966]]]},"properties":{"StopCount":119}},{"type":"Feature","geometry":{"type":"Polygon","coordinates":[[[-79.400222,43.767966],[-79.394008,43.767966],[-79.394008,43.772458],[-79.400222,43.772458],[-79.400222,43.767966]]]},"properties":{"StopCount":76}},{"type":"Feature","geometry":{"type":"Polygon","coordinates":[[[-79.394008,43.767966],[-79.387794,43.767966],[-79.387794,43.772458],[-79.394008,43.772458],[-79.394008,43.767966]]]},"properties":{"StopCount":153}},{"type":"Feature","geometry":{"type":"Polygon","coordinates":[[[-79.387794,43.767966],[-79.38158,43.767966],[-79.38158,43.772458],[-79.387794,43.772458],[-79.387794,43.767966]]]},"properties":{"StopCount":306}},{"type":"Feature","geometry":{"type":"Polygon","coordinates":[[[-79.38158,43.767966],[-79.375366,43.767966],[-79.375366,43.772458],[-79.38158,43.772458],[-79.38158,43.767966]]]},"properties":{"StopCount":216}},{"type":"Feature","geometry":{"type":"Polygon","coordinates":[[[-79.375366,43.767966],[-79.369152,43.767966],[-79.369152,43.772458],[-79.375366,43.772458],[-79.375366,43.767966]]]},"properties":{"StopCount":410}},{"type":"Feature","geometry":{"type":"Polygon","coordinates":[[[-79.369152,43.767966],[-79.362938,43.767966],[-79.362938,43.772458],[-79.369152,43.772458],[-79.369152,43.767966]]]},"properties":{"StopCount":852}},{"type":"Feature","geometry":{"type":"Polygon","coordinates":[[[-79.362938,43.767966],[-79.356723,43.767966],[-79.356723,43.772458],[-79.362938,43.772458],[-79.362938,43.767966]]]},"properties":{"StopCount":206}},{"type":"Feature","geometry":{"type":"Polygon","coordinates":[[[-79.356723,43.767966],[-79.350509,43.767966],[-79.350509,43.772458],[-79.356723,43.772458],[-79.356723,43.767966]]]},"properties":{"StopCount":95}},{"type":"Feature","geometry":{"type":"Polygon","coordinates":[[[-79.350509,43.767966],[-79.344295,43.767966],[-79.344295,43.772458],[-79.350509,43.772458],[-79.350509,43.767966]]]},"properties":{"StopCount":209}},{"type":"Feature","geometry":{"type":"Polygon","coordinates":[[[-79.344295,43.767966],[-79.338081,43.767966],[-79.338081,43.772458],[-79.344295,43.772458],[-79.344295,43.767966]]]},"properties":{"StopCount":77}},{"type":"Feature","geometry":{"type":"Polygon","coordinates":[[[-79.338081,43.767966],[-79.331867,43.767966],[-79.331867,43.772458],[-79.338081,43.772458],[-79.338081,43.767966]]]},"properties":{"StopCount":372}},{"type":"Feature","geometry":{"type":"Polygon","coordinates":[[[-79.331867,43.767966],[-79.325653,43.767966],[-79.325653,43.772458],[-79.331867,43.772458],[-79.331867,43.767966]]]},"properties":{"StopCount":206}},{"type":"Feature","geometry":{"type":"Polygon","coordinates":[[[-79.325653,43.767966],[-79.319439,43.767966],[-79.319439,43.772458],[-79.325653,43.772458],[-79.325653,43.767966]]]},"properties":{"StopCount":321}},{"type":"Feature","geometry":{"type":"Polygon","coordinates":[[[-79.319439,43.767966],[-79.313225,43.767966],[-79.313225,43.772458],[-79.319439,43.772458],[-79.319439,43.767966]]]},"properties":{"StopCount":113}},{"type":"Feature","geometry":{"type":"Polygon","coordinates":[[[-79.313225,43.767966],[-79.307011,43.767966],[-79.307011,43.772458],[-79.313225,43.772458],[-79.313225,43.767966]]]},"properties":{"StopCount":172}},{"type":"Feature","geometry":{"type":"Polygon","coordinates":[[[-79.307011,43.767966],[-79.300797,43.767966],[-79.300797,43.772458],[-79.307011,43.772458],[-79.307011,43.767966]]]},"properties":{"StopCount":115}},{"type":"Feature","geometry":{"type":"Polygon","coordinates":[[[-79.300797,43.767966],[-79.294583,43.767966],[-79.294583,43.772458],[-79.300797,43.772458],[-79.300797,43.767966]]]},"properties":{"StopCount":31}},{"type":"Feature","geometry":{"type":"Polygon","coordinates":[[[-79.294583,43.767966],[-79.288369,43.767966],[-79.288369,43.772458],[-79.294583,43.772458],[-79.294583,43.767966]]]},"properties":{"StopCount":230}},{"type":"Feature","geometry":{"type":"Polygon","coordinates":[[[-79.288369,43.767966],[-79.282155,43.767966],[-79.282155,43.772458],[-79.288369,43.772458],[-79.288369,43.767966]]]},"properties":{"StopCount":613}},{"type":"Feature","geometry":{"type":"Polygon","coordinates":[[[-79.282155,43.767966],[-79.275941,43.767966],[-79.275941,43.772458],[-79.282155,43.772458],[-79.282155,43.767966]]]},"properties":{"StopCount":566}},{"type":"Feature","geometry":{"type":"Polygon","coordinates":[[[-79.275941,43.767966],[-79.269727,43.767966],[-79.269727,43.772458],[-79.275941,43.772458],[-79.275941,43.767966]]]},"properties":{"StopCount":437}},{"type":"Feature","geometry":{"type":"Polygon","coordinates":[[[-79.269727,43.767966],[-79.263513,43.767966],[-79.263513,43.772458],[-79.269727,43.772458],[-79.269727,43.767966]]]},"properties":{"StopCount":329}},{"type":"Feature","geometry":{"type":"Polygon","coordinates":[[[-79.263513,43.767966],[-79.257298,43.767966],[-79.257298,43.772458],[-79.263513,43.772458],[-79.263513,43.767966]]]},"properties":{"StopCount":314}},{"type":"Feature","geometry":{"type":"Polygon","coordinates":[[[-79.257298,43.767966],[-79.251084,43.767966],[-79.251084,43.772458],[-79.257298,43.772458],[-79.257298,43.767966]]]},"properties":{"StopCount":220}},{"type":"Feature","geometry":{"type":"Polygon","coordinates":[[[-79.251084,43.767966],[-79.24487,43.767966],[-79.24487,43.772458],[-79.251084,43.772458],[-79.251084,43.767966]]]},"properties":{"StopCount":150}},{"type":"Feature","geometry":{"type":"Polygon","coordinates":[[[-79.24487,43.767966],[-79.238656,43.767966],[-79.238656,43.772458],[-79.24487,43.772458],[-79.24487,43.767966]]]},"properties":{"StopCount":169}},{"type":"Feature","geometry":{"type":"Polygon","coordinates":[[[-79.238656,43.767966],[-79.232442,43.767966],[-79.232442,43.772458],[-79.238656,43.772458],[-79.238656,43.767966]]]},"properties":{"StopCount":86}},{"type":"Feature","geometry":{"type":"Polygon","coordinates":[[[-79.232442,43.767966],[-79.226228,43.767966],[-79.226228,43.772458],[-79.232442,43.772458],[-79.232442,43.767966]]]},"properties":{"StopCount":170}},{"type":"Feature","geometry":{"type":"Polygon","coordinates":[[[-79.226228,43.767966],[-79.220014,43.767966],[-79.220014,43.772458],[-79.226228,43.772458],[-79.226228,43.767966]]]},"properties":{"StopCount":79}},{"type":"Feature","geometry":{"type":"Polygon","coordinates":[[[-79.220014,43.767966],[-79.2138,43.767966],[-79.2138,43.772458],[-79.220014,43.772458],[-79.220014,43.767966]]]},"properties":{"StopCount":126}},{"type":"Feature","geometry":{"type":"Polygon","coordinates":[[[-79.2138,43.767966],[-79.207586,43.767966],[-79.207586,43.772458],[-79.2138,43.772458],[-79.2138,43.767966]]]},"properties":{"StopCount":138}},{"type":"Feature","geometry":{"type":"Polygon","coordinates":[[[-79.207586,43.767966],[-79.201372,43.767966],[-79.201372,43.772458],[-79.207586,43.772458],[-79.207586,43.767966]]]},"properties":{"StopCount":59}},{"type":"Feature","geometry":{"type":"Polygon","coordinates":[[[-79.201372,43.767966],[-79.195158,43.767966],[-79.195158,43.772458],[-79.201372,43.772458],[-79.201372,43.767966]]]},"properties":{"StopCount":43}},{"type":"Feature","geometry":{"type":"Polygon","coordinates":[[[-79.195158,43.767966],[-79.188944,43.767966],[-79.188944,43.772458],[-79.195158,43.772458],[-79.195158,43.767966]]]},"properties":{"StopCount":108}},{"type":"Feature","geometry":{"type":"Polygon","coordinates":[[[-79.188944,43.767966],[-79.18273,43.767966],[-79.18273,43.772458],[-79.188944,43.772458],[-79.188944,43.767966]]]},"properties":{"StopCount":777}},{"type":"Feature","geometry":{"type":"Polygon","coordinates":[[[-79.18273,43.767966],[-79.176516,43.767966],[-79.176516,43.772458],[-79.18273,43.772458],[-79.18273,43.767966]]]},"properties":{"StopCount":110}},{"type":"Feature","geometry":{"type":"Polygon","coordinates":[[[-79.176516,43.767966],[-79.170302,43.767966],[-79.170302,43.772458],[-79.176516,43.772458],[-79.176516,43.767966]]]},"properties":{"StopCount":218}},{"type":"Feature","geometry":{"type":"Polygon","coordinates":[[[-79.170302,43.767966],[-79.164087,43.767966],[-79.164087,43.772458],[-79.170302,43.772458],[-79.170302,43.767966]]]},"properties":{"StopCount":86}},{"type":"Feature","geometry":{"type":"Polygon","coordinates":[[[-79.164087,43.767966],[-79.157873,43.767966],[-79.157873,43.772458],[-79.164087,43.772458],[-79.164087,43.767966]]]},"properties":{"StopCount":47}},{"type":"Feature","geometry":{"type":"Polygon","coordinates":[[[-79.157873,43.767966],[-79.151659,43.767966],[-79.151659,43.772458],[-79.157873,43.772458],[-79.157873,43.767966]]]},"properties":{"StopCount":37}},{"type":"Feature","geometry":{"type":"Polygon","coordinates":[[[-79.151659,43.767966],[-79.145445,43.767966],[-79.145445,43.772458],[-79.151659,43.772458],[-79.151659,43.767966]]]},"properties":{"StopCount":19}},{"type":"Feature","geometry":{"type":"Polygon","coordinates":[[[-79.145445,43.767966],[-79.139231,43.767966],[-79.139231,43.772458],[-79.145445,43.772458],[-79.145445,43.767966]]]},"properties":{"StopCount":10}},{"type":"Feature","geometry":{"type":"Polygon","coordinates":[[[-79.139231,43.767966],[-79.133017,43.767966],[-79.133017,43.772458],[-79.139231,43.772458],[-79.139231,43.767966]]]},"properties":{"StopCount":5}},{"type":"Feature","geometry":{"type":"Polygon","coordinates":[[[-79.536931,43.772458],[-79.530717,43.772458],[-79.530717,43.776949],[-79.536931,43.776949],[-79.536931,43.772458]]]},"properties":{"StopCount":16}},{"type":"Feature","geometry":{"type":"Polygon","coordinates":[[[-79.530717,43.772458],[-79.524503,43.772458],[-79.524503,43.776949],[-79.530717,43.776949],[-79.530717,43.772458]]]},"properties":{"StopCount":77}},{"type":"Feature","geometry":{"type":"Polygon","coordinates":[[[-79.524503,43.772458],[-79.518289,43.772458],[-79.518289,43.776949],[-79.524503,43.776949],[-79.524503,43.772458]]]},"properties":{"StopCount":58}},{"type":"Feature","geometry":{"type":"Polygon","coordinates":[[[-79.518289,43.772458],[-79.512075,43.772458],[-79.512075,43.776949],[-79.518289,43.776949],[-79.518289,43.772458]]]},"properties":{"StopCount":107}},{"type":"Feature","geometry":{"type":"Polygon","coordinates":[[[-79.512075,43.772458],[-79.505861,43.772458],[-79.505861,43.776949],[-79.512075,43.776949],[-79.512075,43.772458]]]},"properties":{"StopCount":210}},{"type":"Feature","geometry":{"type":"Polygon","coordinates":[[[-79.505861,43.772458],[-79.499647,43.772458],[-79.499647,43.776949],[-79.505861,43.776949],[-79.505861,43.772458]]]},"properties":{"StopCount":347}},{"type":"Feature","geometry":{"type":"Polygon","coordinates":[[[-79.499647,43.772458],[-79.493433,43.772458],[-79.493433,43.776949],[-79.499647,43.776949],[-79.499647,43.772458]]]},"properties":{"StopCount":228}},{"type":"Feature","geometry":{"type":"Polygon","coordinates":[[[-79.493433,43.772458],[-79.487219,43.772458],[-79.487219,43.776949],[-79.493433,43.776949],[-79.493433,43.772458]]]},"properties":{"StopCount":403}},{"type":"Feature","geometry":{"type":"Polygon","coordinates":[[[-79.487219,43.772458],[-79.481005,43.772458],[-79.481005,43.776949],[-79.487219,43.776949],[-79.487219,43.772458]]]},"properties":{"StopCount":149}},{"type":"Feature","geometry":{"type":"Polygon","coordinates":[[[-79.481005,43.772458],[-79.474791,43.772458],[-79.474791,43.776949],[-79.481005,43.776949],[-79.481005,43.772458]]]},"properties":{"StopCount":171}},{"type":"Feature","geometry":{"type":"Polygon","coordinates":[[[-79.474791,43.772458],[-79.468577,43.772458],[-79.468577,43.776949],[-79.474791,43.776949],[-79.474791,43.772458]]]},"properties":{"StopCount":203}},{"type":"Feature","geometry":{"type":"Polygon","coordinates":[[[-79.468577,43.772458],[-79.462363,43.772458],[-79.462363,43.776949],[-79.468577,43.776949],[-79.468577,43.772458]]]},"properties":{"StopCount":24}},{"type":"Feature","geometry":{"type":"Polygon","coordinates":[[[-79.462363,43.772458],[-79.456149,43.772458],[-79.456149,43.776949],[-79.462363,43.776949],[-79.462363,43.772458]]]},"properties":{"StopCount":71}},{"type":"Feature","geometry":{"type":"Polygon","coordinates":[[[-79.456149,43.772458],[-79.449934,43.772458],[-79.449934,43.776949],[-79.456149,43.776949],[-79.456149,43.772458]]]},"properties":{"StopCount":220}},{"type":"Feature","geometry":{"type":"Polygon","coordinates":[[[-79.449934,43.772458],[-79.44372,43.772458],[-79.44372,43.776949],[-79.449934,43.776949],[-79.449934,43.772458]]]},"properties":{"StopCount":304}},{"type":"Feature","geometry":{"type":"Polygon","coordinates":[[[-79.44372,43.772458],[-79.437506,43.772458],[-79.437506,43.776949],[-79.44372,43.776949],[-79.44372,43.772458]]]},"properties":{"StopCount":405}},{"type":"Feature","geometry":{"type":"Polygon","coordinates":[[[-79.437506,43.772458],[-79.431292,43.772458],[-79.431292,43.776949],[-79.437506,43.776949],[-79.437506,43.772458]]]},"properties":{"StopCount":87}},{"type":"Feature","geometry":{"type":"Polygon","coordinates":[[[-79.431292,43.772458],[-79.425078,43.772458],[-79.425078,43.776949],[-79.431292,43.776949],[-79.431292,43.772458]]]},"properties":{"StopCount":131}},{"type":"Feature","geometry":{"type":"Polygon","coordinates":[[[-79.425078,43.772458],[-79.418864,43.772458],[-79.418864,43.776949],[-79.425078,43.776949],[-79.425078,43.772458]]]},"properties":{"StopCount":132}},{"type":"Feature","geometry":{"type":"Polygon","coordinates":[[[-79.418864,43.772458],[-79.41265,43.772458],[-79.41265,43.776949],[-79.418864,43.776949],[-79.418864,43.772458]]]},"properties":{"StopCount":406}},{"type":"Feature","geometry":{"type":"Polygon","coordinates":[[[-79.41265,43.772458],[-79.406436,43.772458],[-79.406436,43.776949],[-79.41265,43.776949],[-79.41265,43.772458]]]},"properties":{"StopCount":191}},{"type":"Feature","geometry":{"type":"Polygon","coordinates":[[[-79.406436,43.772458],[-79.400222,43.772458],[-79.400222,43.776949],[-79.406436,43.776949],[-79.406436,43.772458]]]},"properties":{"StopCount":112}},{"type":"Feature","geometry":{"type":"Polygon","coordinates":[[[-79.400222,43.772458],[-79.394008,43.772458],[-79.394008,43.776949],[-79.400222,43.776949],[-79.400222,43.772458]]]},"properties":{"StopCount":78}},{"type":"Feature","geometry":{"type":"Polygon","coordinates":[[[-79.394008,43.772458],[-79.387794,43.772458],[-79.387794,43.776949],[-79.394008,43.776949],[-79.394008,43.772458]]]},"properties":{"StopCount":143}},{"type":"Feature","geometry":{"type":"Polygon","coordinates":[[[-79.387794,43.772458],[-79.38158,43.772458],[-79.38158,43.776949],[-79.387794,43.776949],[-79.387794,43.772458]]]},"properties":{"StopCount":82}},{"type":"Feature","geometry":{"type":"Polygon","coordinates":[[[-79.38158,43.772458],[-79.375366,43.772458],[-79.375366,43.776949],[-79.38158,43.776949],[-79.38158,43.772458]]]},"properties":{"StopCount":13}},{"type":"Feature","geometry":{"type":"Polygon","coordinates":[[[-79.375366,43.772458],[-79.369152,43.772458],[-79.369152,43.776949],[-79.375366,43.776949],[-79.375366,43.772458]]]},"properties":{"StopCount":28}},{"type":"Feature","geometry":{"type":"Polygon","coordinates":[[[-79.369152,43.772458],[-79.362938,43.772458],[-79.362938,43.776949],[-79.369152,43.776949],[-79.369152,43.772458]]]},"properties":{"StopCount":284}},{"type":"Feature","geometry":{"type":"Polygon","coordinates":[[[-79.362938,43.772458],[-79.356723,43.772458],[-79.356723,43.776949],[-79.362938,43.776949],[-79.362938,43.772458]]]},"properties":{"StopCount":132}},{"type":"Feature","geometry":{"type":"Polygon","coordinates":[[[-79.356723,43.772458],[-79.350509,43.772458],[-79.350509,43.776949],[-79.356723,43.776949],[-79.356723,43.772458]]]},"properties":{"StopCount":63}},{"type":"Feature","geometry":{"type":"Polygon","coordinates":[[[-79.350509,43.772458],[-79.344295,43.772458],[-79.344295,43.776949],[-79.350509,43.776949],[-79.350509,43.772458]]]},"properties":{"StopCount":487}},{"type":"Feature","geometry":{"type":"Polygon","coordinates":[[[-79.344295,43.772458],[-79.338081,43.772458],[-79.338081,43.776949],[-79.344295,43.776949],[-79.344295,43.772458]]]},"properties":{"StopCount":341}},{"type":"Feature","geometry":{"type":"Polygon","coordinates":[[[-79.338081,43.772458],[-79.331867,43.772458],[-79.331867,43.776949],[-79.338081,43.776949],[-79.338081,43.772458]]]},"properties":{"StopCount":468}},{"type":"Feature","geometry":{"type":"Polygon","coordinates":[[[-79.331867,43.772458],[-79.325653,43.772458],[-79.325653,43.776949],[-79.331867,43.776949],[-79.331867,43.772458]]]},"properties":{"StopCount":343}},{"type":"Feature","geometry":{"type":"Polygon","coordinates":[[[-79.325653,43.772458],[-79.319439,43.772458],[-79.319439,43.776949],[-79.325653,43.776949],[-79.325653,43.772458]]]},"properties":{"StopCount":625}},{"type":"Feature","geometry":{"type":"Polygon","coordinates":[[[-79.319439,43.772458],[-79.313225,43.772458],[-79.313225,43.776949],[-79.319439,43.776949],[-79.319439,43.772458]]]},"properties":{"StopCount":114}},{"type":"Feature","geometry":{"type":"Polygon","coordinates":[[[-79.313225,43.772458],[-79.307011,43.772458],[-79.307011,43.776949],[-79.313225,43.776949],[-79.313225,43.772458]]]},"properties":{"StopCount":133}},{"type":"Feature","geometry":{"type":"Polygon","coordinates":[[[-79.307011,43.772458],[-79.300797,43.772458],[-79.300797,43.776949],[-79.307011,43.776949],[-79.307011,43.772458]]]},"properties":{"StopCount":113}},{"type":"Feature","geometry":{"type":"Polygon","coordinates":[[[-79.300797,43.772458],[-79.294583,43.772458],[-79.294583,43.776949],[-79.300797,43.776949],[-79.300797,43.772458]]]},"properties":{"StopCount":107}},{"type":"Feature","geometry":{"type":"Polygon","coordinates":[[[-79.294583,43.772458],[-79.288369,43.772458],[-79.288369,43.776949],[-79.294583,43.776949],[-79.294583,43.772458]]]},"properties":{"StopCount":154}},{"type":"Feature","geometry":{"type":"Polygon","coordinates":[[[-79.288369,43.772458],[-79.282155,43.772458],[-79.282155,43.776949],[-79.288369,43.776949],[-79.288369,43.772458]]]},"properties":{"StopCount":645}},{"type":"Feature","geometry":{"type":"Polygon","coordinates":[[[-79.282155,43.772458],[-79.275941,43.772458],[-79.275941,43.776949],[-79.282155,43.776949],[-79.282155,43.772458]]]},"properties":{"StopCount":356}},{"type":"Feature","geometry":{"type":"Polygon","coordinates":[[[-79.275941,43.772458],[-79.269727,43.772458],[-79.269727,43.776949],[-79.275941,43.776949],[-79.275941,43.772458]]]},"properties":{"StopCount":944}},{"type":"Feature","geometry":{"type":"Polygon","coordinates":[[[-79.269727,43.772458],[-79.263513,43.772458],[-79.263513,43.776949],[-79.269727,43.776949],[-79.269727,43.772458]]]},"properties":{"StopCount":382}},{"type":"Feature","geometry":{"type":"Polygon","coordinates":[[[-79.263513,43.772458],[-79.257298,43.772458],[-79.257298,43.776949],[-79.263513,43.776949],[-79.263513,43.772458]]]},"properties":{"StopCount":411}},{"type":"Feature","geometry":{"type":"Polygon","coordinates":[[[-79.257298,43.772458],[-79.251084,43.772458],[-79.251084,43.776949],[-79.257298,43.776949],[-79.257298,43.772458]]]},"properties":{"StopCount":516}},{"type":"Feature","geometry":{"type":"Polygon","coordinates":[[[-79.251084,43.772458],[-79.24487,43.772458],[-79.24487,43.776949],[-79.251084,43.776949],[-79.251084,43.772458]]]},"properties":{"StopCount":297}},{"type":"Feature","geometry":{"type":"Polygon","coordinates":[[[-79.24487,43.772458],[-79.238656,43.772458],[-79.238656,43.776949],[-79.24487,43.776949],[-79.24487,43.772458]]]},"properties":{"StopCount":276}},{"type":"Feature","geometry":{"type":"Polygon","coordinates":[[[-79.238656,43.772458],[-79.232442,43.772458],[-79.232442,43.776949],[-79.238656,43.776949],[-79.238656,43.772458]]]},"properties":{"StopCount":388}},{"type":"Feature","geometry":{"type":"Polygon","coordinates":[[[-79.232442,43.772458],[-79.226228,43.772458],[-79.226228,43.776949],[-79.232442,43.776949],[-79.232442,43.772458]]]},"properties":{"StopCount":390}},{"type":"Feature","geometry":{"type":"Polygon","coordinates":[[[-79.226228,43.772458],[-79.220014,43.772458],[-79.220014,43.776949],[-79.226228,43.776949],[-79.226228,43.772458]]]},"properties":{"StopCount":67}},{"type":"Feature","geometry":{"type":"Polygon","coordinates":[[[-79.220014,43.772458],[-79.2138,43.772458],[-79.2138,43.776949],[-79.220014,43.776949],[-79.220014,43.772458]]]},"properties":{"StopCount":102}},{"type":"Feature","geometry":{"type":"Polygon","coordinates":[[[-79.2138,43.772458],[-79.207586,43.772458],[-79.207586,43.776949],[-79.2138,43.776949],[-79.2138,43.772458]]]},"properties":{"StopCount":78}},{"type":"Feature","geometry":{"type":"Polygon","coordinates":[[[-79.207586,43.772458],[-79.201372,43.772458],[-79.201372,43.776949],[-79.207586,43.776949],[-79.207586,43.772458]]]},"properties":{"StopCount":16}},{"type":"Feature","geometry":{"type":"Polygon","coordinates":[[[-79.201372,43.772458],[-79.195158,43.772458],[-79.195158,43.776949],[-79.201372,43.776949],[-79.201372,43.772458]]]},"properties":{"StopCount":7}},{"type":"Feature","geometry":{"type":"Polygon","coordinates":[[[-79.195158,43.772458],[-79.188944,43.772458],[-79.188944,43.776949],[-79.195158,43.776949],[-79.195158,43.772458]]]},"properties":{"StopCount":56}},{"type":"Feature","geometry":{"type":"Polygon","coordinates":[[[-79.188944,43.772458],[-79.18273,43.772458],[-79.18273,43.776949],[-79.188944,43.776949],[-79.188944,43.772458]]]},"properties":{"StopCount":149}},{"type":"Feature","geometry":{"type":"Polygon","coordinates":[[[-79.18273,43.772458],[-79.176516,43.772458],[-79.176516,43.776949],[-79.18273,43.776949],[-79.18273,43.772458]]]},"properties":{"StopCount":198}},{"type":"Feature","geometry":{"type":"Polygon","coordinates":[[[-79.176516,43.772458],[-79.170302,43.772458],[-79.170302,43.776949],[-79.176516,43.776949],[-79.176516,43.772458]]]},"properties":{"StopCount":154}},{"type":"Feature","geometry":{"type":"Polygon","coordinates":[[[-79.170302,43.772458],[-79.164087,43.772458],[-79.164087,43.776949],[-79.170302,43.776949],[-79.170302,43.772458]]]},"properties":{"StopCount":69}},{"type":"Feature","geometry":{"type":"Polygon","coordinates":[[[-79.164087,43.772458],[-79.157873,43.772458],[-79.157873,43.776949],[-79.164087,43.776949],[-79.164087,43.772458]]]},"properties":{"StopCount":75}},{"type":"Feature","geometry":{"type":"Polygon","coordinates":[[[-79.157873,43.772458],[-79.151659,43.772458],[-79.151659,43.776949],[-79.157873,43.776949],[-79.157873,43.772458]]]},"properties":{"StopCount":71}},{"type":"Feature","geometry":{"type":"Polygon","coordinates":[[[-79.151659,43.772458],[-79.145445,43.772458],[-79.145445,43.776949],[-79.151659,43.776949],[-79.151659,43.772458]]]},"properties":{"StopCount":61}},{"type":"Feature","geometry":{"type":"Polygon","coordinates":[[[-79.145445,43.772458],[-79.139231,43.772458],[-79.139231,43.776949],[-79.145445,43.776949],[-79.145445,43.772458]]]},"properties":{"StopCount":104}},{"type":"Feature","geometry":{"type":"Polygon","coordinates":[[[-79.139231,43.772458],[-79.133017,43.772458],[-79.133017,43.776949],[-79.139231,43.776949],[-79.139231,43.772458]]]},"properties":{"StopCount":91}},{"type":"Feature","geometry":{"type":"Polygon","coordinates":[[[-79.512075,43.776949],[-79.505861,43.776949],[-79.505861,43.781441],[-79.512075,43.781441],[-79.512075,43.776949]]]},"properties":{"StopCount":19}},{"type":"Feature","geometry":{"type":"Polygon","coordinates":[[[-79.505861,43.776949],[-79.499647,43.776949],[-79.499647,43.781441],[-79.505861,43.781441],[-79.505861,43.776949]]]},"properties":{"StopCount":30}},{"type":"Feature","geometry":{"type":"Polygon","coordinates":[[[-79.499647,43.776949],[-79.493433,43.776949],[-79.493433,43.781441],[-79.499647,43.781441],[-79.499647,43.776949]]]},"properties":{"StopCount":318}},{"type":"Feature","geometry":{"type":"Polygon","coordinates":[[[-79.493433,43.776949],[-79.487219,43.776949],[-79.487219,43.781441],[-79.493433,43.781441],[-79.493433,43.776949]]]},"properties":{"StopCount":257}},{"type":"Feature","geometry":{"type":"Polygon","coordinates":[[[-79.487219,43.776949],[-79.481005,43.776949],[-79.481005,43.781441],[-79.487219,43.781441],[-79.487219,43.776949]]]},"properties":{"StopCount":298}},{"type":"Feature","geometry":{"type":"Polygon","coordinates":[[[-79.481005,43.776949],[-79.474791,43.776949],[-79.474791,43.781441],[-79.481005,43.781441],[-79.481005,43.776949]]]},"properties":{"StopCount":229}},{"type":"Feature","geometry":{"type":"Polygon","coordinates":[[[-79.474791,43.776949],[-79.468577,43.776949],[-79.468577,43.781441],[-79.474791,43.781441],[-79.474791,43.776949]]]},"properties":{"StopCount":372}},{"type":"Feature","geometry":{"type":"Polygon","coordinates":[[[-79.468577,43.776949],[-79.462363,43.776949],[-79.462363,43.781441],[-79.468577,43.781441],[-79.468577,43.776949]]]},"properties":{"StopCount":130}},{"type":"Feature","geometry":{"type":"Polygon","coordinates":[[[-79.462363,43.776949],[-79.456149,43.776949],[-79.456149,43.781441],[-79.462363,43.781441],[-79.462363,43.776949]]]},"properties":{"StopCount":42}},{"type":"Feature","geometry":{"type":"Polygon","coordinates":[[[-79.456149,43.776949],[-79.449934,43.776949],[-79.449934,43.781441],[-79.456149,43.781441],[-79.456149,43.776949]]]},"properties":{"StopCount":158}},{"type":"Feature","geometry":{"type":"Polygon","coordinates":[[[-79.449934,43.776949],[-79.44372,43.776949],[-79.44372,43.781441],[-79.449934,43.781441],[-79.449934,43.776949]]]},"properties":{"StopCount":290}},{"type":"Feature","geometry":{"type":"Polygon","coordinates":[[[-79.44372,43.776949],[-79.437506,43.776949],[-79.437506,43.781441],[-79.44372,43.781441],[-79.44372,43.776949]]]},"properties":{"StopCount":40}},{"type":"Feature","geometry":{"type":"Polygon","coordinates":[[[-79.437506,43.776949],[-79.431292,43.776949],[-79.431292,43.781441],[-79.437506,43.781441],[-79.437506,43.776949]]]},"properties":{"StopCount":67}},{"type":"Feature","geometry":{"type":"Polygon","coordinates":[[[-79.431292,43.776949],[-79.425078,43.776949],[-79.425078,43.781441],[-79.431292,43.781441],[-79.431292,43.776949]]]},"properties":{"StopCount":145}},{"type":"Feature","geometry":{"type":"Polygon","coordinates":[[[-79.425078,43.776949],[-79.418864,43.776949],[-79.418864,43.781441],[-79.425078,43.781441],[-79.425078,43.776949]]]},"properties":{"StopCount":243}},{"type":"Feature","geometry":{"type":"Polygon","coordinates":[[[-79.418864,43.776949],[-79.41265,43.776949],[-79.41265,43.781441],[-79.418864,43.781441],[-79.418864,43.776949]]]},"properties":{"StopCount":718}},{"type":"Feature","geometry":{"type":"Polygon","coordinates":[[[-79.41265,43.776949],[-79.406436,43.776949],[-79.406436,43.781441],[-79.41265,43.781441],[-79.41265,43.776949]]]},"properties":{"StopCount":131}},{"type":"Feature","geometry":{"type":"Polygon","coordinates":[[[-79.406436,43.776949],[-79.400222,43.776949],[-79.400222,43.781441],[-79.406436,43.781441],[-79.406436,43.776949]]]},"properties":{"StopCount":135}},{"type":"Feature","geometry":{"type":"Polygon","coordinates":[[[-79.400222,43.776949],[-79.394008,43.776949],[-79.394008,43.781441],[-79.400222,43.781441],[-79.400222,43.776949]]]},"properties":{"StopCount":148}},{"type":"Feature","geometry":{"type":"Polygon","coordinates":[[[-79.394008,43.776949],[-79.387794,43.776949],[-79.387794,43.781441],[-79.394008,43.781441],[-79.394008,43.776949]]]},"properties":{"StopCount":107}},{"type":"Feature","geometry":{"type":"Polygon","coordinates":[[[-79.387794,43.776949],[-79.38158,43.776949],[-79.38158,43.781441],[-79.387794,43.781441],[-79.387794,43.776949]]]},"properties":{"StopCount":67}},{"type":"Feature","geometry":{"type":"Polygon","coordinates":[[[-79.38158,43.776949],[-79.375366,43.776949],[-79.375366,43.781441],[-79.38158,43.781441],[-79.38158,43.776949]]]},"properties":{"StopCount":94}},{"type":"Feature","geometry":{"type":"Polygon","coordinates":[[[-79.375366,43.776949],[-79.369152,43.776949],[-79.369152,43.781441],[-79.375366,43.781441],[-79.375366,43.776949]]]},"properties":{"StopCount":42}},{"type":"Feature","geometry":{"type":"Polygon","coordinates":[[[-79.369152,43.776949],[-79.362938,43.776949],[-79.362938,43.781441],[-79.369152,43.781441],[-79.369152,43.776949]]]},"properties":{"StopCount":234}},{"type":"Feature","geometry":{"type":"Polygon","coordinates":[[[-79.362938,43.776949],[-79.356723,43.776949],[-79.356723,43.781441],[-79.362938,43.781441],[-79.362938,43.776949]]]},"properties":{"StopCount":63}},{"type":"Feature","geometry":{"type":"Polygon","coordinates":[[[-79.356723,43.776949],[-79.350509,43.776949],[-79.350509,43.781441],[-79.356723,43.781441],[-79.356723,43.776949]]]},"properties":{"StopCount":173}},{"type":"Feature","geometry":{"type":"Polygon","coordinates":[[[-79.350509,43.776949],[-79.344295,43.776949],[-79.344295,43.781441],[-79.350509,43.781441],[-79.350509,43.776949]]]},"properties":{"StopCount":420}},{"type":"Feature","geometry":{"type":"Polygon","coordinates":[[[-79.344295,43.776949],[-79.338081,43.776949],[-79.338081,43.781441],[-79.344295,43.781441],[-79.344295,43.776949]]]},"properties":{"StopCount":303}},{"type":"Feature","geometry":{"type":"Polygon","coordinates":[[[-79.338081,43.776949],[-79.331867,43.776949],[-79.331867,43.781441],[-79.338081,43.781441],[-79.338081,43.776949]]]},"properties":{"StopCount":71}},{"type":"Feature","geometry":{"type":"Polygon","coordinates":[[[-79.331867,43.776949],[-79.325653,43.776949],[-79.325653,43.781441],[-79.331867,43.781441],[-79.331867,43.776949]]]},"properties":{"StopCount":77}},{"type":"Feature","geometry":{"type":"Polygon","coordinates":[[[-79.325653,43.776949],[-79.319439,43.776949],[-79.319439,43.781441],[-79.325653,43.781441],[-79.325653,43.776949]]]},"properties":{"StopCount":127}},{"type":"Feature","geometry":{"type":"Polygon","coordinates":[[[-79.319439,43.776949],[-79.313225,43.776949],[-79.313225,43.781441],[-79.319439,43.781441],[-79.319439,43.776949]]]},"properties":{"StopCount":136}},{"type":"Feature","geometry":{"type":"Polygon","coordinates":[[[-79.313225,43.776949],[-79.307011,43.776949],[-79.307011,43.781441],[-79.313225,43.781441],[-79.313225,43.776949]]]},"properties":{"StopCount":419}},{"type":"Feature","geometry":{"type":"Polygon","coordinates":[[[-79.307011,43.776949],[-79.300797,43.776949],[-79.300797,43.781441],[-79.307011,43.781441],[-79.307011,43.776949]]]},"properties":{"StopCount":232}},{"type":"Feature","geometry":{"type":"Polygon","coordinates":[[[-79.300797,43.776949],[-79.294583,43.776949],[-79.294583,43.781441],[-79.300797,43.781441],[-79.300797,43.776949]]]},"properties":{"StopCount":352}},{"type":"Feature","geometry":{"type":"Polygon","coordinates":[[[-79.294583,43.776949],[-79.288369,43.776949],[-79.288369,43.781441],[-79.294583,43.781441],[-79.294583,43.776949]]]},"properties":{"StopCount":88}},{"type":"Feature","geometry":{"type":"Polygon","coordinates":[[[-79.288369,43.776949],[-79.282155,43.776949],[-79.282155,43.781441],[-79.288369,43.781441],[-79.288369,43.776949]]]},"properties":{"StopCount":200}},{"type":"Feature","geometry":{"type":"Polygon","coordinates":[[[-79.282155,43.776949],[-79.275941,43.776949],[-79.275941,43.781441],[-79.282155,43.781441],[-79.282155,43.776949]]]},"properties":{"StopCount":144}},{"type":"Feature","geometry":{"type":"Polygon","coordinates":[[[-79.275941,43.776949],[-79.269727,43.776949],[-79.269727,43.781441],[-79.275941,43.781441],[-79.275941,43.776949]]]},"properties":{"StopCount":103}},{"type":"Feature","geometry":{"type":"Polygon","coordinates":[[[-79.269727,43.776949],[-79.263513,43.776949],[-79.263513,43.781441],[-79.269727,43.781441],[-79.269727,43.776949]]]},"properties":{"StopCount":41}},{"type":"Feature","geometry":{"type":"Polygon","coordinates":[[[-79.263513,43.776949],[-79.257298,43.776949],[-79.257298,43.781441],[-79.263513,43.781441],[-79.263513,43.776949]]]},"properties":{"StopCount":371}},{"type":"Feature","geometry":{"type":"Polygon","coordinates":[[[-79.257298,43.776949],[-79.251084,43.776949],[-79.251084,43.781441],[-79.257298,43.781441],[-79.257298,43.776949]]]},"properties":{"StopCount":657}},{"type":"Feature","geometry":{"type":"Polygon","coordinates":[[[-79.251084,43.776949],[-79.24487,43.776949],[-79.24487,43.781441],[-79.251084,43.781441],[-79.251084,43.776949]]]},"properties":{"StopCount":200}},{"type":"Feature","geometry":{"type":"Polygon","coordinates":[[[-79.24487,43.776949],[-79.238656,43.776949],[-79.238656,43.781441],[-79.24487,43.781441],[-79.24487,43.776949]]]},"properties":{"StopCount":296}},{"type":"Feature","geometry":{"type":"Polygon","coordinates":[[[-79.238656,43.776949],[-79.232442,43.776949],[-79.232442,43.781441],[-79.238656,43.781441],[-79.238656,43.776949]]]},"properties":{"StopCount":398}},{"type":"Feature","geometry":{"type":"Polygon","coordinates":[[[-79.232442,43.776949],[-79.226228,43.776949],[-79.226228,43.781441],[-79.232442,43.781441],[-79.232442,43.776949]]]},"properties":{"StopCount":241}},{"type":"Feature","geometry":{"type":"Polygon","coordinates":[[[-79.226228,43.776949],[-79.220014,43.776949],[-79.220014,43.781441],[-79.226228,43.781441],[-79.226228,43.776949]]]},"properties":{"StopCount":48}},{"type":"Feature","geometry":{"type":"Polygon","coordinates":[[[-79.220014,43.776949],[-79.2138,43.776949],[-79.2138,43.781441],[-79.220014,43.781441],[-79.220014,43.776949]]]},"properties":{"StopCount":34}},{"type":"Feature","geometry":{"type":"Polygon","coordinates":[[[-79.2138,43.776949],[-79.207586,43.776949],[-79.207586,43.781441],[-79.2138,43.781441],[-79.2138,43.776949]]]},"properties":{"StopCount":36}},{"type":"Feature","geometry":{"type":"Polygon","coordinates":[[[-79.207586,43.776949],[-79.201372,43.776949],[-79.201372,43.781441],[-79.207586,43.781441],[-79.207586,43.776949]]]},"properties":{"StopCount":105}},{"type":"Feature","geometry":{"type":"Polygon","coordinates":[[[-79.201372,43.776949],[-79.195158,43.776949],[-79.195158,43.781441],[-79.201372,43.781441],[-79.201372,43.776949]]]},"properties":{"StopCount":17}},{"type":"Feature","geometry":{"type":"Polygon","coordinates":[[[-79.195158,43.776949],[-79.188944,43.776949],[-79.188944,43.781441],[-79.195158,43.781441],[-79.195158,43.776949]]]},"properties":{"StopCount":96}},{"type":"Feature","geometry":{"type":"Polygon","coordinates":[[[-79.188944,43.776949],[-79.18273,43.776949],[-79.18273,43.781441],[-79.188944,43.781441],[-79.188944,43.776949]]]},"properties":{"StopCount":2}},{"type":"Feature","geometry":{"type":"Polygon","coordinates":[[[-79.18273,43.776949],[-79.176516,43.776949],[-79.176516,43.781441],[-79.18273,43.781441],[-79.18273,43.776949]]]},"properties":{"StopCount":25}},{"type":"Feature","geometry":{"type":"Polygon","coordinates":[[[-79.176516,43.776949],[-79.170302,43.776949],[-79.170302,43.781441],[-79.176516,43.781441],[-79.176516,43.776949]]]},"properties":{"StopCount":45}},{"type":"Feature","geometry":{"type":"Polygon","coordinates":[[[-79.170302,43.776949],[-79.164087,43.776949],[-79.164087,43.781441],[-79.170302,43.781441],[-79.170302,43.776949]]]},"properties":{"StopCount":36}},{"type":"Feature","geometry":{"type":"Polygon","coordinates":[[[-79.164087,43.776949],[-79.157873,43.776949],[-79.157873,43.781441],[-79.164087,43.781441],[-79.164087,43.776949]]]},"properties":{"StopCount":79}},{"type":"Feature","geometry":{"type":"Polygon","coordinates":[[[-79.157873,43.776949],[-79.151659,43.776949],[-79.151659,43.781441],[-79.157873,43.781441],[-79.157873,43.776949]]]},"properties":{"StopCount":71}},{"type":"Feature","geometry":{"type":"Polygon","coordinates":[[[-79.151659,43.776949],[-79.145445,43.776949],[-79.145445,43.781441],[-79.151659,43.781441],[-79.151659,43.776949]]]},"properties":{"StopCount":71}},{"type":"Feature","geometry":{"type":"Polygon","coordinates":[[[-79.145445,43.776949],[-79.139231,43.776949],[-79.139231,43.781441],[-79.145445,43.781441],[-79.145445,43.776949]]]},"properties":{"StopCount":98}},{"type":"Feature","geometry":{"type":"Polygon","coordinates":[[[-79.139231,43.776949],[-79.133017,43.776949],[-79.133017,43.781441],[-79.139231,43.781441],[-79.139231,43.776949]]]},"properties":{"StopCount":203}},{"type":"Feature","geometry":{"type":"Polygon","coordinates":[[[-79.133017,43.776949],[-79.126803,43.776949],[-79.126803,43.781441],[-79.133017,43.781441],[-79.133017,43.776949]]]},"properties":{"StopCount":66}},{"type":"Feature","geometry":{"type":"Polygon","coordinates":[[[-79.493433,43.781441],[-79.487219,43.781441],[-79.487219,43.785932],[-79.493433,43.785932],[-79.493433,43.781441]]]},"properties":{"StopCount":119}},{"type":"Feature","geometry":{"type":"Polygon","coordinates":[[[-79.487219,43.781441],[-79.481005,43.781441],[-79.481005,43.785932],[-79.487219,43.785932],[-79.487219,43.781441]]]},"properties":{"StopCount":50}},{"type":"Feature","geometry":{"type":"Polygon","coordinates":[[[-79.481005,43.781441],[-79.474791,43.781441],[-79.474791,43.785932],[-79.481005,43.785932],[-79.481005,43.781441]]]},"properties":{"StopCount":453}},{"type":"Feature","geometry":{"type":"Polygon","coordinates":[[[-79.474791,43.781441],[-79.468577,43.781441],[-79.468577,43.785932],[-79.474791,43.785932],[-79.474791,43.781441]]]},"properties":{"StopCount":421}},{"type":"Feature","geometry":{"type":"Polygon","coordinates":[[[-79.468577,43.781441],[-79.462363,43.781441],[-79.462363,43.785932],[-79.468577,43.785932],[-79.468577,43.781441]]]},"properties":{"StopCount":176}},{"type":"Feature","geometry":{"type":"Polygon","coordinates":[[[-79.462363,43.781441],[-79.456149,43.781441],[-79.456149,43.785932],[-79.462363,43.785932],[-79.462363,43.781441]]]},"properties":{"StopCount":173}},{"type":"Feature","geometry":{"type":"Polygon","coordinates":[[[-79.456149,43.781441],[-79.449934,43.781441],[-79.449934,43.785932],[-79.456149,43.785932],[-79.456149,43.781441]]]},"properties":{"StopCount":158}},{"type":"Feature","geometry":{"type":"Polygon","coordinates":[[[-79.449934,43.781441],[-79.44372,43.781441],[-79.44372,43.785932],[-79.449934,43.785932],[-79.449934,43.781441]]]},"properties":{"StopCount":384}},{"type":"Feature","geometry":{"type":"Polygon","coordinates":[[[-79.44372,43.781441],[-79.437506,43.781441],[-79.437506,43.785932],[-79.44372,43.785932],[-79.44372,43.781441]]]},"properties":{"StopCount":164}},{"type":"Feature","geometry":{"type":"Polygon","coordinates":[[[-79.437506,43.781441],[-79.431292,43.781441],[-79.431292,43.785932],[-79.437506,43.785932],[-79.437506,43.781441]]]},"properties":{"StopCount":105}},{"type":"Feature","geometry":{"type":"Polygon","coordinates":[[[-79.431292,43.781441],[-79.425078,43.781441],[-79.425078,43.785932],[-79.431292,43.785932],[-79.431292,43.781441]]]},"properties":{"StopCount":97}},{"type":"Feature","geometry":{"type":"Polygon","coordinates":[[[-79.425078,43.781441],[-79.418864,43.781441],[-79.418864,43.785932],[-79.425078,43.785932],[-79.425078,43.781441]]]},"properties":{"StopCount":211}},{"type":"Feature","geometry":{"type":"Polygon","coordinates":[[[-79.418864,43.781441],[-79.41265,43.781441],[-79.41265,43.785932],[-79.418864,43.785932],[-79.418864,43.781441]]]},"properties":{"StopCount":529}},{"type":"Feature","geometry":{"type":"Polygon","coordinates":[[[-79.41265,43.781441],[-79.406436,43.781441],[-79.406436,43.785932],[-79.41265,43.785932],[-79.41265,43.781441]]]},"properties":{"StopCount":138}},{"type":"Feature","geometry":{"type":"Polygon","coordinates":[[[-79.406436,43.781441],[-79.400222,43.781441],[-79.400222,43.785932],[-79.406436,43.785932],[-79.406436,43.781441]]]},"properties":{"StopCount":50}},{"type":"Feature","geometry":{"type":"Polygon","coordinates":[[[-79.400222,43.781441],[-79.394008,43.781441],[-79.394008,43.785932],[-79.400222,43.785932],[-79.400222,43.781441]]]},"properties":{"StopCount":108}},{"type":"Feature","geometry":{"type":"Polygon","coordinates":[[[-79.394008,43.781441],[-79.387794,43.781441],[-79.387794,43.785932],[-79.394008,43.785932],[-79.394008,43.781441]]]},"properties":{"StopCount":166}},{"type":"Feature","geometry":{"type":"Polygon","coordinates":[[[-79.387794,43.781441],[-79.38158,43.781441],[-79.38158,43.785932],[-79.387794,43.785932],[-79.387794,43.781441]]]},"properties":{"StopCount":42}},{"type":"Feature","geometry":{"type":"Polygon","coordinates":[[[-79.38158,43.781441],[-79.375366,43.781441],[-79.375366,43.785932],[-79.38158,43.785932],[-79.38158,43.781441]]]},"properties":{"StopCount":22}},{"type":"Feature","geometry":{"type":"Polygon","coordinates":[[[-79.375366,43.781441],[-79.369152,43.781441],[-79.369152,43.785932],[-79.375366,43.785932],[-79.375366,43.781441]]]},"properties":{"StopCount":73}},{"type":"Feature","geometry":{"type":"Polygon","coordinates":[[[-79.369152,43.781441],[-79.362938,43.781441],[-79.362938,43.785932],[-79.369152,43.785932],[-79.369152,43.781441]]]},"properties":{"StopCount":59}},{"type":"Feature","geometry":{"type":"Polygon","coordinates":[[[-79.362938,43.781441],[-79.356723,43.781441],[-79.356723,43.785932],[-79.362938,43.785932],[-79.362938,43.781441]]]},"properties":{"StopCount":52}},{"type":"Feature","geometry":{"type":"Polygon","coordinates":[[[-79.356723,43.781441],[-79.350509,43.781441],[-79.350509,43.785932],[-79.356723,43.785932],[-79.356723,43.781441]]]},"properties":{"StopCount":223}},{"type":"Feature","geometry":{"type":"Polygon","coordinates":[[[-79.350509,43.781441],[-79.344295,43.781441],[-79.344295,43.785932],[-79.350509,43.785932],[-79.350509,43.781441]]]},"properties":{"StopCount":122}},{"type":"Feature","geometry":{"type":"Polygon","coordinates":[[[-79.344295,43.781441],[-79.338081,43.781441],[-79.338081,43.785932],[-79.344295,43.785932],[-79.344295,43.781441]]]},"properties":{"StopCount":93}},{"type":"Feature","geometry":{"type":"Polygon","coordinates":[[[-79.338081,43.781441],[-79.331867,43.781441],[-79.331867,43.785932],[-79.338081,43.785932],[-79.338081,43.781441]]]},"properties":{"StopCount":75}},{"type":"Feature","geometry":{"type":"Polygon","coordinates":[[[-79.331867,43.781441],[-79.325653,43.781441],[-79.325653,43.785932],[-79.331867,43.785932],[-79.331867,43.781441]]]},"properties":{"StopCount":110}},{"type":"Feature","geometry":{"type":"Polygon","coordinates":[[[-79.325653,43.781441],[-79.319439,43.781441],[-79.319439,43.785932],[-79.325653,43.785932],[-79.325653,43.781441]]]},"properties":{"StopCount":124}},{"type":"Feature","geometry":{"type":"Polygon","coordinates":[[[-79.319439,43.781441],[-79.313225,43.781441],[-79.313225,43.785932],[-79.319439,43.785932],[-79.319439,43.781441]]]},"properties":{"StopCount":135}},{"type":"Feature","geometry":{"type":"Polygon","coordinates":[[[-79.313225,43.781441],[-79.307011,43.781441],[-79.307011,43.785932],[-79.313225,43.785932],[-79.313225,43.781441]]]},"properties":{"StopCount":227}},{"type":"Feature","geometry":{"type":"Polygon","coordinates":[[[-79.307011,43.781441],[-79.300797,43.781441],[-79.300797,43.785932],[-79.307011,43.785932],[-79.307011,43.781441]]]},"properties":{"StopCount":93}},{"type":"Feature","geometry":{"type":"Polygon","coordinates":[[[-79.300797,43.781441],[-79.294583,43.781441],[-79.294583,43.785932],[-79.300797,43.785932],[-79.300797,43.781441]]]},"properties":{"StopCount":183}},{"type":"Feature","geometry":{"type":"Polygon","coordinates":[[[-79.294583,43.781441],[-79.288369,43.781441],[-79.288369,43.785932],[-79.294583,43.785932],[-79.294583,43.781441]]]},"properties":{"StopCount":674}},{"type":"Feature","geometry":{"type":"Polygon","coordinates":[[[-79.288369,43.781441],[-79.282155,43.781441],[-79.282155,43.785932],[-79.288369,43.785932],[-79.288369,43.781441]]]},"properties":{"StopCount":218}},{"type":"Feature","geometry":{"type":"Polygon","coordinates":[[[-79.282155,43.781441],[-79.275941,43.781441],[-79.275941,43.785932],[-79.282155,43.785932],[-79.282155,43.781441]]]},"properties":{"StopCount":248}},{"type":"Feature","geometry":{"type":"Polygon","coordinates":[[[-79.275941,43.781441],[-79.269727,43.781441],[-79.269727,43.785932],[-79.275941,43.785932],[-79.275941,43.781441]]]},"properties":{"StopCount":178}},{"type":"Feature","geometry":{"type":"Polygon","coordinates":[[[-79.269727,43.781441],[-79.263513,43.781441],[-79.263513,43.785932],[-79.269727,43.785932],[-79.269727,43.781441]]]},"properties":{"StopCount":79}},{"type":"Feature","geometry":{"type":"Polygon","coordinates":[[[-79.263513,43.781441],[-79.257298,43.781441],[-79.257298,43.785932],[-79.263513,43.785932],[-79.263513,43.781441]]]},"properties":{"StopCount":44}},{"type":"Feature","geometry":{"type":"Polygon","coordinates":[[[-79.257298,43.781441],[-79.251084,43.781441],[-79.251084,43.785932],[-79.257298,43.785932],[-79.257298,43.781441]]]},"properties":{"StopCount":609}},{"type":"Feature","geometry":{"type":"Polygon","coordinates":[[[-79.251084,43.781441],[-79.24487,43.781441],[-79.24487,43.785932],[-79.251084,43.785932],[-79.251084,43.781441]]]},"properties":{"StopCount":353}},{"type":"Feature","geometry":{"type":"Polygon","coordinates":[[[-79.24487,43.781441],[-79.238656,43.781441],[-79.238656,43.785932],[-79.24487,43.785932],[-79.24487,43.781441]]]},"properties":{"StopCount":87}},{"type":"Feature","geometry":{"type":"Polygon","coordinates":[[[-79.238656,43.781441],[-79.232442,43.781441],[-79.232442,43.785932],[-79.238656,43.785932],[-79.238656,43.781441]]]},"properties":{"StopCount":235}},{"type":"Feature","geometry":{"type":"Polygon","coordinates":[[[-79.232442,43.781441],[-79.226228,43.781441],[-79.226228,43.785932],[-79.232442,43.785932],[-79.232442,43.781441]]]},"properties":{"StopCount":339}},{"type":"Feature","geometry":{"type":"Polygon","coordinates":[[[-79.226228,43.781441],[-79.220014,43.781441],[-79.220014,43.785932],[-79.226228,43.785932],[-79.226228,43.781441]]]},"properties":{"StopCount":24}},{"type":"Feature","geometry":{"type":"Polygon","coordinates":[[[-79.220014,43.781441],[-79.2138,43.781441],[-79.2138,43.785932],[-79.220014,43.785932],[-79.220014,43.781441]]]},"properties":{"StopCount":46}},{"type":"Feature","geometry":{"type":"Polygon","coordinates":[[[-79.2138,43.781441],[-79.207586,43.781441],[-79.207586,43.785932],[-79.2138,43.785932],[-79.2138,43.781441]]]},"properties":{"StopCount":72}},{"type":"Feature","geometry":{"type":"Polygon","coordinates":[[[-79.207586,43.781441],[-79.201372,43.781441],[-79.201372,43.785932],[-79.207586,43.785932],[-79.207586,43.781441]]]},"properties":{"StopCount":392}},{"type":"Feature","geometry":{"type":"Polygon","coordinates":[[[-79.201372,43.781441],[-79.195158,43.781441],[-79.195158,43.785932],[-79.201372,43.785932],[-79.201372,43.781441]]]},"properties":{"StopCount":3}},{"type":"Feature","geometry":{"type":"Polygon","coordinates":[[[-79.195158,43.781441],[-79.188944,43.781441],[-79.188944,43.785932],[-79.195158,43.785932],[-79.195158,43.781441]]]},"properties":{"StopCount":102}},{"type":"Feature","geometry":{"type":"Polygon","coordinates":[[[-79.188944,43.781441],[-79.18273,43.781441],[-79.18273,43.785932],[-79.188944,43.785932],[-79.188944,43.781441]]]},"properties":{"StopCount":106}},{"type":"Feature","geometry":{"type":"Polygon","coordinates":[[[-79.18273,43.781441],[-79.176516,43.781441],[-79.176516,43.785932],[-79.18273,43.785932],[-79.18273,43.781441]]]},"properties":{"StopCount":87}},{"type":"Feature","geometry":{"type":"Polygon","coordinates":[[[-79.176516,43.781441],[-79.170302,43.781441],[-79.170302,43.785932],[-79.176516,43.785932],[-79.176516,43.781441]]]},"properties":{"StopCount":109}},{"type":"Feature","geometry":{"type":"Polygon","coordinates":[[[-79.170302,43.781441],[-79.164087,43.781441],[-79.164087,43.785932],[-79.170302,43.785932],[-79.170302,43.781441]]]},"properties":{"StopCount":165}},{"type":"Feature","geometry":{"type":"Polygon","coordinates":[[[-79.164087,43.781441],[-79.157873,43.781441],[-79.157873,43.785932],[-79.164087,43.785932],[-79.164087,43.781441]]]},"properties":{"StopCount":83}},{"type":"Feature","geometry":{"type":"Polygon","coordinates":[[[-79.157873,43.781441],[-79.151659,43.781441],[-79.151659,43.785932],[-79.157873,43.785932],[-79.157873,43.781441]]]},"properties":{"StopCount":88}},{"type":"Feature","geometry":{"type":"Polygon","coordinates":[[[-79.151659,43.781441],[-79.145445,43.781441],[-79.145445,43.785932],[-79.151659,43.785932],[-79.151659,43.781441]]]},"properties":{"StopCount":56}},{"type":"Feature","geometry":{"type":"Polygon","coordinates":[[[-79.145445,43.781441],[-79.139231,43.781441],[-79.139231,43.785932],[-79.145445,43.785932],[-79.145445,43.781441]]]},"properties":{"StopCount":112}},{"type":"Feature","geometry":{"type":"Polygon","coordinates":[[[-79.139231,43.781441],[-79.133017,43.781441],[-79.133017,43.785932],[-79.139231,43.785932],[-79.139231,43.781441]]]},"properties":{"StopCount":72}},{"type":"Feature","geometry":{"type":"Polygon","coordinates":[[[-79.133017,43.781441],[-79.126803,43.781441],[-79.126803,43.785932],[-79.133017,43.785932],[-79.133017,43.781441]]]},"properties":{"StopCount":78}},{"type":"Feature","geometry":{"type":"Polygon","coordinates":[[[-79.474791,43.785932],[-79.468577,43.785932],[-79.468577,43.790424],[-79.474791,43.790424],[-79.474791,43.785932]]]},"properties":{"StopCount":250}},{"type":"Feature","geometry":{"type":"Polygon","coordinates":[[[-79.468577,43.785932],[-79.462363,43.785932],[-79.462363,43.790424],[-79.468577,43.790424],[-79.468577,43.785932]]]},"properties":{"StopCount":209}},{"type":"Feature","geometry":{"type":"Polygon","coordinates":[[[-79.462363,43.785932],[-79.456149,43.785932],[-79.456149,43.790424],[-79.462363,43.790424],[-79.462363,43.785932]]]},"properties":{"StopCount":175}},{"type":"Feature","geometry":{"type":"Polygon","coordinates":[[[-79.456149,43.785932],[-79.449934,43.785932],[-79.449934,43.790424],[-79.456149,43.790424],[-79.456149,43.785932]]]},"properties":{"StopCount":145}},{"type":"Feature","geometry":{"type":"Polygon","coordinates":[[[-79.449934,43.785932],[-79.44372,43.785932],[-79.44372,43.790424],[-79.449934,43.790424],[-79.449934,43.785932]]]},"properties":{"StopCount":333}},{"type":"Feature","geometry":{"type":"Polygon","coordinates":[[[-79.44372,43.785932],[-79.437506,43.785932],[-79.437506,43.790424],[-79.44372,43.790424],[-79.44372,43.785932]]]},"properties":{"StopCount":161}},{"type":"Feature","geometry":{"type":"Polygon","coordinates":[[[-79.437506,43.785932],[-79.431292,43.785932],[-79.431292,43.790424],[-79.437506,43.790424],[-79.437506,43.785932]]]},"properties":{"StopCount":190}},{"type":"Feature","geometry":{"type":"Polygon","coordinates":[[[-79.431292,43.785932],[-79.425078,43.785932],[-79.425078,43.790424],[-79.431292,43.790424],[-79.431292,43.785932]]]},"properties":{"StopCount":192}},{"type":"Feature","geometry":{"type":"Polygon","coordinates":[[[-79.425078,43.785932],[-79.418864,43.785932],[-79.418864,43.790424],[-79.425078,43.790424],[-79.425078,43.785932]]]},"properties":{"StopCount":173}},{"type":"Feature","geometry":{"type":"Polygon","coordinates":[[[-79.418864,43.785932],[-79.41265,43.785932],[-79.41265,43.790424],[-79.418864,43.790424],[-79.418864,43.785932]]]},"properties":{"StopCount":323}},{"type":"Feature","geometry":{"type":"Polygon","coordinates":[[[-79.41265,43.785932],[-79.406436,43.785932],[-79.406436,43.790424],[-79.41265,43.790424],[-79.41265,43.785932]]]},"properties":{"StopCount":131}},{"type":"Feature","geometry":{"type":"Polygon","coordinates":[[[-79.406436,43.785932],[-79.400222,43.785932],[-79.400222,43.790424],[-79.406436,43.790424],[-79.406436,43.785932]]]},"properties":{"StopCount":102}},{"type":"Feature","geometry":{"type":"Polygon","coordinates":[[[-79.400222,43.785932],[-79.394008,43.785932],[-79.394008,43.790424],[-79.400222,43.790424],[-79.400222,43.785932]]]},"properties":{"StopCount":17}},{"type":"Feature","geometry":{"type":"Polygon","coordinates":[[[-79.394008,43.785932],[-79.387794,43.785932],[-79.387794,43.790424],[-79.394008,43.790424],[-79.394008,43.785932]]]},"properties":{"StopCount":84}},{"type":"Feature","geometry":{"type":"Polygon","coordinates":[[[-79.387794,43.785932],[-79.38158,43.785932],[-79.38158,43.790424],[-79.387794,43.790424],[-79.387794,43.785932]]]},"properties":{"StopCount":57}},{"type":"Feature","geometry":{"type":"Polygon","coordinates":[[[-79.38158,43.785932],[-79.375366,43.785932],[-79.375366,43.790424],[-79.38158,43.790424],[-79.38158,43.785932]]]},"properties":{"StopCount":30}},{"type":"Feature","geometry":{"type":"Polygon","coordinates":[[[-79.375366,43.785932],[-79.369152,43.785932],[-79.369152,43.790424],[-79.375366,43.790424],[-79.375366,43.785932]]]},"properties":{"StopCount":42}},{"type":"Feature","geometry":{"type":"Polygon","coordinates":[[[-79.369152,43.785932],[-79.362938,43.785932],[-79.362938,43.790424],[-79.369152,43.790424],[-79.369152,43.785932]]]},"properties":{"StopCount":68}},{"type":"Feature","geometry":{"type":"Polygon","coordinates":[[[-79.362938,43.785932],[-79.356723,43.785932],[-79.356723,43.790424],[-79.362938,43.790424],[-79.362938,43.785932]]]},"properties":{"StopCount":100}},{"type":"Feature","geometry":{"type":"Polygon","coordinates":[[[-79.356723,43.785932],[-79.350509,43.785932],[-79.350509,43.790424],[-79.356723,43.790424],[-79.356723,43.785932]]]},"properties":{"StopCount":220}},{"type":"Feature","geometry":{"type":"Polygon","coordinates":[[[-79.350509,43.785932],[-79.344295,43.785932],[-79.344295,43.790424],[-79.350509,43.790424],[-79.350509,43.785932]]]},"properties":{"StopCount":73}},{"type":"Feature","geometry":{"type":"Polygon","coordinates":[[[-79.344295,43.785932],[-79.338081,43.785932],[-79.338081,43.790424],[-79.344295,43.790424],[-79.344295,43.785932]]]},"properties":{"StopCount":109}},{"type":"Feature","geometry":{"type":"Polygon","coordinates":[[[-79.338081,43.785932],[-79.331867,43.785932],[-79.331867,43.790424],[-79.338081,43.790424],[-79.338081,43.785932]]]},"properties":{"StopCount":133}},{"type":"Feature","geometry":{"type":"Polygon","coordinates":[[[-79.331867,43.785932],[-79.325653,43.785932],[-79.325653,43.790424],[-79.331867,43.790424],[-79.331867,43.785932]]]},"properties":{"StopCount":179}},{"type":"Feature","geometry":{"type":"Polygon","coordinates":[[[-79.325653,43.785932],[-79.319439,43.785932],[-79.319439,43.790424],[-79.325653,43.790424],[-79.325653,43.785932]]]},"properties":{"StopCount":98}},{"type":"Feature","geometry":{"type":"Polygon","coordinates":[[[-79.319439,43.785932],[-79.313225,43.785932],[-79.313225,43.790424],[-79.319439,43.790424],[-79.319439,43.785932]]]},"properties":{"StopCount":112}},{"type":"Feature","geometry":{"type":"Polygon","coordinates":[[[-79.313225,43.785932],[-79.307011,43.785932],[-79.307011,43.790424],[-79.313225,43.790424],[-79.313225,43.785932]]]},"properties":{"StopCount":100}},{"type":"Feature","geometry":{"type":"Polygon","coordinates":[[[-79.307011,43.785932],[-79.300797,43.785932],[-79.300797,43.790424],[-79.307011,43.790424],[-79.307011,43.785932]]]},"properties":{"StopCount":187}},{"type":"Feature","geometry":{"type":"Polygon","coordinates":[[[-79.300797,43.785932],[-79.294583,43.785932],[-79.294583,43.790424],[-79.300797,43.790424],[-79.300797,43.785932]]]},"properties":{"StopCount":87}},{"type":"Feature","geometry":{"type":"Polygon","coordinates":[[[-79.294583,43.785932],[-79.288369,43.785932],[-79.288369,43.790424],[-79.294583,43.790424],[-79.294583,43.785932]]]},"properties":{"StopCount":88}},{"type":"Feature","geometry":{"type":"Polygon","coordinates":[[[-79.288369,43.785932],[-79.282155,43.785932],[-79.282155,43.790424],[-79.288369,43.790424],[-79.288369,43.785932]]]},"properties":{"StopCount":71}},{"type":"Feature","geometry":{"type":"Polygon","coordinates":[[[-79.282155,43.785932],[-79.275941,43.785932],[-79.275941,43.790424],[-79.282155,43.790424],[-79.282155,43.785932]]]},"properties":{"StopCount":132}},{"type":"Feature","geometry":{"type":"Polygon","coordinates":[[[-79.275941,43.785932],[-79.269727,43.785932],[-79.269727,43.790424],[-79.275941,43.790424],[-79.275941,43.785932]]]},"properties":{"StopCount":80}},{"type":"Feature","geometry":{"type":"Polygon","coordinates":[[[-79.269727,43.785932],[-79.263513,43.785932],[-79.263513,43.790424],[-79.269727,43.790424],[-79.269727,43.785932]]]},"properties":{"StopCount":339}},{"type":"Feature","geometry":{"type":"Polygon","coordinates":[[[-79.263513,43.785932],[-79.257298,43.785932],[-79.257298,43.790424],[-79.263513,43.790424],[-79.263513,43.785932]]]},"properties":{"StopCount":316}},{"type":"Feature","geometry":{"type":"Polygon","coordinates":[[[-79.257298,43.785932],[-79.251084,43.785932],[-79.251084,43.790424],[-79.257298,43.790424],[-79.257298,43.785932]]]},"properties":{"StopCount":222}},{"type":"Feature","geometry":{"type":"Polygon","coordinates":[[[-79.251084,43.785932],[-79.24487,43.785932],[-79.24487,43.790424],[-79.251084,43.790424],[-79.251084,43.785932]]]},"properties":{"StopCount":89}},{"type":"Feature","geometry":{"type":"Polygon","coordinates":[[[-79.24487,43.785932],[-79.238656,43.785932],[-79.238656,43.790424],[-79.24487,43.790424],[-79.24487,43.785932]]]},"properties":{"StopCount":315}},{"type":"Feature","geometry":{"type":"Polygon","coordinates":[[[-79.238656,43.785932],[-79.232442,43.785932],[-79.232442,43.790424],[-79.238656,43.790424],[-79.238656,43.785932]]]},"properties":{"StopCount":465}},{"type":"Feature","geometry":{"type":"Polygon","coordinates":[[[-79.232442,43.785932],[-79.226228,43.785932],[-79.226228,43.790424],[-79.232442,43.790424],[-79.232442,43.785932]]]},"properties":{"StopCount":179}},{"type":"Feature","geometry":{"type":"Polygon","coordinates":[[[-79.226228,43.785932],[-79.220014,43.785932],[-79.220014,43.790424],[-79.226228,43.790424],[-79.226228,43.785932]]]},"properties":{"StopCount":81}},{"type":"Feature","geometry":{"type":"Polygon","coordinates":[[[-79.220014,43.785932],[-79.2138,43.785932],[-79.2138,43.790424],[-79.220014,43.790424],[-79.220014,43.785932]]]},"properties":{"StopCount":108}},{"type":"Feature","geometry":{"type":"Polygon","coordinates":[[[-79.2138,43.785932],[-79.207586,43.785932],[-79.207586,43.790424],[-79.2138,43.790424],[-79.2138,43.785932]]]},"properties":{"StopCount":102}},{"type":"Feature","geometry":{"type":"Polygon","coordinates":[[[-79.207586,43.785932],[-79.201372,43.785932],[-79.201372,43.790424],[-79.207586,43.790424],[-79.207586,43.785932]]]},"properties":{"StopCount":38}},{"type":"Feature","geometry":{"type":"Polygon","coordinates":[[[-79.201372,43.785932],[-79.195158,43.785932],[-79.195158,43.790424],[-79.201372,43.790424],[-79.201372,43.785932]]]},"properties":{"StopCount":156}},{"type":"Feature","geometry":{"type":"Polygon","coordinates":[[[-79.195158,43.785932],[-79.188944,43.785932],[-79.188944,43.790424],[-79.195158,43.790424],[-79.195158,43.785932]]]},"properties":{"StopCount":180}},{"type":"Feature","geometry":{"type":"Polygon","coordinates":[[[-79.188944,43.785932],[-79.18273,43.785932],[-79.18273,43.790424],[-79.188944,43.790424],[-79.188944,43.785932]]]},"properties":{"StopCount":111}},{"type":"Feature","geometry":{"type":"Polygon","coordinates":[[[-79.18273,43.785932],[-79.176516,43.785932],[-79.176516,43.790424],[-79.18273,43.790424],[-79.18273,43.785932]]]},"properties":{"StopCount":67}},{"type":"Feature","geometry":{"type":"Polygon","coordinates":[[[-79.176516,43.785932],[-79.170302,43.785932],[-79.170302,43.790424],[-79.176516,43.790424],[-79.176516,43.785932]]]},"properties":{"StopCount":152}},{"type":"Feature","geometry":{"type":"Polygon","coordinates":[[[-79.170302,43.785932],[-79.164087,43.785932],[-79.164087,43.790424],[-79.170302,43.790424],[-79.170302,43.785932]]]},"properties":{"StopCount":76}},{"type":"Feature","geometry":{"type":"Polygon","coordinates":[[[-79.164087,43.785932],[-79.157873,43.785932],[-79.157873,43.790424],[-79.164087,43.790424],[-79.164087,43.785932]]]},"properties":{"StopCount":103}},{"type":"Feature","geometry":{"type":"Polygon","coordinates":[[[-79.157873,43.785932],[-79.151659,43.785932],[-79.151659,43.790424],[-79.157873,43.790424],[-79.157873,43.785932]]]},"properties":{"StopCount":37}},{"type":"Feature","geometry":{"type":"Polygon","coordinates":[[[-79.151659,43.785932],[-79.145445,43.785932],[-79.145445,43.790424],[-79.151659,43.790424],[-79.151659,43.785932]]]},"properties":{"StopCount":124}},{"type":"Feature","geometry":{"type":"Polygon","coordinates":[[[-79.145445,43.785932],[-79.139231,43.785932],[-79.139231,43.790424],[-79.145445,43.790424],[-79.145445,43.785932]]]},"properties":{"StopCount":267}},{"type":"Feature","geometry":{"type":"Polygon","coordinates":[[[-79.139231,43.785932],[-79.133017,43.785932],[-79.133017,43.790424],[-79.139231,43.790424],[-79.139231,43.785932]]]},"properties":{"StopCount":99}},{"type":"Feature","geometry":{"type":"Polygon","coordinates":[[[-79.133017,43.785932],[-79.126803,43.785932],[-79.126803,43.790424],[-79.133017,43.790424],[-79.133017,43.785932]]]},"properties":{"StopCount":120}},{"type":"Feature","geometry":{"type":"Polygon","coordinates":[[[-79.126803,43.785932],[-79.120589,43.785932],[-79.120589,43.790424],[-79.126803,43.790424],[-79.126803,43.785932]]]},"properties":{"StopCount":78}},{"type":"Feature","geometry":{"type":"Polygon","coordinates":[[[-79.456149,43.790424],[-79.449934,43.790424],[-79.449934,43.794916],[-79.456149,43.794916],[-79.456149,43.790424]]]},"properties":{"StopCount":25}},{"type":"Feature","geometry":{"type":"Polygon","coordinates":[[[-79.449934,43.790424],[-79.44372,43.790424],[-79.44372,43.794916],[-79.449934,43.794916],[-79.449934,43.790424]]]},"properties":{"StopCount":274}},{"type":"Feature","geometry":{"type":"Polygon","coordinates":[[[-79.44372,43.790424],[-79.437506,43.790424],[-79.437506,43.794916],[-79.44372,43.794916],[-79.44372,43.790424]]]},"properties":{"StopCount":174}},{"type":"Feature","geometry":{"type":"Polygon","coordinates":[[[-79.437506,43.790424],[-79.431292,43.790424],[-79.431292,43.794916],[-79.437506,43.794916],[-79.437506,43.790424]]]},"properties":{"StopCount":130}},{"type":"Feature","geometry":{"type":"Polygon","coordinates":[[[-79.431292,43.790424],[-79.425078,43.790424],[-79.425078,43.794916],[-79.431292,43.794916],[-79.431292,43.790424]]]},"properties":{"StopCount":178}},{"type":"Feature","geometry":{"type":"Polygon","coordinates":[[[-79.425078,43.790424],[-79.418864,43.790424],[-79.418864,43.794916],[-79.425078,43.794916],[-79.425078,43.790424]]]},"properties":{"StopCount":216}},{"type":"Feature","geometry":{"type":"Polygon","coordinates":[[[-79.418864,43.790424],[-79.41265,43.790424],[-79.41265,43.794916],[-79.418864,43.794916],[-79.418864,43.790424]]]},"properties":{"StopCount":259}},{"type":"Feature","geometry":{"type":"Polygon","coordinates":[[[-79.41265,43.790424],[-79.406436,43.790424],[-79.406436,43.794916],[-79.41265,43.794916],[-79.41265,43.790424]]]},"properties":{"StopCount":84}},{"type":"Feature","geometry":{"type":"Polygon","coordinates":[[[-79.406436,43.790424],[-79.400222,43.790424],[-79.400222,43.794916],[-79.406436,43.794916],[-79.406436,43.790424]]]},"properties":{"StopCount":48}},{"type":"Feature","geometry":{"type":"Polygon","coordinates":[[[-79.400222,43.790424],[-79.394008,43.790424],[-79.394008,43.794916],[-79.400222,43.794916],[-79.400222,43.790424]]]},"properties":{"StopCount":19}},{"type":"Feature","geometry":{"type":"Polygon","coordinates":[[[-79.394008,43.790424],[-79.387794,43.790424],[-79.387794,43.794916],[-79.394008,43.794916],[-79.394008,43.790424]]]},"properties":{"StopCount":276}},{"type":"Feature","geometry":{"type":"Polygon","coordinates":[[[-79.387794,43.790424],[-79.38158,43.790424],[-79.38158,43.794916],[-79.387794,43.794916],[-79.387794,43.790424]]]},"properties":{"StopCount":40}},{"type":"Feature","geometry":{"type":"Polygon","coordinates":[[[-79.38158,43.790424],[-79.375366,43.790424],[-79.375366,43.794916],[-79.38158,43.794916],[-79.38158,43.790424]]]},"properties":{"StopCount":8}},{"type":"Feature","geometry":{"type":"Polygon","coordinates":[[[-79.375366,43.790424],[-79.369152,43.790424],[-79.369152,43.794916],[-79.375366,43.794916],[-79.375366,43.790424]]]},"properties":{"StopCount":114}},{"type":"Feature","geometry":{"type":"Polygon","coordinates":[[[-79.369152,43.790424],[-79.362938,43.790424],[-79.362938,43.794916],[-79.369152,43.794916],[-79.369152,43.790424]]]},"properties":{"StopCount":216}},{"type":"Feature","geometry":{"type":"Polygon","coordinates":[[[-79.362938,43.790424],[-79.356723,43.790424],[-79.356723,43.794916],[-79.362938,43.794916],[-79.362938,43.790424]]]},"properties":{"StopCount":101}},{"type":"Feature","geometry":{"type":"Polygon","coordinates":[[[-79.356723,43.790424],[-79.350509,43.790424],[-79.350509,43.794916],[-79.356723,43.794916],[-79.356723,43.790424]]]},"properties":{"StopCount":337}},{"type":"Feature","geometry":{"type":"Polygon","coordinates":[[[-79.350509,43.790424],[-79.344295,43.790424],[-79.344295,43.794916],[-79.350509,43.794916],[-79.350509,43.790424]]]},"properties":{"StopCount":64}},{"type":"Feature","geometry":{"type":"Polygon","coordinates":[[[-79.344295,43.790424],[-79.338081,43.790424],[-79.338081,43.794916],[-79.344295,43.794916],[-79.344295,43.790424]]]},"properties":{"StopCount":94}},{"type":"Feature","geometry":{"type":"Polygon","coordinates":[[[-79.338081,43.790424],[-79.331867,43.790424],[-79.331867,43.794916],[-79.338081,43.794916],[-79.338081,43.790424]]]},"properties":{"StopCount":117}},{"type":"Feature","geometry":{"type":"Polygon","coordinates":[[[-79.331867,43.790424],[-79.325653,43.790424],[-79.325653,43.794916],[-79.331867,43.794916],[-79.331867,43.790424]]]},"properties":{"StopCount":369}},{"type":"Feature","geometry":{"type":"Polygon","coordinates":[[[-79.325653,43.790424],[-79.319439,43.790424],[-79.319439,43.794916],[-79.325653,43.794916],[-79.325653,43.790424]]]},"properties":{"StopCount":123}},{"type":"Feature","geometry":{"type":"Polygon","coordinates":[[[-79.319439,43.790424],[-79.313225,43.790424],[-79.313225,43.794916],[-79.319439,43.794916],[-79.319439,43.790424]]]},"properties":{"StopCount":201}},{"type":"Feature","geometry":{"type":"Polygon","coordinates":[[[-79.313225,43.790424],[-79.307011,43.790424],[-79.307011,43.794916],[-79.313225,43.794916],[-79.313225,43.790424]]]},"properties":{"StopCount":141}},{"type":"Feature","geometry":{"type":"Polygon","coordinates":[[[-79.307011,43.790424],[-79.300797,43.790424],[-79.300797,43.794916],[-79.307011,43.794916],[-79.307011,43.790424]]]},"properties":{"StopCount":131}},{"type":"Feature","geometry":{"type":"Polygon","coordinates":[[[-79.300797,43.790424],[-79.294583,43.790424],[-79.294583,43.794916],[-79.300797,43.794916],[-79.300797,43.790424]]]},"properties":{"StopCount":309}},{"type":"Feature","geometry":{"type":"Polygon","coordinates":[[[-79.294583,43.790424],[-79.288369,43.790424],[-79.288369,43.794916],[-79.294583,43.794916],[-79.294583,43.790424]]]},"properties":{"StopCount":47}},{"type":"Feature","geometry":{"type":"Polygon","coordinates":[[[-79.288369,43.790424],[-79.282155,43.790424],[-79.282155,43.794916],[-79.288369,43.794916],[-79.288369,43.790424]]]},"properties":{"StopCount":74}},{"type":"Feature","geometry":{"type":"Polygon","coordinates":[[[-79.282155,43.790424],[-79.275941,43.790424],[-79.275941,43.794916],[-79.282155,43.794916],[-79.282155,43.790424]]]},"properties":{"StopCount":39}},{"type":"Feature","geometry":{"type":"Polygon","coordinates":[[[-79.275941,43.790424],[-79.269727,43.790424],[-79.269727,43.794916],[-79.275941,43.794916],[-79.275941,43.790424]]]},"properties":{"StopCount":56}},{"type":"Feature","geometry":{"type":"Polygon","coordinates":[[[-79.269727,43.790424],[-79.263513,43.790424],[-79.263513,43.794916],[-79.269727,43.794916],[-79.269727,43.790424]]]},"properties":{"StopCount":282}},{"type":"Feature","geometry":{"type":"Polygon","coordinates":[[[-79.263513,43.790424],[-79.257298,43.790424],[-79.257298,43.794916],[-79.263513,43.794916],[-79.263513,43.790424]]]},"properties":{"StopCount":206}},{"type":"Feature","geometry":{"type":"Polygon","coordinates":[[[-79.257298,43.790424],[-79.251084,43.790424],[-79.251084,43.794916],[-79.257298,43.794916],[-79.257298,43.790424]]]},"properties":{"StopCount":282}},{"type":"Feature","geometry":{"type":"Polygon","coordinates":[[[-79.251084,43.790424],[-79.24487,43.790424],[-79.24487,43.794916],[-79.251084,43.794916],[-79.251084,43.790424]]]},"properties":{"StopCount":599}},{"type":"Feature","geometry":{"type":"Polygon","coordinates":[[[-79.24487,43.790424],[-79.238656,43.790424],[-79.238656,43.794916],[-79.24487,43.794916],[-79.24487,43.790424]]]},"properties":{"StopCount":629}},{"type":"Feature","geometry":{"type":"Polygon","coordinates":[[[-79.238656,43.790424],[-79.232442,43.790424],[-79.232442,43.794916],[-79.238656,43.794916],[-79.238656,43.790424]]]},"properties":{"StopCount":410}},{"type":"Feature","geometry":{"type":"Polygon","coordinates":[[[-79.232442,43.790424],[-79.226228,43.790424],[-79.226228,43.794916],[-79.232442,43.794916],[-79.232442,43.790424]]]},"properties":{"StopCount":190}},{"type":"Feature","geometry":{"type":"Polygon","coordinates":[[[-79.226228,43.790424],[-79.220014,43.790424],[-79.220014,43.794916],[-79.226228,43.794916],[-79.226228,43.790424]]]},"properties":{"StopCount":86}},{"type":"Feature","geometry":{"type":"Polygon","coordinates":[[[-79.220014,43.790424],[-79.2138,43.790424],[-79.2138,43.794916],[-79.220014,43.794916],[-79.220014,43.790424]]]},"properties":{"StopCount":8}},{"type":"Feature","geometry":{"type":"Polygon","coordinates":[[[-79.2138,43.790424],[-79.207586,43.790424],[-79.207586,43.794916],[-79.2138,43.794916],[-79.2138,43.790424]]]},"properties":{"StopCount":58}},{"type":"Feature","geometry":{"type":"Polygon","coordinates":[[[-79.207586,43.790424],[-79.201372,43.790424],[-79.201372,43.794916],[-79.207586,43.794916],[-79.207586,43.790424]]]},"properties":{"StopCount":92}},{"type":"Feature","geometry":{"type":"Polygon","coordinates":[[[-79.201372,43.790424],[-79.195158,43.790424],[-79.195158,43.794916],[-79.201372,43.794916],[-79.201372,43.790424]]]},"properties":{"StopCount":90}},{"type":"Feature","geometry":{"type":"Polygon","coordinates":[[[-79.195158,43.790424],[-79.188944,43.790424],[-79.188944,43.794916],[-79.195158,43.794916],[-79.195158,43.790424]]]},"properties":{"StopCount":95}},{"type":"Feature","geometry":{"type":"Polygon","coordinates":[[[-79.188944,43.790424],[-79.18273,43.790424],[-79.18273,43.794916],[-79.188944,43.794916],[-79.188944,43.790424]]]},"properties":{"StopCount":58}},{"type":"Feature","geometry":{"type":"Polygon","coordinates":[[[-79.18273,43.790424],[-79.176516,43.790424],[-79.176516,43.794916],[-79.18273,43.794916],[-79.18273,43.790424]]]},"properties":{"StopCount":68}},{"type":"Feature","geometry":{"type":"Polygon","coordinates":[[[-79.176516,43.790424],[-79.170302,43.790424],[-79.170302,43.794916],[-79.176516,43.794916],[-79.176516,43.790424]]]},"properties":{"StopCount":104}},{"type":"Feature","geometry":{"type":"Polygon","coordinates":[[[-79.170302,43.790424],[-79.164087,43.790424],[-79.164087,43.794916],[-79.170302,43.794916],[-79.170302,43.790424]]]},"properties":{"StopCount":98}},{"type":"Feature","geometry":{"type":"Polygon","coordinates":[[[-79.164087,43.790424],[-79.157873,43.790424],[-79.157873,43.794916],[-79.164087,43.794916],[-79.164087,43.790424]]]},"properties":{"StopCount":114}},{"type":"Feature","geometry":{"type":"Polygon","coordinates":[[[-79.157873,43.790424],[-79.151659,43.790424],[-79.151659,43.794916],[-79.157873,43.794916],[-79.157873,43.790424]]]},"properties":{"StopCount":133}},{"type":"Feature","geometry":{"type":"Polygon","coordinates":[[[-79.151659,43.790424],[-79.145445,43.790424],[-79.145445,43.794916],[-79.151659,43.794916],[-79.151659,43.790424]]]},"properties":{"StopCount":37}},{"type":"Feature","geometry":{"type":"Polygon","coordinates":[[[-79.145445,43.790424],[-79.139231,43.790424],[-79.139231,43.794916],[-79.145445,43.794916],[-79.145445,43.790424]]]},"properties":{"StopCount":204}},{"type":"Feature","geometry":{"type":"Polygon","coordinates":[[[-79.139231,43.790424],[-79.133017,43.790424],[-79.133017,43.794916],[-79.139231,43.794916],[-79.139231,43.790424]]]},"properties":{"StopCount":71}},{"type":"Feature","geometry":{"type":"Polygon","coordinates":[[[-79.133017,43.790424],[-79.126803,43.790424],[-79.126803,43.794916],[-79.133017,43.794916],[-79.133017,43.790424]]]},"properties":{"StopCount":68}},{"type":"Feature","geometry":{"type":"Polygon","coordinates":[[[-79.126803,43.790424],[-79.120589,43.790424],[-79.120589,43.794916],[-79.126803,43.794916],[-79.126803,43.790424]]]},"properties":{"StopCount":62}},{"type":"Feature","geometry":{"type":"Polygon","coordinates":[[[-79.120589,43.790424],[-79.114375,43.790424],[-79.114375,43.794916],[-79.120589,43.794916],[-79.120589,43.790424]]]},"properties":{"StopCount":7}},{"type":"Feature","geometry":{"type":"Polygon","coordinates":[[[-79.431292,43.794916],[-79.425078,43.794916],[-79.425078,43.799407],[-79.431292,43.799407],[-79.431292,43.794916]]]},"properties":{"StopCount":56}},{"type":"Feature","geometry":{"type":"Polygon","coordinates":[[[-79.425078,43.794916],[-79.418864,43.794916],[-79.418864,43.799407],[-79.425078,43.799407],[-79.425078,43.794916]]]},"properties":{"StopCount":274}},{"type":"Feature","geometry":{"type":"Polygon","coordinates":[[[-79.418864,43.794916],[-79.41265,43.794916],[-79.41265,43.799407],[-79.418864,43.799407],[-79.418864,43.794916]]]},"properties":{"StopCount":207}},{"type":"Feature","geometry":{"type":"Polygon","coordinates":[[[-79.41265,43.794916],[-79.406436,43.794916],[-79.406436,43.799407],[-79.41265,43.799407],[-79.41265,43.794916]]]},"properties":{"StopCount":39}},{"type":"Feature","geometry":{"type":"Polygon","coordinates":[[[-79.406436,43.794916],[-79.400222,43.794916],[-79.400222,43.799407],[-79.406436,43.799407],[-79.406436,43.794916]]]},"properties":{"StopCount":51}},{"type":"Feature","geometry":{"type":"Polygon","coordinates":[[[-79.400222,43.794916],[-79.394008,43.794916],[-79.394008,43.799407],[-79.400222,43.799407],[-79.400222,43.794916]]]},"properties":{"StopCount":100}},{"type":"Feature","geometry":{"type":"Polygon","coordinates":[[[-79.394008,43.794916],[-79.387794,43.794916],[-79.387794,43.799407],[-79.394008,43.799407],[-79.394008,43.794916]]]},"properties":{"StopCount":35}},{"type":"Feature","geometry":{"type":"Polygon","coordinates":[[[-79.387794,43.794916],[-79.38158,43.794916],[-79.38158,43.799407],[-79.387794,43.799407],[-79.387794,43.794916]]]},"properties":{"StopCount":25}},{"type":"Feature","geometry":{"type":"Polygon","coordinates":[[[-79.38158,43.794916],[-79.375366,43.794916],[-79.375366,43.799407],[-79.38158,43.799407],[-79.38158,43.794916]]]},"properties":{"StopCount":78}},{"type":"Feature","geometry":{"type":"Polygon","coordinates":[[[-79.375366,43.794916],[-79.369152,43.794916],[-79.369152,43.799407],[-79.375366,43.799407],[-79.375366,43.794916]]]},"properties":{"StopCount":171}},{"type":"Feature","geometry":{"type":"Polygon","coordinates":[[[-79.369152,43.794916],[-79.362938,43.794916],[-79.362938,43.799407],[-79.369152,43.799407],[-79.369152,43.794916]]]},"properties":{"StopCount":83}},{"type":"Feature","geometry":{"type":"Polygon","coordinates":[[[-79.362938,43.794916],[-79.356723,43.794916],[-79.356723,43.799407],[-79.362938,43.799407],[-79.362938,43.794916]]]},"properties":{"StopCount":34}},{"type":"Feature","geometry":{"type":"Polygon","coordinates":[[[-79.356723,43.794916],[-79.350509,43.794916],[-79.350509,43.799407],[-79.356723,43.799407],[-79.356723,43.794916]]]},"properties":{"StopCount":155}},{"type":"Feature","geometry":{"type":"Polygon","coordinates":[[[-79.350509,43.794916],[-79.344295,43.794916],[-79.344295,43.799407],[-79.350509,43.799407],[-79.350509,43.794916]]]},"properties":{"StopCount":289}},{"type":"Feature","geometry":{"type":"Polygon","coordinates":[[[-79.344295,43.794916],[-79.338081,43.794916],[-79.338081,43.799407],[-79.344295,43.799407],[-79.344295,43.794916]]]},"properties":{"StopCount":73}},{"type":"Feature","geometry":{"type":"Polygon","coordinates":[[[-79.338081,43.794916],[-79.331867,43.794916],[-79.331867,43.799407],[-79.338081,43.799407],[-79.338081,43.794916]]]},"properties":{"StopCount":96}},{"type":"Feature","geometry":{"type":"Polygon","coordinates":[[[-79.331867,43.794916],[-79.325653,43.794916],[-79.325653,43.799407],[-79.331867,43.799407],[-79.331867,43.794916]]]},"properties":{"StopCount":196}},{"type":"Feature","geometry":{"type":"Polygon","coordinates":[[[-79.325653,43.794916],[-79.319439,43.794916],[-79.319439,43.799407],[-79.325653,43.799407],[-79.325653,43.794916]]]},"properties":{"StopCount":151}},{"type":"Feature","geometry":{"type":"Polygon","coordinates":[[[-79.319439,43.794916],[-79.313225,43.794916],[-79.313225,43.799407],[-79.319439,43.799407],[-79.319439,43.794916]]]},"properties":{"StopCount":364}},{"type":"Feature","geometry":{"type":"Polygon","coordinates":[[[-79.313225,43.794916],[-79.307011,43.794916],[-79.307011,43.799407],[-79.313225,43.799407],[-79.313225,43.794916]]]},"properties":{"StopCount":93}},{"type":"Feature","geometry":{"type":"Polygon","coordinates":[[[-79.307011,43.794916],[-79.300797,43.794916],[-79.300797,43.799407],[-79.307011,43.799407],[-79.307011,43.794916]]]},"properties":{"StopCount":124}},{"type":"Feature","geometry":{"type":"Polygon","coordinates":[[[-79.300797,43.794916],[-79.294583,43.794916],[-79.294583,43.799407],[-79.300797,43.799407],[-79.300797,43.794916]]]},"properties":{"StopCount":53}},{"type":"Feature","geometry":{"type":"Polygon","coordinates":[[[-79.294583,43.794916],[-79.288369,43.794916],[-79.288369,43.799407],[-79.294583,43.799407],[-79.294583,43.794916]]]},"properties":{"StopCount":170}},{"type":"Feature","geometry":{"type":"Polygon","coordinates":[[[-79.288369,43.794916],[-79.282155,43.794916],[-79.282155,43.799407],[-79.288369,43.799407],[-79.288369,43.794916]]]},"properties":{"StopCount":99}},{"type":"Feature","geometry":{"type":"Polygon","coordinates":[[[-79.282155,43.794916],[-79.275941,43.794916],[-79.275941,43.799407],[-79.282155,43.799407],[-79.282155,43.794916]]]},"properties":{"StopCount":53}},{"type":"Feature","geometry":{"type":"Polygon","coordinates":[[[-79.275941,43.794916],[-79.269727,43.794916],[-79.269727,43.799407],[-79.275941,43.799407],[-79.275941,43.794916]]]},"properties":{"StopCount":408}},{"type":"Feature","geometry":{"type":"Polygon","coordinates":[[[-79.269727,43.794916],[-79.263513,43.794916],[-79.263513,43.799407],[-79.269727,43.799407],[-79.269727,43.794916]]]},"properties":{"StopCount":457}},{"type":"Feature","geometry":{"type":"Polygon","coordinates":[[[-79.263513,43.794916],[-79.257298,43.794916],[-79.257298,43.799407],[-79.263513,43.799407],[-79.263513,43.794916]]]},"properties":{"StopCount":354}},{"type":"Feature","geometry":{"type":"Polygon","coordinates":[[[-79.257298,43.794916],[-79.251084,43.794916],[-79.251084,43.799407],[-79.257298,43.799407],[-79.257298,43.794916]]]},"properties":{"StopCount":504}},{"type":"Feature","geometry":{"type":"Polygon","coordinates":[[[-79.251084,43.794916],[-79.24487,43.794916],[-79.24487,43.799407],[-79.251084,43.799407],[-79.251084,43.794916]]]},"properties":{"StopCount":520}},{"type":"Feature","geometry":{"type":"Polygon","coordinates":[[[-79.24487,43.794916],[-79.238656,43.794916],[-79.238656,43.799407],[-79.24487,43.799407],[-79.24487,43.794916]]]},"properties":{"StopCount":1035}},{"type":"Feature","geometry":{"type":"Polygon","coordinates":[[[-79.238656,43.794916],[-79.232442,43.794916],[-79.232442,43.799407],[-79.238656,43.799407],[-79.238656,43.794916]]]},"properties":{"StopCount":210}},{"type":"Feature","geometry":{"type":"Polygon","coordinates":[[[-79.232442,43.794916],[-79.226228,43.794916],[-79.226228,43.799407],[-79.232442,43.799407],[-79.232442,43.794916]]]},"properties":{"StopCount":211}},{"type":"Feature","geometry":{"type":"Polygon","coordinates":[[[-79.226228,43.794916],[-79.220014,43.794916],[-79.220014,43.799407],[-79.226228,43.799407],[-79.226228,43.794916]]]},"properties":{"StopCount":142}},{"type":"Feature","geometry":{"type":"Polygon","coordinates":[[[-79.220014,43.794916],[-79.2138,43.794916],[-79.2138,43.799407],[-79.220014,43.799407],[-79.220014,43.794916]]]},"properties":{"StopCount":142}},{"type":"Feature","geometry":{"type":"Polygon","coordinates":[[[-79.2138,43.794916],[-79.207586,43.794916],[-79.207586,43.799407],[-79.2138,43.799407],[-79.2138,43.794916]]]},"properties":{"StopCount":229}},{"type":"Feature","geometry":{"type":"Polygon","coordinates":[[[-79.207586,43.794916],[-79.201372,43.794916],[-79.201372,43.799407],[-79.207586,43.799407],[-79.207586,43.794916]]]},"properties":{"StopCount":422}},{"type":"Feature","geometry":{"type":"Polygon","coordinates":[[[-79.201372,43.794916],[-79.195158,43.794916],[-79.195158,43.799407],[-79.201372,43.799407],[-79.201372,43.794916]]]},"properties":{"StopCount":114}},{"type":"Feature","geometry":{"type":"Polygon","coordinates":[[[-79.195158,43.794916],[-79.188944,43.794916],[-79.188944,43.799407],[-79.195158,43.799407],[-79.195158,43.794916]]]},"properties":{"StopCount":22}},{"type":"Feature","geometry":{"type":"Polygon","coordinates":[[[-79.188944,43.794916],[-79.18273,43.794916],[-79.18273,43.799407],[-79.188944,43.799407],[-79.188944,43.794916]]]},"properties":{"StopCount":40}},{"type":"Feature","geometry":{"type":"Polygon","coordinates":[[[-79.18273,43.794916],[-79.176516,43.794916],[-79.176516,43.799407],[-79.18273,43.799407],[-79.18273,43.794916]]]},"properties":{"StopCount":124}},{"type":"Feature","geometry":{"type":"Polygon","coordinates":[[[-79.176516,43.794916],[-79.170302,43.794916],[-79.170302,43.799407],[-79.176516,43.799407],[-79.176516,43.794916]]]},"properties":{"StopCount":66}},{"type":"Feature","geometry":{"type":"Polygon","coordinates":[[[-79.170302,43.794916],[-79.164087,43.794916],[-79.164087,43.799407],[-79.170302,43.799407],[-79.170302,43.794916]]]},"properties":{"StopCount":92}},{"type":"Feature","geometry":{"type":"Polygon","coordinates":[[[-79.164087,43.794916],[-79.157873,43.794916],[-79.157873,43.799407],[-79.164087,43.799407],[-79.164087,43.794916]]]},"properties":{"StopCount":57}},{"type":"Feature","geometry":{"type":"Polygon","coordinates":[[[-79.157873,43.794916],[-79.151659,43.794916],[-79.151659,43.799407],[-79.157873,43.799407],[-79.157873,43.794916]]]},"properties":{"StopCount":157}},{"type":"Feature","geometry":{"type":"Polygon","coordinates":[[[-79.151659,43.794916],[-79.145445,43.794916],[-79.145445,43.799407],[-79.151659,43.799407],[-79.151659,43.794916]]]},"properties":{"StopCount":482}},{"type":"Feature","geometry":{"type":"Polygon","coordinates":[[[-79.145445,43.794916],[-79.139231,43.794916],[-79.139231,43.799407],[-79.145445,43.799407],[-79.145445,43.794916]]]},"properties":{"StopCount":144}},{"type":"Feature","geometry":{"type":"Polygon","coordinates":[[[-79.139231,43.794916],[-79.133017,43.794916],[-79.133017,43.799407],[-79.139231,43.799407],[-79.139231,43.794916]]]},"properties":{"StopCount":146}},{"type":"Feature","geometry":{"type":"Polygon","coordinates":[[[-79.133017,43.794916],[-79.126803,43.794916],[-79.126803,43.799407],[-79.133017,43.799407],[-79.133017,43.794916]]]},"properties":{"StopCount":35}},{"type":"Feature","geometry":{"type":"Polygon","coordinates":[[[-79.418864,43.799407],[-79.41265,43.799407],[-79.41265,43.803899],[-79.418864,43.803899],[-79.418864,43.799407]]]},"properties":{"StopCount":6}},{"type":"Feature","geometry":{"type":"Polygon","coordinates":[[[-79.41265,43.799407],[-79.406436,43.799407],[-79.406436,43.803899],[-79.41265,43.803899],[-79.41265,43.799407]]]},"properties":{"StopCount":5}},{"type":"Feature","geometry":{"type":"Polygon","coordinates":[[[-79.406436,43.799407],[-79.400222,43.799407],[-79.400222,43.803899],[-79.406436,43.803899],[-79.406436,43.799407]]]},"properties":{"StopCount":22}},{"type":"Feature","geometry":{"type":"Polygon","coordinates":[[[-79.400222,43.799407],[-79.394008,43.799407],[-79.394008,43.803899],[-79.400222,43.803899],[-79.400222,43.799407]]]},"properties":{"StopCount":50}},{"type":"Feature","geometry":{"type":"Polygon","coordinates":[[[-79.394008,43.799407],[-79.387794,43.799407],[-79.387794,43.803899],[-79.394008,43.803899],[-79.394008,43.799407]]]},"properties":{"StopCount":88}},{"type":"Feature","geometry":{"type":"Polygon","coordinates":[[[-79.387794,43.799407],[-79.38158,43.799407],[-79.38158,43.803899],[-79.387794,43.803899],[-79.387794,43.799407]]]},"properties":{"StopCount":60}},{"type":"Feature","geometry":{"type":"Polygon","coordinates":[[[-79.38158,43.799407],[-79.375366,43.799407],[-79.375366,43.803899],[-79.38158,43.803899],[-79.38158,43.799407]]]},"properties":{"StopCount":28}},{"type":"Feature","geometry":{"type":"Polygon","coordinates":[[[-79.375366,43.799407],[-79.369152,43.799407],[-79.369152,43.803899],[-79.375366,43.803899],[-79.375366,43.799407]]]},"properties":{"StopCount":135}},{"type":"Feature","geometry":{"type":"Polygon","coordinates":[[[-79.369152,43.799407],[-79.362938,43.799407],[-79.362938,43.803899],[-79.369152,43.803899],[-79.369152,43.799407]]]},"properties":{"StopCount":79}},{"type":"Feature","geometry":{"type":"Polygon","coordinates":[[[-79.362938,43.799407],[-79.356723,43.799407],[-79.356723,43.803899],[-79.362938,43.803899],[-79.362938,43.799407]]]},"properties":{"StopCount":24}},{"type":"Feature","geometry":{"type":"Polygon","coordinates":[[[-79.356723,43.799407],[-79.350509,43.799407],[-79.350509,43.803899],[-79.356723,43.803899],[-79.356723,43.799407]]]},"properties":{"StopCount":66}},{"type":"Feature","geometry":{"type":"Polygon","coordinates":[[[-79.350509,43.799407],[-79.344295,43.799407],[-79.344295,43.803899],[-79.350509,43.803899],[-79.350509,43.799407]]]},"properties":{"StopCount":72}},{"type":"Feature","geometry":{"type":"Polygon","coordinates":[[[-79.344295,43.799407],[-79.338081,43.799407],[-79.338081,43.803899],[-79.344295,43.803899],[-79.344295,43.799407]]]},"properties":{"StopCount":141}},{"type":"Feature","geometry":{"type":"Polygon","coordinates":[[[-79.338081,43.799407],[-79.331867,43.799407],[-79.331867,43.803899],[-79.338081,43.803899],[-79.338081,43.799407]]]},"properties":{"StopCount":228}},{"type":"Feature","geometry":{"type":"Polygon","coordinates":[[[-79.331867,43.799407],[-79.325653,43.799407],[-79.325653,43.803899],[-79.331867,43.803899],[-79.331867,43.799407]]]},"properties":{"StopCount":74}},{"type":"Feature","geometry":{"type":"Polygon","coordinates":[[[-79.325653,43.799407],[-79.319439,43.799407],[-79.319439,43.803899],[-79.325653,43.803899],[-79.325653,43.799407]]]},"properties":{"StopCount":172}},{"type":"Feature","geometry":{"type":"Polygon","coordinates":[[[-79.319439,43.799407],[-79.313225,43.799407],[-79.313225,43.803899],[-79.319439,43.803899],[-79.319439,43.799407]]]},"properties":{"StopCount":74}},{"type":"Feature","geometry":{"type":"Polygon","coordinates":[[[-79.313225,43.799407],[-79.307011,43.799407],[-79.307011,43.803899],[-79.313225,43.803899],[-79.313225,43.799407]]]},"properties":{"StopCount":256}},{"type":"Feature","geometry":{"type":"Polygon","coordinates":[[[-79.307011,43.799407],[-79.300797,43.799407],[-79.300797,43.803899],[-79.307011,43.803899],[-79.307011,43.799407]]]},"properties":{"StopCount":140}},{"type":"Feature","geometry":{"type":"Polygon","coordinates":[[[-79.300797,43.799407],[-79.294583,43.799407],[-79.294583,43.803899],[-79.300797,43.803899],[-79.300797,43.799407]]]},"properties":{"StopCount":310}},{"type":"Feature","geometry":{"type":"Polygon","coordinates":[[[-79.294583,43.799407],[-79.288369,43.799407],[-79.288369,43.803899],[-79.294583,43.803899],[-79.294583,43.799407]]]},"properties":{"StopCount":108}},{"type":"Feature","geometry":{"type":"Polygon","coordinates":[[[-79.288369,43.799407],[-79.282155,43.799407],[-79.282155,43.803899],[-79.288369,43.803899],[-79.288369,43.799407]]]},"properties":{"StopCount":99}},{"type":"Feature","geometry":{"type":"Polygon","coordinates":[[[-79.282155,43.799407],[-79.275941,43.799407],[-79.275941,43.803899],[-79.282155,43.803899],[-79.282155,43.799407]]]},"properties":{"StopCount":107}},{"type":"Feature","geometry":{"type":"Polygon","coordinates":[[[-79.275941,43.799407],[-79.269727,43.799407],[-79.269727,43.803899],[-79.275941,43.803899],[-79.275941,43.799407]]]},"properties":{"StopCount":132}},{"type":"Feature","geometry":{"type":"Polygon","coordinates":[[[-79.269727,43.799407],[-79.263513,43.799407],[-79.263513,43.803899],[-79.269727,43.803899],[-79.269727,43.799407]]]},"properties":{"StopCount":74}},{"type":"Feature","geometry":{"type":"Polygon","coordinates":[[[-79.263513,43.799407],[-79.257298,43.799407],[-79.257298,43.803899],[-79.263513,43.803899],[-79.263513,43.799407]]]},"properties":{"StopCount":108}},{"type":"Feature","geometry":{"type":"Polygon","coordinates":[[[-79.257298,43.799407],[-79.251084,43.799407],[-79.251084,43.803899],[-79.257298,43.803899],[-79.257298,43.799407]]]},"properties":{"StopCount":61}},{"type":"Feature","geometry":{"type":"Polygon","coordinates":[[[-79.251084,43.799407],[-79.24487,43.799407],[-79.24487,43.803899],[-79.251084,43.803899],[-79.251084,43.799407]]]},"properties":{"StopCount":383}},{"type":"Feature","geometry":{"type":"Polygon","coordinates":[[[-79.24487,43.799407],[-79.238656,43.799407],[-79.238656,43.803899],[-79.24487,43.803899],[-79.24487,43.799407]]]},"properties":{"StopCount":612}},{"type":"Feature","geometry":{"type":"Polygon","coordinates":[[[-79.238656,43.799407],[-79.232442,43.799407],[-79.232442,43.803899],[-79.238656,43.803899],[-79.238656,43.799407]]]},"properties":{"StopCount":291}},{"type":"Feature","geometry":{"type":"Polygon","coordinates":[[[-79.232442,43.799407],[-79.226228,43.799407],[-79.226228,43.803899],[-79.232442,43.803899],[-79.232442,43.799407]]]},"properties":{"StopCount":106}},{"type":"Feature","geometry":{"type":"Polygon","coordinates":[[[-79.226228,43.799407],[-79.220014,43.799407],[-79.220014,43.803899],[-79.226228,43.803899],[-79.226228,43.799407]]]},"properties":{"StopCount":82}},{"type":"Feature","geometry":{"type":"Polygon","coordinates":[[[-79.220014,43.799407],[-79.2138,43.799407],[-79.2138,43.803899],[-79.220014,43.803899],[-79.220014,43.799407]]]},"properties":{"StopCount":144}},{"type":"Feature","geometry":{"type":"Polygon","coordinates":[[[-79.2138,43.799407],[-79.207586,43.799407],[-79.207586,43.803899],[-79.2138,43.803899],[-79.2138,43.799407]]]},"properties":{"StopCount":144}},{"type":"Feature","geometry":{"type":"Polygon","coordinates":[[[-79.207586,43.799407],[-79.201372,43.799407],[-79.201372,43.803899],[-79.207586,43.803899],[-79.207586,43.799407]]]},"properties":{"StopCount":138}},{"type":"Feature","geometry":{"type":"Polygon","coordinates":[[[-79.201372,43.799407],[-79.195158,43.799407],[-79.195158,43.803899],[-79.201372,43.803899],[-79.201372,43.799407]]]},"properties":{"StopCount":802}},{"type":"Feature","geometry":{"type":"Polygon","coordinates":[[[-79.195158,43.799407],[-79.188944,43.799407],[-79.188944,43.803899],[-79.195158,43.803899],[-79.195158,43.799407]]]},"properties":{"StopCount":295}},{"type":"Feature","geometry":{"type":"Polygon","coordinates":[[[-79.188944,43.799407],[-79.18273,43.799407],[-79.18273,43.803899],[-79.188944,43.803899],[-79.188944,43.799407]]]},"properties":{"StopCount":4}},{"type":"Feature","geometry":{"type":"Polygon","coordinates":[[[-79.18273,43.799407],[-79.176516,43.799407],[-79.176516,43.803899],[-79.18273,43.803899],[-79.18273,43.799407]]]},"properties":{"StopCount":63}},{"type":"Feature","geometry":{"type":"Polygon","coordinates":[[[-79.176516,43.799407],[-79.170302,43.799407],[-79.170302,43.803899],[-79.176516,43.803899],[-79.176516,43.799407]]]},"properties":{"StopCount":35}},{"type":"Feature","geometry":{"type":"Polygon","coordinates":[[[-79.170302,43.799407],[-79.164087,43.799407],[-79.164087,43.803899],[-79.170302,43.803899],[-79.170302,43.799407]]]},"properties":{"StopCount":106}},{"type":"Feature","geometry":{"type":"Polygon","coordinates":[[[-79.164087,43.799407],[-79.157873,43.799407],[-79.157873,43.803899],[-79.164087,43.803899],[-79.164087,43.799407]]]},"properties":{"StopCount":68}},{"type":"Feature","geometry":{"type":"Polygon","coordinates":[[[-79.157873,43.799407],[-79.151659,43.799407],[-79.151659,43.803899],[-79.157873,43.803899],[-79.157873,43.799407]]]},"properties":{"StopCount":76}},{"type":"Feature","geometry":{"type":"Polygon","coordinates":[[[-79.151659,43.799407],[-79.145445,43.799407],[-79.145445,43.803899],[-79.151659,43.803899],[-79.151659,43.799407]]]},"properties":{"StopCount":57}},{"type":"Feature","geometry":{"type":"Polygon","coordinates":[[[-79.145445,43.799407],[-79.139231,43.799407],[-79.139231,43.803899],[-79.145445,43.803899],[-79.145445,43.799407]]]},"properties":{"StopCount":201}},{"type":"Feature","geometry":{"type":"Polygon","coordinates":[[[-79.139231,43.799407],[-79.133017,43.799407],[-79.133017,43.803899],[-79.139231,43.803899],[-79.139231,43.799407]]]},"properties":{"StopCount":31}},{"type":"Feature","geometry":{"type":"Polygon","coordinates":[[[-79.133017,43.799407],[-79.126803,43.799407],[-79.126803,43.803899],[-79.133017,43.803899],[-79.133017,43.799407]]]},"properties":{"StopCount":18}},{"type":"Feature","geometry":{"type":"Polygon","coordinates":[[[-79.387794,43.803899],[-79.38158,43.803899],[-79.38158,43.80839],[-79.387794,43.80839],[-79.387794,43.803899]]]},"properties":{"StopCount":127}},{"type":"Feature","geometry":{"type":"Polygon","coordinates":[[[-79.38158,43.803899],[-79.375366,43.803899],[-79.375366,43.80839],[-79.38158,43.80839],[-79.38158,43.803899]]]},"properties":{"StopCount":43}},{"type":"Feature","geometry":{"type":"Polygon","coordinates":[[[-79.375366,43.803899],[-79.369152,43.803899],[-79.369152,43.80839],[-79.375366,43.80839],[-79.375366,43.803899]]]},"properties":{"StopCount":66}},{"type":"Feature","geometry":{"type":"Polygon","coordinates":[[[-79.369152,43.803899],[-79.362938,43.803899],[-79.362938,43.80839],[-79.369152,43.80839],[-79.369152,43.803899]]]},"properties":{"StopCount":51}},{"type":"Feature","geometry":{"type":"Polygon","coordinates":[[[-79.362938,43.803899],[-79.356723,43.803899],[-79.356723,43.80839],[-79.362938,43.80839],[-79.362938,43.803899]]]},"properties":{"StopCount":27}},{"type":"Feature","geometry":{"type":"Polygon","coordinates":[[[-79.356723,43.803899],[-79.350509,43.803899],[-79.350509,43.80839],[-79.356723,43.80839],[-79.356723,43.803899]]]},"properties":{"StopCount":65}},{"type":"Feature","geometry":{"type":"Polygon","coordinates":[[[-79.350509,43.803899],[-79.344295,43.803899],[-79.344295,43.80839],[-79.350509,43.80839],[-79.350509,43.803899]]]},"properties":{"StopCount":20}},{"type":"Feature","geometry":{"type":"Polygon","coordinates":[[[-79.344295,43.803899],[-79.338081,43.803899],[-79.338081,43.80839],[-79.344295,43.80839],[-79.344295,43.803899]]]},"properties":{"StopCount":231}},{"type":"Feature","geometry":{"type":"Polygon","coordinates":[[[-79.338081,43.803899],[-79.331867,43.803899],[-79.331867,43.80839],[-79.338081,43.80839],[-79.338081,43.803899]]]},"properties":{"StopCount":288}},{"type":"Feature","geometry":{"type":"Polygon","coordinates":[[[-79.331867,43.803899],[-79.325653,43.803899],[-79.325653,43.80839],[-79.331867,43.80839],[-79.331867,43.803899]]]},"properties":{"StopCount":66}},{"type":"Feature","geometry":{"type":"Polygon","coordinates":[[[-79.325653,43.803899],[-79.319439,43.803899],[-79.319439,43.80839],[-79.325653,43.80839],[-79.325653,43.803899]]]},"properties":{"StopCount":92}},{"type":"Feature","geometry":{"type":"Polygon","coordinates":[[[-79.319439,43.803899],[-79.313225,43.803899],[-79.313225,43.80839],[-79.319439,43.80839],[-79.319439,43.803899]]]},"properties":{"StopCount":34}},{"type":"Feature","geometry":{"type":"Polygon","coordinates":[[[-79.313225,43.803899],[-79.307011,43.803899],[-79.307011,43.80839],[-79.313225,43.80839],[-79.313225,43.803899]]]},"properties":{"StopCount":112}},{"type":"Feature","geometry":{"type":"Polygon","coordinates":[[[-79.307011,43.803899],[-79.300797,43.803899],[-79.300797,43.80839],[-79.307011,43.80839],[-79.307011,43.803899]]]},"properties":{"StopCount":99}},{"type":"Feature","geometry":{"type":"Polygon","coordinates":[[[-79.300797,43.803899],[-79.294583,43.803899],[-79.294583,43.80839],[-79.300797,43.80839],[-79.300797,43.803899]]]},"properties":{"StopCount":171}},{"type":"Feature","geometry":{"type":"Polygon","coordinates":[[[-79.294583,43.803899],[-79.288369,43.803899],[-79.288369,43.80839],[-79.294583,43.80839],[-79.294583,43.803899]]]},"properties":{"StopCount":1359}},{"type":"Feature","geometry":{"type":"Polygon","coordinates":[[[-79.288369,43.803899],[-79.282155,43.803899],[-79.282155,43.80839],[-79.288369,43.80839],[-79.288369,43.803899]]]},"properties":{"StopCount":245}},{"type":"Feature","geometry":{"type":"Polygon","coordinates":[[[-79.282155,43.803899],[-79.275941,43.803899],[-79.275941,43.80839],[-79.282155,43.80839],[-79.282155,43.803899]]]},"properties":{"StopCount":181}},{"type":"Feature","geometry":{"type":"Polygon","coordinates":[[[-79.275941,43.803899],[-79.269727,43.803899],[-79.269727,43.80839],[-79.275941,43.80839],[-79.275941,43.803899]]]},"properties":{"StopCount":158}},{"type":"Feature","geometry":{"type":"Polygon","coordinates":[[[-79.269727,43.803899],[-79.263513,43.803899],[-79.263513,43.80839],[-79.269727,43.80839],[-79.269727,43.803899]]]},"properties":{"StopCount":163}},{"type":"Feature","geometry":{"type":"Polygon","coordinates":[[[-79.263513,43.803899],[-79.257298,43.803899],[-79.257298,43.80839],[-79.263513,43.80839],[-79.263513,43.803899]]]},"properties":{"StopCount":92}},{"type":"Feature","geometry":{"type":"Polygon","coordinates":[[[-79.257298,43.803899],[-79.251084,43.803899],[-79.251084,43.80839],[-79.257298,43.80839],[-79.257298,43.803899]]]},"properties":{"StopCount":92}},{"type":"Feature","geometry":{"type":"Polygon","coordinates":[[[-79.24487,43.803899],[-79.238656,43.803899],[-79.238656,43.80839],[-79.24487,43.80839],[-79.24487,43.803899]]]},"properties":{"StopCount":736}},{"type":"Feature","geometry":{"type":"Polygon","coordinates":[[[-79.238656,43.803899],[-79.232442,43.803899],[-79.232442,43.80839],[-79.238656,43.80839],[-79.238656,43.803899]]]},"properties":{"StopCount":924}},{"type":"Feature","geometry":{"type":"Polygon","coordinates":[[[-79.232442,43.803899],[-79.226228,43.803899],[-79.226228,43.80839],[-79.232442,43.80839],[-79.232442,43.803899]]]},"properties":{"StopCount":275}},{"type":"Feature","geometry":{"type":"Polygon","coordinates":[[[-79.226228,43.803899],[-79.220014,43.803899],[-79.220014,43.80839],[-79.226228,43.80839],[-79.226228,43.803899]]]},"properties":{"StopCount":373}},{"type":"Feature","geometry":{"type":"Polygon","coordinates":[[[-79.220014,43.803899],[-79.2138,43.803899],[-79.2138,43.80839],[-79.220014,43.80839],[-79.220014,43.803899]]]},"properties":{"StopCount":230}},{"type":"Feature","geometry":{"type":"Polygon","coordinates":[[[-79.2138,43.803899],[-79.207586,43.803899],[-79.207586,43.80839],[-79.2138,43.80839],[-79.2138,43.803899]]]},"properties":{"StopCount":152}},{"type":"Feature","geometry":{"type":"Polygon","coordinates":[[[-79.207586,43.803899],[-79.201372,43.803899],[-79.201372,43.80839],[-79.207586,43.80839],[-79.207586,43.803899]]]},"properties":{"StopCount":135}},{"type":"Feature","geometry":{"type":"Polygon","coordinates":[[[-79.201372,43.803899],[-79.195158,43.803899],[-79.195158,43.80839],[-79.201372,43.80839],[-79.201372,43.803899]]]},"properties":{"StopCount":388}},{"type":"Feature","geometry":{"type":"Polygon","coordinates":[[[-79.195158,43.803899],[-79.188944,43.803899],[-79.188944,43.80839],[-79.195158,43.80839],[-79.195158,43.803899]]]},"properties":{"StopCount":1190}},{"type":"Feature","geometry":{"type":"Polygon","coordinates":[[[-79.188944,43.803899],[-79.18273,43.803899],[-79.18273,43.80839],[-79.188944,43.80839],[-79.188944,43.803899]]]},"properties":{"StopCount":70}},{"type":"Feature","geometry":{"type":"Polygon","coordinates":[[[-79.18273,43.803899],[-79.176516,43.803899],[-79.176516,43.80839],[-79.18273,43.80839],[-79.18273,43.803899]]]},"properties":{"StopCount":83}},{"type":"Feature","geometry":{"type":"Polygon","coordinates":[[[-79.176516,43.803899],[-79.170302,43.803899],[-79.170302,43.80839],[-79.176516,43.80839],[-79.176516,43.803899]]]},"properties":{"StopCount":234}},{"type":"Feature","geometry":{"type":"Polygon","coordinates":[[[-79.170302,43.803899],[-79.164087,43.803899],[-79.164087,43.80839],[-79.170302,43.80839],[-79.170302,43.803899]]]},"properties":{"StopCount":224}},{"type":"Feature","geometry":{"type":"Polygon","coordinates":[[[-79.164087,43.803899],[-79.157873,43.803899],[-79.157873,43.80839],[-79.164087,43.80839],[-79.164087,43.803899]]]},"properties":{"StopCount":53}},{"type":"Feature","geometry":{"type":"Polygon","coordinates":[[[-79.139231,43.803899],[-79.133017,43.803899],[-79.133017,43.80839],[-79.139231,43.80839],[-79.139231,43.803899]]]},"properties":{"StopCount":2}},{"type":"Feature","geometry":{"type":"Polygon","coordinates":[[[-79.369152,43.80839],[-79.362938,43.80839],[-79.362938,43.812882],[-79.369152,43.812882],[-79.369152,43.80839]]]},"properties":{"StopCount":11}},{"type":"Feature","geometry":{"type":"Polygon","coordinates":[[[-79.362938,43.80839],[-79.356723,43.80839],[-79.356723,43.812882],[-79.362938,43.812882],[-79.362938,43.80839]]]},"properties":{"StopCount":57}},{"type":"Feature","geometry":{"type":"Polygon","coordinates":[[[-79.356723,43.80839],[-79.350509,43.80839],[-79.350509,43.812882],[-79.356723,43.812882],[-79.356723,43.80839]]]},"properties":{"StopCount":30}},{"type":"Feature","geometry":{"type":"Polygon","coordinates":[[[-79.350509,43.80839],[-79.344295,43.80839],[-79.344295,43.812882],[-79.350509,43.812882],[-79.350509,43.80839]]]},"properties":{"StopCount":128}},{"type":"Feature","geometry":{"type":"Polygon","coordinates":[[[-79.344295,43.80839],[-79.338081,43.80839],[-79.338081,43.812882],[-79.344295,43.812882],[-79.344295,43.80839]]]},"properties":{"StopCount":299}},{"type":"Feature","geometry":{"type":"Polygon","coordinates":[[[-79.338081,43.80839],[-79.331867,43.80839],[-79.331867,43.812882],[-79.338081,43.812882],[-79.338081,43.80839]]]},"properties":{"StopCount":196}},{"type":"Feature","geometry":{"type":"Polygon","coordinates":[[[-79.331867,43.80839],[-79.325653,43.80839],[-79.325653,43.812882],[-79.331867,43.812882],[-79.331867,43.80839]]]},"properties":{"StopCount":87}},{"type":"Feature","geometry":{"type":"Polygon","coordinates":[[[-79.325653,43.80839],[-79.319439,43.80839],[-79.319439,43.812882],[-79.325653,43.812882],[-79.325653,43.80839]]]},"properties":{"StopCount":107}},{"type":"Feature","geometry":{"type":"Polygon","coordinates":[[[-79.319439,43.80839],[-79.313225,43.80839],[-79.313225,43.812882],[-79.319439,43.812882],[-79.319439,43.80839]]]},"properties":{"StopCount":109}},{"type":"Feature","geometry":{"type":"Polygon","coordinates":[[[-79.313225,43.80839],[-79.307011,43.80839],[-79.307011,43.812882],[-79.313225,43.812882],[-79.313225,43.80839]]]},"properties":{"StopCount":95}},{"type":"Feature","geometry":{"type":"Polygon","coordinates":[[[-79.307011,43.80839],[-79.300797,43.80839],[-79.300797,43.812882],[-79.307011,43.812882],[-79.307011,43.80839]]]},"properties":{"StopCount":102}},{"type":"Feature","geometry":{"type":"Polygon","coordinates":[[[-79.300797,43.80839],[-79.294583,43.80839],[-79.294583,43.812882],[-79.300797,43.812882],[-79.300797,43.80839]]]},"properties":{"StopCount":142}},{"type":"Feature","geometry":{"type":"Polygon","coordinates":[[[-79.294583,43.80839],[-79.288369,43.80839],[-79.288369,43.812882],[-79.294583,43.812882],[-79.294583,43.80839]]]},"properties":{"StopCount":80}},{"type":"Feature","geometry":{"type":"Polygon","coordinates":[[[-79.288369,43.80839],[-79.282155,43.80839],[-79.282155,43.812882],[-79.288369,43.812882],[-79.288369,43.80839]]]},"properties":{"StopCount":68}},{"type":"Feature","geometry":{"type":"Polygon","coordinates":[[[-79.282155,43.80839],[-79.275941,43.80839],[-79.275941,43.812882],[-79.282155,43.812882],[-79.282155,43.80839]]]},"properties":{"StopCount":23}},{"type":"Feature","geometry":{"type":"Polygon","coordinates":[[[-79.275941,43.80839],[-79.269727,43.80839],[-79.269727,43.812882],[-79.275941,43.812882],[-79.275941,43.80839]]]},"properties":{"StopCount":128}},{"type":"Feature","geometry":{"type":"Polygon","coordinates":[[[-79.269727,43.80839],[-79.263513,43.80839],[-79.263513,43.812882],[-79.269727,43.812882],[-79.269727,43.80839]]]},"properties":{"StopCount":318}},{"type":"Feature","geometry":{"type":"Polygon","coordinates":[[[-79.263513,43.80839],[-79.257298,43.80839],[-79.257298,43.812882],[-79.263513,43.812882],[-79.263513,43.80839]]]},"properties":{"StopCount":162}},{"type":"Feature","geometry":{"type":"Polygon","coordinates":[[[-79.257298,43.80839],[-79.251084,43.80839],[-79.251084,43.812882],[-79.257298,43.812882],[-79.257298,43.80839]]]},"properties":{"StopCount":365}},{"type":"Feature","geometry":{"type":"Polygon","coordinates":[[[-79.251084,43.80839],[-79.24487,43.80839],[-79.24487,43.812882],[-79.251084,43.812882],[-79.251084,43.80839]]]},"properties":{"StopCount":434}},{"type":"Feature","geometry":{"type":"Polygon","coordinates":[[[-79.24487,43.80839],[-79.238656,43.80839],[-79.238656,43.812882],[-79.24487,43.812882],[-79.24487,43.80839]]]},"properties":{"StopCount":587}},{"type":"Feature","geometry":{"type":"Polygon","coordinates":[[[-79.238656,43.80839],[-79.232442,43.80839],[-79.232442,43.812882],[-79.238656,43.812882],[-79.238656,43.80839]]]},"properties":{"StopCount":144}},{"type":"Feature","geometry":{"type":"Polygon","coordinates":[[[-79.232442,43.80839],[-79.226228,43.80839],[-79.226228,43.812882],[-79.232442,43.812882],[-79.232442,43.80839]]]},"properties":{"StopCount":164}},{"type":"Feature","geometry":{"type":"Polygon","coordinates":[[[-79.226228,43.80839],[-79.220014,43.80839],[-79.220014,43.812882],[-79.226228,43.812882],[-79.226228,43.80839]]]},"properties":{"StopCount":232}},{"type":"Feature","geometry":{"type":"Polygon","coordinates":[[[-79.220014,43.80839],[-79.2138,43.80839],[-79.2138,43.812882],[-79.220014,43.812882],[-79.220014,43.80839]]]},"properties":{"StopCount":220}},{"type":"Feature","geometry":{"type":"Polygon","coordinates":[[[-79.2138,43.80839],[-79.207586,43.80839],[-79.207586,43.812882],[-79.2138,43.812882],[-79.2138,43.80839]]]},"properties":{"StopCount":167}},{"type":"Feature","geometry":{"type":"Polygon","coordinates":[[[-79.207586,43.80839],[-79.201372,43.80839],[-79.201372,43.812882],[-79.207586,43.812882],[-79.207586,43.80839]]]},"properties":{"StopCount":106}},{"type":"Feature","geometry":{"type":"Polygon","coordinates":[[[-79.201372,43.80839],[-79.195158,43.80839],[-79.195158,43.812882],[-79.201372,43.812882],[-79.201372,43.80839]]]},"properties":{"StopCount":97}},{"type":"Feature","geometry":{"type":"Polygon","coordinates":[[[-79.188944,43.80839],[-79.18273,43.80839],[-79.18273,43.812882],[-79.188944,43.812882],[-79.188944,43.80839]]]},"properties":{"StopCount":41}},{"type":"Feature","geometry":{"type":"Polygon","coordinates":[[[-79.18273,43.80839],[-79.176516,43.80839],[-79.176516,43.812882],[-79.18273,43.812882],[-79.18273,43.80839]]]},"properties":{"StopCount":43}},{"type":"Feature","geometry":{"type":"Polygon","coordinates":[[[-79.176516,43.80839],[-79.170302,43.80839],[-79.170302,43.812882],[-79.176516,43.812882],[-79.176516,43.80839]]]},"properties":{"StopCount":11}},{"type":"Feature","geometry":{"type":"Polygon","coordinates":[[[-79.170302,43.80839],[-79.164087,43.80839],[-79.164087,43.812882],[-79.170302,43.812882],[-79.170302,43.80839]]]},"properties":{"StopCount":42}},{"type":"Feature","geometry":{"type":"Polygon","coordinates":[[[-79.350509,43.812882],[-79.344295,43.812882],[-79.344295,43.817373],[-79.350509,43.817373],[-79.350509,43.812882]]]},"properties":{"StopCount":27}},{"type":"Feature","geometry":{"type":"Polygon","coordinates":[[[-79.344295,43.812882],[-79.338081,43.812882],[-79.338081,43.817373],[-79.344295,43.817373],[-79.344295,43.812882]]]},"properties":{"StopCount":34}},{"type":"Feature","geometry":{"type":"Polygon","coordinates":[[[-79.338081,43.812882],[-79.331867,43.812882],[-79.331867,43.817373],[-79.338081,43.817373],[-79.338081,43.812882]]]},"properties":{"StopCount":24}},{"type":"Feature","geometry":{"type":"Polygon","coordinates":[[[-79.331867,43.812882],[-79.325653,43.812882],[-79.325653,43.817373],[-79.331867,43.817373],[-79.331867,43.812882]]]},"properties":{"StopCount":64}},{"type":"Feature","geometry":{"type":"Polygon","coordinates":[[[-79.325653,43.812882],[-79.319439,43.812882],[-79.319439,43.817373],[-79.325653,43.817373],[-79.325653,43.812882]]]},"properties":{"StopCount":238}},{"type":"Feature","geometry":{"type":"Polygon","coordinates":[[[-79.319439,43.812882],[-79.313225,43.812882],[-79.313225,43.817373],[-79.319439,43.817373],[-79.319439,43.812882]]]},"properties":{"StopCount":126}},{"type":"Feature","geometry":{"type":"Polygon","coordinates":[[[-79.313225,43.812882],[-79.307011,43.812882],[-79.307011,43.817373],[-79.313225,43.817373],[-79.313225,43.812882]]]},"properties":{"StopCount":59}},{"type":"Feature","geometry":{"type":"Polygon","coordinates":[[[-79.307011,43.812882],[-79.300797,43.812882],[-79.300797,43.817373],[-79.307011,43.817373],[-79.307011,43.812882]]]},"properties":{"StopCount":326}},{"type":"Feature","geometry":{"type":"Polygon","coordinates":[[[-79.300797,43.812882],[-79.294583,43.812882],[-79.294583,43.817373],[-79.300797,43.817373],[-79.300797,43.812882]]]},"properties":{"StopCount":432}},{"type":"Feature","geometry":{"type":"Polygon","coordinates":[[[-79.294583,43.812882],[-79.288369,43.812882],[-79.288369,43.817373],[-79.294583,43.817373],[-79.294583,43.812882]]]},"properties":{"StopCount":186}},{"type":"Feature","geometry":{"type":"Polygon","coordinates":[[[-79.288369,43.812882],[-79.282155,43.812882],[-79.282155,43.817373],[-79.288369,43.817373],[-79.288369,43.812882]]]},"properties":{"StopCount":72}},{"type":"Feature","geometry":{"type":"Polygon","coordinates":[[[-79.282155,43.812882],[-79.275941,43.812882],[-79.275941,43.817373],[-79.282155,43.817373],[-79.282155,43.812882]]]},"properties":{"StopCount":81}},{"type":"Feature","geometry":{"type":"Polygon","coordinates":[[[-79.275941,43.812882],[-79.269727,43.812882],[-79.269727,43.817373],[-79.275941,43.817373],[-79.275941,43.812882]]]},"properties":{"StopCount":46}},{"type":"Feature","geometry":{"type":"Polygon","coordinates":[[[-79.269727,43.812882],[-79.263513,43.812882],[-79.263513,43.817373],[-79.269727,43.817373],[-79.269727,43.812882]]]},"properties":{"StopCount":80}},{"type":"Feature","geometry":{"type":"Polygon","coordinates":[[[-79.263513,43.812882],[-79.257298,43.812882],[-79.257298,43.817373],[-79.263513,43.817373],[-79.263513,43.812882]]]},"properties":{"StopCount":129}},{"type":"Feature","geometry":{"type":"Polygon","coordinates":[[[-79.257298,43.812882],[-79.251084,43.812882],[-79.251084,43.817373],[-79.257298,43.817373],[-79.257298,43.812882]]]},"properties":{"StopCount":272}},{"type":"Feature","geometry":{"type":"Polygon","coordinates":[[[-79.251084,43.812882],[-79.24487,43.812882],[-79.24487,43.817373],[-79.251084,43.817373],[-79.251084,43.812882]]]},"properties":{"StopCount":180}},{"type":"Feature","geometry":{"type":"Polygon","coordinates":[[[-79.24487,43.812882],[-79.238656,43.812882],[-79.238656,43.817373],[-79.24487,43.817373],[-79.24487,43.812882]]]},"properties":{"StopCount":769}},{"type":"Feature","geometry":{"type":"Polygon","coordinates":[[[-79.238656,43.812882],[-79.232442,43.812882],[-79.232442,43.817373],[-79.238656,43.817373],[-79.238656,43.812882]]]},"properties":{"StopCount":158}},{"type":"Feature","geometry":{"type":"Polygon","coordinates":[[[-79.232442,43.812882],[-79.226228,43.812882],[-79.226228,43.817373],[-79.232442,43.817373],[-79.232442,43.812882]]]},"properties":{"StopCount":102}},{"type":"Feature","geometry":{"type":"Polygon","coordinates":[[[-79.226228,43.812882],[-79.220014,43.812882],[-79.220014,43.817373],[-79.226228,43.817373],[-79.226228,43.812882]]]},"properties":{"StopCount":62}},{"type":"Feature","geometry":{"type":"Polygon","coordinates":[[[-79.220014,43.812882],[-79.2138,43.812882],[-79.2138,43.817373],[-79.220014,43.817373],[-79.220014,43.812882]]]},"properties":{"StopCount":102}},{"type":"Feature","geometry":{"type":"Polygon","coordinates":[[[-79.2138,43.812882],[-79.207586,43.812882],[-79.207586,43.817373],[-79.2138,43.817373],[-79.2138,43.812882]]]},"properties":{"StopCount":77}},{"type":"Feature","geometry":{"type":"Polygon","coordinates":[[[-79.207586,43.812882],[-79.201372,43.812882],[-79.201372,43.817373],[-79.207586,43.817373],[-79.207586,43.812882]]]},"properties":{"StopCount":45}},{"type":"Feature","geometry":{"type":"Polygon","coordinates":[[[-79.201372,43.812882],[-79.195158,43.812882],[-79.195158,43.817373],[-79.201372,43.817373],[-79.201372,43.812882]]]},"properties":{"StopCount":37}},{"type":"Feature","geometry":{"type":"Polygon","coordinates":[[[-79.157873,43.812882],[-79.151659,43.812882],[-79.151659,43.817373],[-79.157873,43.817373],[-79.157873,43.812882]]]},"properties":{"StopCount":11}},{"type":"Feature","geometry":{"type":"Polygon","coordinates":[[[-79.331867,43.817373],[-79.325653,43.817373],[-79.325653,43.821865],[-79.331867,43.821865],[-79.331867,43.817373]]]},"properties":{"StopCount":7}},{"type":"Feature","geometry":{"type":"Polygon","coordinates":[[[-79.325653,43.817373],[-79.319439,43.817373],[-79.319439,43.821865],[-79.325653,43.821865],[-79.325653,43.817373]]]},"properties":{"StopCount":75}},{"type":"Feature","geometry":{"type":"Polygon","coordinates":[[[-79.319439,43.817373],[-79.313225,43.817373],[-79.313225,43.821865],[-79.319439,43.821865],[-79.319439,43.817373]]]},"properties":{"StopCount":85}},{"type":"Feature","geometry":{"type":"Polygon","coordinates":[[[-79.313225,43.817373],[-79.307011,43.817373],[-79.307011,43.821865],[-79.313225,43.821865],[-79.313225,43.817373]]]},"properties":{"StopCount":49}},{"type":"Feature","geometry":{"type":"Polygon","coordinates":[[[-79.307011,43.817373],[-79.300797,43.817373],[-79.300797,43.821865],[-79.307011,43.821865],[-79.307011,43.817373]]]},"properties":{"StopCount":214}},{"type":"Feature","geometry":{"type":"Polygon","coordinates":[[[-79.300797,43.817373],[-79.294583,43.817373],[-79.294583,43.821865],[-79.300797,43.821865],[-79.300797,43.817373]]]},"properties":{"StopCount":180}},{"type":"Feature","geometry":{"type":"Polygon","coordinates":[[[-79.294583,43.817373],[-79.288369,43.817373],[-79.288369,43.821865],[-79.294583,43.821865],[-79.294583,43.817373]]]},"properties":{"StopCount":148}},{"type":"Feature","geometry":{"type":"Polygon","coordinates":[[[-79.288369,43.817373],[-79.282155,43.817373],[-79.282155,43.821865],[-79.288369,43.821865],[-79.288369,43.817373]]]},"properties":{"StopCount":101}},{"type":"Feature","geometry":{"type":"Polygon","coordinates":[[[-79.282155,43.817373],[-79.275941,43.817373],[-79.275941,43.821865],[-79.282155,43.821865],[-79.282155,43.817373]]]},"properties":{"StopCount":124}},{"type":"Feature","geometry":{"type":"Polygon","coordinates":[[[-79.275941,43.817373],[-79.269727,43.817373],[-79.269727,43.821865],[-79.275941,43.821865],[-79.275941,43.817373]]]},"properties":{"StopCount":79}},{"type":"Feature","geometry":{"type":"Polygon","coordinates":[[[-79.269727,43.817373],[-79.263513,43.817373],[-79.263513,43.821865],[-79.269727,43.821865],[-79.269727,43.817373]]]},"properties":{"StopCount":66}},{"type":"Feature","geometry":{"type":"Polygon","coordinates":[[[-79.263513,43.817373],[-79.257298,43.817373],[-79.257298,43.821865],[-79.263513,43.821865],[-79.263513,43.817373]]]},"properties":{"StopCount":435}},{"type":"Feature","geometry":{"type":"Polygon","coordinates":[[[-79.257298,43.817373],[-79.251084,43.817373],[-79.251084,43.821865],[-79.257298,43.821865],[-79.257298,43.817373]]]},"properties":{"StopCount":309}},{"type":"Feature","geometry":{"type":"Polygon","coordinates":[[[-79.251084,43.817373],[-79.24487,43.817373],[-79.24487,43.821865],[-79.251084,43.821865],[-79.251084,43.817373]]]},"properties":{"StopCount":143}},{"type":"Feature","geometry":{"type":"Polygon","coordinates":[[[-79.24487,43.817373],[-79.238656,43.817373],[-79.238656,43.821865],[-79.24487,43.821865],[-79.24487,43.817373]]]},"properties":{"StopCount":223}},{"type":"Feature","geometry":{"type":"Polygon","coordinates":[[[-79.238656,43.817373],[-79.232442,43.817373],[-79.232442,43.821865],[-79.238656,43.821865],[-79.238656,43.817373]]]},"properties":{"StopCount":306}},{"type":"Feature","geometry":{"type":"Polygon","coordinates":[[[-79.232442,43.817373],[-79.226228,43.817373],[-79.226228,43.821865],[-79.232442,43.821865],[-79.232442,43.817373]]]},"properties":{"StopCount":138}},{"type":"Feature","geometry":{"type":"Polygon","coordinates":[[[-79.226228,43.817373],[-79.220014,43.817373],[-79.220014,43.821865],[-79.226228,43.821865],[-79.226228,43.817373]]]},"properties":{"StopCount":170}},{"type":"Feature","geometry":{"type":"Polygon","coordinates":[[[-79.220014,43.817373],[-79.2138,43.817373],[-79.2138,43.821865],[-79.220014,43.821865],[-79.220014,43.817373]]]},"properties":{"StopCount":111}},{"type":"Feature","geometry":{"type":"Polygon","coordinates":[[[-79.2138,43.817373],[-79.207586,43.817373],[-79.207586,43.821865],[-79.2138,43.821865],[-79.2138,43.817373]]]},"properties":{"StopCount":49}},{"type":"Feature","geometry":{"type":"Polygon","coordinates":[[[-79.207586,43.817373],[-79.201372,43.817373],[-79.201372,43.821865],[-79.207586,43.821865],[-79.207586,43.817373]]]},"properties":{"StopCount":90}},{"type":"Feature","geometry":{"type":"Polygon","coordinates":[[[-79.201372,43.817373],[-79.195158,43.817373],[-79.195158,43.821865],[-79.201372,43.821865],[-79.201372,43.817373]]]},"properties":{"StopCount":7}},{"type":"Feature","geometry":{"type":"Polygon","coordinates":[[[-79.188944,43.817373],[-79.18273,43.817373],[-79.18273,43.821865],[-79.188944,43.821865],[-79.188944,43.817373]]]},"properties":{"StopCount":3}},{"type":"Feature","geometry":{"type":"Polygon","coordinates":[[[-79.18273,43.817373],[-79.176516,43.817373],[-79.176516,43.821865],[-79.18273,43.821865],[-79.18273,43.817373]]]},"properties":{"StopCount":54}},{"type":"Feature","geometry":{"type":"Polygon","coordinates":[[[-79.176516,43.817373],[-79.170302,43.817373],[-79.170302,43.821865],[-79.176516,43.821865],[-79.176516,43.817373]]]},"properties":{"StopCount":2}},{"type":"Feature","geometry":{"type":"Polygon","coordinates":[[[-79.170302,43.817373],[-79.164087,43.817373],[-79.164087,43.821865],[-79.170302,43.821865],[-79.170302,43.817373]]]},"properties":{"StopCount":2}},{"type":"Feature","geometry":{"type":"Polygon","coordinates":[[[-79.313225,43.821865],[-79.307011,43.821865],[-79.307011,43.826356],[-79.313225,43.826356],[-79.313225,43.821865]]]},"properties":{"StopCount":45}},{"type":"Feature","geometry":{"type":"Polygon","coordinates":[[[-79.307011,43.821865],[-79.300797,43.821865],[-79.300797,43.826356],[-79.307011,43.826356],[-79.307011,43.821865]]]},"properties":{"StopCount":159}},{"type":"Feature","geometry":{"type":"Polygon","coordinates":[[[-79.300797,43.821865],[-79.294583,43.821865],[-79.294583,43.826356],[-79.300797,43.826356],[-79.300797,43.821865]]]},"properties":{"StopCount":273}},{"type":"Feature","geometry":{"type":"Polygon","coordinates":[[[-79.294583,43.821865],[-79.288369,43.821865],[-79.288369,43.826356],[-79.294583,43.826356],[-79.294583,43.821865]]]},"properties":{"StopCount":118}},{"type":"Feature","geometry":{"type":"Polygon","coordinates":[[[-79.288369,43.821865],[-79.282155,43.821865],[-79.282155,43.826356],[-79.288369,43.826356],[-79.288369,43.821865]]]},"properties":{"StopCount":75}},{"type":"Feature","geometry":{"type":"Polygon","coordinates":[[[-79.282155,43.821865],[-79.275941,43.821865],[-79.275941,43.826356],[-79.282155,43.826356],[-79.282155,43.821865]]]},"properties":{"StopCount":153}},{"type":"Feature","geometry":{"type":"Polygon","coordinates":[[[-79.275941,43.821865],[-79.269727,43.821865],[-79.269727,43.826356],[-79.275941,43.826356],[-79.275941,43.821865]]]},"properties":{"StopCount":151}},{"type":"Feature","geometry":{"type":"Polygon","coordinates":[[[-79.269727,43.821865],[-79.263513,43.821865],[-79.263513,43.826356],[-79.269727,43.826356],[-79.269727,43.821865]]]},"properties":{"StopCount":95}},{"type":"Feature","geometry":{"type":"Polygon","coordinates":[[[-79.263513,43.821865],[-79.257298,43.821865],[-79.257298,43.826356],[-79.263513,43.826356],[-79.263513,43.821865]]]},"properties":{"StopCount":181}},{"type":"Feature","geometry":{"type":"Polygon","coordinates":[[[-79.257298,43.821865],[-79.251084,43.821865],[-79.251084,43.826356],[-79.257298,43.826356],[-79.257298,43.821865]]]},"properties":{"StopCount":654}},{"type":"Feature","geometry":{"type":"Polygon","coordinates":[[[-79.251084,43.821865],[-79.24487,43.821865],[-79.24487,43.826356],[-79.251084,43.826356],[-79.251084,43.821865]]]},"properties":{"StopCount":903}},{"type":"Feature","geometry":{"type":"Polygon","coordinates":[[[-79.24487,43.821865],[-79.238656,43.821865],[-79.238656,43.826356],[-79.24487,43.826356],[-79.24487,43.821865]]]},"properties":{"StopCount":249}},{"type":"Feature","geometry":{"type":"Polygon","coordinates":[[[-79.238656,43.821865],[-79.232442,43.821865],[-79.232442,43.826356],[-79.238656,43.826356],[-79.238656,43.821865]]]},"properties":{"StopCount":821}},{"type":"Feature","geometry":{"type":"Polygon","coordinates":[[[-79.232442,43.821865],[-79.226228,43.821865],[-79.226228,43.826356],[-79.232442,43.826356],[-79.232442,43.821865]]]},"properties":{"StopCount":180}},{"type":"Feature","geometry":{"type":"Polygon","coordinates":[[[-79.226228,43.821865],[-79.220014,43.821865],[-79.220014,43.826356],[-79.226228,43.826356],[-79.226228,43.821865]]]},"properties":{"StopCount":37}},{"type":"Feature","geometry":{"type":"Polygon","coordinates":[[[-79.220014,43.821865],[-79.2138,43.821865],[-79.2138,43.826356],[-79.220014,43.826356],[-79.220014,43.821865]]]},"properties":{"StopCount":49}},{"type":"Feature","geometry":{"type":"Polygon","coordinates":[[[-79.2138,43.821865],[-79.207586,43.821865],[-79.207586,43.826356],[-79.2138,43.826356],[-79.2138,43.821865]]]},"properties":{"StopCount":63}},{"type":"Feature","geometry":{"type":"Polygon","coordinates":[[[-79.207586,43.821865],[-79.201372,43.821865],[-79.201372,43.826356],[-79.207586,43.826356],[-79.207586,43.821865]]]},"properties":{"StopCount":19}},{"type":"Feature","geometry":{"type":"Polygon","coordinates":[[[-79.201372,43.821865],[-79.195158,43.821865],[-79.195158,43.826356],[-79.201372,43.826356],[-79.201372,43.821865]]]},"properties":{"StopCount":3}},{"type":"Feature","geometry":{"type":"Polygon","coordinates":[[[-79.188944,43.821865],[-79.18273,43.821865],[-79.18273,43.826356],[-79.188944,43.826356],[-79.188944,43.821865]]]},"properties":{"StopCount":48}},{"type":"Feature","geometry":{"type":"Polygon","coordinates":[[[-79.18273,43.821865],[-79.176516,43.821865],[-79.176516,43.826356],[-79.18273,43.826356],[-79.18273,43.821865]]]},"properties":{"StopCount":3}},{"type":"Feature","geometry":{"type":"Polygon","coordinates":[[[-79.170302,43.821865],[-79.164087,43.821865],[-79.164087,43.826356],[-79.170302,43.826356],[-79.170302,43.821865]]]},"properties":{"StopCount":28}},{"type":"Feature","geometry":{"type":"Polygon","coordinates":[[[-79.294583,43.826356],[-79.288369,43.826356],[-79.288369,43.830848],[-79.294583,43.830848],[-79.294583,43.826356]]]},"properties":{"StopCount":36}},{"type":"Feature","geometry":{"type":"Polygon","coordinates":[[[-79.288369,43.826356],[-79.282155,43.826356],[-79.282155,43.830848],[-79.288369,43.830848],[-79.288369,43.826356]]]},"properties":{"StopCount":52}},{"type":"Feature","geometry":{"type":"Polygon","coordinates":[[[-79.282155,43.826356],[-79.275941,43.826356],[-79.275941,43.830848],[-79.282155,43.830848],[-79.282155,43.826356]]]},"properties":{"StopCount":121}},{"type":"Feature","geometry":{"type":"Polygon","coordinates":[[[-79.275941,43.826356],[-79.269727,43.826356],[-79.269727,43.830848],[-79.275941,43.830848],[-79.275941,43.826356]]]},"properties":{"StopCount":87}},{"type":"Feature","geometry":{"type":"Polygon","coordinates":[[[-79.269727,43.826356],[-79.263513,43.826356],[-79.263513,43.830848],[-79.269727,43.830848],[-79.269727,43.826356]]]},"properties":{"StopCount":55}},{"type":"Feature","geometry":{"type":"Polygon","coordinates":[[[-79.263513,43.826356],[-79.257298,43.826356],[-79.257298,43.830848],[-79.263513,43.830848],[-79.263513,43.826356]]]},"properties":{"StopCount":131}},{"type":"Feature","geometry":{"type":"Polygon","coordinates":[[[-79.257298,43.826356],[-79.251084,43.826356],[-79.251084,43.830848],[-79.257298,43.830848],[-79.257298,43.826356]]]},"properties":{"StopCount":306}},{"type":"Feature","geometry":{"type":"Polygon","coordinates":[[[-79.251084,43.826356],[-79.24487,43.826356],[-79.24487,43.830848],[-79.251084,43.830848],[-79.251084,43.826356]]]},"properties":{"StopCount":240}},{"type":"Feature","geometry":{"type":"Polygon","coordinates":[[[-79.24487,43.826356],[-79.238656,43.826356],[-79.238656,43.830848],[-79.24487,43.830848],[-79.24487,43.826356]]]},"properties":{"StopCount":392}},{"type":"Feature","geometry":{"type":"Polygon","coordinates":[[[-79.238656,43.826356],[-79.232442,43.826356],[-79.232442,43.830848],[-79.238656,43.830848],[-79.238656,43.826356]]]},"properties":{"StopCount":54}},{"type":"Feature","geometry":{"type":"Polygon","coordinates":[[[-79.232442,43.826356],[-79.226228,43.826356],[-79.226228,43.830848],[-79.232442,43.830848],[-79.232442,43.826356]]]},"properties":{"StopCount":21}},{"type":"Feature","geometry":{"type":"Polygon","coordinates":[[[-79.226228,43.826356],[-79.220014,43.826356],[-79.220014,43.830848],[-79.226228,43.830848],[-79.226228,43.826356]]]},"properties":{"StopCount":31}},{"type":"Feature","geometry":{"type":"Polygon","coordinates":[[[-79.18273,43.826356],[-79.176516,43.826356],[-79.176516,43.830848],[-79.18273,43.830848],[-79.18273,43.826356]]]},"properties":{"StopCount":2}},{"type":"Feature","geometry":{"type":"Polygon","coordinates":[[[-79.275941,43.830848],[-79.269727,43.830848],[-79.269727,43.83534],[-79.275941,43.83534],[-79.275941,43.830848]]]},"properties":{"StopCount":3}},{"type":"Feature","geometry":{"type":"Polygon","coordinates":[[[-79.269727,43.830848],[-79.263513,43.830848],[-79.263513,43.83534],[-79.269727,43.83534],[-79.269727,43.830848]]]},"properties":{"StopCount":181}},{"type":"Feature","geometry":{"type":"Polygon","coordinates":[[[-79.263513,43.830848],[-79.257298,43.830848],[-79.257298,43.83534],[-79.263513,43.83534],[-79.263513,43.830848]]]},"properties":{"StopCount":32}},{"type":"Feature","geometry":{"type":"Polygon","coordinates":[[[-79.257298,43.830848],[-79.251084,43.830848],[-79.251084,43.83534],[-79.257298,43.83534],[-79.257298,43.830848]]]},"properties":{"StopCount":278}},{"type":"Feature","geometry":{"type":"Polygon","coordinates":[[[-79.251084,43.830848],[-79.24487,43.830848],[-79.24487,43.83534],[-79.251084,43.83534],[-79.251084,43.830848]]]},"properties":{"StopCount":436}},{"type":"Feature","geometry":{"type":"Polygon","coordinates":[[[-79.24487,43.830848],[-79.238656,43.830848],[-79.238656,43.83534],[-79.24487,43.83534],[-79.24487,43.830848]]]},"properties":{"StopCount":317}},{"type":"Feature","geometry":{"type":"Polygon","coordinates":[[[-79.238656,43.830848],[-79.232442,43.830848],[-79.232442,43.83534],[-79.238656,43.83534],[-79.238656,43.830848]]]},"properties":{"StopCount":170}},{"type":"Feature","geometry":{"type":"Polygon","coordinates":[[[-79.232442,43.830848],[-79.226228,43.830848],[-79.226228,43.83534],[-79.232442,43.83534],[-79.232442,43.830848]]]},"properties":{"StopCount":17}},{"type":"Feature","geometry":{"type":"Polygon","coordinates":[[[-79.226228,43.830848],[-79.220014,43.830848],[-79.220014,43.83534],[-79.226228,43.83534],[-79.226228,43.830848]]]},"properties":{"StopCount":11}},{"type":"Feature","geometry":{"type":"Polygon","coordinates":[[[-79.195158,43.830848],[-79.188944,43.830848],[-79.188944,43.83534],[-79.195158,43.83534],[-79.195158,43.830848]]]},"properties":{"StopCount":12}},{"type":"Feature","geometry":{"type":"Polygon","coordinates":[[[-79.176516,43.830848],[-79.170302,43.830848],[-79.170302,43.83534],[-79.176516,43.83534],[-79.176516,43.830848]]]},"properties":{"StopCount":4}},{"type":"Feature","geometry":{"type":"Polygon","coordinates":[[[-79.164087,43.830848],[-79.157873,43.830848],[-79.157873,43.83534],[-79.164087,43.83534],[-79.164087,43.830848]]]},"properties":{"StopCount":22}},{"type":"Feature","geometry":{"type":"Polygon","coordinates":[[[-79.257298,43.83534],[-79.251084,43.83534],[-79.251084,43.839831],[-79.257298,43.839831],[-79.257298,43.83534]]]},"properties":{"StopCount":65}},{"type":"Feature","geometry":{"type":"Polygon","coordinates":[[[-79.251084,43.83534],[-79.24487,43.83534],[-79.24487,43.839831],[-79.251084,43.839831],[-79.251084,43.83534]]]},"properties":{"StopCount":612}},{"type":"Feature","geometry":{"type":"Polygon","coordinates":[[[-79.24487,43.83534],[-79.238656,43.83534],[-79.238656,43.839831],[-79.24487,43.839831],[-79.24487,43.83534]]]},"properties":{"StopCount":700}},{"type":"Feature","geometry":{"type":"Polygon","coordinates":[[[-79.238656,43.83534],[-79.232442,43.83534],[-79.232442,43.839831],[-79.238656,43.839831],[-79.238656,43.83534]]]},"properties":{"StopCount":2}},{"type":"Feature","geometry":{"type":"Polygon","coordinates":[[[-79.232442,43.83534],[-79.226228,43.83534],[-79.226228,43.839831],[-79.232442,43.839831],[-79.232442,43.83534]]]},"properties":{"StopCount":20}},{"type":"Feature","geometry":{"type":"Polygon","coordinates":[[[-79.18273,43.83534],[-79.176516,43.83534],[-79.176516,43.839831],[-79.18273,43.839831],[-79.18273,43.83534]]]},"properties":{"StopCount":2}},{"type":"Feature","geometry":{"type":"Polygon","coordinates":[[[-79.238656,43.839831],[-79.232442,43.839831],[-79.232442,43.844323],[-79.238656,43.844323],[-79.238656,43.839831]]]},"properties":{"StopCount":3}},{"type":"Feature","geometry":{"type":"Polygon","coordinates":[[[-79.201372,43.839831],[-79.195158,43.839831],[-79.195158,43.844323],[-79.201372,43.844323],[-79.201372,43.839831]]]},"properties":{"StopCount":13}},{"type":"Feature","geometry":{"type":"Polygon","coordinates":[[[-79.2138,43.844323],[-79.207586,43.844323],[-79.207586,43.848814],[-79.2138,43.848814],[-79.2138,43.844323]]]},"properties":{"StopCount":12}},{"type":"Feature","geometry":{"type":"Polygon","coordinates":[[[-79.188944,43.844323],[-79.18273,43.844323],[-79.18273,43.848814],[-79.188944,43.848814],[-79.188944,43.844323]]]},"properties":{"StopCount":3}},{"type":"Feature","geometry":{"type":"Polygon","coordinates":[[[-79.195158,43.848814],[-79.188944,43.848814],[-79.188944,43.853306],[-79.195158,43.853306],[-79.195158,43.848814]]]},"properties":{"StopCount":2}},{"type":"Feature","geometry":{"type":"Polygon","coordinates":[[[-79.18273,43.848814],[-79.176516,43.848814],[-79.176516,43.853306],[-79.18273,43.853306],[-79.18273,43.848814]]]},"properties":{"StopCount":3}}]}