{"type":"FeatureCollection","features":[{"type":"Feature","geometry":{"type":"Polygon","coordinates":[[[-79.959692,43.710315],[-79.959101,43.710334],[-79.95909,43.710744],[-79.959729,43.711615],[-79.958744,43.71193],[-79.956107,43.711731],[-79.955614,43.711522],[-79.952968,43.713814],[-79.947862,43.718483],[-79.942351,43.714591],[-79.937504,43.711008],[-79.937795,43.710841],[-79.937601,43.710668],[-79.937372,43.710128],[-79.936924,43.710571],[-79.936574,43.710309],[-79.936851,43.709642],[-79.936803,43.709362],[-79.936576,43.709015],[-79.934928,43.707747],[-79.934565,43.70761],[-79.93431,43.70765],[-79.934007,43.707451],[-79.93412,43.707338],[-79.932775,43.70552],[-79.936779,43.7018],[-79.932726,43.698787],[-79.932259,43.699656],[-79.932218,43.700163],[-79.930484,43.702392],[-79.930593,43.702473],[-79.929545,43.703349],[-79.93005,43.703743],[-79.928968,43.70464],[-79.928836,43.704542],[-79.92977,43.703777],[-79.929249,43.703395],[-79.930353,43.702456],[-79.931267,43.700884],[-79.929597,43.699657],[-79.931616,43.697938],[-79.926261,43.6939],[-79.922593,43.697332],[-79.92336,43.697901],[-79.921792,43.699312],[-79.921351,43.698985],[-79.921925,43.698479],[-79.921595,43.698234],[-79.921024,43.698742],[-79.918735,43.697044],[-79.919408,43.696433],[-79.918549,43.695795],[-79.917881,43.696411],[-79.9157,43.694793],[-79.92922,43.682679],[-79.928476,43.682328],[-79.928985,43.681812],[-79.929271,43.681855],[-79.929628,43.680042],[-79.929922,43.679679],[-79.930389,43.67943],[-79.927878,43.677572],[-79.925954,43.67649],[-79.924942,43.677422],[-79.923949,43.676679],[-79.924126,43.676518],[-79.92361,43.676047],[-79.924741,43.675222],[-79.923236,43.674096],[-79.923022,43.674302],[-79.921603,43.673241],[-79.920701,43.674126],[-79.922399,43.675391],[-79.919775,43.677802],[-79.918147,43.676594],[-79.916738,43.677955],[-79.924332,43.683645],[-79.924882,43.683302],[-79.925454,43.683722],[-79.925339,43.683794],[-79.925562,43.684019],[-79.926987,43.684415],[-79.915525,43.694662],[-79.904891,43.686764],[-79.910165,43.681932],[-79.904849,43.677956],[-79.900183,43.682262],[-79.899786,43.681969],[-79.899276,43.682445],[-79.897467,43.681106],[-79.898141,43.680535],[-79.897569,43.680145],[-79.896895,43.680683],[-79.887781,43.673946],[-79.888427,43.673484],[-79.888109,43.67325],[-79.887462,43.673712],[-79.883944,43.671119],[-79.884654,43.670477],[-79.884255,43.670183],[-79.884503,43.669959],[-79.883764,43.66941],[-79.884214,43.669106],[-79.883716,43.66874],[-79.882218,43.669845],[-79.881406,43.669244],[-79.88235,43.668387],[-79.882615,43.668583],[-79.883648,43.667643],[-79.882853,43.667056],[-79.880793,43.668929],[-79.835365,43.63524],[-79.792154,43.603444],[-79.791456,43.603854],[-79.790737,43.604068],[-79.789909,43.6041],[-79.789078,43.603943],[-79.788566,43.603732],[-79.787721,43.603225],[-79.789643,43.60199],[-79.789494,43.60191],[-79.789028,43.602162],[-79.788426,43.60227],[-79.787844,43.602225],[-79.786392,43.601515],[-79.785474,43.601204],[-79.784583,43.601118],[-79.784561,43.601005],[-79.787386,43.600789],[-79.787921,43.600348],[-79.791317,43.599973],[-79.793212,43.599586],[-79.795045,43.599083],[-79.796761,43.598482],[-79.798979,43.597475],[-79.800524,43.596604],[-79.801962,43.595625],[-79.803273,43.594556],[-79.824178,43.57593],[-79.829343,43.571139],[-79.83478,43.566239],[-79.834898,43.566326],[-79.840396,43.561404],[-79.845754,43.55656],[-79.845456,43.556337],[-79.850739,43.551555],[-79.850947,43.55171],[-79.856498,43.546733],[-79.859787,43.543938],[-79.861565,43.54268],[-79.862687,43.542023],[-79.868247,43.544253],[-79.88146,43.554023],[-79.894944,43.564196],[-79.916132,43.545],[-79.916454,43.545229],[-79.927267,43.535466],[-79.927048,43.5353],[-79.938992,43.524586],[-79.944564,43.528549],[-79.943301,43.529675],[-79.948419,43.533649],[-79.949857,43.53236],[-79.965956,43.543997],[-79.984368,43.557155],[-79.984823,43.556941],[-79.98497,43.556965],[-79.986176,43.557544],[-79.987277,43.557738],[-79.989348,43.556453],[-79.990043,43.555813],[-79.990189,43.555581],[-79.990124,43.555398],[-79.990502,43.555261],[-79.99058,43.555123],[-79.990739,43.55506],[-79.990662,43.554946],[-79.990833,43.554735],[-79.991032,43.554656],[-79.991212,43.554741],[-79.991298,43.554621],[-79.991515,43.554835],[-79.991782,43.554811],[-79.991885,43.554526],[-79.992172,43.554733],[-79.991769,43.555156],[-79.987902,43.558562],[-79.987074,43.559083],[-79.99087,43.561841],[-79.990887,43.561555],[-79.990796,43.561285],[-79.989878,43.560483],[-79.989535,43.559963],[-79.991112,43.558624],[-79.992978,43.559983],[-79.991138,43.561537],[-79.991108,43.562001],[-79.992798,43.563138],[-79.997257,43.559331],[-79.997982,43.55885],[-79.999928,43.557041],[-80.002716,43.559115],[-80.000768,43.560892],[-80.005972,43.564436],[-80.006787,43.565168],[-80.00862,43.566592],[-80.003789,43.570992],[-80.036075,43.594209],[-80.053946,43.606905],[-80.049713,43.610754],[-80.053635,43.613313],[-80.057737,43.609559],[-80.05899,43.610364],[-80.074561,43.621329],[-80.079346,43.616661],[-80.084826,43.620456],[-80.081037,43.62404],[-80.086613,43.627942],[-80.085565,43.628953],[-80.085783,43.629105],[-80.085544,43.629325],[-80.085836,43.629529],[-80.085694,43.629656],[-80.0854,43.629459],[-80.08403,43.63072],[-80.084714,43.631257],[-80.084232,43.631609],[-80.083594,43.631121],[-80.082501,43.632127],[-80.082745,43.632637],[-80.083147,43.633142],[-80.083944,43.633698],[-80.084359,43.634476],[-80.084347,43.63474],[-80.084594,43.635327],[-80.084783,43.635503],[-80.085256,43.635463],[-80.085746,43.635707],[-80.083309,43.63866],[-80.078903,43.635436],[-80.073732,43.640112],[-80.076408,43.642083],[-80.073343,43.644886],[-80.07614,43.646946],[-80.073749,43.649087],[-80.071488,43.647275],[-80.070095,43.648155],[-80.067362,43.645914],[-80.0643,43.648699],[-80.064907,43.64915],[-80.064668,43.649367],[-80.065537,43.65002],[-80.065068,43.650145],[-80.063776,43.649174],[-80.060212,43.652406],[-80.062007,43.65374],[-80.063561,43.652343],[-80.066212,43.654318],[-80.064657,43.655715],[-80.065584,43.656406],[-80.061707,43.659918],[-80.057576,43.656821],[-80.056709,43.657609],[-80.055486,43.65669],[-80.054878,43.657243],[-80.060215,43.661222],[-80.051357,43.669441],[-80.050479,43.668783],[-80.04886,43.670267],[-80.046011,43.668132],[-80.04751,43.666857],[-80.046358,43.665991],[-80.044904,43.667302],[-80.044289,43.666839],[-80.037291,43.673131],[-80.038843,43.674304],[-80.035047,43.677685],[-80.038454,43.68022],[-80.037304,43.681243],[-80.037831,43.681637],[-80.03352,43.685462],[-80.029208,43.682237],[-80.028691,43.682697],[-80.027555,43.681849],[-80.023198,43.685733],[-80.024437,43.686657],[-80.02396,43.687082],[-80.02533,43.688104],[-80.023216,43.690009],[-80.026067,43.692136],[-80.02439,43.693676],[-80.020903,43.691087],[-80.019276,43.692563],[-80.016928,43.691391],[-80.015984,43.692243],[-80.018975,43.694461],[-80.018004,43.695334],[-80.01549,43.693465],[-80.014706,43.694169],[-80.014778,43.694223],[-80.014159,43.694726],[-80.014242,43.694788],[-80.013997,43.694992],[-80.013765,43.694844],[-80.013391,43.695182],[-80.013763,43.69539],[-80.013434,43.695685],[-80.013517,43.695747],[-80.012567,43.696593],[-80.012327,43.696413],[-80.010919,43.697633],[-80.011268,43.697894],[-80.011039,43.698099],[-80.011318,43.698313],[-80.008725,43.700642],[-80.008451,43.700462],[-80.005658,43.702975],[-80.0048,43.70232],[-80.003658,43.703347],[-80.004337,43.703739],[-80.002956,43.704984],[-80.002345,43.70453],[-79.969044,43.73444],[-79.963628,43.730457],[-79.971453,43.723546],[-79.970245,43.722554],[-79.968848,43.721584],[-79.97125,43.719153],[-79.968673,43.717304],[-79.959692,43.710315]]]},"properties":{"LDC_Name_12":"Halton Hills Hydro Inc.","LDC_Web_12":"https://www.haltonhillshydro.com/","LDC_Type":"Service Area"}},{"type":"Feature","geometry":{"type":"Polygon","coordinates":[[[-80.084826,43.620456],[-80.079346,43.616661],[-80.074561,43.621329],[-80.05899,43.610364],[-80.057737,43.609559],[-80.053635,43.613313],[-80.049713,43.610754],[-80.053946,43.606905],[-80.036075,43.594209],[-80.003789,43.570992],[-80.00862,43.566592],[-80.006787,43.565168],[-80.005972,43.564436],[-80.000768,43.560892],[-80.002716,43.559115],[-79.999928,43.557041],[-79.997982,43.55885],[-79.997257,43.559331],[-79.992798,43.563138],[-79.991108,43.562001],[-79.991138,43.561537],[-79.992978,43.559983],[-79.991112,43.558624],[-79.989535,43.559963],[-79.989878,43.560483],[-79.990796,43.561285],[-79.990887,43.561555],[-79.99087,43.561841],[-79.987074,43.559083],[-79.987902,43.558562],[-79.991769,43.555156],[-79.992172,43.554733],[-79.991885,43.554526],[-79.991782,43.554811],[-79.991515,43.554835],[-79.991298,43.554621],[-79.991212,43.554741],[-79.991032,43.554656],[-79.990833,43.554735],[-79.990662,43.554946],[-79.990739,43.55506],[-79.99058,43.555123],[-79.990502,43.555261],[-79.990124,43.555398],[-79.990189,43.555581],[-79.990043,43.555813],[-79.989348,43.556453],[-79.987277,43.557738],[-79.986176,43.557544],[-79.98497,43.556965],[-79.984823,43.556941],[-79.984368,43.557155],[-79.965956,43.543997],[-79.949857,43.53236],[-79.948419,43.533649],[-79.943301,43.529675],[-79.944564,43.528549],[-79.938992,43.524586],[-79.927048,43.5353],[-79.927267,43.535466],[-79.916454,43.545229],[-79.916132,43.545],[-79.894944,43.564196],[-79.88146,43.554023],[-79.868247,43.544253],[-79.862687,43.542023],[-79.861565,43.54268],[-79.859787,43.543938],[-79.856498,43.546733],[-79.850947,43.55171],[-79.850739,43.551555],[-79.845456,43.556337],[-79.845754,43.55656],[-79.834898,43.566326],[-79.83478,43.566239],[-79.829343,43.571139],[-79.824178,43.57593],[-79.810101,43.588471],[-79.809886,43.587505],[-79.809125,43.586054],[-79.808687,43.585499],[-79.807872,43.584709],[-79.806524,43.583652],[-79.795738,43.575722],[-79.790229,43.572069],[-79.788694,43.570951],[-79.785417,43.568218],[-79.783753,43.566944],[-79.771177,43.557748],[-79.768928,43.55623],[-79.766174,43.554682],[-79.762832,43.552525],[-79.7607,43.55085],[-79.756362,43.546975],[-79.74612,43.539456],[-79.743177,43.537563],[-79.733584,43.532544],[-79.730419,43.531165],[-79.728672,43.530585],[-79.727548,43.530397],[-79.724822,43.528255],[-79.772399,43.484786],[-79.774881,43.485169],[-79.775217,43.483957],[-79.776713,43.482637],[-79.775677,43.481882],[-79.778878,43.478989],[-79.779141,43.479186],[-79.779351,43.478588],[-79.78042,43.477942],[-79.783663,43.477302],[-79.784942,43.478356],[-79.786299,43.47933],[-79.783029,43.482107],[-79.783764,43.482642],[-79.787043,43.479858],[-79.789771,43.481851],[-79.791832,43.48023],[-79.792735,43.480897],[-79.795638,43.478262],[-79.794945,43.477856],[-79.79562,43.477243],[-79.795512,43.477009],[-79.794615,43.476416],[-79.793544,43.476746],[-79.790817,43.476656],[-79.795758,43.472481],[-79.796519,43.471352],[-79.797952,43.472369],[-79.799967,43.470836],[-79.802044,43.472356],[-79.806625,43.468155],[-79.799155,43.462671],[-79.799854,43.459665],[-79.800894,43.458722],[-79.800527,43.458437],[-79.801557,43.453978],[-79.800024,43.452817],[-79.800694,43.451514],[-79.800879,43.450709],[-79.797735,43.448401],[-79.796231,43.449773],[-79.795959,43.449575],[-79.796247,43.449313],[-79.795633,43.448866],[-79.79845,43.446272],[-79.797932,43.445891],[-79.798422,43.445439],[-79.798939,43.445821],[-79.799802,43.445027],[-79.798389,43.444213],[-79.798973,43.443674],[-79.800387,43.444488],[-79.802873,43.442199],[-79.802346,43.441891],[-79.80258,43.441676],[-79.800977,43.440709],[-79.801121,43.440584],[-79.79657,43.437199],[-79.798216,43.435536],[-79.800128,43.433825],[-79.80088,43.433779],[-79.801571,43.433164],[-79.803364,43.43447],[-79.801822,43.435948],[-79.803962,43.437466],[-79.805764,43.430992],[-79.806241,43.431338],[-79.804999,43.435669],[-79.80609,43.436454],[-79.807884,43.432532],[-79.81095,43.434761],[-79.815335,43.430698],[-79.815031,43.427938],[-79.814629,43.426183],[-79.813979,43.424539],[-79.812965,43.422774],[-79.815726,43.420354],[-79.816081,43.420863],[-79.816128,43.421222],[-79.81643,43.421181],[-79.817034,43.421386],[-79.81926,43.421233],[-79.820319,43.421319],[-79.820546,43.42201],[-79.821,43.422485],[-79.82136,43.422736],[-79.821885,43.422857],[-79.823844,43.422983],[-79.820423,43.426121],[-79.838319,43.439111],[-79.839282,43.438228],[-79.864572,43.455516],[-79.864107,43.455944],[-79.864478,43.456199],[-79.864946,43.455771],[-79.868461,43.458183],[-79.870685,43.456132],[-79.872074,43.457097],[-79.872559,43.456652],[-79.875281,43.458406],[-79.874852,43.458835],[-79.875032,43.458892],[-79.877854,43.456222],[-79.883405,43.46013],[-79.878097,43.464922],[-79.883601,43.468772],[-79.888865,43.464026],[-79.889116,43.464021],[-79.891671,43.461751],[-79.90272,43.469565],[-79.906548,43.466096],[-79.903642,43.464068],[-79.907654,43.460286],[-79.907688,43.460184],[-79.912286,43.455986],[-79.913343,43.456792],[-79.913185,43.456918],[-79.913455,43.457168],[-79.913185,43.45743],[-79.913927,43.457894],[-79.91499,43.456932],[-79.915207,43.456832],[-79.914439,43.456293],[-79.916626,43.454329],[-79.915322,43.453404],[-79.917502,43.451444],[-79.918512,43.450662],[-79.920851,43.452295],[-79.922192,43.451089],[-79.921276,43.450668],[-79.921447,43.450487],[-79.922179,43.450387],[-79.922741,43.450596],[-79.927037,43.446736],[-79.924647,43.445066],[-79.925251,43.444524],[-79.923492,43.443256],[-79.922099,43.44428],[-79.920879,43.443406],[-79.926684,43.438179],[-79.928824,43.439715],[-79.927782,43.440669],[-79.927713,43.441334],[-79.92807,43.442384],[-79.928343,43.442648],[-79.929525,43.44341],[-79.929814,43.443146],[-79.930533,43.443596],[-79.943016,43.432381],[-79.942058,43.431713],[-79.942598,43.431234],[-79.940326,43.429594],[-79.94157,43.428482],[-79.941704,43.428589],[-79.944289,43.425718],[-79.947326,43.427869],[-79.949281,43.426097],[-79.948326,43.425542],[-79.947765,43.426033],[-79.94668,43.42526],[-79.949972,43.422215],[-79.951888,43.420535],[-79.954018,43.422032],[-79.95929,43.417283],[-79.961329,43.418713],[-79.960275,43.419689],[-79.961128,43.42029],[-79.962188,43.419315],[-79.962593,43.419599],[-79.960875,43.421174],[-79.963082,43.422729],[-79.95953,43.425912],[-79.959414,43.425835],[-79.957643,43.427419],[-79.963026,43.431228],[-79.964914,43.429668],[-79.96508,43.429774],[-79.96906,43.426089],[-79.969168,43.42712],[-79.969624,43.428261],[-79.9721,43.432069],[-79.974782,43.435897],[-79.975321,43.43684],[-79.976191,43.438711],[-79.977265,43.438548],[-79.979824,43.440335],[-79.981625,43.438695],[-79.983127,43.439564],[-79.986441,43.436524],[-79.992031,43.440574],[-79.989352,43.442994],[-79.989474,43.443084],[-79.989361,43.44323],[-79.988323,43.444151],[-79.986748,43.445352],[-79.992129,43.449181],[-79.993459,43.448089],[-79.997458,43.444501],[-80.005642,43.450437],[-80.007766,43.448943],[-80.009332,43.450057],[-80.007204,43.451555],[-80.014541,43.456798],[-80.015193,43.456327],[-80.014636,43.455923],[-80.016113,43.454855],[-80.019338,43.457196],[-80.019805,43.456837],[-80.020524,43.457351],[-80.026345,43.45325],[-80.02758,43.45413],[-80.02987,43.452452],[-80.031296,43.453045],[-80.032858,43.451994],[-80.036209,43.454421],[-80.041024,43.455063],[-80.042777,43.453917],[-80.042868,43.453229],[-80.042333,43.452839],[-80.045906,43.44943],[-80.048376,43.451228],[-80.046777,43.452143],[-80.0467,43.452072],[-80.043663,43.453809],[-80.04384,43.453939],[-80.032505,43.460408],[-80.031055,43.461069],[-80.024065,43.463705],[-80.030211,43.468163],[-80.033853,43.470706],[-80.037842,43.467861],[-80.043301,43.471919],[-80.043174,43.472116],[-80.039546,43.472295],[-80.036627,43.472688],[-80.040531,43.475495],[-80.041547,43.475452],[-80.04204,43.47567],[-80.042849,43.476628],[-80.042479,43.476899],[-80.044406,43.47829],[-80.046283,43.476959],[-80.048041,43.478228],[-80.049952,43.476871],[-80.052203,43.478549],[-80.05177,43.479243],[-80.051767,43.479325],[-80.052079,43.479557],[-80.051101,43.480272],[-80.051765,43.480744],[-80.049842,43.48215],[-80.052259,43.483856],[-80.054759,43.482022],[-80.055959,43.482916],[-80.054678,43.483856],[-80.056243,43.484967],[-80.055053,43.485838],[-80.055916,43.486451],[-80.057034,43.485633],[-80.058186,43.486451],[-80.057075,43.487271],[-80.063128,43.491554],[-80.071425,43.497619],[-80.069627,43.499326],[-80.068117,43.500526],[-80.070889,43.502487],[-80.068748,43.504357],[-80.071566,43.506371],[-80.071281,43.506642],[-80.073982,43.508405],[-80.069177,43.512678],[-80.069761,43.513104],[-80.069469,43.513326],[-80.071347,43.514656],[-80.073268,43.514373],[-80.074406,43.51404],[-80.077721,43.512751],[-80.083187,43.510502],[-80.084334,43.509944],[-80.085468,43.510752],[-80.087343,43.509111],[-80.097104,43.51604],[-80.09672,43.51639],[-80.096316,43.516101],[-80.092733,43.519362],[-80.091926,43.519648],[-80.090621,43.519964],[-80.091228,43.5204],[-80.091483,43.520491],[-80.096843,43.524395],[-80.099588,43.526267],[-80.102142,43.523858],[-80.104818,43.525755],[-80.102269,43.528136],[-80.113014,43.535764],[-80.113825,43.535008],[-80.11827,43.538129],[-80.117428,43.538908],[-80.11836,43.539553],[-80.118603,43.539595],[-80.119961,43.54076],[-80.12138,43.541827],[-80.119386,43.543663],[-80.120075,43.544179],[-80.121462,43.542996],[-80.122012,43.542389],[-80.123516,43.543341],[-80.12592,43.545064],[-80.127587,43.546376],[-80.132921,43.550187],[-80.134354,43.551113],[-80.13971,43.546456],[-80.147716,43.552073],[-80.146182,43.554563],[-80.145683,43.555177],[-80.14779,43.556644],[-80.147048,43.557319],[-80.144987,43.55588],[-80.144469,43.556429],[-80.143712,43.557759],[-80.138514,43.554136],[-80.134891,43.557276],[-80.135839,43.557944],[-80.134334,43.5593],[-80.133373,43.558622],[-80.128021,43.563513],[-80.130025,43.5649],[-80.133037,43.567304],[-80.139468,43.571873],[-80.128572,43.581417],[-80.129669,43.582213],[-80.124453,43.586877],[-80.125826,43.587837],[-80.12413,43.589378],[-80.122723,43.588408],[-80.118599,43.592069],[-80.117526,43.591311],[-80.115023,43.593541],[-80.120628,43.597507],[-80.117257,43.60049],[-80.116037,43.59963],[-80.114816,43.600717],[-80.112381,43.599001],[-80.111548,43.599747],[-80.115301,43.60239],[-80.113567,43.60393],[-80.118972,43.607759],[-80.117852,43.608753],[-80.117969,43.608821],[-80.112676,43.613624],[-80.107288,43.618357],[-80.101709,43.614482],[-80.100663,43.615409],[-80.100801,43.615502],[-80.101011,43.615324],[-80.102116,43.616012],[-80.10189,43.616179],[-80.101476,43.615915],[-80.10102,43.616302],[-80.100215,43.615801],[-80.09914,43.616742],[-80.100169,43.617049],[-80.100716,43.617035],[-80.100803,43.616972],[-80.10134,43.617352],[-80.101563,43.617187],[-80.103113,43.618132],[-80.101033,43.620174],[-80.100465,43.620353],[-80.099858,43.620244],[-80.099455,43.619964],[-80.098584,43.62074],[-80.096347,43.619188],[-80.095554,43.619883],[-80.097313,43.621103],[-80.096694,43.621664],[-80.098343,43.622808],[-80.098551,43.62262],[-80.099098,43.622999],[-80.097883,43.624067],[-80.093951,43.621341],[-80.089856,43.625064],[-80.09104,43.625888],[-80.090316,43.626549],[-80.091866,43.627628],[-80.086211,43.628329],[-80.086613,43.627942],[-80.081037,43.62404],[-80.084826,43.620456]]]},"properties":{"LDC_Name_12":"Milton Hydro Distribution Inc.","LDC_Web_12":"https://www.miltonhydro.com/","LDC_Type":"Service Area"}},{"type":"Feature","geometry":{"type":"Polygon","coordinates":[[[-79.693117,43.512164],[-79.681675,43.522768],[-79.645403,43.496294],[-79.625066,43.48135],[-79.624621,43.48114],[-79.626262,43.478303],[-79.644909,43.460522],[-79.677186,43.426037],[-79.69072,43.402812],[-79.705319,43.392264],[-79.716973,43.375549],[-79.711636,43.371659],[-79.712804,43.370444],[-79.718235,43.373855],[-79.723201,43.37034],[-79.724475,43.371753],[-79.756538,43.395345],[-79.772166,43.406672],[-79.771746,43.407068],[-79.772544,43.407647],[-79.772499,43.40768],[-79.7733,43.408261],[-79.773826,43.407875],[-79.801496,43.427889],[-79.798328,43.430806],[-79.800119,43.432119],[-79.803394,43.429269],[-79.805764,43.430992],[-79.803962,43.437466],[-79.801822,43.435948],[-79.803364,43.43447],[-79.801571,43.433164],[-79.80088,43.433779],[-79.800128,43.433825],[-79.798216,43.435536],[-79.79657,43.437199],[-79.801121,43.440584],[-79.800977,43.440709],[-79.80258,43.441676],[-79.802346,43.441891],[-79.802873,43.442199],[-79.800387,43.444488],[-79.798973,43.443674],[-79.798389,43.444213],[-79.799802,43.445027],[-79.798939,43.445821],[-79.798422,43.445439],[-79.797932,43.445891],[-79.79845,43.446272],[-79.795633,43.448866],[-79.796247,43.449313],[-79.795959,43.449575],[-79.796231,43.449773],[-79.797735,43.448401],[-79.800879,43.450709],[-79.800694,43.451514],[-79.800024,43.452817],[-79.801557,43.453978],[-79.800527,43.458437],[-79.800894,43.458722],[-79.799854,43.459665],[-79.799155,43.462671],[-79.806625,43.468155],[-79.802044,43.472356],[-79.799967,43.470836],[-79.797952,43.472369],[-79.796519,43.471352],[-79.795758,43.472481],[-79.790817,43.476656],[-79.793544,43.476746],[-79.794615,43.476416],[-79.795512,43.477009],[-79.79562,43.477243],[-79.794945,43.477856],[-79.795638,43.478262],[-79.792735,43.480897],[-79.791832,43.48023],[-79.789771,43.481851],[-79.787043,43.479858],[-79.783764,43.482642],[-79.783029,43.482107],[-79.786299,43.47933],[-79.784942,43.478356],[-79.783663,43.477302],[-79.78042,43.477942],[-79.779351,43.478588],[-79.779141,43.479186],[-79.778878,43.478989],[-79.775677,43.481882],[-79.776713,43.482637],[-79.775217,43.483957],[-79.774881,43.485169],[-79.772399,43.484786],[-79.724822,43.528255],[-79.723024,43.526983],[-79.705642,43.518209],[-79.696261,43.513908],[-79.693117,43.512164]]]},"properties":{"LDC_Name_12":"Oakville Hydro Electricity Distribution Inc.","LDC_Web_12":"https://www.oakvillehydro.com/","LDC_Type":"Service Area"}},{"type":"Feature","geometry":{"type":"MultiPolygon","coordinates":[[[[-80.317177,43.906153],[-80.318373,43.905902],[-80.318258,43.905428],[-80.319346,43.9052],[-80.319184,43.904636],[-80.319436,43.904574],[-80.316858,43.905112],[-80.316516,43.905009],[-80.316594,43.90535],[-80.309772,43.906737],[-80.309459,43.906609],[-80.30882,43.904043],[-80.306506,43.904559],[-80.306122,43.903943],[-80.306037,43.903201],[-80.30624,43.902834],[-80.306578,43.901741],[-80.307204,43.900865],[-80.305918,43.901135],[-80.305788,43.900551],[-80.3076,43.898894],[-80.305405,43.889169],[-80.305939,43.888918],[-80.307914,43.888866],[-80.308682,43.88895],[-80.309499,43.889199],[-80.310635,43.889333],[-80.312362,43.889837],[-80.312103,43.888668],[-80.312842,43.888762],[-80.312799,43.888573],[-80.312732,43.888564],[-80.313085,43.888426],[-80.315281,43.888667],[-80.316107,43.888609],[-80.316908,43.888426],[-80.317033,43.889078],[-80.316983,43.888805],[-80.318047,43.888366],[-80.324637,43.884717],[-80.325808,43.884254],[-80.3274,43.88388],[-80.328159,43.887305],[-80.327518,43.887417],[-80.327134,43.887166],[-80.326268,43.88681],[-80.325693,43.886764],[-80.325224,43.8863],[-80.324439,43.885808],[-80.324117,43.886261],[-80.326432,43.896833],[-80.330035,43.89608],[-80.333012,43.908018],[-80.319294,43.910835],[-80.319015,43.909687],[-80.318083,43.909883],[-80.317177,43.906153]],[[-80.321255,43.898095],[-80.321351,43.898502],[-80.324436,43.897865],[-80.324251,43.897091],[-80.324633,43.897011],[-80.3226,43.887803],[-80.31821,43.888704],[-80.319351,43.893735],[-80.319589,43.894396],[-80.319183,43.894451],[-80.319436,43.895131],[-80.31933,43.895186],[-80.319939,43.895844],[-80.321149,43.895647],[-80.321374,43.896351],[-80.320759,43.896385],[-80.321114,43.897718],[-80.319097,43.898141],[-80.319282,43.898934],[-80.320055,43.898772],[-80.319966,43.898387],[-80.321255,43.898095]]],[[[-80.094633,43.93126],[-80.094358,43.931321],[-80.092931,43.930758],[-80.091354,43.929928],[-80.09049,43.929223],[-80.085794,43.924403],[-80.085027,43.923732],[-80.084985,43.923838],[-80.083909,43.923006],[-80.083435,43.923721],[-80.083395,43.923941],[-80.083647,43.92402],[-80.083882,43.924238],[-80.084131,43.925084],[-80.084296,43.925351],[-80.0841,43.926059],[-80.081939,43.92569],[-80.081183,43.922747],[-80.070202,43.925218],[-80.071157,43.924364],[-80.065806,43.920406],[-80.0713,43.915529],[-80.077027,43.919721],[-80.077659,43.919676],[-80.079122,43.920102],[-80.081114,43.920982],[-80.082368,43.921635],[-80.086582,43.91769],[-80.082867,43.914982],[-80.088163,43.910052],[-80.093537,43.905123],[-80.097223,43.907812],[-80.117418,43.889255],[-80.14587,43.90881],[-80.130653,43.912014],[-80.134558,43.928161],[-80.12398,43.93042],[-80.123076,43.930685],[-80.10756,43.933968],[-80.10698,43.933561],[-80.106363,43.933683],[-80.105532,43.933466],[-80.105107,43.93321],[-80.102549,43.933227],[-80.102196,43.933017],[-80.102711,43.935046],[-80.101302,43.93535],[-80.10047,43.934291],[-80.099646,43.933555],[-80.097879,43.932569],[-80.094633,43.93126]]]]},"properties":{"LDC_Name_12":"Orangeville Hydro Limited","LDC_Web_12":"https://www.orangevillehydro.on.ca/","LDC_Type":"Service Area"}},{"type":"Feature","geometry":{"type":"Polygon","coordinates":[[[-79.891671,43.461751],[-79.889116,43.464021],[-79.888865,43.464026],[-79.883601,43.468772],[-79.878097,43.464922],[-79.883405,43.46013],[-79.877854,43.456222],[-79.875032,43.458892],[-79.874852,43.458835],[-79.875281,43.458406],[-79.872559,43.456652],[-79.872074,43.457097],[-79.870685,43.456132],[-79.868461,43.458183],[-79.864946,43.455771],[-79.864478,43.456199],[-79.864107,43.455944],[-79.864572,43.455516],[-79.839282,43.438228],[-79.838319,43.439111],[-79.820423,43.426121],[-79.823844,43.422983],[-79.821885,43.422857],[-79.82136,43.422736],[-79.821,43.422485],[-79.820546,43.42201],[-79.820319,43.421319],[-79.81926,43.421233],[-79.817034,43.421386],[-79.81643,43.421181],[-79.816128,43.421222],[-79.816081,43.420863],[-79.815726,43.420354],[-79.812965,43.422774],[-79.813979,43.424539],[-79.814629,43.426183],[-79.815031,43.427938],[-79.815335,43.430698],[-79.81095,43.434761],[-79.807884,43.432532],[-79.80609,43.436454],[-79.804999,43.435669],[-79.806241,43.431338],[-79.803394,43.429269],[-79.800119,43.432119],[-79.798328,43.430806],[-79.801496,43.427889],[-79.773826,43.407875],[-79.7733,43.408261],[-79.772499,43.40768],[-79.772544,43.407647],[-79.771746,43.407068],[-79.772166,43.406672],[-79.756538,43.395345],[-79.724475,43.371753],[-79.723201,43.37034],[-79.762798,43.338466],[-79.798631,43.317188],[-79.790654,43.301752],[-79.80175,43.296227],[-79.812973,43.311062],[-79.868152,43.285917],[-79.871456,43.287012],[-79.874648,43.286097],[-79.874905,43.286382],[-79.87707,43.287913],[-79.877746,43.287855],[-79.881171,43.287877],[-79.883822,43.288199],[-79.884242,43.288126],[-79.885051,43.287829],[-79.88606,43.287772],[-79.886272,43.28787],[-79.886365,43.28804],[-79.88614,43.288867],[-79.886169,43.288996],[-79.886379,43.289132],[-79.887267,43.289254],[-79.887203,43.289916],[-79.887566,43.290066],[-79.887832,43.289626],[-79.888791,43.288678],[-79.889469,43.28818],[-79.890233,43.286951],[-79.89097,43.286894],[-79.891963,43.287181],[-79.891806,43.287286],[-79.891278,43.287082],[-79.890778,43.287015],[-79.890547,43.28703],[-79.890327,43.287163],[-79.889777,43.288118],[-79.891625,43.287679],[-79.891207,43.288364],[-79.890217,43.288599],[-79.888785,43.289719],[-79.888147,43.290783],[-79.912582,43.308506],[-79.900347,43.317353],[-79.892532,43.323229],[-79.884178,43.32935],[-79.882976,43.328505],[-79.882716,43.328695],[-79.882824,43.328771],[-79.880379,43.330562],[-79.881374,43.331261],[-79.880141,43.332164],[-79.876141,43.329323],[-79.874787,43.330122],[-79.873777,43.330609],[-79.871818,43.33234],[-79.871371,43.333156],[-79.871047,43.333448],[-79.869396,43.334639],[-79.868961,43.335144],[-79.868497,43.335427],[-79.868382,43.335728],[-79.868193,43.335594],[-79.868208,43.335914],[-79.867935,43.336523],[-79.867574,43.338101],[-79.866681,43.33819],[-79.866419,43.338153],[-79.86608,43.337922],[-79.865834,43.337876],[-79.86549,43.337996],[-79.864286,43.339021],[-79.863419,43.339967],[-79.862409,43.340695],[-79.86132,43.341691],[-79.861265,43.34165],[-79.86119,43.342196],[-79.860789,43.342924],[-79.86077,43.343438],[-79.860295,43.344085],[-79.860247,43.344519],[-79.860038,43.345064],[-79.859941,43.345735],[-79.860007,43.346108],[-79.859948,43.346423],[-79.860055,43.34673],[-79.860012,43.346988],[-79.88359,43.363904],[-79.88364,43.363805],[-79.885638,43.362389],[-79.886926,43.36329],[-79.888777,43.364679],[-79.886712,43.366126],[-79.910123,43.382875],[-79.926535,43.394334],[-79.938739,43.402739],[-79.938705,43.402778],[-79.95929,43.417283],[-79.954018,43.422032],[-79.951888,43.420535],[-79.949972,43.422215],[-79.94668,43.42526],[-79.947765,43.426033],[-79.948326,43.425542],[-79.949281,43.426097],[-79.947326,43.427869],[-79.944289,43.425718],[-79.941704,43.428589],[-79.94157,43.428482],[-79.940326,43.429594],[-79.942598,43.431234],[-79.942058,43.431713],[-79.943016,43.432381],[-79.930533,43.443596],[-79.929814,43.443146],[-79.929525,43.44341],[-79.928343,43.442648],[-79.92807,43.442384],[-79.927713,43.441334],[-79.927782,43.440669],[-79.928824,43.439715],[-79.926684,43.438179],[-79.920879,43.443406],[-79.922099,43.44428],[-79.923492,43.443256],[-79.925251,43.444524],[-79.924647,43.445066],[-79.927037,43.446736],[-79.922741,43.450596],[-79.922179,43.450387],[-79.921447,43.450487],[-79.921276,43.450668],[-79.922192,43.451089],[-79.920851,43.452295],[-79.918512,43.450662],[-79.917502,43.451444],[-79.915322,43.453404],[-79.916626,43.454329],[-79.914439,43.456293],[-79.915207,43.456832],[-79.91499,43.456932],[-79.913927,43.457894],[-79.913185,43.45743],[-79.913455,43.457168],[-79.913185,43.456918],[-79.913343,43.456792],[-79.912286,43.455986],[-79.907688,43.460184],[-79.907654,43.460286],[-79.903642,43.464068],[-79.906548,43.466096],[-79.90272,43.469565],[-79.891671,43.461751]]]},"properties":{"LDC_Name_12":"Burlington Hydro Inc.","LDC_Web_12":"https://www.burlingtonhydro.com/","LDC_Type":"Service Area"}},{"type":"Feature","geometry":{"type":"Polygon","coordinates":[[[-79.519036,44.205564],[-79.521875,44.208195],[-79.562213,44.198976],[-79.569026,44.197486],[-79.577015,44.19555],[-79.591515,44.192371],[-79.606586,44.188884],[-79.613798,44.187386],[-79.636324,44.182255],[-79.651098,44.179015],[-79.67384,44.174217],[-79.688795,44.170938],[-79.702484,44.168223],[-79.717358,44.165032],[-79.720381,44.177183],[-79.719865,44.177295],[-79.721935,44.185523],[-79.721291,44.185661],[-79.723958,44.196201],[-79.70996,44.199251],[-79.710021,44.19949],[-79.7089,44.199714],[-79.711309,44.202451],[-79.711905,44.203378],[-79.712326,44.204353],[-79.711319,44.204598],[-79.711353,44.20481],[-79.707308,44.205681],[-79.707174,44.205151],[-79.705508,44.205509],[-79.705723,44.206366],[-79.707009,44.206196],[-79.707482,44.208053],[-79.712758,44.206964],[-79.712576,44.207978],[-79.712016,44.209442],[-79.711893,44.210381],[-79.707003,44.21141],[-79.70775,44.214382],[-79.708392,44.214256],[-79.708583,44.21502],[-79.707941,44.215143],[-79.709409,44.22098],[-79.710186,44.220816],[-79.710419,44.221562],[-79.710578,44.222199],[-79.709713,44.222189],[-79.709736,44.222283],[-79.710599,44.222289],[-79.710735,44.222829],[-79.709872,44.222821],[-79.711189,44.228062],[-79.712075,44.227868],[-79.711973,44.227464],[-79.719254,44.225901],[-79.719209,44.225656],[-79.722434,44.22502],[-79.723175,44.227938],[-79.722407,44.228102],[-79.72251,44.228507],[-79.723277,44.228343],[-79.723796,44.230386],[-79.720612,44.231082],[-79.720663,44.231292],[-79.712436,44.233008],[-79.713074,44.23554],[-79.714932,44.235303],[-79.715201,44.236369],[-79.713344,44.23661],[-79.713788,44.238372],[-79.722023,44.236585],[-79.723269,44.241878],[-79.721359,44.242381],[-79.715125,44.24373],[-79.715498,44.245228],[-79.717177,44.245005],[-79.717357,44.245728],[-79.71568,44.245957],[-79.716004,44.247257],[-79.717854,44.246913],[-79.718218,44.248376],[-79.716351,44.248648],[-79.717515,44.253283],[-79.718424,44.253164],[-79.718637,44.253964],[-79.717719,44.25408],[-79.718135,44.255702],[-79.726416,44.253954],[-79.727119,44.256683],[-79.726952,44.258306],[-79.719235,44.259992],[-79.720104,44.263376],[-79.71276,44.265023],[-79.714434,44.270968],[-79.714365,44.270984],[-79.715905,44.276943],[-79.721514,44.275678],[-79.721785,44.2763],[-79.722229,44.2762],[-79.721112,44.278128],[-79.723773,44.27768],[-79.724892,44.282042],[-79.726052,44.281786],[-79.725937,44.281339],[-79.7331,44.27979],[-79.734528,44.285135],[-79.727011,44.286722],[-79.727083,44.287002],[-79.726232,44.287143],[-79.726609,44.288579],[-79.727489,44.28843],[-79.727544,44.288637],[-79.729275,44.288353],[-79.729631,44.289709],[-79.727018,44.290134],[-79.727575,44.292255],[-79.736008,44.29054],[-79.737199,44.295133],[-79.735612,44.295471],[-79.735774,44.296323],[-79.737404,44.295967],[-79.737355,44.295769],[-79.738917,44.295431],[-79.740269,44.300788],[-79.738568,44.301164],[-79.73862,44.301357],[-79.733627,44.302426],[-79.733867,44.303331],[-79.735368,44.30313],[-79.735672,44.30428],[-79.733461,44.304581],[-79.733409,44.304383],[-79.731678,44.304746],[-79.731748,44.305016],[-79.731088,44.305155],[-79.732337,44.309975],[-79.740344,44.308086],[-79.740488,44.308629],[-79.732478,44.310519],[-79.73276,44.311608],[-79.740635,44.309747],[-79.74073,44.310823],[-79.74142,44.311894],[-79.744709,44.311149],[-79.746151,44.31652],[-79.742737,44.317239],[-79.742768,44.317372],[-79.734304,44.319229],[-79.734103,44.318208],[-79.697601,44.326261],[-79.696132,44.320429],[-79.659316,44.328675],[-79.659291,44.328598],[-79.651916,44.330269],[-79.653338,44.336274],[-79.646026,44.337923],[-79.647572,44.343807],[-79.618083,44.350457],[-79.603568,44.353823],[-79.605222,44.360045],[-79.603933,44.360352],[-79.605642,44.366529],[-79.62042,44.363168],[-79.620847,44.364579],[-79.622,44.369199],[-79.622861,44.369007],[-79.62409,44.373716],[-79.50676,44.411405],[-79.519036,44.205564]],[[-79.523335,44.209113],[-79.523132,44.209184],[-79.523218,44.209253],[-79.523409,44.209132],[-79.523335,44.209113]],[[-79.522965,44.20837],[-79.522663,44.208447],[-79.522466,44.20866],[-79.522623,44.208784],[-79.522698,44.208547],[-79.522965,44.20837]]]},"properties":{"LDC_Name_12":"InnPower Corporation","LDC_Web_12":"https://www.innpower.ca/","LDC_Type":"Service Area"}},{"type":"Feature","geometry":{"type":"Polygon","coordinates":[[[-79.151563,43.81414],[-79.151276,43.814095],[-79.150854,43.813646],[-79.150045,43.813125],[-79.149399,43.81255],[-79.1485,43.812487],[-79.147925,43.812317],[-79.147647,43.812047],[-79.146317,43.811293],[-79.145976,43.810888],[-79.146003,43.810152],[-79.144997,43.81008],[-79.143973,43.81017],[-79.14355,43.810134],[-79.143443,43.810277],[-79.143523,43.810637],[-79.143173,43.810888],[-79.142796,43.810556],[-79.142886,43.810259],[-79.142733,43.810116],[-79.142751,43.810044],[-79.143074,43.809891],[-79.143065,43.809738],[-79.142967,43.809658],[-79.142284,43.809514],[-79.142023,43.809783],[-79.14188,43.809801],[-79.141556,43.809289],[-79.14126,43.809164],[-79.141098,43.808966],[-79.140748,43.808912],[-79.140487,43.808768],[-79.140451,43.808472],[-79.139984,43.808409],[-79.139777,43.808535],[-79.139454,43.808589],[-79.13905,43.808373],[-79.138816,43.808086],[-79.138511,43.808122],[-79.138223,43.808032],[-79.138161,43.807627],[-79.138044,43.807565],[-79.137783,43.807618],[-79.137729,43.807843],[-79.137541,43.808014],[-79.137262,43.807987],[-79.136957,43.807789],[-79.136795,43.807852],[-79.136499,43.808148],[-79.136319,43.808202],[-79.135726,43.80813],[-79.133974,43.80699],[-79.133606,43.80628],[-79.133714,43.80575],[-79.134019,43.805355],[-79.134046,43.805022],[-79.134127,43.804924],[-79.134154,43.804331],[-79.133965,43.803944],[-79.133462,43.803351],[-79.133417,43.802947],[-79.133705,43.802489],[-79.134469,43.801645],[-79.135241,43.801106],[-79.13525,43.800854],[-79.134082,43.801106],[-79.131657,43.801986],[-79.130794,43.801941],[-79.130327,43.801824],[-79.129222,43.801375],[-79.12801,43.800639],[-79.12748,43.800441],[-79.126833,43.80036],[-79.125665,43.800459],[-79.12518,43.800378],[-79.124614,43.800001],[-79.124156,43.799435],[-79.123976,43.799084],[-79.123976,43.798357],[-79.124192,43.797692],[-79.124084,43.797557],[-79.123895,43.797467],[-79.123159,43.797423],[-79.122081,43.797674],[-79.121658,43.79762],[-79.121191,43.797405],[-79.120068,43.796354],[-79.119835,43.796021],[-79.119844,43.795698],[-79.120383,43.79541],[-79.121012,43.795222],[-79.121039,43.795069],[-79.120967,43.794952],[-79.12076,43.794907],[-79.119485,43.795006],[-79.119368,43.795087],[-79.118964,43.79506],[-79.118029,43.794566],[-79.117239,43.794631],[-79.116493,43.794952],[-79.115801,43.795096],[-79.115119,43.795006],[-79.114799,43.79482],[-79.110344,43.786932],[-79.291267,43.65805],[-79.321759,43.612514],[-79.385184,43.606416],[-79.461565,43.625882],[-79.503877,43.589112],[-79.508748,43.586202],[-79.515689,43.586683],[-79.519313,43.589695],[-79.541444,43.584147],[-79.543596,43.584822],[-79.54422,43.585154],[-79.544781,43.585512],[-79.544985,43.585758],[-79.545354,43.586906],[-79.545698,43.587045],[-79.546155,43.587069],[-79.546448,43.587253],[-79.546762,43.587608],[-79.546682,43.587823],[-79.546197,43.588411],[-79.546254,43.588646],[-79.54638,43.588531],[-79.54768,43.58961],[-79.548609,43.590117],[-79.549385,43.590307],[-79.549566,43.590498],[-79.549855,43.591384],[-79.549858,43.591771],[-79.549728,43.591995],[-79.549751,43.592103],[-79.549663,43.592138],[-79.549635,43.592264],[-79.549708,43.592328],[-79.548891,43.593344],[-79.548851,43.593973],[-79.548724,43.594089],[-79.548654,43.594448],[-79.54885,43.595045],[-79.549552,43.595216],[-79.550234,43.595189],[-79.552769,43.595374],[-79.553324,43.595489],[-79.553813,43.595756],[-79.553982,43.595957],[-79.554058,43.596399],[-79.55386,43.597431],[-79.553588,43.597905],[-79.553559,43.598094],[-79.553842,43.598701],[-79.554391,43.599059],[-79.55557,43.599479],[-79.555974,43.5997],[-79.55609,43.600026],[-79.556108,43.600296],[-79.556044,43.600385],[-79.556271,43.601253],[-79.556294,43.601856],[-79.556212,43.602152],[-79.556535,43.602643],[-79.557796,43.603289],[-79.559081,43.604458],[-79.559556,43.604797],[-79.559971,43.605063],[-79.560071,43.605037],[-79.560912,43.605615],[-79.561747,43.605941],[-79.562125,43.606216],[-79.562535,43.606662],[-79.563349,43.606825],[-79.563945,43.606779],[-79.564903,43.60716],[-79.565033,43.607423],[-79.564663,43.607868],[-79.564793,43.608131],[-79.565525,43.608617],[-79.565835,43.608585],[-79.566075,43.60839],[-79.566249,43.608365],[-79.567007,43.608807],[-79.567235,43.609125],[-79.567418,43.609758],[-79.567369,43.610252],[-79.567464,43.610433],[-79.567296,43.610737],[-79.566833,43.610912],[-79.56591,43.611693],[-79.564196,43.612373],[-79.564051,43.612741],[-79.564205,43.61304],[-79.564721,43.613244],[-79.565251,43.613368],[-79.566614,43.613358],[-79.567586,43.613668],[-79.568208,43.614062],[-79.568523,43.614391],[-79.568274,43.614964],[-79.568002,43.615987],[-79.568008,43.616752],[-79.567588,43.617215],[-79.567339,43.617257],[-79.566657,43.617807],[-79.566932,43.618773],[-79.566852,43.619502],[-79.566897,43.620232],[-79.567028,43.62045],[-79.567045,43.620774],[-79.566715,43.621121],[-79.565727,43.621469],[-79.565651,43.621567],[-79.565705,43.621865],[-79.565631,43.621873],[-79.565942,43.622345],[-79.566031,43.622787],[-79.565754,43.624008],[-79.56552,43.624455],[-79.565255,43.624632],[-79.564932,43.624673],[-79.564342,43.624486],[-79.564055,43.624536],[-79.563711,43.624955],[-79.563718,43.625702],[-79.563498,43.626609],[-79.563903,43.627271],[-79.563869,43.627667],[-79.563927,43.627839],[-79.564368,43.628069],[-79.564998,43.628167],[-79.56667,43.628215],[-79.567093,43.628158],[-79.567255,43.628106],[-79.567371,43.627945],[-79.567452,43.62764],[-79.567799,43.627149],[-79.568517,43.626663],[-79.570034,43.626961],[-79.572397,43.626108],[-79.57364,43.625962],[-79.574385,43.625565],[-79.574388,43.625466],[-79.574872,43.625426],[-79.575822,43.625618],[-79.576949,43.626191],[-79.579684,43.626873],[-79.580304,43.627394],[-79.58083,43.627707],[-79.58298,43.628003],[-79.583261,43.628151],[-79.58496,43.628667],[-79.585597,43.628972],[-79.585983,43.629454],[-79.58605,43.629743],[-79.585354,43.630905],[-79.585169,43.631389],[-79.585122,43.631812],[-79.585149,43.632217],[-79.585395,43.632851],[-79.585825,43.633531],[-79.585843,43.633811],[-79.585571,43.634302],[-79.585581,43.63442],[-79.586013,43.635019],[-79.586064,43.635488],[-79.585465,43.636732],[-79.58533,43.637172],[-79.585364,43.637316],[-79.586002,43.638152],[-79.58639,43.638526],[-79.587011,43.639516],[-79.587076,43.639921],[-79.587218,43.640211],[-79.587541,43.64072],[-79.588277,43.641593],[-79.588345,43.641873],[-79.588311,43.642251],[-79.588658,43.642768],[-79.589161,43.642991],[-79.589342,43.643209],[-79.590391,43.643951],[-79.591029,43.644229],[-79.591437,43.644297],[-79.591865,43.644546],[-79.592396,43.644642],[-79.593045,43.644452],[-79.594135,43.643961],[-79.595168,43.64329],[-79.595941,43.643101],[-79.596947,43.643015],[-79.598394,43.643194],[-79.598824,43.643335],[-79.59908,43.643563],[-79.599436,43.643711],[-79.601782,43.644118],[-79.602614,43.644597],[-79.603295,43.644641],[-79.604329,43.644429],[-79.604974,43.644418],[-79.605389,43.644721],[-79.605598,43.644768],[-79.606742,43.644611],[-79.607224,43.644689],[-79.607581,43.644828],[-79.607872,43.645084],[-79.608356,43.646134],[-79.60879,43.646459],[-79.588824,43.664623],[-79.59491,43.675073],[-79.602471,43.687783],[-79.620461,43.718822],[-79.637813,43.748465],[-79.639305,43.749845],[-79.637366,43.750768],[-79.636453,43.751054],[-79.635244,43.751237],[-79.632154,43.751398],[-79.592537,43.760299],[-79.56848,43.765795],[-79.519846,43.775757],[-79.494571,43.781532],[-79.470208,43.787257],[-79.445838,43.792449],[-79.420111,43.798035],[-79.372913,43.808429],[-79.34852,43.813984],[-79.324577,43.819632],[-79.275072,43.831068],[-79.225812,43.84257],[-79.201527,43.847921],[-79.177449,43.853812],[-79.170274,43.855456],[-79.151563,43.81414]]]},"properties":{"LDC_Name_12":"Toronto Hydro-Electric System Limited","LDC_Web_12":"https://www.torontohydro.com/","LDC_Type":"Service Area"}},{"type":"Feature","geometry":{"type":"Polygon","coordinates":[[[-78.837566,43.961401],[-78.829733,43.943893],[-78.814399,43.908948],[-78.805694,43.888979],[-78.796442,43.867017],[-78.875755,43.843851],[-78.877885,43.851698],[-78.87732,43.854431],[-78.878562,43.854697],[-78.878021,43.856091],[-78.901096,43.908458],[-78.900969,43.908749],[-78.90105,43.909115],[-78.908549,43.926158],[-78.908245,43.926416],[-78.923998,43.961861],[-78.938638,43.9952],[-78.938896,43.995138],[-78.946626,44.013083],[-78.946391,44.013328],[-78.95377,44.029961],[-78.889767,44.044118],[-78.875143,44.047424],[-78.868082,44.031613],[-78.852784,43.99613],[-78.837566,43.961401]]]},"properties":{"LDC_Name_12":"Oshawa PUC Networks Inc.","LDC_Web_12":"https://www.opuc.on.ca/","LDC_Type":"Service Area"}},{"type":"Feature","geometry":{"type":"MultiPolygon","coordinates":[[[[-80.137439,43.239084],[-80.134725,43.230532],[-80.149462,43.227897],[-80.150916,43.232321],[-80.153371,43.231963],[-80.152346,43.22881],[-80.154016,43.22849],[-80.153604,43.227208],[-80.154343,43.227079],[-80.157471,43.236991],[-80.155119,43.237538],[-80.152701,43.237807],[-80.15276,43.238023],[-80.150284,43.238198],[-80.150313,43.238471],[-80.148668,43.238589],[-80.148825,43.239054],[-80.147934,43.23918],[-80.147126,43.239256],[-80.147041,43.238988],[-80.146284,43.239106],[-80.14609,43.238494],[-80.137439,43.239084]]],[[[-79.789698,43.174196],[-79.790172,43.173105],[-79.790872,43.173274],[-79.791026,43.172918],[-79.790904,43.17289],[-79.79105,43.172538],[-79.793542,43.173096],[-79.793712,43.172683],[-79.794078,43.172763],[-79.794113,43.172677],[-79.793748,43.172597],[-79.793941,43.17213],[-79.794495,43.172314],[-79.794402,43.172523],[-79.795567,43.172864],[-79.796185,43.171462],[-79.801762,43.17305],[-79.824783,43.18019],[-79.824655,43.180479],[-79.827383,43.181267],[-79.827367,43.181676],[-79.829569,43.181834],[-79.83619,43.183425],[-79.841249,43.185536],[-79.841361,43.185282],[-79.842123,43.185505],[-79.842628,43.184362],[-79.845888,43.185131],[-79.845098,43.186924],[-79.847888,43.187604],[-79.848537,43.186102],[-79.925249,43.204456],[-79.925432,43.204763],[-79.926784,43.206193],[-79.927472,43.209923],[-79.927348,43.210781],[-79.927493,43.210758],[-79.928203,43.214686],[-79.926862,43.217972],[-79.927652,43.218782],[-79.929051,43.219309],[-79.929273,43.22054],[-79.930049,43.220947],[-79.931247,43.221806],[-79.931098,43.221348],[-79.932025,43.222166],[-79.933154,43.222373],[-79.933869,43.222846],[-79.93472,43.223178],[-79.935008,43.223384],[-79.935724,43.223199],[-79.935941,43.223185],[-79.936124,43.223316],[-79.936859,43.223206],[-79.935716,43.225093],[-79.936069,43.225526],[-79.936567,43.224703],[-79.937479,43.225102],[-79.937785,43.225577],[-79.940569,43.226231],[-79.940465,43.226394],[-79.940676,43.226464],[-79.94121,43.22649],[-79.940325,43.226615],[-79.938989,43.226483],[-79.938915,43.226953],[-79.939162,43.227737],[-79.938843,43.22779],[-79.938922,43.228153],[-79.939144,43.228254],[-79.93936,43.228683],[-79.9399,43.229006],[-79.94096,43.229162],[-79.940577,43.230574],[-79.945313,43.231222],[-79.939947,43.2319],[-79.939974,43.232022],[-79.934455,43.232729],[-79.934438,43.232675],[-79.934057,43.232682],[-79.933275,43.232819],[-79.933459,43.233695],[-79.933005,43.233769],[-79.932966,43.233641],[-79.931443,43.233894],[-79.931696,43.238295],[-79.928824,43.23881],[-79.930903,43.24546],[-79.930995,43.245471],[-79.931023,43.245726],[-79.932229,43.245613],[-79.932234,43.245525],[-79.933021,43.245529],[-79.933996,43.245333],[-79.934407,43.24534],[-79.934489,43.245168],[-79.934349,43.244706],[-79.934214,43.244575],[-79.934922,43.24415],[-79.935079,43.244343],[-79.935202,43.244376],[-79.9352,43.24449],[-79.935587,43.244686],[-79.935826,43.244532],[-79.935731,43.24469],[-79.935759,43.244814],[-79.936117,43.245224],[-79.936225,43.245208],[-79.942819,43.243069],[-79.946248,43.241846],[-79.949327,43.239243],[-79.950096,43.238026],[-79.950467,43.23727],[-79.950471,43.236338],[-79.950661,43.235796],[-79.950444,43.235064],[-79.95033,43.235083],[-79.95025,43.234495],[-79.950521,43.234165],[-79.950924,43.23396],[-79.95083,43.23385],[-79.952878,43.23314],[-79.952999,43.232936],[-79.954008,43.232407],[-79.954776,43.2322],[-79.95469,43.231933],[-79.960658,43.229669],[-79.960485,43.229426],[-79.960901,43.229268],[-79.9607,43.228881],[-79.960005,43.228618],[-79.960534,43.227663],[-79.96031,43.22702],[-79.960761,43.226779],[-79.960592,43.226275],[-79.960353,43.226318],[-79.960256,43.226021],[-79.960495,43.225979],[-79.959951,43.224304],[-79.963163,43.223713],[-79.963057,43.223365],[-79.963844,43.223233],[-79.963721,43.222831],[-79.963996,43.222786],[-79.964073,43.22304],[-79.964622,43.222949],[-79.964815,43.222751],[-79.966582,43.222326],[-79.966521,43.222125],[-79.967099,43.222127],[-79.967131,43.222235],[-79.9678,43.222123],[-79.967706,43.221814],[-79.969783,43.221336],[-79.969881,43.221573],[-79.970619,43.221798],[-79.970827,43.222453],[-79.981164,43.220709],[-79.980734,43.219373],[-79.980785,43.219266],[-79.9812,43.218941],[-79.982328,43.218813],[-79.980595,43.213087],[-79.981024,43.212945],[-79.984005,43.213128],[-79.985085,43.216644],[-79.985318,43.216732],[-79.985502,43.217103],[-79.985598,43.217134],[-79.985933,43.21794],[-79.986418,43.21775],[-79.98658,43.218261],[-79.987188,43.217921],[-79.987137,43.217752],[-79.99219,43.21442],[-79.992781,43.214902],[-79.993061,43.21472],[-79.993729,43.215264],[-79.994293,43.214902],[-79.9944,43.21499],[-79.994221,43.215105],[-79.994329,43.21512],[-79.993168,43.215864],[-79.993632,43.21729],[-79.994031,43.217223],[-79.994233,43.217865],[-79.994386,43.217839],[-79.994639,43.218653],[-79.995909,43.218502],[-79.996851,43.218779],[-79.997452,43.22091],[-79.998873,43.225305],[-79.995775,43.225839],[-79.995748,43.226398],[-79.995407,43.226831],[-79.994834,43.227098],[-79.994209,43.227128],[-79.99227,43.226451],[-79.991576,43.226358],[-79.991556,43.226006],[-79.99149,43.226007],[-79.991038,43.224611],[-79.992302,43.224348],[-79.992771,43.223909],[-79.992306,43.223615],[-79.991815,43.22403],[-79.990955,43.22421],[-79.990734,43.22337],[-79.988148,43.223816],[-79.98937,43.227693],[-79.987831,43.227753],[-79.987637,43.228639],[-79.987961,43.229893],[-79.987638,43.230775],[-79.987494,43.230831],[-79.987382,43.23104],[-79.987482,43.231078],[-79.988096,43.233248],[-79.989302,43.232945],[-79.989487,43.233479],[-79.991792,43.233111],[-79.991736,43.233743],[-79.991938,43.234523],[-79.992887,43.236613],[-79.993068,43.236825],[-79.993229,43.236883],[-79.993358,43.237227],[-79.987062,43.238214],[-79.987648,43.240238],[-79.988045,43.241336],[-79.988188,43.241403],[-79.987337,43.241366],[-79.987188,43.241427],[-79.986996,43.241908],[-79.9867,43.242113],[-79.985613,43.243277],[-79.985405,43.243391],[-79.98361,43.243628],[-79.984106,43.245056],[-79.976961,43.246556],[-79.978509,43.251144],[-79.980332,43.250378],[-79.983113,43.249457],[-79.984554,43.254011],[-79.987109,43.253076],[-79.988309,43.251919],[-79.991568,43.252216],[-79.992624,43.25553],[-79.99433,43.255195],[-79.994235,43.254731],[-79.994855,43.254519],[-79.994597,43.253718],[-79.996964,43.253191],[-79.996751,43.252515],[-79.998214,43.25196],[-79.998994,43.254392],[-79.999088,43.254383],[-79.998925,43.253845],[-80.000184,43.253719],[-80.000179,43.253846],[-80.001963,43.253713],[-80.002071,43.253199],[-80.004639,43.252736],[-80.003884,43.251707],[-80.002492,43.251996],[-80.002436,43.251711],[-80.00388,43.251346],[-80.003553,43.2508],[-80.00414,43.250656],[-80.003714,43.249554],[-80.003482,43.248273],[-80.003446,43.247313],[-80.00533,43.246789],[-80.005471,43.247224],[-80.007416,43.24691],[-80.007811,43.248133],[-80.009643,43.247859],[-80.013366,43.247012],[-80.015535,43.246623],[-80.016761,43.250419],[-80.016834,43.250358],[-80.016386,43.248969],[-80.017186,43.24883],[-80.01762,43.24987],[-80.018382,43.249652],[-80.018216,43.249124],[-80.019006,43.248933],[-80.017803,43.245124],[-80.019375,43.24487],[-80.019663,43.24506],[-80.0204,43.245227],[-80.02083,43.246591],[-80.025795,43.24602],[-80.025575,43.245315],[-80.025465,43.245174],[-80.025772,43.245132],[-80.02679,43.246104],[-80.028971,43.247062],[-80.02893,43.247248],[-80.027353,43.247811],[-80.027508,43.248247],[-80.02694,43.248266],[-80.026707,43.248139],[-80.026761,43.248296],[-80.024198,43.248445],[-80.022708,43.248678],[-80.023286,43.250082],[-80.024337,43.249867],[-80.023859,43.248672],[-80.024381,43.248565],[-80.0265,43.248471],[-80.026858,43.248585],[-80.026946,43.248844],[-80.027675,43.248713],[-80.027809,43.249113],[-80.026941,43.249256],[-80.027258,43.250039],[-80.02659,43.250028],[-80.026509,43.250285],[-80.027393,43.250325],[-80.027531,43.25079],[-80.026702,43.250845],[-80.026476,43.251221],[-80.026695,43.251374],[-80.026906,43.251367],[-80.027144,43.25152],[-80.026956,43.251812],[-80.026927,43.252211],[-80.026216,43.252419],[-80.026325,43.252933],[-80.027084,43.252699],[-80.026998,43.251895],[-80.027208,43.251512],[-80.027727,43.251451],[-80.028022,43.252447],[-80.028963,43.252058],[-80.029202,43.252319],[-80.028111,43.252746],[-80.028305,43.253394],[-80.028051,43.253394],[-80.027352,43.253621],[-80.02743,43.253689],[-80.025803,43.254354],[-80.025846,43.254488],[-80.023534,43.255139],[-80.023518,43.255086],[-80.022831,43.255337],[-80.022076,43.25546],[-80.019711,43.256327],[-80.019242,43.256621],[-80.006962,43.261021],[-80.000468,43.263434],[-79.997914,43.264437],[-79.995687,43.26565],[-79.995582,43.265308],[-79.983115,43.269774],[-79.983039,43.269967],[-79.982154,43.270586],[-79.979674,43.271177],[-79.977365,43.27199],[-79.976595,43.272132],[-79.974422,43.272927],[-79.973383,43.273764],[-79.972729,43.273705],[-79.972695,43.273509],[-79.972404,43.273564],[-79.972379,43.273429],[-79.971342,43.273857],[-79.9712,43.273731],[-79.970279,43.273836],[-79.970328,43.273952],[-79.969022,43.274057],[-79.968734,43.274142],[-79.968179,43.274056],[-79.966556,43.274169],[-79.966538,43.273295],[-79.96527,43.273319],[-79.959894,43.27406],[-79.959544,43.274181],[-79.953871,43.275027],[-79.952185,43.27539],[-79.950573,43.275899],[-79.943267,43.278612],[-79.942223,43.279164],[-79.937303,43.279962],[-79.940906,43.289533],[-79.946093,43.309633],[-79.94999,43.325205],[-79.95124,43.329716],[-79.951304,43.331328],[-79.952069,43.333781],[-79.952863,43.334338],[-79.953172,43.334255],[-79.953259,43.334675],[-79.952405,43.334861],[-79.952893,43.336324],[-79.951853,43.336526],[-79.951321,43.336991],[-79.956941,43.341004],[-79.9551,43.34235],[-79.955682,43.342777],[-79.955555,43.34287],[-79.95558,43.343034],[-79.955456,43.342943],[-79.954807,43.343417],[-79.956254,43.344479],[-79.939178,43.356959],[-79.93544,43.359608],[-79.935016,43.359998],[-79.923212,43.368672],[-79.906792,43.380448],[-79.886709,43.366123],[-79.888777,43.364679],[-79.886926,43.36329],[-79.885638,43.362389],[-79.88364,43.363805],[-79.88359,43.363904],[-79.860012,43.346988],[-79.860055,43.34673],[-79.859948,43.346423],[-79.860007,43.346108],[-79.859941,43.345735],[-79.860038,43.345064],[-79.860247,43.344519],[-79.860295,43.344085],[-79.86077,43.343438],[-79.860789,43.342924],[-79.86119,43.342196],[-79.861265,43.34165],[-79.86132,43.341691],[-79.862409,43.340695],[-79.863419,43.339967],[-79.864286,43.339021],[-79.86549,43.337996],[-79.865834,43.337876],[-79.866043,43.337897],[-79.866419,43.338153],[-79.866681,43.33819],[-79.867574,43.338101],[-79.867935,43.336523],[-79.868208,43.335914],[-79.868193,43.335594],[-79.868382,43.335728],[-79.868497,43.335427],[-79.868961,43.335144],[-79.869396,43.334639],[-79.871047,43.333448],[-79.871371,43.333156],[-79.871818,43.33234],[-79.873777,43.330609],[-79.874787,43.330122],[-79.876141,43.329323],[-79.880141,43.332164],[-79.881374,43.331261],[-79.880379,43.330562],[-79.882824,43.328771],[-79.882716,43.328695],[-79.882976,43.328505],[-79.884178,43.32935],[-79.892532,43.323229],[-79.900347,43.317353],[-79.912582,43.308506],[-79.888147,43.290783],[-79.888785,43.289719],[-79.890217,43.288599],[-79.891207,43.288364],[-79.891625,43.287679],[-79.889777,43.288118],[-79.890327,43.287163],[-79.890547,43.28703],[-79.890813,43.287014],[-79.891278,43.287082],[-79.891806,43.287286],[-79.891963,43.287181],[-79.89097,43.286894],[-79.890233,43.286951],[-79.889481,43.288174],[-79.888791,43.288678],[-79.887832,43.289626],[-79.887566,43.290066],[-79.887203,43.289916],[-79.887353,43.289436],[-79.888862,43.287109],[-79.889365,43.282666],[-79.882085,43.272586],[-79.861261,43.278785],[-79.832891,43.272414],[-79.826957,43.286465],[-79.79558,43.279167],[-79.795102,43.288648],[-79.799279,43.296801],[-79.790151,43.30152],[-79.747111,43.251702],[-79.621214,43.229054],[-79.622294,43.225747],[-79.626457,43.216075],[-79.630389,43.207311],[-79.64966,43.163026],[-79.65826,43.143983],[-79.661713,43.14478],[-79.662781,43.14241],[-79.665148,43.142946],[-79.664124,43.14532],[-79.666767,43.145928],[-79.667728,43.143696],[-79.66781,43.144209],[-79.668162,43.145243],[-79.668188,43.145738],[-79.668105,43.146239],[-79.685876,43.150338],[-79.6877,43.146109],[-79.690163,43.146366],[-79.688243,43.150938],[-79.69298,43.152034],[-79.694023,43.14954],[-79.696439,43.150065],[-79.695385,43.152586],[-79.697859,43.153164],[-79.700804,43.146397],[-79.703136,43.146801],[-79.700279,43.153611],[-79.709814,43.155739],[-79.709012,43.15766],[-79.718684,43.159912],[-79.720252,43.156239],[-79.719683,43.155444],[-79.720504,43.155642],[-79.722274,43.151502],[-79.723572,43.15182],[-79.736361,43.155476],[-79.733164,43.163019],[-79.7334,43.163074],[-79.733453,43.162948],[-79.734462,43.163178],[-79.73474,43.162523],[-79.733731,43.162293],[-79.733815,43.162189],[-79.734489,43.162356],[-79.735877,43.159081],[-79.73989,43.160085],[-79.741229,43.156867],[-79.755316,43.160895],[-79.754586,43.162623],[-79.759353,43.163873],[-79.760065,43.16223],[-79.778991,43.167076],[-79.777036,43.171827],[-79.776368,43.17301],[-79.781028,43.174033],[-79.78164,43.174074],[-79.782314,43.17253],[-79.78749,43.173701],[-79.787374,43.173983],[-79.787481,43.173941],[-79.789903,43.174482],[-79.791853,43.174782],[-79.794385,43.175519],[-79.794959,43.17421],[-79.793112,43.173782],[-79.792716,43.174706],[-79.792753,43.174768],[-79.791577,43.17449],[-79.789698,43.174196]],[[-79.81991,43.182243],[-79.819553,43.18216],[-79.819429,43.18244],[-79.819787,43.182523],[-79.81991,43.182243]]],[[[-79.884242,43.288126],[-79.883822,43.288199],[-79.881171,43.287877],[-79.877746,43.287855],[-79.87707,43.287913],[-79.874905,43.286382],[-79.874648,43.286097],[-79.883826,43.279876],[-79.884478,43.280677],[-79.88283,43.282622],[-79.886115,43.283607],[-79.887076,43.286365],[-79.886973,43.288127],[-79.886542,43.28917],[-79.886254,43.28908],[-79.88614,43.28892],[-79.886365,43.288071],[-79.886272,43.28787],[-79.885976,43.287763],[-79.885051,43.287829],[-79.884242,43.288126]]],[[[-80.246588,43.578508],[-80.244097,43.576766],[-80.243902,43.576695],[-80.238583,43.572865],[-80.237707,43.573509],[-80.243176,43.577442],[-80.233416,43.584612],[-80.228569,43.58114],[-80.224906,43.583708],[-80.220652,43.580662],[-80.220581,43.580714],[-80.211643,43.574184],[-80.195017,43.562448],[-80.196964,43.56098],[-80.195225,43.559752],[-80.19611,43.559101],[-80.193699,43.557351],[-80.193912,43.557186],[-80.192173,43.555922],[-80.191944,43.556091],[-80.187717,43.553023],[-80.188541,43.552416],[-80.185673,43.550335],[-80.195734,43.542849],[-80.19215,43.540213],[-80.194403,43.538525],[-80.19204,43.536793],[-80.193516,43.535474],[-80.191059,43.533758],[-80.189635,43.535031],[-80.182886,43.530083],[-80.18534,43.528257],[-80.182858,43.526477],[-80.182855,43.526283],[-80.18546,43.524345],[-80.18537,43.524345],[-80.185547,43.524214],[-80.185371,43.524085],[-80.185452,43.524025],[-80.171255,43.513697],[-80.157104,43.503199],[-80.155657,43.504283],[-80.154997,43.503793],[-80.156444,43.502709],[-80.153505,43.500528],[-80.154091,43.500088],[-80.153676,43.499676],[-80.153362,43.499454],[-80.151584,43.49904],[-80.152312,43.498511],[-80.151889,43.498198],[-80.15116,43.498727],[-80.150771,43.49844],[-80.151857,43.49765],[-80.150996,43.497015],[-80.153197,43.495304],[-80.157106,43.492514],[-80.159888,43.490343],[-80.16583,43.485927],[-80.16936,43.488498],[-80.170871,43.487366],[-80.170869,43.48717],[-80.171132,43.486973],[-80.170679,43.486644],[-80.171287,43.485524],[-80.171622,43.484709],[-80.172065,43.484314],[-80.171503,43.483409],[-80.172371,43.482788],[-80.171189,43.482048],[-80.176656,43.477942],[-80.180139,43.480576],[-80.189157,43.47383],[-80.201348,43.482633],[-80.226945,43.478359],[-80.229892,43.487295],[-80.233391,43.496087],[-80.243614,43.494603],[-80.246327,43.500526],[-80.251506,43.499657],[-80.251839,43.499717],[-80.252014,43.499637],[-80.25231,43.499648],[-80.252646,43.499524],[-80.253422,43.499782],[-80.253687,43.500316],[-80.253741,43.500982],[-80.253984,43.501389],[-80.254123,43.502082],[-80.254022,43.502306],[-80.254179,43.502586],[-80.254213,43.502884],[-80.254068,43.503532],[-80.254188,43.503865],[-80.254097,43.504189],[-80.254328,43.504542],[-80.254587,43.504634],[-80.254733,43.504824],[-80.254857,43.50578],[-80.254779,43.506068],[-80.2548,43.506391],[-80.254981,43.506788],[-80.255372,43.507195],[-80.25559,43.507575],[-80.255762,43.507666],[-80.256067,43.508017],[-80.256224,43.508322],[-80.256519,43.508493],[-80.256677,43.508699],[-80.256899,43.509757],[-80.257392,43.509889],[-80.257691,43.51015],[-80.257797,43.510354],[-80.258585,43.510917],[-80.259284,43.511592],[-80.25973,43.512124],[-80.259606,43.512215],[-80.259743,43.512452],[-80.261082,43.513527],[-80.261257,43.514185],[-80.261517,43.514638],[-80.262675,43.515042],[-80.263429,43.515593],[-80.263818,43.515894],[-80.264019,43.516272],[-80.264176,43.516827],[-80.264308,43.51673],[-80.264386,43.51695],[-80.264334,43.517329],[-80.264506,43.517732],[-80.264471,43.518309],[-80.264133,43.519596],[-80.264234,43.519905],[-80.264442,43.520189],[-80.264528,43.521204],[-80.264291,43.521823],[-80.264495,43.521986],[-80.267677,43.519672],[-80.267582,43.519305],[-80.26865,43.519245],[-80.269031,43.517563],[-80.269543,43.517333],[-80.269512,43.516684],[-80.27116,43.516537],[-80.2728,43.512359],[-80.274564,43.51362],[-80.277429,43.511551],[-80.295302,43.524577],[-80.307252,43.520024],[-80.314121,43.52518],[-80.329834,43.536637],[-80.322266,43.542021],[-80.321198,43.542272],[-80.3207,43.542652],[-80.320437,43.542652],[-80.319749,43.542164],[-80.31075,43.548834],[-80.301742,43.555382],[-80.303611,43.556742],[-80.294497,43.563445],[-80.288505,43.56241],[-80.279158,43.569236],[-80.278381,43.567099],[-80.276588,43.568387],[-80.276905,43.569108],[-80.272589,43.572293],[-80.272772,43.57256],[-80.273162,43.572825],[-80.273339,43.572876],[-80.273521,43.573064],[-80.273865,43.573143],[-80.274066,43.573334],[-80.274562,43.573486],[-80.274929,43.573851],[-80.275022,43.57424],[-80.275238,43.574602],[-80.275166,43.575104],[-80.275261,43.575325],[-80.275199,43.575376],[-80.275242,43.575504],[-80.275397,43.575734],[-80.275612,43.575826],[-80.275532,43.575936],[-80.275741,43.575994],[-80.275781,43.576088],[-80.275682,43.57698],[-80.274629,43.577723],[-80.274441,43.577938],[-80.274351,43.578199],[-80.274723,43.579237],[-80.274641,43.579822],[-80.274354,43.580018],[-80.274328,43.580126],[-80.274546,43.58055],[-80.274504,43.580928],[-80.274624,43.581271],[-80.274383,43.581765],[-80.274414,43.58226],[-80.274548,43.582459],[-80.274954,43.582633],[-80.275739,43.583268],[-80.27557,43.583942],[-80.275591,43.584302],[-80.275195,43.585236],[-80.275266,43.585579],[-80.275375,43.585733],[-80.275334,43.58612],[-80.275016,43.586739],[-80.273869,43.588416],[-80.273533,43.589602],[-80.273477,43.590124],[-80.273108,43.59095],[-80.272694,43.591361],[-80.272382,43.591549],[-80.271936,43.591555],[-80.271171,43.592351],[-80.271019,43.592602],[-80.269946,43.593244],[-80.269569,43.593647],[-80.269554,43.593845],[-80.269182,43.593932],[-80.268492,43.594362],[-80.246588,43.578508]],[[-80.194086,43.533456],[-80.197614,43.536041],[-80.199582,43.534567],[-80.196589,43.532374],[-80.195276,43.53337],[-80.194793,43.532919],[-80.194086,43.533456]]],[[[-80.139644,43.62138],[-80.136126,43.621831],[-80.136103,43.621734],[-80.133988,43.622005],[-80.134592,43.620872],[-80.132879,43.619928],[-80.132591,43.620501],[-80.131653,43.620039],[-80.132188,43.618945],[-80.123325,43.612536],[-80.128421,43.608009],[-80.12882,43.607832],[-80.134088,43.603117],[-80.134667,43.60352],[-80.134951,43.603355],[-80.135297,43.603586],[-80.135708,43.60342],[-80.136318,43.602866],[-80.137748,43.603825],[-80.136742,43.604676],[-80.136958,43.60481],[-80.137178,43.604624],[-80.138909,43.605785],[-80.139347,43.605442],[-80.140603,43.606284],[-80.1398,43.606992],[-80.142614,43.608983],[-80.145438,43.611212],[-80.150967,43.614957],[-80.151429,43.614434],[-80.15187,43.6141],[-80.152381,43.61387],[-80.152666,43.613578],[-80.152851,43.61374],[-80.153186,43.613644],[-80.15323,43.613474],[-80.153621,43.614331],[-80.153637,43.614683],[-80.15323,43.614828],[-80.152383,43.614955],[-80.152356,43.615138],[-80.151684,43.615431],[-80.154967,43.617627],[-80.15293,43.618886],[-80.151556,43.61951],[-80.150394,43.619926],[-80.152021,43.621134],[-80.150641,43.622164],[-80.150055,43.621755],[-80.149687,43.621978],[-80.151174,43.623053],[-80.145542,43.628134],[-80.142737,43.626209],[-80.144542,43.624663],[-80.143168,43.623689],[-80.144041,43.623042],[-80.142583,43.622008],[-80.142901,43.621728],[-80.14279,43.621649],[-80.142648,43.621667],[-80.14228,43.6214],[-80.139715,43.621733],[-80.139644,43.62138]]],[[[-79.810519,44.040883],[-79.811085,44.040763],[-79.811157,44.04039],[-79.810369,44.037433],[-79.803564,44.03896],[-79.8029,44.03881],[-79.802463,44.037255],[-79.800483,44.037724],[-79.799684,44.036401],[-79.798734,44.032553],[-79.793777,44.033625],[-79.793183,44.031459],[-79.792293,44.031638],[-79.79131,44.027968],[-79.792821,44.027629],[-79.792863,44.027497],[-79.792715,44.027443],[-79.792717,44.0267],[-79.792782,44.026593],[-79.792704,44.026312],[-79.792533,44.026081],[-79.79256,44.02601],[-79.792207,44.025597],[-79.792193,44.025484],[-79.790776,44.025825],[-79.789155,44.019484],[-79.789997,44.019308],[-79.788598,44.013765],[-79.789307,44.013613],[-79.789166,44.013049],[-79.788456,44.013201],[-79.788485,44.013006],[-79.786971,44.006866],[-79.791975,44.005743],[-79.79644,44.004841],[-79.796975,44.006861],[-79.800271,44.006172],[-79.801316,44.010238],[-79.803143,44.00984],[-79.802681,44.007801],[-79.802961,44.00759],[-79.808373,44.006028],[-79.809587,44.004857],[-79.810143,44.005005],[-79.809404,44.001919],[-79.815913,44.00041],[-79.816676,44.000249],[-79.816724,44.000382],[-79.823343,43.998988],[-79.833843,43.996625],[-79.834312,43.998438],[-79.838924,43.997435],[-79.841822,44.009221],[-79.845636,44.008364],[-79.846238,44.0109],[-79.842448,44.011764],[-79.843158,44.014639],[-79.844678,44.014418],[-79.844862,44.015121],[-79.843354,44.015402],[-79.844551,44.02005],[-79.845183,44.019898],[-79.845393,44.020706],[-79.844761,44.020858],[-79.845329,44.023043],[-79.845983,44.022955],[-79.846105,44.023427],[-79.846563,44.023365],[-79.847025,44.025148],[-79.848999,44.024681],[-79.849392,44.026281],[-79.849903,44.02624],[-79.849916,44.026294],[-79.846906,44.02656],[-79.846881,44.026468],[-79.845997,44.026567],[-79.845954,44.026404],[-79.845462,44.026512],[-79.845547,44.02687],[-79.845127,44.026963],[-79.845382,44.027966],[-79.845543,44.027928],[-79.845614,44.028197],[-79.844996,44.028339],[-79.845716,44.031244],[-79.847137,44.030875],[-79.847599,44.032632],[-79.825648,44.03748],[-79.826414,44.040755],[-79.819153,44.042391],[-79.819853,44.045365],[-79.812057,44.047088],[-79.810519,44.040883]]],[[[-79.78165,44.170928],[-79.781476,44.170208],[-79.785219,44.169357],[-79.784134,44.166433],[-79.783715,44.165003],[-79.783389,44.163562],[-79.783496,44.162899],[-79.78187,44.156876],[-79.785541,44.156027],[-79.784013,44.150283],[-79.786577,44.149684],[-79.785157,44.14388],[-79.785035,44.143689],[-79.783361,44.137426],[-79.789043,44.136127],[-79.787374,44.129813],[-79.790735,44.129103],[-79.791187,44.130677],[-79.791508,44.130828],[-79.791753,44.130892],[-79.792412,44.13086],[-79.792785,44.130688],[-79.793145,44.130364],[-79.793418,44.130366],[-79.793826,44.13047],[-79.793998,44.130601],[-79.794029,44.13099],[-79.794315,44.131133],[-79.79471,44.13126],[-79.795535,44.131234],[-79.796355,44.134468],[-79.79834,44.13402],[-79.798802,44.1358],[-79.804929,44.134411],[-79.804427,44.132651],[-79.804806,44.132752],[-79.805114,44.133011],[-79.805396,44.133123],[-79.807293,44.133404],[-79.807611,44.133579],[-79.807703,44.133875],[-79.808131,44.134183],[-79.807962,44.134613],[-79.807978,44.134769],[-79.808871,44.13567],[-79.809143,44.136117],[-79.809116,44.136267],[-79.809858,44.136479],[-79.810323,44.136452],[-79.810767,44.136294],[-79.81142,44.135769],[-79.813225,44.134947],[-79.813322,44.134831],[-79.813321,44.134616],[-79.813097,44.134267],[-79.813076,44.133946],[-79.812956,44.133742],[-79.812736,44.133635],[-79.812757,44.133496],[-79.813364,44.133005],[-79.813634,44.132461],[-79.814124,44.132104],[-79.814861,44.132154],[-79.815229,44.132099],[-79.815672,44.132272],[-79.816776,44.132296],[-79.817715,44.132041],[-79.819127,44.131838],[-79.819618,44.131652],[-79.819885,44.131456],[-79.819905,44.131536],[-79.820668,44.131364],[-79.820738,44.131003],[-79.820444,44.130647],[-79.820426,44.130392],[-79.82064,44.130459],[-79.820616,44.130357],[-79.821788,44.131094],[-79.821647,44.131435],[-79.821857,44.131641],[-79.822514,44.131715],[-79.82401,44.131552],[-79.825449,44.131165],[-79.828478,44.131401],[-79.828421,44.131174],[-79.828815,44.131119],[-79.828755,44.130938],[-79.828324,44.130384],[-79.828337,44.130129],[-79.828538,44.129944],[-79.828794,44.129893],[-79.829562,44.129958],[-79.829784,44.1305],[-79.829972,44.130608],[-79.830363,44.130476],[-79.830506,44.130346],[-79.830431,44.129555],[-79.830519,44.129355],[-79.830813,44.129286],[-79.832437,44.129719],[-79.832743,44.129686],[-79.83289,44.129414],[-79.832731,44.129134],[-79.832179,44.129108],[-79.831904,44.128922],[-79.832028,44.128526],[-79.832431,44.128445],[-79.832814,44.128651],[-79.833119,44.128646],[-79.833433,44.128568],[-79.833668,44.128324],[-79.833519,44.128163],[-79.833196,44.128123],[-79.832943,44.127821],[-79.832917,44.127597],[-79.833213,44.126987],[-79.832022,44.126262],[-79.831963,44.12603],[-79.833655,44.125658],[-79.833617,44.125423],[-79.8341,44.125356],[-79.834153,44.125564],[-79.834907,44.125957],[-79.839635,44.124991],[-79.851805,44.122274],[-79.852611,44.122173],[-79.856769,44.121172],[-79.869882,44.118537],[-79.87525,44.138783],[-79.876066,44.138679],[-79.876167,44.139054],[-79.879603,44.138333],[-79.887987,44.136349],[-79.889521,44.142046],[-79.887434,44.142502],[-79.888404,44.14664],[-79.888554,44.146937],[-79.886545,44.147415],[-79.887566,44.151474],[-79.887474,44.151628],[-79.887666,44.151876],[-79.887763,44.152267],[-79.887453,44.152245],[-79.887353,44.152113],[-79.887081,44.152055],[-79.886272,44.152449],[-79.885776,44.15259],[-79.884922,44.152675],[-79.884099,44.153059],[-79.886612,44.15433],[-79.879965,44.155755],[-79.88205,44.163803],[-79.88174,44.163852],[-79.881896,44.164475],[-79.873589,44.166225],[-79.873681,44.166584],[-79.865159,44.168368],[-79.863267,44.161136],[-79.854466,44.162997],[-79.854399,44.162775],[-79.845327,44.164693],[-79.844319,44.160971],[-79.839824,44.16114],[-79.838516,44.161498],[-79.837785,44.161504],[-79.837039,44.161628],[-79.835884,44.161951],[-79.835383,44.162183],[-79.834855,44.162124],[-79.833752,44.162194],[-79.833342,44.161947],[-79.833186,44.162077],[-79.832987,44.1621],[-79.832826,44.162565],[-79.832495,44.162702],[-79.832325,44.16273],[-79.832219,44.162353],[-79.829852,44.162815],[-79.830009,44.164041],[-79.830741,44.167795],[-79.816838,44.170855],[-79.816068,44.170892],[-79.814477,44.171217],[-79.80633,44.173022],[-79.806364,44.173133],[-79.788498,44.177011],[-79.787069,44.171367],[-79.781908,44.172475],[-79.781767,44.172411],[-79.781432,44.170977],[-79.78165,44.170928]]],[[[-79.957203,44.755026],[-79.9564,44.755693],[-79.957097,44.755972],[-79.956762,44.756401],[-79.956064,44.756122],[-79.957106,44.757727],[-79.95695,44.757816],[-79.957092,44.758083],[-79.957637,44.75819],[-79.957761,44.758332],[-79.956926,44.758698],[-79.95735,44.759194],[-79.956687,44.759484],[-79.960432,44.763935],[-79.964603,44.767861],[-79.961202,44.783839],[-79.95628,44.78589],[-79.959808,44.79008],[-79.958021,44.798918],[-79.955062,44.800251],[-79.953915,44.800122],[-79.952138,44.799273],[-79.951316,44.79872],[-79.950603,44.798925],[-79.949909,44.799701],[-79.945698,44.799253],[-79.935701,44.797818],[-79.934882,44.799005],[-79.936719,44.807779],[-79.929293,44.811034],[-79.920004,44.807532],[-79.918088,44.805288],[-79.922486,44.803475],[-79.917059,44.797089],[-79.923848,44.794229],[-79.899082,44.765622],[-79.902117,44.764272],[-79.902855,44.765127],[-79.903503,44.764847],[-79.903274,44.764581],[-79.90349,44.764486],[-79.903719,44.764751],[-79.904364,44.764467],[-79.904094,44.764155],[-79.906312,44.763176],[-79.906514,44.763409],[-79.907557,44.762949],[-79.906888,44.762176],[-79.908718,44.761367],[-79.908591,44.761215],[-79.909341,44.760879],[-79.909474,44.761032],[-79.921412,44.755742],[-79.921638,44.755997],[-79.922238,44.755648],[-79.922688,44.756157],[-79.930438,44.752814],[-79.933124,44.751566],[-79.934483,44.753107],[-79.935301,44.752743],[-79.939365,44.757477],[-79.950677,44.752435],[-79.953718,44.755923],[-79.958689,44.753668],[-79.95867,44.753691],[-79.958509,44.75388],[-79.958424,44.753979],[-79.958625,44.754094],[-79.957203,44.755026]]],[[[-79.802586,43.112697],[-79.822201,43.116704],[-79.815308,43.133093],[-79.798141,43.129107],[-79.798759,43.127411],[-79.796386,43.126913],[-79.802586,43.112697]]],[[[-79.198246,43.220774],[-79.200457,43.220203],[-79.200443,43.219952],[-79.200885,43.219838],[-79.200855,43.219289],[-79.201952,43.219006],[-79.201892,43.217928],[-79.200708,43.218243],[-79.200687,43.217827],[-79.201871,43.217513],[-79.201723,43.21463],[-79.201095,43.214868],[-79.201051,43.214016],[-79.199289,43.214681],[-79.199069,43.211002],[-79.201489,43.210082],[-79.201401,43.20837],[-79.198753,43.20938],[-79.197914,43.207307],[-79.201279,43.206037],[-79.201244,43.205366],[-79.200367,43.205392],[-79.200336,43.204795],[-79.201213,43.20477],[-79.201156,43.203687],[-79.198618,43.204637],[-79.19837,43.199939],[-79.198649,43.199837],[-79.198745,43.200622],[-79.199572,43.200598],[-79.199524,43.200129],[-79.200328,43.20001],[-79.200206,43.199266],[-79.200912,43.199004],[-79.200883,43.198375],[-79.200192,43.198625],[-79.20018,43.198362],[-79.199752,43.198517],[-79.19974,43.198298],[-79.198514,43.198749],[-79.198367,43.196476],[-79.197301,43.196875],[-79.197293,43.196629],[-79.195762,43.197202],[-79.195695,43.195998],[-79.198831,43.194823],[-79.198888,43.19456],[-79.196442,43.193331],[-79.195971,43.192827],[-79.195814,43.192316],[-79.198284,43.19136],[-79.199727,43.191937],[-79.200458,43.191993],[-79.200587,43.191952],[-79.200553,43.191221],[-79.198505,43.18849],[-79.1973,43.185198],[-79.19643,43.180965],[-79.195827,43.175157],[-79.196056,43.17326],[-79.19527,43.168449],[-79.194477,43.161485],[-79.193065,43.154128],[-79.192683,43.149638],[-79.192485,43.145939],[-79.19216,43.144941],[-79.178192,43.149874],[-79.177834,43.140411],[-79.183359,43.138428],[-79.192916,43.135359],[-79.201248,43.132428],[-79.201172,43.131659],[-79.202387,43.131452],[-79.20241,43.132048],[-79.208427,43.12993],[-79.211639,43.128645],[-79.211454,43.128399],[-79.211438,43.128121],[-79.211606,43.128116],[-79.211771,43.128592],[-79.219594,43.125559],[-79.219099,43.124547],[-79.22049,43.124129],[-79.220589,43.12428],[-79.221145,43.124083],[-79.221629,43.124828],[-79.222184,43.124628],[-79.22201,43.124202],[-79.223212,43.123709],[-79.223506,43.124153],[-79.223795,43.124048],[-79.223332,43.123381],[-79.223933,43.123157],[-79.223595,43.122672],[-79.224259,43.122429],[-79.224633,43.122967],[-79.226359,43.122336],[-79.226791,43.122961],[-79.23824,43.11881],[-79.248318,43.115375],[-79.2534,43.113372],[-79.263764,43.109946],[-79.265539,43.109477],[-79.265282,43.10916],[-79.264965,43.108425],[-79.264227,43.107984],[-79.267755,43.107064],[-79.268545,43.108694],[-79.269491,43.108446],[-79.27465,43.10667],[-79.274641,43.108799],[-79.280822,43.108838],[-79.283783,43.108742],[-79.284542,43.108122],[-79.284864,43.107982],[-79.284601,43.107949],[-79.284131,43.1077],[-79.283851,43.107447],[-79.283713,43.106997],[-79.283433,43.10655],[-79.283061,43.106239],[-79.2822,43.105771],[-79.276925,43.105877],[-79.27674,43.101284],[-79.281694,43.101197],[-79.281822,43.105598],[-79.28222,43.105589],[-79.28319,43.106138],[-79.283574,43.10646],[-79.283808,43.106803],[-79.284015,43.107462],[-79.284191,43.107603],[-79.284636,43.107803],[-79.285755,43.107853],[-79.286051,43.108011],[-79.286148,43.108527],[-79.286471,43.108749],[-79.290375,43.108674],[-79.290395,43.107858],[-79.289685,43.107867],[-79.289676,43.108502],[-79.287258,43.108562],[-79.287137,43.104364],[-79.294732,43.104256],[-79.294899,43.108539],[-79.300253,43.108457],[-79.305448,43.108025],[-79.30556,43.110384],[-79.306176,43.110368],[-79.30643,43.111143],[-79.306371,43.11181],[-79.307819,43.112517],[-79.308374,43.112641],[-79.308954,43.112648],[-79.311114,43.112281],[-79.311118,43.112446],[-79.313865,43.111924],[-79.31587,43.111798],[-79.316044,43.116949],[-79.310748,43.116806],[-79.310746,43.116937],[-79.31109,43.126157],[-79.311734,43.139206],[-79.312373,43.139495],[-79.312724,43.139446],[-79.312991,43.139661],[-79.313251,43.140115],[-79.313221,43.140286],[-79.313068,43.140446],[-79.312267,43.14088],[-79.312084,43.141269],[-79.31171,43.141632],[-79.311763,43.141971],[-79.311504,43.142183],[-79.311122,43.142277],[-79.310993,43.142694],[-79.311168,43.14293],[-79.311237,43.143336],[-79.311527,43.143696],[-79.312168,43.144093],[-79.313052,43.144286],[-79.313358,43.144687],[-79.311976,43.144662],[-79.312154,43.148377],[-79.313445,43.148466],[-79.313423,43.148833],[-79.314414,43.148877],[-79.314464,43.149138],[-79.314929,43.14991],[-79.31538,43.150142],[-79.315563,43.15055],[-79.315609,43.150902],[-79.315464,43.151643],[-79.315243,43.151964],[-79.31525,43.152225],[-79.316219,43.152896],[-79.316273,43.153082],[-79.316196,43.153243],[-79.315921,43.153459],[-79.31525,43.153332],[-79.314945,43.153544],[-79.31454,43.154195],[-79.314258,43.154466],[-79.314129,43.154928],[-79.3139,43.155338],[-79.313922,43.155505],[-79.314212,43.155618],[-79.314258,43.155952],[-79.313747,43.156133],[-79.31348,43.156741],[-79.313472,43.15711],[-79.313548,43.157247],[-79.31477,43.157233],[-79.315235,43.157344],[-79.315624,43.157849],[-79.315898,43.158461],[-79.315952,43.158948],[-79.315723,43.159449],[-79.315799,43.159986],[-79.315692,43.160196],[-79.315227,43.160567],[-79.315196,43.160805],[-79.315578,43.160982],[-79.316089,43.160823],[-79.316692,43.160494],[-79.316821,43.160537],[-79.316867,43.160659],[-79.316707,43.161215],[-79.316226,43.162013],[-79.316257,43.162298],[-79.316699,43.162844],[-79.316768,43.163057],[-79.31644,43.163322],[-79.315647,43.163531],[-79.315464,43.164055],[-79.314846,43.16496],[-79.315204,43.165443],[-79.315998,43.165698],[-79.316181,43.165885],[-79.316768,43.166911],[-79.316944,43.167972],[-79.316684,43.168571],[-79.316806,43.168866],[-79.317158,43.169127],[-79.31728,43.169489],[-79.317241,43.169808],[-79.317318,43.170093],[-79.317493,43.170267],[-79.319324,43.171275],[-79.319141,43.171642],[-79.318454,43.172014],[-79.318157,43.172271],[-79.317928,43.172623],[-79.317936,43.172993],[-79.318271,43.1732],[-79.319004,43.1734],[-79.319553,43.17371],[-79.31985,43.173998],[-79.320453,43.174912],[-79.320476,43.175358],[-79.319553,43.176038],[-79.31924,43.17647],[-79.319454,43.177049],[-79.320407,43.178022],[-79.320618,43.178632],[-79.323459,43.178279],[-79.324135,43.178638],[-79.324999,43.17879],[-79.32573,43.179397],[-79.329133,43.179349],[-79.328903,43.180938],[-79.328452,43.18108],[-79.328381,43.181157],[-79.328437,43.18141],[-79.263967,43.212461],[-79.223467,43.226849],[-79.220909,43.246566],[-79.205668,43.246993],[-79.206947,43.228981],[-79.198762,43.230187],[-79.198246,43.220774]]],[[[-79.37717,43.925871],[-79.377138,43.925746],[-79.353039,43.931304],[-79.353202,43.93196],[-79.328981,43.937588],[-79.328941,43.937428],[-79.302759,43.943313],[-79.302881,43.943815],[-79.277772,43.949586],[-79.277806,43.949724],[-79.253658,43.955394],[-79.253476,43.954601],[-79.228706,43.960191],[-79.226005,43.949126],[-79.213895,43.952008],[-79.205058,43.932709],[-79.201478,43.924421],[-79.208789,43.922513],[-79.219145,43.920027],[-79.218148,43.916442],[-79.199788,43.920914],[-79.195222,43.910871],[-79.182286,43.883176],[-79.170274,43.855456],[-79.177449,43.853812],[-79.201527,43.847921],[-79.225812,43.84257],[-79.275072,43.831068],[-79.324577,43.819632],[-79.34852,43.813984],[-79.372913,43.808429],[-79.420111,43.798035],[-79.445838,43.792449],[-79.470208,43.787257],[-79.494571,43.781532],[-79.519846,43.775757],[-79.56848,43.765795],[-79.592537,43.760299],[-79.632154,43.751398],[-79.635244,43.751237],[-79.636453,43.751054],[-79.637366,43.750768],[-79.639305,43.749845],[-79.637813,43.748465],[-79.620461,43.718822],[-79.602471,43.687783],[-79.59491,43.675073],[-79.588824,43.664623],[-79.60879,43.646459],[-79.608356,43.646134],[-79.6078,43.645002],[-79.607495,43.644782],[-79.607052,43.644651],[-79.606742,43.644611],[-79.605598,43.644768],[-79.60534,43.644693],[-79.60506,43.644446],[-79.604565,43.644404],[-79.603295,43.644641],[-79.602614,43.644597],[-79.601782,43.644118],[-79.599436,43.643711],[-79.59908,43.643563],[-79.598824,43.643335],[-79.598394,43.643194],[-79.596947,43.643015],[-79.595941,43.643101],[-79.595168,43.64329],[-79.594135,43.643961],[-79.593045,43.644452],[-79.592396,43.644642],[-79.591865,43.644546],[-79.591437,43.644297],[-79.591029,43.644229],[-79.590391,43.643951],[-79.589342,43.643209],[-79.589161,43.642991],[-79.588658,43.642768],[-79.588311,43.642251],[-79.588345,43.641873],[-79.588277,43.641593],[-79.587541,43.64072],[-79.587218,43.640211],[-79.587076,43.639921],[-79.587011,43.639516],[-79.58639,43.638526],[-79.586002,43.638152],[-79.585364,43.637316],[-79.58533,43.637172],[-79.585465,43.636732],[-79.586064,43.635488],[-79.586013,43.635019],[-79.585581,43.63442],[-79.585571,43.634302],[-79.585843,43.633811],[-79.585825,43.633531],[-79.585395,43.632851],[-79.585149,43.632217],[-79.585122,43.631812],[-79.585169,43.631389],[-79.585354,43.630905],[-79.58605,43.629743],[-79.585983,43.629454],[-79.585754,43.629145],[-79.585304,43.628807],[-79.58298,43.628003],[-79.58083,43.627707],[-79.580304,43.627394],[-79.579684,43.626873],[-79.576949,43.626191],[-79.575822,43.625618],[-79.574872,43.625426],[-79.574388,43.625466],[-79.574385,43.625565],[-79.57364,43.625962],[-79.572397,43.626108],[-79.570034,43.626961],[-79.568517,43.626663],[-79.567799,43.627149],[-79.567452,43.62764],[-79.567371,43.627945],[-79.567255,43.628106],[-79.567093,43.628158],[-79.56667,43.628215],[-79.564998,43.628167],[-79.564368,43.628069],[-79.563927,43.627839],[-79.563869,43.627667],[-79.563903,43.627271],[-79.563498,43.626609],[-79.563718,43.625702],[-79.563711,43.624955],[-79.564055,43.624536],[-79.564342,43.624486],[-79.564932,43.624673],[-79.565255,43.624632],[-79.56552,43.624455],[-79.565754,43.624008],[-79.566031,43.622787],[-79.565942,43.622345],[-79.565631,43.621873],[-79.565705,43.621865],[-79.565651,43.621567],[-79.565727,43.621469],[-79.566715,43.621121],[-79.567045,43.620774],[-79.567028,43.62045],[-79.566897,43.620232],[-79.566852,43.619502],[-79.566932,43.618773],[-79.566657,43.617807],[-79.567339,43.617257],[-79.567588,43.617215],[-79.568008,43.616752],[-79.568002,43.615987],[-79.568274,43.614964],[-79.568523,43.614391],[-79.568208,43.614062],[-79.567586,43.613668],[-79.566614,43.613358],[-79.565251,43.613368],[-79.564721,43.613244],[-79.564205,43.61304],[-79.564051,43.612741],[-79.564196,43.612373],[-79.56591,43.611693],[-79.566833,43.610912],[-79.567296,43.610737],[-79.567464,43.610433],[-79.567369,43.610252],[-79.567418,43.609758],[-79.567235,43.609125],[-79.567007,43.608807],[-79.566249,43.608365],[-79.566075,43.60839],[-79.565835,43.608585],[-79.565525,43.608617],[-79.564793,43.608131],[-79.564663,43.607868],[-79.565033,43.607423],[-79.564903,43.60716],[-79.563945,43.606779],[-79.563349,43.606825],[-79.562535,43.606662],[-79.562125,43.606216],[-79.561747,43.605941],[-79.560912,43.605615],[-79.560071,43.605037],[-79.559971,43.605063],[-79.559556,43.604797],[-79.559081,43.604458],[-79.557796,43.603289],[-79.556535,43.602643],[-79.556212,43.602152],[-79.556294,43.601856],[-79.556271,43.601253],[-79.556044,43.600385],[-79.556108,43.600296],[-79.55609,43.600026],[-79.555974,43.5997],[-79.55557,43.599479],[-79.554391,43.599059],[-79.553842,43.598701],[-79.553559,43.598094],[-79.553588,43.597905],[-79.55386,43.597431],[-79.554058,43.596399],[-79.553982,43.595957],[-79.553813,43.595756],[-79.553324,43.595489],[-79.552769,43.595374],[-79.550234,43.595189],[-79.549552,43.595216],[-79.54885,43.595045],[-79.548654,43.594448],[-79.548724,43.594089],[-79.548851,43.593973],[-79.548891,43.593344],[-79.549708,43.592328],[-79.549635,43.592264],[-79.549663,43.592138],[-79.549751,43.592103],[-79.549728,43.591995],[-79.549858,43.591771],[-79.549855,43.591384],[-79.549566,43.590498],[-79.549385,43.590307],[-79.548609,43.590117],[-79.54768,43.58961],[-79.54638,43.588531],[-79.546254,43.588646],[-79.546197,43.588411],[-79.546682,43.587823],[-79.546762,43.587608],[-79.546448,43.587253],[-79.546155,43.587069],[-79.545698,43.587045],[-79.545354,43.586906],[-79.545213,43.586607],[-79.545056,43.585903],[-79.544781,43.585512],[-79.543596,43.584822],[-79.541577,43.584222],[-79.538167,43.579631],[-79.594892,43.531233],[-79.601424,43.492936],[-79.6107,43.485672],[-79.608744,43.484303],[-79.609778,43.483018],[-79.616092,43.487432],[-79.624621,43.48114],[-79.625066,43.48135],[-79.645403,43.496294],[-79.681675,43.522768],[-79.693117,43.512164],[-79.698255,43.514822],[-79.705642,43.518209],[-79.723024,43.526983],[-79.724822,43.528255],[-79.727548,43.530397],[-79.728672,43.530585],[-79.730419,43.531165],[-79.733584,43.532544],[-79.743177,43.537563],[-79.74612,43.539456],[-79.756362,43.546975],[-79.7607,43.55085],[-79.762832,43.552525],[-79.766174,43.554682],[-79.768928,43.55623],[-79.771177,43.557748],[-79.783753,43.566944],[-79.785417,43.568218],[-79.788694,43.570951],[-79.790229,43.572069],[-79.795738,43.575722],[-79.806524,43.583652],[-79.807872,43.584709],[-79.808687,43.585499],[-79.809468,43.586606],[-79.809886,43.587505],[-79.810101,43.588471],[-79.802842,43.594933],[-79.801495,43.595966],[-79.800022,43.59691],[-79.79844,43.597745],[-79.796761,43.598482],[-79.793832,43.599434],[-79.790706,43.600072],[-79.787921,43.600348],[-79.787386,43.600789],[-79.784561,43.601005],[-79.784583,43.601118],[-79.785474,43.601204],[-79.786392,43.601515],[-79.787844,43.602225],[-79.788426,43.60227],[-79.789028,43.602162],[-79.789494,43.60191],[-79.789643,43.60199],[-79.787721,43.603225],[-79.788566,43.603732],[-79.789078,43.603943],[-79.789909,43.6041],[-79.790737,43.604068],[-79.791456,43.603854],[-79.792154,43.603444],[-79.835365,43.63524],[-79.867346,43.659001],[-79.888873,43.674889],[-79.885268,43.678326],[-79.882999,43.679818],[-79.877361,43.675612],[-79.87445,43.678363],[-79.877079,43.680185],[-79.874475,43.682538],[-79.877265,43.684588],[-79.874467,43.687114],[-79.868968,43.683168],[-79.866616,43.68538],[-79.870843,43.688699],[-79.870156,43.689729],[-79.871367,43.690723],[-79.870449,43.691795],[-79.861936,43.699529],[-79.862181,43.699732],[-79.840713,43.718973],[-79.840795,43.719034],[-79.830113,43.728717],[-79.8357,43.73294],[-79.830203,43.737926],[-79.829753,43.737632],[-79.828836,43.738492],[-79.829229,43.738826],[-79.825082,43.742659],[-79.819728,43.738751],[-79.809163,43.748494],[-79.808501,43.748004],[-79.797859,43.757675],[-79.797764,43.757605],[-79.78498,43.769339],[-79.787131,43.770917],[-79.786189,43.771772],[-79.784053,43.770192],[-79.777002,43.77649],[-79.782433,43.780549],[-79.781917,43.781004],[-79.777318,43.777618],[-79.766474,43.787145],[-79.765606,43.786514],[-79.760283,43.791174],[-79.758588,43.79202],[-79.748127,43.801219],[-79.747118,43.80048],[-79.744903,43.802415],[-79.745954,43.803149],[-79.716479,43.829296],[-79.695411,43.848107],[-79.695764,43.848704],[-79.69526,43.84899],[-79.694917,43.849301],[-79.694823,43.849651],[-79.694951,43.850049],[-79.695465,43.850424],[-79.697198,43.851416],[-79.697739,43.85204],[-79.69888,43.85395],[-79.692948,43.855248],[-79.691199,43.847744],[-79.678979,43.850354],[-79.680333,43.856295],[-79.682978,43.857383],[-79.692713,43.855301],[-79.69299,43.855428],[-79.69898,43.85412],[-79.704922,43.86423],[-79.71075,43.874441],[-79.697472,43.877289],[-79.697424,43.877091],[-79.680626,43.880648],[-79.672974,43.882314],[-79.673009,43.88245],[-79.649277,43.887613],[-79.629957,43.891685],[-79.625039,43.892619],[-79.625082,43.892825],[-79.604997,43.897148],[-79.607814,43.904012],[-79.60575,43.904482],[-79.605819,43.904891],[-79.601829,43.905715],[-79.602406,43.905302],[-79.602362,43.90519],[-79.604712,43.904706],[-79.604497,43.904226],[-79.60436,43.904271],[-79.604161,43.903922],[-79.604011,43.903907],[-79.603604,43.903194],[-79.602806,43.903439],[-79.602337,43.903783],[-79.60211,43.903765],[-79.601109,43.90409],[-79.601363,43.905053],[-79.594859,43.906415],[-79.593127,43.905985],[-79.592087,43.906188],[-79.592353,43.906903],[-79.588804,43.907461],[-79.587889,43.904369],[-79.591703,43.903569],[-79.590856,43.899952],[-79.574386,43.903404],[-79.574419,43.903541],[-79.550447,43.908599],[-79.526021,43.91407],[-79.52598,43.913793],[-79.524373,43.914103],[-79.524333,43.914256],[-79.501617,43.919221],[-79.501668,43.919426],[-79.477824,43.924221],[-79.481359,43.938899],[-79.485598,43.957128],[-79.487454,43.964505],[-79.488223,43.968133],[-79.491724,43.982822],[-79.499366,44.015922],[-79.47676,44.020779],[-79.454671,44.025737],[-79.448852,44.027093],[-79.448647,44.027314],[-79.423716,44.032651],[-79.423761,44.032795],[-79.412237,44.035404],[-79.41097,44.03148],[-79.410346,44.02819],[-79.407954,44.017334],[-79.40786,44.016377],[-79.407001,44.012664],[-79.406169,44.008597],[-79.405727,44.007123],[-79.404865,44.005319],[-79.403957,44.004014],[-79.402789,44.002688],[-79.399342,43.999435],[-79.39793,43.997668],[-79.397182,43.996276],[-79.396793,43.995208],[-79.396458,43.993659],[-79.395336,43.985545],[-79.393505,43.977727],[-79.393154,43.974813],[-79.393116,43.974111],[-79.393512,43.959819],[-79.393451,43.955496],[-79.393245,43.953121],[-79.392765,43.949959],[-79.391498,43.944588],[-79.390453,43.940729],[-79.390132,43.938771],[-79.390033,43.937234],[-79.390125,43.935894],[-79.390544,43.932389],[-79.390642,43.931831],[-79.390909,43.931117],[-79.391187,43.929341],[-79.391253,43.928379],[-79.39121,43.927004],[-79.39108,43.926026],[-79.390321,43.922886],[-79.37717,43.925871]]],[[[-79.785761,44.098202],[-79.778576,44.099749],[-79.776918,44.093689],[-79.769535,44.095313],[-79.767949,44.089095],[-79.776057,44.087406],[-79.772869,44.075651],[-79.772766,44.074894],[-79.780022,44.073299],[-79.779479,44.071381],[-79.783545,44.070477],[-79.784018,44.072208],[-79.783866,44.072234],[-79.783909,44.072402],[-79.797982,44.069374],[-79.799133,44.067489],[-79.801522,44.064521],[-79.805187,44.064091],[-79.80606,44.06764],[-79.809166,44.06696],[-79.812464,44.072708],[-79.818728,44.071404],[-79.820373,44.077781],[-79.819815,44.077901],[-79.821352,44.084318],[-79.822882,44.090136],[-79.802047,44.094671],[-79.802149,44.094998],[-79.798816,44.096634],[-79.790562,44.099931],[-79.791312,44.103371],[-79.788455,44.104008],[-79.787157,44.09939],[-79.785761,44.098202]]],[[[-79.566306,44.127652],[-79.566418,44.128089],[-79.565932,44.128349],[-79.564072,44.128508],[-79.563272,44.128104],[-79.563609,44.129464],[-79.561149,44.130002],[-79.560725,44.12831],[-79.560487,44.128362],[-79.560571,44.128707],[-79.560207,44.128786],[-79.560241,44.128922],[-79.557342,44.129561],[-79.557009,44.129533],[-79.553191,44.130252],[-79.553251,44.12989],[-79.550172,44.130524],[-79.550391,44.131078],[-79.548852,44.131393],[-79.548632,44.130836],[-79.54558,44.131437],[-79.544696,44.129775],[-79.543926,44.128608],[-79.543827,44.128287],[-79.54385,44.127824],[-79.544055,44.127597],[-79.544696,44.127299],[-79.54636,44.126987],[-79.546489,44.126876],[-79.54655,44.126458],[-79.546299,44.12596],[-79.546055,44.125709],[-79.543774,44.124244],[-79.543285,44.123689],[-79.543094,44.123259],[-79.542995,44.122173],[-79.543194,44.121297],[-79.543263,44.120191],[-79.543362,44.119936],[-79.543895,44.119204],[-79.5452,44.118136],[-79.545696,44.117278],[-79.545742,44.115356],[-79.545589,44.113941],[-79.545765,44.113781],[-79.545864,44.113296],[-79.546062,44.111957],[-79.546024,44.111016],[-79.546124,44.110832],[-79.54643,44.110676],[-79.546026,44.110404],[-79.546041,44.1102],[-79.545547,44.110174],[-79.543416,44.105908],[-79.546934,44.105055],[-79.557178,44.102808],[-79.558541,44.096328],[-79.558891,44.094842],[-79.559214,44.093945],[-79.559778,44.093116],[-79.560987,44.091952],[-79.561524,44.09148],[-79.562331,44.09099],[-79.562616,44.092062],[-79.56385,44.091892],[-79.563897,44.09207],[-79.564576,44.091977],[-79.564818,44.092891],[-79.566542,44.092682],[-79.566686,44.093206],[-79.56729,44.093141],[-79.567402,44.093661],[-79.566795,44.093748],[-79.566858,44.094053],[-79.56677,44.094364],[-79.56723,44.09611],[-79.566922,44.096152],[-79.567076,44.096684],[-79.567383,44.097215],[-79.566827,44.09828],[-79.566369,44.098635],[-79.566583,44.098776],[-79.568333,44.098406],[-79.568223,44.097974],[-79.56705,44.098245],[-79.567401,44.097592],[-79.568328,44.097379],[-79.568706,44.098873],[-79.569775,44.098637],[-79.569419,44.097227],[-79.568805,44.097359],[-79.568595,44.096528],[-79.569208,44.096395],[-79.568595,44.093971],[-79.574831,44.092651],[-79.576415,44.098694],[-79.598523,44.093751],[-79.601655,44.106232],[-79.603139,44.111852],[-79.603668,44.113582],[-79.603589,44.113599],[-79.604149,44.115252],[-79.605357,44.119971],[-79.606375,44.124422],[-79.584437,44.12936],[-79.584325,44.129386],[-79.584344,44.129477],[-79.576964,44.131122],[-79.576942,44.131033],[-79.569749,44.13262],[-79.568372,44.127118],[-79.566306,44.127652]]],[[[-79.721112,44.278128],[-79.722229,44.2762],[-79.721785,44.2763],[-79.721514,44.275678],[-79.719537,44.276124],[-79.71924,44.275434],[-79.71869,44.275558],[-79.718654,44.27509],[-79.718816,44.273873],[-79.718953,44.273701],[-79.718573,44.273513],[-79.718793,44.273311],[-79.718477,44.273133],[-79.718911,44.272682],[-79.718344,44.272386],[-79.719359,44.271692],[-79.719109,44.271667],[-79.718452,44.270187],[-79.717736,44.27035],[-79.717685,44.27022],[-79.714421,44.270923],[-79.71276,44.265023],[-79.720104,44.263376],[-79.720073,44.263257],[-79.720224,44.263198],[-79.724197,44.262328],[-79.724761,44.264459],[-79.728812,44.263594],[-79.728727,44.263302],[-79.732156,44.262566],[-79.732838,44.265285],[-79.729451,44.266017],[-79.730152,44.268366],[-79.730428,44.268864],[-79.732883,44.268238],[-79.733015,44.268753],[-79.733684,44.268599],[-79.734968,44.273523],[-79.731536,44.274243],[-79.73273,44.278489],[-79.724429,44.280245],[-79.723773,44.27768],[-79.721112,44.278128]]],[[[-79.6899,44.424314],[-79.68418,44.417951],[-79.683591,44.418226],[-79.68253,44.416812],[-79.671616,44.421627],[-79.65552,44.420084],[-79.656142,44.416299],[-79.646033,44.415342],[-79.650323,44.392454],[-79.62409,44.373716],[-79.622861,44.369007],[-79.622,44.369199],[-79.620847,44.364579],[-79.62042,44.363168],[-79.605642,44.366529],[-79.603933,44.360352],[-79.605222,44.360045],[-79.603568,44.353823],[-79.618083,44.350457],[-79.647572,44.343807],[-79.646026,44.337923],[-79.653338,44.336274],[-79.651916,44.330269],[-79.659291,44.328598],[-79.659316,44.328675],[-79.696132,44.320429],[-79.697601,44.326261],[-79.734103,44.318208],[-79.734304,44.319229],[-79.734518,44.319187],[-79.735119,44.32155],[-79.736568,44.321241],[-79.73668,44.321501],[-79.73519,44.32183],[-79.737159,44.329649],[-79.738256,44.329417],[-79.738356,44.329818],[-79.741086,44.329236],[-79.741049,44.32912],[-79.745441,44.328152],[-79.746544,44.332466],[-79.750198,44.331663],[-79.750461,44.332694],[-79.745979,44.333628],[-79.744537,44.334291],[-79.744461,44.334404],[-79.744499,44.335255],[-79.74434,44.335994],[-79.744382,44.336569],[-79.745295,44.338387],[-79.745922,44.339335],[-79.746397,44.339157],[-79.751821,44.338034],[-79.754602,44.348785],[-79.742805,44.351435],[-79.74562,44.362104],[-79.731511,44.365331],[-79.733854,44.368028],[-79.735751,44.367173],[-79.736484,44.367987],[-79.735622,44.368369],[-79.735958,44.368738],[-79.73579,44.36879],[-79.736187,44.369244],[-79.735683,44.369383],[-79.736019,44.369769],[-79.736278,44.370258],[-79.736568,44.370189],[-79.736751,44.370547],[-79.736934,44.370499],[-79.737239,44.371092],[-79.737499,44.371023],[-79.738102,44.372164],[-79.738422,44.372073],[-79.738689,44.372625],[-79.738819,44.372586],[-79.739177,44.373275],[-79.739597,44.373122],[-79.73978,44.373371],[-79.740017,44.373324],[-79.740116,44.373424],[-79.740307,44.373382],[-79.740528,44.373618],[-79.740177,44.373781],[-79.740406,44.374004],[-79.740833,44.373833],[-79.742143,44.375358],[-79.740762,44.375984],[-79.744794,44.380675],[-79.748238,44.379234],[-79.748168,44.381208],[-79.750989,44.381043],[-79.750618,44.381804],[-79.750558,44.384556],[-79.748709,44.38538],[-79.745285,44.38141],[-79.744628,44.38171],[-79.744042,44.381031],[-79.741859,44.382027],[-79.742122,44.388643],[-79.742367,44.389911],[-79.745353,44.393302],[-79.735715,44.397685],[-79.730455,44.39982],[-79.732738,44.402417],[-79.728115,44.405242],[-79.726793,44.407434],[-79.727533,44.408294],[-79.719837,44.411731],[-79.722095,44.414435],[-79.70702,44.421022],[-79.707294,44.42134],[-79.700096,44.424616],[-79.697106,44.4211],[-79.6899,44.424314]]]]},"properties":{"LDC_Name_12":"Alectra Utilities Corporation","LDC_Web_12":"https://alectrautilities.com/","LDC_Type":"Service Area"}},{"type":"Feature","geometry":{"type":"MultiPolygon","coordinates":[[[[-78.923998,43.961861],[-78.908245,43.926416],[-78.908549,43.926158],[-78.90105,43.909115],[-78.900969,43.908749],[-78.901096,43.908458],[-78.878021,43.856091],[-78.878562,43.854697],[-78.87732,43.854431],[-78.877885,43.851698],[-78.875755,43.843851],[-78.9596,43.830125],[-79.110344,43.786932],[-79.114799,43.79482],[-79.115119,43.795006],[-79.115801,43.795096],[-79.116493,43.794952],[-79.117239,43.794631],[-79.118029,43.794566],[-79.118964,43.79506],[-79.119368,43.795087],[-79.119485,43.795006],[-79.12076,43.794907],[-79.120967,43.794952],[-79.121039,43.795069],[-79.121012,43.795222],[-79.120383,43.79541],[-79.119844,43.795698],[-79.119835,43.796021],[-79.120068,43.796354],[-79.121191,43.797405],[-79.121658,43.79762],[-79.122081,43.797674],[-79.123159,43.797423],[-79.123895,43.797467],[-79.124084,43.797557],[-79.124192,43.797692],[-79.123976,43.798357],[-79.123976,43.799084],[-79.124156,43.799435],[-79.124614,43.800001],[-79.12518,43.800378],[-79.125665,43.800459],[-79.126833,43.80036],[-79.12748,43.800441],[-79.12801,43.800639],[-79.129222,43.801375],[-79.130327,43.801824],[-79.130794,43.801941],[-79.131657,43.801986],[-79.134082,43.801106],[-79.13525,43.800854],[-79.135241,43.801106],[-79.134469,43.801645],[-79.133705,43.802489],[-79.133417,43.802947],[-79.133462,43.803351],[-79.133965,43.803944],[-79.134154,43.804331],[-79.134127,43.804924],[-79.134046,43.805022],[-79.134019,43.805355],[-79.133714,43.80575],[-79.133606,43.80628],[-79.133974,43.80699],[-79.135726,43.80813],[-79.136319,43.808202],[-79.136499,43.808148],[-79.136795,43.807852],[-79.136957,43.807789],[-79.137262,43.807987],[-79.137541,43.808014],[-79.137729,43.807843],[-79.137783,43.807618],[-79.138044,43.807565],[-79.138161,43.807627],[-79.138223,43.808032],[-79.138511,43.808122],[-79.138816,43.808086],[-79.13905,43.808373],[-79.139454,43.808589],[-79.139777,43.808535],[-79.139984,43.808409],[-79.140451,43.808472],[-79.140487,43.808768],[-79.140748,43.808912],[-79.141098,43.808966],[-79.14126,43.809164],[-79.141556,43.809289],[-79.14188,43.809801],[-79.142023,43.809783],[-79.142284,43.809514],[-79.142967,43.809658],[-79.143065,43.809738],[-79.143074,43.809891],[-79.142751,43.810044],[-79.142733,43.810116],[-79.142886,43.810259],[-79.142796,43.810556],[-79.143173,43.810888],[-79.143523,43.810637],[-79.143443,43.810277],[-79.14355,43.810134],[-79.143973,43.81017],[-79.144997,43.81008],[-79.146003,43.810152],[-79.145976,43.810888],[-79.146317,43.811293],[-79.147647,43.812047],[-79.147925,43.812317],[-79.1485,43.812487],[-79.149399,43.81255],[-79.150045,43.813125],[-79.150854,43.813646],[-79.151276,43.814095],[-79.151563,43.81414],[-79.170662,43.856316],[-79.182286,43.883176],[-79.195222,43.910871],[-79.199788,43.920914],[-79.218148,43.916442],[-79.219145,43.920027],[-79.201478,43.924421],[-79.205058,43.932709],[-79.213895,43.952008],[-79.226005,43.949126],[-79.228626,43.959841],[-79.222308,43.961248],[-79.21744,43.962578],[-79.217097,43.961922],[-79.212772,43.962934],[-79.216424,43.971721],[-79.219139,43.971017],[-79.219486,43.971851],[-79.22028,43.971686],[-79.22119,43.974523],[-79.203802,43.978507],[-79.199807,43.979515],[-79.198248,43.975997],[-79.172889,43.981758],[-79.137911,43.989883],[-79.137071,43.987902],[-79.132259,43.989038],[-79.133021,43.990826],[-79.128011,43.991993],[-79.126236,43.987817],[-79.120509,43.989152],[-79.116551,43.989851],[-79.116944,43.990768],[-79.107088,43.992977],[-79.1086,43.996514],[-79.103551,43.997689],[-79.102253,43.994641],[-79.097477,43.995756],[-79.098094,43.997203],[-79.095256,43.997855],[-79.096019,43.999631],[-79.054566,44.00933],[-79.04978,43.997778],[-79.045061,43.999579],[-79.044384,43.997846],[-79.042682,43.998302],[-79.040124,43.992405],[-79.037272,43.992224],[-79.033759,43.99283],[-79.033339,43.992053],[-79.032355,43.992274],[-79.032776,43.993228],[-79.03694,43.992471],[-79.039992,43.992487],[-79.043235,44.000217],[-79.04112,44.001161],[-79.04499,44.009853],[-79.042469,44.010415],[-79.041445,44.008159],[-79.036654,44.009269],[-79.034146,44.003745],[-79.022807,44.00783],[-79.023126,44.008557],[-79.022896,44.008629],[-79.025395,44.014223],[-79.002999,44.019175],[-79.001755,44.016395],[-78.99935,44.01695],[-78.998718,44.015523],[-78.994391,44.017067],[-78.991739,44.017809],[-78.987979,44.018421],[-78.986526,44.018569],[-78.983373,44.018679],[-78.985319,44.023124],[-78.983208,44.023591],[-78.981082,44.018744],[-78.97877,44.018709],[-78.975899,44.01846],[-78.977696,44.01968],[-78.979141,44.020407],[-78.980783,44.024126],[-78.978369,44.024661],[-78.978045,44.023923],[-78.975844,44.024404],[-78.976167,44.025142],[-78.959778,44.028834],[-78.958612,44.028983],[-78.958578,44.028909],[-78.95377,44.029961],[-78.946391,44.013328],[-78.946626,44.013083],[-78.938896,43.995138],[-78.938638,43.9952],[-78.923998,43.961861]]],[[[-79.114096,44.113939],[-79.1134,44.113249],[-79.113115,44.112579],[-79.114475,44.112261],[-79.114104,44.111402],[-79.112674,44.111733],[-79.109383,44.104157],[-79.117364,44.102575],[-79.118117,44.104293],[-79.11932,44.103368],[-79.119243,44.102788],[-79.120117,44.102588],[-79.120368,44.103136],[-79.124944,44.102034],[-79.125763,44.102425],[-79.128051,44.101858],[-79.128406,44.101677],[-79.128629,44.101455],[-79.129127,44.101601],[-79.130303,44.101313],[-79.131746,44.104619],[-79.132423,44.105988],[-79.131392,44.106438],[-79.133018,44.106078],[-79.133161,44.106454],[-79.132688,44.106562],[-79.134234,44.110104],[-79.124018,44.112476],[-79.125542,44.11596],[-79.123022,44.116595],[-79.123123,44.116802],[-79.122887,44.116856],[-79.122766,44.116586],[-79.121248,44.116923],[-79.119535,44.113517],[-79.114378,44.114602],[-79.114096,44.113939]]],[[[-79.064323,44.257332],[-79.064404,44.259986],[-79.066496,44.259745],[-79.066476,44.259316],[-79.067479,44.258731],[-79.069706,44.258158],[-79.069553,44.258507],[-79.069667,44.258798],[-79.070892,44.258586],[-79.07234,44.261444],[-79.073283,44.261334],[-79.07437,44.263851],[-79.073717,44.264005],[-79.073827,44.264261],[-79.073636,44.264303],[-79.074218,44.265732],[-79.069366,44.266829],[-79.069148,44.266188],[-79.060843,44.267836],[-79.060654,44.264296],[-79.056769,44.265186],[-79.056399,44.264015],[-79.062171,44.262711],[-79.062699,44.257233],[-79.064323,44.257332]]],[[[-79.028717,44.35198],[-79.026144,44.345895],[-79.027088,44.344573],[-79.026795,44.343467],[-79.037309,44.340753],[-79.03924,44.345345],[-79.043728,44.344164],[-79.045484,44.343349],[-79.045069,44.342413],[-79.048104,44.341727],[-79.050509,44.34812],[-79.046073,44.349096],[-79.047906,44.35337],[-79.047175,44.353351],[-79.046266,44.353172],[-79.044604,44.353682],[-79.044095,44.353693],[-79.043525,44.353813],[-79.044774,44.356405],[-79.025957,44.361006],[-79.024338,44.356004],[-79.022443,44.356458],[-79.023258,44.353617],[-79.023708,44.353175],[-79.028717,44.35198]]],[[[-79.150934,44.436662],[-79.147857,44.439402],[-79.147003,44.440983],[-79.145512,44.440332],[-79.143557,44.43587],[-79.140725,44.436555],[-79.13956,44.433657],[-79.141921,44.430846],[-79.141469,44.426615],[-79.142289,44.425677],[-79.141615,44.421099],[-79.16488,44.416056],[-79.161396,44.426126],[-79.163929,44.425638],[-79.164675,44.42723],[-79.166181,44.426902],[-79.166465,44.42777],[-79.168797,44.427221],[-79.16917,44.42787],[-79.166653,44.431717],[-79.169631,44.432955],[-79.168834,44.433609],[-79.165675,44.432853],[-79.164371,44.434301],[-79.16362,44.434154],[-79.163209,44.434925],[-79.159098,44.43385],[-79.158651,44.435512],[-79.157625,44.443386],[-79.155212,44.44349],[-79.153652,44.439521],[-79.15334,44.439585],[-79.153154,44.439037],[-79.153548,44.438949],[-79.152402,44.436516],[-79.150934,44.436662]]],[[[-79.433409,44.982949],[-79.399591,44.989544],[-79.395026,44.972398],[-79.298437,44.994489],[-79.29044,44.976865],[-79.295693,44.975431],[-79.293325,44.969384],[-79.291169,44.969979],[-79.290212,44.967186],[-79.286192,44.968031],[-79.261855,44.915562],[-79.249228,44.887741],[-79.325933,44.870085],[-79.327056,44.870269],[-79.378016,44.858829],[-79.386827,44.879143],[-79.396008,44.87713],[-79.430432,44.869881],[-79.43359,44.877862],[-79.435966,44.87734],[-79.437111,44.879999],[-79.438272,44.883009],[-79.443414,44.894968],[-79.479626,44.899627],[-79.478085,44.904132],[-79.482807,44.905388],[-79.492607,44.906636],[-79.486166,44.926547],[-79.483786,44.933011],[-79.493956,44.934665],[-79.508786,44.937238],[-79.50578,44.946438],[-79.502853,44.954998],[-79.50308,44.955036],[-79.500082,44.9638],[-79.497105,44.973009],[-79.497683,44.973105],[-79.489809,44.997287],[-79.490705,44.999204],[-79.486974,45.000083],[-79.484409,45.001236],[-79.483043,45.001969],[-79.478832,45.003219],[-79.474743,45.00478],[-79.469669,45.005248],[-79.466923,45.00378],[-79.464458,45.001051],[-79.461491,44.998495],[-79.458492,44.997023],[-79.453708,44.995878],[-79.450168,44.99583],[-79.445606,44.995948],[-79.441776,44.997156],[-79.440693,44.999833],[-79.44059,45.001033],[-79.433409,44.982949]]],[[[-78.665044,43.928407],[-78.666239,43.928055],[-78.663951,43.922934],[-78.668717,43.921795],[-78.662359,43.907136],[-78.657685,43.9082],[-78.656475,43.905503],[-78.661243,43.904428],[-78.656976,43.894525],[-78.655319,43.894746],[-78.653972,43.891948],[-78.66032,43.889282],[-78.663058,43.886117],[-78.67301,43.885604],[-78.681166,43.879387],[-78.682873,43.879314],[-78.686864,43.888548],[-78.687923,43.890879],[-78.688766,43.892517],[-78.693624,43.891855],[-78.694603,43.893765],[-78.705895,43.919822],[-78.711045,43.932027],[-78.676871,43.939897],[-78.672752,43.930756],[-78.668015,43.931866],[-78.666809,43.92927],[-78.665681,43.929566],[-78.665044,43.928407]]],[[[-78.599363,43.910351],[-78.600084,43.910179],[-78.599638,43.909202],[-78.60108,43.908858],[-78.601664,43.910138],[-78.600103,43.911027],[-78.599713,43.91112],[-78.601376,43.914649],[-78.604888,43.922635],[-78.597994,43.922686],[-78.59515,43.922631],[-78.596395,43.925683],[-78.594179,43.926188],[-78.592852,43.922712],[-78.583446,43.922733],[-78.58399,43.923878],[-78.584723,43.923698],[-78.584956,43.924209],[-78.584177,43.924405],[-78.584816,43.925806],[-78.583682,43.926124],[-78.582391,43.922774],[-78.577457,43.922745],[-78.576358,43.92267],[-78.575373,43.922494],[-78.574345,43.922191],[-78.572904,43.921452],[-78.568848,43.922313],[-78.568998,43.922657],[-78.568286,43.92282],[-78.568017,43.922196],[-78.572591,43.921187],[-78.571321,43.920021],[-78.56964,43.917814],[-78.564842,43.90708],[-78.559542,43.894795],[-78.57529,43.894837],[-78.586864,43.895117],[-78.592868,43.896177],[-78.592945,43.896266],[-78.599363,43.910351]],[[-78.59277,43.896213],[-78.59288,43.896192],[-78.592758,43.896214],[-78.59277,43.896213]]],[[[-78.26902,43.960639],[-78.264558,43.950763],[-78.271829,43.950228],[-78.274577,43.948947],[-78.280898,43.947632],[-78.285836,43.946368],[-78.290219,43.943705],[-78.289764,43.939879],[-78.291011,43.939676],[-78.293792,43.94025],[-78.293455,43.940721],[-78.294045,43.941092],[-78.299549,43.941321],[-78.303353,43.940423],[-78.310796,43.940264],[-78.316782,43.939194],[-78.318421,43.939135],[-78.320819,43.938826],[-78.333129,43.965457],[-78.321219,43.966474],[-78.297756,43.968705],[-78.296869,43.968661],[-78.296189,43.968854],[-78.280975,43.970301],[-78.277909,43.970839],[-78.274269,43.971821],[-78.273064,43.969229],[-78.27227,43.969458],[-78.273251,43.971814],[-78.272772,43.97208],[-78.269508,43.972844],[-78.268588,43.970955],[-78.27082,43.970376],[-78.266613,43.961313],[-78.26902,43.960639]]],[[[-78.611184,43.976059],[-78.610214,43.971889],[-78.610405,43.971431],[-78.616738,43.969944],[-78.618725,43.97369],[-78.619226,43.974404],[-78.621428,43.975162],[-78.621021,43.979723],[-78.623191,43.984889],[-78.621088,43.985722],[-78.617536,43.986483],[-78.61674,43.986275],[-78.61619,43.986926],[-78.615053,43.987419],[-78.614826,43.987589],[-78.614987,43.986794],[-78.615051,43.985669],[-78.614973,43.984816],[-78.614601,43.983644],[-78.611184,43.976059]]],[[[-78.945532,44.092504],[-78.945681,44.092323],[-78.949999,44.093284],[-78.950512,44.093307],[-78.950541,44.093751],[-78.954027,44.093597],[-78.954063,44.094136],[-78.954795,44.094111],[-78.954762,44.093572],[-78.956235,44.093542],[-78.956319,44.094686],[-78.957049,44.09466],[-78.957233,44.097357],[-78.956533,44.097509],[-78.956422,44.096949],[-78.955774,44.09703],[-78.955882,44.099347],[-78.957505,44.098553],[-78.959648,44.096813],[-78.960399,44.096708],[-78.960584,44.097136],[-78.960024,44.09727],[-78.96246,44.1016],[-78.9561,44.10271],[-78.956803,44.111237],[-78.950602,44.112495],[-78.949137,44.113014],[-78.93664,44.11531],[-78.92997,44.10069],[-78.94213,44.09829],[-78.942821,44.094731],[-78.94391,44.094463],[-78.943743,44.092881],[-78.945532,44.092504]]],[[[-77.340583,44.188001],[-77.336822,44.188916],[-77.336044,44.186977],[-77.328692,44.172684],[-77.328064,44.171261],[-77.329853,44.171217],[-77.337187,44.169432],[-77.336046,44.166969],[-77.333287,44.162195],[-77.385992,44.148401],[-77.407728,44.14207],[-77.410241,44.14475],[-77.410825,44.146462],[-77.41301,44.145774],[-77.41371,44.146443],[-77.41475,44.148578],[-77.411988,44.149282],[-77.414215,44.154026],[-77.412264,44.154312],[-77.412282,44.154475],[-77.410603,44.154911],[-77.410588,44.155122],[-77.41133,44.156786],[-77.410596,44.156962],[-77.41223,44.160413],[-77.410015,44.160992],[-77.411593,44.164402],[-77.407217,44.165566],[-77.408098,44.167508],[-77.408809,44.167307],[-77.409351,44.168413],[-77.41518,44.166922],[-77.420745,44.178406],[-77.418732,44.179213],[-77.413164,44.167826],[-77.410816,44.168435],[-77.417873,44.182923],[-77.421227,44.182179],[-77.422875,44.185367],[-77.412761,44.187909],[-77.402404,44.190789],[-77.38252,44.195883],[-77.379337,44.196972],[-77.36425,44.203309],[-77.361391,44.204392],[-77.357975,44.205439],[-77.345355,44.208529],[-77.336637,44.19022],[-77.337726,44.189998],[-77.337474,44.189432],[-77.339662,44.188975],[-77.339766,44.189188],[-77.341031,44.18891],[-77.340583,44.188001]]]]},"properties":{"LDC_Name_12":"Elexicon Energy Inc.","LDC_Web_12":"https://www.elexiconenergy.com/","LDC_Type":"Service Area"}},{"type":"Feature","geometry":{"type":"MultiPolygon","coordinates":[[[[-79.776276,44.772946],[-79.763178,44.772055],[-79.751129,44.767465],[-79.722617,44.760138],[-79.708906,44.76101],[-79.703167,44.759691],[-79.701547,44.757655],[-79.700317,44.756959],[-79.701992,44.75436],[-79.701765,44.753596],[-79.702223,44.752771],[-79.702464,44.751983],[-79.702582,44.750656],[-79.702344,44.749621],[-79.701333,44.747208],[-79.703461,44.746267],[-79.706186,44.74811],[-79.708671,44.748136],[-79.710627,44.747876],[-79.709713,44.746696],[-79.712561,44.745535],[-79.709985,44.742647],[-79.718789,44.738719],[-79.719167,44.73842],[-79.719198,44.738269],[-79.722143,44.736902],[-79.721761,44.736428],[-79.723515,44.735658],[-79.716622,44.727102],[-79.712602,44.722357],[-79.708129,44.717412],[-79.704027,44.712705],[-79.711407,44.709646],[-79.715636,44.714438],[-79.716438,44.713959],[-79.71756,44.713468],[-79.718537,44.713087],[-79.718611,44.713172],[-79.721849,44.711794],[-79.725032,44.715444],[-79.727357,44.717903],[-79.729182,44.720164],[-79.730243,44.72117],[-79.73225,44.72363],[-79.734372,44.725994],[-79.739891,44.723838],[-79.740971,44.723802],[-79.745173,44.728578],[-79.753236,44.725422],[-79.766319,44.740771],[-79.767207,44.740406],[-79.769049,44.742668],[-79.769455,44.742659],[-79.770239,44.742582],[-79.783211,44.740354],[-79.784459,44.739928],[-79.785824,44.739079],[-79.786224,44.739552],[-79.792847,44.735604],[-79.792425,44.735117],[-79.795048,44.733687],[-79.795634,44.734074],[-79.79746,44.733014],[-79.797053,44.732546],[-79.799714,44.73108],[-79.799676,44.731036],[-79.801659,44.729905],[-79.802391,44.729043],[-79.800707,44.728381],[-79.796045,44.727219],[-79.794988,44.726001],[-79.800893,44.723548],[-79.803172,44.726101],[-79.804914,44.725384],[-79.805386,44.725942],[-79.808198,44.724665],[-79.809217,44.72589],[-79.813478,44.724043],[-79.809629,44.719396],[-79.805555,44.714657],[-79.82081,44.70812],[-79.824683,44.71274],[-79.829359,44.717972],[-79.837366,44.714585],[-79.846021,44.723428],[-79.846992,44.732217],[-79.846858,44.732445],[-79.846775,44.734342],[-79.84629,44.735333],[-79.845569,44.735785],[-79.845631,44.736244],[-79.845793,44.736334],[-79.846212,44.736154],[-79.846562,44.736567],[-79.855283,44.733009],[-79.854922,44.73258],[-79.866156,44.72761],[-79.863521,44.724651],[-79.875039,44.719568],[-79.869395,44.713331],[-79.881177,44.708149],[-79.883864,44.711284],[-79.906313,44.701502],[-79.931166,44.730406],[-79.950582,44.752503],[-79.939365,44.757477],[-79.935301,44.752743],[-79.934483,44.753107],[-79.933124,44.751566],[-79.930438,44.752814],[-79.922688,44.756157],[-79.922238,44.755648],[-79.921638,44.755997],[-79.921412,44.755742],[-79.909474,44.761032],[-79.909341,44.760879],[-79.908591,44.761215],[-79.908718,44.761367],[-79.906888,44.762176],[-79.907557,44.762949],[-79.906514,44.763409],[-79.906312,44.763176],[-79.904094,44.764155],[-79.904364,44.764467],[-79.903719,44.764751],[-79.90349,44.764486],[-79.903274,44.764581],[-79.903503,44.764847],[-79.902855,44.765127],[-79.902117,44.764272],[-79.899082,44.765622],[-79.897633,44.76395],[-79.89677,44.764342],[-79.896156,44.76368],[-79.894651,44.764317],[-79.895593,44.769565],[-79.901915,44.769231],[-79.907318,44.775466],[-79.896011,44.780272],[-79.895882,44.780126],[-79.872423,44.789982],[-79.866829,44.7924],[-79.776276,44.772946]]],[[[-79.435837,44.080409],[-79.423283,44.083274],[-79.420407,44.072306],[-79.421855,44.071984],[-79.421712,44.070919],[-79.420577,44.065597],[-79.419842,44.062624],[-79.418559,44.05642],[-79.418109,44.05345],[-79.416912,44.048878],[-79.416071,44.04609],[-79.414675,44.042094],[-79.414527,44.042122],[-79.412237,44.035404],[-79.423761,44.032795],[-79.423716,44.032651],[-79.448647,44.027314],[-79.448852,44.027093],[-79.454671,44.025737],[-79.47676,44.020779],[-79.499366,44.015922],[-79.501337,44.02356],[-79.502045,44.030879],[-79.504795,44.043026],[-79.510419,44.041814],[-79.510991,44.044214],[-79.509339,44.044569],[-79.509592,44.04567],[-79.509661,44.048261],[-79.509886,44.048569],[-79.515046,44.047353],[-79.51707,44.052459],[-79.519422,44.05194],[-79.522421,44.064534],[-79.506377,44.06809],[-79.499614,44.069426],[-79.484529,44.072756],[-79.483705,44.069395],[-79.482897,44.069573],[-79.479691,44.070318],[-79.481098,44.073556],[-79.467185,44.076712],[-79.455681,44.07907],[-79.440183,44.082987],[-79.436688,44.083778],[-79.435837,44.080409]]]]},"properties":{"LDC_Name_12":"Newmarket-Tay Power Distribution Ltd.","LDC_Web_12":"https://ntpower.ca/","LDC_Type":"Service Area"}},{"type":"Feature","geometry":{"type":"MultiPolygon","coordinates":[[[[-82.678372,41.684275],[-82.678326,41.683875],[-82.678402,41.683405],[-82.678646,41.682825],[-82.678738,41.682707],[-82.67931,41.682401],[-82.67986,41.681934],[-82.680844,41.681753],[-82.681706,41.681718],[-82.68314,41.6814],[-82.685414,41.681353],[-82.686001,41.681385],[-82.686772,41.68159],[-82.687253,41.682285],[-82.687237,41.682353],[-82.686924,41.682339],[-82.686757,41.682414],[-82.686787,41.682639],[-82.687016,41.68268],[-82.687291,41.68242],[-82.687359,41.682432],[-82.687909,41.683046],[-82.688397,41.683304],[-82.687565,41.683298],[-82.687276,41.683352],[-82.687092,41.683535],[-82.686848,41.68361],[-82.685498,41.683729],[-82.683491,41.684092],[-82.681317,41.684241],[-82.680096,41.684462],[-82.679089,41.684485],[-82.678723,41.684378],[-82.678524,41.684399],[-82.678372,41.684275]]],[[[-83.122116,42.107944],[-83.118441,42.108011],[-83.116637,42.101563],[-83.116404,42.088133],[-83.122327,42.069221],[-83.126532,42.069604],[-83.125858,42.102532],[-83.122116,42.107944]]],[[[-75.44261,45.344264],[-75.441751,45.3445],[-75.441887,45.344756],[-75.442747,45.344521],[-75.442952,45.344906],[-75.442483,45.345035],[-75.442619,45.345292],[-75.443413,45.345068],[-75.456215,45.369054],[-75.462206,45.380526],[-75.481563,45.415809],[-75.486369,45.424004],[-75.486561,45.424472],[-75.487436,45.426029],[-75.487808,45.426549],[-75.488003,45.426911],[-75.487988,45.427011],[-75.494755,45.438985],[-75.498382,45.445228],[-75.504343,45.454913],[-75.504534,45.455084],[-75.511846,45.468438],[-75.51268,45.46992],[-75.513224,45.470682],[-75.517519,45.478796],[-75.517707,45.478971],[-75.518951,45.481341],[-75.518132,45.481647],[-75.519377,45.483926],[-75.519195,45.483975],[-75.519416,45.484379],[-75.51905,45.484478],[-75.520196,45.486576],[-75.518443,45.487225],[-75.51965,45.489437],[-75.5189,45.489639],[-75.520735,45.493004],[-75.521429,45.494486],[-75.4893,45.508907],[-75.452875,45.518252],[-75.442034,45.51905],[-75.420185,45.519582],[-75.413364,45.522247],[-75.392794,45.521927],[-75.386613,45.524805],[-75.314991,45.544522],[-75.302628,45.554008],[-75.300816,45.557205],[-75.239427,45.585768],[-75.209052,45.586088],[-75.17484,45.575643],[-75.160025,45.577881],[-75.13743,45.57543],[-75.116861,45.574684],[-75.082116,45.5879],[-75.071671,45.590031],[-75.051421,45.590351],[-75.013905,45.598451],[-74.974684,45.616783],[-74.947613,45.64087],[-74.929814,45.64492],[-74.828564,45.635008],[-74.798721,45.637246],[-74.781242,45.635967],[-74.757262,45.623284],[-74.721878,45.617422],[-74.708342,45.626162],[-74.645759,45.636676],[-74.636657,45.633028],[-74.630544,45.628774],[-74.638378,45.61296],[-74.641001,45.607417],[-74.628642,45.598876],[-74.627527,45.598211],[-74.626231,45.597612],[-74.624902,45.597284],[-74.62353,45.597167],[-74.622492,45.597177],[-74.621584,45.59739],[-74.619802,45.598408],[-74.619309,45.598351],[-74.618882,45.598241],[-74.619306,45.597551],[-74.619232,45.597379],[-74.618099,45.597052],[-74.616893,45.595752],[-74.613895,45.594994],[-74.588145,45.589324],[-74.582744,45.600924],[-74.57996,45.606617],[-74.579676,45.607329],[-74.568938,45.603887],[-74.551257,45.596553],[-74.543923,45.589088],[-74.532224,45.586338],[-74.487905,45.593386],[-74.477516,45.592957],[-74.468003,45.58947],[-74.458635,45.585372],[-74.442674,45.564158],[-74.384528,45.567584],[-74.382587,45.566542],[-74.381171,45.565492],[-74.388288,45.540376],[-74.39446,45.521184],[-74.400649,45.501491],[-74.407016,45.482056],[-74.413765,45.462413],[-74.420328,45.442971],[-74.427404,45.423775],[-74.434525,45.404049],[-74.44194,45.384382],[-74.452266,45.356196],[-74.462341,45.329152],[-74.471927,45.302962],[-74.450903,45.288009],[-74.43251,45.27322],[-74.413902,45.258765],[-74.353399,45.212359],[-74.344036,45.205157],[-74.343192,45.204382],[-74.384785,45.165923],[-74.411725,45.163095],[-74.483556,45.128415],[-74.508227,45.106315],[-74.507779,45.091808],[-74.525482,45.084305],[-74.526976,45.08633],[-74.526918,45.086385],[-74.543851,45.106988],[-74.537986,45.109329],[-74.548461,45.121767],[-74.554634,45.119593],[-74.559742,45.125688],[-74.568612,45.122266],[-74.578884,45.134944],[-74.584185,45.134944],[-74.590798,45.141852],[-74.621012,45.143754],[-74.652558,45.130907],[-74.686343,45.117024],[-74.698937,45.132631],[-74.717592,45.12485],[-74.72011,45.127768],[-74.720897,45.127423],[-74.718352,45.124506],[-74.734576,45.117651],[-74.72958,45.11165],[-74.735777,45.107391],[-74.739239,45.10527],[-74.742479,45.103148],[-74.750184,45.098671],[-74.7655,45.088703],[-74.770418,45.086173],[-74.783429,45.080246],[-74.779203,45.075007],[-74.779827,45.07472],[-74.779593,45.074434],[-74.779425,45.074503],[-74.77928,45.074325],[-74.779448,45.074256],[-74.77872,45.073366],[-74.779394,45.07309],[-74.779123,45.072757],[-74.778449,45.073033],[-74.77714,45.071431],[-74.777817,45.071153],[-74.777546,45.07082],[-74.776868,45.071098],[-74.775995,45.070029],[-74.776675,45.069751],[-74.77652,45.06958],[-74.77585,45.069851],[-74.775704,45.069673],[-74.776385,45.069394],[-74.776114,45.069061],[-74.775433,45.069341],[-74.775142,45.068985],[-74.772022,45.070273],[-74.76613,45.062865],[-74.802261,45.047523],[-74.798169,45.042553],[-74.803578,45.042499],[-74.80617,45.045717],[-74.812334,45.04343],[-74.818863,45.051508],[-74.868723,45.03351],[-74.86703,45.030024],[-74.866765,45.029633],[-74.865147,45.026454],[-74.865238,45.026443],[-74.864948,45.025333],[-74.846339,45.020654],[-74.842172,45.013957],[-74.850953,45.008896],[-74.877596,45.005026],[-74.900964,44.994756],[-74.979998,44.982849],[-74.997115,44.978235],[-75.000836,44.966179],[-75.032836,44.949509],[-75.073172,44.935369],[-75.09907,44.932094],[-75.130773,44.919592],[-75.159687,44.89777],[-75.166259,44.902666],[-75.167941,44.904068],[-75.169128,44.905302],[-75.169164,44.905735],[-75.168974,44.905834],[-75.168906,44.905974],[-75.16846,44.906171],[-75.168355,44.906348],[-75.168381,44.906555],[-75.169052,44.906599],[-75.16923,44.906914],[-75.169295,44.907443],[-75.168853,44.907617],[-75.168756,44.907846],[-75.168767,44.908023],[-75.168953,44.90824],[-75.169222,44.908309],[-75.168892,44.907986],[-75.168903,44.907728],[-75.169328,44.907519],[-75.169447,44.907283],[-75.169459,44.907076],[-75.169281,44.906716],[-75.172291,44.905504],[-75.173137,44.906524],[-75.174477,44.905985],[-75.179688,44.912152],[-75.18097,44.911634],[-75.179321,44.909677],[-75.179543,44.909588],[-75.177237,44.906852],[-75.181535,44.905134],[-75.180801,44.904253],[-75.182279,44.903659],[-75.181759,44.903058],[-75.182985,44.902565],[-75.182806,44.902355],[-75.183387,44.902121],[-75.183075,44.901737],[-75.18333,44.901635],[-75.187424,44.906569],[-75.189675,44.905532],[-75.187373,44.902727],[-75.187748,44.902563],[-75.188416,44.90093],[-75.189532,44.900481],[-75.190231,44.90134],[-75.191446,44.900851],[-75.190631,44.89985],[-75.192835,44.898964],[-75.192126,44.898031],[-75.195585,44.896637],[-75.191371,44.891517],[-75.191538,44.891448],[-75.190736,44.890436],[-75.187574,44.88871],[-75.186034,44.885773],[-75.203173,44.881553],[-75.217431,44.88044],[-75.228923,44.874167],[-75.235054,44.872427],[-75.254759,44.861962],[-75.274721,44.855146],[-75.292373,44.851838],[-75.297828,44.846997],[-75.304654,44.843129],[-75.305305,44.842993],[-75.30705,44.844241],[-75.308406,44.844874],[-75.308868,44.845198],[-75.310763,44.846867],[-75.311548,44.847301],[-75.311994,44.847451],[-75.313025,44.848371],[-75.306617,44.852643],[-75.306221,44.853155],[-75.305966,44.853948],[-75.305982,44.854479],[-75.305572,44.854123],[-75.304972,44.854514],[-75.303777,44.855504],[-75.303581,44.855581],[-75.305079,44.857503],[-75.304215,44.857641],[-75.304344,44.857959],[-75.304889,44.858668],[-75.307582,44.857653],[-75.307195,44.857159],[-75.30751,44.857003],[-75.314401,44.866275],[-75.326489,44.860069],[-75.329613,44.864219],[-75.335629,44.861764],[-75.334988,44.861452],[-75.331783,44.857219],[-75.330494,44.855733],[-75.329273,44.853944],[-75.324914,44.848241],[-75.326021,44.847804],[-75.324184,44.845327],[-75.324923,44.845032],[-75.324328,44.844138],[-75.326164,44.843447],[-75.32538,44.842392],[-75.327108,44.841722],[-75.325224,44.839527],[-75.324592,44.841405],[-75.323025,44.841115],[-75.324868,44.835634],[-75.324364,44.835927],[-75.323085,44.834301],[-75.322105,44.833629],[-75.321112,44.833329],[-75.319265,44.83375],[-75.316835,44.835406],[-75.316294,44.834784],[-75.318117,44.833109],[-75.320021,44.830749],[-75.320979,44.828811],[-75.321867,44.825341],[-75.322591,44.82547],[-75.323198,44.820622],[-75.324838,44.815929],[-75.335007,44.809272],[-75.344957,44.81132],[-75.36302,44.798174],[-75.370996,44.794308],[-75.372258,44.794006],[-75.37309,44.795027],[-75.373618,44.794761],[-75.37428,44.795206],[-75.374741,44.795767],[-75.374588,44.795805],[-75.374224,44.796318],[-75.373931,44.796139],[-75.373758,44.796384],[-75.37405,44.796563],[-75.373729,44.796997],[-75.373322,44.796998],[-75.374093,44.797887],[-75.376498,44.797255],[-75.380263,44.801799],[-75.382607,44.800225],[-75.382852,44.800471],[-75.386129,44.798119],[-75.387369,44.797327],[-75.389549,44.796106],[-75.388967,44.795428],[-75.389271,44.795259],[-75.389336,44.795334],[-75.389708,44.795227],[-75.390009,44.795575],[-75.390327,44.795415],[-75.390093,44.795144],[-75.391372,44.794216],[-75.386718,44.788686],[-75.388827,44.787783],[-75.388383,44.787239],[-75.389353,44.786829],[-75.389011,44.786418],[-75.388886,44.786471],[-75.388592,44.786118],[-75.388747,44.786053],[-75.388275,44.785442],[-75.389424,44.785124],[-75.388356,44.783701],[-75.388311,44.783733],[-75.38792,44.783267],[-75.388092,44.783357],[-75.387937,44.783154],[-75.389901,44.781221],[-75.398629,44.776197],[-75.413161,44.772803],[-75.446723,44.742388],[-75.481858,44.721854],[-75.499766,44.716044],[-75.500521,44.714842],[-75.516657,44.733809],[-75.520973,44.732225],[-75.519615,44.730601],[-75.536665,44.721613],[-75.523538,44.703515],[-75.580123,44.6554],[-75.652915,44.597935],[-75.695529,44.568794],[-75.726195,44.543859],[-75.738042,44.545258],[-75.836575,44.467861],[-75.83077,44.425739],[-75.868354,44.399577],[-75.868575,44.399326],[-75.868835,44.399242],[-75.871158,44.397625],[-75.871083,44.397416],[-75.871118,44.397218],[-75.871539,44.3968],[-75.872088,44.396616],[-75.871904,44.397106],[-75.913052,44.368463],[-75.922075,44.369012],[-75.929452,44.359623],[-75.940365,44.354868],[-75.948351,44.34932],[-75.972188,44.342248],[-75.973896,44.345113],[-75.979849,44.346162],[-75.982187,44.347003],[-75.990709,44.346993],[-76.001496,44.348016],[-76.00888,44.344132],[-76.045347,44.332433],[-76.095619,44.300923],[-76.112225,44.298292],[-76.118322,44.295366],[-76.129036,44.295324],[-76.131011,44.296626],[-76.163968,44.280955],[-76.164877,44.244087],[-76.176299,44.232267],[-76.199749,44.218963],[-76.199929,44.218532],[-76.200736,44.218403],[-76.206172,44.215319],[-76.245556,44.204406],[-76.28817,44.204284],[-76.313654,44.19959],[-76.353281,44.134784],[-76.439295,44.094581],[-76.443308,44.092447],[-76.461721,44.104389],[-76.479598,44.087468],[-76.500294,44.101265],[-76.482664,44.125027],[-76.5505,44.14189],[-76.561614,44.154537],[-76.511791,44.193629],[-76.489179,44.18788],[-76.473859,44.199485],[-76.45958,44.212859],[-76.456082,44.227139],[-76.445765,44.236339],[-76.445587,44.236438],[-76.444502,44.236506],[-76.444398,44.236389],[-76.442343,44.236521],[-76.441361,44.235965],[-76.441499,44.235692],[-76.441329,44.235398],[-76.441312,44.235051],[-76.440826,44.234785],[-76.439566,44.23448],[-76.439472,44.234276],[-76.42993,44.236395],[-76.430905,44.243093],[-76.438481,44.242842],[-76.440474,44.244626],[-76.44089,44.24775],[-76.449664,44.247155],[-76.456853,44.248972],[-76.462072,44.248532],[-76.461999,44.248672],[-76.462085,44.248972],[-76.462437,44.249655],[-76.462242,44.250034],[-76.462446,44.250581],[-76.463203,44.251259],[-76.463692,44.25141],[-76.464069,44.25165],[-76.464123,44.251882],[-76.464256,44.252001],[-76.464162,44.252047],[-76.464333,44.252059],[-76.464359,44.251925],[-76.464665,44.251859],[-76.464962,44.252039],[-76.465134,44.252544],[-76.465463,44.252989],[-76.465478,44.253165],[-76.465794,44.253547],[-76.466289,44.253537],[-76.466319,44.253648],[-76.466201,44.253663],[-76.466713,44.254421],[-76.466623,44.254455],[-76.466743,44.254466],[-76.467168,44.255085],[-76.466879,44.255139],[-76.466923,44.255307],[-76.467482,44.255604],[-76.467865,44.255693],[-76.468327,44.255942],[-76.468448,44.256099],[-76.468232,44.256415],[-76.46814,44.256739],[-76.467784,44.257],[-76.466275,44.258546],[-76.466233,44.258863],[-76.464578,44.260131],[-76.464569,44.260293],[-76.46476,44.260416],[-76.464712,44.260507],[-76.464277,44.260657],[-76.464013,44.261092],[-76.463738,44.261123],[-76.463583,44.261449],[-76.463109,44.262008],[-76.462423,44.262474],[-76.462038,44.263706],[-76.461277,44.264888],[-76.461131,44.264979],[-76.461231,44.265108],[-76.460865,44.26532],[-76.460718,44.265521],[-76.460765,44.265613],[-76.460499,44.265881],[-76.460533,44.26602],[-76.46067,44.266101],[-76.460628,44.266199],[-76.460366,44.26621],[-76.460179,44.266771],[-76.459833,44.266897],[-76.459857,44.267087],[-76.459541,44.267616],[-76.459478,44.268136],[-76.459222,44.268648],[-76.459246,44.268854],[-76.459122,44.268979],[-76.459124,44.269259],[-76.458601,44.269532],[-76.457922,44.270096],[-76.457335,44.270763],[-76.456457,44.27155],[-76.456257,44.271839],[-76.455927,44.272018],[-76.455916,44.272121],[-76.455614,44.272387],[-76.455345,44.272432],[-76.455316,44.272711],[-76.45511,44.272814],[-76.454976,44.272997],[-76.454595,44.273166],[-76.454512,44.273421],[-76.454097,44.273545],[-76.454094,44.273724],[-76.453789,44.27372],[-76.453506,44.273902],[-76.453486,44.274075],[-76.453776,44.27435],[-76.453429,44.274162],[-76.453335,44.27422],[-76.45336,44.274382],[-76.453008,44.274346],[-76.452877,44.274682],[-76.452449,44.275146],[-76.452657,44.275072],[-76.452658,44.27522],[-76.452766,44.275338],[-76.452584,44.275531],[-76.452834,44.275833],[-76.452428,44.275572],[-76.452358,44.275245],[-76.451983,44.275164],[-76.451874,44.275248],[-76.451868,44.275399],[-76.452179,44.275385],[-76.452297,44.275572],[-76.452192,44.275636],[-76.452054,44.275513],[-76.451905,44.275553],[-76.452059,44.275849],[-76.452075,44.276101],[-76.451448,44.276026],[-76.451303,44.276205],[-76.451488,44.276401],[-76.451169,44.276471],[-76.450927,44.27635],[-76.450716,44.276435],[-76.450501,44.276399],[-76.450335,44.27663],[-76.44998,44.276544],[-76.44981,44.276718],[-76.449538,44.276712],[-76.449093,44.276922],[-76.448656,44.277359],[-76.448179,44.277538],[-76.447819,44.277562],[-76.448013,44.277641],[-76.447778,44.277766],[-76.447788,44.277948],[-76.447929,44.278045],[-76.447821,44.278206],[-76.447746,44.278198],[-76.447565,44.277926],[-76.447033,44.277896],[-76.446983,44.27828],[-76.447157,44.278728],[-76.446866,44.279137],[-76.446774,44.279471],[-76.44648,44.279223],[-76.446397,44.278891],[-76.446215,44.27865],[-76.445935,44.278464],[-76.445759,44.278431],[-76.4452,44.278654],[-76.445193,44.278861],[-76.44576,44.279511],[-76.445817,44.279771],[-76.445677,44.279692],[-76.445353,44.279768],[-76.445936,44.280195],[-76.445894,44.280564],[-76.445642,44.280599],[-76.445257,44.280501],[-76.444658,44.280067],[-76.443549,44.280162],[-76.443543,44.280412],[-76.44368,44.280675],[-76.444296,44.280596],[-76.444431,44.280672],[-76.444564,44.281337],[-76.444844,44.281969],[-76.444475,44.282234],[-76.444118,44.282146],[-76.444014,44.282012],[-76.443516,44.281954],[-76.443139,44.282097],[-76.443026,44.28239],[-76.443254,44.282915],[-76.443544,44.283096],[-76.443808,44.283119],[-76.444133,44.283337],[-76.443571,44.283291],[-76.443172,44.283547],[-76.446728,44.283098],[-76.446853,44.283221],[-76.446852,44.28343],[-76.447145,44.283567],[-76.472262,44.277604],[-76.473823,44.277115],[-76.475305,44.276991],[-76.475487,44.276915],[-76.47604,44.276193],[-76.478931,44.275305],[-76.489657,44.269705],[-76.491553,44.269049],[-76.492556,44.268817],[-76.494929,44.268472],[-76.502627,44.268912],[-76.503471,44.269055],[-76.509073,44.269462],[-76.511987,44.269813],[-76.515324,44.270575],[-76.517493,44.270911],[-76.519867,44.271498],[-76.523009,44.27266],[-76.530212,44.274642],[-76.530067,44.26509],[-76.529769,44.264192],[-76.528078,44.264206],[-76.52738,44.264722],[-76.528538,44.265429],[-76.528471,44.265507],[-76.527293,44.264787],[-76.522979,44.267983],[-76.52363,44.268271],[-76.523559,44.268346],[-76.52289,44.268049],[-76.522363,44.268439],[-76.520224,44.267964],[-76.520346,44.267544],[-76.520159,44.265173],[-76.522031,44.264531],[-76.526631,44.259015],[-76.529019,44.258959],[-76.52902,44.258876],[-76.529173,44.258873],[-76.529171,44.258955],[-76.530306,44.258931],[-76.530303,44.258849],[-76.531349,44.258826],[-76.531282,44.257675],[-76.530239,44.257708],[-76.530137,44.25612],[-76.532515,44.255808],[-76.532455,44.25488],[-76.53253,44.254767],[-76.532485,44.254443],[-76.532545,44.254379],[-76.533367,44.254179],[-76.533657,44.254265],[-76.533678,44.254564],[-76.533888,44.254595],[-76.534075,44.254505],[-76.53409,44.2543],[-76.533812,44.253471],[-76.534031,44.253225],[-76.534692,44.253096],[-76.534586,44.251848],[-76.534828,44.251966],[-76.535116,44.251945],[-76.535499,44.25176],[-76.536115,44.251841],[-76.537856,44.251377],[-76.538719,44.251311],[-76.5397,44.250974],[-76.540139,44.251013],[-76.540495,44.251224],[-76.540983,44.251182],[-76.541235,44.250755],[-76.541195,44.250215],[-76.541017,44.249633],[-76.540543,44.249207],[-76.539787,44.249028],[-76.53953,44.248797],[-76.539515,44.248689],[-76.539701,44.248615],[-76.539784,44.248443],[-76.540096,44.248394],[-76.540448,44.24847],[-76.540507,44.248316],[-76.540141,44.248195],[-76.540731,44.248277],[-76.541162,44.248451],[-76.542715,44.249403],[-76.54368,44.249426],[-76.544573,44.249576],[-76.544091,44.249339],[-76.54282,44.249113],[-76.541673,44.248381],[-76.54098,44.247743],[-76.540008,44.247909],[-76.540016,44.247738],[-76.539465,44.247277],[-76.538619,44.246991],[-76.538342,44.246968],[-76.5382,44.246799],[-76.538169,44.246538],[-76.538552,44.245867],[-76.54004,44.244334],[-76.539882,44.242626],[-76.539998,44.242273],[-76.540755,44.241038],[-76.540723,44.240301],[-76.5408,44.239885],[-76.540622,44.239771],[-76.540919,44.23965],[-76.541113,44.239395],[-76.540875,44.239371],[-76.540908,44.239209],[-76.541118,44.239125],[-76.541374,44.238851],[-76.541771,44.238684],[-76.541744,44.238621],[-76.540899,44.238389],[-76.540853,44.238152],[-76.547829,44.237368],[-76.553746,44.236958],[-76.559367,44.236741],[-76.559655,44.236809],[-76.566105,44.236917],[-76.565888,44.234738],[-76.569176,44.234883],[-76.569373,44.234869],[-76.569807,44.234658],[-76.570636,44.2346],[-76.569525,44.223331],[-76.56946,44.223252],[-76.569513,44.223208],[-76.569268,44.220728],[-76.567329,44.220835],[-76.567114,44.21865],[-76.559458,44.219072],[-76.559486,44.21934],[-76.559105,44.219358],[-76.559077,44.21909],[-76.552368,44.219309],[-76.552107,44.224817],[-76.551932,44.224809],[-76.551896,44.224241],[-76.550413,44.22323],[-76.548853,44.222802],[-76.547939,44.221874],[-76.547961,44.22069],[-76.547338,44.219987],[-76.546861,44.219841],[-76.546693,44.219444],[-76.546525,44.219277],[-76.546594,44.219154],[-76.546365,44.216662],[-76.53533,44.213238],[-76.57661,44.191013],[-76.894854,43.852247],[-77.170273,43.79511],[-77.690074,43.951872],[-78.1176,43.952983],[-78.120928,43.956925],[-78.126465,43.969331],[-78.127317,43.969155],[-78.12737,43.969475],[-78.126607,43.969647],[-78.131778,43.981137],[-78.130939,43.981325],[-78.131582,43.982808],[-78.127556,43.983728],[-78.128284,43.985287],[-78.130524,43.984771],[-78.130761,43.985303],[-78.130869,43.985278],[-78.131328,43.986311],[-78.133841,43.98572],[-78.136077,43.990597],[-78.137631,43.990193],[-78.138256,43.990323],[-78.137917,43.992275],[-78.136909,43.992404],[-78.139397,43.997867],[-78.143319,43.996897],[-78.14481,44.000002],[-78.147403,43.999573],[-78.144547,43.993486],[-78.146567,43.993024],[-78.147998,43.992835],[-78.157847,43.99263],[-78.159856,43.992329],[-78.161754,43.991755],[-78.162977,43.991218],[-78.167615,43.988362],[-78.16957,43.987376],[-78.171261,43.986688],[-78.185002,43.98222],[-78.189793,43.981096],[-78.199775,43.979351],[-78.20334,43.978826],[-78.206611,43.978645],[-78.202776,43.970581],[-78.207637,43.969439],[-78.211356,43.977269],[-78.214824,43.976439],[-78.214371,43.975455],[-78.215667,43.975144],[-78.212676,43.968827],[-78.212108,43.968965],[-78.21185,43.968448],[-78.217485,43.967128],[-78.217471,43.967036],[-78.210631,43.951932],[-78.211599,43.951421],[-78.21469,43.950458],[-78.230329,43.951628],[-78.234532,43.952439],[-78.23503,43.952148],[-78.238281,43.952183],[-78.239632,43.951869],[-78.244521,43.952949],[-78.253803,43.953385],[-78.255678,43.953234],[-78.258595,43.952666],[-78.259947,43.951924],[-78.261461,43.951788],[-78.263328,43.951043],[-78.264077,43.95081],[-78.264558,43.950763],[-78.26902,43.960639],[-78.266613,43.961313],[-78.27082,43.970376],[-78.268588,43.970955],[-78.269508,43.972844],[-78.272772,43.97208],[-78.273251,43.971814],[-78.27227,43.969458],[-78.273064,43.969229],[-78.274269,43.971821],[-78.277909,43.970839],[-78.280975,43.970301],[-78.296189,43.968854],[-78.296869,43.968661],[-78.297756,43.968705],[-78.321219,43.966474],[-78.333129,43.965457],[-78.320819,43.938826],[-78.331785,43.937234],[-78.341393,43.931385],[-78.377178,43.928392],[-78.390197,43.919619],[-78.41178,43.912797],[-78.435729,43.911126],[-78.465457,43.899917],[-78.482306,43.895531],[-78.539038,43.895841],[-78.559542,43.894795],[-78.564842,43.90708],[-78.56964,43.917814],[-78.571321,43.920021],[-78.572591,43.921187],[-78.568017,43.922196],[-78.568286,43.92282],[-78.568998,43.922657],[-78.568848,43.922313],[-78.572904,43.921452],[-78.574345,43.922191],[-78.575373,43.922494],[-78.576358,43.92267],[-78.577457,43.922745],[-78.582391,43.922774],[-78.583682,43.926124],[-78.584816,43.925806],[-78.584177,43.924405],[-78.584956,43.924209],[-78.584723,43.923698],[-78.58399,43.923878],[-78.583446,43.922733],[-78.592852,43.922712],[-78.594179,43.926188],[-78.596395,43.925683],[-78.59515,43.922631],[-78.597994,43.922686],[-78.604888,43.922635],[-78.601376,43.914649],[-78.599713,43.91112],[-78.600103,43.911027],[-78.601664,43.910138],[-78.60108,43.908858],[-78.599638,43.909202],[-78.600084,43.910179],[-78.599363,43.910351],[-78.59288,43.896192],[-78.595783,43.895916],[-78.597253,43.895911],[-78.597666,43.89583],[-78.59882,43.895935],[-78.602494,43.896543],[-78.604635,43.897471],[-78.607375,43.898383],[-78.608029,43.898532],[-78.610517,43.898899],[-78.611973,43.898939],[-78.614792,43.8988],[-78.616157,43.898603],[-78.617491,43.898568],[-78.619248,43.898226],[-78.62033,43.897934],[-78.621813,43.897281],[-78.622781,43.897049],[-78.623162,43.896859],[-78.625986,43.896611],[-78.629185,43.896002],[-78.632715,43.895211],[-78.633537,43.894895],[-78.634062,43.894519],[-78.634232,43.894305],[-78.63422,43.893988],[-78.634327,43.893795],[-78.635617,43.8933],[-78.636191,43.892933],[-78.637637,43.8929],[-78.639769,43.892512],[-78.64125,43.892525],[-78.642787,43.892385],[-78.644277,43.892497],[-78.6458,43.892384],[-78.646956,43.892435],[-78.648829,43.892285],[-78.6496,43.892319],[-78.650239,43.892215],[-78.652615,43.892264],[-78.654009,43.892047],[-78.655319,43.894746],[-78.656976,43.894525],[-78.661243,43.904428],[-78.656475,43.905503],[-78.657685,43.9082],[-78.662359,43.907136],[-78.668717,43.921795],[-78.663951,43.922934],[-78.666239,43.928055],[-78.665044,43.928407],[-78.665681,43.929566],[-78.666809,43.92927],[-78.668015,43.931866],[-78.672752,43.930756],[-78.676871,43.939897],[-78.711045,43.932027],[-78.705895,43.919822],[-78.694603,43.893765],[-78.693624,43.891855],[-78.688766,43.892517],[-78.687923,43.890879],[-78.682873,43.879314],[-78.683519,43.879012],[-78.684209,43.878548],[-78.68429,43.878406],[-78.684107,43.876692],[-78.683825,43.87529],[-78.683481,43.873906],[-78.683273,43.873497],[-78.683302,43.873389],[-78.683811,43.873094],[-78.683929,43.872934],[-78.684078,43.872937],[-78.684125,43.87301],[-78.684966,43.872838],[-78.688646,43.875505],[-78.689027,43.875954],[-78.689658,43.876372],[-78.690491,43.87674],[-78.691785,43.876748],[-78.693769,43.876302],[-78.694902,43.875965],[-78.698457,43.874563],[-78.699633,43.873987],[-78.701967,43.872147],[-78.702676,43.871713],[-78.705933,43.870241],[-78.708521,43.869391],[-78.711673,43.867683],[-78.714638,43.867216],[-78.725448,43.866902],[-78.729467,43.867732],[-78.729497,43.867894],[-78.729294,43.868101],[-78.7293,43.868432],[-78.729414,43.868434],[-78.729433,43.868578],[-78.729307,43.868653],[-78.729308,43.868766],[-78.729408,43.868829],[-78.729843,43.868776],[-78.730103,43.86792],[-78.731282,43.868132],[-78.731518,43.868605],[-78.731723,43.869349],[-78.732072,43.869503],[-78.735425,43.869854],[-78.738484,43.869992],[-78.74083,43.869704],[-78.742981,43.869547],[-78.746277,43.868755],[-78.748175,43.868399],[-78.749922,43.868192],[-78.753953,43.867953],[-78.755586,43.867995],[-78.759534,43.86846],[-78.763529,43.86838],[-78.766656,43.86854],[-78.770799,43.868346],[-78.771097,43.868271],[-78.773624,43.868248],[-78.776314,43.86841],[-78.779423,43.869122],[-78.78086,43.86933],[-78.785178,43.869657],[-78.786044,43.869598],[-78.788132,43.869241],[-78.789624,43.868608],[-78.790793,43.868311],[-78.791517,43.867856],[-78.794881,43.867596],[-78.795485,43.867415],[-78.796125,43.867051],[-78.796442,43.867017],[-78.805694,43.888979],[-78.814399,43.908948],[-78.829733,43.943893],[-78.837566,43.961401],[-78.852874,43.996336],[-78.868082,44.031613],[-78.875143,44.047424],[-78.943666,44.032161],[-78.958578,44.028909],[-78.958612,44.028983],[-78.959778,44.028834],[-78.976167,44.025142],[-78.975844,44.024404],[-78.978045,44.023923],[-78.978369,44.024661],[-78.980783,44.024126],[-78.979141,44.020407],[-78.977696,44.01968],[-78.975899,44.01846],[-78.97877,44.018709],[-78.981082,44.018744],[-78.983208,44.023591],[-78.985319,44.023124],[-78.983373,44.018679],[-78.986526,44.018569],[-78.987979,44.018421],[-78.991739,44.017809],[-78.994391,44.017067],[-78.998718,44.015523],[-78.99935,44.01695],[-79.001755,44.016395],[-79.002999,44.019175],[-79.025395,44.014223],[-79.022896,44.008629],[-79.023126,44.008557],[-79.022807,44.00783],[-79.034146,44.003745],[-79.036654,44.009269],[-79.041445,44.008159],[-79.042469,44.010415],[-79.04499,44.009853],[-79.04112,44.001161],[-79.043235,44.000217],[-79.039992,43.992487],[-79.03694,43.992471],[-79.032776,43.993228],[-79.032355,43.992274],[-79.033339,43.992053],[-79.033759,43.99283],[-79.037272,43.992224],[-79.040124,43.992405],[-79.042682,43.998302],[-79.044384,43.997846],[-79.045061,43.999579],[-79.04978,43.997778],[-79.054566,44.00933],[-79.096019,43.999631],[-79.095256,43.997855],[-79.098094,43.997203],[-79.097477,43.995756],[-79.102253,43.994641],[-79.103551,43.997689],[-79.1086,43.996514],[-79.107088,43.992977],[-79.116944,43.990768],[-79.116551,43.989851],[-79.120509,43.989152],[-79.126236,43.987817],[-79.128011,43.991993],[-79.133021,43.990826],[-79.132259,43.989038],[-79.137071,43.987902],[-79.137911,43.989883],[-79.172889,43.981758],[-79.198248,43.975997],[-79.199807,43.979515],[-79.203802,43.978507],[-79.22119,43.974523],[-79.22028,43.971686],[-79.219486,43.971851],[-79.219139,43.971017],[-79.216424,43.971721],[-79.212772,43.962934],[-79.217097,43.961922],[-79.21744,43.962578],[-79.222308,43.961248],[-79.228626,43.959841],[-79.228706,43.960191],[-79.253476,43.954601],[-79.253658,43.955394],[-79.277806,43.949724],[-79.277772,43.949586],[-79.302881,43.943815],[-79.302759,43.943313],[-79.328941,43.937428],[-79.328981,43.937588],[-79.353202,43.93196],[-79.353039,43.931304],[-79.377138,43.925746],[-79.37717,43.925871],[-79.390321,43.922886],[-79.39108,43.926026],[-79.39121,43.927004],[-79.391253,43.928379],[-79.391187,43.929341],[-79.390909,43.931117],[-79.390642,43.931831],[-79.390544,43.932389],[-79.390125,43.935894],[-79.390033,43.937234],[-79.390132,43.938771],[-79.390453,43.940729],[-79.391498,43.944588],[-79.392765,43.949959],[-79.393245,43.953121],[-79.393451,43.955496],[-79.393512,43.959819],[-79.393116,43.974111],[-79.393154,43.974813],[-79.393505,43.977727],[-79.395336,43.985545],[-79.396458,43.993659],[-79.396671,43.994751],[-79.397182,43.996276],[-79.397693,43.997287],[-79.398159,43.998],[-79.399342,43.999435],[-79.402789,44.002688],[-79.403957,44.004014],[-79.4052,44.005923],[-79.405948,44.007765],[-79.40786,44.016377],[-79.407954,44.017334],[-79.410346,44.02819],[-79.41097,44.03148],[-79.411462,44.03312],[-79.414527,44.042122],[-79.414675,44.042094],[-79.416071,44.04609],[-79.416912,44.048878],[-79.418109,44.05345],[-79.418559,44.05642],[-79.419842,44.062624],[-79.420577,44.065597],[-79.421712,44.070919],[-79.421855,44.071984],[-79.420407,44.072306],[-79.423283,44.083274],[-79.435837,44.080409],[-79.436688,44.083778],[-79.440183,44.082987],[-79.455681,44.07907],[-79.467185,44.076712],[-79.481098,44.073556],[-79.479691,44.070318],[-79.482897,44.069573],[-79.483705,44.069395],[-79.484529,44.072756],[-79.499614,44.069426],[-79.506377,44.06809],[-79.522421,44.064534],[-79.519422,44.05194],[-79.51707,44.052459],[-79.515046,44.047353],[-79.509886,44.048569],[-79.509661,44.048261],[-79.509592,44.04567],[-79.509339,44.044569],[-79.510991,44.044214],[-79.510419,44.041814],[-79.504795,44.043026],[-79.502045,44.030879],[-79.501337,44.02356],[-79.499366,44.015922],[-79.491724,43.982822],[-79.488223,43.968133],[-79.487454,43.964505],[-79.485598,43.957128],[-79.481359,43.938899],[-79.477824,43.924221],[-79.501668,43.919426],[-79.501617,43.919221],[-79.524333,43.914256],[-79.524373,43.914103],[-79.52598,43.913793],[-79.526021,43.91407],[-79.550447,43.908599],[-79.574419,43.903541],[-79.574386,43.903404],[-79.590856,43.899952],[-79.591703,43.903569],[-79.587889,43.904369],[-79.588804,43.907461],[-79.592353,43.906903],[-79.592087,43.906188],[-79.593127,43.905985],[-79.594859,43.906415],[-79.601363,43.905053],[-79.601109,43.90409],[-79.60211,43.903765],[-79.602337,43.903783],[-79.602806,43.903439],[-79.603604,43.903194],[-79.604011,43.903907],[-79.604161,43.903922],[-79.60436,43.904271],[-79.604497,43.904226],[-79.604712,43.904706],[-79.602362,43.90519],[-79.602406,43.905302],[-79.601829,43.905715],[-79.605819,43.904891],[-79.60575,43.904482],[-79.607814,43.904012],[-79.604997,43.897148],[-79.625082,43.892825],[-79.625039,43.892619],[-79.629957,43.891685],[-79.649277,43.887613],[-79.673009,43.88245],[-79.672974,43.882314],[-79.680626,43.880648],[-79.697424,43.877091],[-79.697472,43.877289],[-79.71075,43.874441],[-79.704922,43.86423],[-79.69898,43.85412],[-79.69299,43.855428],[-79.692713,43.855301],[-79.682978,43.857383],[-79.680333,43.856295],[-79.678979,43.850354],[-79.691199,43.847744],[-79.692948,43.855248],[-79.69888,43.85395],[-79.697739,43.85204],[-79.697198,43.851416],[-79.695465,43.850424],[-79.694951,43.850049],[-79.694823,43.849651],[-79.694917,43.849301],[-79.69526,43.84899],[-79.695764,43.848704],[-79.695411,43.848107],[-79.716479,43.829296],[-79.745954,43.803149],[-79.744903,43.802415],[-79.747118,43.80048],[-79.748127,43.801219],[-79.758588,43.79202],[-79.760283,43.791174],[-79.765606,43.786514],[-79.766474,43.787145],[-79.777318,43.777618],[-79.781917,43.781004],[-79.782433,43.780549],[-79.777002,43.77649],[-79.784053,43.770192],[-79.786189,43.771772],[-79.787131,43.770917],[-79.78498,43.769339],[-79.797764,43.757605],[-79.797859,43.757675],[-79.808501,43.748004],[-79.809163,43.748494],[-79.819728,43.738751],[-79.825082,43.742659],[-79.829229,43.738826],[-79.828836,43.738492],[-79.829753,43.737632],[-79.830203,43.737926],[-79.8357,43.73294],[-79.830113,43.728717],[-79.840795,43.719034],[-79.840713,43.718973],[-79.862181,43.699732],[-79.861936,43.699529],[-79.870449,43.691795],[-79.871367,43.690723],[-79.870156,43.689729],[-79.870843,43.688699],[-79.866616,43.68538],[-79.868968,43.683168],[-79.874467,43.687114],[-79.877265,43.684588],[-79.874475,43.682538],[-79.877079,43.680185],[-79.87445,43.678363],[-79.877361,43.675612],[-79.882999,43.679818],[-79.885268,43.678326],[-79.888873,43.674889],[-79.880793,43.668929],[-79.882853,43.667056],[-79.883648,43.667643],[-79.882615,43.668583],[-79.88235,43.668387],[-79.881406,43.669244],[-79.882218,43.669845],[-79.883716,43.66874],[-79.884214,43.669106],[-79.883764,43.66941],[-79.884503,43.669959],[-79.884255,43.670183],[-79.884654,43.670477],[-79.883944,43.671119],[-79.887462,43.673712],[-79.888109,43.67325],[-79.888427,43.673484],[-79.887781,43.673946],[-79.896895,43.680683],[-79.897569,43.680145],[-79.898141,43.680535],[-79.897467,43.681106],[-79.899276,43.682445],[-79.899786,43.681969],[-79.900183,43.682262],[-79.904849,43.677956],[-79.910165,43.681932],[-79.904891,43.686764],[-79.915525,43.694662],[-79.926987,43.684415],[-79.925562,43.684019],[-79.925339,43.683794],[-79.925454,43.683722],[-79.924882,43.683302],[-79.924332,43.683645],[-79.916738,43.677955],[-79.918147,43.676594],[-79.919775,43.677802],[-79.922399,43.675391],[-79.920701,43.674126],[-79.921603,43.673241],[-79.923022,43.674302],[-79.923236,43.674096],[-79.924741,43.675222],[-79.92361,43.676047],[-79.924126,43.676518],[-79.923949,43.676679],[-79.924942,43.677422],[-79.925954,43.67649],[-79.927878,43.677572],[-79.930389,43.67943],[-79.929922,43.679679],[-79.929628,43.680042],[-79.929271,43.681855],[-79.928985,43.681812],[-79.928476,43.682328],[-79.92922,43.682679],[-79.9157,43.694793],[-79.917881,43.696411],[-79.918549,43.695795],[-79.919408,43.696433],[-79.918735,43.697044],[-79.921024,43.698742],[-79.921595,43.698234],[-79.921925,43.698479],[-79.921351,43.698985],[-79.921792,43.699312],[-79.92336,43.697901],[-79.922593,43.697332],[-79.926261,43.6939],[-79.931616,43.697938],[-79.929597,43.699657],[-79.931267,43.700884],[-79.930353,43.702456],[-79.929249,43.703395],[-79.92977,43.703777],[-79.928836,43.704542],[-79.928968,43.70464],[-79.93005,43.703743],[-79.929545,43.703349],[-79.930593,43.702473],[-79.930484,43.702392],[-79.932218,43.700163],[-79.932259,43.699656],[-79.932726,43.698787],[-79.936779,43.7018],[-79.932775,43.70552],[-79.93412,43.707338],[-79.934007,43.707451],[-79.93431,43.70765],[-79.934565,43.70761],[-79.934928,43.707747],[-79.936576,43.709015],[-79.936803,43.709362],[-79.936851,43.709642],[-79.936574,43.710309],[-79.936924,43.710571],[-79.937372,43.710128],[-79.937601,43.710668],[-79.937795,43.710841],[-79.937504,43.711008],[-79.942351,43.714591],[-79.947862,43.718483],[-79.952968,43.713814],[-79.955614,43.711522],[-79.956107,43.711731],[-79.958744,43.71193],[-79.959729,43.711615],[-79.95909,43.710744],[-79.959101,43.710334],[-79.959692,43.710315],[-79.968673,43.717304],[-79.97125,43.719153],[-79.968848,43.721584],[-79.970245,43.722554],[-79.971453,43.723546],[-79.963628,43.730457],[-79.969044,43.73444],[-80.002345,43.70453],[-80.002956,43.704984],[-80.004337,43.703739],[-80.003658,43.703347],[-80.0048,43.70232],[-80.005658,43.702975],[-80.008451,43.700462],[-80.008725,43.700642],[-80.011318,43.698313],[-80.011039,43.698099],[-80.011268,43.697894],[-80.010919,43.697633],[-80.012327,43.696413],[-80.012567,43.696593],[-80.013517,43.695747],[-80.013434,43.695685],[-80.013763,43.69539],[-80.013391,43.695182],[-80.013765,43.694844],[-80.013997,43.694992],[-80.014242,43.694788],[-80.014159,43.694726],[-80.014778,43.694223],[-80.014706,43.694169],[-80.01549,43.693465],[-80.018004,43.695334],[-80.018975,43.694461],[-80.015984,43.692243],[-80.016928,43.691391],[-80.019276,43.692563],[-80.020903,43.691087],[-80.02439,43.693676],[-80.026067,43.692136],[-80.023216,43.690009],[-80.02533,43.688104],[-80.02396,43.687082],[-80.024437,43.686657],[-80.023198,43.685733],[-80.027555,43.681849],[-80.028691,43.682697],[-80.029208,43.682237],[-80.03352,43.685462],[-80.037831,43.681637],[-80.037304,43.681243],[-80.038454,43.68022],[-80.035047,43.677685],[-80.038843,43.674304],[-80.037291,43.673131],[-80.044289,43.666839],[-80.044904,43.667302],[-80.046358,43.665991],[-80.04751,43.666857],[-80.046011,43.668132],[-80.04886,43.670267],[-80.050479,43.668783],[-80.051357,43.669441],[-80.060215,43.661222],[-80.054878,43.657243],[-80.055486,43.65669],[-80.056709,43.657609],[-80.057576,43.656821],[-80.061707,43.659918],[-80.065584,43.656406],[-80.064657,43.655715],[-80.066212,43.654318],[-80.063561,43.652343],[-80.062007,43.65374],[-80.060212,43.652406],[-80.063776,43.649174],[-80.065068,43.650145],[-80.065537,43.65002],[-80.064668,43.649367],[-80.064907,43.64915],[-80.0643,43.648699],[-80.067362,43.645914],[-80.070095,43.648155],[-80.071488,43.647275],[-80.073749,43.649087],[-80.076126,43.64696],[-80.073343,43.644886],[-80.076408,43.642083],[-80.073732,43.640112],[-80.078903,43.635436],[-80.083309,43.63866],[-80.085746,43.635707],[-80.085256,43.635463],[-80.084783,43.635503],[-80.084594,43.635327],[-80.084347,43.63474],[-80.084359,43.634476],[-80.083944,43.633698],[-80.083147,43.633142],[-80.082745,43.632637],[-80.082501,43.632127],[-80.083594,43.631121],[-80.084232,43.631609],[-80.084714,43.631257],[-80.08403,43.63072],[-80.0854,43.629459],[-80.085694,43.629656],[-80.085836,43.629529],[-80.085544,43.629325],[-80.085783,43.629105],[-80.085565,43.628953],[-80.086212,43.628329],[-80.091866,43.627628],[-80.090316,43.626549],[-80.09104,43.625888],[-80.089856,43.625064],[-80.093951,43.621341],[-80.097883,43.624067],[-80.099098,43.622999],[-80.098551,43.62262],[-80.098343,43.622808],[-80.096694,43.621664],[-80.097313,43.621103],[-80.095554,43.619883],[-80.096347,43.619188],[-80.098584,43.62074],[-80.099455,43.619964],[-80.099858,43.620244],[-80.100465,43.620353],[-80.101033,43.620174],[-80.103113,43.618132],[-80.101563,43.617187],[-80.10134,43.617352],[-80.100803,43.616972],[-80.100716,43.617035],[-80.100169,43.617049],[-80.09914,43.616742],[-80.100215,43.615801],[-80.10102,43.616302],[-80.101476,43.615915],[-80.10189,43.616179],[-80.102116,43.616012],[-80.101011,43.615324],[-80.100801,43.615502],[-80.100663,43.615409],[-80.101709,43.614482],[-80.107288,43.618357],[-80.111085,43.615046],[-80.117969,43.608821],[-80.117852,43.608753],[-80.118972,43.607759],[-80.113567,43.60393],[-80.115301,43.60239],[-80.111548,43.599747],[-80.112381,43.599001],[-80.114816,43.600717],[-80.116037,43.59963],[-80.117257,43.60049],[-80.120628,43.597507],[-80.115023,43.593541],[-80.117526,43.591311],[-80.118599,43.592069],[-80.122723,43.588408],[-80.12413,43.589378],[-80.125826,43.587837],[-80.124453,43.586877],[-80.129669,43.582213],[-80.128572,43.581417],[-80.139468,43.571873],[-80.133037,43.567304],[-80.130025,43.5649],[-80.128021,43.563513],[-80.133373,43.558622],[-80.134334,43.5593],[-80.135839,43.557944],[-80.134891,43.557276],[-80.138514,43.554136],[-80.143712,43.557759],[-80.144469,43.556429],[-80.144987,43.55588],[-80.147048,43.557319],[-80.14779,43.556644],[-80.145683,43.555177],[-80.146182,43.554563],[-80.147716,43.552073],[-80.13971,43.546456],[-80.134354,43.551113],[-80.132921,43.550187],[-80.127587,43.546376],[-80.12592,43.545064],[-80.123516,43.543341],[-80.122012,43.542389],[-80.121462,43.542996],[-80.120075,43.544179],[-80.119386,43.543663],[-80.12138,43.541827],[-80.119961,43.54076],[-80.118603,43.539595],[-80.11836,43.539553],[-80.117428,43.538908],[-80.11827,43.538129],[-80.113825,43.535008],[-80.113014,43.535764],[-80.102269,43.528136],[-80.104818,43.525755],[-80.102142,43.523858],[-80.099588,43.526267],[-80.096843,43.524395],[-80.091483,43.520491],[-80.091228,43.5204],[-80.090621,43.519964],[-80.091926,43.519648],[-80.092733,43.519362],[-80.096316,43.516101],[-80.09672,43.51639],[-80.097104,43.51604],[-80.087343,43.509111],[-80.085468,43.510752],[-80.084334,43.509944],[-80.083187,43.510502],[-80.077721,43.512751],[-80.074406,43.51404],[-80.073268,43.514373],[-80.071347,43.514656],[-80.069469,43.513326],[-80.069761,43.513104],[-80.069177,43.512678],[-80.073982,43.508405],[-80.071281,43.506642],[-80.071566,43.506371],[-80.068748,43.504357],[-80.070889,43.502487],[-80.068117,43.500526],[-80.069627,43.499326],[-80.071425,43.497619],[-80.063128,43.491554],[-80.057075,43.487271],[-80.058186,43.486451],[-80.057034,43.485633],[-80.055916,43.486451],[-80.055053,43.485838],[-80.056243,43.484967],[-80.054678,43.483856],[-80.055959,43.482916],[-80.054759,43.482022],[-80.052259,43.483856],[-80.049842,43.48215],[-80.051765,43.480744],[-80.051101,43.480272],[-80.052079,43.479557],[-80.051767,43.479325],[-80.05177,43.479243],[-80.052203,43.478549],[-80.049952,43.476871],[-80.048041,43.478228],[-80.046283,43.476959],[-80.044406,43.47829],[-80.042479,43.476899],[-80.042849,43.476628],[-80.04204,43.47567],[-80.041547,43.475452],[-80.040531,43.475495],[-80.036627,43.472688],[-80.039546,43.472295],[-80.043174,43.472116],[-80.043301,43.471919],[-80.037842,43.467861],[-80.033853,43.470706],[-80.030211,43.468163],[-80.024065,43.463705],[-80.031055,43.461069],[-80.032505,43.460408],[-80.04384,43.453939],[-80.043663,43.453809],[-80.0467,43.452072],[-80.046777,43.452143],[-80.048376,43.451228],[-80.045906,43.44943],[-80.042333,43.452839],[-80.042868,43.453229],[-80.042777,43.453917],[-80.041024,43.455063],[-80.036209,43.454421],[-80.032858,43.451994],[-80.031296,43.453045],[-80.02987,43.452452],[-80.02758,43.45413],[-80.026345,43.45325],[-80.020524,43.457351],[-80.019805,43.456837],[-80.019338,43.457196],[-80.016113,43.454855],[-80.014636,43.455923],[-80.015193,43.456327],[-80.014541,43.456798],[-80.007204,43.451555],[-80.009332,43.450057],[-80.007766,43.448943],[-80.005642,43.450437],[-79.997458,43.444501],[-79.993459,43.448089],[-79.992129,43.449181],[-79.986748,43.445352],[-79.988323,43.444151],[-79.989361,43.44323],[-79.989474,43.443084],[-79.989352,43.442994],[-79.992031,43.440574],[-79.986441,43.436524],[-79.983127,43.439564],[-79.981625,43.438695],[-79.979824,43.440335],[-79.977265,43.438548],[-79.976191,43.438711],[-79.975321,43.43684],[-79.974782,43.435897],[-79.9721,43.432069],[-79.969624,43.428261],[-79.969168,43.42712],[-79.96906,43.426089],[-79.96508,43.429774],[-79.964914,43.429668],[-79.963026,43.431228],[-79.957643,43.427419],[-79.959414,43.425835],[-79.95953,43.425912],[-79.963082,43.422729],[-79.960875,43.421174],[-79.962593,43.419599],[-79.962188,43.419315],[-79.961128,43.42029],[-79.960275,43.419689],[-79.961329,43.418713],[-79.938705,43.402778],[-79.938739,43.402739],[-79.91288,43.384817],[-79.906794,43.380447],[-79.923212,43.368672],[-79.935016,43.359998],[-79.93544,43.359608],[-79.939178,43.356959],[-79.956254,43.344479],[-79.954807,43.343417],[-79.955456,43.342943],[-79.95558,43.343034],[-79.955555,43.34287],[-79.955682,43.342777],[-79.9551,43.34235],[-79.956941,43.341004],[-79.951321,43.336991],[-79.951853,43.336526],[-79.952893,43.336324],[-79.952405,43.334861],[-79.953259,43.334675],[-79.953172,43.334255],[-79.952863,43.334338],[-79.952069,43.333781],[-79.951304,43.331328],[-79.95124,43.329716],[-79.94999,43.325205],[-79.946093,43.309633],[-79.940906,43.289533],[-79.937303,43.279962],[-79.942223,43.279164],[-79.943267,43.278612],[-79.950573,43.275899],[-79.952185,43.27539],[-79.953871,43.275027],[-79.959544,43.274181],[-79.959894,43.27406],[-79.96527,43.273319],[-79.966538,43.273295],[-79.966556,43.274169],[-79.968179,43.274056],[-79.968734,43.274142],[-79.969022,43.274057],[-79.970328,43.273952],[-79.970279,43.273836],[-79.9712,43.273731],[-79.971342,43.273857],[-79.972379,43.273429],[-79.972404,43.273564],[-79.972695,43.273509],[-79.972729,43.273705],[-79.973383,43.273764],[-79.974422,43.272927],[-79.976595,43.272132],[-79.977365,43.27199],[-79.979674,43.271177],[-79.982154,43.270586],[-79.983039,43.269967],[-79.983115,43.269774],[-79.995582,43.265308],[-79.995687,43.26565],[-79.997914,43.264437],[-80.000468,43.263434],[-80.006962,43.261021],[-80.019242,43.256621],[-80.019711,43.256327],[-80.022076,43.25546],[-80.022831,43.255337],[-80.023518,43.255086],[-80.023534,43.255139],[-80.025846,43.254488],[-80.025803,43.254354],[-80.02743,43.253689],[-80.027352,43.253621],[-80.028051,43.253394],[-80.028305,43.253394],[-80.028111,43.252746],[-80.029202,43.252319],[-80.028963,43.252058],[-80.028022,43.252447],[-80.027727,43.251451],[-80.027208,43.251512],[-80.026998,43.251895],[-80.027084,43.252699],[-80.026325,43.252933],[-80.026216,43.252419],[-80.026927,43.252211],[-80.026956,43.251812],[-80.027144,43.25152],[-80.026906,43.251367],[-80.026695,43.251374],[-80.026476,43.251221],[-80.026702,43.250845],[-80.027531,43.25079],[-80.027393,43.250325],[-80.026509,43.250285],[-80.02659,43.250028],[-80.027258,43.250039],[-80.026941,43.249256],[-80.027809,43.249113],[-80.027675,43.248713],[-80.026946,43.248844],[-80.026858,43.248585],[-80.0265,43.248471],[-80.024381,43.248565],[-80.023859,43.248672],[-80.024337,43.249867],[-80.023286,43.250082],[-80.022708,43.248678],[-80.024198,43.248445],[-80.026761,43.248296],[-80.026707,43.248139],[-80.02694,43.248266],[-80.027508,43.248247],[-80.027353,43.247811],[-80.02893,43.247248],[-80.028971,43.247062],[-80.02679,43.246104],[-80.025772,43.245132],[-80.025465,43.245174],[-80.025575,43.245315],[-80.025795,43.24602],[-80.02083,43.246591],[-80.0204,43.245227],[-80.019663,43.24506],[-80.019375,43.24487],[-80.017803,43.245124],[-80.019006,43.248933],[-80.018216,43.249124],[-80.018382,43.249652],[-80.01762,43.24987],[-80.017186,43.24883],[-80.016386,43.248969],[-80.016834,43.250358],[-80.016761,43.250419],[-80.015535,43.246623],[-80.013366,43.247012],[-80.009643,43.247859],[-80.007811,43.248133],[-80.007416,43.24691],[-80.005471,43.247224],[-80.00533,43.246789],[-80.003446,43.247313],[-80.003482,43.248273],[-80.003714,43.249554],[-80.00414,43.250656],[-80.003553,43.2508],[-80.00388,43.251346],[-80.002436,43.251711],[-80.002492,43.251996],[-80.003884,43.251707],[-80.004639,43.252736],[-80.002071,43.253199],[-80.001963,43.253713],[-80.000179,43.253846],[-80.000184,43.253719],[-79.998925,43.253845],[-79.999088,43.254383],[-79.998994,43.254392],[-79.998214,43.25196],[-79.996751,43.252515],[-79.996964,43.253191],[-79.994597,43.253718],[-79.994855,43.254519],[-79.994235,43.254731],[-79.99433,43.255195],[-79.992624,43.25553],[-79.991568,43.252216],[-79.988309,43.251919],[-79.987109,43.253076],[-79.984554,43.254011],[-79.983113,43.249457],[-79.980332,43.250378],[-79.978509,43.251144],[-79.976961,43.246556],[-79.984106,43.245056],[-79.98361,43.243628],[-79.985405,43.243391],[-79.985613,43.243277],[-79.9867,43.242113],[-79.986996,43.241908],[-79.987188,43.241427],[-79.987337,43.241366],[-79.988188,43.241403],[-79.988045,43.241336],[-79.987648,43.240238],[-79.987062,43.238214],[-79.993358,43.237227],[-79.993229,43.236883],[-79.993068,43.236825],[-79.992887,43.236613],[-79.991938,43.234523],[-79.991736,43.233743],[-79.991792,43.233111],[-79.989487,43.233479],[-79.989302,43.232945],[-79.988096,43.233248],[-79.987482,43.231078],[-79.987382,43.23104],[-79.987494,43.230831],[-79.987638,43.230775],[-79.987961,43.229893],[-79.987637,43.228639],[-79.987831,43.227753],[-79.98937,43.227693],[-79.988148,43.223816],[-79.990734,43.22337],[-79.990955,43.22421],[-79.991815,43.22403],[-79.992306,43.223615],[-79.992771,43.223909],[-79.992302,43.224348],[-79.991038,43.224611],[-79.99149,43.226007],[-79.991556,43.226006],[-79.991576,43.226358],[-79.99227,43.226451],[-79.994209,43.227128],[-79.994834,43.227098],[-79.995407,43.226831],[-79.995748,43.226398],[-79.995775,43.225839],[-79.998873,43.225305],[-79.997452,43.22091],[-79.996851,43.218779],[-79.995909,43.218502],[-79.994639,43.218653],[-79.994386,43.217839],[-79.994233,43.217865],[-79.994031,43.217223],[-79.993632,43.21729],[-79.993168,43.215864],[-79.994329,43.21512],[-79.994221,43.215105],[-79.9944,43.21499],[-79.994293,43.214902],[-79.993729,43.215264],[-79.993061,43.21472],[-79.992781,43.214902],[-79.99219,43.21442],[-79.987137,43.217752],[-79.987188,43.217921],[-79.98658,43.218261],[-79.986418,43.21775],[-79.985933,43.21794],[-79.985598,43.217134],[-79.985502,43.217103],[-79.985318,43.216732],[-79.985085,43.216644],[-79.984005,43.213128],[-79.981024,43.212945],[-79.980595,43.213087],[-79.982328,43.218813],[-79.9812,43.218941],[-79.980785,43.219266],[-79.980734,43.219373],[-79.981164,43.220709],[-79.970827,43.222453],[-79.970619,43.221798],[-79.969881,43.221573],[-79.969783,43.221336],[-79.967706,43.221814],[-79.9678,43.222123],[-79.967131,43.222235],[-79.967099,43.222127],[-79.966521,43.222125],[-79.966582,43.222326],[-79.964815,43.222751],[-79.964622,43.222949],[-79.964073,43.22304],[-79.963996,43.222786],[-79.963721,43.222831],[-79.963844,43.223233],[-79.963057,43.223365],[-79.963163,43.223713],[-79.959951,43.224304],[-79.960495,43.225979],[-79.960256,43.226021],[-79.960353,43.226318],[-79.960592,43.226275],[-79.960761,43.226779],[-79.96031,43.22702],[-79.960534,43.227663],[-79.960005,43.228618],[-79.9607,43.228881],[-79.960901,43.229268],[-79.960485,43.229426],[-79.960658,43.229669],[-79.95469,43.231933],[-79.954776,43.2322],[-79.954008,43.232407],[-79.952999,43.232936],[-79.952878,43.23314],[-79.95083,43.23385],[-79.950924,43.23396],[-79.950521,43.234165],[-79.95025,43.234495],[-79.95033,43.235083],[-79.950444,43.235064],[-79.950661,43.235796],[-79.950471,43.236338],[-79.950467,43.23727],[-79.950096,43.238026],[-79.949327,43.239243],[-79.946248,43.241846],[-79.942819,43.243069],[-79.936225,43.245208],[-79.936117,43.245224],[-79.935759,43.244814],[-79.935731,43.24469],[-79.935826,43.244532],[-79.935587,43.244686],[-79.9352,43.24449],[-79.935202,43.244376],[-79.935079,43.244343],[-79.934922,43.24415],[-79.934214,43.244575],[-79.934349,43.244706],[-79.934489,43.245168],[-79.934407,43.24534],[-79.933996,43.245333],[-79.933021,43.245529],[-79.932234,43.245525],[-79.932229,43.245613],[-79.931023,43.245726],[-79.930995,43.245471],[-79.930903,43.24546],[-79.928824,43.23881],[-79.931696,43.238295],[-79.931443,43.233894],[-79.932966,43.233641],[-79.933005,43.233769],[-79.933459,43.233695],[-79.933275,43.232819],[-79.934057,43.232682],[-79.934438,43.232675],[-79.934455,43.232729],[-79.939974,43.232022],[-79.939947,43.2319],[-79.945313,43.231222],[-79.940577,43.230574],[-79.94096,43.229162],[-79.9399,43.229006],[-79.93936,43.228683],[-79.939144,43.228254],[-79.938922,43.228153],[-79.938843,43.22779],[-79.939162,43.227737],[-79.938915,43.226953],[-79.938989,43.226483],[-79.940325,43.226615],[-79.94121,43.22649],[-79.940676,43.226464],[-79.940465,43.226394],[-79.940569,43.226231],[-79.937785,43.225577],[-79.937479,43.225102],[-79.936567,43.224703],[-79.936069,43.225526],[-79.935716,43.225093],[-79.936859,43.223206],[-79.936124,43.223316],[-79.935941,43.223185],[-79.935724,43.223199],[-79.935008,43.223384],[-79.93472,43.223178],[-79.933869,43.222846],[-79.933154,43.222373],[-79.932025,43.222166],[-79.931098,43.221348],[-79.931247,43.221806],[-79.930049,43.220947],[-79.929273,43.22054],[-79.929051,43.219309],[-79.927652,43.218782],[-79.926862,43.217972],[-79.928203,43.214686],[-79.927493,43.210758],[-79.927348,43.210781],[-79.927472,43.209923],[-79.926784,43.206193],[-79.925432,43.204763],[-79.925249,43.204456],[-79.848537,43.186102],[-79.847888,43.187604],[-79.845098,43.186924],[-79.845888,43.185131],[-79.842628,43.184362],[-79.842123,43.185505],[-79.841361,43.185282],[-79.841249,43.185536],[-79.83619,43.183425],[-79.829569,43.181834],[-79.827367,43.181676],[-79.827383,43.181267],[-79.824655,43.180479],[-79.824783,43.18019],[-79.801762,43.17305],[-79.796185,43.171462],[-79.795567,43.172864],[-79.794402,43.172523],[-79.794495,43.172314],[-79.793941,43.17213],[-79.793748,43.172597],[-79.794113,43.172677],[-79.794078,43.172763],[-79.793712,43.172683],[-79.793542,43.173096],[-79.79105,43.172538],[-79.790904,43.17289],[-79.791026,43.172918],[-79.790872,43.173274],[-79.790172,43.173105],[-79.789698,43.174196],[-79.791577,43.17449],[-79.792753,43.174768],[-79.792716,43.174706],[-79.793112,43.173782],[-79.794959,43.17421],[-79.794385,43.175519],[-79.791853,43.174782],[-79.789903,43.174482],[-79.787481,43.173941],[-79.787374,43.173983],[-79.78749,43.173701],[-79.782314,43.17253],[-79.78164,43.174074],[-79.781028,43.174033],[-79.776368,43.17301],[-79.777036,43.171827],[-79.778991,43.167076],[-79.760065,43.16223],[-79.759353,43.163873],[-79.754586,43.162623],[-79.755316,43.160895],[-79.741229,43.156867],[-79.73989,43.160085],[-79.735877,43.159081],[-79.734489,43.162356],[-79.733815,43.162189],[-79.733731,43.162293],[-79.73474,43.162523],[-79.734462,43.163178],[-79.733453,43.162948],[-79.7334,43.163074],[-79.733164,43.163019],[-79.736361,43.155476],[-79.722274,43.151502],[-79.720504,43.155642],[-79.719683,43.155444],[-79.720252,43.156239],[-79.718684,43.159912],[-79.709012,43.15766],[-79.742443,43.078171],[-79.751833,43.055349],[-79.753964,43.050515],[-79.732366,43.043022],[-79.708493,43.034591],[-79.688253,43.027266],[-79.68594,43.026606],[-79.681301,43.024891],[-79.664456,43.018916],[-79.631056,43.006649],[-79.618438,43.002091],[-79.59707,42.994483],[-79.583423,42.989728],[-79.583585,43.00161],[-79.58223,43.001471],[-79.581582,43.00091],[-79.581354,42.999651],[-79.581453,42.998048],[-79.58158,42.997681],[-79.582306,42.996602],[-79.582241,42.99576],[-79.581119,42.993105],[-79.580696,42.992647],[-79.580308,42.992452],[-79.579938,42.992325],[-79.579412,42.992271],[-79.579041,42.99237],[-79.578548,42.992624],[-79.577819,42.993179],[-79.577058,42.993384],[-79.576633,42.993348],[-79.575306,42.992563],[-79.574817,42.992445],[-79.573905,42.992501],[-79.573291,42.9927],[-79.57239,42.993419],[-79.571814,42.995027],[-79.570797,42.996478],[-79.570833,42.996874],[-79.571113,42.997361],[-79.571853,42.998036],[-79.572032,42.998322],[-79.57195,42.998738],[-79.571419,42.999082],[-79.570493,42.999303],[-79.569737,42.999324],[-79.568919,42.99885],[-79.566296,42.996688],[-79.566056,42.996238],[-79.566002,42.995816],[-79.566194,42.99443],[-79.565627,42.993646],[-79.564624,42.992678],[-79.563832,42.990322],[-79.5636,42.989824],[-79.56283,42.988732],[-79.562362,42.988433],[-79.561381,42.988309],[-79.559484,42.988381],[-79.559037,42.988316],[-79.557659,42.98779],[-79.556575,42.987069],[-79.554928,42.986165],[-79.554192,42.985964],[-79.552658,42.986148],[-79.551482,42.986511],[-79.550076,42.987138],[-79.549149,42.987371],[-79.548721,42.987228],[-79.548288,42.986918],[-79.547884,42.986453],[-79.54741,42.985207],[-79.547203,42.985005],[-79.545423,42.984964],[-79.544438,42.984857],[-79.542908,42.984505],[-79.541578,42.984101],[-79.540295,42.983878],[-79.539417,42.983803],[-79.538764,42.983907],[-79.538055,42.98406],[-79.53774,42.984333],[-79.537574,42.98463],[-79.537556,42.985188],[-79.537656,42.985556],[-79.5382,42.986414],[-79.538123,42.986872],[-79.537745,42.98746],[-79.535931,42.988086],[-79.531688,42.989321],[-79.531026,42.989302],[-79.530414,42.989102],[-79.530092,42.988813],[-79.529837,42.988497],[-79.529454,42.987239],[-79.529224,42.986813],[-79.529012,42.986554],[-79.528607,42.986287],[-79.528017,42.98622],[-79.527358,42.986386],[-79.526181,42.987027],[-79.525793,42.987504],[-79.525472,42.988132],[-79.525397,42.989271],[-79.525701,42.990242],[-79.526596,42.991582],[-79.52679,42.992946],[-79.526711,42.993397],[-79.52635,42.994095],[-79.525999,42.994394],[-79.525487,42.994463],[-79.524572,42.994401],[-79.522794,42.994117],[-79.522252,42.994146],[-79.521586,42.994516],[-79.520967,42.99513],[-79.520424,42.995955],[-79.519577,42.996745],[-79.518268,42.998245],[-79.516385,42.999691],[-79.515388,43.00019],[-79.51428,43.000465],[-79.51363,43.000325],[-79.513012,43.000043],[-79.512658,42.999595],[-79.512445,42.9981],[-79.512144,42.99703],[-79.511897,42.996547],[-79.509287,42.996011],[-79.508496,42.995669],[-79.508007,42.995119],[-79.507422,42.993926],[-79.506931,42.993863],[-79.506494,42.993912],[-79.505273,42.994468],[-79.504664,42.994657],[-79.503247,42.994728],[-79.500645,42.99468],[-79.50018,42.994763],[-79.499761,42.994954],[-79.499414,42.995377],[-79.498971,42.996547],[-79.499052,42.997226],[-79.499539,42.999068],[-79.499506,43.00042],[-79.499089,43.001133],[-79.49818,43.001364],[-79.497077,43.001372],[-79.495958,43.001258],[-79.49467,43.001013],[-79.492852,43.000843],[-79.491092,43.000397],[-79.490225,42.999922],[-79.489667,42.99924],[-79.489188,42.99827],[-79.488792,42.997939],[-79.488394,42.997874],[-79.488143,42.997899],[-79.487688,42.998176],[-79.48669,42.999082],[-79.485951,42.999442],[-79.485147,42.999638],[-79.483321,42.999793],[-79.481905,43.000052],[-79.481043,43.000582],[-79.480864,43.000944],[-79.48243,43.003669],[-79.482507,43.0041],[-79.48207,43.004677],[-79.481777,43.004772],[-79.481245,43.004745],[-79.480563,43.004541],[-79.480094,43.004253],[-79.477645,43.003452],[-79.475861,43.002972],[-79.474993,43.002609],[-79.474098,43.001906],[-79.473347,42.999743],[-79.472908,42.999122],[-79.472048,42.998956],[-79.471103,42.999125],[-79.469831,42.999498],[-79.468852,42.999526],[-79.466018,42.99917],[-79.465288,42.999123],[-79.464663,42.999236],[-79.46409,42.99953],[-79.4639,42.999858],[-79.46231,43.001684],[-79.461276,43.002786],[-79.460253,43.003718],[-79.45909,43.00439],[-79.456231,43.005682],[-79.45513,43.006538],[-79.455164,43.007058],[-79.455354,43.007469],[-79.455682,43.007756],[-79.456298,43.008513],[-79.456449,43.009308],[-79.456485,43.010166],[-79.45599,43.010835],[-79.455388,43.011217],[-79.453763,43.01147],[-79.453064,43.011442],[-79.451206,43.010604],[-79.450589,43.010083],[-79.450144,43.009532],[-79.449519,43.008219],[-79.448164,43.005933],[-79.44617,43.003708],[-79.444999,43.001559],[-79.44457,43.001081],[-79.444007,43.000733],[-79.442636,43.000586],[-79.442034,43.000768],[-79.440342,43.00162],[-79.437724,43.002585],[-79.436117,43.003647],[-79.435709,43.004217],[-79.435468,43.005381],[-79.435061,43.006231],[-79.434378,43.00699],[-79.433774,43.007383],[-79.433252,43.007404],[-79.432398,43.006905],[-79.43057,43.005349],[-79.429628,43.004285],[-79.429169,43.003326],[-79.428941,43.002648],[-79.428927,43.001989],[-79.429964,42.999296],[-79.429861,42.998627],[-79.429387,42.998215],[-79.428972,42.998067],[-79.425041,42.998139],[-79.422242,42.998567],[-79.421237,42.998925],[-79.419937,42.999498],[-79.41961,42.999829],[-79.419256,43.000656],[-79.419034,43.001596],[-79.418706,43.001817],[-79.41796,43.002604],[-79.417119,43.003097],[-79.416174,43.003182],[-79.415357,43.003023],[-79.414811,43.002765],[-79.413785,43.001382],[-79.413757,43.000363],[-79.414323,42.998777],[-79.414414,42.997847],[-79.414796,42.996326],[-79.414926,42.995468],[-79.414984,42.994656],[-79.41483,42.994],[-79.41447,42.993583],[-79.413664,42.99327],[-79.412725,42.993099],[-79.411086,42.993043],[-79.409997,42.992907],[-79.40838,42.992431],[-79.40803,42.991961],[-79.407866,42.991368],[-79.407733,42.989739],[-79.407513,42.989328],[-79.407031,42.98871],[-79.406544,42.98835],[-79.405559,42.98811],[-79.404272,42.988109],[-79.402863,42.988529],[-79.402028,42.988948],[-79.399208,42.990905],[-79.398379,42.99134],[-79.397965,42.99144],[-79.397389,42.99145],[-79.396851,42.991351],[-79.396162,42.991096],[-79.395567,42.990659],[-79.394912,42.989903],[-79.394129,42.98882],[-79.394016,42.988366],[-79.393999,42.987019],[-79.393872,42.986313],[-79.39373,42.985791],[-79.393148,42.985064],[-79.392668,42.984865],[-79.391727,42.98479],[-79.39026,42.984993],[-79.38803,42.985415],[-79.386261,42.986101],[-79.387684,43.030944],[-79.388242,43.056263],[-79.389377,43.095844],[-79.389626,43.095839],[-79.390185,43.105477],[-79.373817,43.105684],[-79.363622,43.106014],[-79.358843,43.106269],[-79.347378,43.106569],[-79.341853,43.107181],[-79.336651,43.107323],[-79.326286,43.107794],[-79.315988,43.107962],[-79.310946,43.107902],[-79.311114,43.112281],[-79.308605,43.112658],[-79.307715,43.112478],[-79.306371,43.11181],[-79.30643,43.111143],[-79.306176,43.110368],[-79.30556,43.110384],[-79.305448,43.108025],[-79.300253,43.108457],[-79.294899,43.108539],[-79.294732,43.104256],[-79.287137,43.104364],[-79.287258,43.108562],[-79.289676,43.108502],[-79.289685,43.107867],[-79.290395,43.107858],[-79.290375,43.108674],[-79.286471,43.108749],[-79.286148,43.108527],[-79.286051,43.108011],[-79.285755,43.107853],[-79.284636,43.107803],[-79.284191,43.107603],[-79.284015,43.107462],[-79.283808,43.106803],[-79.283574,43.10646],[-79.28319,43.106138],[-79.28222,43.105589],[-79.281822,43.105598],[-79.281694,43.101197],[-79.27674,43.101284],[-79.276925,43.105877],[-79.2822,43.105771],[-79.283061,43.106239],[-79.283433,43.10655],[-79.283713,43.106997],[-79.283851,43.107447],[-79.284131,43.1077],[-79.284601,43.107949],[-79.284864,43.107982],[-79.284542,43.108122],[-79.283783,43.108742],[-79.280822,43.108838],[-79.274641,43.108799],[-79.27465,43.10667],[-79.269491,43.108446],[-79.268545,43.108694],[-79.267755,43.107064],[-79.264227,43.107984],[-79.264965,43.108425],[-79.265282,43.10916],[-79.265539,43.109477],[-79.263764,43.109946],[-79.2534,43.113372],[-79.248318,43.115375],[-79.23824,43.11881],[-79.226791,43.122961],[-79.226359,43.122336],[-79.224633,43.122967],[-79.224259,43.122429],[-79.223595,43.122672],[-79.223933,43.123157],[-79.223332,43.123381],[-79.223795,43.124048],[-79.223506,43.124153],[-79.223212,43.123709],[-79.22201,43.124202],[-79.222184,43.124628],[-79.221629,43.124828],[-79.221145,43.124083],[-79.220589,43.12428],[-79.22049,43.124129],[-79.219099,43.124547],[-79.219594,43.125559],[-79.211771,43.128592],[-79.211606,43.128116],[-79.211438,43.128121],[-79.211454,43.128399],[-79.211639,43.128645],[-79.208427,43.12993],[-79.20241,43.132048],[-79.202387,43.131452],[-79.201172,43.131659],[-79.201248,43.132428],[-79.199429,43.13311],[-79.192916,43.135359],[-79.183359,43.138428],[-79.177282,43.140604],[-79.17568,43.115335],[-79.175415,43.108905],[-79.174184,43.108965],[-79.174076,43.107936],[-79.175345,43.107898],[-79.175361,43.106403],[-79.174629,43.106421],[-79.174618,43.106],[-79.174616,43.105676],[-79.175328,43.105658],[-79.175318,43.104294],[-79.172045,43.103488],[-79.171203,43.103359],[-79.171278,43.102973],[-79.171897,43.103063],[-79.172009,43.102477],[-79.171854,43.102097],[-79.171754,43.101252],[-79.171419,43.100477],[-79.171804,43.100287],[-79.172547,43.100592],[-79.172709,43.100946],[-79.172425,43.10127],[-79.171861,43.101322],[-79.171922,43.101981],[-79.172137,43.1025],[-79.171926,43.103407],[-79.175316,43.104187],[-79.17527,43.08026],[-79.175057,43.065022],[-79.174899,43.058885],[-79.168718,43.058767],[-79.168584,43.041486],[-79.169784,43.041733],[-79.170951,43.042188],[-79.17273,43.042686],[-79.173378,43.042696],[-79.174143,43.042518],[-79.174316,43.042564],[-79.174738,43.042418],[-79.175673,43.041858],[-79.176653,43.041003],[-79.177329,43.039909],[-79.178023,43.039252],[-79.178451,43.038627],[-79.17991,43.037481],[-79.180878,43.036859],[-79.182505,43.03615],[-79.183958,43.035897],[-79.184346,43.035763],[-79.185751,43.035899],[-79.187417,43.03632],[-79.190205,43.037472],[-79.192047,43.038349],[-79.19778,43.04052],[-79.199494,43.040861],[-79.200187,43.040834],[-79.200997,43.040636],[-79.20134,43.040498],[-79.201597,43.040278],[-79.202068,43.039747],[-79.202545,43.038968],[-79.20285,43.037353],[-79.203051,43.036745],[-79.203212,43.035597],[-79.203508,43.030753],[-79.203948,43.029747],[-79.204667,43.029094],[-79.20541,43.028752],[-79.207068,43.028591],[-79.215878,43.028555],[-79.216986,43.028489],[-79.218236,43.028286],[-79.2201,43.027237],[-79.221912,43.026695],[-79.244656,43.026778],[-79.244642,43.031384],[-79.249695,43.031418],[-79.249749,43.026848],[-79.275045,43.026794],[-79.275038,43.027697],[-79.277477,43.027719],[-79.277485,43.026871],[-79.280348,43.026839],[-79.280172,43.017502],[-79.290667,43.017403],[-79.290686,43.016194],[-79.290817,43.016193],[-79.290761,43.006578],[-79.2902,43.006576],[-79.290071,42.997487],[-79.290483,42.997481],[-79.290491,42.96657],[-79.289797,42.96708],[-79.288613,42.968409],[-79.286645,42.969923],[-79.284584,42.970995],[-79.282865,42.971734],[-79.282002,42.971951],[-79.28167,42.972118],[-79.281691,42.96906],[-79.281244,42.937795],[-79.280073,42.937801],[-79.28002,42.934344],[-79.281192,42.934334],[-79.281106,42.92864],[-79.265744,42.928683],[-79.265733,42.934321],[-79.268152,42.934316],[-79.268148,42.936168],[-79.265729,42.936174],[-79.265725,42.937985],[-79.268204,42.937964],[-79.268204,42.94158],[-79.265717,42.941598],[-79.265714,42.943055],[-79.264625,42.943087],[-79.264978,42.941483],[-79.265097,42.940107],[-79.265123,42.928498],[-79.281103,42.928458],[-79.280602,42.895331],[-79.281935,42.895346],[-79.281922,42.894523],[-79.282251,42.894528],[-79.282242,42.89391],[-79.28148,42.8939],[-79.281462,42.892738],[-79.280563,42.892749],[-79.280247,42.871933],[-79.280208,42.862071],[-79.284876,42.861681],[-79.522207,42.834055],[-79.522437,42.833824],[-79.523059,42.833768],[-79.52319,42.83394],[-80.210619,42.75392],[-80.341031,42.619072],[-80.28827,42.607787],[-80.288171,42.607847],[-80.288045,42.607738],[-80.287757,42.607677],[-80.287732,42.607808],[-80.287936,42.60807],[-80.287716,42.608141],[-80.287568,42.608347],[-80.287396,42.608382],[-80.287346,42.608535],[-80.28682,42.608676],[-80.286414,42.608971],[-80.286339,42.609177],[-80.28613,42.60932],[-80.286014,42.609869],[-80.285904,42.609886],[-80.285723,42.609696],[-80.285605,42.609353],[-80.284809,42.608654],[-80.284689,42.608437],[-80.284436,42.60822],[-80.283467,42.606759],[-80.021654,42.55076],[-80.146743,42.527694],[-80.5171,42.5737],[-80.628896,42.568823],[-81.047366,42.659266],[-81.048684,42.659382],[-81.05066,42.659381],[-81.052735,42.659632],[-81.055248,42.659695],[-81.055639,42.65982],[-81.05592,42.659757],[-81.056383,42.659856],[-81.059068,42.660062],[-81.059715,42.660188],[-81.060654,42.660142],[-81.061313,42.660277],[-81.062668,42.660285],[-81.063912,42.660429],[-81.06617,42.660481],[-81.069122,42.66038],[-81.072161,42.660514],[-81.074638,42.660521],[-81.075455,42.660629],[-81.076078,42.660575],[-81.077383,42.660655],[-81.077591,42.660601],[-81.078311,42.660744],[-81.079153,42.660708],[-81.080288,42.660914],[-81.080898,42.660788],[-81.082045,42.660868],[-81.082447,42.660805],[-81.082838,42.660858],[-81.085766,42.660821],[-81.086376,42.66092],[-81.088011,42.660892],[-81.088597,42.660981],[-81.090159,42.661035],[-81.090988,42.661223],[-81.091244,42.661151],[-81.091318,42.661205],[-81.093441,42.661231],[-81.093636,42.661069],[-81.093807,42.661276],[-81.094527,42.661383],[-81.094856,42.661338],[-81.096638,42.661463],[-81.096809,42.661409],[-81.098212,42.661651],[-81.100287,42.661839],[-81.100543,42.66174],[-81.101898,42.661982],[-81.102349,42.661964],[-81.104033,42.662151],[-81.104472,42.66216],[-81.104826,42.662016],[-81.106486,42.662402],[-81.107425,42.662293],[-81.108377,42.6624],[-81.108902,42.662274],[-81.109732,42.662516],[-81.110623,42.662668],[-81.111196,42.662677],[-81.111684,42.662478],[-81.111831,42.662487],[-81.112466,42.662703],[-81.113576,42.662918],[-81.114784,42.66289],[-81.115687,42.663015],[-81.116029,42.662952],[-81.118592,42.663183],[-81.119043,42.663102],[-81.119775,42.663245],[-81.120178,42.663209],[-81.120959,42.663343],[-81.121264,42.663325],[-81.121509,42.663415],[-81.122802,42.663404],[-81.123888,42.663502],[-81.128439,42.663416],[-81.12911,42.663352],[-81.129391,42.663253],[-81.130452,42.663225],[-81.13116,42.66308],[-81.132027,42.663178],[-81.132514,42.663124],[-81.1331,42.663177],[-81.133552,42.663095],[-81.134699,42.663148],[-81.134943,42.663103],[-81.135381,42.662859],[-81.13565,42.662868],[-81.136151,42.663138],[-81.136969,42.66329],[-81.137249,42.663244],[-81.137359,42.663091],[-81.137541,42.663037],[-81.138396,42.663216],[-81.138799,42.663126],[-81.139543,42.663215],[-81.140263,42.663052],[-81.141459,42.663158],[-81.141751,42.662933],[-81.142313,42.663175],[-81.142789,42.663048],[-81.143631,42.663092],[-81.145265,42.662991],[-81.147682,42.663231],[-81.147987,42.663195],[-81.148255,42.66305],[-81.148536,42.663149],[-81.148853,42.663103],[-81.149586,42.663264],[-81.15138,42.66319],[-81.151806,42.663082],[-81.152013,42.662919],[-81.152563,42.663071],[-81.153978,42.662944],[-81.155162,42.663077],[-81.15543,42.663005],[-81.155564,42.662834],[-81.155576,42.662662],[-81.155746,42.66259],[-81.156259,42.662643],[-81.156394,42.662859],[-81.156711,42.662994],[-81.157577,42.662903],[-81.158456,42.662929],[-81.15959,42.662792],[-81.160114,42.66253],[-81.161164,42.662592],[-81.161419,42.662357],[-81.161809,42.662186],[-81.16243,42.661374],[-81.163162,42.661329],[-81.163284,42.661346],[-81.163614,42.661805],[-81.16558,42.662325],[-81.167106,42.662566],[-81.167777,42.662583],[-81.168668,42.662411],[-81.168997,42.662572],[-81.169583,42.662652],[-81.170181,42.66257],[-81.17029,42.662462],[-81.170522,42.662408],[-81.170742,42.66247],[-81.170815,42.662615],[-81.171255,42.662686],[-81.171645,42.662568],[-81.171694,42.662478],[-81.172072,42.662469],[-81.172414,42.66254],[-81.172475,42.662711],[-81.172915,42.66281],[-81.173208,42.662764],[-81.173916,42.662871],[-81.175478,42.662905],[-81.176479,42.663084],[-81.17682,42.663038],[-81.176942,42.663137],[-81.178371,42.663369],[-81.178956,42.663224],[-81.179518,42.663448],[-81.181104,42.663455],[-81.181531,42.663373],[-81.181849,42.663445],[-81.181922,42.663615],[-81.182387,42.663768],[-81.183424,42.663892],[-81.183851,42.66382],[-81.184108,42.663973],[-81.18423,42.663945],[-81.185109,42.664187],[-81.185487,42.664159],[-81.185842,42.664267],[-81.187806,42.664435],[-81.188185,42.664569],[-81.189577,42.66481],[-81.190004,42.66481],[-81.192604,42.66522],[-81.193568,42.665227],[-81.194179,42.665334],[-81.19452,42.665225],[-81.196193,42.665502],[-81.19756,42.665571],[-81.197849,42.665497],[-81.197829,42.665871],[-81.198758,42.665898],[-81.198735,42.666323],[-81.19855,42.666317],[-81.198535,42.666592],[-81.197792,42.666571],[-81.197767,42.667045],[-81.200978,42.667104],[-81.201106,42.668006],[-81.201699,42.667825],[-81.201613,42.66883],[-81.204136,42.6682],[-81.204106,42.666036],[-81.203364,42.666029],[-81.203363,42.666194],[-81.202032,42.666156],[-81.20202,42.666431],[-81.201834,42.666426],[-81.201816,42.666686],[-81.200207,42.66664],[-81.200185,42.667049],[-81.199628,42.667034],[-81.199639,42.666829],[-81.199397,42.666822],[-81.199486,42.666207],[-81.200229,42.666228],[-81.200244,42.66594],[-81.203119,42.666022],[-81.20312,42.665833],[-81.206602,42.665849],[-81.20747,42.666987],[-81.208217,42.667461],[-81.208353,42.667456],[-81.208361,42.667571],[-81.208732,42.667556],[-81.208724,42.667441],[-81.209417,42.667414],[-81.207231,42.674666],[-81.206812,42.675854],[-81.209763,42.675957],[-81.209836,42.674075],[-81.214005,42.674202],[-81.213839,42.676804],[-81.212106,42.677913],[-81.213604,42.678824],[-81.215138,42.678322],[-81.215832,42.678573],[-81.216107,42.678406],[-81.216968,42.678192],[-81.217793,42.677871],[-81.21793,42.677718],[-81.218006,42.677434],[-81.217815,42.676723],[-81.217869,42.676169],[-81.218045,42.675943],[-81.218326,42.675862],[-81.21867,42.675848],[-81.219028,42.675942],[-81.220165,42.676543],[-81.22086,42.676735],[-81.221996,42.676161],[-81.221783,42.675986],[-81.221958,42.674999],[-81.222882,42.675024],[-81.224499,42.676602],[-81.225086,42.676871],[-81.226337,42.677197],[-81.228543,42.677004],[-81.228832,42.669173],[-81.230038,42.669148],[-81.231053,42.670199],[-81.231152,42.670447],[-81.231884,42.670373],[-81.231678,42.669986],[-81.231174,42.668497],[-81.236195,42.668221],[-81.236294,42.665879],[-81.236912,42.665811],[-81.236904,42.665522],[-81.237614,42.66548],[-81.237606,42.664751],[-81.239262,42.664738],[-81.240749,42.665316],[-81.241436,42.665329],[-81.241886,42.665805],[-81.24361,42.665526],[-81.243595,42.666035],[-81.244205,42.666029],[-81.244236,42.665656],[-81.24461,42.665488],[-81.244602,42.664628],[-81.243626,42.664815],[-81.243656,42.663813],[-81.245754,42.66405],[-81.24673,42.664002],[-81.247158,42.664055],[-81.248511,42.663808],[-81.248596,42.663574],[-81.250767,42.663514],[-81.251279,42.663297],[-81.252219,42.663385],[-81.253024,42.663356],[-81.254293,42.663164],[-81.254414,42.663119],[-81.254451,42.663002],[-81.254694,42.66292],[-81.255402,42.66299],[-81.255731,42.662863],[-81.25628,42.662817],[-81.25689,42.662879],[-81.259256,42.662549],[-81.260134,42.662241],[-81.260744,42.662321],[-81.263146,42.661964],[-81.264608,42.66142],[-81.265815,42.661219],[-81.266559,42.66101],[-81.267143,42.660712],[-81.267729,42.660648],[-81.267826,42.660584],[-81.267777,42.660404],[-81.267934,42.660242],[-81.268911,42.660294],[-81.270288,42.659957],[-81.271433,42.659343],[-81.272432,42.659187],[-81.272712,42.658997],[-81.273431,42.658852],[-81.274259,42.658426],[-81.274747,42.658281],[-81.275185,42.657992],[-81.276062,42.657801],[-81.276855,42.657719],[-81.277392,42.657753],[-81.277782,42.657653],[-81.277793,42.65741],[-81.277939,42.657338],[-81.278452,42.657418],[-81.278514,42.657562],[-81.278844,42.657687],[-81.279564,42.657748],[-81.280369,42.657684],[-81.281065,42.657781],[-81.283712,42.657586],[-81.284467,42.657458],[-81.286102,42.657463],[-81.287798,42.657315],[-81.290066,42.657003],[-81.290504,42.656732],[-81.291052,42.656542],[-81.292175,42.656647],[-81.292443,42.656574],[-81.293187,42.65659],[-81.293614,42.656472],[-81.294358,42.65648],[-81.295101,42.656253],[-81.29587,42.656233],[-81.296016,42.656151],[-81.296114,42.656196],[-81.296613,42.656006],[-81.296869,42.656068],[-81.298392,42.655632],[-81.299283,42.655548],[-81.299807,42.655385],[-81.300429,42.655374],[-81.303465,42.654988],[-81.303977,42.654843],[-81.304415,42.654571],[-81.304573,42.654607],[-81.30589,42.654333],[-81.306378,42.654305],[-81.307121,42.654176],[-81.30728,42.654086],[-81.307512,42.654148],[-81.308364,42.653831],[-81.311194,42.653652],[-81.311814,42.653272],[-81.312192,42.653262],[-81.313032,42.652899],[-81.314703,42.652661],[-81.316055,42.652269],[-81.317968,42.651886],[-81.318518,42.651965],[-81.319942,42.651313],[-81.322769,42.650746],[-81.325279,42.650019],[-81.326045,42.649656],[-81.327239,42.649284],[-81.327799,42.648985],[-81.33037,42.64832],[-81.331197,42.647975],[-81.333842,42.647409],[-81.334462,42.64702],[-81.335399,42.646702],[-81.336265,42.646609],[-81.336606,42.646419],[-81.3378,42.646172],[-81.338603,42.645792],[-81.339468,42.645573],[-81.33982,42.645356],[-81.340564,42.6452],[-81.340843,42.645064],[-81.342038,42.644881],[-81.342135,42.64479],[-81.343158,42.644481],[-81.344508,42.643702],[-81.345994,42.643283],[-81.346565,42.642949],[-81.348185,42.642457],[-81.348732,42.642095],[-81.34984,42.641759],[-81.350083,42.641596],[-81.351179,42.641169],[-81.35153,42.640808],[-81.352978,42.640074],[-81.353597,42.63954],[-81.354364,42.63934],[-81.355263,42.638634],[-81.355529,42.638264],[-81.356709,42.637657],[-81.35723,42.637097],[-81.358628,42.636318],[-81.359477,42.635487],[-81.359903,42.635234],[-81.360838,42.634447],[-81.361346,42.633788],[-81.3625,42.632992],[-81.363592,42.631908],[-81.366047,42.630504],[-81.366277,42.630269],[-81.366533,42.630151],[-81.366896,42.629771],[-81.368515,42.629181],[-81.36894,42.628847],[-81.369232,42.628755],[-81.370081,42.628032],[-81.371175,42.627443],[-81.372608,42.626376],[-81.374079,42.62557],[-81.374236,42.625407],[-81.374492,42.625397],[-81.374577,42.625289],[-81.374918,42.625234],[-81.375429,42.624935],[-81.376439,42.624662],[-81.377083,42.62429],[-81.377473,42.624181],[-81.377849,42.623873],[-81.378044,42.623882],[-81.378505,42.62352],[-81.378992,42.623311],[-81.379866,42.622633],[-81.384288,42.619934],[-81.385501,42.618948],[-81.387698,42.617347],[-81.38822,42.616877],[-81.389285,42.615595],[-81.38979,42.61453],[-81.39127,42.613246],[-81.392226,42.612153],[-81.392974,42.610962],[-81.393568,42.610402],[-81.394127,42.610004],[-81.394319,42.609625],[-81.394622,42.609308],[-81.39548,42.608045],[-81.396988,42.607436],[-81.397279,42.607219],[-81.397605,42.606776],[-81.398736,42.606241],[-81.40027,42.605938],[-81.40162,42.605538],[-81.402534,42.60549],[-81.403399,42.605342],[-81.405081,42.605381],[-81.407521,42.605607],[-81.408873,42.605503],[-81.412898,42.605813],[-81.4148,42.605815],[-81.416545,42.605953],[-81.420019,42.606048],[-81.421164,42.605945],[-81.422811,42.605984],[-81.425857,42.605819],[-81.427101,42.605842],[-81.429878,42.605444],[-81.432497,42.6052],[-81.437745,42.604415],[-81.440326,42.60382],[-81.442758,42.603099],[-81.444314,42.602489],[-81.44503,42.602027],[-81.450371,42.600502],[-81.451695,42.599822],[-81.452582,42.599521],[-81.453213,42.599113],[-81.45376,42.598904],[-81.455739,42.597824],[-81.458723,42.595876],[-81.459472,42.594937],[-81.460588,42.594158],[-81.46209,42.592918],[-81.463469,42.591507],[-81.464278,42.590513],[-81.465109,42.589105],[-81.465616,42.588427],[-81.465927,42.587751],[-81.466313,42.587218],[-81.466481,42.586785],[-81.466657,42.585893],[-81.466273,42.585093],[-81.466353,42.584399],[-81.466239,42.583787],[-81.466774,42.583551],[-81.467732,42.582916],[-81.471088,42.582002],[-81.477046,42.581833],[-81.480978,42.581312],[-81.482402,42.581],[-81.486296,42.58038],[-81.490968,42.579406],[-81.491503,42.579205],[-81.491832,42.579222],[-81.492135,42.579077],[-81.492574,42.579093],[-81.494156,42.578798],[-81.494606,42.578634],[-81.496018,42.578456],[-81.497075,42.57811],[-81.498086,42.578015],[-81.499132,42.577803],[-81.499265,42.577677],[-81.499436,42.577721],[-81.500045,42.577646],[-81.501821,42.577269],[-81.505104,42.576417],[-81.506257,42.575899],[-81.507108,42.575652],[-81.507727,42.575316],[-81.510182,42.574576],[-81.513694,42.573308],[-81.515697,42.572435],[-81.518548,42.571026],[-81.521911,42.569551],[-81.523439,42.568707],[-81.524008,42.568299],[-81.526242,42.567289],[-81.526725,42.566837],[-81.528315,42.566082],[-81.529769,42.565174],[-81.52995,42.564957],[-81.53103,42.56452],[-81.5332,42.56324],[-81.534318,42.562902],[-81.540229,42.560334],[-81.541828,42.559345],[-81.54294,42.558331],[-81.543594,42.557823],[-81.543897,42.557678],[-81.544053,42.557389],[-81.544718,42.556846],[-81.545563,42.555941],[-81.5455,42.555698],[-81.545766,42.555463],[-81.546015,42.554687],[-81.546502,42.554658],[-81.54689,42.554521],[-81.548672,42.553558],[-81.549967,42.552708],[-81.550364,42.552537],[-81.550857,42.552109],[-81.551391,42.551779],[-81.552527,42.551333],[-81.553618,42.55076],[-81.554235,42.550271],[-81.554842,42.550079],[-81.557221,42.548596],[-81.557816,42.548044],[-81.558834,42.547588],[-81.559371,42.547085],[-81.56083,42.546366],[-81.561142,42.546311],[-81.562097,42.545569],[-81.562664,42.545329],[-81.563261,42.544904],[-81.56393,42.544657],[-81.565322,42.543904],[-81.565526,42.5437],[-81.565965,42.543558],[-81.566887,42.543031],[-81.567056,42.543004],[-81.56811,42.542177],[-81.568363,42.542088],[-81.569464,42.541299],[-81.569461,42.540983],[-81.57036,42.540799],[-81.571314,42.540186],[-81.572855,42.539459],[-81.573302,42.538902],[-81.574866,42.537511],[-81.575505,42.537172],[-81.575695,42.536891],[-81.576548,42.536564],[-81.576619,42.536423],[-81.577427,42.535801],[-81.578333,42.535151],[-81.578905,42.534838],[-81.580407,42.53368],[-81.580692,42.53336],[-81.582258,42.532209],[-81.584239,42.530474],[-81.585981,42.528692],[-81.587758,42.527068],[-81.589203,42.525888],[-81.589351,42.525681],[-81.589702,42.525513],[-81.590476,42.524874],[-81.590728,42.524751],[-81.592613,42.523215],[-81.594298,42.521554],[-81.59573,42.520572],[-81.596002,42.520239],[-81.596698,42.51991],[-81.599383,42.517929],[-81.600103,42.517176],[-81.600742,42.516727],[-81.600793,42.516373],[-81.601061,42.516353],[-81.601239,42.516237],[-81.601539,42.51626],[-81.602125,42.516016],[-81.602397,42.515854],[-81.60246,42.515684],[-81.602794,42.515561],[-81.602889,42.515411],[-81.603326,42.515335],[-81.604029,42.514816],[-81.604186,42.51468],[-81.604316,42.514283],[-81.604703,42.514098],[-81.604933,42.513893],[-81.605051,42.513522],[-81.605651,42.513033],[-81.607062,42.512106],[-81.607411,42.511466],[-81.607364,42.511333],[-81.607158,42.511179],[-81.607714,42.51108],[-81.60821,42.510789],[-81.608525,42.51028],[-81.608608,42.509956],[-81.60879,42.509928],[-81.609333,42.509456],[-81.609332,42.509348],[-81.609622,42.509103],[-81.61003,42.508543],[-81.610876,42.507899],[-81.611019,42.507538],[-81.61087,42.507323],[-81.611187,42.507384],[-81.61149,42.507256],[-81.611574,42.507112],[-81.611535,42.506797],[-81.611595,42.50676],[-81.611815,42.506885],[-81.611879,42.507173],[-81.612121,42.507091],[-81.612257,42.507198],[-81.612283,42.507369],[-81.612053,42.507533],[-81.612297,42.507603],[-81.612721,42.507439],[-81.611482,42.506446],[-81.611506,42.506383],[-81.611739,42.506517],[-81.612355,42.506063],[-81.612503,42.506233],[-81.612673,42.506232],[-81.612658,42.505971],[-81.61256,42.505828],[-81.61234,42.505802],[-81.612327,42.505667],[-81.612497,42.505648],[-81.614072,42.504883],[-81.615426,42.50402],[-81.616759,42.503392],[-81.617798,42.502657],[-81.619456,42.501693],[-81.623548,42.498285],[-81.62454,42.497757],[-81.625349,42.497041],[-81.626111,42.496596],[-81.627988,42.495703],[-81.629851,42.494567],[-81.630288,42.49442],[-81.63042,42.494266],[-81.632283,42.493167],[-81.632729,42.492813],[-81.633578,42.49252],[-81.634329,42.492147],[-81.636808,42.490602],[-81.637087,42.490528],[-81.63872,42.489529],[-81.639205,42.489355],[-81.6397,42.489001],[-81.641106,42.488443],[-81.641674,42.48808],[-81.641977,42.487997],[-81.643018,42.487433],[-81.643416,42.487107],[-81.644021,42.486797],[-81.644444,42.486461],[-81.644614,42.486424],[-81.645121,42.486016],[-81.646912,42.485043],[-81.649958,42.483143],[-81.650452,42.482663],[-81.651857,42.48207],[-81.65228,42.481752],[-81.654894,42.480413],[-81.658114,42.478891],[-81.664121,42.475092],[-81.66648,42.473826],[-81.66735,42.473281],[-81.669637,42.472133],[-81.670239,42.471616],[-81.675122,42.468651],[-81.675752,42.468341],[-81.676065,42.468087],[-81.678495,42.466713],[-81.679484,42.46596],[-81.68079,42.465159],[-81.681078,42.464887],[-81.681526,42.464687],[-81.682963,42.463733],[-81.684508,42.46257],[-81.685158,42.461981],[-81.686475,42.461172],[-81.688068,42.460018],[-81.690291,42.458645],[-81.690543,42.458355],[-81.691846,42.457429],[-81.694961,42.455393],[-81.697023,42.453786],[-81.697515,42.453198],[-81.699106,42.451891],[-81.700364,42.451235],[-81.701608,42.450462],[-81.702669,42.449672],[-81.703842,42.449134],[-81.705423,42.447989],[-81.70575,42.447888],[-81.70599,42.44758],[-81.707098,42.446709],[-81.707738,42.446246],[-81.708511,42.445827],[-81.70892,42.445446],[-81.709404,42.445172],[-81.709704,42.444819],[-81.709825,42.444801],[-81.710994,42.443893],[-81.712105,42.443192],[-81.713519,42.442409],[-81.714681,42.441961],[-81.714922,42.441734],[-81.71566,42.441477],[-81.716119,42.44115],[-81.717764,42.440437],[-81.718403,42.439983],[-81.719007,42.439655],[-81.719335,42.439563],[-81.719659,42.439264],[-81.720555,42.438844],[-81.722618,42.437453],[-81.722993,42.437333],[-81.724309,42.436541],[-81.724622,42.436278],[-81.727426,42.434765],[-81.728022,42.434834],[-81.728609,42.435118],[-81.729238,42.434889],[-81.729262,42.434808],[-81.728596,42.435046],[-81.72774,42.434656],[-81.727703,42.434575],[-81.729005,42.433639],[-81.729293,42.433277],[-81.730126,42.432812],[-81.730963,42.432627],[-81.731834,42.432234],[-81.732174,42.432232],[-81.733117,42.431748],[-81.734993,42.431043],[-81.736323,42.430404],[-81.736602,42.43042],[-81.737253,42.429975],[-81.738464,42.429472],[-81.74053,42.428414],[-81.741003,42.428321],[-81.741703,42.427902],[-81.742587,42.427581],[-81.746311,42.42589],[-81.746759,42.425761],[-81.747072,42.425552],[-81.747738,42.425313],[-81.748112,42.42505],[-81.748585,42.42493],[-81.74967,42.424193],[-81.750929,42.423771],[-81.752763,42.422606],[-81.753428,42.422349],[-81.754369,42.421785],[-81.755046,42.421492],[-81.755492,42.421147],[-81.757087,42.420317],[-81.757677,42.419908],[-81.758029,42.419806],[-81.759247,42.419042],[-81.760324,42.418629],[-81.76187,42.417827],[-81.76285,42.417514],[-81.762994,42.417342],[-81.763515,42.417194],[-81.765712,42.415928],[-81.769385,42.414174],[-81.769698,42.413866],[-81.770398,42.413537],[-81.770639,42.413292],[-81.772162,42.412633],[-81.773454,42.411931],[-81.774709,42.41122],[-81.77619,42.410147],[-81.776963,42.409737],[-81.77771,42.409165],[-81.78051,42.407642],[-81.780813,42.40754],[-81.781488,42.40713],[-81.781704,42.406886],[-81.78226,42.406639],[-81.783752,42.405467],[-81.784536,42.405011],[-81.785656,42.404166],[-81.785958,42.404038],[-81.786596,42.403529],[-81.78773,42.402873],[-81.788103,42.402564],[-81.790622,42.400953],[-81.790814,42.400717],[-81.791609,42.400144],[-81.793587,42.398987],[-81.796043,42.397223],[-81.798902,42.395546],[-81.799602,42.395208],[-81.804411,42.392139],[-81.805289,42.391439],[-81.805888,42.390823],[-81.806226,42.390658],[-81.806297,42.390478],[-81.806525,42.390287],[-81.808849,42.38864],[-81.81231,42.385707],[-81.812956,42.384955],[-81.814816,42.383104],[-81.817425,42.380096],[-81.818164,42.379019],[-81.820482,42.376084],[-81.820742,42.375524],[-81.821537,42.374978],[-81.822625,42.373709],[-81.823819,42.372134],[-81.825999,42.368831],[-81.828502,42.364346],[-81.829015,42.363631],[-81.830214,42.361542],[-81.831086,42.359473],[-81.831787,42.35836],[-81.832142,42.357637],[-81.832245,42.357141],[-81.83345,42.354619],[-81.833669,42.353753],[-81.834099,42.353156],[-81.834875,42.351268],[-81.834931,42.350934],[-81.835733,42.349136],[-81.836164,42.347859],[-81.836881,42.334866],[-81.839458,42.262939],[-81.854342,42.252074],[-81.908031,42.255447],[-81.906259,42.261338],[-81.892503,42.260902],[-81.854788,42.327536],[-81.934269,42.276484],[-81.931401,42.262219],[-81.931923,42.262096],[-81.932274,42.262168],[-81.932684,42.262445],[-81.933164,42.262435],[-81.933751,42.262298],[-81.933719,42.261377],[-81.93134,42.261275],[-81.931329,42.26108],[-81.937262,42.260436],[-82.008344,42.263703],[-82.056027,42.256993],[-82.084756,42.249791],[-82.085448,42.24929],[-82.093842,42.246948],[-82.122487,42.235374],[-82.151024,42.222353],[-82.176428,42.209373],[-82.185187,42.203722],[-82.200532,42.196133],[-82.203131,42.195414],[-82.206623,42.193748],[-82.207318,42.193733],[-82.207932,42.193422],[-82.208732,42.193216],[-82.212483,42.191807],[-82.218065,42.189272],[-82.221791,42.187379],[-82.22474,42.18642],[-82.229188,42.184703],[-82.22988,42.184551],[-82.233988,42.182561],[-82.241415,42.179927],[-82.242453,42.179235],[-82.243515,42.178993],[-82.247938,42.177045],[-82.250402,42.17622],[-82.251458,42.17557],[-82.251057,42.175091],[-82.251512,42.174854],[-82.251894,42.175266],[-82.265899,42.170637],[-82.273237,42.168114],[-82.299069,42.158832],[-82.313444,42.153554],[-82.354069,42.136993],[-82.357832,42.136119],[-82.366721,42.13326],[-82.386091,42.124203],[-82.402228,42.114959],[-82.40895,42.111526],[-82.421759,42.102415],[-82.433307,42.093047],[-82.436872,42.089938],[-82.440551,42.087074],[-82.443339,42.083917],[-82.447282,42.07877],[-82.447605,42.078299],[-82.448298,42.076962],[-82.44928,42.075998],[-82.449843,42.075271],[-82.450074,42.074781],[-82.449972,42.074557],[-82.460234,42.066873],[-82.462016,42.060499],[-82.462092,42.060421],[-82.50832,41.899886],[-82.576998,42.00563],[-82.578468,42.014356],[-82.579982,42.015506],[-82.580021,42.015603],[-82.579543,42.015936],[-82.581656,42.017633],[-82.581098,42.018096],[-82.580773,42.017835],[-82.580558,42.020953],[-82.579585,42.021463],[-82.579238,42.026483],[-82.573221,42.020859],[-82.57294,42.020507],[-82.57274,42.020093],[-82.572435,42.020126],[-82.571584,42.032866],[-82.580347,42.033193],[-82.580543,42.033353],[-82.580541,42.035004],[-82.580428,42.036948],[-82.580208,42.03966],[-82.580021,42.03979],[-82.580009,42.039975],[-82.580175,42.040117],[-82.58017,42.041686],[-82.580022,42.043883],[-82.579734,42.045224],[-82.579982,42.045234],[-82.579947,42.045714],[-82.580399,42.045732],[-82.580366,42.045912],[-82.58015,42.046056],[-82.579873,42.050138],[-82.579371,42.050117],[-82.578876,42.058039],[-82.583996,42.05678],[-82.583797,42.059642],[-82.584897,42.059631],[-82.584928,42.059122],[-82.588789,42.059253],[-82.588362,42.066856],[-82.589387,42.067269],[-82.590422,42.067534],[-82.590849,42.067604],[-82.591305,42.059526],[-82.593862,42.058896],[-82.593648,42.062106],[-82.59494,42.062153],[-82.596128,42.06186],[-82.596102,42.062236],[-82.597481,42.061892],[-82.597465,42.062261],[-82.59784,42.062166],[-82.597808,42.062662],[-82.598044,42.06267],[-82.598023,42.062999],[-82.598538,42.063016],[-82.598463,42.064138],[-82.6025,42.064317],[-82.6024,42.065816],[-82.606343,42.065905],[-82.606554,42.065405],[-82.60811,42.065294],[-82.608462,42.059558],[-82.608524,42.05956],[-82.608537,42.059327],[-82.609022,42.059341],[-82.60906,42.058669],[-82.609546,42.058683],[-82.609569,42.058227],[-82.609115,42.058212],[-82.609161,42.057389],[-82.608646,42.057372],[-82.608681,42.056732],[-82.609295,42.056753],[-82.609317,42.056353],[-82.610953,42.056408],[-82.611045,42.054848],[-82.610936,42.054685],[-82.615151,42.053674],[-82.615206,42.0528],[-82.615108,42.052796],[-82.615115,42.052688],[-82.615042,42.052686],[-82.61507,42.052228],[-82.615621,42.052247],[-82.615769,42.049367],[-82.61594,42.049089],[-82.617456,42.048722],[-82.617315,42.048364],[-82.617509,42.048324],[-82.617231,42.047633],[-82.617566,42.047557],[-82.617388,42.047112],[-82.61093,42.046874],[-82.611138,42.044206],[-82.609742,42.044154],[-82.609997,42.040858],[-82.612605,42.040954],[-82.612732,42.040778],[-82.612956,42.037492],[-82.612193,42.037462],[-82.612217,42.037122],[-82.611465,42.037093],[-82.611511,42.036447],[-82.611083,42.036429],[-82.61106,42.036731],[-82.610256,42.036697],[-82.610303,42.035984],[-82.607977,42.035888],[-82.608096,42.034228],[-82.607994,42.034075],[-82.605111,42.033992],[-82.605206,42.032677],[-82.605862,42.032704],[-82.605947,42.031521],[-82.606039,42.031381],[-82.606266,42.031327],[-82.60687,42.0315],[-82.606986,42.030316],[-82.616517,42.031959],[-82.619665,42.031218],[-82.620892,42.029783],[-82.622512,42.029783],[-82.63978,42.034968],[-82.649062,42.034968],[-82.651516,42.03395],[-82.6589,42.035362],[-82.679733,42.035848],[-82.691114,42.032358],[-82.696314,42.032003],[-82.700655,42.031884],[-82.706729,42.03138],[-82.714853,42.032178],[-82.718054,42.032139],[-82.718228,42.031906],[-82.720163,42.03161],[-82.720103,42.032439],[-82.720917,42.032472],[-82.720913,42.032522],[-82.720291,42.034561],[-82.720073,42.034546],[-82.719475,42.034903],[-82.719439,42.035322],[-82.719557,42.036008],[-82.720275,42.036129],[-82.720475,42.036269],[-82.723537,42.036502],[-82.720333,42.03813],[-82.720194,42.03974],[-82.723464,42.039888],[-82.723308,42.041809],[-82.724564,42.041846],[-82.72441,42.043726],[-82.720915,42.043599],[-82.720672,42.046979],[-82.722474,42.046987],[-82.72264,42.047074],[-82.722751,42.047301],[-82.723356,42.047405],[-82.724213,42.047185],[-82.72411,42.048613],[-82.726132,42.048724],[-82.726477,42.04891],[-82.727508,42.048958],[-82.728393,42.048835],[-82.729316,42.048883],[-82.729419,42.048617],[-82.731281,42.048663],[-82.731244,42.049395],[-82.737352,42.049708],[-82.737427,42.048772],[-82.738621,42.048824],[-82.738665,42.048276],[-82.736849,42.048188],[-82.737026,42.045823],[-82.737726,42.045856],[-82.737827,42.046005],[-82.737647,42.046161],[-82.737627,42.04632],[-82.738808,42.04638],[-82.739061,42.046595],[-82.743274,42.046774],[-82.743168,42.048475],[-82.745603,42.048533],[-82.746404,42.038268],[-82.746763,42.038342],[-82.74727,42.038294],[-82.747516,42.038776],[-82.747814,42.03879],[-82.747865,42.038178],[-82.747939,42.038164],[-82.747887,42.038794],[-82.749316,42.038859],[-82.749277,42.039449],[-82.751627,42.038592],[-82.751357,42.042047],[-82.752562,42.042095],[-82.752962,42.036492],[-82.752901,42.036385],[-82.752517,42.036325],[-82.752226,42.035845],[-82.752273,42.035181],[-82.751905,42.035167],[-82.752061,42.032952],[-82.74983,42.032993],[-82.749803,42.032811],[-82.750405,42.025465],[-82.750284,42.025221],[-82.750423,42.023089],[-82.754684,42.021025],[-82.768006,42.013836],[-82.814727,41.996995],[-82.841967,41.99358],[-82.878056,41.989933],[-82.886748,41.987837],[-82.920119,41.97868],[-82.938125,41.982094],[-82.981508,42.007705],[-83.003937,42.018027],[-83.01713,42.022917],[-83.096016,42.042462],[-83.109018,42.046659],[-83.114517,42.051204],[-83.117124,42.055559],[-83.115757,42.059469],[-83.115852,42.061758],[-83.117728,42.068624],[-83.116647,42.080005],[-83.114298,42.085408],[-83.111909,42.087408],[-83.112158,42.088472],[-83.098937,42.088066],[-83.09892,42.088243],[-83.083001,42.087702],[-83.082859,42.090489],[-83.08473,42.090548],[-83.084691,42.091313],[-83.08282,42.09126],[-83.081804,42.109942],[-83.060771,42.109279],[-83.060338,42.117562],[-83.063011,42.117643],[-83.062643,42.123622],[-83.08762,42.124476],[-83.088342,42.112295],[-83.093264,42.112461],[-83.09323,42.113051],[-83.096194,42.113152],[-83.096131,42.114455],[-83.096375,42.114463],[-83.096298,42.116067],[-83.096054,42.116064],[-83.096051,42.116119],[-83.098646,42.116207],[-83.098539,42.11797],[-83.105252,42.118203],[-83.105302,42.117386],[-83.108481,42.117492],[-83.108427,42.118401],[-83.111376,42.118499],[-83.111605,42.118417],[-83.112299,42.118438],[-83.112461,42.118248],[-83.112662,42.118232],[-83.117554,42.128656],[-83.124268,42.190792],[-83.104171,42.187316],[-83.07057,42.186218],[-83.070523,42.186398],[-83.070329,42.186454],[-83.070491,42.186663],[-83.067882,42.187846],[-83.061736,42.186288],[-83.06177,42.185946],[-83.05029,42.185569],[-83.05045,42.183357],[-83.04378,42.183138],[-83.043577,42.185349],[-83.000739,42.183932],[-83.000575,42.184017],[-82.996945,42.235921],[-82.991925,42.234712],[-82.990422,42.234427],[-82.988026,42.234532],[-82.98679,42.234166],[-82.98573,42.23468],[-82.971989,42.2439],[-82.970547,42.244731],[-82.968808,42.245364],[-82.960949,42.247345],[-82.961501,42.255254],[-82.961657,42.256235],[-82.961974,42.25719],[-82.962428,42.258046],[-82.966034,42.263683],[-82.9716,42.272837],[-82.972681,42.273988],[-82.958621,42.279411],[-82.960123,42.281765],[-82.952833,42.283124],[-82.95256,42.283118],[-82.948456,42.283847],[-82.948416,42.283784],[-82.947207,42.28379],[-82.944663,42.284771],[-82.94545,42.286005],[-82.943608,42.286738],[-82.944866,42.288726],[-82.942592,42.289143],[-82.941669,42.289125],[-82.941653,42.289561],[-82.907262,42.288887],[-82.909201,42.296639],[-82.8985,42.298659],[-82.899108,42.301182],[-82.895086,42.303847],[-82.895268,42.304586],[-82.895682,42.304533],[-82.895922,42.305509],[-82.892726,42.305814],[-82.890593,42.305664],[-82.885073,42.30643],[-82.8851,42.306539],[-82.882891,42.306748],[-82.881972,42.306751],[-82.879231,42.30643],[-82.86962,42.304972],[-82.869319,42.310107],[-82.845067,42.309464],[-82.844716,42.309773],[-82.844376,42.310246],[-82.84391,42.311742],[-82.844032,42.312209],[-82.845182,42.312664],[-82.845325,42.312935],[-82.845272,42.313072],[-82.844954,42.313306],[-82.844478,42.313471],[-82.843234,42.313425],[-82.843028,42.313481],[-82.842259,42.314313],[-82.841757,42.315017],[-82.840844,42.316937],[-82.840791,42.317351],[-82.840878,42.317666],[-82.841991,42.318458],[-82.842383,42.318956],[-82.842667,42.319567],[-82.843038,42.319888],[-82.843133,42.320144],[-82.84203,42.319975],[-82.841367,42.319733],[-82.840733,42.319626],[-82.840767,42.319544],[-82.840574,42.319584],[-82.840415,42.319523],[-82.840369,42.319623],[-82.840185,42.319572],[-82.840207,42.319499],[-82.83961,42.319383],[-82.839656,42.31931],[-82.839312,42.319154],[-82.839143,42.319192],[-82.839189,42.319101],[-82.837761,42.318827],[-82.837516,42.318741],[-82.837538,42.31866],[-82.837099,42.318604],[-82.836901,42.318463],[-82.835788,42.318183],[-82.835517,42.318035],[-82.83503,42.317952],[-82.834808,42.317839],[-82.834723,42.317831],[-82.834665,42.317931],[-82.834334,42.317819],[-82.834153,42.317867],[-82.832831,42.317465],[-82.832494,42.317551],[-82.831113,42.317204],[-82.830712,42.31722],[-82.830393,42.317072],[-82.829795,42.316955],[-82.829829,42.316883],[-82.829672,42.316903],[-82.829546,42.316752],[-82.8293,42.316639],[-82.829191,42.316623],[-82.829098,42.316768],[-82.82894,42.316753],[-82.82896,42.316635],[-82.826871,42.316137],[-82.826373,42.316109],[-82.825688,42.315949],[-82.825679,42.31603],[-82.825434,42.315953],[-82.82543,42.315827],[-82.82528,42.315685],[-82.824709,42.31565],[-82.823313,42.315185],[-82.822986,42.315244],[-82.822253,42.315067],[-82.822227,42.314986],[-82.820382,42.314547],[-82.820011,42.31431],[-82.818984,42.314029],[-82.818705,42.314034],[-82.818678,42.313962],[-82.818403,42.314093],[-82.818056,42.313846],[-82.817042,42.313592],[-82.816623,42.313373],[-82.816392,42.313377],[-82.816322,42.313468],[-82.815941,42.313303],[-82.815963,42.313212],[-82.815889,42.313178],[-82.815069,42.312929],[-82.815066,42.312822],[-82.814847,42.312807],[-82.814839,42.312951],[-82.814693,42.312927],[-82.814619,42.312874],[-82.81464,42.312783],[-82.814189,42.3127],[-82.813195,42.312302],[-82.812574,42.312257],[-82.812304,42.312145],[-82.812162,42.312237],[-82.81206,42.312085],[-82.809837,42.311589],[-82.809391,42.311254],[-82.808075,42.311059],[-82.808084,42.310951],[-82.807803,42.310892],[-82.80759,42.310652],[-82.807129,42.310632],[-82.80638,42.310338],[-82.806186,42.310332],[-82.805911,42.310048],[-82.805593,42.309981],[-82.80556,42.310081],[-82.804629,42.309771],[-82.804594,42.309826],[-82.804362,42.309766],[-82.804357,42.309595],[-82.803561,42.309347],[-82.803137,42.309353],[-82.802953,42.309284],[-82.80295,42.309203],[-82.802032,42.308893],[-82.801681,42.308926],[-82.801239,42.308753],[-82.801207,42.308474],[-82.800957,42.308658],[-82.800698,42.308527],[-82.800272,42.308462],[-82.800282,42.308381],[-82.798962,42.308059],[-82.797687,42.307593],[-82.797103,42.307539],[-82.796601,42.307358],[-82.796335,42.307398],[-82.795515,42.307149],[-82.795438,42.306997],[-82.79471,42.306982],[-82.794695,42.306883],[-82.793557,42.306559],[-82.791481,42.306087],[-82.790844,42.305854],[-82.789675,42.305701],[-82.788159,42.305301],[-82.7879,42.305152],[-82.787651,42.305372],[-82.786871,42.305231],[-82.786864,42.304988],[-82.786376,42.304878],[-82.786012,42.304884],[-82.785979,42.305029],[-82.785638,42.304971],[-82.785621,42.304791],[-82.785268,42.304761],[-82.785265,42.304635],[-82.785129,42.304574],[-82.784535,42.304565],[-82.78379,42.304396],[-82.783048,42.304336],[-82.782888,42.304239],[-82.781644,42.304034],[-82.781385,42.303885],[-82.780714,42.303751],[-82.780633,42.303869],[-82.779462,42.303662],[-82.77943,42.303798],[-82.777621,42.303339],[-82.77768,42.303267],[-82.77737,42.303046],[-82.776848,42.303018],[-82.776676,42.302922],[-82.775335,42.302708],[-82.775154,42.302756],[-82.770583,42.301981],[-82.770244,42.302013],[-82.769182,42.301786],[-82.764863,42.301348],[-82.76479,42.301331],[-82.764785,42.30116],[-82.764676,42.301153],[-82.76468,42.301306],[-82.764605,42.301226],[-82.764264,42.301159],[-82.764047,42.301226],[-82.763811,42.301031],[-82.763287,42.300931],[-82.76246,42.300854],[-82.762439,42.30098],[-82.761599,42.300876],[-82.761532,42.300661],[-82.761238,42.30053],[-82.760812,42.300474],[-82.760558,42.300532],[-82.760141,42.300367],[-82.759973,42.300433],[-82.759801,42.300336],[-82.75934,42.300361],[-82.758948,42.300214],[-82.757525,42.300074],[-82.757461,42.299949],[-82.756985,42.299848],[-82.756489,42.299901],[-82.756195,42.299788],[-82.755355,42.299702],[-82.755334,42.299801],[-82.755151,42.299795],[-82.755161,42.299714],[-82.754967,42.299708],[-82.754965,42.299618],[-82.753746,42.299411],[-82.753371,42.299471],[-82.75258,42.299384],[-82.75175,42.299181],[-82.751449,42.299257],[-82.750937,42.299184],[-82.750943,42.29895],[-82.750751,42.299034],[-82.750826,42.299114],[-82.750523,42.299118],[-82.749684,42.299041],[-82.748867,42.298891],[-82.748865,42.29882],[-82.748039,42.298778],[-82.747568,42.298866],[-82.747213,42.298754],[-82.747021,42.298821],[-82.746399,42.298713],[-82.746152,42.298536],[-82.745898,42.298577],[-82.745555,42.298447],[-82.744155,42.29827],[-82.743537,42.298288],[-82.742889,42.298118],[-82.742537,42.298096],[-82.742502,42.29816],[-82.741321,42.298016],[-82.741043,42.298047],[-82.73864,42.297588],[-82.737548,42.297559],[-82.736951,42.297442],[-82.736943,42.297623],[-82.736689,42.297627],[-82.734487,42.297399],[-82.734097,42.297333],[-82.734093,42.29718],[-82.733947,42.297164],[-82.733939,42.297335],[-82.733186,42.297274],[-82.733131,42.297059],[-82.733046,42.29706],[-82.733037,42.297178],[-82.732928,42.297179],[-82.73293,42.297242],[-82.732017,42.297121],[-82.7318,42.297187],[-82.731579,42.297101],[-82.729089,42.296967],[-82.729059,42.296751],[-82.728815,42.296728],[-82.728797,42.296944],[-82.728676,42.296937],[-82.728649,42.296857],[-82.727204,42.296788],[-82.725147,42.296531],[-82.721313,42.296517],[-82.721266,42.296589],[-82.719461,42.296671],[-82.719071,42.296613],[-82.719073,42.296685],[-82.718028,42.29662],[-82.716966,42.296662],[-82.71706,42.295362],[-82.720688,42.295372],[-82.723778,42.295512],[-82.723838,42.294599],[-82.718972,42.294425],[-82.719212,42.290871],[-82.720553,42.290919],[-82.720792,42.287346],[-82.717657,42.287252],[-82.717561,42.28699],[-82.717165,42.286538],[-82.716717,42.285813],[-82.716212,42.285402],[-82.714091,42.285286],[-82.713731,42.28489],[-82.712417,42.284863],[-82.712399,42.285146],[-82.706829,42.284986],[-82.706843,42.284741],[-82.688669,42.284348],[-82.688686,42.284843],[-82.688585,42.285377],[-82.686727,42.286842],[-82.686871,42.287813],[-82.686384,42.288332],[-82.686037,42.289504],[-82.686133,42.289876],[-82.686645,42.290678],[-82.686982,42.291529],[-82.687378,42.292252],[-82.688604,42.296254],[-82.688636,42.296542],[-82.689569,42.297952],[-82.689375,42.297964],[-82.689317,42.298073],[-82.688808,42.298081],[-82.687784,42.297898],[-82.687727,42.298034],[-82.687023,42.298026],[-82.687014,42.298134],[-82.685351,42.298096],[-82.685365,42.298176],[-82.685001,42.298173],[-82.685011,42.298091],[-82.684659,42.298088],[-82.684165,42.298194],[-82.683171,42.298245],[-82.683155,42.298101],[-82.682937,42.298113],[-82.682931,42.29832],[-82.682035,42.298387],[-82.681924,42.298326],[-82.681245,42.298354],[-82.680952,42.298268],[-82.68013,42.298379],[-82.676554,42.298468],[-82.676374,42.298542],[-82.676263,42.29849],[-82.676229,42.298553],[-82.675863,42.298505],[-82.675259,42.298586],[-82.674966,42.298527],[-82.674764,42.298665],[-82.674472,42.29866],[-82.674445,42.298534],[-82.671776,42.298546],[-82.671244,42.298617],[-82.671224,42.298789],[-82.670033,42.298698],[-82.669465,42.298769],[-82.669499,42.298688],[-82.669101,42.298765],[-82.669102,42.29882],[-82.668787,42.298824],[-82.668772,42.298716],[-82.668542,42.29872],[-82.668425,42.298901],[-82.666993,42.298877],[-82.666965,42.298751],[-82.666507,42.298848],[-82.66648,42.298741],[-82.665945,42.298694],[-82.665679,42.298752],[-82.665683,42.298869],[-82.665513,42.298872],[-82.665511,42.298791],[-82.665318,42.298856],[-82.665207,42.298777],[-82.664721,42.298721],[-82.663084,42.298763],[-82.661861,42.298862],[-82.661254,42.298834],[-82.661149,42.298998],[-82.660749,42.299013],[-82.660686,42.298915],[-82.659594,42.298913],[-82.659378,42.299015],[-82.656964,42.299023],[-82.656591,42.299118],[-82.656333,42.298987],[-82.656166,42.299097],[-82.65579,42.299121],[-82.654987,42.299015],[-82.652996,42.298972],[-82.652829,42.299064],[-82.652308,42.299081],[-82.652324,42.299252],[-82.651317,42.29923],[-82.651125,42.299323],[-82.650604,42.299348],[-82.650445,42.299306],[-82.650392,42.299108],[-82.650234,42.299111],[-82.650227,42.299309],[-82.648034,42.299412],[-82.648043,42.299295],[-82.647667,42.29931],[-82.64766,42.299499],[-82.646193,42.299547],[-82.645271,42.299533],[-82.645233,42.29948],[-82.6451,42.299491],[-82.645102,42.299572],[-82.643743,42.299564],[-82.642401,42.299745],[-82.641503,42.299704],[-82.641428,42.299615],[-82.641209,42.299618],[-82.641141,42.299773],[-82.64085,42.299813],[-82.640493,42.299584],[-82.640227,42.299615],[-82.640171,42.299822],[-82.638826,42.299851],[-82.638367,42.299929],[-82.638236,42.300039],[-82.637628,42.299976],[-82.637497,42.300095],[-82.636129,42.300195],[-82.635764,42.300155],[-82.635609,42.300275],[-82.634859,42.300348],[-82.634588,42.300163],[-82.634458,42.300309],[-82.633734,42.300455],[-82.633491,42.30044],[-82.633402,42.300297],[-82.633293,42.300299],[-82.633261,42.300479],[-82.633154,42.300562],[-82.630205,42.300991],[-82.630022,42.300958],[-82.630276,42.300918],[-82.630323,42.300845],[-82.630261,42.300792],[-82.630092,42.30084],[-82.629457,42.300687],[-82.629354,42.300931],[-82.629097,42.300845],[-82.628869,42.300938],[-82.628824,42.301074],[-82.627615,42.301226],[-82.627279,42.301348],[-82.624811,42.301644],[-82.624511,42.301756],[-82.621827,42.302128],[-82.621159,42.302092],[-82.620968,42.302212],[-82.620496,42.302263],[-82.620107,42.302233],[-82.620403,42.301941],[-82.620086,42.301387],[-82.619081,42.301473],[-82.617779,42.301825],[-82.617436,42.301685],[-82.617272,42.301886],[-82.615061,42.302259],[-82.614857,42.302334],[-82.614848,42.302487],[-82.613425,42.302787],[-82.610764,42.303599],[-82.604617,42.305198],[-82.603729,42.305562],[-82.603401,42.305548],[-82.602257,42.305879],[-82.601536,42.306169],[-82.600259,42.30651],[-82.600109,42.30681],[-82.599321,42.306857],[-82.598056,42.307226],[-82.597392,42.307316],[-82.596902,42.30762],[-82.596524,42.307562],[-82.59596,42.307804],[-82.595609,42.307845],[-82.594381,42.308266],[-82.593081,42.308528],[-82.592925,42.308644],[-82.592908,42.308795],[-82.592576,42.308884],[-82.592519,42.309116],[-82.592482,42.308333],[-82.592366,42.308199],[-82.592348,42.309028],[-82.592276,42.30909],[-82.591814,42.309144],[-82.591378,42.309304],[-82.591268,42.309162],[-82.59117,42.309156],[-82.591083,42.309322],[-82.589685,42.309626],[-82.588407,42.310046],[-82.587425,42.310255],[-82.586304,42.310786],[-82.586099,42.310749],[-82.585944,42.310866],[-82.584762,42.311121],[-82.584031,42.311448],[-82.583748,42.311471],[-82.58325,42.311811],[-82.582634,42.311957],[-82.582108,42.311932],[-82.580817,42.312444],[-82.579798,42.312614],[-82.579773,42.31278],[-82.579674,42.312809],[-82.579589,42.312798],[-82.579594,42.311909],[-82.579468,42.312789],[-82.578879,42.312795],[-82.578687,42.312931],[-82.578216,42.312875],[-82.578194,42.313015],[-82.578123,42.312916],[-82.57793,42.313061],[-82.5778,42.312972],[-82.577712,42.313117],[-82.577427,42.313158],[-82.57709,42.313019],[-82.576716,42.313078],[-82.575087,42.31347],[-82.574627,42.313503],[-82.574316,42.313696],[-82.573507,42.31386],[-82.572113,42.313889],[-82.571318,42.314125],[-82.570826,42.314357],[-82.570353,42.314372],[-82.567949,42.314792],[-82.567323,42.315008],[-82.56331,42.315144],[-82.559726,42.315445],[-82.558072,42.315305],[-82.556848,42.315385],[-82.556524,42.315506],[-82.556339,42.315419],[-82.556014,42.315513],[-82.55526,42.315442],[-82.554911,42.315564],[-82.554493,42.315318],[-82.55362,42.315347],[-82.553072,42.315265],[-82.552651,42.315415],[-82.552655,42.315099],[-82.55255,42.315254],[-82.552353,42.315149],[-82.551724,42.315238],[-82.551295,42.315073],[-82.550993,42.315104],[-82.550661,42.314955],[-82.549969,42.314911],[-82.549958,42.314983],[-82.549849,42.314984],[-82.549846,42.31484],[-82.54976,42.314832],[-82.549763,42.314932],[-82.549326,42.314937],[-82.548885,42.314772],[-82.548655,42.314775],[-82.548658,42.314883],[-82.548488,42.314886],[-82.548485,42.314778],[-82.54789,42.314777],[-82.547755,42.314706],[-82.547565,42.314853],[-82.547578,42.314403],[-82.548147,42.314368],[-82.548177,42.314079],[-82.547666,42.314041],[-82.547685,42.313825],[-82.547576,42.313817],[-82.547438,42.314639],[-82.547246,42.314731],[-82.547156,42.314516],[-82.54678,42.314521],[-82.546642,42.314334],[-82.546179,42.31425],[-82.545817,42.314336],[-82.545192,42.314093],[-82.544843,42.314205],[-82.544779,42.314071],[-82.544401,42.314004],[-82.54425,42.31379],[-82.544068,42.313774],[-82.543888,42.313885],[-82.543196,42.313858],[-82.543121,42.313778],[-82.54313,42.313616],[-82.542179,42.313458],[-82.541891,42.313588],[-82.541655,42.313366],[-82.541388,42.31336],[-82.54138,42.313531],[-82.540092,42.31345],[-82.539539,42.313142],[-82.539282,42.313082],[-82.539063,42.313058],[-82.538945,42.313177],[-82.538665,42.313163],[-82.538674,42.313027],[-82.538097,42.312756],[-82.537746,42.312779],[-82.536962,42.312474],[-82.536573,42.312443],[-82.536581,42.31229],[-82.536205,42.312268],[-82.53613,42.31217],[-82.5358,42.312075],[-82.53507,42.312022],[-82.535068,42.311923],[-82.534896,42.311844],[-82.534447,42.311841],[-82.534239,42.311763],[-82.534229,42.311844],[-82.534156,42.311845],[-82.534172,42.311494],[-82.533878,42.311381],[-82.53254,42.311273],[-82.532186,42.311178],[-82.532028,42.311171],[-82.531886,42.31129],[-82.531689,42.311176],[-82.531349,42.31118],[-82.531344,42.310964],[-82.531101,42.310959],[-82.531111,42.310877],[-82.530892,42.310862],[-82.530882,42.310925],[-82.530114,42.310792],[-82.530134,42.310611],[-82.529782,42.310589],[-82.529768,42.310517],[-82.529223,42.310551],[-82.528539,42.310362],[-82.528177,42.310457],[-82.528175,42.310394],[-82.527956,42.310352],[-82.527954,42.31028],[-82.527684,42.310166],[-82.527344,42.310153],[-82.527335,42.310252],[-82.527177,42.310254],[-82.527174,42.310128],[-82.526332,42.309933],[-82.526048,42.309729],[-82.525706,42.309616],[-82.524791,42.30944],[-82.523271,42.309307],[-82.522587,42.3091],[-82.521784,42.308993],[-82.521434,42.309088],[-82.520483,42.308911],[-82.518866,42.308762],[-82.518122,42.308582],[-82.517852,42.30846],[-82.517652,42.308219],[-82.51731,42.308125],[-82.514851,42.307779],[-82.511954,42.307926],[-82.511774,42.308],[-82.511633,42.308209],[-82.511352,42.308123],[-82.5113,42.307943],[-82.510675,42.307717],[-82.510512,42.307494],[-82.509804,42.307287],[-82.508866,42.307147],[-82.508544,42.306863],[-82.508043,42.306725],[-82.507967,42.306582],[-82.506907,42.306416],[-82.50674,42.306508],[-82.505399,42.306229],[-82.505218,42.306303],[-82.504465,42.306259],[-82.504383,42.306386],[-82.504093,42.306426],[-82.503944,42.306284],[-82.503909,42.305825],[-82.503835,42.305808],[-82.503825,42.306384],[-82.503764,42.306394],[-82.503736,42.306205],[-82.503053,42.30607],[-82.503034,42.306269],[-82.501699,42.306259],[-82.501684,42.306124],[-82.501016,42.306115],[-82.501018,42.306196],[-82.500133,42.306235],[-82.500132,42.306172],[-82.499671,42.306178],[-82.499674,42.306313],[-82.499553,42.306323],[-82.49955,42.306197],[-82.498265,42.306241],[-82.49825,42.306142],[-82.498153,42.306152],[-82.498169,42.306278],[-82.496666,42.30637],[-82.49664,42.306289],[-82.495828,42.306318],[-82.49377,42.306507],[-82.493641,42.306175],[-82.493421,42.306133],[-82.49221,42.306194],[-82.491824,42.306307],[-82.49183,42.306559],[-82.490811,42.306581],[-82.490735,42.306429],[-82.49054,42.306405],[-82.490411,42.306569],[-82.489539,42.306643],[-82.489162,42.30663],[-82.489014,42.306515],[-82.488237,42.306516],[-82.488105,42.306545],[-82.487927,42.306745],[-82.487553,42.306831],[-82.487186,42.3067],[-82.486704,42.306833],[-82.484909,42.306847],[-82.483104,42.306988],[-82.483004,42.306845],[-82.48287,42.306819],[-82.482568,42.306904],[-82.482526,42.307148],[-82.482442,42.307194],[-82.481131,42.307193],[-82.480806,42.307305],[-82.479801,42.307354],[-82.479692,42.307392],[-82.479707,42.3075],[-82.479465,42.307521],[-82.479413,42.307395],[-82.479233,42.307461],[-82.478698,42.307414],[-82.47753,42.307789],[-82.476883,42.308176],[-82.476805,42.307942],[-82.476683,42.307899],[-82.475206,42.308035],[-82.474893,42.308129],[-82.474732,42.308023],[-82.47443,42.308045],[-82.473841,42.308314],[-82.473358,42.30841],[-82.472761,42.308796],[-82.472542,42.308808],[-82.472352,42.308946],[-82.47206,42.308913],[-82.471406,42.30948],[-82.471373,42.309642],[-82.470947,42.310098],[-82.469832,42.310698],[-82.469826,42.31095],[-82.469306,42.311011],[-82.469153,42.311229],[-82.468538,42.311408],[-82.467602,42.311861],[-82.467363,42.31199],[-82.467512,42.312133],[-82.46697,42.312329],[-82.467082,42.312444],[-82.466795,42.31261],[-82.466467,42.312605],[-82.465856,42.312946],[-82.464983,42.31348],[-82.464949,42.313624],[-82.464735,42.31378],[-82.464447,42.313928],[-82.464204,42.313913],[-82.464146,42.31404],[-82.463075,42.314405],[-82.462739,42.314598],[-82.462815,42.314723],[-82.4628,42.315102],[-82.462909,42.3151],[-82.462871,42.316074],[-82.462628,42.316077],[-82.462619,42.316221],[-82.462777,42.316219],[-82.462767,42.3163],[-82.46216,42.317326],[-82.461737,42.317403],[-82.461851,42.317635],[-82.461421,42.31792],[-82.461237,42.317824],[-82.460888,42.317981],[-82.460917,42.318179],[-82.460366,42.318474],[-82.459111,42.318796],[-82.458864,42.319097],[-82.458095,42.318926],[-82.457983,42.318801],[-82.457181,42.318758],[-82.457123,42.318884],[-82.456698,42.318881],[-82.456707,42.318746],[-82.45643,42.31883],[-82.455908,42.318837],[-82.455724,42.318713],[-82.455387,42.318843],[-82.453321,42.319257],[-82.453133,42.319512],[-82.452965,42.319577],[-82.452659,42.319491],[-82.452336,42.319693],[-82.452314,42.319783],[-82.452461,42.319853],[-82.452643,42.319833],[-82.452736,42.319661],[-82.452955,42.319685],[-82.452923,42.319865],[-82.452423,42.320313],[-82.451871,42.320581],[-82.450737,42.321406],[-82.449883,42.322273],[-82.4495,42.322494],[-82.447203,42.324646],[-82.482632,42.432508],[-82.680816,42.517136],[-82.659695,42.52469],[-82.625778,42.536488],[-82.586766,42.550278],[-82.586453,42.550802],[-82.585453,42.55121],[-82.582805,42.552925],[-82.582128,42.553186],[-82.581439,42.553624],[-82.581018,42.554168],[-82.580639,42.554472],[-82.580609,42.554711],[-82.580428,42.554762],[-82.580088,42.554707],[-82.579811,42.555643],[-82.57969,42.555656],[-82.579187,42.555358],[-82.579028,42.555551],[-82.578685,42.555628],[-82.578439,42.556333],[-82.57848,42.556593],[-82.578326,42.556617],[-82.578146,42.556523],[-82.577831,42.556567],[-82.577685,42.556886],[-82.577289,42.55715],[-82.57724,42.557297],[-82.577408,42.557482],[-82.577199,42.557751],[-82.577209,42.557895],[-82.577429,42.557873],[-82.577609,42.557644],[-82.57749,42.558107],[-82.577368,42.55838],[-82.577117,42.558636],[-82.577033,42.558944],[-82.576982,42.559917],[-82.577044,42.560523],[-82.577094,42.560583],[-82.577424,42.56057],[-82.577611,42.560716],[-82.577628,42.560863],[-82.57748,42.561269],[-82.577507,42.561554],[-82.577595,42.561722],[-82.578014,42.561806],[-82.578036,42.561955],[-82.57767,42.56263],[-82.577199,42.563115],[-82.577085,42.563608],[-82.577076,42.5641],[-82.577325,42.564535],[-82.577001,42.564906],[-82.575401,42.565832],[-82.573938,42.566163],[-82.573701,42.566293],[-82.573449,42.566291],[-82.573285,42.56618],[-82.573034,42.56583],[-82.573111,42.565509],[-82.573695,42.565277],[-82.573727,42.565064],[-82.574131,42.564719],[-82.574315,42.564656],[-82.574428,42.564792],[-82.575057,42.564477],[-82.575084,42.564306],[-82.574999,42.564061],[-82.575094,42.563695],[-82.575558,42.56342],[-82.575915,42.562941],[-82.575918,42.56273],[-82.5758,42.562613],[-82.575188,42.562555],[-82.57509,42.562517],[-82.574937,42.562214],[-82.574701,42.562216],[-82.574344,42.562686],[-82.574231,42.563041],[-82.573841,42.56356],[-82.573653,42.563965],[-82.572833,42.5649],[-82.572496,42.565566],[-82.571573,42.566606],[-82.571426,42.566961],[-82.570831,42.567353],[-82.570082,42.568129],[-82.570331,42.568237],[-82.5703,42.568378],[-82.568704,42.569968],[-82.568307,42.570135],[-82.567996,42.570461],[-82.567746,42.570595],[-82.56756,42.571016],[-82.567199,42.571353],[-82.566697,42.571496],[-82.566017,42.571926],[-82.565137,42.572717],[-82.564476,42.572974],[-82.563758,42.573411],[-82.562751,42.57431],[-82.561789,42.574912],[-82.56039,42.576039],[-82.559698,42.576284],[-82.559501,42.576501],[-82.559174,42.577214],[-82.558681,42.577102],[-82.558372,42.577334],[-82.557286,42.577802],[-82.556139,42.578902],[-82.555643,42.579166],[-82.555156,42.579811],[-82.554966,42.579881],[-82.554763,42.580229],[-82.553069,42.581852],[-82.552524,42.582128],[-82.55227,42.582409],[-82.551032,42.582935],[-82.55097,42.583017],[-82.551056,42.583249],[-82.550319,42.584456],[-82.550363,42.584686],[-82.550037,42.58499],[-82.549466,42.585134],[-82.549316,42.585316],[-82.550218,42.58565],[-82.550458,42.585846],[-82.550147,42.585863],[-82.549308,42.585457],[-82.549085,42.585488],[-82.54897,42.586287],[-82.54904,42.586371],[-82.549488,42.586131],[-82.549719,42.586114],[-82.549841,42.586232],[-82.54943,42.586715],[-82.54937,42.586921],[-82.548659,42.587142],[-82.548513,42.587541],[-82.547957,42.587826],[-82.547546,42.588254],[-82.547316,42.588587],[-82.547254,42.588848],[-82.546695,42.58911],[-82.546423,42.58937],[-82.546132,42.589474],[-82.54487,42.590797],[-82.544351,42.591175],[-82.542658,42.591957],[-82.542432,42.592348],[-82.542102,42.592684],[-82.54104,42.593543],[-82.540259,42.594029],[-82.538709,42.594693],[-82.537972,42.594901],[-82.537063,42.594998],[-82.536731,42.595142],[-82.536382,42.595571],[-82.536111,42.596249],[-82.535957,42.596432],[-82.535214,42.596721],[-82.534693,42.597204],[-82.533861,42.597493],[-82.53345,42.597865],[-82.531328,42.598748],[-82.530495,42.598247],[-82.530207,42.59845],[-82.529988,42.598493],[-82.529852,42.598657],[-82.529501,42.598782],[-82.528854,42.599276],[-82.528516,42.599684],[-82.528064,42.600533],[-82.52793,42.600644],[-82.527679,42.600631],[-82.527414,42.601018],[-82.526705,42.601486],[-82.52576,42.602629],[-82.525222,42.60297],[-82.525035,42.603322],[-82.52472,42.603421],[-82.523734,42.60414],[-82.520421,42.605784],[-82.519974,42.60646],[-82.519902,42.606741],[-82.518514,42.609101],[-82.518106,42.610084],[-82.517679,42.61064],[-82.518303,42.610817],[-82.518089,42.611227],[-82.517526,42.611067],[-82.517252,42.611453],[-82.516719,42.612591],[-82.515599,42.61406],[-82.515589,42.61415],[-82.515869,42.614476],[-82.51604,42.614823],[-82.515871,42.614783],[-82.51563,42.614339],[-82.515459,42.614206],[-82.514824,42.614926],[-82.515983,42.615356],[-82.515677,42.615855],[-82.514499,42.615461],[-82.514358,42.615579],[-82.513533,42.616531],[-82.513165,42.617182],[-82.512425,42.618014],[-82.51237,42.618132],[-82.512432,42.618271],[-82.512428,42.618845],[-82.512355,42.618828],[-82.512298,42.618515],[-82.512163,42.618505],[-82.51105,42.619636],[-82.510934,42.619897],[-82.510712,42.620054],[-82.510559,42.620643],[-82.510268,42.620965],[-82.509953,42.621173],[-82.509895,42.621311],[-82.509705,42.6213],[-82.509523,42.621454],[-82.508619,42.624024],[-82.508351,42.624447],[-82.507812,42.625987],[-82.507691,42.626645],[-82.507745,42.627527],[-82.507955,42.628237],[-82.50816,42.628635],[-82.508073,42.628747],[-82.508456,42.628677],[-82.508496,42.628727],[-82.508314,42.62904],[-82.508445,42.63032],[-82.508284,42.632517],[-82.508042,42.633053],[-82.507468,42.633774],[-82.507347,42.634301],[-82.506792,42.635293],[-82.5063,42.635263],[-82.505354,42.636405],[-82.505617,42.636296],[-82.505723,42.636348],[-82.505143,42.637088],[-82.504594,42.637325],[-82.504298,42.63732],[-82.50374,42.638623],[-82.504052,42.641501],[-82.504176,42.641562],[-82.504397,42.642118],[-82.504622,42.642349],[-82.504467,42.642477],[-82.504716,42.642717],[-82.505072,42.642793],[-82.505086,42.642892],[-82.504981,42.643056],[-82.504987,42.643335],[-82.504831,42.643418],[-82.504678,42.644654],[-82.50474,42.644725],[-82.50467,42.644852],[-82.504759,42.645013],[-82.504728,42.645229],[-82.504632,42.645294],[-82.504744,42.645391],[-82.504533,42.646222],[-82.504535,42.64634],[-82.504621,42.646374],[-82.5046,42.64651],[-82.504491,42.64652],[-82.504459,42.646701],[-82.504643,42.646743],[-82.504828,42.647867],[-82.505586,42.650468],[-82.506382,42.655636],[-82.506458,42.65577],[-82.506629,42.655777],[-82.506684,42.656037],[-82.506501,42.656031],[-82.506455,42.656121],[-82.506561,42.657011],[-82.507,42.656988],[-82.507058,42.657347],[-82.506899,42.65734],[-82.50695,42.657961],[-82.506879,42.658052],[-82.506913,42.658952],[-82.507041,42.659166],[-82.50706,42.659968],[-82.507019,42.660292],[-82.506891,42.660528],[-82.506969,42.662751],[-82.506459,42.664901],[-82.50593,42.666214],[-82.504987,42.668117],[-82.504401,42.669602],[-82.503366,42.671714],[-82.503231,42.672193],[-82.503309,42.672408],[-82.502912,42.672647],[-82.502607,42.673165],[-82.502006,42.674541],[-82.501827,42.674733],[-82.501915,42.674831],[-82.501723,42.67495],[-82.500636,42.676964],[-82.499438,42.678925],[-82.498451,42.679982],[-82.498578,42.680161],[-82.498045,42.68087],[-82.497913,42.680962],[-82.497388,42.680951],[-82.496953,42.681146],[-82.497149,42.681161],[-82.497094,42.681432],[-82.49623,42.683064],[-82.495919,42.683834],[-82.495829,42.684141],[-82.496006,42.684409],[-82.495961,42.684545],[-82.495637,42.684774],[-82.495627,42.684891],[-82.495852,42.685104],[-82.495854,42.685194],[-82.495832,42.685294],[-82.495435,42.685533],[-82.495652,42.685927],[-82.495464,42.686208],[-82.495349,42.687002],[-82.494808,42.687856],[-82.494589,42.688408],[-82.494491,42.688409],[-82.494173,42.68989],[-82.493726,42.690589],[-82.493898,42.690659],[-82.493617,42.69114],[-82.493445,42.691097],[-82.492726,42.692152],[-82.492543,42.692658],[-82.492157,42.693217],[-82.492163,42.693645],[-82.49135,42.694358],[-82.490784,42.694689],[-82.490451,42.695045],[-82.490114,42.695238],[-82.489985,42.695447],[-82.489637,42.695704],[-82.489273,42.695817],[-82.489373,42.695897],[-82.489265,42.695997],[-82.489117,42.695936],[-82.488144,42.696579],[-82.486226,42.69754],[-82.485701,42.698069],[-82.484436,42.697744],[-82.4828,42.697729],[-82.481331,42.697559],[-82.480869,42.697664],[-82.480835,42.698295],[-82.480973,42.698437],[-82.481633,42.698464],[-82.482534,42.698354],[-82.484208,42.69844],[-82.485153,42.698617],[-82.48507,42.698753],[-82.485784,42.698996],[-82.485584,42.699278],[-82.484716,42.699244],[-82.484193,42.700349],[-82.484015,42.701063],[-82.483378,42.702035],[-82.482889,42.703023],[-82.482585,42.704098],[-82.482445,42.704892],[-82.482501,42.705198],[-82.482288,42.705489],[-82.482361,42.706479],[-82.482206,42.707165],[-82.481776,42.708089],[-82.481443,42.708435],[-82.481107,42.709187],[-82.480764,42.709651],[-82.480736,42.710021],[-82.480438,42.710835],[-82.480395,42.711115],[-82.480534,42.711293],[-82.481466,42.711443],[-82.481534,42.711235],[-82.482477,42.711349],[-82.482335,42.71154],[-82.48258,42.711573],[-82.482548,42.711744],[-82.481445,42.711596],[-82.481467,42.711497],[-82.480634,42.711409],[-82.480439,42.711402],[-82.480188,42.711613],[-82.480117,42.711731],[-82.480291,42.711864],[-82.480236,42.712134],[-82.479884,42.712175],[-82.479751,42.71278],[-82.47946,42.71336],[-82.479383,42.713721],[-82.47917,42.714021],[-82.478859,42.7148],[-82.478692,42.714964],[-82.478505,42.715813],[-82.478154,42.716466],[-82.477797,42.717398],[-82.477912,42.717613],[-82.477732,42.717732],[-82.477406,42.718412],[-82.476913,42.71976],[-82.476736,42.720527],[-82.476662,42.721015],[-82.476707,42.721888],[-82.476853,42.722372],[-82.477186,42.723016],[-82.477553,42.725632],[-82.477804,42.726403],[-82.478063,42.726508],[-82.477956,42.726636],[-82.47819,42.72674],[-82.478158,42.726921],[-82.478604,42.727176],[-82.478609,42.72741],[-82.478381,42.727557],[-82.478569,42.727771],[-82.478502,42.728033],[-82.478115,42.728182],[-82.478262,42.728225],[-82.47818,42.728371],[-82.478198,42.728623],[-82.478338,42.729341],[-82.47835,42.729881],[-82.47853,42.730257],[-82.478487,42.730492],[-82.47863,42.731382],[-82.478555,42.731806],[-82.478305,42.732106],[-82.478163,42.733297],[-82.478288,42.733439],[-82.478331,42.7337],[-82.478276,42.734466],[-82.477603,42.735439],[-82.476829,42.736817],[-82.476521,42.7372],[-82.475717,42.738849],[-82.475406,42.739673],[-82.474884,42.740328],[-82.473901,42.742124],[-82.47258,42.744158],[-82.472447,42.744187],[-82.472233,42.744451],[-82.47175,42.744709],[-82.471429,42.745073],[-82.4712,42.745212],[-82.470956,42.745728],[-82.470059,42.746559],[-82.469362,42.747558],[-82.468999,42.747698],[-82.468535,42.748226],[-82.468291,42.748248],[-82.468123,42.748367],[-82.468042,42.748593],[-82.467671,42.748886],[-82.46758,42.749202],[-82.466893,42.750103],[-82.466712,42.750204],[-82.466654,42.750322],[-82.466853,42.750508],[-82.466628,42.750782],[-82.466174,42.751229],[-82.465628,42.75138],[-82.465642,42.751479],[-82.465838,42.751476],[-82.465891,42.751682],[-82.465835,42.751899],[-82.465995,42.751924],[-82.465984,42.751997],[-82.465778,42.752044],[-82.465792,42.752134],[-82.466013,42.752194],[-82.466052,42.752275],[-82.465826,42.752521],[-82.465794,42.752728],[-82.465289,42.753077],[-82.464993,42.753468],[-82.464918,42.753946],[-82.465031,42.754062],[-82.465012,42.754305],[-82.46449,42.754447],[-82.464556,42.754644],[-82.46426,42.755585],[-82.463705,42.757951],[-82.463586,42.75807],[-82.463414,42.758541],[-82.463048,42.760157],[-82.463111,42.761255],[-82.463333,42.761351],[-82.463335,42.761423],[-82.463251,42.761487],[-82.463315,42.761631],[-82.462942,42.761852],[-82.462942,42.762392],[-82.463265,42.763135],[-82.463038,42.763372],[-82.463029,42.764012],[-82.463247,42.764973],[-82.463801,42.766172],[-82.463691,42.767218],[-82.463808,42.768036],[-82.464004,42.768565],[-82.463958,42.769214],[-82.464439,42.771486],[-82.464686,42.772104],[-82.464839,42.772886],[-82.465028,42.773127],[-82.465276,42.773763],[-82.465198,42.774097],[-82.465536,42.774426],[-82.46553,42.774714],[-82.465771,42.775594],[-82.46575,42.775747],[-82.466298,42.776686],[-82.466306,42.77701],[-82.466608,42.777402],[-82.466766,42.777877],[-82.46693,42.778091],[-82.466973,42.778343],[-82.467353,42.778914],[-82.467474,42.780957],[-82.46769,42.782332],[-82.46811,42.784056],[-82.468085,42.78456],[-82.468518,42.785788],[-82.468564,42.786193],[-82.468788,42.786875],[-82.469438,42.788532],[-82.469772,42.789176],[-82.470048,42.789506],[-82.470394,42.790141],[-82.470591,42.79021],[-82.470478,42.790626],[-82.470822,42.79118],[-82.471786,42.793707],[-82.471805,42.794508],[-82.472044,42.794775],[-82.472488,42.794941],[-82.472249,42.795187],[-82.470791,42.795557],[-82.471023,42.795572],[-82.472251,42.795259],[-82.473358,42.795515],[-82.473372,42.795623],[-82.473312,42.795642],[-82.471233,42.796164],[-82.471066,42.795824],[-82.471004,42.795806],[-82.471415,42.796639],[-82.471476,42.79662],[-82.471347,42.796315],[-82.471503,42.796196],[-82.473473,42.79572],[-82.47352,42.795639],[-82.473631,42.795674],[-82.473719,42.79578],[-82.473627,42.796061],[-82.473271,42.796516],[-82.473515,42.797017],[-82.474701,42.798541],[-82.474887,42.798647],[-82.475242,42.798633],[-82.475415,42.798712],[-82.475386,42.799037],[-82.475221,42.7993],[-82.475544,42.800052],[-82.476814,42.802035],[-82.477026,42.802222],[-82.476958,42.802412],[-82.477038,42.802717],[-82.476802,42.803053],[-82.476061,42.803288],[-82.476731,42.80318],[-82.477417,42.803216],[-82.477536,42.803584],[-82.477831,42.803652],[-82.477956,42.803776],[-82.478027,42.804172],[-82.477923,42.804425],[-82.477716,42.804455],[-82.477535,42.804592],[-82.477978,42.804668],[-82.47803,42.804802],[-82.478362,42.804906],[-82.478147,42.805098],[-82.478272,42.805736],[-82.478091,42.80635],[-82.47803,42.808926],[-82.477492,42.811482],[-82.477496,42.812175],[-82.477135,42.812936],[-82.477094,42.813288],[-82.476786,42.814237],[-82.476263,42.81537],[-82.475065,42.817457],[-82.47504,42.818457],[-82.474801,42.818712],[-82.474523,42.819337],[-82.474065,42.820666],[-82.473911,42.820875],[-82.473631,42.820942],[-82.473451,42.821088],[-82.472805,42.822736],[-82.472835,42.822942],[-82.472947,42.823049],[-82.473292,42.823153],[-82.473111,42.823776],[-82.472904,42.823806],[-82.472663,42.82398],[-82.472273,42.824021],[-82.472422,42.824127],[-82.47245,42.824253],[-82.472065,42.824537],[-82.471732,42.825469],[-82.471833,42.825576],[-82.471639,42.82565],[-82.471544,42.825787],[-82.471091,42.826819],[-82.471036,42.827054],[-82.471126,42.827224],[-82.470907,42.827281],[-82.470734,42.827733],[-82.470367,42.828278],[-82.470302,42.82863],[-82.469248,42.831129],[-82.468861,42.832323],[-82.468682,42.833055],[-82.468678,42.833415],[-82.468474,42.833553],[-82.468312,42.83396],[-82.467921,42.834487],[-82.4679,42.83465],[-82.467558,42.835194],[-82.46756,42.835284],[-82.467709,42.835381],[-82.467565,42.835482],[-82.467694,42.835742],[-82.467573,42.835851],[-82.467415,42.835863],[-82.466938,42.836904],[-82.466959,42.837282],[-82.466828,42.837437],[-82.466835,42.837725],[-82.466696,42.83806],[-82.466703,42.838375],[-82.466937,42.838435],[-82.466906,42.83867],[-82.466711,42.838708],[-82.466689,42.838799],[-82.467042,42.839235],[-82.466979,42.839695],[-82.467457,42.839725],[-82.467415,42.839996],[-82.467171,42.840017],[-82.467332,42.840141],[-82.467287,42.840277],[-82.466785,42.840292],[-82.466851,42.840489],[-82.466805,42.840571],[-82.466403,42.840684],[-82.466357,42.840802],[-82.466304,42.841145],[-82.466452,42.841701],[-82.466722,42.841725],[-82.466591,42.842438],[-82.466408,42.84244],[-82.466211,42.84292],[-82.465997,42.845768],[-82.466063,42.846461],[-82.465972,42.846759],[-82.465874,42.846751],[-82.465863,42.846842],[-82.465949,42.846849],[-82.46571,42.847609],[-82.465613,42.847628],[-82.46548,42.848747],[-82.465043,42.850445],[-82.464256,42.852382],[-82.463747,42.854658],[-82.46346,42.855445],[-82.463524,42.855562],[-82.463374,42.85596],[-82.463245,42.8567],[-82.463278,42.857069],[-82.462991,42.857342],[-82.462971,42.859117],[-82.462747,42.859471],[-82.4628,42.860164],[-82.462694,42.860327],[-82.462674,42.861048],[-82.462613,42.861048],[-82.462619,42.861319],[-82.462839,42.861316],[-82.462841,42.86137],[-82.462633,42.861372],[-82.462538,42.861491],[-82.462378,42.863023],[-82.462359,42.863762],[-82.462428,42.864113],[-82.462167,42.864476],[-82.462174,42.864746],[-82.462615,42.864767],[-82.462604,42.864831],[-82.462151,42.864801],[-82.462133,42.865089],[-82.462128,42.865404],[-82.462581,42.865416],[-82.462583,42.865497],[-82.462142,42.865476],[-82.461984,42.866036],[-82.461933,42.866478],[-82.462311,42.866392],[-82.462326,42.866518],[-82.461935,42.866541],[-82.461757,42.8673],[-82.461858,42.867443],[-82.461865,42.867758],[-82.462136,42.86779],[-82.462113,42.867863],[-82.461867,42.86783],[-82.461762,42.86857],[-82.462042,42.868512],[-82.462033,42.868647],[-82.46174,42.868651],[-82.461561,42.869896],[-82.461854,42.869874],[-82.461844,42.869973],[-82.46155,42.869959],[-82.461413,42.870384],[-82.461304,42.87043],[-82.461142,42.871342],[-82.461265,42.871359],[-82.461243,42.871476],[-82.461084,42.87146],[-82.460957,42.871804],[-82.46099,42.872173],[-82.461117,42.87236],[-82.46109,42.872775],[-82.46136,42.87278],[-82.461361,42.872852],[-82.461092,42.872847],[-82.461026,42.873145],[-82.461088,42.873216],[-82.460993,42.873316],[-82.460881,42.873777],[-82.460967,42.873794],[-82.460945,42.873866],[-82.460846,42.873849],[-82.4608,42.873967],[-82.460886,42.873984],[-82.460839,42.874065],[-82.460741,42.874049],[-82.46058,42.874492],[-82.460494,42.874484],[-82.460329,42.874783],[-82.460278,42.875207],[-82.460385,42.875584],[-82.460486,42.875709],[-82.460643,42.875626],[-82.460634,42.875752],[-82.460392,42.875872],[-82.460386,42.876133],[-82.460593,42.876104],[-82.460584,42.876212],[-82.460363,42.876197],[-82.460378,42.876332],[-82.460114,42.877065],[-82.460188,42.877109],[-82.460078,42.877101],[-82.459486,42.878468],[-82.459818,42.878527],[-82.459807,42.87859],[-82.459438,42.878523],[-82.459429,42.878676],[-82.459713,42.878762],[-82.45969,42.878826],[-82.459419,42.878739],[-82.458942,42.879799],[-82.458992,42.87987],[-82.458906,42.879853],[-82.458779,42.880161],[-82.459011,42.880122],[-82.458942,42.880339],[-82.458844,42.880322],[-82.458866,42.880232],[-82.458743,42.880216],[-82.458519,42.880561],[-82.458417,42.880913],[-82.45826,42.880996],[-82.458099,42.881439],[-82.458199,42.881519],[-82.458155,42.881763],[-82.457924,42.881838],[-82.457986,42.881873],[-82.457788,42.882272],[-82.457826,42.882326],[-82.457678,42.882309],[-82.457355,42.882611],[-82.457297,42.882746],[-82.45742,42.882763],[-82.457538,42.882581],[-82.457624,42.882616],[-82.457459,42.88288],[-82.457261,42.882792],[-82.457133,42.883055],[-82.457354,42.883088],[-82.457331,42.883169],[-82.457109,42.883091],[-82.457149,42.883235],[-82.457009,42.883534],[-82.457087,42.883722],[-82.456933,42.883922],[-82.456737,42.883951],[-82.456535,42.884179],[-82.456489,42.884333],[-82.456674,42.884366],[-82.456651,42.884439],[-82.456478,42.884396],[-82.456303,42.884722],[-82.45651,42.88472],[-82.45628,42.884804],[-82.456501,42.884837],[-82.456503,42.8849],[-82.456256,42.884822],[-82.456108,42.885292],[-82.456218,42.885309],[-82.456195,42.885363],[-82.45606,42.885347],[-82.455942,42.885546],[-82.455977,42.885969],[-82.455843,42.886025],[-82.455835,42.886187],[-82.45597,42.886185],[-82.455959,42.886266],[-82.455823,42.886223],[-82.455791,42.886413],[-82.455987,42.886419],[-82.455977,42.886491],[-82.455793,42.886485],[-82.455736,42.886666],[-82.455908,42.886709],[-82.455888,42.886871],[-82.45565,42.887189],[-82.455552,42.887713],[-82.455366,42.888111],[-82.455392,42.888201],[-82.455541,42.888262],[-82.45551,42.888524],[-82.455424,42.888507],[-82.455425,42.888561],[-82.45556,42.888568],[-82.455574,42.88864],[-82.455536,42.889127],[-82.455491,42.889289],[-82.45537,42.889327],[-82.455349,42.88948],[-82.455343,42.889732],[-82.455429,42.889785],[-82.455411,42.890533],[-82.455526,42.890765],[-82.455407,42.891434],[-82.455619,42.892106],[-82.455815,42.892104],[-82.455816,42.892158],[-82.455645,42.89216],[-82.455701,42.892474],[-82.455824,42.892473],[-82.455825,42.892554],[-82.455715,42.892546],[-82.455844,42.893346],[-82.455954,42.893336],[-82.455858,42.893427],[-82.455989,42.893786],[-82.455928,42.893786],[-82.456076,42.89437],[-82.456189,42.894485],[-82.456158,42.894738],[-82.456377,42.894672],[-82.45638,42.894789],[-82.456147,42.894792],[-82.456151,42.894945],[-82.456468,42.895905],[-82.456797,42.896359],[-82.457057,42.897023],[-82.457111,42.897247],[-82.456993,42.897411],[-82.457284,42.897785],[-82.457795,42.899229],[-82.457906,42.899768],[-82.457966,42.900244],[-82.457873,42.900452],[-82.457868,42.900741],[-82.457981,42.900892],[-82.458122,42.902178],[-82.458047,42.903143],[-82.458196,42.90324],[-82.458224,42.903392],[-82.458182,42.90369],[-82.458038,42.903754],[-82.458068,42.904016],[-82.458309,42.904391],[-82.458353,42.904705],[-82.457845,42.904973],[-82.45786,42.905108],[-82.458047,42.90525],[-82.457843,42.905946],[-82.458286,42.906003],[-82.458602,42.905909],[-82.458473,42.906136],[-82.457895,42.906053],[-82.457822,42.906594],[-82.457534,42.907373],[-82.457927,42.907422],[-82.458194,42.907319],[-82.458114,42.907545],[-82.457683,42.907488],[-82.457321,42.908753],[-82.457714,42.908775],[-82.457681,42.90892],[-82.457287,42.908843],[-82.456799,42.910516],[-82.456493,42.91051],[-82.456169,42.911847],[-82.455918,42.912507],[-82.448059,42.912442],[-82.454906,42.915606],[-82.453182,42.921107],[-82.452416,42.923037],[-82.450625,42.926746],[-82.447969,42.931494],[-82.435807,42.925735],[-82.437102,42.924293],[-82.433999,42.922817],[-82.433362,42.922667],[-82.424783,42.922511],[-82.424611,42.927466],[-82.428317,42.929217],[-82.42775,42.929533],[-82.426996,42.929696],[-82.416758,42.929497],[-82.416695,42.936596],[-82.376761,42.935668],[-82.376807,42.932119],[-82.376689,42.922086],[-82.356715,42.921844],[-82.356693,42.92341],[-82.285413,42.921825],[-82.285429,42.920935],[-82.284851,42.920912],[-82.28484,42.921812],[-82.260404,42.921282],[-82.260184,42.927312],[-82.252473,42.927152],[-82.252667,42.921122],[-82.234121,42.920734],[-82.233712,42.932681],[-82.229814,42.932608],[-82.229583,42.938697],[-82.225786,42.938593],[-82.225533,42.944737],[-82.232194,42.94489],[-82.23218,42.945395],[-82.233021,42.945418],[-82.232901,42.948541],[-82.231681,42.948509],[-82.231642,42.94942],[-82.232866,42.949449],[-82.232825,42.950528],[-82.229175,42.950413],[-82.229026,42.952589],[-82.230175,42.952639],[-82.230176,42.952048],[-82.232826,42.952146],[-82.23281,42.952565],[-82.23225,42.95255],[-82.232245,42.952717],[-82.231571,42.952699],[-82.231529,42.953798],[-82.232698,42.953829],[-82.232629,42.95561],[-82.228926,42.955528],[-82.228906,42.956426],[-82.232659,42.956488],[-82.232634,42.957143],[-82.231958,42.957126],[-82.231917,42.958131],[-82.232598,42.958149],[-82.23256,42.959247],[-82.231602,42.95923],[-82.231485,42.959073],[-82.231491,42.957113],[-82.225201,42.956921],[-82.224959,42.963215],[-82.232352,42.963378],[-82.23216,42.96883],[-82.231093,42.968813],[-82.231007,42.968649],[-82.230589,42.968638],[-82.230554,42.969436],[-82.23022,42.969426],[-82.229881,42.980839],[-82.230105,42.980843],[-82.230088,42.981463],[-82.231554,42.981494],[-82.231683,42.981406],[-82.231679,42.981527],[-82.231877,42.981532],[-82.231866,42.981831],[-82.233091,42.981859],[-82.233041,42.982527],[-82.231839,42.982515],[-82.231145,43.002014],[-82.230882,43.001998],[-82.230687,43.001836],[-82.230081,43.0022],[-82.230091,43.002517],[-82.231129,43.002538],[-82.230922,43.008371],[-82.229916,43.008358],[-82.229866,43.009736],[-82.230873,43.009751],[-82.230565,43.018339],[-82.218032,43.018138],[-82.217825,43.024064],[-82.2305,43.020176],[-82.230078,43.032119],[-82.2287,43.032094],[-82.228891,43.035449],[-82.229976,43.035115],[-82.229854,43.038875],[-82.181716,43.05451],[-82.164704,43.064394],[-82.151685,43.094053],[-82.123123,43.102516],[-82.023688,43.182574],[-82.037626,43.200761],[-82.018079,43.224727],[-81.982725,43.211639],[-81.850656,43.263258],[-81.730346,43.35754],[-81.72982,43.722183],[-81.723683,43.722424],[-81.71798,43.722449],[-81.717927,43.722344],[-81.717755,43.722286],[-81.717579,43.722344],[-81.717526,43.722451],[-81.706023,43.722502],[-81.706,43.720724],[-81.695495,43.72077],[-81.695534,43.722591],[-81.689953,43.72262],[-81.691139,43.726789],[-81.687939,43.729207],[-81.691653,43.731716],[-81.686365,43.735711],[-81.687529,43.736426],[-81.68618,43.737445],[-81.686543,43.737599],[-81.687313,43.738187],[-81.691571,43.740705],[-81.694073,43.74278],[-81.695141,43.743916],[-81.696453,43.744748],[-81.697575,43.745702],[-81.698048,43.746346],[-81.698758,43.747647],[-81.699269,43.747968],[-81.699414,43.748647],[-81.699398,43.74915],[-81.699269,43.749436],[-81.699467,43.750047],[-81.69952,43.75063],[-81.699925,43.751775],[-81.700039,43.751763],[-81.700245,43.752004],[-81.700649,43.752675],[-81.701016,43.753045],[-81.701374,43.753587],[-81.702198,43.754189],[-81.702847,43.754498],[-81.70451,43.754754],[-81.705021,43.754716],[-81.705281,43.754666],[-81.705296,43.754605],[-81.708851,43.754563],[-81.710072,43.754456],[-81.711056,43.754117],[-81.713848,43.751813],[-81.716328,43.750234],[-81.717785,43.749669],[-81.721012,43.748681],[-81.722317,43.748425],[-81.724598,43.748288],[-81.72694,43.748437],[-81.727466,43.748663],[-81.725282,43.751611],[-81.724056,43.756707],[-81.723369,43.76481],[-81.720456,43.784694],[-81.729594,43.804384],[-81.723176,43.815262],[-81.726439,43.851378],[-81.728941,43.867913],[-81.726363,43.930137],[-81.740438,43.977146],[-81.762216,44.074615],[-81.738048,44.10197],[-81.657289,44.1605],[-81.633045,44.150946],[-81.629952,44.154985],[-81.629355,44.155538],[-81.626812,44.158857],[-81.626628,44.159209],[-81.627003,44.159514],[-81.625608,44.161328],[-81.625712,44.161362],[-81.623927,44.163675],[-81.627355,44.164907],[-81.626662,44.165812],[-81.621773,44.164794],[-81.622161,44.16429],[-81.622474,44.164415],[-81.624963,44.161204],[-81.625063,44.161243],[-81.625207,44.161056],[-81.624509,44.160887],[-81.623705,44.160523],[-81.623612,44.160037],[-81.623398,44.159894],[-81.623023,44.159887],[-81.62268,44.160046],[-81.62215,44.160017],[-81.622281,44.159377],[-81.622379,44.159232],[-81.622724,44.159171],[-81.62282,44.158597],[-81.622895,44.158543],[-81.622781,44.158095],[-81.622277,44.157639],[-81.61641,44.165305],[-81.614243,44.164463],[-81.610442,44.169425],[-81.611141,44.169717],[-81.611489,44.169977],[-81.611672,44.170234],[-81.611952,44.170939],[-81.613396,44.170714],[-81.612481,44.171891],[-81.612337,44.171835],[-81.611815,44.172507],[-81.612243,44.172694],[-81.612178,44.172783],[-81.613297,44.173187],[-81.61265,44.174028],[-81.614625,44.174767],[-81.614888,44.174671],[-81.615117,44.174747],[-81.611371,44.179673],[-81.625467,44.185106],[-81.625126,44.185624],[-81.626246,44.186056],[-81.626628,44.185558],[-81.627678,44.185962],[-81.628065,44.185454],[-81.627759,44.185993],[-81.636732,44.18945],[-81.63716,44.19182],[-81.634499,44.194794],[-81.622131,44.210866],[-81.614688,44.219279],[-81.616884,44.221246],[-81.603563,44.262294],[-81.611227,44.267151],[-81.60949,44.271117],[-81.593271,44.288762],[-81.606281,44.297138],[-81.608552,44.315103],[-81.607757,44.321755],[-81.595682,44.337964],[-81.577733,44.345796],[-81.566637,44.34275],[-81.549323,44.364568],[-81.494601,44.416784],[-81.480273,44.419761],[-81.443691,44.42582],[-81.403227,44.440238],[-81.402854,44.440124],[-81.403007,44.43968],[-81.402619,44.439527],[-81.402409,44.439159],[-81.401692,44.438865],[-81.402037,44.438151],[-81.401218,44.437843],[-81.400815,44.438506],[-81.400492,44.438374],[-81.401501,44.436719],[-81.402151,44.435897],[-81.402502,44.43604],[-81.403095,44.435306],[-81.402972,44.435254],[-81.403397,44.434718],[-81.403538,44.434776],[-81.406199,44.432316],[-81.408547,44.430637],[-81.40838,44.430568],[-81.409164,44.430071],[-81.409688,44.429427],[-81.398196,44.424709],[-81.397816,44.424628],[-81.39385,44.423013],[-81.393093,44.42405],[-81.391852,44.426206],[-81.391002,44.426904],[-81.390007,44.427325],[-81.389742,44.42766],[-81.386107,44.426247],[-81.385656,44.426527],[-81.385022,44.426013],[-81.384808,44.426255],[-81.384599,44.426353],[-81.383062,44.426645],[-81.381655,44.42707],[-81.381049,44.42708],[-81.379381,44.428217],[-81.378847,44.429388],[-81.378482,44.429898],[-81.378086,44.429981],[-81.377665,44.430539],[-81.377405,44.430744],[-81.378297,44.431738],[-81.377244,44.433128],[-81.376701,44.432908],[-81.374092,44.435845],[-81.373184,44.434227],[-81.373214,44.434634],[-81.372695,44.435578],[-81.372521,44.43573],[-81.371957,44.43572],[-81.371038,44.435346],[-81.370544,44.435317],[-81.369162,44.435532],[-81.36898,44.436171],[-81.368308,44.436418],[-81.36858,44.437128],[-81.368886,44.437502],[-81.369779,44.438072],[-81.368086,44.44019],[-81.372103,44.4418],[-81.372165,44.441721],[-81.372366,44.441801],[-81.37224,44.441958],[-81.376855,44.443807],[-81.370421,44.451826],[-81.370681,44.451929],[-81.3711,44.451422],[-81.371632,44.451632],[-81.371255,44.452103],[-81.374732,44.453478],[-81.374912,44.453444],[-81.37525,44.453579],[-81.379108,44.448752],[-81.381237,44.449644],[-81.383748,44.446498],[-81.395112,44.451046],[-81.397508,44.446844],[-81.400785,44.448172],[-81.400988,44.447367],[-81.401214,44.44731],[-81.401265,44.447123],[-81.407577,44.449697],[-81.407406,44.449918],[-81.407466,44.450292],[-81.407216,44.451008],[-81.406662,44.452176],[-81.405709,44.453866],[-81.405308,44.455501],[-81.403999,44.458118],[-81.400207,44.464641],[-81.389948,44.468244],[-81.395077,44.471401],[-81.392973,44.473515],[-81.390225,44.476793],[-81.385394,44.479218],[-81.370198,44.473166],[-81.370551,44.473916],[-81.364315,44.481909],[-81.370023,44.484083],[-81.36987,44.48428],[-81.369646,44.484195],[-81.367043,44.487581],[-81.363245,44.486083],[-81.35964,44.490738],[-81.359419,44.49065],[-81.354724,44.496695],[-81.34887,44.494418],[-81.347048,44.496726],[-81.355424,44.50002],[-81.355294,44.500176],[-81.355424,44.500227],[-81.3548,44.501405],[-81.354911,44.501449],[-81.354577,44.502003],[-81.356721,44.50284],[-81.355904,44.503921],[-81.354701,44.504699],[-81.353471,44.505216],[-81.351574,44.505717],[-81.351333,44.50577],[-81.35119,44.505575],[-81.349276,44.506535],[-81.348557,44.506774],[-81.348049,44.507429],[-81.348263,44.507474],[-81.348015,44.50796],[-81.347876,44.507934],[-81.347354,44.508935],[-81.346828,44.509386],[-81.346451,44.509442],[-81.345985,44.509344],[-81.345205,44.509346],[-81.345154,44.509328],[-81.345506,44.509237],[-81.345178,44.509094],[-81.344993,44.509114],[-81.345066,44.51383],[-81.356738,44.519444],[-81.356267,44.520089],[-81.355692,44.520672],[-81.355674,44.521226],[-81.355529,44.521382],[-81.356133,44.52496],[-81.288264,44.62352],[-81.53814,45.037132],[-81.808446,45.261694],[-81.772405,45.340706],[-81.238724,45.304665],[-80.457284,44.570895],[-80.457595,44.56968],[-80.458063,44.569528],[-80.458308,44.56947],[-80.458511,44.569617],[-80.462774,44.568673],[-80.463445,44.569098],[-80.463905,44.568759],[-80.463124,44.568595],[-80.473714,44.566309],[-80.470109,44.549925],[-80.435472,44.557133],[-80.394156,44.53945],[-80.381235,44.541284],[-80.349451,44.539565],[-80.312617,44.523262],[-80.295208,44.532812],[-80.293739,44.532949],[-80.286662,44.503431],[-80.281652,44.481569],[-80.248443,44.488784],[-80.248301,44.48872],[-80.244652,44.4724],[-80.24451,44.472336],[-80.195492,44.482543],[-80.17406,44.487114],[-80.172581,44.484555],[-80.172039,44.483871],[-80.171306,44.48319],[-80.169819,44.482266],[-80.159397,44.47785],[-80.159351,44.477665],[-80.152523,44.474766],[-80.152263,44.474827],[-80.142879,44.471001],[-80.14908,44.46968],[-80.147796,44.464312],[-80.13941,44.466122],[-80.13998,44.46895],[-80.139932,44.469379],[-80.139241,44.469519],[-80.133709,44.467269],[-80.124855,44.46495],[-80.127254,44.464452],[-80.126892,44.462924],[-80.12618,44.463075],[-80.123953,44.46292],[-80.123213,44.46075],[-80.121826,44.460968],[-80.121257,44.458437],[-80.110789,44.460593],[-80.11035,44.460462],[-80.106922,44.45856],[-80.105952,44.45763],[-80.104877,44.456302],[-80.104078,44.456332],[-80.098937,44.457415],[-80.09225,44.458931],[-80.079952,44.461909],[-80.07991,44.461736],[-80.076688,44.462547],[-80.07649,44.462161],[-80.073407,44.462986],[-80.073046,44.461606],[-80.072664,44.461842],[-80.071822,44.461928],[-80.071596,44.461878],[-80.070836,44.461266],[-80.070575,44.461175],[-80.068572,44.461104],[-80.068196,44.460805],[-80.067597,44.46085],[-80.067451,44.461096],[-80.06735,44.461135],[-80.067036,44.460979],[-80.066317,44.461034],[-80.065518,44.461214],[-80.065077,44.461636],[-80.064334,44.461553],[-80.063793,44.461736],[-80.062969,44.458541],[-80.053251,44.460825],[-80.051156,44.452015],[-80.035343,44.455628],[-80.035187,44.455708],[-80.036676,44.457186],[-80.026146,44.459491],[-80.026455,44.460734],[-80.019947,44.462051],[-80.02141,44.467756],[-80.005947,44.47118],[-80.005819,44.470824],[-80.004941,44.471018],[-80.005032,44.471381],[-79.998642,44.472783],[-80.000434,44.48011],[-80.000158,44.480797],[-79.999704,44.48154],[-79.99964,44.48213],[-79.999856,44.482808],[-79.999706,44.482805],[-79.999614,44.482689],[-79.999393,44.483],[-79.999262,44.482985],[-79.999813,44.483816],[-79.999942,44.484381],[-80.000153,44.484855],[-79.99592,44.485836],[-79.994443,44.48629],[-79.983948,44.488842],[-79.983251,44.488013],[-79.972408,44.492591],[-79.965589,44.495638],[-79.970307,44.501276],[-79.970403,44.501234],[-79.975174,44.506884],[-79.968411,44.509811],[-79.973026,44.515207],[-79.973731,44.514908],[-79.978296,44.520308],[-79.964848,44.526098],[-79.969316,44.531203],[-79.969266,44.531224],[-79.973719,44.536536],[-79.97894,44.542448],[-79.974437,44.544377],[-79.979547,44.550508],[-79.972647,44.553468],[-79.977151,44.558932],[-79.976728,44.559121],[-79.983731,44.567122],[-79.983575,44.56783],[-79.985182,44.569635],[-79.992697,44.566123],[-79.993106,44.566597],[-79.99349,44.566419],[-79.993472,44.565761],[-79.99604,44.564558],[-79.997034,44.56798],[-79.995638,44.570077],[-80.010989,44.596495],[-80.011008,44.672842],[-80.288689,44.837854],[-80.166261,45.00464],[-80.243787,45.16545],[-80.463566,45.368667],[-80.543489,45.374424],[-80.55116,45.44966],[-80.913747,45.784924],[-81.289428,45.781989],[-81.52294,45.507866],[-81.76647,45.408359],[-81.765865,45.407933],[-81.765302,45.406929],[-81.765281,45.406344],[-81.765478,45.405784],[-81.765345,45.405425],[-81.765356,45.405236],[-81.765493,45.405019],[-81.765671,45.40491],[-81.766142,45.404817],[-81.766567,45.40503],[-81.767037,45.404829],[-81.768468,45.404837],[-81.769676,45.404406],[-81.769763,45.404216],[-81.769493,45.404092],[-81.769453,45.403966],[-81.769694,45.403821],[-81.770065,45.403863],[-81.770467,45.404292],[-81.770876,45.404308],[-81.771537,45.404033],[-81.772441,45.403838],[-81.772859,45.403565],[-81.773381,45.403373],[-81.774648,45.402581],[-81.77531,45.402432],[-81.775691,45.40225],[-81.776634,45.402099],[-81.777179,45.401771],[-81.778818,45.401085],[-81.780829,45.401422],[-81.781033,45.401367],[-81.781602,45.400985],[-81.782764,45.400896],[-81.783097,45.400984],[-81.783472,45.40126],[-81.783711,45.401314],[-81.837675,45.379265],[-82.879966,45.574971],[-83.480637,45.86564],[-83.517382,45.89285],[-83.411485,46.017774],[-83.617654,46.136511],[-83.659925,46.206764],[-83.574784,46.266968],[-83.575412,46.267731],[-83.575574,46.267853],[-83.575807,46.267819],[-83.578365,46.289213],[-83.578747,46.296509],[-83.55053,46.310385],[-83.549304,46.313904],[-83.56958,46.320467],[-83.580373,46.325493],[-83.580667,46.353362],[-83.583269,46.43426],[-83.582889,46.58031],[-83.566667,46.576378],[-83.566667,46.6155],[-81.819498,46.62677],[-81.818092,46.801961],[-81.836903,46.802284],[-81.83533,46.888544],[-81.652385,46.911092],[-81.521549,46.914306],[-81.454543,46.887849],[-81.371741,46.887889],[-80.948917,46.88751],[-80.949007,46.973015],[-80.817969,46.972519],[-80.81713,46.884189],[-80.563314,46.884838],[-80.564905,46.803078],[-80.418668,46.798874],[-80.41666,47.146019],[-80.401582,47.147418],[-80.402417,47.320682],[-80.399625,47.320704],[-80.399554,47.493497],[-81.073283,47.493178],[-81.074535,47.929667],[-81.460323,47.929537],[-81.462599,47.581899],[-81.329109,47.581634],[-81.231953,47.59057],[-81.202211,47.581231],[-81.201117,47.40878],[-81.364743,47.408839],[-81.607898,47.408628],[-81.84528,47.407908],[-81.845264,47.410248],[-81.958705,47.410246],[-81.9587,47.667611],[-81.985221,47.667638],[-81.985681,47.930279],[-82.728177,47.930281],[-82.728469,47.758341],[-83.242821,47.75724],[-83.242921,47.497415],[-83.591151,47.497787],[-83.59133,47.48442],[-83.71733,47.484245],[-83.717151,47.843843],[-83.626541,47.843861],[-83.627206,47.931328],[-82.858839,47.930576],[-82.85924,48.190214],[-82.794612,48.190639],[-82.795491,48.449906],[-82.835315,48.450222],[-82.838487,49.058143],[-85.009876,49.05699],[-85.009885,48.927001],[-84.991002,48.927025],[-84.991313,48.627258],[-85.060406,48.627687],[-85.060275,48.498136],[-85.060986,48.452929],[-85.33191,48.452869],[-85.331884,48.279218],[-85.322658,48.279237],[-85.321917,48.192478],[-85.331866,48.191798],[-85.331752,47.947245],[-85.343747,47.883602],[-85.881841,47.863296],[-86.162733,48.076503],[-86.406398,48.553681],[-87.516428,48.607829],[-88.779678,48.26051],[-88.957997,48.288899],[-88.838761,48.51013],[-89.148361,48.469795],[-89.14817,48.477923],[-89.148477,48.477728],[-89.149265,48.477479],[-89.149407,48.477333],[-89.149756,48.477254],[-89.14982,48.477163],[-89.149733,48.477039],[-89.150114,48.477076],[-89.150575,48.47678],[-89.150846,48.476469],[-89.150959,48.475936],[-89.151325,48.475552],[-89.151488,48.487467],[-89.152029,48.496627],[-89.162953,48.496449],[-89.162552,48.487419],[-89.173275,48.487352],[-89.17331,48.482438],[-89.182073,48.482505],[-89.181977,48.493018],[-89.182162,48.504941],[-89.182056,48.514584],[-89.285267,48.514922],[-89.383568,48.515005],[-89.427579,48.514961],[-89.427231,48.478755],[-89.426707,48.398996],[-89.404838,48.398929],[-89.388627,48.398983],[-89.388492,48.398893],[-89.388704,48.289179],[-89.355712,48.289266],[-89.334233,48.28924],[-89.329392,48.288254],[-89.320444,48.27871],[-89.295046,48.272981],[-89.295199,48.273078],[-89.295403,48.274896],[-89.289998,48.275166],[-89.289662,48.272167],[-89.253065,48.266662],[-89.058246,48.296883],[-89.004129,48.244541],[-89.166479,48.13542],[-89.328301,48.078299],[-89.328226,48.078297],[-89.328341,48.078169],[-89.328318,48.077972],[-89.328891,48.07787],[-89.328941,48.078074],[-89.335555,48.075739],[-89.335729,48.075581],[-89.336181,48.075473],[-89.336217,48.075382],[-89.336575,48.075379],[-89.341513,48.073636],[-89.3414,48.073621],[-89.341408,48.073504],[-89.341865,48.073512],[-89.342205,48.073298],[-89.342526,48.073278],[-89.344853,48.072457],[-89.345028,48.072197],[-89.345435,48.072009],[-89.345958,48.071998],[-89.345962,48.072065],[-89.447045,48.036385],[-89.486813,48.02964],[-89.526598,48.009351],[-89.567452,48.005881],[-89.569586,47.99887],[-89.576902,47.996614],[-89.580621,47.995578],[-89.583495,47.996342],[-89.585465,47.999676],[-89.584999,48.001728],[-89.587139,48.002342],[-89.59108,48.002535],[-89.591995,48.002964],[-89.592188,48.00333],[-89.59522,48.004522],[-89.595988,48.004557],[-89.596835,48.004331],[-89.597491,48.004316],[-89.597892,48.00455],[-89.598262,48.004887],[-89.600419,48.004851],[-89.603145,48.005819],[-89.607643,48.006402],[-89.608148,48.006657],[-89.608332,48.006833],[-89.608405,48.007227],[-89.609241,48.008117],[-89.609604,48.008937],[-89.610058,48.00943],[-89.610386,48.009558],[-89.610474,48.0097],[-89.610489,48.009996],[-89.610314,48.010234],[-89.609641,48.010736],[-89.609531,48.010936],[-89.609288,48.010906],[-89.608934,48.011076],[-89.608285,48.011827],[-89.608357,48.011843],[-89.609661,48.015014],[-89.609168,48.016494],[-89.609351,48.017347],[-89.61015,48.017878],[-89.611134,48.017897],[-89.611982,48.016593],[-89.614213,48.015356],[-89.61637,48.011875],[-89.6187,48.010846],[-89.619931,48.010782],[-89.62173,48.011445],[-89.623955,48.011772],[-89.630815,48.010186],[-89.632577,48.0099],[-89.637311,48.009327],[-89.637983,48.009096],[-89.638379,48.008689],[-89.638379,48.008413],[-89.63773,48.006608],[-89.637113,48.005547],[-89.636967,48.005414],[-89.636922,48.005055],[-89.636915,48.004405],[-89.637653,48.00369],[-89.639525,48.00369],[-89.641275,48.005617],[-89.641859,48.005749],[-89.642861,48.006343],[-89.646775,48.006171],[-89.647904,48.004549],[-89.649357,48.003613],[-89.652583,48.003987],[-89.655545,48.007246],[-89.657211,48.010301],[-89.657461,48.010475],[-89.659432,48.010718],[-89.662441,48.010819],[-89.663078,48.010705],[-89.663522,48.0102],[-89.663654,48.009378],[-89.663892,48.008806],[-89.66417,48.008475],[-89.665058,48.008005],[-89.665506,48.00785],[-89.666152,48.007647],[-89.666809,48.007631],[-89.667553,48.007758],[-89.668814,48.008295],[-89.671198,48.010058],[-89.671652,48.010542],[-89.672176,48.01134],[-89.67289,48.011665],[-89.673283,48.011728],[-89.674268,48.011597],[-89.675009,48.0114],[-89.6762,48.011363],[-89.676651,48.011262],[-89.679164,48.010366],[-89.680113,48.01016],[-89.684233,48.009779],[-89.684772,48.009606],[-89.685441,48.009727],[-89.68599,48.009703],[-89.686304,48.010009],[-89.687749,48.010292],[-89.688606,48.010324],[-89.691575,48.009892],[-89.695016,48.008666],[-89.698029,48.007867],[-89.701422,48.006412],[-89.702975,48.006412],[-89.706436,48.008554],[-89.707962,48.010347],[-89.708298,48.010487],[-89.713017,48.010095],[-89.715218,48.009374],[-89.716235,48.009499],[-89.716583,48.009778],[-89.716722,48.010389],[-89.716278,48.011833],[-89.716111,48.01275],[-89.716194,48.013139],[-89.716722,48.013722],[-89.716972,48.013861],[-89.717028,48.014056],[-89.716611,48.014389],[-89.716528,48.015083],[-89.716167,48.016472],[-89.71625,48.016944],[-89.717,48.017306],[-89.717917,48.017389],[-89.718528,48.017333],[-89.71925,48.016917],[-89.72,48.01525],[-89.720778,48.014611],[-89.721722,48.014222],[-89.722583,48.013639],[-89.723694,48.013556],[-89.724167,48.013833],[-89.723917,48.015278],[-89.724556,48.016194],[-89.723944,48.01725],[-89.722639,48.017667],[-89.720611,48.017444],[-89.719806,48.017944],[-89.7195,48.018556],[-89.720111,48.019417],[-89.721083,48.020083],[-89.723694,48.020861],[-89.724306,48.020944],[-89.72425,48.020361],[-89.723528,48.019833],[-89.723611,48.019389],[-89.724389,48.019222],[-89.726361,48.019278],[-89.727306,48.019],[-89.728611,48.019278],[-89.729472,48.019278],[-89.731722,48.018972],[-89.732528,48.019083],[-89.732972,48.019417],[-89.732861,48.019722],[-89.732278,48.019917],[-89.731778,48.020194],[-89.731722,48.020528],[-89.732528,48.020778],[-89.732944,48.021083],[-89.732972,48.021611],[-89.733139,48.021861],[-89.733972,48.022083],[-89.735194,48.021889],[-89.736278,48.021833],[-89.736694,48.021639],[-89.737194,48.021167],[-89.737972,48.02075],[-89.738972,48.020583],[-89.740861,48.020472],[-89.741944,48.020056],[-89.742667,48.020083],[-89.743111,48.020306],[-89.743278,48.020583],[-89.743389,48.021417],[-89.74425,48.021667],[-89.744417,48.022472],[-89.744806,48.022583],[-89.745944,48.022139],[-89.746361,48.022139],[-89.748139,48.023389],[-89.748917,48.023611],[-89.750056,48.023639],[-89.750806,48.023],[-89.751444,48.022583],[-89.752417,48.022472],[-89.752944,48.02225],[-89.753361,48.022278],[-89.753917,48.0225],[-89.754694,48.023111],[-89.755667,48.023306],[-89.7565,48.023333],[-89.757889,48.023222],[-89.760139,48.022639],[-89.762639,48.023028],[-89.764333,48.023139],[-89.767583,48.022778],[-89.768833,48.022083],[-89.770083,48.021972],[-89.771083,48.021611],[-89.772333,48.020833],[-89.773694,48.020556],[-89.774361,48.021111],[-89.773778,48.021917],[-89.774222,48.022583],[-89.774583,48.022778],[-89.775361,48.022944],[-89.775722,48.022806],[-89.776306,48.021639],[-89.777972,48.02],[-89.778667,48.018889],[-89.779083,48.018583],[-89.779257,48.018559],[-89.779362,48.018411],[-89.780419,48.018383],[-89.781378,48.017918],[-89.785528,48.017833],[-89.787778,48.018056],[-89.788778,48.018389],[-89.791722,48.018556],[-89.792417,48.018444],[-89.793389,48.018],[-89.794583,48.017833],[-89.794972,48.017667],[-89.795361,48.017111],[-89.795833,48.016833],[-89.796361,48.016083],[-89.795972,48.015361],[-89.796361,48.015083],[-89.796833,48.014944],[-89.798056,48.014917],[-89.798806,48.015028],[-89.799694,48.015],[-89.80025,48.014833],[-89.800917,48.014444],[-89.801583,48.01425],[-89.803333,48.01425],[-89.805417,48.014139],[-89.806139,48.014333],[-89.806556,48.014806],[-89.807417,48.016694],[-89.8075,48.017222],[-89.807139,48.017528],[-89.807361,48.017667],[-89.808694,48.017361],[-89.809333,48.016806],[-89.809944,48.016694],[-89.811111,48.016889],[-89.812056,48.016583],[-89.812972,48.016611],[-89.813861,48.016361],[-89.814389,48.016333],[-89.815194,48.016139],[-89.816472,48.016111],[-89.818194,48.015528],[-89.818861,48.015556],[-89.819583,48.015722],[-89.819944,48.015583],[-89.82075,48.014972],[-89.821222,48.013944],[-89.820778,48.013167],[-89.820972,48.012861],[-89.823861,48.011528],[-89.823889,48.011389],[-89.822694,48.011306],[-89.822194,48.011167],[-89.821806,48.010694],[-89.822389,48.010389],[-89.822361,48.009722],[-89.822778,48.009306],[-89.824667,48.008389],[-89.825583,48.006778],[-89.828028,48.005806],[-89.829083,48.005167],[-89.829,48.004806],[-89.828639,48.004278],[-89.828639,48.003917],[-89.829028,48.002722],[-89.829639,48.001611],[-89.830667,48.000222],[-89.831306,47.999694],[-89.832611,47.9995],[-89.833806,47.999583],[-89.836222,48.000917],[-89.838111,48.00225],[-89.840139,48.002833],[-89.841861,48.003111],[-89.843417,48.003639],[-89.844361,48.003444],[-89.844806,48.003139],[-89.844,48.002306],[-89.842472,48.001944],[-89.842083,48.00175],[-89.842556,48.00025],[-89.842361,47.999056],[-89.842583,47.998583],[-89.842472,47.997333],[-89.843611,47.997361],[-89.844028,47.997194],[-89.844222,47.996278],[-89.8445,47.995861],[-89.845722,47.995028],[-89.845944,47.994694],[-89.845861,47.994361],[-89.846,47.994194],[-89.845778,47.993694],[-89.846083,47.993306],[-89.847194,47.992694],[-89.851,47.992333],[-89.852806,47.991972],[-89.859194,47.990972],[-89.862056,47.990806],[-89.865639,47.990167],[-89.868194,47.990278],[-89.868861,47.989806],[-89.870028,47.987472],[-89.871361,47.985944],[-89.871889,47.985611],[-89.872667,47.985528],[-89.875778,47.986222],[-89.877917,47.986833],[-89.878889,47.986917],[-89.883806,47.986472],[-89.885417,47.986528],[-89.887472,47.986917],[-89.889556,47.987778],[-89.890806,47.988056],[-89.892278,47.988139],[-89.893472,47.987639],[-89.8955,47.987417],[-89.897194,47.987667],[-89.898806,47.988139],[-89.900833,47.989278],[-89.903,47.991528],[-89.904333,47.99225],[-89.911722,47.993528],[-89.913528,47.994111],[-89.915028,47.994778],[-89.915861,47.995861],[-89.916056,47.996722],[-89.917333,47.997333],[-89.918056,47.997194],[-89.919944,47.997472],[-89.921194,47.997083],[-89.922139,47.99725],[-89.922806,47.998639],[-89.922806,47.999028],[-89.92175,47.999528],[-89.921556,47.999861],[-89.921833,48.000194],[-89.922889,48.000722],[-89.925611,48.001583],[-89.926667,48.002111],[-89.927556,48.002],[-89.928056,48.002278],[-89.927972,48.002583],[-89.927722,48.002833],[-89.926528,48.00325],[-89.925806,48.003806],[-89.925667,48.004111],[-89.925778,48.00525],[-89.925667,48.005694],[-89.925861,48.006389],[-89.92625,48.00675],[-89.926861,48.007083],[-89.929694,48.007528],[-89.930639,48.008139],[-89.9315,48.009],[-89.9325,48.010361],[-89.932806,48.011194],[-89.932667,48.012417],[-89.932833,48.013056],[-89.933194,48.013389],[-89.933778,48.013583],[-89.934167,48.014444],[-89.933806,48.015222],[-89.934583,48.015889],[-89.935972,48.015806],[-89.936361,48.015889],[-89.939028,48.015667],[-89.939806,48.015917],[-89.940583,48.01575],[-89.940889,48.015417],[-89.940722,48.014806],[-89.941083,48.014639],[-89.944111,48.014528],[-89.948778,48.016111],[-89.949889,48.016361],[-89.950611,48.016306],[-89.950972,48.016056],[-89.951111,48.015278],[-89.95075,48.014694],[-89.95,48.014083],[-89.949889,48.013611],[-89.950056,48.012972],[-89.951278,48.01125],[-89.952278,48.010806],[-89.953111,48.010889],[-89.954778,48.011889],[-89.955833,48.012333],[-89.959972,48.01375],[-89.96125,48.013778],[-89.963972,48.015139],[-89.965028,48.015222],[-89.96825,48.01475],[-89.968806,48.015167],[-89.969139,48.016056],[-89.9695,48.016528],[-89.971667,48.018056],[-89.971833,48.018639],[-89.971778,48.019556],[-89.972056,48.019944],[-89.973028,48.020167],[-89.9735,48.020472],[-89.973722,48.020917],[-89.973639,48.021528],[-89.97375,48.021972],[-89.974694,48.023194],[-89.975222,48.023361],[-89.976278,48.023444],[-89.97775,48.02375],[-89.9795,48.023944],[-89.981111,48.024306],[-89.98225,48.024722],[-89.984222,48.02575],[-89.984833,48.026222],[-89.985222,48.026389],[-89.985639,48.026361],[-89.986694,48.025583],[-89.987111,48.025444],[-89.988917,48.02575],[-89.988861,48.026167],[-89.989667,48.026417],[-89.990083,48.026833],[-89.990083,48.027278],[-89.989861,48.027528],[-89.989139,48.027806],[-89.989083,48.027944],[-89.989194,48.028111],[-89.989944,48.028],[-89.990444,48.028167],[-89.990472,48.028611],[-89.990722,48.02875],[-89.992639,48.028444],[-89.993194,48.028111],[-89.993833,48.028167],[-89.994,48.028556],[-89.994472,48.02875],[-89.994722,48.029],[-89.994917,48.029389],[-89.99475,48.029778],[-89.994889,48.030389],[-89.994556,48.031056],[-89.994556,48.031278],[-89.995111,48.031861],[-89.995111,48.032278],[-89.995611,48.032639],[-89.996,48.0335],[-89.995944,48.033889],[-89.996333,48.033917],[-89.996528,48.034583],[-89.997083,48.035389],[-89.99675,48.036833],[-89.996444,48.039222],[-89.996472,48.040333],[-89.996111,48.042389],[-89.993833,48.049389],[-89.998111,48.058],[-90.004528,48.064528],[-90.004444,48.065333],[-90.006444,48.065583],[-90.00725,48.067139],[-90.008722,48.068639],[-90.009861,48.069056],[-90.010806,48.068],[-90.014833,48.067222],[-90.018778,48.072028],[-90.023333,48.084833],[-90.029361,48.087583],[-90.037972,48.089389],[-90.039083,48.090028],[-90.041361,48.089417],[-90.042389,48.090056],[-90.042722,48.090111],[-90.043278,48.090472],[-90.045333,48.091],[-90.045444,48.091111],[-90.0455,48.091417],[-90.04575,48.091583],[-90.046222,48.091722],[-90.046639,48.091667],[-90.048083,48.091806],[-90.048333,48.091944],[-90.048778,48.091917],[-90.049389,48.092306],[-90.050278,48.092583],[-90.057472,48.096444],[-90.066444,48.098528],[-90.091611,48.104667],[-90.116,48.104222],[-90.122444,48.105778],[-90.123206,48.106786],[-90.126375,48.107959],[-90.127702,48.10809],[-90.129049,48.108683],[-90.129587,48.109327],[-90.129768,48.109849],[-90.131558,48.110704],[-90.132634,48.111604],[-90.141298,48.112501],[-90.144201,48.112455],[-90.144835,48.111607],[-90.145971,48.111386],[-90.147284,48.110981],[-90.150355,48.110332],[-90.164191,48.109648],[-90.176724,48.112277],[-90.188611,48.108083],[-90.195028,48.108389],[-90.210694,48.106389],[-90.2165,48.106556],[-90.225167,48.10825],[-90.233972,48.10725],[-90.253833,48.10225],[-90.26075,48.10275],[-90.264444,48.103417],[-90.274528,48.103194],[-90.28925,48.099083],[-90.292833,48.099],[-90.298111,48.102556],[-90.300111,48.102944],[-90.303833,48.103944],[-90.305778,48.105167],[-90.310056,48.105556],[-90.313917,48.105139],[-90.317417,48.10375],[-90.322444,48.102917],[-90.325806,48.102889],[-90.330056,48.102278],[-90.336944,48.099583],[-90.338083,48.096139],[-90.343028,48.0955],[-90.3435,48.094861],[-90.343583,48.094583],[-90.344306,48.094306],[-90.345972,48.093972],[-90.353614,48.094952],[-90.357309,48.094274],[-90.358867,48.094831],[-90.367155,48.094623],[-90.368894,48.093918],[-90.371126,48.093516],[-90.371778,48.093583],[-90.37262,48.09384],[-90.373395,48.093889],[-90.373694,48.093278],[-90.373,48.09183],[-90.372667,48.091556],[-90.372722,48.09125],[-90.373274,48.090795],[-90.375157,48.090949],[-90.3778,48.092149],[-90.37892,48.092022],[-90.381972,48.093],[-90.382194,48.093222],[-90.382778,48.093472],[-90.382917,48.093667],[-90.383694,48.094167],[-90.384722,48.094667],[-90.384889,48.094833],[-90.385667,48.095944],[-90.386254,48.097912],[-90.388508,48.098688],[-90.389192,48.099217],[-90.390477,48.099909],[-90.393716,48.100228],[-90.394954,48.100899],[-90.395883,48.101071],[-90.403167,48.105083],[-90.410667,48.105056],[-90.438444,48.098667],[-90.443361,48.100611],[-90.447444,48.103444],[-90.452278,48.105056],[-90.462,48.1065],[-90.465306,48.108556],[-90.467389,48.10875],[-90.47125,48.105917],[-90.477611,48.10525],[-90.480222,48.102],[-90.483583,48.100083],[-90.486694,48.099056],[-90.489833,48.099],[-90.493611,48.101361],[-90.495611,48.099583],[-90.496111,48.098583],[-90.502489,48.099166],[-90.506063,48.099181],[-90.507451,48.099051],[-90.509583,48.097611],[-90.510306,48.097278],[-90.516944,48.099306],[-90.556694,48.095917],[-90.564472,48.098806],[-90.567444,48.101583],[-90.569722,48.106833],[-90.5555,48.116917],[-90.559111,48.121722],[-90.565417,48.122472],[-90.571417,48.121083],[-90.57575,48.120611],[-90.576972,48.121139],[-90.579667,48.123806],[-90.582056,48.123611],[-90.585861,48.121972],[-90.586778,48.120861],[-90.590306,48.119556],[-90.590639,48.119083],[-90.591278,48.117444],[-90.606139,48.115833],[-90.612694,48.113278],[-90.615083,48.112694],[-90.616083,48.112167],[-90.617639,48.112333],[-90.618167,48.112222],[-90.619222,48.111694],[-90.620028,48.111528],[-90.620333,48.111806],[-90.627056,48.111778],[-90.6415,48.103528],[-90.686278,48.100417],[-90.702917,48.096028],[-90.741444,48.094556],[-90.751583,48.090972],[-90.761417,48.098389],[-90.761278,48.099972],[-90.767139,48.110583],[-90.766694,48.114417],[-90.76875,48.116583],[-90.769944,48.116639],[-90.772639,48.117611],[-90.774111,48.118639],[-90.774056,48.119],[-90.77425,48.120083],[-90.775944,48.122389],[-90.776389,48.124],[-90.780167,48.125306],[-90.781833,48.12575],[-90.783472,48.126806],[-90.78275,48.127694],[-90.783611,48.127889],[-90.783861,48.128111],[-90.784111,48.128139],[-90.784528,48.127694],[-90.784889,48.127528],[-90.785194,48.127556],[-90.785167,48.127833],[-90.785389,48.127889],[-90.785667,48.127694],[-90.786361,48.127611],[-90.787028,48.127694],[-90.787222,48.128139],[-90.788333,48.128833],[-90.789778,48.130139],[-90.787972,48.132694],[-90.7865,48.133083],[-90.784889,48.133222],[-90.783472,48.132639],[-90.78175,48.135222],[-90.782222,48.135861],[-90.782722,48.136],[-90.785111,48.135333],[-90.785889,48.13525],[-90.786389,48.135528],[-90.786972,48.135639],[-90.787667,48.135972],[-90.788472,48.136194],[-90.788778,48.136361],[-90.790944,48.135806],[-90.792528,48.135694],[-90.792583,48.135778],[-90.794056,48.135556],[-90.794306,48.135278],[-90.795222,48.1355],[-90.798222,48.136889],[-90.79675,48.139389],[-90.79225,48.141278],[-90.789333,48.143861],[-90.784306,48.146167],[-90.784167,48.146361],[-90.783278,48.146333],[-90.780833,48.145861],[-90.778833,48.147083],[-90.777833,48.148278],[-90.779,48.150528],[-90.777611,48.156444],[-90.776611,48.160083],[-90.776361,48.160556],[-90.776167,48.161889],[-90.777944,48.163833],[-90.778361,48.164056],[-90.779361,48.164389],[-90.781361,48.164556],[-90.781917,48.1645],[-90.782389,48.164222],[-90.783444,48.163833],[-90.785944,48.161],[-90.790361,48.159944],[-90.793083,48.161389],[-90.793917,48.160917],[-90.7945,48.160056],[-90.795833,48.159222],[-90.796417,48.159194],[-90.797611,48.160639],[-90.797694,48.160944],[-90.797528,48.161528],[-90.798583,48.162056],[-90.79875,48.162222],[-90.799333,48.162222],[-90.80075,48.163167],[-90.801139,48.164083],[-90.801889,48.167694],[-90.801694,48.170222],[-90.801722,48.170722],[-90.801944,48.171167],[-90.802222,48.171417],[-90.802361,48.171806],[-90.802972,48.172556],[-90.804083,48.177806],[-90.809861,48.179694],[-90.810972,48.179694],[-90.812667,48.179472],[-90.817528,48.179389],[-90.818778,48.181167],[-90.81925,48.182639],[-90.821028,48.184667],[-90.824278,48.183639],[-90.825778,48.183583],[-90.825389,48.181528],[-90.824389,48.180111],[-90.823944,48.179611],[-90.823444,48.178056],[-90.824694,48.176833],[-90.826139,48.177083],[-90.832556,48.1735],[-90.836389,48.177028],[-90.834194,48.186528],[-90.834833,48.201806],[-90.8365,48.217917],[-90.8365,48.218167],[-90.83625,48.218806],[-90.836333,48.219167],[-90.836972,48.220194],[-90.83725,48.225056],[-90.837583,48.226528],[-90.839667,48.227667],[-90.839806,48.228278],[-90.83975,48.228806],[-90.839361,48.229167],[-90.839167,48.2305],[-90.838472,48.231611],[-90.837694,48.234722],[-90.839306,48.239556],[-90.843111,48.241194],[-90.843833,48.243694],[-90.847667,48.244528],[-90.866944,48.238222],[-90.875083,48.237833],[-90.881528,48.2405],[-90.88575,48.245944],[-90.906861,48.2375],[-90.915083,48.23075],[-90.917306,48.231056],[-90.918417,48.230722],[-90.926417,48.229806],[-90.976972,48.219556],[-91.004111,48.203028],[-91.002806,48.200722],[-91.012306,48.198444],[-91.015194,48.196194],[-91.01975,48.194111],[-91.020111,48.193028],[-91.021306,48.193139],[-91.022083,48.192833],[-91.022667,48.192361],[-91.023028,48.191889],[-91.023694,48.190444],[-91.031083,48.188833],[-91.034722,48.18925],[-91.035417,48.189806],[-91.035583,48.189861],[-91.035694,48.189806],[-91.036389,48.190111],[-91.045611,48.189444],[-91.048667,48.18875],[-91.049889,48.188778],[-91.051972,48.188056],[-91.055417,48.188306],[-91.056056,48.188083],[-91.0575,48.187056],[-91.059222,48.185333],[-91.062806,48.185528],[-91.065472,48.181417],[-91.075889,48.179361],[-91.078861,48.179528],[-91.079694,48.179889],[-91.080639,48.180056],[-91.081333,48.180861],[-91.082472,48.181139],[-91.088,48.178306],[-91.091972,48.173667],[-91.097139,48.171611],[-91.108861,48.168694],[-91.114722,48.1665],[-91.118028,48.162083],[-91.119861,48.160694],[-91.132528,48.157278],[-91.135778,48.156611],[-91.138944,48.15575],[-91.142611,48.154611],[-91.140472,48.152833],[-91.140417,48.15225],[-91.140139,48.151694],[-91.138056,48.151944],[-91.137333,48.14925],[-91.156306,48.1405],[-91.176611,48.125528],[-91.181278,48.123528],[-91.182889,48.122194],[-91.183333,48.122167],[-91.184694,48.122528],[-91.190056,48.125111],[-91.214447,48.103282],[-91.228056,48.099222],[-91.23134,48.09774],[-91.233562,48.096902],[-91.234721,48.096261],[-91.236519,48.094978],[-91.249612,48.0843],[-91.267072,48.079085],[-91.27633,48.079021],[-91.290207,48.074488],[-91.309837,48.07297],[-91.310346,48.072977],[-91.312231,48.073528],[-91.313613,48.073735],[-91.315827,48.073705],[-91.31753,48.073498],[-91.318889,48.073558],[-91.324308,48.073102],[-91.32622,48.072427],[-91.328814,48.071147],[-91.329757,48.07022],[-91.332726,48.069741],[-91.333417,48.069917],[-91.334639,48.0695],[-91.336361,48.069694],[-91.336389,48.071083],[-91.339972,48.073556],[-91.348556,48.072194],[-91.349694,48.071639],[-91.350333,48.071972],[-91.364972,48.067111],[-91.370833,48.069722],[-91.378389,48.065917],[-91.390889,48.057167],[-91.413583,48.053694],[-91.422167,48.050972],[-91.424735,48.051077],[-91.427139,48.05],[-91.429583,48.048667],[-91.43725,48.049472],[-91.437741,48.049899],[-91.438096,48.050738],[-91.438,48.050861],[-91.438111,48.051167],[-91.437778,48.052472],[-91.446639,48.063028],[-91.446222,48.06775],[-91.45,48.069083],[-91.464722,48.066861],[-91.488913,48.069964],[-91.542614,48.054657],[-91.557711,48.048022],[-91.571261,48.046224],[-91.572722,48.057389],[-91.566642,48.08987],[-91.552072,48.102537],[-91.559111,48.108583],[-91.575583,48.106917],[-91.588806,48.102472],[-91.614861,48.102278],[-91.639917,48.097111],[-91.646972,48.103833],[-91.648028,48.105833],[-91.648,48.106333],[-91.648111,48.106417],[-91.648667,48.106472],[-91.649611,48.107333],[-91.653083,48.109806],[-91.651472,48.112194],[-91.651139,48.113],[-91.651806,48.113944],[-91.65325,48.114389],[-91.654005,48.114219],[-91.661861,48.111917],[-91.662931,48.111383],[-91.662843,48.110877],[-91.662933,48.109867],[-91.663135,48.108783],[-91.665083,48.107139],[-91.667361,48.108694],[-91.671056,48.108667],[-91.676778,48.1075],[-91.680889,48.108306],[-91.681806,48.109806],[-91.687583,48.111889],[-91.683556,48.117694],[-91.682111,48.1225],[-91.690667,48.120278],[-91.692111,48.11975],[-91.691194,48.118111],[-91.692167,48.116889],[-91.693,48.116583],[-91.696722,48.115889],[-91.703361,48.113722],[-91.71175,48.114639],[-91.709361,48.119389],[-91.703806,48.124833],[-91.700556,48.130667],[-91.699528,48.131972],[-91.699472,48.137472],[-91.697778,48.141611],[-91.698111,48.144083],[-91.699167,48.145056],[-91.700583,48.144778],[-91.702306,48.144806],[-91.703222,48.145194],[-91.704667,48.147111],[-91.706889,48.150361],[-91.708111,48.153],[-91.706917,48.15375],[-91.705083,48.157972],[-91.704667,48.160056],[-91.704944,48.161028],[-91.705139,48.164],[-91.704833,48.170722],[-91.709389,48.172917],[-91.717028,48.171861],[-91.723028,48.168972],[-91.724361,48.170528],[-91.722972,48.1735],[-91.722333,48.1785],[-91.721333,48.180278],[-91.71225,48.187528],[-91.710389,48.192556],[-91.710333,48.193889],[-91.713139,48.198028],[-91.715361,48.1995],[-91.725333,48.201333],[-91.737167,48.204194],[-91.738806,48.204222],[-91.742795,48.204709],[-91.742365,48.199897],[-91.749701,48.199248],[-91.757956,48.209521],[-91.764139,48.20108],[-91.780956,48.200796],[-91.786305,48.196864],[-91.788958,48.197138],[-91.791083,48.2025],[-91.797278,48.202694],[-91.809444,48.206278],[-91.814111,48.208389],[-91.815444,48.211806],[-91.832528,48.209361],[-91.835889,48.210306],[-91.845361,48.208778],[-91.864361,48.206944],[-91.867556,48.219194],[-91.884333,48.227417],[-91.893111,48.237972],[-91.905442,48.23721],[-91.906779,48.238346],[-91.912507,48.238333],[-91.912906,48.2388],[-91.915421,48.239054],[-91.916806,48.238583],[-91.921139,48.236806],[-91.928833,48.235889],[-91.937583,48.234194],[-91.942083,48.230361],[-91.945111,48.230389],[-91.95125,48.233389],[-91.952472,48.233056],[-91.958361,48.233139],[-91.959778,48.236806],[-91.957056,48.238861],[-91.958278,48.243833],[-91.949611,48.2445],[-91.948028,48.245944],[-91.954056,48.249472],[-91.954284,48.252253],[-91.957028,48.252306],[-91.959028,48.253667],[-91.969972,48.253778],[-91.970417,48.253361],[-91.970556,48.253083],[-91.970972,48.252972],[-91.971444,48.253028],[-91.971833,48.252833],[-91.971889,48.251944],[-91.972194,48.25175],[-91.972306,48.250917],[-91.972472,48.250583],[-91.972444,48.250222],[-91.971944,48.25],[-91.971444,48.249889],[-91.970833,48.249361],[-91.970611,48.249],[-91.970198,48.248784],[-91.970605,48.248172],[-91.972341,48.247156],[-91.974029,48.245788],[-91.980583,48.247917],[-91.989139,48.260278],[-92.006528,48.265417],[-92.00725,48.280556],[-92.012028,48.287],[-92.012972,48.297444],[-92.000111,48.321083],[-92.011972,48.322944],[-92.030778,48.325694],[-92.037667,48.333056],[-92.046944,48.334778],[-92.047833,48.343583],[-92.045111,48.345722],[-92.045889,48.347833],[-92.048861,48.348583],[-92.055222,48.359361],[-92.067,48.359444],[-92.078167,48.358028],[-92.083556,48.353722],[-92.090889,48.3545],[-92.143694,48.356028],[-92.144889,48.365694],[-92.162,48.363306],[-92.177417,48.357139],[-92.179111,48.354889],[-92.178528,48.351806],[-92.192806,48.348722],[-92.194556,48.34875],[-92.195083,48.350444],[-92.203889,48.351833],[-92.207722,48.347889],[-92.206528,48.347222],[-92.206722,48.345639],[-92.216972,48.344944],[-92.218139,48.346222],[-92.218944,48.346889],[-92.219194,48.347472],[-92.219722,48.348083],[-92.221611,48.348861],[-92.262556,48.354917],[-92.288833,48.342806],[-92.295444,48.323861],[-92.304472,48.322833],[-92.306167,48.31625],[-92.294556,48.306222],[-92.301444,48.288306],[-92.295639,48.277944],[-92.295528,48.277639],[-92.295611,48.277222],[-92.295306,48.277278],[-92.295222,48.277139],[-92.295417,48.276889],[-92.295306,48.276611],[-92.295361,48.276444],[-92.29525,48.27625],[-92.295167,48.276194],[-92.294583,48.276333],[-92.294278,48.276556],[-92.293722,48.276639],[-92.293167,48.275972],[-92.294556,48.271222],[-92.290167,48.265056],[-92.273639,48.256528],[-92.269583,48.248194],[-92.280389,48.244361],[-92.314889,48.2405],[-92.322139,48.237222],[-92.325361,48.237],[-92.326139,48.236583],[-92.326306,48.236583],[-92.326806,48.236806],[-92.327028,48.236806],[-92.32925,48.235056],[-92.330833,48.23475],[-92.332111,48.233917],[-92.333333,48.233778],[-92.333861,48.233889],[-92.334389,48.234139],[-92.334472,48.234361],[-92.334417,48.234556],[-92.334667,48.234778],[-92.33625,48.235667],[-92.336556,48.235667],[-92.337111,48.235028],[-92.337722,48.234917],[-92.338,48.235083],[-92.338694,48.235],[-92.340472,48.234],[-92.340889,48.233639],[-92.341417,48.231889],[-92.341917,48.231694],[-92.343972,48.232083],[-92.347,48.231472],[-92.348417,48.231389],[-92.349472,48.231222],[-92.351694,48.230528],[-92.353556,48.230083],[-92.353694,48.229528],[-92.3545,48.228528],[-92.355528,48.228056],[-92.360306,48.2255],[-92.361,48.224694],[-92.361667,48.223194],[-92.362194,48.222667],[-92.363667,48.222833],[-92.365028,48.223528],[-92.366222,48.223889],[-92.368056,48.224083],[-92.368722,48.223667],[-92.367694,48.223167],[-92.366861,48.222278],[-92.367278,48.221667],[-92.368083,48.221139],[-92.369139,48.220167],[-92.369917,48.220278],[-92.37,48.221778],[-92.370778,48.222778],[-92.370806,48.223806],[-92.371472,48.224028],[-92.372639,48.223528],[-92.3735,48.224944],[-92.374333,48.225583],[-92.375167,48.225944],[-92.375611,48.226611],[-92.375444,48.227417],[-92.375833,48.228278],[-92.377444,48.22925],[-92.378389,48.230333],[-92.378556,48.231194],[-92.378417,48.232028],[-92.378139,48.232972],[-92.379194,48.234278],[-92.378528,48.235222],[-92.378972,48.235833],[-92.380667,48.236417],[-92.381694,48.237639],[-92.383306,48.239278],[-92.384028,48.240306],[-92.384389,48.241333],[-92.384417,48.242472],[-92.383806,48.244556],[-92.384694,48.244861],[-92.386639,48.244111],[-92.38725,48.244333],[-92.388167,48.246444],[-92.387833,48.247],[-92.386361,48.2475],[-92.386861,48.249194],[-92.385123,48.249172],[-92.386722,48.25175],[-92.388778,48.251194],[-92.389778,48.250722],[-92.390722,48.250667],[-92.392361,48.251167],[-92.392694,48.251806],[-92.392222,48.253028],[-92.390139,48.252722],[-92.389194,48.253694],[-92.392139,48.25675],[-92.393444,48.257583],[-92.392722,48.258917],[-92.393111,48.260028],[-92.401778,48.271361],[-92.415639,48.295083],[-92.420472,48.298944],[-92.425639,48.304611],[-92.429,48.305917],[-92.431833,48.305167],[-92.436722,48.308889],[-92.438611,48.311167],[-92.440583,48.315333],[-92.441361,48.315806],[-92.452389,48.328028],[-92.469778,48.352083],[-92.4765,48.371917],[-92.456389,48.401111],[-92.456444,48.414083],[-92.475444,48.418611],[-92.478861,48.42325],[-92.481,48.425222],[-92.48075,48.426306],[-92.481917,48.427556],[-92.482,48.428306],[-92.483778,48.429139],[-92.489361,48.43025],[-92.494278,48.435889],[-92.507472,48.447972],[-92.515028,48.448306],[-92.536944,48.44775],[-92.576556,48.440583],[-92.656222,48.436472],[-92.663528,48.440028],[-92.688111,48.443694],[-92.712694,48.462972],[-92.708528,48.470306],[-92.70925,48.472861],[-92.701194,48.484667],[-92.698694,48.494833],[-92.68575,48.497389],[-92.661472,48.496306],[-92.654111,48.501694],[-92.647028,48.499861],[-92.640056,48.499833],[-92.638639,48.4995],[-92.637111,48.499333],[-92.630639,48.500778],[-92.627028,48.503278],[-92.629667,48.505722],[-92.631917,48.506722],[-92.630889,48.509139],[-92.62875,48.510528],[-92.628111,48.51075],[-92.625083,48.512917],[-92.6265,48.513417],[-92.626917,48.514167],[-92.625528,48.517889],[-92.628222,48.522194],[-92.634889,48.542556],[-92.657861,48.546222],[-92.728417,48.539389],[-92.8945,48.595],[-92.910056,48.596389],[-92.929556,48.606944],[-92.95,48.608361],[-92.949778,48.630333],[-92.954778,48.631556],[-92.984583,48.623833],[-93.090333,48.627778],[-93.178389,48.62325],[-93.184,48.628194],[-93.207528,48.6425],[-93.254667,48.642806],[-93.348667,48.626444],[-93.353361,48.614944],[-93.352694,48.613472],[-93.355083,48.611389],[-93.362,48.614028],[-93.364359,48.611646],[-93.364113,48.631244],[-93.363965,48.631703],[-93.36373,48.632081],[-93.363806,48.632154],[-93.364687,48.631579],[-93.374761,48.631539],[-93.374792,48.635722],[-93.421207,48.635683],[-93.421188,48.655512],[-93.430832,48.655456],[-93.430865,48.661947],[-93.463535,48.661954],[-93.463514,48.655473],[-93.452607,48.655472],[-93.452646,48.649104],[-93.450925,48.649103],[-93.450938,48.64167],[-93.449932,48.641665],[-93.449946,48.634143],[-93.460818,48.634155],[-93.460776,48.62694],[-93.44996,48.626971],[-93.449985,48.61379],[-93.449871,48.594028],[-93.449893,48.593179],[-93.464448,48.592353],[-93.467537,48.58964],[-93.462455,48.573973],[-93.457541,48.566371],[-93.458843,48.55566],[-93.465353,48.54705],[-93.480684,48.543647],[-93.492109,48.542933],[-93.499879,48.541043],[-93.51605,48.534701],[-93.527222,48.533903],[-93.544485,48.529619],[-93.560404,48.529283],[-93.573467,48.527393],[-93.581699,48.527477],[-93.5901,48.530249],[-93.59535,48.528905],[-93.602659,48.52462],[-93.610765,48.522478],[-93.616393,48.523864],[-93.622736,48.527519],[-93.626138,48.531593],[-93.630884,48.531509],[-93.636512,48.527813],[-93.639747,48.521722],[-93.642855,48.519244],[-93.653019,48.516934],[-93.672718,48.51727],[-93.692207,48.515422],[-93.704388,48.518026],[-93.709981,48.518604],[-93.71654,48.518093],[-93.736809,48.519007],[-93.752454,48.516212],[-93.757104,48.516749],[-93.793157,48.516391],[-93.802936,48.521969],[-93.810746,48.5242],[-93.817637,48.531157],[-93.818096,48.533848],[-93.809893,48.541592],[-93.811351,48.549007],[-93.803067,48.568565],[-93.805496,48.576244],[-93.80697,48.579867],[-93.811432,48.584974],[-93.815141,48.591372],[-93.817964,48.597259],[-93.820574,48.607914],[-93.830437,48.619336],[-93.833167,48.62551],[-93.837871,48.628072],[-93.846524,48.630424],[-93.867735,48.630844],[-93.875085,48.631768],[-93.887014,48.6316],[-93.910955,48.635128],[-93.913056,48.635128],[-93.915828,48.633196],[-93.923934,48.63202],[-93.952244,48.634414],[-93.961736,48.637817],[-93.978747,48.639245],[-93.987953,48.640197],[-93.994645,48.642038],[-94.005991,48.643579],[-94.035832,48.64104],[-94.043539,48.643483],[-94.053483,48.644017],[-94.060141,48.643122],[-94.061879,48.64338],[-94.061854,48.646604],[-94.062537,48.646604],[-94.062539,48.648776],[-94.062812,48.648776],[-94.06281,48.646604],[-94.063219,48.646604],[-94.063218,48.643497],[-94.064432,48.643613],[-94.065902,48.646091],[-94.071446,48.646007],[-94.076696,48.644285],[-94.091436,48.64357],[-94.099708,48.646204],[-94.110931,48.644301],[-94.125501,48.644432],[-94.137839,48.646073],[-94.154443,48.645416],[-94.166584,48.647976],[-94.184558,48.650123],[-94.198861,48.65088],[-94.223882,48.649752],[-94.234547,48.652726],[-94.245519,48.653546],[-94.25362,48.659904],[-94.254543,48.663185],[-94.250646,48.678259],[-94.251245,48.683218],[-94.260564,48.696016],[-94.264764,48.698838],[-94.274346,48.699954],[-94.28209,48.705532],[-94.289506,48.707435],[-94.308604,48.710323],[-94.32849,48.704548],[-94.340828,48.703301],[-94.354872,48.704482],[-94.367867,48.70632],[-94.381255,48.711307],[-94.385915,48.711964],[-94.40521,48.710782],[-94.417523,48.710924],[-94.419656,48.710184],[-94.421879,48.708026],[-94.438286,48.69536],[-94.451543,48.692406],[-94.464603,48.695688],[-94.480617,48.697722],[-94.499452,48.697788],[-94.508575,48.700348],[-94.53266,48.701135],[-94.538239,48.702579],[-94.545786,48.712292],[-94.553399,48.71623],[-94.5681,48.715639],[-94.586673,48.717936],[-94.601636,48.728174],[-94.610955,48.731652],[-94.618896,48.737296],[-94.640619,48.740972],[-94.644951,48.743925],[-94.645082,48.74865],[-94.652367,48.756329],[-94.659848,48.760004],[-94.669714,48.767839],[-94.687499,48.775209],[-94.693107,48.78322],[-94.693386,48.803235],[-94.701428,48.826185],[-94.684455,48.838983],[-94.688618,48.845482],[-94.693056,48.853417],[-94.690222,48.863556],[-94.692389,48.869],[-94.684306,48.872361],[-94.683444,48.884111],[-94.719068,48.999867],[-94.719362,48.999864],[-94.722826,49.012055],[-94.742329,49.075114],[-94.748913,49.096104],[-94.758288,49.10687],[-94.77287,49.120592],[-94.795708,49.190867],[-94.797932,49.198056],[-94.815151,49.265509],[-94.817472,49.272177],[-94.818936,49.275677],[-94.825528,49.294361],[-94.824361,49.308944],[-94.816278,49.321389],[-94.836417,49.324278],[-94.854056,49.324333],[-94.878278,49.333361],[-94.906528,49.348361],[-94.909111,49.350139],[-94.952083,49.368722],[-94.95484,49.369487],[-94.959426,49.369893],[-94.974306,49.367694],[-94.989,49.368944],[-95.014194,49.356472],[-95.049528,49.353111],[-95.058306,49.35325],[-95.089778,49.361194],[-95.103139,49.363528],[-95.103194,49.365111],[-95.109806,49.366389],[-95.115944,49.366611],[-95.128722,49.370444],[-95.13275,49.373583],[-95.139778,49.376111],[-95.141917,49.378306],[-95.145056,49.378306],[-95.146722,49.380139],[-95.149806,49.380639],[-95.150306,49.383],[-95.1534,49.384478],[-95.153451,49.889025],[-95.153604,50.2356],[-95.153666,52.010913],[-91.419796,52.008881],[-86.615667,52.010123],[-82.411754,52.014019],[-82.591869,51.935189],[-82.710033,51.92749],[-82.853617,51.914993],[-83.155953,51.739008],[-83.149299,51.70253],[-83.208689,51.682813],[-83.254542,51.590141],[-83.33101,51.555081],[-83.400496,51.483531],[-83.483344,51.489988],[-83.594082,51.413745],[-83.676988,51.414857],[-83.80354,51.343803],[-84.061959,51.268734],[-84.326863,51.239731],[-84.485398,51.111082],[-84.560115,51.111737],[-84.912989,51.27822],[-85.020451,51.330106],[-85.070257,51.41825],[-85.15325,51.43372],[-85.220082,51.516604],[-85.278352,51.526839],[-85.496772,51.666096],[-85.854741,51.631478],[-85.853278,51.705076],[-85.99257,51.706058],[-85.993002,51.682236],[-85.992787,51.682105],[-85.992736,51.681858],[-85.992444,51.681566],[-85.992108,51.681006],[-85.991944,51.680912],[-85.991723,51.680405],[-85.990996,51.679514],[-85.990756,51.67895],[-85.990025,51.677964],[-86.040611,51.734741],[-86.292715,51.773417],[-86.391643,51.730573],[-86.371684,51.637378],[-86.444256,51.568892],[-86.550621,51.520616],[-86.54871,50.230151],[-86.344921,50.22988],[-86.345551,50.099505],[-84.687075,50.081255],[-84.687891,49.970441],[-84.562674,49.970495],[-81.430959,49.96095],[-81.468728,49.449577],[-80.475066,49.44957],[-80.479745,49.058412],[-80.417814,49.055073],[-80.418125,48.796947],[-80.418135,48.71037],[-80.418435,48.6978],[-80.418563,48.623564],[-80.385805,48.624335],[-80.370875,48.624544],[-80.35454,48.624657],[-80.309471,48.624718],[-80.274625,48.624517],[-80.013649,48.617108],[-80.011812,48.71163],[-80.022749,48.711723],[-80.022705,48.714005],[-80.022126,48.714222],[-80.020857,48.713929],[-80.019681,48.713967],[-80.018768,48.713775],[-80.017586,48.713863],[-80.016158,48.713606],[-80.015305,48.71369],[-80.01343,48.713596],[-80.012049,48.713634],[-80.010577,48.713744],[-80.010213,48.713848],[-80.010052,48.714434],[-80.009956,48.714475],[-80.009283,48.714328],[-80.008416,48.714581],[-80.008004,48.714485],[-80.006982,48.71401],[-80.006378,48.713917],[-80.005662,48.714171],[-80.004708,48.714041],[-80.003835,48.714048],[-80.000879,48.714288],[-79.999646,48.714826],[-79.997568,48.715345],[-79.996265,48.716215],[-79.996071,48.716628],[-79.996111,48.716887],[-79.995965,48.717174],[-79.99582,48.717287],[-79.995799,48.717437],[-79.995275,48.717754],[-79.995226,48.717859],[-79.995616,48.718191],[-79.996028,48.718288],[-79.996308,48.718684],[-79.995461,48.718878],[-79.994706,48.718853],[-79.994183,48.719016],[-79.993638,48.719328],[-79.993361,48.719833],[-79.993456,48.720033],[-79.99375,48.720238],[-79.994058,48.720612],[-79.994643,48.721763],[-79.994669,48.721995],[-79.994507,48.722773],[-79.994307,48.72295],[-79.99412,48.723286],[-79.99354,48.723703],[-79.992987,48.724261],[-79.992593,48.724801],[-79.992455,48.724878],[-79.992205,48.725373],[-79.992043,48.726137],[-79.992197,48.726865],[-79.992182,48.727206],[-79.991744,48.728128],[-79.990972,48.728631],[-79.990868,48.728781],[-79.990662,48.728812],[-79.990337,48.729071],[-79.989772,48.729297],[-79.989627,48.729446],[-79.989613,48.729646],[-79.989646,48.729801],[-79.989844,48.729997],[-79.98987,48.730315],[-79.989684,48.730492],[-79.988443,48.731217],[-79.988049,48.731603],[-79.98758,48.731856],[-79.987462,48.73202],[-79.986869,48.732432],[-79.986614,48.732655],[-79.986371,48.733018],[-79.9861,48.733663],[-79.985961,48.733835],[-79.985851,48.733808],[-79.985783,48.733758],[-79.985818,48.733535],[-79.985498,48.732984],[-79.984916,48.732655],[-79.984917,48.732487],[-79.984465,48.732081],[-79.984363,48.731858],[-79.984034,48.731607],[-79.983093,48.73025],[-79.982448,48.729948],[-79.981761,48.729888],[-79.981872,48.729761],[-79.981845,48.729647],[-79.981557,48.729505],[-79.981086,48.728927],[-79.980944,48.728526],[-79.980965,48.728362],[-79.981497,48.727941],[-79.981797,48.727146],[-79.981716,48.726782],[-79.981593,48.72664],[-79.981756,48.725681],[-79.982074,48.725336],[-79.9822,48.725037],[-79.982202,48.724582],[-79.982293,48.724337],[-79.982597,48.723937],[-79.983639,48.723212],[-79.984797,48.721309],[-79.985156,48.720851],[-79.98533,48.720456],[-79.985297,48.720287],[-79.985429,48.719919],[-79.985392,48.719183],[-79.985264,48.718591],[-79.985356,48.718123],[-79.985261,48.717932],[-79.985345,48.717636],[-79.985298,48.717468],[-79.985451,48.717032],[-79.985439,48.716668],[-79.985312,48.716154],[-79.984916,48.715648],[-79.985367,48.714853],[-79.985802,48.714368],[-79.985679,48.714172],[-79.985763,48.713895],[-79.985908,48.713813],[-79.986251,48.71395],[-79.986567,48.713942],[-79.987847,48.713595],[-79.988673,48.71326],[-79.989749,48.712562],[-79.990817,48.712033],[-79.991975,48.711221],[-79.992107,48.710921],[-79.99257,48.710468],[-79.992923,48.70995],[-79.993208,48.709264],[-79.993622,48.708883],[-79.993569,48.708583],[-79.993763,48.708242],[-79.993773,48.707665],[-79.993303,48.706891],[-79.993275,48.705658],[-79.993099,48.704958],[-79.992266,48.70401],[-79.992249,48.703423],[-79.992521,48.70256],[-79.992242,48.702068],[-79.992007,48.700867],[-79.992087,48.700638],[-79.993122,48.700567],[-79.993181,48.696946],[-79.989183,48.696841],[-79.989536,48.69651],[-79.990232,48.696047],[-79.990407,48.695475],[-79.990573,48.695239],[-79.990581,48.695052],[-79.990521,48.694652],[-79.990337,48.694411],[-79.990456,48.694015],[-79.990347,48.693651],[-79.990082,48.693146],[-79.98931,48.692412],[-79.989209,48.692234],[-79.989331,48.689421],[-79.9869,48.689405],[-79.986289,48.689531],[-79.986147,48.688985],[-79.986054,48.688498],[-79.986145,48.688185],[-79.986057,48.687921],[-79.986196,48.687571],[-79.986276,48.686707],[-79.986863,48.686063],[-79.986831,48.685608],[-79.986984,48.68529],[-79.987225,48.683917],[-79.987268,48.683463],[-79.987099,48.682953],[-79.987177,48.682421],[-79.986966,48.682066],[-79.986988,48.681916],[-79.986811,48.681652],[-79.986544,48.68151],[-79.985377,48.681348],[-79.984616,48.681024],[-79.984105,48.680372],[-79.984196,48.680009],[-79.984184,48.67975],[-79.984068,48.679522],[-79.983843,48.679248],[-79.983124,48.678738],[-79.982665,48.678541],[-79.981869,48.678598],[-79.981266,48.67831],[-79.981101,48.678214],[-79.980999,48.678032],[-79.980589,48.677768],[-79.979654,48.676592],[-79.979045,48.676377],[-79.978975,48.676459],[-79.978673,48.67644],[-79.976407,48.675229],[-79.976119,48.675192],[-79.975541,48.675368],[-79.975294,48.675368],[-79.97349,48.675082],[-79.972199,48.675028],[-79.971952,48.674951],[-79.969981,48.675082],[-79.968155,48.675014],[-79.967241,48.675103],[-79.964913,48.675129],[-79.958626,48.675904],[-79.957485,48.676193],[-79.956302,48.676381],[-79.955609,48.676365],[-79.9553,48.676323],[-79.955122,48.676214],[-79.955201,48.675618],[-79.954914,48.675367],[-79.954043,48.675188],[-79.953653,48.675],[-79.953747,48.674237],[-79.953597,48.674027],[-79.95331,48.673867],[-79.952275,48.673542],[-79.951748,48.673199],[-79.952073,48.672886],[-79.952913,48.672448],[-79.953278,48.672157],[-79.953314,48.672021],[-79.953185,48.671707],[-79.952817,48.671288],[-79.952398,48.671187],[-79.951767,48.671212],[-79.951808,48.671121],[-79.952276,48.671023],[-79.9524,48.670923],[-79.952403,48.670454],[-79.952465,48.670364],[-79.953112,48.67002],[-79.953141,48.669911],[-79.952909,48.669546],[-79.953456,48.66887],[-79.953423,48.668588],[-79.9533,48.668415],[-79.954166,48.668322],[-79.954044,48.668053],[-79.952986,48.6681],[-79.953071,48.667741],[-79.953017,48.6675],[-79.952539,48.667162],[-79.951778,48.666992],[-79.951744,48.666924],[-79.952308,48.666757],[-79.952495,48.666485],[-79.952812,48.666299],[-79.952884,48.665681],[-79.952694,48.665358],[-79.952729,48.66523],[-79.952846,48.665076],[-79.953927,48.66451],[-79.954011,48.664333],[-79.953671,48.663791],[-79.953068,48.663558],[-79.952981,48.66323],[-79.953048,48.662312],[-79.952987,48.662125],[-79.95341,48.661476],[-79.953371,48.661012],[-79.953147,48.660652],[-79.953273,48.660161],[-79.953111,48.659784],[-79.953346,48.659416],[-79.953314,48.659047],[-79.95291,48.658892],[-79.952822,48.658714],[-79.952885,48.658437],[-79.952654,48.658109],[-79.952514,48.657376],[-79.952329,48.657294],[-79.952476,48.656899],[-79.952415,48.656608],[-79.952217,48.656489],[-79.952108,48.656289],[-79.952248,48.655916],[-79.951934,48.655597],[-79.951759,48.655069],[-79.951616,48.6549],[-79.951328,48.65479],[-79.951267,48.654645],[-79.951337,48.654377],[-79.951056,48.654326],[-79.950947,48.65418],[-79.951065,48.653939],[-79.950956,48.65383],[-79.950778,48.653807],[-79.950932,48.653257],[-79.950839,48.652802],[-79.950866,48.650489],[-79.952773,48.539097],[-79.949842,48.537267],[-79.887455,48.537381],[-79.886761,48.450307],[-80.012391,48.450402],[-80.012528,48.36343],[-80.018976,48.362757],[-80.018471,48.276076],[-79.888141,48.275951],[-79.88817,48.362772],[-79.757378,48.36255],[-79.758577,48.275913],[-79.51754,48.275705],[-79.517569,48.187141],[-79.517719,48.187139],[-79.517613,48.112024],[-79.517539,48.101426],[-79.517597,48.101426],[-79.517707,47.754558],[-79.517625,47.754558],[-79.517567,47.667874],[-79.51757,47.635217],[-79.517677,47.610286],[-79.517588,47.556005],[-79.511333,47.549039],[-79.511283,47.548764],[-79.511658,47.548381],[-79.511914,47.54829],[-79.561532,47.510955],[-79.592492,47.438569],[-79.576386,47.407459],[-79.57059,47.398038],[-79.569516,47.396567],[-79.542853,47.368704],[-79.533155,47.360203],[-79.519899,47.350242],[-79.514027,47.343867],[-79.504121,47.332283],[-79.498982,47.322596],[-79.486977,47.305521],[-79.486402,47.304802],[-79.48287,47.302029],[-79.47845,47.298407],[-79.465408,47.287408],[-79.455683,47.280753],[-79.44966,47.27646],[-79.448799,47.275603],[-79.435812,47.25913],[-79.434307,47.257705],[-79.429847,47.254315],[-79.428119,47.252869],[-79.426886,47.251673],[-79.426023,47.250465],[-79.425726,47.249795],[-79.425461,47.248918],[-79.425278,47.24708],[-79.425258,47.244182],[-79.425376,47.242888],[-79.425733,47.241543],[-79.429734,47.233121],[-79.431092,47.23098],[-79.43427,47.226713],[-79.435294,47.225116],[-79.436019,47.223812],[-79.436822,47.222123],[-79.437917,47.219456],[-79.438557,47.217458],[-79.4387,47.21665],[-79.438755,47.21342],[-79.438245,47.20832],[-79.437805,47.204868],[-79.437201,47.201593],[-79.436434,47.198478],[-79.434591,47.192027],[-79.434108,47.19005],[-79.433727,47.187723],[-79.43336,47.184497],[-79.43328,47.181841],[-79.433673,47.177023],[-79.434214,47.172549],[-79.435332,47.166382],[-79.436516,47.161557],[-79.441469,47.144643],[-79.442339,47.141056],[-79.444113,47.132216],[-79.445014,47.129349],[-79.446229,47.124317],[-79.445261,47.111822],[-79.436225,47.086835],[-79.4282,47.076133],[-79.419368,47.067877],[-79.394701,47.045873],[-79.381707,47.034117],[-79.355758,47.016316],[-79.354565,47.015336],[-79.352585,47.0134],[-79.348891,47.009441],[-79.346583,47.006645],[-79.345784,47.005266],[-79.340468,46.99466],[-79.338637,46.990512],[-79.337702,46.986313],[-79.337954,46.976913],[-79.338256,46.972247],[-79.338207,46.970851],[-79.337994,46.970524],[-79.335847,46.96854],[-79.334216,46.96686],[-79.332707,46.965084],[-79.325642,46.951365],[-79.321236,46.94222],[-79.319845,46.939653],[-79.318882,46.937686],[-79.317245,46.93498],[-79.315979,46.933476],[-79.314827,46.932505],[-79.314152,46.931829],[-79.311015,46.928399],[-79.309897,46.927582],[-79.306914,46.925945],[-79.306117,46.925411],[-79.303572,46.92406],[-79.302929,46.923627],[-79.302591,46.923505],[-79.301859,46.922963],[-79.301072,46.922529],[-79.299515,46.921498],[-79.296544,46.919087],[-79.294346,46.91675],[-79.292553,46.914492],[-79.287046,46.905977],[-79.284537,46.901467],[-79.28378,46.900501],[-79.282353,46.89913],[-79.28188,46.898736],[-79.28103,46.898237],[-79.26575,46.890006],[-79.262359,46.887705],[-79.258056,46.884364],[-79.257036,46.883448],[-79.254829,46.881066],[-79.2511,46.876689],[-79.244214,46.870104],[-79.238928,46.864443],[-79.234488,46.860199],[-79.233823,46.859253],[-79.232927,46.857385],[-79.231936,46.854382],[-79.231406,46.852142],[-79.229949,46.847782],[-79.229765,46.847392],[-79.228503,46.845878],[-79.22647,46.843894],[-79.223191,46.841899],[-79.216569,46.836316],[-79.215933,46.835712],[-79.214843,46.833787],[-79.213953,46.832945],[-79.213338,46.832503],[-79.212218,46.831892],[-79.211481,46.831583],[-79.210479,46.831334],[-79.201993,46.830625],[-79.200844,46.830463],[-79.199372,46.830188],[-79.195651,46.829301],[-79.193612,46.829107],[-79.186768,46.828702],[-79.178624,46.828347],[-79.177371,46.828183],[-79.174608,46.826906],[-79.170295,46.82457],[-79.168839,46.823431],[-79.165455,46.820002],[-79.164489,46.818717],[-79.162724,46.815494],[-79.160555,46.811058],[-79.158933,46.807513],[-79.15844,46.806606],[-79.157203,46.80484],[-79.154838,46.802309],[-79.153335,46.7999],[-79.152035,46.79807],[-79.148344,46.793357],[-79.143243,46.785076],[-79.141895,46.782372],[-79.140419,46.778443],[-79.139803,46.776147],[-79.139058,46.772688],[-79.138473,46.770653],[-79.137583,46.768749],[-79.137027,46.767777],[-79.133071,46.76135],[-79.131789,46.75943],[-79.127381,46.753211],[-79.125276,46.750486],[-79.122657,46.746366],[-79.121897,46.74486],[-79.121341,46.74315],[-79.121222,46.74205],[-79.121399,46.738084],[-79.121063,46.73608],[-79.120282,46.734088],[-79.119616,46.732916],[-79.118029,46.730757],[-79.114994,46.727692],[-79.112909,46.725192],[-79.104191,46.712975],[-79.10353,46.712583],[-79.101355,46.71215],[-79.100913,46.711994],[-79.100554,46.71168],[-79.099805,46.710679],[-79.099638,46.709822],[-79.099605,46.708922],[-79.099722,46.70744],[-79.099505,46.706177],[-79.099479,46.705527],[-79.097356,46.701157],[-79.095735,46.697395],[-79.094231,46.692924],[-79.093859,46.691604],[-79.093668,46.69035],[-79.093623,46.689413],[-79.09316,46.688073],[-79.092974,46.687764],[-79.092382,46.687124],[-79.091565,46.686571],[-79.08887,46.685122],[-79.087376,46.684089],[-79.084273,46.681229],[-79.08357,46.680461],[-79.08228,46.67992],[-79.078002,46.679107],[-79.076416,46.678293],[-79.075437,46.677443],[-79.074871,46.676322],[-79.073701,46.675191],[-79.073337,46.674073],[-79.07404,46.673205],[-79.075152,46.672206],[-79.076003,46.670969],[-79.076483,46.669417],[-79.076438,46.669128],[-79.076072,46.668402],[-79.075032,46.667124],[-79.07235,46.664982],[-79.061393,46.658101],[-79.050641,46.651034],[-79.045276,46.646523],[-79.043079,46.6451],[-79.04135,46.644143],[-79.039343,46.643254],[-79.032572,46.641167],[-79.029608,46.640027],[-79.025183,46.638087],[-79.021439,46.636142],[-79.018258,46.634161],[-79.016775,46.632911],[-79.015992,46.631808],[-79.015392,46.630727],[-79.014111,46.626808],[-79.012783,46.623482],[-79.011974,46.621677],[-79.01143,46.620119],[-79.010041,46.614902],[-79.009522,46.612661],[-79.009042,46.61043],[-79.008104,46.605041],[-79.007773,46.60409],[-79.007083,46.602962],[-79.006371,46.602095],[-79.005261,46.601013],[-79.002923,46.599263],[-78.999275,46.596931],[-78.997658,46.595796],[-78.996294,46.594557],[-78.995499,46.593472],[-78.995144,46.592818],[-78.994959,46.592184],[-78.994771,46.590552],[-78.994966,46.589143],[-78.99617,46.585186],[-78.996747,46.582991],[-78.997076,46.581503],[-78.99745,46.579142],[-78.997581,46.576283],[-78.997263,46.571453],[-78.996473,46.567029],[-78.995925,46.564923],[-78.994526,46.560749],[-78.993708,46.558854],[-78.991071,46.553606],[-78.989577,46.549547],[-78.988985,46.548268],[-78.987613,46.545859],[-78.987115,46.545238],[-78.986344,46.544559],[-78.984871,46.54348],[-78.983249,46.542533],[-78.982564,46.542017],[-78.979339,46.539314],[-78.971019,46.532966],[-78.970473,46.532227],[-78.968683,46.52918],[-78.967512,46.52735],[-78.96619,46.525752],[-78.964229,46.523791],[-78.961045,46.52107],[-78.958456,46.519179],[-78.957042,46.518317],[-78.9481,46.513414],[-78.945321,46.511753],[-78.943593,46.510561],[-78.942392,46.509585],[-78.940879,46.508235],[-78.939585,46.506943],[-78.937812,46.504868],[-78.934038,46.498886],[-78.932797,46.497226],[-78.932035,46.496366],[-78.925906,46.490315],[-78.919776,46.48466],[-78.91632,46.480988],[-78.915348,46.480178],[-78.91328,46.478727],[-78.906434,46.474462],[-78.902191,46.471333],[-78.898434,46.468087],[-78.892795,46.462332],[-78.890978,46.460813],[-78.88825,46.458936],[-78.885582,46.457554],[-78.878066,46.454265],[-78.872786,46.451746],[-78.870029,46.450309],[-78.866204,46.447888],[-78.863301,46.445548],[-78.861743,46.444439],[-78.859156,46.443014],[-78.855696,46.441599],[-78.854067,46.441081],[-78.84568,46.439135],[-78.808378,46.424681],[-78.787617,46.413009],[-78.77837,46.401271],[-78.768792,46.394035],[-78.741374,46.38872],[-78.725671,46.378815],[-78.723543,46.3692],[-78.730099,46.340342],[-78.711821,46.324746],[-78.704397,46.322335],[-78.692648,46.317594],[-78.672985,46.317717],[-78.633343,46.320623],[-78.619237,46.319183],[-78.603591,46.318736],[-78.595048,46.317494],[-78.585064,46.314266],[-78.572696,46.313223],[-78.54056,46.304729],[-78.509964,46.294795],[-78.502712,46.293969],[-78.495336,46.293681],[-78.489286,46.294306],[-78.485578,46.295406],[-78.482345,46.295415],[-78.478275,46.29405],[-78.473407,46.293603],[-78.460394,46.294597],[-78.449119,46.293057],[-78.43983,46.293702],[-78.431387,46.294895],[-78.392545,46.291219],[-78.380823,46.288239],[-78.374912,46.283371],[-78.340342,46.261417],[-78.32862,46.256848],[-78.31963,46.255656],[-78.316749,46.254464],[-78.315061,46.251533],[-78.31218,46.251583],[-78.297776,46.254563],[-78.290722,46.258139],[-78.279646,46.264348],[-78.274133,46.265689],[-78.272047,46.268123],[-78.256898,46.27309],[-78.243288,46.273636],[-78.218851,46.269364],[-78.214182,46.268073],[-78.201218,46.26708],[-78.199182,46.271848],[-78.178271,46.274232],[-78.17236,46.273785],[-78.167445,46.272771],[-78.166234,46.273956],[-78.163409,46.274164],[-78.158669,46.273657],[-78.157732,46.270493],[-78.154815,46.271378],[-78.14529,46.274778],[-78.12731,46.270258],[-78.1213,46.263205],[-78.088766,46.253917],[-78.050159,46.240647],[-77.995134,46.24854],[-77.938928,46.228892],[-77.918879,46.222856],[-77.89301,46.220484],[-77.879213,46.214233],[-77.854205,46.208196],[-77.822515,46.204316],[-77.795137,46.195908],[-77.751258,46.193134],[-77.725189,46.191951],[-77.713378,46.188955],[-77.697349,46.182264],[-77.696199,46.182254],[-77.692108,46.18276],[-77.689249,46.184014],[-77.68742,46.186072],[-77.68389,46.190739],[-77.683483,46.19276],[-77.682055,46.195635],[-77.680227,46.197317],[-77.66904,46.195391],[-77.642342,46.183439],[-77.631244,46.174204],[-77.60672,46.170968],[-77.568765,46.156538],[-77.542814,46.140046],[-77.500129,46.116279],[-77.40323,46.07502],[-77.391434,46.068811],[-77.382198,46.06625],[-77.377154,46.063146],[-77.363339,46.058955],[-77.343942,46.045582],[-77.309624,46.023876],[-77.289373,46.019025],[-77.2804,46.01563],[-77.277247,46.010779],[-77.288646,45.99356],[-77.287191,45.983252],[-77.284887,45.970035],[-77.280157,45.957302],[-77.278338,45.949905],[-77.274852,45.941588],[-77.256309,45.930737],[-77.244451,45.925683],[-77.242512,45.923776],[-77.238094,45.922345],[-77.235773,45.919484],[-77.235822,45.912626],[-77.234693,45.91227],[-77.232662,45.9108],[-77.232337,45.910361],[-77.203246,45.879721],[-77.199003,45.87065],[-77.193443,45.865968],[-77.153425,45.854701],[-77.151502,45.850217],[-77.153586,45.844234],[-77.151845,45.83921],[-77.156597,45.836215],[-77.153982,45.8341],[-77.159771,45.830377],[-77.143757,45.826156],[-77.127537,45.8134],[-77.14063,45.804984],[-77.134262,45.799692],[-77.13149,45.800209],[-77.129408,45.800293],[-77.127963,45.800185],[-77.125915,45.7998],[-77.124756,45.799434],[-77.123645,45.798978],[-77.122542,45.798395],[-77.120539,45.797172],[-77.110127,45.790641],[-77.107718,45.788841],[-77.102198,45.784477],[-77.095894,45.788574],[-77.109115,45.798958],[-77.090264,45.810617],[-77.090378,45.810617],[-77.090436,45.815238],[-77.081614,45.82051],[-77.086737,45.823792],[-77.083275,45.825779],[-77.077712,45.82359],[-77.057819,45.805513],[-77.044035,45.80685],[-77.036787,45.807325],[-77.034151,45.80742],[-77.024444,45.808866],[-77.021177,45.808267],[-77.017102,45.807009],[-77.011768,45.804521],[-77.008442,45.802484],[-76.99307,45.789089],[-76.988215,45.787082],[-76.983211,45.786272],[-76.938445,45.788063],[-76.918006,45.800236],[-76.912163,45.804671],[-76.911468,45.808525],[-76.928726,45.847677],[-76.928477,45.848731],[-76.92608,45.849805],[-76.92163,45.849978],[-76.908083,45.847051],[-76.903134,45.848851],[-76.901212,45.850099],[-76.900886,45.850988],[-76.902176,45.852619],[-76.902644,45.854321],[-76.902719,45.85621],[-76.903197,45.856993],[-76.906887,45.858633],[-76.907746,45.861172],[-76.911107,45.864105],[-76.918546,45.867001],[-76.921943,45.869719],[-76.92332,45.872902],[-76.923088,45.876103],[-76.925913,45.880698],[-76.926413,45.884221],[-76.926986,45.885204],[-76.929203,45.886581],[-76.929569,45.888773],[-76.916541,45.894844],[-76.896419,45.897845],[-76.876979,45.892729],[-76.869408,45.891365],[-76.856175,45.891638],[-76.814771,45.871584],[-76.81134,45.860078],[-76.802372,45.859827],[-76.792677,45.87307],[-76.780048,45.872315],[-76.776751,45.857061],[-76.765129,45.851082],[-76.766889,45.84337],[-76.768202,45.839627],[-76.774322,45.841639],[-76.775618,45.839593],[-76.769934,45.826048],[-76.766973,45.810095],[-76.769292,45.805653],[-76.776053,45.798975],[-76.781333,45.788638],[-76.782563,45.781485],[-76.776751,45.776289],[-76.774293,45.766482],[-76.772365,45.762794],[-76.771527,45.757905],[-76.767895,45.755167],[-76.771359,45.750333],[-76.770996,45.748769],[-76.767196,45.747986],[-76.765715,45.746394],[-76.770269,45.74156],[-76.768683,45.736334],[-76.769058,45.7355],[-76.769001,45.734298],[-76.768383,45.733451],[-76.765671,45.732261],[-76.764057,45.731437],[-76.763783,45.730407],[-76.759342,45.728554],[-76.753606,45.725727],[-76.752318,45.725351],[-76.752087,45.725132],[-76.749786,45.724321],[-76.745575,45.723838],[-76.741041,45.723428],[-76.731014,45.72142],[-76.729776,45.720627],[-76.726682,45.720323],[-76.723464,45.71925],[-76.717921,45.719018],[-76.709946,45.721468],[-76.705189,45.721629],[-76.703616,45.720824],[-76.704456,45.718338],[-76.703115,45.715942],[-76.699789,45.712938],[-76.698073,45.711919],[-76.696995,45.711822],[-76.692241,45.710486],[-76.693173,45.706608],[-76.695998,45.703283],[-76.69632,45.701655],[-76.686664,45.687243],[-76.690076,45.680766],[-76.690174,45.680459],[-76.690253,45.680431],[-76.691173,45.678684],[-76.703042,45.677661],[-76.718662,45.660745],[-76.674529,45.628276],[-76.670096,45.624115],[-76.673984,45.610951],[-76.672483,45.597309],[-76.677667,45.592261],[-76.675332,45.583984],[-76.673293,45.582531],[-76.671616,45.578647],[-76.661614,45.562247],[-76.661642,45.558084],[-76.657367,45.556017],[-76.655049,45.556492],[-76.645745,45.55272],[-76.64147,45.550205],[-76.636078,45.546406],[-76.628199,45.542494],[-76.622609,45.540423],[-76.621028,45.539639],[-76.618539,45.538004],[-76.607751,45.531813],[-76.556762,45.521292],[-76.517255,45.515442],[-76.498832,45.511775],[-76.475534,45.50088],[-76.457578,45.500032],[-76.434005,45.489598],[-76.414774,45.475928],[-76.380135,45.461703],[-76.332348,45.450014],[-76.289263,45.464141],[-76.263434,45.46689],[-76.240169,45.465993],[-76.238692,45.47535],[-76.233752,45.502291],[-76.232456,45.507543],[-76.226999,45.510476],[-76.211651,45.515797],[-76.190847,45.517093],[-76.156674,45.513614],[-76.139894,45.515933],[-76.092711,45.512604],[-76.073372,45.502826],[-76.051806,45.49248],[-76.003655,45.480911],[-75.993352,45.47851],[-75.961767,45.4589],[-75.969138,45.453877],[-75.979965,45.446316],[-75.988295,45.441214],[-75.986581,45.439951],[-75.991526,45.436901],[-75.993199,45.438212],[-76.006657,45.430001],[-76.004609,45.428313],[-76.0052,45.427915],[-76.00562,45.428202],[-76.007236,45.427764],[-76.008556,45.428891],[-76.01999,45.422244],[-76.035648,45.412769],[-76.032456,45.410227],[-76.044463,45.402758],[-76.047298,45.404804],[-76.059989,45.3961],[-76.046586,45.38621],[-76.044126,45.384071],[-76.042749,45.383139],[-76.046724,45.382148],[-76.044394,45.380166],[-76.042559,45.381372],[-76.041216,45.382112],[-76.038867,45.380638],[-76.04058,45.379516],[-76.041848,45.379183],[-76.042433,45.378909],[-76.041759,45.377675],[-76.042425,45.377748],[-76.043673,45.378326],[-76.043251,45.378524],[-76.045139,45.379662],[-76.047255,45.380294],[-76.048507,45.380334],[-76.048646,45.378378],[-76.050369,45.378418],[-76.050229,45.380389],[-76.051058,45.380416],[-76.051193,45.37852],[-76.052016,45.378629],[-76.051887,45.380443],[-76.052716,45.380469],[-76.052839,45.378736],[-76.05447,45.378877],[-76.056185,45.378893],[-76.056703,45.378873],[-76.05672,45.378574],[-76.058502,45.37858],[-76.058084,45.378847],[-76.058842,45.378923],[-76.058239,45.379672],[-76.06035,45.379597],[-76.058191,45.377854],[-76.05768,45.377849],[-76.056751,45.377107],[-76.053063,45.376549],[-76.052426,45.376792],[-76.052021,45.378327],[-76.04941,45.378067],[-76.047765,45.378122],[-76.047582,45.378238],[-76.042329,45.374298],[-76.04039,45.37554],[-76.04174,45.376659],[-76.041723,45.377497],[-76.040965,45.377574],[-76.039757,45.375945],[-76.037985,45.377085],[-76.039321,45.378114],[-76.039205,45.378383],[-76.03933,45.378403],[-76.039219,45.378727],[-76.03896,45.379023],[-76.038898,45.379062],[-76.037084,45.377666],[-76.0358,45.378497],[-76.024543,45.370725],[-76.016566,45.364729],[-76.006109,45.356682],[-75.997902,45.350874],[-75.991014,45.345631],[-75.972921,45.331243],[-75.956451,45.317885],[-75.946225,45.309427],[-75.930683,45.297205],[-75.930508,45.297312],[-75.927906,45.294988],[-75.920149,45.288899],[-75.933197,45.280683],[-75.946206,45.272326],[-75.967268,45.258989],[-75.967086,45.258984],[-75.962677,45.255374],[-75.965445,45.253649],[-75.965878,45.254001],[-75.968884,45.252192],[-75.969535,45.252721],[-75.969802,45.253398],[-75.970586,45.256873],[-75.987433,45.246102],[-75.992862,45.24224],[-75.998502,45.2385],[-76.010971,45.230988],[-76.016416,45.227966],[-76.022758,45.224297],[-76.034445,45.216797],[-76.0749,45.19153],[-76.068581,45.186483],[-76.071467,45.184784],[-76.072999,45.186022],[-76.076517,45.183894],[-76.072779,45.180903],[-76.073344,45.180558],[-76.072328,45.179711],[-76.07257,45.179564],[-76.07166,45.178792],[-76.070313,45.179613],[-76.071057,45.180247],[-76.067977,45.182125],[-76.064752,45.17929],[-76.063242,45.180368],[-76.062617,45.179847],[-76.062046,45.180233],[-76.062175,45.179975],[-76.061647,45.179521],[-76.060818,45.180043],[-76.058984,45.178509],[-76.061906,45.176789],[-76.060508,45.17556],[-76.058436,45.176779],[-76.058007,45.17642],[-76.058768,45.175965],[-76.057764,45.175124],[-76.056106,45.176103],[-76.055204,45.175349],[-76.058243,45.173562],[-76.056923,45.172393],[-76.053947,45.174291],[-76.053676,45.174064],[-76.054205,45.173726],[-76.053859,45.173449],[-76.05351,45.173663],[-76.053622,45.173774],[-76.053451,45.173876],[-76.034464,45.158263],[-76.035817,45.1575],[-76.037037,45.158653],[-76.038126,45.158093],[-76.036865,45.156997],[-76.037671,45.156527],[-76.036916,45.155878],[-76.036134,45.156368],[-76.035889,45.156391],[-76.035722,45.156276],[-76.035263,45.156226],[-76.035031,45.156084],[-76.034522,45.156053],[-76.033791,45.156428],[-76.032796,45.156444],[-76.033187,45.156781],[-76.032777,45.156862],[-76.032161,45.156345],[-76.033614,45.156251],[-76.032612,45.155745],[-76.032435,45.155827],[-76.031952,45.155592],[-76.03156,45.155824],[-76.03007,45.154547],[-76.030127,45.154511],[-76.029986,45.153983],[-76.029995,45.153553],[-76.030304,45.15278],[-76.028953,45.153589],[-76.027933,45.152751],[-76.028511,45.15243],[-76.027739,45.1518],[-76.027163,45.152123],[-76.016382,45.143257],[-76.020224,45.140919],[-76.0171,45.13847],[-76.013379,45.140764],[-76.007659,45.135979],[-76.009019,45.135177],[-76.006428,45.132978],[-76.005083,45.133793],[-75.993539,45.124338],[-75.999832,45.120492],[-75.990685,45.113149],[-75.984623,45.11699],[-75.969605,45.104421],[-75.971593,45.103163],[-75.969682,45.101546],[-75.967652,45.102803],[-75.966893,45.102175],[-75.96896,45.100934],[-75.966546,45.098882],[-75.965803,45.099386],[-75.965207,45.099563],[-75.964298,45.100027],[-75.952266,45.089884],[-75.940885,45.080008],[-75.916858,45.093988],[-75.91128,45.097719],[-75.889365,45.111469],[-75.879703,45.117674],[-75.876562,45.115063],[-75.887063,45.108647],[-75.881738,45.104289],[-75.878175,45.108817],[-75.88165,45.111676],[-75.873775,45.116469],[-75.877196,45.119287],[-75.874679,45.120912],[-75.871321,45.118155],[-75.872769,45.1173],[-75.873874,45.118229],[-75.87446,45.117884],[-75.873188,45.116817],[-75.871283,45.11794],[-75.870018,45.118241],[-75.867336,45.116559],[-75.866308,45.11738],[-75.869208,45.119198],[-75.865516,45.121438],[-75.863346,45.119644],[-75.861858,45.120546],[-75.864195,45.122477],[-75.868698,45.119746],[-75.872112,45.122569],[-75.80033,45.169161],[-75.802815,45.172165],[-75.801011,45.173342],[-75.806748,45.178084],[-75.808142,45.17717],[-75.806983,45.176182],[-75.8083,45.175299],[-75.809695,45.176397],[-75.806914,45.178222],[-75.808721,45.179754],[-75.809259,45.179411],[-75.809589,45.179676],[-75.809691,45.179614],[-75.810588,45.180403],[-75.809342,45.180933],[-75.809499,45.181227],[-75.808173,45.181774],[-75.809012,45.182763],[-75.792345,45.189346],[-75.785629,45.192089],[-75.786743,45.194071],[-75.783423,45.195434],[-75.781365,45.191773],[-75.776566,45.193749],[-75.77738,45.194991],[-75.776496,45.195297],[-75.775896,45.194025],[-75.751873,45.203877],[-75.733072,45.211483],[-75.71557,45.218358],[-75.715017,45.218666],[-75.70338,45.223275],[-75.703159,45.223523],[-75.702289,45.223708],[-75.689828,45.228557],[-75.689503,45.228641],[-75.688217,45.22759],[-75.686318,45.22664],[-75.68437,45.227774],[-75.683558,45.228522],[-75.682701,45.229073],[-75.679789,45.232372],[-75.67909,45.232769],[-75.67634,45.233942],[-75.675409,45.234259],[-75.658133,45.241613],[-75.635939,45.251207],[-75.631238,45.253162],[-75.616039,45.259909],[-75.616087,45.259987],[-75.607177,45.263952],[-75.595032,45.269245],[-75.595869,45.27011],[-75.594533,45.270509],[-75.594054,45.269638],[-75.593725,45.26978],[-75.594695,45.271408],[-75.593373,45.271985],[-75.592403,45.270356],[-75.572423,45.278982],[-75.573017,45.279655],[-75.571139,45.280459],[-75.570993,45.280205],[-75.570771,45.280299],[-75.570557,45.279928],[-75.57065,45.279731],[-75.56774,45.280993],[-75.566648,45.279087],[-75.560891,45.281635],[-75.556503,45.283444],[-75.557173,45.284584],[-75.556218,45.28503],[-75.552354,45.28657],[-75.551906,45.286073],[-75.547494,45.287966],[-75.548501,45.289123],[-75.545215,45.290503],[-75.543117,45.286936],[-75.531743,45.291643],[-75.532112,45.292273],[-75.531898,45.292377],[-75.531014,45.292741],[-75.530645,45.292107],[-75.520248,45.296434],[-75.522355,45.299999],[-75.518109,45.301764],[-75.516814,45.299972],[-75.515536,45.300498],[-75.51621,45.301639],[-75.515828,45.301802],[-75.516272,45.302554],[-75.510892,45.304846],[-75.508783,45.301267],[-75.486616,45.310382],[-75.488521,45.313712],[-75.498651,45.309562],[-75.498349,45.30905],[-75.498863,45.308839],[-75.499305,45.309585],[-75.488425,45.314035],[-75.483604,45.30562],[-75.480997,45.306367],[-75.479827,45.304332],[-75.482435,45.303586],[-75.478625,45.296956],[-75.458253,45.305221],[-75.459336,45.307107],[-75.457834,45.307516],[-75.458738,45.309167],[-75.465605,45.306416],[-75.4675,45.309783],[-75.473506,45.311507],[-75.477444,45.318524],[-75.473104,45.320297],[-75.472742,45.319491],[-75.471067,45.320186],[-75.471428,45.320982],[-75.471268,45.321047],[-75.470705,45.319835],[-75.468942,45.320566],[-75.470412,45.321397],[-75.469867,45.32162],[-75.467777,45.320414],[-75.46706,45.320691],[-75.467568,45.321352],[-75.466609,45.321606],[-75.466786,45.321906],[-75.46627,45.322114],[-75.466703,45.322914],[-75.4654,45.323459],[-75.464986,45.322704],[-75.464647,45.322842],[-75.464603,45.322763],[-75.464458,45.322822],[-75.463837,45.32169],[-75.464962,45.321231],[-75.464791,45.320919],[-75.463708,45.321305],[-75.463681,45.321437],[-75.463412,45.321547],[-75.463607,45.321784],[-75.455728,45.325],[-75.45751,45.326585],[-75.437774,45.334554],[-75.437673,45.334222],[-75.435127,45.329663],[-75.435802,45.329391],[-75.435496,45.32884],[-75.434561,45.329212],[-75.436338,45.3325],[-75.433836,45.333163],[-75.435593,45.336407],[-75.436149,45.336253],[-75.436488,45.33689],[-75.432135,45.338042],[-75.433579,45.340798],[-75.433899,45.341074],[-75.434456,45.341152],[-75.438009,45.340222],[-75.437919,45.340053],[-75.437835,45.340075],[-75.437888,45.339994],[-75.437428,45.339131],[-75.435637,45.339605],[-75.436127,45.340527],[-75.435482,45.340698],[-75.434794,45.339406],[-75.434149,45.339576],[-75.434837,45.340868],[-75.434396,45.340976],[-75.434054,45.340929],[-75.433819,45.340734],[-75.432503,45.338262],[-75.432556,45.338181],[-75.437078,45.336984],[-75.436619,45.336122],[-75.438061,45.335721],[-75.438358,45.336279],[-75.43824,45.336454],[-75.43833,45.336624],[-75.437212,45.336948],[-75.437576,45.337631],[-75.43726,45.337715],[-75.43774,45.338616],[-75.437466,45.338688],[-75.436987,45.337787],[-75.436747,45.337851],[-75.437277,45.338848],[-75.439243,45.338327],[-75.439529,45.33848],[-75.439955,45.33928],[-75.438999,45.339545],[-75.438501,45.338608],[-75.437557,45.338858],[-75.437633,45.339],[-75.437728,45.338975],[-75.437764,45.339042],[-75.4378,45.33911],[-75.437705,45.339135],[-75.438061,45.339804],[-75.438952,45.339558],[-75.439499,45.340586],[-75.440528,45.340301],[-75.440667,45.340562],[-75.43542,45.342014],[-75.436928,45.344725],[-75.440646,45.343693],[-75.440846,45.344067],[-75.442299,45.343686],[-75.44261,45.344264]],[[-75.499691,44.716163],[-75.500071,44.716061],[-75.50007,44.715945],[-75.499766,44.716044],[-75.499691,44.716163]],[[-75.097828,45.324313],[-75.107799,45.321655],[-75.108944,45.323996],[-75.111948,45.324747],[-75.111619,45.324156],[-75.112522,45.323906],[-75.112429,45.323738],[-75.111526,45.323988],[-75.111212,45.323424],[-75.112115,45.323175],[-75.111803,45.322613],[-75.110929,45.322843],[-75.109653,45.320557],[-75.110288,45.320392],[-75.104047,45.31],[-75.103465,45.310182],[-75.103164,45.310014],[-75.102844,45.309614],[-75.102859,45.309525],[-75.101202,45.309199],[-75.101296,45.308895],[-75.101539,45.308553],[-75.101533,45.308349],[-75.10176,45.307917],[-75.102027,45.307108],[-75.102134,45.306997],[-75.09467,45.309163],[-75.086851,45.296538],[-75.083824,45.297484],[-75.083543,45.297021],[-75.082795,45.297251],[-75.085824,45.302088],[-75.084769,45.302182],[-75.083843,45.302149],[-75.082943,45.301938],[-75.080494,45.297959],[-75.079082,45.298375],[-75.080727,45.301039],[-75.080491,45.301005],[-75.079511,45.301138],[-75.079111,45.300788],[-75.078044,45.299336],[-75.077833,45.298989],[-75.077976,45.298701],[-75.074335,45.299773],[-75.082342,45.312828],[-75.076865,45.314481],[-75.085047,45.328056],[-75.089323,45.326813],[-75.090075,45.325999],[-75.089897,45.325281],[-75.090714,45.324639],[-75.091296,45.325],[-75.091827,45.325168],[-75.092652,45.325048],[-75.092978,45.324915],[-75.093568,45.32557],[-75.097828,45.324313]],[[-75.279145,45.281795],[-75.278432,45.282075],[-75.278145,45.281535],[-75.278859,45.281256],[-75.278215,45.280044],[-75.277497,45.280324],[-75.277401,45.280144],[-75.27812,45.279864],[-75.278024,45.279684],[-75.277306,45.279964],[-75.277212,45.279786],[-75.277927,45.279502],[-75.277074,45.277895],[-75.276556,45.278085],[-75.27642,45.277828],[-75.276934,45.27764],[-75.276844,45.27747],[-75.276503,45.277578],[-75.276433,45.277446],[-75.276779,45.277341],[-75.276643,45.277084],[-75.276294,45.277183],[-75.276224,45.277051],[-75.276555,45.276918],[-75.274933,45.273911],[-75.275177,45.273863],[-75.282264,45.287104],[-75.297735,45.280519],[-75.297014,45.279194],[-75.30467,45.275967],[-75.304768,45.276142],[-75.305208,45.275952],[-75.305199,45.276066],[-75.305289,45.276136],[-75.306239,45.276124],[-75.307743,45.276449],[-75.313358,45.274045],[-75.310485,45.268851],[-75.307568,45.263855],[-75.303566,45.265556],[-75.299193,45.257884],[-75.295425,45.259507],[-75.293969,45.25697],[-75.278785,45.263427],[-75.277332,45.260801],[-75.269623,45.264131],[-75.271985,45.268486],[-75.271622,45.268584],[-75.272025,45.269341],[-75.271544,45.269471],[-75.272798,45.271767],[-75.27202,45.272079],[-75.272225,45.272454],[-75.268657,45.273816],[-75.268643,45.273564],[-75.268196,45.273403],[-75.26669,45.273136],[-75.266206,45.2732],[-75.265951,45.273075],[-75.265067,45.272955],[-75.26178,45.267074],[-75.253905,45.270202],[-75.258068,45.277883],[-75.258248,45.277718],[-75.261379,45.283513],[-75.262024,45.283261],[-75.262194,45.283567],[-75.261549,45.28382],[-75.265193,45.29057],[-75.272932,45.287599],[-75.274333,45.290244],[-75.282028,45.287164],[-75.279145,45.281795]],[[-79.357819,45.086615],[-79.366549,45.084363],[-79.361978,45.075818],[-79.366895,45.074548],[-79.358912,45.059607],[-79.401857,45.048856],[-79.406521,45.042146],[-79.410647,45.034895],[-79.397679,45.020691],[-79.411123,45.010398],[-79.399417,45.004348],[-79.399591,44.989544],[-79.433409,44.982949],[-79.44059,45.001033],[-79.440693,44.999833],[-79.441776,44.997156],[-79.445606,44.995948],[-79.450168,44.99583],[-79.453708,44.995878],[-79.458492,44.997023],[-79.461491,44.998495],[-79.464458,45.001051],[-79.466923,45.00378],[-79.469669,45.005248],[-79.474743,45.00478],[-79.478832,45.003219],[-79.483043,45.001969],[-79.484409,45.001236],[-79.486974,45.000083],[-79.490705,44.999204],[-79.489809,44.997287],[-79.497683,44.973105],[-79.497105,44.973009],[-79.500082,44.9638],[-79.50308,44.955036],[-79.502853,44.954998],[-79.50578,44.946438],[-79.508786,44.937238],[-79.493956,44.934665],[-79.483786,44.933011],[-79.486166,44.926547],[-79.492607,44.906636],[-79.482807,44.905388],[-79.478085,44.904132],[-79.479626,44.899627],[-79.443414,44.894968],[-79.438272,44.883009],[-79.437111,44.879999],[-79.435966,44.87734],[-79.43359,44.877862],[-79.430432,44.869881],[-79.396008,44.87713],[-79.386827,44.879143],[-79.378016,44.858829],[-79.327056,44.870269],[-79.325933,44.870085],[-79.249228,44.887741],[-79.261855,44.915562],[-79.285888,44.967375],[-79.263872,44.973029],[-79.273038,44.990038],[-79.272769,44.990106],[-79.291911,45.025114],[-79.292159,45.028888],[-79.292731,45.031862],[-79.29278,45.033389],[-79.292596,45.034915],[-79.2913,45.038026],[-79.289393,45.040609],[-79.287534,45.043301],[-79.286685,45.046469],[-79.217677,45.064038],[-79.235882,45.098194],[-79.296988,45.083053],[-79.307661,45.099254],[-79.339583,45.091413],[-79.339561,45.088913],[-79.341072,45.089241],[-79.341322,45.090999],[-79.343733,45.090403],[-79.344483,45.092084],[-79.358724,45.088293],[-79.357819,45.086615]],[[-75.253527,44.974068],[-75.253303,44.973981],[-75.253082,44.974245],[-75.252844,44.973966],[-75.252947,44.973842],[-75.252636,44.973721],[-75.2522,44.973209],[-75.251175,44.972871],[-75.25113,44.972734],[-75.250089,44.972015],[-75.249615,44.971502],[-75.248553,44.970861],[-75.248341,44.970978],[-75.247769,44.970338],[-75.244395,44.971827],[-75.244574,44.972041],[-75.244383,44.972125],[-75.243853,44.971466],[-75.243317,44.971712],[-75.243179,44.971541],[-75.241523,44.972256],[-75.241942,44.972784],[-75.240712,44.973205],[-75.241642,44.974274],[-75.241592,44.974293],[-75.241816,44.974579],[-75.239989,44.975403],[-75.239337,44.974544],[-75.237861,44.975072],[-75.238991,44.976586],[-75.238671,44.976753],[-75.238964,44.977148],[-75.239273,44.976977],[-75.240552,44.9787],[-75.244815,44.977092],[-75.245254,44.977601],[-75.245123,44.977652],[-75.245307,44.977882],[-75.245475,44.97782],[-75.245802,44.978185],[-75.246402,44.977941],[-75.24846,44.980499],[-75.249467,44.980093],[-75.250038,44.980808],[-75.257438,44.977815],[-75.254033,44.97359],[-75.255325,44.973305],[-75.254261,44.973191],[-75.253527,44.974068]],[[-79.575068,45.117374],[-79.574162,45.118031],[-79.574389,45.118221],[-79.574822,45.117948],[-79.575015,45.117972],[-79.575008,45.117863],[-79.575561,45.117718],[-79.575068,45.117374]],[[-79.575153,45.117988],[-79.575874,45.118075],[-79.575975,45.118006],[-79.575591,45.117739],[-79.575147,45.117888],[-79.575153,45.117988]],[[-79.574066,45.118425],[-79.574217,45.11833],[-79.574001,45.118149],[-79.573391,45.118591],[-79.574174,45.119167],[-79.574066,45.118425]],[[-76.184652,45.24125],[-76.189657,45.238129],[-76.189002,45.237611],[-76.19048,45.236681],[-76.191761,45.23769],[-76.198555,45.23355],[-76.205357,45.23878],[-76.207212,45.237659],[-76.205691,45.236322],[-76.207506,45.235211],[-76.206347,45.234085],[-76.204989,45.232524],[-76.204791,45.232184],[-76.204559,45.232061],[-76.204412,45.231738],[-76.205231,45.231347],[-76.206285,45.231081],[-76.213099,45.226627],[-76.21118,45.225096],[-76.211263,45.225019],[-76.211054,45.225098],[-76.210933,45.225004],[-76.210998,45.224985],[-76.209945,45.224167],[-76.210665,45.223769],[-76.210202,45.22342],[-76.21215,45.222152],[-76.207616,45.218627],[-76.207435,45.218745],[-76.207125,45.218628],[-76.202083,45.214674],[-76.199876,45.216106],[-76.199749,45.21599],[-76.199476,45.215982],[-76.194378,45.212029],[-76.187846,45.216203],[-76.187783,45.216459],[-76.185035,45.218247],[-76.183713,45.218992],[-76.179339,45.221857],[-76.17482,45.224607],[-76.178828,45.227779],[-76.175538,45.229689],[-76.177121,45.231068],[-76.174097,45.232921],[-76.179092,45.236815],[-76.179442,45.237194],[-76.184652,45.24125]],[[-79.213173,45.320958],[-79.212794,45.320372],[-79.212316,45.319974],[-79.211978,45.320239],[-79.210277,45.319407],[-79.207256,45.320225],[-79.205953,45.321578],[-79.20501,45.32225],[-79.206715,45.325373],[-79.204542,45.326872],[-79.205009,45.326888],[-79.205491,45.327391],[-79.206611,45.327894],[-79.206889,45.32879],[-79.20649,45.328891],[-79.206385,45.328989],[-79.205466,45.328992],[-79.204987,45.32921],[-79.204552,45.329257],[-79.203842,45.329498],[-79.202216,45.329679],[-79.201936,45.32963],[-79.201661,45.329473],[-79.201417,45.329091],[-79.20118,45.328934],[-79.201003,45.328895],[-79.20068,45.329016],[-79.200376,45.328939],[-79.199353,45.328986],[-79.197756,45.329447],[-79.196718,45.329998],[-79.199295,45.334957],[-79.205236,45.333505],[-79.206068,45.335035],[-79.205777,45.335129],[-79.206579,45.33622],[-79.207178,45.336171],[-79.208678,45.336334],[-79.212012,45.335623],[-79.211029,45.333824],[-79.215832,45.332573],[-79.218892,45.33186],[-79.220189,45.33247],[-79.220524,45.331485],[-79.221682,45.331198],[-79.222595,45.331126],[-79.224078,45.330876],[-79.223871,45.329737],[-79.225137,45.330038],[-79.226031,45.330016],[-79.226849,45.329543],[-79.227579,45.328645],[-79.22737,45.327984],[-79.227161,45.327729],[-79.227016,45.32707],[-79.226605,45.326757],[-79.226193,45.326031],[-79.226335,45.325583],[-79.226283,45.325204],[-79.226737,45.324149],[-79.227951,45.322853],[-79.228436,45.322465],[-79.22889,45.322202],[-79.229548,45.321969],[-79.230095,45.322023],[-79.230323,45.322098],[-79.230433,45.322226],[-79.230705,45.322104],[-79.231262,45.322266],[-79.232038,45.322323],[-79.232226,45.322452],[-79.232711,45.32245],[-79.233843,45.322144],[-79.235444,45.321547],[-79.237295,45.320699],[-79.237155,45.320551],[-79.235842,45.317975],[-79.231081,45.31919],[-79.230225,45.317611],[-79.225103,45.319001],[-79.220441,45.320125],[-79.220061,45.319392],[-79.218654,45.319779],[-79.218926,45.320637],[-79.218557,45.32074],[-79.218349,45.320902],[-79.215649,45.321316],[-79.215452,45.321545],[-79.214108,45.321955],[-79.213418,45.320867],[-79.213173,45.320958]],[[-80.013267,45.361608],[-80.012583,45.361981],[-80.012465,45.362205],[-80.009094,45.362277],[-80.006239,45.361965],[-80.006307,45.362728],[-80.006787,45.363056],[-80.010588,45.3633],[-80.011061,45.363588],[-80.011607,45.363755],[-80.012337,45.36368],[-80.013048,45.363884],[-80.013545,45.364671],[-80.014164,45.365073],[-80.015035,45.36522],[-80.015024,45.365084],[-80.015117,45.365033],[-80.015559,45.365634],[-80.015704,45.366765],[-80.015188,45.367125],[-80.014702,45.367184],[-80.01429,45.367342],[-80.013575,45.367345],[-80.013533,45.367561],[-80.014043,45.367851],[-80.012446,45.368407],[-80.011895,45.368519],[-80.011751,45.368707],[-80.012661,45.369254],[-80.013323,45.36936],[-80.013579,45.369518],[-80.022069,45.36722],[-80.026585,45.375711],[-80.026965,45.375611],[-80.027038,45.375747],[-80.046261,45.370678],[-80.046057,45.369059],[-80.046033,45.366811],[-80.063025,45.36219],[-80.051479,45.329909],[-80.03631,45.327713],[-80.035918,45.327768],[-80.035858,45.327677],[-80.015454,45.330611],[-80.016501,45.336863],[-80.002105,45.340736],[-80.013267,45.361608]],[[-77.389883,45.561499],[-77.390869,45.56147],[-77.391346,45.561541],[-77.391864,45.561683],[-77.392415,45.561986],[-77.39409,45.561897],[-77.394724,45.562343],[-77.395534,45.562695],[-77.395799,45.562617],[-77.395976,45.562254],[-77.396381,45.562819],[-77.398037,45.565875],[-77.402928,45.564558],[-77.401761,45.562425],[-77.401897,45.562399],[-77.402174,45.562643],[-77.403445,45.562266],[-77.404204,45.562256],[-77.406621,45.563091],[-77.408042,45.563754],[-77.410094,45.567509],[-77.41491,45.566207],[-77.417245,45.570467],[-77.417753,45.570328],[-77.417749,45.570151],[-77.418801,45.569273],[-77.419559,45.568266],[-77.421544,45.563886],[-77.421599,45.563899],[-77.423675,45.559074],[-77.436931,45.555464],[-77.432507,45.547415],[-77.431578,45.547916],[-77.431276,45.547367],[-77.431613,45.547185],[-77.431041,45.546057],[-77.429317,45.546539],[-77.429824,45.547472],[-77.425526,45.548626],[-77.425348,45.548312],[-77.424956,45.548419],[-77.425115,45.548737],[-77.420144,45.55007],[-77.419979,45.549509],[-77.419221,45.549715],[-77.419385,45.550274],[-77.419045,45.549749],[-77.418662,45.549852],[-77.418965,45.550387],[-77.418628,45.549865],[-77.418421,45.549927],[-77.418307,45.54965],[-77.417195,45.549908],[-77.416259,45.54818],[-77.415999,45.547908],[-77.416026,45.547647],[-77.41663,45.546757],[-77.415589,45.546872],[-77.415146,45.546771],[-77.414978,45.546234],[-77.414812,45.546231],[-77.412401,45.544203],[-77.411966,45.543356],[-77.411742,45.542658],[-77.408155,45.54363],[-77.407545,45.542536],[-77.402298,45.543035],[-77.403298,45.544875],[-77.393545,45.547374],[-77.391238,45.543157],[-77.381333,45.54571],[-77.264461,45.332365],[-77.10239,45.376961],[-77.080299,45.339178],[-76.906253,45.386871],[-77.093518,45.718598],[-77.279578,45.669671],[-77.395692,45.637747],[-77.425062,45.691734],[-77.454649,45.683475],[-77.389883,45.561499]],[[-79.415207,45.620004],[-79.416492,45.619671],[-79.421152,45.618211],[-79.417605,45.611622],[-79.407538,45.613474],[-79.402693,45.614788],[-79.392807,45.61722],[-79.395358,45.621824],[-79.395345,45.622007],[-79.395023,45.622165],[-79.395973,45.623998],[-79.39646,45.623873],[-79.401845,45.63397],[-79.4136,45.630914],[-79.415207,45.620004]],[[-80.464598,45.668954],[-80.464845,45.677914],[-80.46512,45.697737],[-80.506032,45.681063],[-80.506167,45.65229],[-80.464598,45.668954]],[[-79.653541,45.668471],[-79.646378,45.655381],[-79.629344,45.662441],[-79.630917,45.664648],[-79.630916,45.66625],[-79.630622,45.66829],[-79.652643,45.669869],[-79.654671,45.670248],[-79.653733,45.66855],[-79.653541,45.668471]],[[-76.843676,45.735557],[-76.846448,45.739221],[-76.850438,45.744078],[-76.859506,45.738636],[-76.857838,45.73736],[-76.859009,45.736662],[-76.85939,45.736321],[-76.859796,45.736539],[-76.860433,45.736011],[-76.860761,45.735959],[-76.860983,45.735765],[-76.861485,45.736145],[-76.861897,45.736183],[-76.862295,45.736079],[-76.863209,45.73553],[-76.864246,45.73674],[-76.864757,45.737508],[-76.867529,45.740992],[-76.867487,45.741018],[-76.869488,45.743649],[-76.882747,45.735756],[-76.879147,45.731089],[-76.877172,45.731788],[-76.876829,45.731102],[-76.876978,45.73103],[-76.876916,45.730734],[-76.87727,45.730508],[-76.877266,45.729879],[-76.876903,45.729621],[-76.876906,45.728757],[-76.876233,45.728412],[-76.87677,45.728093],[-76.870813,45.72043],[-76.866132,45.723597],[-76.857992,45.728857],[-76.848158,45.716241],[-76.834705,45.724438],[-76.843676,45.735557]],[[-76.715291,45.476174],[-76.706125,45.468797],[-76.704397,45.467579],[-76.701094,45.465015],[-76.696132,45.461056],[-76.694544,45.45968],[-76.684225,45.451446],[-76.677004,45.455948],[-76.677732,45.456552],[-76.675883,45.457708],[-76.670477,45.460755],[-76.670405,45.460975],[-76.663723,45.465209],[-76.656026,45.469857],[-76.654063,45.468315],[-76.654384,45.468116],[-76.654032,45.467829],[-76.654727,45.4674],[-76.654475,45.467193],[-76.648066,45.471052],[-76.648509,45.471374],[-76.642047,45.475271],[-76.642855,45.475903],[-76.647471,45.475458],[-76.646731,45.475896],[-76.633037,45.477349],[-76.633509,45.477657],[-76.63531,45.478441],[-76.64506,45.482131],[-76.647441,45.48112],[-76.647936,45.481221],[-76.648806,45.480633],[-76.649569,45.481301],[-76.649104,45.48259],[-76.6496,45.483605],[-76.650935,45.484333],[-76.655467,45.48604],[-76.656252,45.486446],[-76.660554,45.486288],[-76.661196,45.48591],[-76.661342,45.485656],[-76.661704,45.485344],[-76.662146,45.48514],[-76.662897,45.485003],[-76.663974,45.485095],[-76.664401,45.485242],[-76.665625,45.486385],[-76.666217,45.486503],[-76.666331,45.486465],[-76.666553,45.486183],[-76.666659,45.485443],[-76.667017,45.484142],[-76.667175,45.483842],[-76.667382,45.483902],[-76.667523,45.483477],[-76.667488,45.483172],[-76.667824,45.482843],[-76.667969,45.482553],[-76.668677,45.482272],[-76.669367,45.481785],[-76.670073,45.481442],[-76.671849,45.481335],[-76.672388,45.481381],[-76.67287,45.481671],[-76.673491,45.482355],[-76.674013,45.483122],[-76.674248,45.483721],[-76.674432,45.483881],[-76.675081,45.484168],[-76.675182,45.484158],[-76.675331,45.483868],[-76.682899,45.489629],[-76.687921,45.493804],[-76.694682,45.489563],[-76.694266,45.489221],[-76.701767,45.484667],[-76.715291,45.476174]],[[-79.396911,45.759896],[-79.373237,45.767424],[-79.381422,45.782359],[-79.405832,45.775817],[-79.396911,45.759896]],[[-81.130545,45.942985],[-81.129278,45.94392],[-81.129797,45.945],[-81.129228,45.945656],[-81.12594,45.945075],[-81.124867,45.944393],[-81.125122,45.943452],[-81.124198,45.94364],[-81.124077,45.943337],[-81.122104,45.941921],[-81.119514,45.942574],[-81.11845,45.941974],[-81.116602,45.942041],[-81.116456,45.94131],[-81.114623,45.941654],[-81.113749,45.94145],[-81.111127,45.943567],[-81.108633,45.942399],[-81.106134,45.942622],[-81.105952,45.941655],[-81.105083,45.941783],[-81.102969,45.941158],[-81.100881,45.94309],[-81.100135,45.943112],[-81.100674,45.941981],[-81.099665,45.939996],[-81.098784,45.940494],[-81.096259,45.938971],[-81.096092,45.939133],[-81.095602,45.939313],[-81.095904,45.93932],[-81.095926,45.944905],[-81.095454,45.944639],[-81.095074,45.944285],[-81.094828,45.943878],[-81.094733,45.943441],[-81.094818,45.94292],[-81.095,45.942546],[-81.095572,45.942008],[-81.095211,45.941799],[-81.094727,45.942333],[-81.093777,45.942866],[-81.092078,45.943273],[-81.090822,45.943413],[-81.090089,45.943371],[-81.089185,45.943139],[-81.088692,45.942902],[-81.088092,45.942373],[-81.087337,45.942452],[-81.086711,45.942421],[-81.086212,45.942634],[-81.085619,45.942765],[-81.083478,45.942699],[-81.082693,45.942494],[-81.082324,45.942314],[-81.082006,45.942092],[-81.081661,45.941706],[-81.081192,45.9418],[-81.079841,45.941855],[-81.078958,45.941747],[-81.076918,45.942114],[-81.076826,45.988281],[-81.076951,46.052169],[-81.076901,46.110919],[-81.078081,46.11119],[-81.078547,46.111216],[-81.078791,46.111326],[-81.079,46.111216],[-81.07953,46.111144],[-81.080035,46.111233],[-81.080358,46.111027],[-81.081222,46.111753],[-81.082593,46.110799],[-81.085157,46.108176],[-81.089106,46.104665],[-81.090024,46.103923],[-81.091279,46.103159],[-81.09219,46.102767],[-81.102896,46.099185],[-81.116494,46.095674],[-81.117709,46.095448],[-81.118995,46.095409],[-81.119761,46.095484],[-81.123181,46.096395],[-81.125012,46.096608],[-81.129321,46.095929],[-81.131522,46.095252],[-81.132515,46.094787],[-81.133424,46.09425],[-81.136641,46.092085],[-81.142479,46.088533],[-81.143385,46.088059],[-81.144159,46.087774],[-81.146816,46.087134],[-81.147804,46.086707],[-81.14863,46.08613],[-81.154566,46.080974],[-81.155514,46.080266],[-81.159365,46.07802],[-81.160495,46.077554],[-81.16178,46.077295],[-81.163139,46.077264],[-81.163827,46.07734],[-81.167736,46.078258],[-81.168832,46.078316],[-81.169979,46.078163],[-81.170592,46.077991],[-81.171899,46.077377],[-81.178857,46.073233],[-81.180126,46.072406],[-81.179946,46.062737],[-81.179585,46.062734],[-81.179183,46.0626],[-81.178099,46.062962],[-81.177349,46.063107],[-81.17709,46.063071],[-81.176651,46.06318],[-81.176263,46.063172],[-81.176044,46.063415],[-81.175889,46.063442],[-81.175475,46.063218],[-81.173937,46.063391],[-81.172052,46.064519],[-81.171653,46.065006],[-81.171641,46.065159],[-81.171088,46.065612],[-81.168781,46.06429],[-81.167978,46.06412],[-81.167667,46.063869],[-81.167189,46.063878],[-81.166789,46.064077],[-81.166402,46.064537],[-81.166741,46.065328],[-81.166703,46.065517],[-81.166496,46.065779],[-81.166459,46.066148],[-81.165699,46.06704],[-81.16535,46.067166],[-81.165001,46.067059],[-81.164171,46.066484],[-81.164209,46.066034],[-81.163781,46.065593],[-81.163612,46.065351],[-81.163612,46.065216],[-81.163908,46.064909],[-81.166153,46.063295],[-81.166436,46.062916],[-81.166759,46.062916],[-81.167236,46.062141],[-81.1677,46.06179],[-81.167673,46.061601],[-81.168757,46.060771],[-81.169287,46.060797],[-81.170088,46.060463],[-81.170655,46.05985],[-81.170602,46.059445],[-81.170718,46.059301],[-81.17162,46.058454],[-81.172251,46.057706],[-81.173682,46.056578],[-81.173967,46.056551],[-81.174433,46.056757],[-81.174498,46.056865],[-81.174305,46.057063],[-81.17446,46.057225],[-81.174435,46.057486],[-81.174991,46.05762],[-81.175767,46.057448],[-81.177368,46.056843],[-81.178413,46.056139],[-81.179278,46.055742],[-81.179264,46.055463],[-81.178939,46.055067],[-81.179106,46.054536],[-81.178509,46.053916],[-81.178598,46.053601],[-81.178753,46.053573],[-81.178961,46.053663],[-81.179363,46.054328],[-81.179882,46.054697],[-81.179857,46.054913],[-81.179973,46.055066],[-81.180077,46.055083],[-81.180412,46.054795],[-81.180774,46.054731],[-81.181302,46.054127],[-81.181985,46.053532],[-81.182076,46.05364],[-81.182064,46.053955],[-81.181949,46.054297],[-81.182169,46.054396],[-81.182208,46.054495],[-81.182132,46.054909],[-81.182184,46.054972],[-81.182571,46.054962],[-81.18274,46.055124],[-81.183735,46.054997],[-81.184096,46.054771],[-81.185233,46.054391],[-81.185516,46.054103],[-81.185682,46.053589],[-81.186004,46.053211],[-81.18656,46.053021],[-81.187245,46.053164],[-81.187904,46.052956],[-81.188369,46.052901],[-81.188433,46.052847],[-81.188407,46.052595],[-81.188793,46.052189],[-81.188999,46.052099],[-81.189476,46.051675],[-81.190754,46.050989],[-81.191502,46.050709],[-81.192562,46.050689],[-81.192848,46.05112],[-81.194073,46.050164],[-81.194858,46.049335],[-81.194961,46.049083],[-81.19469,46.049245],[-81.194341,46.049102],[-81.194468,46.04848],[-81.194905,46.047814],[-81.195241,46.047696],[-81.1959,46.047866],[-81.196158,46.047695],[-81.196286,46.047226],[-81.196725,46.047172],[-81.197357,46.046891],[-81.197862,46.046882],[-81.19821,46.046773],[-81.199152,46.046312],[-81.199861,46.045771],[-81.200105,46.045411],[-81.203356,46.04365],[-81.203742,46.043163],[-81.203843,46.042515],[-81.204255,46.041983],[-81.204796,46.041622],[-81.206152,46.041377],[-81.206617,46.041169],[-81.207259,46.040043],[-81.208974,46.038271],[-81.229701,46.039791],[-81.224564,46.001764],[-81.220957,46.002633],[-81.216345,46.002013],[-81.216239,46.000017],[-81.210644,46.002618],[-81.208361,45.999367],[-81.204321,45.999938],[-81.204228,46.009749],[-81.194442,46.009774],[-81.194411,46.000265],[-81.187147,45.99976],[-81.176819,46.001348],[-81.163286,46.000168],[-81.154746,46.001475],[-81.154129,46.002325],[-81.15103,46.001356],[-81.151276,45.998855],[-81.153565,45.990033],[-81.149386,45.987052],[-81.148636,45.982726],[-81.164828,45.965239],[-81.166588,45.965261],[-81.168168,45.964573],[-81.169549,45.96292],[-81.171997,45.962733],[-81.180619,45.957435],[-81.179012,45.956181],[-81.175595,45.957809],[-81.174974,45.957603],[-81.181038,45.952477],[-81.179087,45.952538],[-81.179299,45.951086],[-81.181386,45.950421],[-81.183064,45.947321],[-81.188114,45.94469],[-81.184948,45.944695],[-81.185538,45.943388],[-81.182809,45.943098],[-81.181629,45.944714],[-81.180903,45.944937],[-81.180099,45.944629],[-81.182674,45.942237],[-81.180622,45.941646],[-81.178039,45.943359],[-81.177235,45.943301],[-81.178158,45.942103],[-81.176555,45.942314],[-81.170862,45.941322],[-81.168641,45.93955],[-81.173531,45.938652],[-81.182414,45.936736],[-81.190791,45.933773],[-81.199,45.931233],[-81.190354,45.931378],[-81.186882,45.930128],[-81.181517,45.931517],[-81.177243,45.931943],[-81.173311,45.93152],[-81.169576,45.93087],[-81.167862,45.927334],[-81.165479,45.924352],[-81.154866,45.927121],[-81.155393,45.920557],[-81.151569,45.92195],[-81.150463,45.920892],[-81.149833,45.92109],[-81.149246,45.920586],[-81.148037,45.921332],[-81.146956,45.921367],[-81.146424,45.920816],[-81.145076,45.920328],[-81.144454,45.920328],[-81.144205,45.920571],[-81.143945,45.920308],[-81.143266,45.92036],[-81.142844,45.920187],[-81.14285,45.919834],[-81.142119,45.919661],[-81.140178,45.920498],[-81.139215,45.922271],[-81.14004,45.92256],[-81.140763,45.923443],[-81.141122,45.924897],[-81.142549,45.925125],[-81.144411,45.926082],[-81.143243,45.928775],[-81.144703,45.930138],[-81.141004,45.933156],[-81.139512,45.932636],[-81.135366,45.939318],[-81.132248,45.94041],[-81.133826,45.941615],[-81.13474,45.941303],[-81.134926,45.941926],[-81.134013,45.942155],[-81.131874,45.94149],[-81.130545,45.942985]],[[-82.081903,46.20233],[-82.080619,46.202945],[-82.079725,46.203655],[-82.080063,46.203706],[-82.079528,46.203661],[-82.079365,46.203857],[-82.077754,46.204331],[-82.077574,46.204482],[-82.07696,46.204725],[-82.074847,46.20542],[-82.072933,46.206275],[-82.067284,46.207884],[-82.067167,46.207697],[-82.066804,46.207806],[-82.066937,46.20802],[-82.066308,46.208175],[-82.066932,46.209069],[-82.067654,46.209441],[-82.068,46.209154],[-82.069697,46.208641],[-82.069699,46.209974],[-82.06878,46.210022],[-82.070042,46.210674],[-82.07047,46.211403],[-82.070154,46.211403],[-82.070437,46.211933],[-82.070605,46.212579],[-82.070862,46.213108],[-82.070748,46.213226],[-82.070451,46.21331],[-82.07029,46.2136],[-82.070378,46.213796],[-82.071078,46.214587],[-82.071229,46.214733],[-82.071503,46.214713],[-82.071608,46.214784],[-82.071637,46.214954],[-82.071506,46.215568],[-82.070599,46.216908],[-82.069948,46.217454],[-82.069576,46.217656],[-82.069399,46.217864],[-82.069363,46.218045],[-82.069653,46.218276],[-82.07059,46.218447],[-82.071243,46.218702],[-82.071494,46.218943],[-82.071952,46.219164],[-82.07214,46.219468],[-82.072116,46.219594],[-82.071898,46.219704],[-82.071823,46.21984],[-82.072061,46.220108],[-82.07187,46.220244],[-82.071834,46.220416],[-82.071937,46.221036],[-82.072266,46.221294],[-82.073138,46.221448],[-82.073504,46.221624],[-82.07415,46.222149],[-82.074536,46.222676],[-82.075035,46.222987],[-82.075067,46.223301],[-82.075366,46.223362],[-82.074707,46.224133],[-82.074488,46.224189],[-82.073967,46.224104],[-82.073911,46.224509],[-82.074006,46.225436],[-82.073182,46.226406],[-82.073146,46.226551],[-82.073499,46.2267],[-82.073633,46.226924],[-82.074762,46.226958],[-82.075084,46.226856],[-82.07531,46.226449],[-82.075762,46.226382],[-82.076363,46.226574],[-82.0766,46.226788],[-82.076814,46.227749],[-82.076561,46.229326],[-82.076593,46.235083],[-82.097185,46.234978],[-82.097314,46.246229],[-82.101574,46.246197],[-82.101582,46.246815],[-82.101839,46.247407],[-82.103065,46.249479],[-82.107578,46.249454],[-82.107624,46.244934],[-82.101976,46.244988],[-82.101741,46.244015],[-82.101274,46.243621],[-82.107638,46.24356],[-82.10778,46.227874],[-82.100859,46.227862],[-82.100885,46.226319],[-82.098298,46.226293],[-82.098579,46.227876],[-82.097214,46.227966],[-82.093244,46.227915],[-82.089769,46.227973],[-82.086869,46.227864],[-82.086905,46.220663],[-82.086802,46.211203],[-82.085403,46.211433],[-82.085284,46.211382],[-82.085043,46.210674],[-82.086793,46.210387],[-82.086677,46.200956],[-82.085721,46.201385],[-82.085177,46.201426],[-82.085343,46.201253],[-82.085289,46.201191],[-82.081903,46.20233]],[[-81.793733,46.244937],[-81.794773,46.244936],[-81.794771,46.244413],[-81.794491,46.24433],[-81.794445,46.244208],[-81.794518,46.244093],[-81.79555,46.244033],[-81.795521,46.235502],[-81.772527,46.235546],[-81.772929,46.23477],[-81.772953,46.23459],[-81.772716,46.234322],[-81.772312,46.234243],[-81.771537,46.234438],[-81.7712,46.234422],[-81.769519,46.233902],[-81.768808,46.234042],[-81.7685,46.23426],[-81.767993,46.234201],[-81.767491,46.234438],[-81.767309,46.234421],[-81.766969,46.234234],[-81.76662,46.234282],[-81.766252,46.233987],[-81.765759,46.233937],[-81.765528,46.234109],[-81.765299,46.23448],[-81.764732,46.234726],[-81.764524,46.234692],[-81.764844,46.234348],[-81.764739,46.234258],[-81.764388,46.234225],[-81.760053,46.235455],[-81.753707,46.235408],[-81.743149,46.235484],[-81.743285,46.243185],[-81.74374,46.243222],[-81.743602,46.243612],[-81.743295,46.243613],[-81.74363,46.264642],[-81.743436,46.278948],[-81.760602,46.27888],[-81.760634,46.276233],[-81.76158,46.276257],[-81.761321,46.278877],[-81.774323,46.278824],[-81.78557,46.279008],[-81.786387,46.278614],[-81.787915,46.278169],[-81.788893,46.277695],[-81.785427,46.276217],[-81.78543,46.275722],[-81.789322,46.277393],[-81.789869,46.277009],[-81.790023,46.277158],[-81.790716,46.277124],[-81.791575,46.276849],[-81.792418,46.277241],[-81.793721,46.27632],[-81.795715,46.276315],[-81.79564,46.264467],[-81.800544,46.264445],[-81.80009,46.263204],[-81.801645,46.262959],[-81.803881,46.26283],[-81.807051,46.262519],[-81.811179,46.262581],[-81.813694,46.26247],[-81.813926,46.264042],[-81.816263,46.264017],[-81.820705,46.264245],[-81.826816,46.264277],[-81.826779,46.260606],[-81.828864,46.260742],[-81.832196,46.261108],[-81.834571,46.261831],[-81.836611,46.261906],[-81.838229,46.2625],[-81.841047,46.264472],[-81.841052,46.264817],[-81.840765,46.265548],[-81.840509,46.265802],[-81.840135,46.265913],[-81.839577,46.265908],[-81.839138,46.266109],[-81.837723,46.266048],[-81.837568,46.266094],[-81.83761,46.266318],[-81.837183,46.266346],[-81.83719,46.267612],[-81.840919,46.267981],[-81.841529,46.268231],[-81.84173,46.268484],[-81.841768,46.269071],[-81.841985,46.269295],[-81.84763,46.2693],[-81.847603,46.264384],[-81.841246,46.264354],[-81.838386,46.262353],[-81.836682,46.261727],[-81.834633,46.261652],[-81.83227,46.260933],[-81.830198,46.260705],[-81.830186,46.259522],[-81.827993,46.259386],[-81.825697,46.259421],[-81.825708,46.260511],[-81.819231,46.261846],[-81.813666,46.262314],[-81.80983,46.262455],[-81.808464,46.262297],[-81.801598,46.26278],[-81.800272,46.262974],[-81.795638,46.26401],[-81.795569,46.249895],[-81.794789,46.249896],[-81.794783,46.248091],[-81.794263,46.248092],[-81.79426,46.24719],[-81.793741,46.247191],[-81.793733,46.244937]],[[-81.873457,46.264961],[-81.873603,46.266131],[-81.873599,46.271404],[-81.873054,46.271659],[-81.871575,46.271961],[-81.870659,46.271977],[-81.869493,46.271825],[-81.867843,46.272027],[-81.8679,46.27937],[-81.899444,46.279422],[-81.899442,46.26424],[-81.896587,46.264201],[-81.895947,46.264447],[-81.889088,46.266302],[-81.889115,46.264099],[-81.878786,46.264269],[-81.873077,46.264197],[-81.873457,46.264961]],[[-79.341353,46.248646],[-79.351055,46.265885],[-79.379364,46.318836],[-79.373966,46.319685],[-79.366474,46.32042],[-79.361492,46.319953],[-79.320744,46.312197],[-79.317554,46.312123],[-79.303409,46.312526],[-79.272427,46.312994],[-79.256325,46.313136],[-79.256775,46.448498],[-79.340573,46.448571],[-79.445309,46.448519],[-79.46626,46.448501],[-79.504407,46.448313],[-79.504289,46.441936],[-79.504194,46.419263],[-79.504055,46.411488],[-79.504041,46.404821],[-79.503865,46.390368],[-79.503562,46.375812],[-79.503361,46.346831],[-79.502084,46.222853],[-79.422159,46.227211],[-79.341353,46.248646]],[[-81.070871,46.343478],[-81.071537,46.344148],[-81.073478,46.348783],[-81.052504,46.348771],[-81.05246,46.364315],[-81.020933,46.363883],[-81.020937,46.363646],[-81.020447,46.363675],[-81.020179,46.363878],[-81.007693,46.363786],[-81.007174,46.36356],[-81.006854,46.363322],[-80.989198,46.363577],[-80.879201,46.362706],[-80.879582,46.376842],[-80.879234,46.391046],[-80.879551,46.395715],[-80.879497,46.398625],[-80.87963,46.408409],[-80.878784,46.40931],[-80.878904,46.4101],[-80.879002,46.413231],[-80.87442,46.413257],[-80.874494,46.41688],[-80.877606,46.416406],[-80.878386,46.416218],[-80.879209,46.416148],[-80.879527,46.41695],[-80.879908,46.417562],[-80.880022,46.420725],[-80.880195,46.435032],[-80.881232,46.464363],[-80.881239,46.481404],[-80.88133,46.481404],[-80.88124,46.481634],[-80.881294,46.521989],[-80.881546,46.536843],[-80.913816,46.537148],[-80.913805,46.537841],[-80.914765,46.537854],[-80.914778,46.537163],[-80.921048,46.537249],[-80.920971,46.537339],[-80.920888,46.540161],[-80.923241,46.544054],[-80.923248,46.545562],[-80.924298,46.547232],[-80.931985,46.547232],[-80.9334,46.546288],[-80.934582,46.545735],[-80.936,46.544711],[-80.93665,46.544383],[-80.939147,46.543416],[-80.940397,46.54319],[-80.941327,46.542722],[-80.942307,46.542383],[-80.943107,46.540862],[-80.94393,46.540281],[-80.943933,46.540926],[-80.95427,46.540887],[-80.95425,46.537126],[-80.978862,46.536903],[-80.978828,46.538019],[-80.979008,46.539163],[-80.980709,46.544323],[-80.981672,46.551566],[-80.996326,46.55152],[-80.995896,46.544135],[-81.006364,46.544135],[-81.006139,46.540281],[-81.016562,46.540239],[-81.016352,46.536662],[-81.026646,46.536698],[-81.047837,46.536568],[-81.068767,46.536784],[-81.06891,46.52234],[-81.069395,46.507892],[-81.069731,46.494473],[-81.09458,46.494822],[-81.094598,46.493725],[-81.082192,46.488053],[-81.082368,46.481287],[-81.081747,46.481315],[-81.081421,46.481144],[-81.081304,46.480964],[-81.081094,46.480055],[-81.081406,46.479596],[-81.083828,46.478883],[-81.08431,46.478856],[-81.085169,46.478234],[-81.086966,46.477675],[-81.087656,46.477269],[-81.089127,46.476719],[-81.089401,46.476872],[-81.09,46.476692],[-81.090573,46.476745],[-81.091759,46.47714],[-81.092983,46.476959],[-81.093283,46.477031],[-81.093844,46.477436],[-81.094509,46.477741],[-81.094878,46.477823],[-81.094965,46.473478],[-81.105372,46.473632],[-81.105519,46.466246],[-81.08276,46.466281],[-81.077005,46.465907],[-81.07719,46.458831],[-81.082952,46.458893],[-81.082943,46.459245],[-81.083,46.459174],[-81.089112,46.45924],[-81.08928,46.452096],[-81.074091,46.452062],[-81.074713,46.435228],[-81.067621,46.439404],[-81.063972,46.441403],[-81.062652,46.441988],[-81.060132,46.442773],[-81.058904,46.443016],[-81.056291,46.443373],[-81.055924,46.442734],[-81.053523,46.442801],[-81.053394,46.436865],[-81.053446,46.436496],[-81.054966,46.438014],[-81.05573,46.438537],[-81.055961,46.439434],[-81.056881,46.439817],[-81.057146,46.440521],[-81.057867,46.440733],[-81.05806,46.440995],[-81.058137,46.441418],[-81.060666,46.441722],[-81.063144,46.441204],[-81.06647,46.439481],[-81.074737,46.434645],[-81.076987,46.379193],[-81.076804,46.378642],[-81.076825,46.378271],[-81.075687,46.377264],[-81.076312,46.376732],[-81.076468,46.375717],[-81.076384,46.375648],[-81.076992,46.375341],[-81.077599,46.364643],[-81.077602,46.356015],[-81.082799,46.356027],[-81.082905,46.34889],[-81.077602,46.348785],[-81.07287,46.344435],[-81.073798,46.343701],[-81.072968,46.342864],[-81.072391,46.343208],[-81.071508,46.343261],[-81.0713,46.343468],[-81.070871,46.343478]],[[-80.862953,46.486308],[-80.8625,46.48629],[-80.862466,46.4866],[-80.862073,46.486579],[-80.862127,46.486094],[-80.865494,46.486224],[-80.865418,46.477936],[-80.865651,46.464342],[-80.839788,46.464302],[-80.839755,46.461338],[-80.839105,46.461963],[-80.837643,46.463059],[-80.837278,46.463221],[-80.836471,46.463237],[-80.836015,46.463354],[-80.83531,46.463776],[-80.834831,46.464293],[-80.828915,46.464283],[-80.828915,46.466947],[-80.824572,46.469817],[-80.824272,46.470113],[-80.823472,46.471196],[-80.818455,46.471163],[-80.818455,46.471084],[-80.813183,46.471109],[-80.813124,46.474114],[-80.808016,46.474024],[-80.808023,46.478695],[-80.813056,46.478713],[-80.813095,46.49042],[-80.816547,46.488278],[-80.817863,46.488308],[-80.817862,46.489126],[-80.818161,46.489259],[-80.818161,46.488317],[-80.818447,46.488326],[-80.818446,46.489942],[-80.821596,46.49],[-80.821594,46.488262],[-80.823556,46.48831],[-80.823556,46.48918],[-80.833994,46.489327],[-80.833994,46.48991],[-80.837327,46.492411],[-80.839008,46.493004],[-80.83933,46.493001],[-80.83933,46.493065],[-80.841267,46.493522],[-80.841209,46.493654],[-80.846126,46.494784],[-80.847947,46.494906],[-80.85043,46.494932],[-80.850822,46.495024],[-80.862216,46.495142],[-80.862237,46.494],[-80.867067,46.494048],[-80.866477,46.492989],[-80.865514,46.492989],[-80.865516,46.491264],[-80.864499,46.489437],[-80.862953,46.486308]],[[-80.00823,46.370361],[-80.007955,46.370494],[-80.007822,46.370664],[-80.00756,46.370743],[-80.0073,46.37074],[-80.006021,46.371035],[-80.005467,46.371471],[-80.005042,46.371634],[-80.004331,46.371705],[-80.003622,46.371383],[-80.003245,46.371371],[-80.002314,46.371813],[-80.002348,46.372074],[-80.001774,46.372204],[-80.001151,46.372145],[-80.0005,46.372202],[-79.999891,46.372062],[-79.999164,46.372019],[-79.997723,46.371197],[-79.997558,46.370934],[-79.997539,46.370592],[-79.997235,46.370157],[-79.996977,46.370047],[-79.995823,46.369839],[-79.995656,46.369774],[-79.995632,46.369621],[-79.995025,46.369427],[-79.994552,46.369008],[-79.994113,46.368824],[-79.993587,46.368442],[-79.99322,46.367889],[-79.992822,46.367661],[-79.992747,46.367462],[-79.992541,46.367343],[-79.991576,46.367533],[-79.990972,46.367834],[-79.989178,46.367836],[-79.988849,46.368058],[-79.988418,46.368171],[-79.988194,46.368331],[-79.988125,46.368511],[-79.988302,46.368773],[-79.988274,46.368881],[-79.98817,46.368898],[-79.987955,46.368554],[-79.987038,46.368267],[-79.985804,46.367455],[-79.985395,46.367821],[-79.985335,46.367514],[-79.985379,46.367245],[-79.98494,46.367079],[-79.98407,46.366315],[-79.98397,46.366098],[-79.983949,46.365819],[-79.984287,46.365165],[-79.984306,46.364814],[-79.983782,46.364324],[-79.983675,46.363934],[-79.976855,46.36392],[-79.977852,46.378436],[-79.98819,46.378811],[-79.99859,46.379059],[-80.009722,46.379086],[-80.009714,46.374188],[-80.009531,46.369581],[-80.009295,46.369705],[-80.009305,46.369885],[-80.009012,46.370251],[-80.008515,46.370454],[-80.008438,46.370363],[-80.00823,46.370361]],[[-79.913084,46.363037],[-79.914368,46.363012],[-79.914394,46.376364],[-79.917735,46.377566],[-79.918776,46.377525],[-79.919993,46.377229],[-79.924799,46.376755],[-79.924854,46.377868],[-79.930368,46.377764],[-79.930373,46.378262],[-79.936823,46.378194],[-79.936921,46.377773],[-79.945336,46.377246],[-79.945471,46.376257],[-79.94466,46.375935],[-79.94566,46.375541],[-79.945648,46.368894],[-79.945785,46.360913],[-79.946617,46.360675],[-79.945699,46.3568],[-79.934458,46.356699],[-79.932671,46.355789],[-79.916665,46.355511],[-79.914363,46.356204],[-79.914334,46.362057],[-79.913075,46.362061],[-79.913084,46.363037]],[[-82.086809,46.238861],[-82.086724,46.237049],[-82.083875,46.237172],[-82.084238,46.238856],[-82.086809,46.238861]],[[-81.826279,46.213974],[-81.826204,46.20652],[-81.815737,46.206458],[-81.815812,46.21397],[-81.826279,46.213974]],[[-80.808277,46.580474],[-80.80833,46.583879],[-80.818585,46.583878],[-80.818628,46.586766],[-80.824198,46.58677],[-80.824139,46.579709],[-80.829167,46.579655],[-80.829111,46.575935],[-80.824107,46.575975],[-80.824047,46.568834],[-80.818361,46.568839],[-80.81832,46.566021],[-80.792766,46.566029],[-80.792751,46.580494],[-80.808277,46.580474]],[[-80.90392,46.715251],[-80.921316,46.715051],[-80.921343,46.716437],[-80.925225,46.716388],[-80.926907,46.716931],[-80.933488,46.716909],[-80.93348,46.714994],[-80.935076,46.714987],[-80.93501,46.714519],[-80.935076,46.714064],[-80.935008,46.693697],[-80.903932,46.693775],[-80.90392,46.715251]],[[-80.073007,46.972111],[-80.072359,46.972367],[-80.072136,46.972311],[-80.071799,46.972039],[-80.071668,46.972037],[-80.071587,46.972136],[-80.071768,46.972326],[-80.071461,46.972576],[-80.071236,46.972664],[-80.071153,46.972533],[-80.071002,46.972491],[-80.070724,46.972606],[-80.07055,46.972811],[-80.07014,46.972952],[-80.070199,46.973304],[-80.069958,46.973598],[-80.069562,46.973685],[-80.069314,46.973557],[-80.069025,46.973573],[-80.068521,46.973794],[-80.068346,46.974053],[-80.068107,46.97415],[-80.067832,46.974121],[-80.06731,46.973901],[-80.06685,46.973888],[-80.066066,46.973585],[-80.06593,46.973872],[-80.06581,46.973943],[-80.06588,46.974483],[-80.065783,46.974743],[-80.065541,46.975065],[-80.064688,46.975835],[-80.065101,46.975483],[-80.066096,46.975041],[-80.066238,46.975227],[-80.066314,46.975216],[-80.066481,46.975505],[-80.066862,46.975472],[-80.066846,46.975625],[-80.066352,46.976062],[-80.066038,46.976707],[-80.065624,46.977064],[-80.065353,46.977548],[-80.065252,46.978087],[-80.065399,46.978691],[-80.065345,46.978771],[-80.064953,46.978597],[-80.064297,46.978117],[-80.06343,46.977721],[-80.06326,46.977692],[-80.062796,46.977914],[-80.06199,46.978132],[-80.061867,46.978428],[-80.061585,46.978732],[-80.06146,46.979127],[-80.060952,46.979572],[-80.060881,46.979905],[-80.060973,46.980679],[-80.060907,46.980968],[-80.061028,46.981283],[-80.060622,46.9819],[-80.060105,46.982166],[-80.059751,46.982091],[-80.059749,46.981985],[-80.059504,46.981902],[-80.059928,46.981771],[-80.059959,46.98166],[-80.058856,46.982156],[-80.058455,46.98253],[-80.058512,46.982999],[-80.058458,46.983124],[-80.05786,46.983461],[-80.056885,46.984299],[-80.056269,46.984222],[-80.055993,46.984017],[-80.055867,46.98379],[-80.055929,46.983542],[-80.05573,46.983417],[-80.055592,46.983198],[-80.055402,46.982676],[-80.054827,46.982473],[-80.054784,46.982306],[-80.054677,46.982265],[-80.054648,46.981994],[-80.054375,46.981288],[-80.054524,46.98117],[-80.054208,46.981038],[-80.053885,46.980702],[-80.053371,46.980761],[-80.053207,46.981083],[-80.052776,46.980972],[-80.052524,46.981078],[-80.052485,46.981169],[-80.052885,46.981185],[-80.052892,46.981281],[-80.053046,46.981316],[-80.053044,46.981433],[-80.052457,46.981905],[-80.051958,46.981847],[-80.051931,46.98191],[-80.052125,46.982064],[-80.052213,46.982308],[-80.052103,46.982559],[-80.051837,46.982755],[-80.051073,46.982811],[-80.050356,46.982463],[-80.049791,46.982414],[-80.049709,46.982584],[-80.049933,46.982842],[-80.049863,46.983249],[-80.04998,46.983251],[-80.050046,46.98342],[-80.050405,46.983573],[-80.050405,46.983679],[-80.050553,46.983678],[-80.050758,46.983821],[-80.050815,46.983997],[-80.051009,46.984197],[-80.051037,46.984773],[-80.051192,46.984969],[-80.051212,46.985377],[-80.050938,46.985729],[-80.051046,46.985679],[-80.051683,46.985918],[-80.052185,46.986447],[-80.052522,46.986512],[-80.052586,46.986844],[-80.052791,46.986967],[-80.053117,46.986995],[-80.053631,46.98688],[-80.05434,46.986997],[-80.054898,46.986796],[-80.055087,46.986631],[-80.055762,46.98634],[-80.056044,46.986541],[-80.05659,46.986559],[-80.056592,46.986636],[-80.056927,46.986717],[-80.057196,46.987597],[-80.057453,46.987614],[-80.058352,46.987183],[-80.058735,46.987237],[-80.058951,46.987342],[-80.059131,46.987603],[-80.059049,46.987659],[-80.05906,46.987755],[-80.058561,46.987943],[-80.05878,46.988139],[-80.059254,46.988167],[-80.059632,46.988456],[-80.059953,46.988411],[-80.061284,46.989174],[-80.062668,46.989565],[-80.063019,46.989761],[-80.063342,46.989743],[-80.064256,46.989192],[-80.064732,46.989112],[-80.065185,46.989188],[-80.065489,46.989027],[-80.065728,46.988493],[-80.065709,46.987954],[-80.065863,46.987735],[-80.066274,46.987874],[-80.066624,46.988133],[-80.066894,46.987934],[-80.067271,46.988079],[-80.067535,46.988922],[-80.067805,46.989202],[-80.068637,46.989666],[-80.069394,46.989775],[-80.069557,46.989992],[-80.069652,46.990331],[-80.069841,46.990419],[-80.069855,46.990526],[-80.070114,46.990574],[-80.070262,46.990362],[-80.070642,46.990345],[-80.070825,46.990469],[-80.070832,46.99064],[-80.070944,46.990777],[-80.071541,46.990824],[-80.071923,46.991192],[-80.072905,46.991589],[-80.073197,46.991805],[-80.073726,46.991785],[-80.074215,46.991948],[-80.07478,46.992405],[-80.075099,46.992463],[-80.07528,46.99236],[-80.075838,46.992455],[-80.076281,46.992395],[-80.076607,46.992527],[-80.077101,46.992586],[-80.077513,46.992805],[-80.077709,46.993024],[-80.078028,46.99274],[-80.078479,46.992688],[-80.078682,46.992556],[-80.079071,46.992463],[-80.07929,46.992211],[-80.079433,46.99175],[-80.079537,46.991656],[-80.080097,46.991609],[-80.080165,46.991387],[-80.080098,46.991223],[-80.080795,46.991184],[-80.080805,46.991009],[-80.080896,46.990907],[-80.081045,46.99088],[-80.081165,46.990958],[-80.081203,46.990855],[-80.081064,46.990472],[-80.080749,46.990329],[-80.080426,46.990274],[-80.079846,46.990358],[-80.079558,46.990283],[-80.079547,46.990187],[-80.079379,46.990084],[-80.079527,46.989771],[-80.079345,46.989639],[-80.078976,46.989708],[-80.078756,46.989451],[-80.078964,46.989212],[-80.079065,46.988933],[-80.079623,46.988603],[-80.080044,46.988696],[-80.080112,46.988822],[-80.080276,46.988825],[-80.080726,46.989055],[-80.08107,46.988989],[-80.081371,46.98903],[-80.081551,46.989248],[-80.081565,46.989027],[-80.081878,46.988563],[-80.08233,46.988204],[-80.082568,46.987098],[-80.081453,46.985897],[-80.081726,46.985707],[-80.082009,46.985243],[-80.081805,46.984983],[-80.081454,46.984781],[-80.081222,46.984511],[-80.08131,46.98417],[-80.0811,46.983769],[-80.08088,46.983736],[-80.08053,46.983452],[-80.080111,46.983348],[-80.079595,46.982792],[-80.079109,46.982716],[-80.079049,46.982547],[-80.078503,46.982028],[-80.078294,46.981963],[-80.078148,46.981716],[-80.078031,46.981187],[-80.077732,46.980969],[-80.077287,46.980857],[-80.077053,46.980693],[-80.076803,46.9802],[-80.076599,46.979984],[-80.075757,46.979603],[-80.075497,46.97943],[-80.075496,46.979234],[-80.075161,46.979103],[-80.075013,46.978795],[-80.0748,46.978596],[-80.074881,46.978351],[-80.074583,46.978297],[-80.073936,46.978445],[-80.073325,46.978071],[-80.073204,46.977348],[-80.073373,46.977075],[-80.073705,46.976785],[-80.073722,46.976645],[-80.074059,46.976509],[-80.075238,46.976663],[-80.075795,46.976899],[-80.076383,46.977539],[-80.076774,46.977433],[-80.077055,46.976338],[-80.077,46.976009],[-80.077355,46.975079],[-80.077161,46.974703],[-80.076753,46.974454],[-80.0763,46.973875],[-80.076304,46.973739],[-80.076,46.973303],[-80.075899,46.972927],[-80.075403,46.972698],[-80.075107,46.972437],[-80.075139,46.972277],[-80.075034,46.972238],[-80.075235,46.97195],[-80.075152,46.971814],[-80.074673,46.971558],[-80.074176,46.971437],[-80.073423,46.971611],[-80.073007,46.972111]],[[-79.882041,46.971702],[-79.884523,47.058909],[-80.01051,47.058737],[-80.00931,46.972379],[-79.882041,46.971702]],[[-80.064687,46.975897],[-80.064673,46.975859],[-80.064645,46.975904],[-80.064687,46.975897]],[[-80.676492,48.76596],[-80.675775,48.76637],[-80.676032,48.766561],[-80.675828,48.766683],[-80.676523,48.76728],[-80.676831,48.767294],[-80.677913,48.768097],[-80.678373,48.767988],[-80.678941,48.768001],[-80.682031,48.768677],[-80.695732,48.768728],[-80.695682,48.764714],[-80.702815,48.764674],[-80.702686,48.753958],[-80.68103,48.754088],[-80.681029,48.753998],[-80.680814,48.753939],[-80.680814,48.753781],[-80.670086,48.753798],[-80.670193,48.759001],[-80.661145,48.758981],[-80.66113,48.765924],[-80.667593,48.765879],[-80.676492,48.76596]],[[-81.011018,49.069753],[-81.01101,49.070485],[-81.0114,49.070746],[-81.012099,49.070626],[-81.012108,49.069757],[-81.012443,49.069758],[-81.012306,49.073762],[-81.015225,49.073769],[-81.015212,49.075039],[-81.015759,49.07504],[-81.015751,49.075821],[-81.014999,49.075823],[-81.013276,49.076956],[-81.01327,49.077479],[-81.014523,49.078302],[-81.01661,49.078145],[-81.018381,49.078109],[-81.018396,49.0767],[-81.018974,49.076708],[-81.018977,49.076404],[-81.019903,49.077017],[-81.019019,49.077596],[-81.020534,49.078594],[-81.021892,49.078597],[-81.021933,49.074462],[-81.020659,49.074313],[-81.019581,49.074316],[-81.019589,49.073927],[-81.019281,49.0739],[-81.019257,49.07297],[-81.018958,49.071821],[-81.022316,49.071812],[-81.022314,49.069702],[-81.02363,49.069707],[-81.023519,49.080462],[-81.030451,49.080498],[-81.030505,49.07523],[-81.031761,49.075235],[-81.034329,49.069744],[-81.034856,49.069655],[-81.044255,49.069686],[-81.043962,49.05861],[-81.043508,49.058609],[-81.043507,49.057463],[-81.043172,49.057463],[-81.04317,49.055979],[-81.04147,49.055979],[-81.041473,49.056778],[-81.036853,49.056772],[-81.035188,49.057718],[-81.034898,49.057795],[-81.032244,49.057806],[-81.031131,49.057167],[-81.031121,49.056617],[-81.030345,49.056617],[-81.030188,49.057005],[-81.027587,49.057005],[-81.027561,49.051324],[-81.019445,49.051268],[-81.002956,49.051555],[-81.002918,49.061853],[-81.002643,49.061823],[-81.002559,49.069632],[-81.002834,49.069743],[-81.011018,49.069753]],[[-94.766031,49.123324],[-94.766091,49.123458],[-94.766013,49.123576],[-94.766416,49.123741],[-94.76641,49.123938],[-94.766291,49.124066],[-94.766348,49.124146],[-94.766711,49.124321],[-94.767009,49.124235],[-94.767003,49.124442],[-94.767138,49.124755],[-94.767011,49.125045],[-94.766787,49.1253],[-94.766347,49.125406],[-94.767243,49.127467],[-94.767272,49.126984],[-94.767498,49.126792],[-94.767429,49.126406],[-94.767523,49.126341],[-94.767381,49.126209],[-94.767538,49.125603],[-94.768114,49.12447],[-94.768427,49.124384],[-94.768825,49.124405],[-94.768761,49.124163],[-94.768841,49.12409],[-94.769636,49.124087],[-94.769807,49.123895],[-94.7705,49.123894],[-94.770484,49.123769],[-94.770206,49.12353],[-94.769754,49.123545],[-94.769297,49.123408],[-94.769134,49.123087],[-94.769214,49.123014],[-94.769461,49.12301],[-94.769432,49.122588],[-94.769374,49.122508],[-94.769031,49.122504],[-94.768918,49.122315],[-94.768693,49.122225],[-94.768233,49.122226],[-94.767961,49.122466],[-94.767317,49.122467],[-94.76683,49.122646],[-94.766514,49.122641],[-94.766328,49.122788],[-94.766031,49.123324]],[[-94.768184,49.128751],[-94.768124,49.12859],[-94.767672,49.128454],[-94.768058,49.129341],[-94.768145,49.129184],[-94.768184,49.128751]],[[-82.417456,49.41215],[-82.417458,49.412653],[-82.417248,49.412787],[-82.417248,49.413084],[-82.417326,49.413179],[-82.417261,49.413204],[-82.41725,49.4186],[-82.417082,49.4186],[-82.417078,49.420246],[-82.416978,49.420317],[-82.41563,49.420317],[-82.41563,49.422471],[-82.415558,49.422518],[-82.415974,49.422519],[-82.416036,49.42297],[-82.415983,49.42323],[-82.415161,49.423607],[-82.415764,49.42419],[-82.415401,49.424331],[-82.415782,49.424757],[-82.415086,49.425002],[-82.415492,49.425414],[-82.415081,49.425577],[-82.415339,49.425867],[-82.41534,49.426196],[-82.416961,49.426191],[-82.416961,49.427653],[-82.416251,49.427656],[-82.416251,49.427935],[-82.416993,49.427931],[-82.416993,49.428114],[-82.41625,49.428111],[-82.41625,49.428391],[-82.416993,49.428391],[-82.416993,49.42975],[-82.417905,49.429751],[-82.418183,49.429631],[-82.419842,49.429628],[-82.42032,49.429527],[-82.420695,49.429306],[-82.420868,49.429098],[-82.431819,49.42908],[-82.431822,49.428781],[-82.43318,49.428785],[-82.438025,49.427697],[-82.437923,49.427507],[-82.439159,49.427248],[-82.439001,49.426969],[-82.439248,49.426885],[-82.440872,49.426723],[-82.441178,49.426827],[-82.441464,49.426716],[-82.441618,49.426786],[-82.441691,49.426929],[-82.441899,49.426953],[-82.442118,49.427364],[-82.442315,49.427506],[-82.442707,49.427708],[-82.443305,49.427871],[-82.443443,49.427861],[-82.44355,49.42731],[-82.443956,49.427626],[-82.445514,49.427624],[-82.445515,49.428876],[-82.445673,49.429176],[-82.445697,49.429441],[-82.445517,49.430479],[-82.445523,49.434905],[-82.452548,49.434899],[-82.452516,49.427548],[-82.45952,49.427562],[-82.45952,49.427653],[-82.477339,49.427687],[-82.477337,49.421816],[-82.452921,49.41335],[-82.453051,49.41319],[-82.450848,49.412425],[-82.45114,49.412067],[-82.449518,49.41155],[-82.448093,49.411227],[-82.446522,49.410999],[-82.443698,49.410893],[-82.430891,49.411213],[-82.430853,49.411339],[-82.430535,49.411316],[-82.430545,49.411403],[-82.425331,49.411528],[-82.425348,49.412116],[-82.419159,49.41226],[-82.417456,49.41215]],[[-83.606096,49.655595],[-83.570616,49.655512],[-83.570409,49.709682],[-83.571965,49.709685],[-83.571915,49.720469],[-83.649685,49.720495],[-83.681128,49.720578],[-83.681129,49.720041],[-83.723772,49.72005],[-83.723808,49.741805],[-83.730859,49.741798],[-83.73082,49.720047],[-83.737776,49.720043],[-83.737733,49.709214],[-83.751808,49.709206],[-83.751846,49.720034],[-83.758885,49.720029],[-83.758844,49.709036],[-83.759023,49.676711],[-83.759054,49.655036],[-83.681247,49.654889],[-83.681245,49.655591],[-83.606096,49.655595]],[[-94.524256,49.747901],[-94.522892,49.747628],[-94.52204,49.747699],[-94.521696,49.747932],[-94.520449,49.748389],[-94.519982,49.748713],[-94.519984,49.748794],[-94.519653,49.748912],[-94.519234,49.748801],[-94.5185,49.748314],[-94.517939,49.748158],[-94.517426,49.748087],[-94.515839,49.748108],[-94.514315,49.748997],[-94.513399,49.749261],[-94.513117,49.749452],[-94.513016,49.749706],[-94.513027,49.749931],[-94.51274,49.750046],[-94.51224,49.750105],[-94.511759,49.749996],[-94.511115,49.750022],[-94.510574,49.750341],[-94.507899,49.749087],[-94.507538,49.748953],[-94.507274,49.748957],[-94.506899,49.748718],[-94.507006,49.74852],[-94.506959,49.748317],[-94.506833,49.748049],[-94.506509,49.74787],[-94.506076,49.747744],[-94.50505,49.747707],[-94.504221,49.7471],[-94.503496,49.746946],[-94.502403,49.747167],[-94.501692,49.747186],[-94.484049,49.749531],[-94.481755,49.74988],[-94.481834,49.749978],[-94.480924,49.750109],[-94.480128,49.750364],[-94.480609,49.749984],[-94.480767,49.749639],[-94.480708,49.74936],[-94.478951,49.749354],[-94.478879,49.749515],[-94.479058,49.749542],[-94.478394,49.749832],[-94.478201,49.749689],[-94.477806,49.749631],[-94.476573,49.749656],[-94.476167,49.749715],[-94.475478,49.749979],[-94.475344,49.74982],[-94.475733,49.749678],[-94.475075,49.74943],[-94.473959,49.749436],[-94.473523,49.749524],[-94.472981,49.749865],[-94.472797,49.750094],[-94.472709,49.750477],[-94.472731,49.751904],[-94.46331,49.751866],[-94.463336,49.750466],[-94.459249,49.750456],[-94.459189,49.754035],[-94.461194,49.754966],[-94.461986,49.755051],[-94.462825,49.755721],[-94.463182,49.755835],[-94.463127,49.757757],[-94.455199,49.757738],[-94.455159,49.761279],[-94.455468,49.761623],[-94.455783,49.761593],[-94.455929,49.761658],[-94.456013,49.761762],[-94.455977,49.762045],[-94.456381,49.762111],[-94.45633,49.762289],[-94.458661,49.762753],[-94.461612,49.763824],[-94.462007,49.765732],[-94.461644,49.765627],[-94.462173,49.766843],[-94.461764,49.766916],[-94.461493,49.765589],[-94.461259,49.765478],[-94.461088,49.765626],[-94.461112,49.765735],[-94.460911,49.765761],[-94.460905,49.765972],[-94.461142,49.766512],[-94.460265,49.766498],[-94.460235,49.765556],[-94.459432,49.76562],[-94.457947,49.766115],[-94.457334,49.766528],[-94.456729,49.766733],[-94.456169,49.766569],[-94.455952,49.766284],[-94.455523,49.766344],[-94.455117,49.766535],[-94.455115,49.766898],[-94.454847,49.766903],[-94.454852,49.767057],[-94.454575,49.767219],[-94.454578,49.76769],[-94.454792,49.76767],[-94.454744,49.769647],[-94.455167,49.769771],[-94.455096,49.772701],[-94.455234,49.772738],[-94.455199,49.773742],[-94.455058,49.773756],[-94.455012,49.774308],[-94.455854,49.774229],[-94.455847,49.775671],[-94.455014,49.775669],[-94.454999,49.77576],[-94.454948,49.780424],[-94.455361,49.780426],[-94.455338,49.782463],[-94.465786,49.782418],[-94.47277,49.782298],[-94.474227,49.780666],[-94.476393,49.780368],[-94.477216,49.779755],[-94.477201,49.778637],[-94.482894,49.778582],[-94.482924,49.779784],[-94.484256,49.779762],[-94.484933,49.780894],[-94.485802,49.780691],[-94.48567,49.780471],[-94.486891,49.780176],[-94.4878,49.781594],[-94.487003,49.781917],[-94.486944,49.781767],[-94.483795,49.782284],[-94.484127,49.782762],[-94.484865,49.782756],[-94.484875,49.783327],[-94.485293,49.783995],[-94.488896,49.783956],[-94.488887,49.783198],[-94.491326,49.783186],[-94.491332,49.783604],[-94.494151,49.78362],[-94.494143,49.783268],[-94.499398,49.78329],[-94.499395,49.782604],[-94.499141,49.782473],[-94.499142,49.78205],[-94.498603,49.781697],[-94.49801,49.780949],[-94.497947,49.780689],[-94.497373,49.779671],[-94.497233,49.779178],[-94.497282,49.778519],[-94.49749,49.778051],[-94.497567,49.777384],[-94.498435,49.775794],[-94.499919,49.775385],[-94.500783,49.774992],[-94.500845,49.774849],[-94.502123,49.774106],[-94.502875,49.773539],[-94.503523,49.773364],[-94.503861,49.773378],[-94.503791,49.773636],[-94.505551,49.773202],[-94.504645,49.772458],[-94.50364,49.771989],[-94.503274,49.771015],[-94.502804,49.770413],[-94.503249,49.769991],[-94.503394,49.769577],[-94.50808,49.769505],[-94.509327,49.769373],[-94.510086,49.769198],[-94.509404,49.768703],[-94.509001,49.768231],[-94.508921,49.767917],[-94.509055,49.767304],[-94.509339,49.767049],[-94.510169,49.766686],[-94.510835,49.767016],[-94.510531,49.76724],[-94.510189,49.767856],[-94.510531,49.768589],[-94.510871,49.768801],[-94.511054,49.76907],[-94.514513,49.768797],[-94.515497,49.768554],[-94.51659,49.768123],[-94.519054,49.76812],[-94.518027,49.768822],[-94.517817,49.769493],[-94.517992,49.769777],[-94.531122,49.768789],[-94.531126,49.768532],[-94.532788,49.768277],[-94.532775,49.769368],[-94.534901,49.768926],[-94.536591,49.768795],[-94.536952,49.768799],[-94.537233,49.768895],[-94.537704,49.768861],[-94.53795,49.76876],[-94.53796,49.768514],[-94.538576,49.768378],[-94.539261,49.768361],[-94.539261,49.768543],[-94.539527,49.768522],[-94.540127,49.76864],[-94.541473,49.768595],[-94.541436,49.768722],[-94.542142,49.768659],[-94.54258,49.768473],[-94.543606,49.768414],[-94.543819,49.768558],[-94.542979,49.769214],[-94.542557,49.769912],[-94.543006,49.770077],[-94.543505,49.770026],[-94.543957,49.769595],[-94.544167,49.769581],[-94.544385,49.770023],[-94.545043,49.769986],[-94.545046,49.769805],[-94.546342,49.769661],[-94.546936,49.769804],[-94.547228,49.770095],[-94.547552,49.77009],[-94.548421,49.769856],[-94.550341,49.768828],[-94.550406,49.768683],[-94.550684,49.768697],[-94.550774,49.768471],[-94.551176,49.76843],[-94.551597,49.768595],[-94.551706,49.768522],[-94.551757,49.76798],[-94.552024,49.767609],[-94.552005,49.767064],[-94.552345,49.766766],[-94.552279,49.766538],[-94.552355,49.766261],[-94.5526,49.76595],[-94.553379,49.765865],[-94.554212,49.7662],[-94.555871,49.766339],[-94.556481,49.766156],[-94.556454,49.76606],[-94.556617,49.766016],[-94.556866,49.765775],[-94.557318,49.765798],[-94.558701,49.765433],[-94.558703,49.765573],[-94.559125,49.765425],[-94.559191,49.765309],[-94.559874,49.764878],[-94.559907,49.764768],[-94.560037,49.764751],[-94.559997,49.764619],[-94.560109,49.764604],[-94.560085,49.764532],[-94.560368,49.764426],[-94.56066,49.764472],[-94.560967,49.76441],[-94.561544,49.764552],[-94.561869,49.764504],[-94.562279,49.764574],[-94.562541,49.764744],[-94.563585,49.764668],[-94.564922,49.764084],[-94.565637,49.763857],[-94.565915,49.76366],[-94.566139,49.76358],[-94.566489,49.763586],[-94.567052,49.763298],[-94.567619,49.76327],[-94.568306,49.763459],[-94.568681,49.763481],[-94.568879,49.763402],[-94.569115,49.763151],[-94.569861,49.763033],[-94.570309,49.762712],[-94.571056,49.762621],[-94.571945,49.762645],[-94.572927,49.762524],[-94.573323,49.762311],[-94.573464,49.761959],[-94.573697,49.760572],[-94.573633,49.757633],[-94.567397,49.757661],[-94.56738,49.756991],[-94.568106,49.756714],[-94.566963,49.755634],[-94.566694,49.755494],[-94.566677,49.754159],[-94.565078,49.754166],[-94.565505,49.753697],[-94.565546,49.753602],[-94.565364,49.753562],[-94.565397,49.7535],[-94.565679,49.753515],[-94.56598,49.752682],[-94.545918,49.752568],[-94.545872,49.757905],[-94.537788,49.751804],[-94.537893,49.751551],[-94.537469,49.751563],[-94.532404,49.747741],[-94.53192,49.747951],[-94.531491,49.747966],[-94.531198,49.747493],[-94.53122,49.747304],[-94.53146,49.747028],[-94.528873,49.745075],[-94.528787,49.744693],[-94.528575,49.744719],[-94.528613,49.744519],[-94.528474,49.743901],[-94.528253,49.743905],[-94.528218,49.742835],[-94.52681,49.743576],[-94.526134,49.743844],[-94.525448,49.743853],[-94.525005,49.743947],[-94.523697,49.74501],[-94.523695,49.745361],[-94.523822,49.74559],[-94.524231,49.745847],[-94.525338,49.745912],[-94.525069,49.746281],[-94.52531,49.746436],[-94.525044,49.746709],[-94.524901,49.747008],[-94.524997,49.747126],[-94.52468,49.747328],[-94.524256,49.747901]],[[-89.150788,49.782315],[-89.151004,49.78248],[-89.151779,49.78274],[-89.152798,49.782798],[-89.154234,49.782686],[-89.155277,49.782516],[-89.15887,49.781382],[-89.160762,49.781285],[-89.16393,49.781585],[-89.164639,49.781713],[-89.166101,49.782221],[-89.168602,49.783543],[-89.169042,49.784479],[-89.169326,49.785573],[-89.169529,49.785709],[-89.16976,49.78574],[-89.170077,49.785654],[-89.170752,49.785182],[-89.171065,49.785078],[-89.172421,49.784994],[-89.17261,49.785099],[-89.17293,49.785599],[-89.172762,49.786672],[-89.172213,49.787264],[-89.172128,49.787485],[-89.171722,49.787817],[-89.170909,49.788191],[-89.170684,49.78843],[-89.17073,49.788754],[-89.171379,49.789545],[-89.171856,49.789866],[-89.173466,49.790673],[-89.175953,49.791497],[-89.177031,49.791986],[-89.177461,49.792564],[-89.177854,49.793578],[-89.178212,49.794006],[-89.179174,49.794827],[-89.180925,49.795943],[-89.183175,49.79645],[-89.184205,49.796805],[-89.18578,49.796764],[-89.186464,49.797168],[-89.186327,49.797543],[-89.186499,49.797754],[-89.187554,49.798113],[-89.187755,49.780356],[-89.15116,49.78016],[-89.150992,49.780806],[-89.150632,49.781671],[-89.150788,49.782315]],[[-89.180879,49.796501],[-89.179092,49.795513],[-89.177831,49.794432],[-89.177456,49.793875],[-89.176934,49.792701],[-89.176626,49.792422],[-89.176413,49.792274],[-89.175281,49.792091],[-89.174912,49.791734],[-89.173539,49.791226],[-89.173093,49.791136],[-89.172906,49.79093],[-89.171273,49.790039],[-89.170296,49.788976],[-89.170123,49.788633],[-89.170122,49.788393],[-89.170218,49.788106],[-89.170368,49.78797],[-89.170721,49.787762],[-89.171259,49.787623],[-89.171602,49.787369],[-89.171859,49.786848],[-89.171989,49.786172],[-89.171965,49.785836],[-89.171846,49.785653],[-89.17125,49.785636],[-89.170776,49.785784],[-89.170159,49.786371],[-89.169467,49.78646],[-89.169274,49.786365],[-89.168668,49.78572],[-89.168375,49.784359],[-89.168165,49.783867],[-89.167665,49.783387],[-89.166645,49.782875],[-89.164642,49.782136],[-89.162907,49.781796],[-89.161324,49.781601],[-89.160389,49.781656],[-89.158675,49.781905],[-89.153971,49.783226],[-89.151876,49.783333],[-89.151304,49.783261],[-89.150569,49.782926],[-89.150249,49.782667],[-89.149931,49.782255],[-89.149905,49.78184],[-89.150341,49.780516],[-89.150304,49.780156],[-89.148874,49.780149],[-89.148479,49.780467],[-89.147695,49.780854],[-89.146509,49.780471],[-89.146305,49.780136],[-89.144501,49.780128],[-89.144333,49.780437],[-89.143137,49.781801],[-89.14301,49.782444],[-89.14334,49.782719],[-89.14385,49.783368],[-89.144435,49.784269],[-89.144544,49.784574],[-89.145247,49.785581],[-89.145281,49.786212],[-89.147509,49.786169],[-89.148884,49.786308],[-89.15025,49.786687],[-89.151568,49.787349],[-89.171578,49.803384],[-89.172172,49.803968],[-89.173166,49.805192],[-89.1739,49.806473],[-89.174176,49.807149],[-89.174521,49.808529],[-89.175296,49.814035],[-89.175226,49.815396],[-89.17489,49.816741],[-89.169964,49.827563],[-89.164651,49.838034],[-89.187095,49.838152],[-89.187541,49.798578],[-89.187215,49.798626],[-89.186283,49.798538],[-89.186049,49.798414],[-89.185739,49.798101],[-89.185539,49.79732],[-89.184477,49.797289],[-89.180879,49.796501]],[[-89.147999,49.787969],[-89.148107,49.788254],[-89.148056,49.789258],[-89.148127,49.789781],[-89.148479,49.790505],[-89.148839,49.790804],[-89.148976,49.79109],[-89.149046,49.791619],[-89.148972,49.791906],[-89.148831,49.792106],[-89.148407,49.79239],[-89.145773,49.793398],[-89.143727,49.794479],[-89.143153,49.794928],[-89.143003,49.795304],[-89.142754,49.795607],[-89.142497,49.795708],[-89.141784,49.795813],[-89.14154,49.79576],[-89.141181,49.795496],[-89.139997,49.79438],[-89.139489,49.793533],[-89.139388,49.793178],[-89.139219,49.792967],[-89.139158,49.792513],[-89.138881,49.792074],[-89.138051,49.79166],[-89.137311,49.791509],[-89.137073,49.791498],[-89.136577,49.791632],[-89.136272,49.792111],[-89.134789,49.79284],[-89.133936,49.793165],[-89.13341,49.793238],[-89.132834,49.79318],[-89.131798,49.792869],[-89.131107,49.792801],[-89.129967,49.792863],[-89.129099,49.793268],[-89.128653,49.793743],[-89.128179,49.794058],[-89.127991,49.794242],[-89.127152,49.795847],[-89.126456,49.796773],[-89.126405,49.796981],[-89.126646,49.79853],[-89.126592,49.798825],[-89.126005,49.799445],[-89.125924,49.799674],[-89.125976,49.800095],[-89.12578,49.800521],[-89.125851,49.801254],[-89.125697,49.801858],[-89.125539,49.803893],[-89.125391,49.804355],[-89.125468,49.804596],[-89.125442,49.804971],[-89.125094,49.805633],[-89.124741,49.806091],[-89.124582,49.806629],[-89.124039,49.807767],[-89.123819,49.808411],[-89.123696,49.809193],[-89.123786,49.809816],[-89.123769,49.810662],[-89.123567,49.811138],[-89.123087,49.811868],[-89.121883,49.813322],[-89.119626,49.814718],[-89.118688,49.815468],[-89.117803,49.816382],[-89.116994,49.816997],[-89.114342,49.819438],[-89.113577,49.819989],[-89.112213,49.820614],[-89.111697,49.821096],[-89.110503,49.821757],[-89.110207,49.822011],[-89.107615,49.822962],[-89.106526,49.823009],[-89.105701,49.82314],[-89.103959,49.82317],[-89.103186,49.823107],[-89.102766,49.823003],[-89.102177,49.822649],[-89.101858,49.822259],[-89.10183,49.821776],[-89.101941,49.821418],[-89.102439,49.820802],[-89.103075,49.820571],[-89.103785,49.82006],[-89.104303,49.819816],[-89.104549,49.819591],[-89.104675,49.819275],[-89.10496,49.819164],[-89.104904,49.818317],[-89.104663,49.817697],[-89.104413,49.817355],[-89.102904,49.816076],[-89.102193,49.815735],[-89.101468,49.815244],[-89.101153,49.81514],[-89.100057,49.81501],[-89.099521,49.815109],[-89.098886,49.815469],[-89.098238,49.816135],[-89.097538,49.817754],[-89.097558,49.817941],[-89.097236,49.818837],[-89.097121,49.819104],[-89.096952,49.819216],[-89.096554,49.8206],[-89.096259,49.821017],[-89.096138,49.821859],[-89.095523,49.822602],[-89.09477,49.823139],[-89.093345,49.823426],[-89.092425,49.823338],[-89.091933,49.82317],[-89.091336,49.822844],[-89.09103,49.822451],[-89.09058,49.822115],[-89.090315,49.821783],[-89.088631,49.82067],[-89.088281,49.820524],[-89.087935,49.820516],[-89.088191,49.820665],[-89.08785,49.820674],[-89.0873,49.820868],[-89.086999,49.820915],[-89.086263,49.82081],[-89.085923,49.820938],[-89.085848,49.821236],[-89.086252,49.821487],[-89.086218,49.821659],[-89.087181,49.82206],[-89.088461,49.822909],[-89.091238,49.824399],[-89.094315,49.826228],[-89.096239,49.828007],[-89.096771,49.828655],[-89.097999,49.829813],[-89.098317,49.830364],[-89.098454,49.830731],[-89.098485,49.831195],[-89.098728,49.83174],[-89.098905,49.832798],[-89.098682,49.834019],[-89.098274,49.834857],[-89.097721,49.835723],[-89.096168,49.837253],[-89.095438,49.837668],[-89.163984,49.838031],[-89.169357,49.827441],[-89.17427,49.816649],[-89.174594,49.815357],[-89.17466,49.814048],[-89.173889,49.808568],[-89.173557,49.807241],[-89.173292,49.806591],[-89.172585,49.805359],[-89.17163,49.804183],[-89.171059,49.803621],[-89.151445,49.787878],[-89.150355,49.787218],[-89.148712,49.786705],[-89.147482,49.786581],[-89.145441,49.78662],[-89.145709,49.786878],[-89.146268,49.787055],[-89.147825,49.7878],[-89.147999,49.787969]],[[-89.095262,49.820275],[-89.09534,49.819736],[-89.095544,49.819324],[-89.095658,49.819257],[-89.095828,49.818532],[-89.095816,49.818118],[-89.096059,49.817619],[-89.096079,49.817257],[-89.096215,49.817073],[-89.096306,49.816436],[-89.096531,49.815912],[-89.097952,49.814785],[-89.09915,49.81423],[-89.099987,49.813969],[-89.101778,49.814409],[-89.10334,49.815278],[-89.103844,49.815696],[-89.104899,49.816322],[-89.105445,49.816823],[-89.105504,49.8171],[-89.105776,49.817564],[-89.105979,49.818299],[-89.105934,49.819008],[-89.105765,49.819649],[-89.105279,49.820251],[-89.104336,49.820788],[-89.103655,49.821076],[-89.103352,49.821375],[-89.103218,49.821812],[-89.103367,49.822168],[-89.103744,49.822356],[-89.104964,49.822467],[-89.105876,49.822342],[-89.107678,49.821861],[-89.108048,49.82169],[-89.108465,49.821638],[-89.110776,49.820468],[-89.111786,49.819793],[-89.114651,49.817586],[-89.114886,49.817291],[-89.116214,49.816339],[-89.117061,49.81558],[-89.117641,49.815265],[-89.119559,49.813723],[-89.119894,49.813645],[-89.121002,49.812724],[-89.121819,49.811859],[-89.121948,49.811521],[-89.122243,49.808905],[-89.122472,49.80836],[-89.122716,49.808004],[-89.122881,49.807305],[-89.123141,49.806744],[-89.12347,49.806394],[-89.123674,49.805932],[-89.124038,49.805438],[-89.124288,49.804935],[-89.124357,49.804587],[-89.124514,49.804373],[-89.124641,49.803105],[-89.124552,49.802896],[-89.124606,49.802648],[-89.124321,49.801402],[-89.124414,49.800139],[-89.124523,49.799648],[-89.125079,49.799144],[-89.125235,49.798859],[-89.125278,49.798459],[-89.125561,49.797751],[-89.125523,49.797341],[-89.125165,49.796492],[-89.126147,49.795853],[-89.126278,49.795576],[-89.126239,49.795345],[-89.1265,49.795009],[-89.12649,49.794301],[-89.126664,49.793854],[-89.127036,49.793522],[-89.128077,49.793034],[-89.129252,49.792657],[-89.129976,49.79224],[-89.130728,49.792],[-89.131499,49.792012],[-89.132498,49.79234],[-89.132999,49.792313],[-89.133538,49.792209],[-89.134348,49.791872],[-89.134869,49.791768],[-89.135371,49.791769],[-89.1362,49.791279],[-89.136991,49.791033],[-89.137682,49.790941],[-89.137718,49.791002],[-89.138083,49.790987],[-89.138288,49.791228],[-89.138833,49.791413],[-89.139074,49.791764],[-89.139781,49.791975],[-89.140044,49.79242],[-89.13991,49.792711],[-89.139895,49.793],[-89.140205,49.79355],[-89.141133,49.794758],[-89.141423,49.794975],[-89.141954,49.794932],[-89.142505,49.794792],[-89.143527,49.794037],[-89.145957,49.792784],[-89.147717,49.792082],[-89.148301,49.791694],[-89.148381,49.79147],[-89.148117,49.791159],[-89.148032,49.790933],[-89.147424,49.790355],[-89.145147,49.789584],[-89.144854,49.789413],[-89.144607,49.789114],[-89.144456,49.788589],[-89.144602,49.788486],[-89.144503,49.787994],[-89.144705,49.786637],[-89.141492,49.7867],[-89.140035,49.786533],[-89.139126,49.786282],[-89.138301,49.785929],[-89.137575,49.785496],[-89.136975,49.784988],[-89.136526,49.784431],[-89.136208,49.783814],[-89.136094,49.78317],[-89.136146,49.782501],[-89.136514,49.781615],[-89.13769,49.780094],[-89.097296,49.779876],[-89.096642,49.780052],[-89.096528,49.780401],[-89.09621,49.780511],[-89.095423,49.781415],[-89.095374,49.781493],[-89.095436,49.781664],[-89.095285,49.781795],[-89.09536,49.782154],[-89.095058,49.782469],[-89.094784,49.782921],[-89.094909,49.783367],[-89.094775,49.78354],[-89.095043,49.784215],[-89.094887,49.78485],[-89.094679,49.785161],[-89.094725,49.78563],[-89.094916,49.785725],[-89.095139,49.786067],[-89.095488,49.78625],[-89.096863,49.786532],[-89.097221,49.78674],[-89.098067,49.786988],[-89.098809,49.787458],[-89.098856,49.787824],[-89.09904,49.787967],[-89.099,49.788073],[-89.098708,49.788221],[-89.098065,49.789086],[-89.098001,49.789523],[-89.098137,49.789847],[-89.098242,49.789906],[-89.098218,49.789994],[-89.097343,49.790703],[-89.097089,49.791061],[-89.097033,49.791319],[-89.097118,49.79152],[-89.096857,49.791948],[-89.096829,49.792318],[-89.097058,49.793198],[-89.097541,49.793692],[-89.099038,49.794345],[-89.099593,49.794791],[-89.099974,49.79486],[-89.10078,49.794768],[-89.101113,49.795196],[-89.101397,49.795297],[-89.102181,49.795197],[-89.10258,49.794823],[-89.103601,49.794876],[-89.10445,49.795265],[-89.104926,49.795981],[-89.105076,49.79648],[-89.105046,49.796691],[-89.104698,49.79682],[-89.103696,49.796883],[-89.103591,49.797025],[-89.103953,49.797434],[-89.104394,49.797522],[-89.104738,49.797367],[-89.105066,49.797362],[-89.105409,49.797595],[-89.105372,49.797672],[-89.105719,49.798038],[-89.105815,49.798322],[-89.105706,49.799039],[-89.105185,49.799642],[-89.104797,49.799847],[-89.104319,49.799868],[-89.103859,49.799628],[-89.103616,49.799622],[-89.103127,49.799427],[-89.102961,49.799528],[-89.103058,49.799726],[-89.104067,49.800154],[-89.104904,49.800152],[-89.105429,49.800316],[-89.105852,49.800652],[-89.105807,49.800851],[-89.106139,49.801185],[-89.10627,49.801465],[-89.106041,49.802122],[-89.106113,49.802532],[-89.105931,49.802728],[-89.105696,49.803262],[-89.105316,49.803595],[-89.105381,49.803837],[-89.104887,49.804309],[-89.104789,49.804572],[-89.104825,49.804709],[-89.104386,49.805112],[-89.104173,49.805435],[-89.104091,49.805767],[-89.103643,49.806255],[-89.103362,49.806862],[-89.103113,49.806984],[-89.103053,49.807156],[-89.102509,49.807638],[-89.101612,49.808295],[-89.100684,49.808716],[-89.100231,49.808783],[-89.099634,49.809035],[-89.09884,49.810045],[-89.09808,49.810612],[-89.097695,49.81124],[-89.097245,49.811682],[-89.096884,49.811831],[-89.096454,49.812233],[-89.096217,49.81267],[-89.095788,49.812988],[-89.095654,49.813313],[-89.095306,49.813794],[-89.094976,49.814183],[-89.094668,49.814376],[-89.094613,49.814531],[-89.094239,49.814683],[-89.092428,49.815903],[-89.091835,49.816437],[-89.091495,49.81691],[-89.089441,49.818442],[-89.088823,49.818777],[-89.088438,49.819192],[-89.088446,49.819292],[-89.088748,49.819455],[-89.088805,49.81962],[-89.090047,49.820231],[-89.090659,49.820708],[-89.091763,49.821795],[-89.092251,49.822108],[-89.092824,49.822247],[-89.093629,49.82225],[-89.094006,49.82195],[-89.094156,49.821709],[-89.094322,49.821628],[-89.095262,49.820275]],[[-89.14023,49.78614],[-89.141087,49.786265],[-89.144457,49.786231],[-89.144238,49.786007],[-89.144286,49.785617],[-89.144115,49.785153],[-89.14415,49.785018],[-89.143773,49.78425],[-89.143329,49.783482],[-89.142684,49.782937],[-89.142385,49.782083],[-89.142645,49.781287],[-89.143529,49.780624],[-89.143805,49.780124],[-89.1384,49.780098],[-89.137279,49.78152],[-89.13695,49.782046],[-89.136765,49.782601],[-89.13677,49.783452],[-89.136962,49.784006],[-89.137295,49.784525],[-89.137762,49.785001],[-89.138354,49.78542],[-89.139423,49.785918],[-89.14023,49.78614]],[[-92.169218,49.954614],[-92.170464,49.954294],[-92.170768,49.954714],[-92.171292,49.954443],[-92.170853,49.95399],[-92.171163,49.953804],[-92.170998,49.953721],[-92.170185,49.953794],[-92.168837,49.954058],[-92.167693,49.95398],[-92.167651,49.954728],[-92.169218,49.954614]],[[-92.164907,49.954325],[-92.166131,49.954363],[-92.166174,49.953859],[-92.164907,49.953834],[-92.164907,49.954325]],[[-92.147621,49.956203],[-92.147593,49.956086],[-92.147338,49.956009],[-92.147425,49.955822],[-92.145981,49.955405],[-92.14622,49.95517],[-92.146089,49.955072],[-92.145083,49.955306],[-92.144609,49.955325],[-92.144625,49.956624],[-92.145589,49.956536],[-92.147871,49.956924],[-92.147857,49.95629],[-92.147621,49.956203]],[[-92.151712,49.955651],[-92.151097,49.955763],[-92.151211,49.955584],[-92.151143,49.95553],[-92.150449,49.955336],[-92.150218,49.955349],[-92.150543,49.956316],[-92.15188,49.956783],[-92.152764,49.95586],[-92.151712,49.955651]],[[-92.168668,49.95593],[-92.168413,49.955856],[-92.168278,49.955705],[-92.168234,49.955426],[-92.167639,49.955704],[-92.168159,49.956238],[-92.16861,49.956201],[-92.168668,49.95593]],[[-92.17147,49.956425],[-92.171239,49.956309],[-92.17096,49.956508],[-92.170454,49.956384],[-92.170307,49.956426],[-92.170568,49.957158],[-92.17305,49.956794],[-92.172808,49.95611],[-92.172486,49.956234],[-92.172408,49.956131],[-92.172193,49.956101],[-92.172171,49.956174],[-92.172377,49.956247],[-92.17147,49.956425]],[[-92.14815,49.956125],[-92.148157,49.957069],[-92.14938,49.956683],[-92.149232,49.955802],[-92.148668,49.955907],[-92.14815,49.956125]],[[-92.158042,49.955698],[-92.158164,49.95642],[-92.158801,49.956377],[-92.158719,49.95589],[-92.158042,49.955698]],[[-92.133939,49.962435],[-92.131398,49.963549],[-92.132902,49.96687],[-92.136281,49.965747],[-92.133939,49.962435]],[[-92.153693,49.96619],[-92.159357,49.966208],[-92.159338,49.962573],[-92.156859,49.96257],[-92.153692,49.965177],[-92.153693,49.96619]],[[-91.891524,50.034067],[-91.884364,50.031808],[-91.882162,50.028999],[-91.881133,50.026733],[-91.881883,50.023256],[-91.880453,50.018297],[-91.874031,50.015414],[-91.866915,50.015809],[-91.862809,50.017395],[-91.861351,50.018045],[-91.858606,50.018682],[-91.854587,50.018775],[-91.849407,50.017827],[-91.84905,50.015534],[-91.849483,50.012485],[-91.843972,50.008249],[-91.837548,50.00772],[-91.829691,50.008935],[-91.820805,50.012231],[-91.816745,50.013981],[-91.810616,50.016076],[-91.803558,50.016169],[-91.797447,50.015475],[-91.793808,50.016798],[-91.789589,50.016655],[-91.786482,50.015262],[-91.781131,50.015073],[-91.77772,50.015535],[-91.771544,50.017394],[-91.766142,50.019162],[-91.758185,50.02213],[-91.75161,50.023421],[-91.747444,50.023176],[-91.742106,50.020955],[-91.740528,50.020626],[-91.723658,50.020597],[-91.723656,50.054436],[-91.715063,50.054242],[-91.714776,50.057249],[-91.714664,50.061427],[-91.713603,50.062019],[-91.713251,50.062143],[-91.712603,50.062162],[-91.712175,50.062295],[-91.71148,50.062657],[-91.710195,50.062819],[-91.709548,50.063036],[-91.708132,50.063028],[-91.708116,50.063853],[-91.709243,50.063786],[-91.709866,50.064009],[-91.710233,50.064713],[-91.710557,50.064665],[-91.710814,50.064837],[-91.710805,50.06496],[-91.710624,50.065132],[-91.71069,50.065255],[-91.710595,50.06537],[-91.710652,50.065493],[-91.710966,50.065655],[-91.711147,50.065665],[-91.71208,50.065351],[-91.712232,50.065065],[-91.712451,50.064979],[-91.71267,50.064665],[-91.712851,50.064542],[-91.713298,50.063866],[-91.713603,50.063599],[-91.715157,50.062611],[-91.715551,50.06248],[-91.716065,50.062594],[-91.716491,50.062859],[-91.716639,50.063086],[-91.716101,50.063862],[-91.715975,50.063888],[-91.715796,50.063787],[-91.715669,50.063831],[-91.715761,50.064057],[-91.716981,50.064934],[-91.717319,50.06536],[-91.718738,50.066104],[-91.720166,50.067055],[-91.720522,50.067329],[-91.720764,50.06771],[-91.721531,50.068303],[-91.721896,50.068765],[-91.721952,50.069279],[-91.721834,50.069493],[-91.72126,50.070072],[-91.720072,50.070964],[-91.723657,50.070959],[-91.723661,50.072606],[-91.723747,50.072598],[-91.723675,50.078928],[-91.723732,50.133171],[-92.121799,50.133014],[-92.121797,50.134107],[-92.136354,50.1341],[-92.13625,50.113618],[-92.136143,50.113374],[-92.136174,50.113203],[-92.136755,50.112758],[-92.137071,50.112328],[-92.13724,50.112276],[-92.137878,50.11255],[-92.13837,50.112392],[-92.139268,50.112255],[-92.140862,50.112249],[-92.141362,50.112486],[-92.142164,50.112195],[-92.143286,50.112024],[-92.14368,50.111874],[-92.14417,50.111868],[-92.144873,50.111667],[-92.145784,50.111556],[-92.146441,50.11157],[-92.146526,50.111499],[-92.146777,50.111582],[-92.147201,50.112116],[-92.148084,50.112796],[-92.149207,50.113317],[-92.149624,50.113455],[-92.150449,50.113506],[-92.150907,50.113699],[-92.152038,50.113833],[-92.152702,50.114206],[-92.15386,50.114368],[-92.154731,50.114176],[-92.156098,50.113601],[-92.157944,50.113624],[-92.160623,50.113193],[-92.162931,50.113147],[-92.164625,50.113051],[-92.164977,50.112937],[-92.166363,50.112884],[-92.166823,50.112941],[-92.167574,50.113217],[-92.168202,50.113275],[-92.168368,50.113393],[-92.16838,50.113519],[-92.168671,50.113647],[-92.169732,50.11379],[-92.169855,50.113952],[-92.169852,50.114123],[-92.170071,50.114376],[-92.170625,50.114722],[-92.171834,50.115163],[-92.172741,50.115259],[-92.173625,50.115112],[-92.174386,50.114776],[-92.174684,50.114553],[-92.175026,50.114169],[-92.174852,50.113709],[-92.174925,50.113521],[-92.175365,50.113191],[-92.177661,50.113046],[-92.178769,50.112882],[-92.178924,50.112767],[-92.178903,50.11238],[-92.17981,50.112476],[-92.180263,50.112191],[-92.18254,50.112333],[-92.183424,50.112214],[-92.184739,50.112169],[-92.185399,50.111985],[-92.186292,50.112153],[-92.187215,50.11215],[-92.188505,50.111961],[-92.188922,50.11209],[-92.189448,50.112391],[-92.191134,50.112816],[-92.191516,50.11334],[-92.191522,50.113835],[-92.191907,50.114234],[-92.192311,50.114326],[-92.193417,50.114253],[-92.195065,50.114444],[-92.19605,50.114083],[-92.197292,50.114208],[-92.19853,50.113812],[-92.199699,50.113325],[-92.20071,50.113089],[-92.20141,50.11304],[-92.201398,50.112896],[-92.201569,50.112736],[-92.202015,50.112811],[-92.202254,50.112749],[-92.202497,50.112454],[-92.202763,50.112402],[-92.203363,50.112487],[-92.203457,50.112739],[-92.203408,50.113171],[-92.202772,50.113589],[-92.202204,50.114062],[-92.202089,50.114259],[-92.202113,50.114484],[-92.202471,50.114846],[-92.203142,50.114869],[-92.204006,50.114209],[-92.204441,50.114167],[-92.205004,50.113901],[-92.205732,50.113897],[-92.206027,50.113809],[-92.206279,50.11382],[-92.206612,50.113975],[-92.206763,50.114129],[-92.207125,50.114249],[-92.207428,50.11452],[-92.20849,50.114573],[-92.208723,50.113999],[-92.209151,50.113525],[-92.20973,50.113151],[-92.211022,50.112854],[-92.211959,50.11286],[-92.212278,50.113024],[-92.21269,50.11345],[-92.213275,50.113652],[-92.214032,50.113549],[-92.214874,50.113321],[-92.215336,50.113306],[-92.217372,50.11367],[-92.217765,50.113592],[-92.218132,50.113406],[-92.219549,50.112264],[-92.219692,50.112094],[-92.21968,50.111968],[-92.221205,50.111088],[-92.221693,50.110318],[-92.222371,50.109908],[-92.22282,50.109822],[-92.223096,50.110057],[-92.223284,50.110481],[-92.22356,50.110717],[-92.223685,50.11079],[-92.223993,50.110756],[-92.227846,50.108632],[-92.228114,50.108436],[-92.228273,50.108158],[-92.228304,50.107924],[-92.22802,50.107338],[-92.227968,50.107113],[-92.22804,50.106951],[-92.22945,50.106241],[-92.230516,50.10605],[-92.230877,50.106197],[-92.231167,50.106423],[-92.231332,50.106622],[-92.23133,50.106766],[-92.231523,50.106911],[-92.231913,50.106995],[-92.232641,50.106973],[-92.23322,50.106635],[-92.233397,50.106069],[-92.233525,50.105899],[-92.235204,50.104948],[-92.236088,50.10481],[-92.236758,50.104841],[-92.237367,50.105286],[-92.237741,50.105459],[-92.238619,50.105654],[-92.23936,50.105713],[-92.240401,50.106169],[-92.241773,50.106106],[-92.242616,50.10586],[-92.243307,50.10546],[-92.243982,50.105248],[-92.244534,50.10482],[-92.245377,50.104574],[-92.248045,50.102981],[-92.248844,50.102815],[-92.249766,50.102884],[-92.250677,50.102764],[-92.25211,50.102306],[-92.252317,50.102514],[-92.252555,50.102498],[-92.25286,50.102697],[-92.25305,50.103067],[-92.253201,50.103194],[-92.253396,50.10325],[-92.253818,50.103117],[-92.254488,50.103221],[-92.255794,50.103769],[-92.256177,50.104302],[-92.256647,50.104638],[-92.257248,50.104695],[-92.258565,50.104479],[-92.259283,50.104187],[-92.259682,50.103731],[-92.260091,50.10349],[-92.260177,50.103329],[-92.260071,50.102455],[-92.264272,50.102591],[-92.264249,50.107141],[-92.277138,50.10715],[-92.277145,49.973277],[-92.209758,49.973388],[-92.0077,49.97326],[-92.007932,50.034056],[-91.906043,50.034276],[-91.898885,50.034369],[-91.891524,50.034067]],[[-89.061116,50.315505],[-89.059548,50.313724],[-89.05764,50.31304],[-89.052631,50.307401],[-89.05132,50.306895],[-89.048066,50.304423],[-89.047876,50.304128],[-89.041628,50.306476],[-89.040331,50.307038],[-89.03862,50.308065],[-89.035049,50.310923],[-89.033174,50.311907],[-89.032031,50.312264],[-89.03249,50.312906],[-89.034773,50.313971],[-89.034691,50.314506],[-89.035567,50.315359],[-89.038126,50.316112],[-89.039063,50.316931],[-89.040147,50.317649],[-89.040811,50.319381],[-89.04178,50.320068],[-89.043276,50.3221],[-89.043961,50.322296],[-89.043791,50.322843],[-89.044779,50.324082],[-89.063515,50.317042],[-89.063383,50.31675],[-89.061116,50.315505]],[[-94.730799,50.347758],[-94.730423,50.347529],[-94.73008,50.347422],[-94.729715,50.347417],[-94.728676,50.34779],[-94.72742,50.348037],[-94.725874,50.348572],[-94.722376,50.350498],[-94.722332,50.357431],[-94.724065,50.356888],[-94.726496,50.356494],[-94.727179,50.356486],[-94.72801,50.356539],[-94.729984,50.357086],[-94.731834,50.356993],[-94.734546,50.357012],[-94.739964,50.357172],[-94.740752,50.357324],[-94.741084,50.357224],[-94.741747,50.356227],[-94.742725,50.355232],[-94.743496,50.355005],[-94.744491,50.354832],[-94.741631,50.346524],[-94.740323,50.346628],[-94.738786,50.347094],[-94.737596,50.347564],[-94.737006,50.347698],[-94.736681,50.347662],[-94.736186,50.347403],[-94.735859,50.347437],[-94.735178,50.347772],[-94.734831,50.347831],[-94.734095,50.347654],[-94.733247,50.347603],[-94.730799,50.347758]],[[-94.743358,50.357052],[-94.74526,50.357063],[-94.74455,50.355002],[-94.74395,50.35513],[-94.743416,50.355436],[-94.742963,50.356304],[-94.743358,50.357052]],[[-94.745637,50.35816],[-94.745269,50.357092],[-94.744112,50.35738],[-94.743653,50.357616],[-94.743627,50.357711],[-94.743764,50.357841],[-94.745637,50.35816]],[[-94.744882,50.360968],[-94.74402,50.361192],[-94.743115,50.361315],[-94.743097,50.361382],[-94.743429,50.361658],[-94.74345,50.361787],[-94.743251,50.362138],[-94.743265,50.36229],[-94.743466,50.36258],[-94.743672,50.362676],[-94.745292,50.363017],[-94.74623,50.363554],[-94.747471,50.363487],[-94.746685,50.361203],[-94.744882,50.360968]],[[-94.74862,50.37401],[-94.748665,50.374142],[-94.748969,50.374321],[-94.749761,50.374591],[-94.74991,50.374824],[-94.750707,50.375141],[-94.750801,50.375606],[-94.751263,50.375916],[-94.751822,50.376125],[-94.75064,50.372691],[-94.750588,50.372718],[-94.750613,50.373202],[-94.750504,50.373317],[-94.749106,50.373647],[-94.74862,50.37401]],[[-91.813692,51.723324],[-91.813906,51.723774],[-91.813816,51.723952],[-91.813004,51.724618],[-91.81169,51.725121],[-91.81039,51.72602],[-91.810478,51.726764],[-91.810468,51.727968],[-91.810583,51.728666],[-91.810217,51.729403],[-91.808621,51.730842],[-91.808163,51.7312],[-91.807182,51.731368],[-91.806018,51.731416],[-91.804468,51.731322],[-91.803898,51.731403],[-91.803315,51.731601],[-91.801991,51.731474],[-91.801248,51.731529],[-91.801098,51.731644],[-91.801015,51.731873],[-91.800739,51.732211],[-91.800352,51.732583],[-91.799209,51.734196],[-91.798916,51.734503],[-91.797989,51.7349],[-91.79795,51.736316],[-91.793596,51.737921],[-91.793084,51.738311],[-91.788946,51.739518],[-91.785274,51.742821],[-91.78439,51.746581],[-91.783815,51.747436],[-91.783033,51.748107],[-91.79325,51.751324],[-91.794547,51.750861],[-91.794734,51.750639],[-91.795108,51.750577],[-91.795531,51.750386],[-91.795133,51.750085],[-91.79429,51.749772],[-91.794038,51.749553],[-91.793997,51.748954],[-91.79494,51.74848],[-91.795739,51.748434],[-91.795998,51.748147],[-91.795967,51.748033],[-91.796206,51.747917],[-91.796704,51.747957],[-91.796976,51.747882],[-91.797173,51.748029],[-91.797968,51.748024],[-91.797973,51.747938],[-91.798308,51.747665],[-91.798082,51.747472],[-91.798082,51.747313],[-91.798215,51.747187],[-91.79887,51.747117],[-91.799302,51.747386],[-91.799584,51.747242],[-91.799609,51.747003],[-91.79929,51.746655],[-91.799978,51.746549],[-91.802232,51.746511],[-91.804322,51.747737],[-91.804687,51.747847],[-91.805058,51.747853],[-91.806108,51.746928],[-91.806312,51.746589],[-91.806653,51.746265],[-91.806996,51.746073],[-91.807151,51.74585],[-91.80676,51.745144],[-91.807047,51.74408],[-91.807352,51.743914],[-91.807924,51.743797],[-91.809241,51.743743],[-91.809608,51.743816],[-91.809928,51.743993],[-91.810543,51.744703],[-91.811406,51.745245],[-91.811763,51.745558],[-91.812405,51.746488],[-91.813124,51.746821],[-91.813246,51.747522],[-91.813581,51.747848],[-91.814193,51.748142],[-91.814643,51.74847],[-91.815564,51.748855],[-91.815933,51.748893],[-91.817073,51.748583],[-91.818186,51.748543],[-91.818725,51.748345],[-91.819224,51.747897],[-91.82096,51.747933],[-91.82191,51.748078],[-91.822147,51.748595],[-91.822142,51.748823],[-91.821544,51.748923],[-91.821497,51.748972],[-91.821796,51.749058],[-91.821758,51.7492],[-91.821236,51.749432],[-91.821421,51.749578],[-91.821836,51.749586],[-91.822094,51.749356],[-91.823015,51.749579],[-91.82378,51.749914],[-91.823917,51.750261],[-91.82393,51.750542],[-91.823622,51.750723],[-91.823761,51.750938],[-91.823669,51.751171],[-91.823132,51.751577],[-91.823144,51.751712],[-91.823837,51.751946],[-91.823885,51.752063],[-91.82425,51.752156],[-91.824718,51.75191],[-91.824961,51.751675],[-91.82533,51.75162],[-91.825574,51.751394],[-91.825651,51.751167],[-91.826074,51.750956],[-91.828692,51.750922],[-91.829253,51.750677],[-91.829818,51.750562],[-91.830189,51.750417],[-91.830565,51.750099],[-91.830676,51.749884],[-91.831084,51.749705],[-91.831785,51.749587],[-91.833284,51.750076],[-91.833656,51.750037],[-91.833924,51.749884],[-91.833893,51.749766],[-91.83407,51.749539],[-91.835519,51.748788],[-91.835796,51.748445],[-91.835769,51.748219],[-91.835584,51.748135],[-91.834472,51.748036],[-91.833267,51.7481],[-91.832152,51.748373],[-91.830284,51.748618],[-91.8299,51.748635],[-91.829144,51.748432],[-91.828929,51.748444],[-91.828171,51.748845],[-91.827799,51.748875],[-91.827027,51.748073],[-91.826905,51.747381],[-91.827286,51.746806],[-91.827911,51.746297],[-91.828124,51.745728],[-91.82851,51.745392],[-91.829883,51.744716],[-91.830417,51.743958],[-91.830599,51.743938],[-91.831336,51.743973],[-91.832062,51.744108],[-91.832425,51.744362],[-91.832979,51.744444],[-91.833558,51.744379],[-91.834132,51.744457],[-91.835492,51.745095],[-91.836018,51.745539],[-91.836142,51.74581],[-91.836111,51.746608],[-91.836345,51.747173],[-91.837451,51.747295],[-91.838188,51.747226],[-91.839314,51.746902],[-91.839541,51.746676],[-91.838493,51.746212],[-91.838242,51.745978],[-91.838308,51.74528],[-91.8389,51.744018],[-91.838774,51.743903],[-91.837863,51.743635],[-91.836607,51.743512],[-91.836218,51.743391],[-91.835857,51.742934],[-91.836267,51.742565],[-91.83856,51.742465],[-91.8391,51.741915],[-91.839591,51.741648],[-91.840543,51.74147],[-91.840562,51.741353],[-91.840311,51.740776],[-91.84028,51.74032],[-91.840466,51.740219],[-91.840403,51.739988],[-91.839483,51.739928],[-91.838075,51.739219],[-91.83794,51.738996],[-91.838095,51.738773],[-91.837828,51.738056],[-91.837968,51.737828],[-91.838343,51.737731],[-91.838385,51.737605],[-91.838211,51.737259],[-91.835707,51.73637],[-91.835337,51.736355],[-91.834962,51.736452],[-91.834604,51.736663],[-91.833501,51.736644],[-91.832766,51.736506],[-91.832199,51.736357],[-91.831643,51.736099],[-91.831267,51.735737],[-91.831226,51.735506],[-91.831569,51.734804],[-91.833141,51.733053],[-91.83361,51.732786],[-91.834714,51.732781],[-91.835042,51.732593],[-91.835488,51.732005],[-91.835898,51.731641],[-91.836552,51.731193],[-91.836933,51.731072],[-91.837521,51.731047],[-91.838143,51.730555],[-91.838482,51.730406],[-91.83982,51.730074],[-91.841742,51.729826],[-91.843116,51.729898],[-91.844553,51.730321],[-91.845227,51.730904],[-91.84497,51.731599],[-91.844971,51.732082],[-91.844544,51.732976],[-91.844759,51.733129],[-91.845518,51.733347],[-91.847304,51.733547],[-91.847817,51.733998],[-91.848271,51.734233],[-91.848986,51.734424],[-91.851115,51.73472],[-91.852302,51.734329],[-91.852891,51.734303],[-91.853415,51.734118],[-91.853534,51.733876],[-91.853322,51.733737],[-91.852956,51.73365],[-91.852924,51.733537],[-91.85307,51.733197],[-91.853142,51.732719],[-91.856143,51.732074],[-91.85782,51.731484],[-91.85997,51.731286],[-91.861667,51.730897],[-91.863086,51.730281],[-91.863324,51.729867],[-91.861969,51.729488],[-91.860982,51.729333],[-91.859234,51.729478],[-91.857857,51.729852],[-91.857196,51.729921],[-91.854312,51.729933],[-91.853274,51.730189],[-91.852427,51.730271],[-91.852025,51.730147],[-91.851858,51.729937],[-91.851824,51.729284],[-91.851918,51.728835],[-91.851805,51.72865],[-91.851557,51.728498],[-91.850738,51.728644],[-91.849909,51.72852],[-91.84959,51.7282],[-91.849415,51.727817],[-91.849373,51.72734],[-91.849433,51.727276],[-91.849345,51.727051],[-91.849199,51.726923],[-91.847641,51.726172],[-91.846998,51.725704],[-91.845219,51.725375],[-91.844452,51.724856],[-91.843562,51.723798],[-91.841802,51.723276],[-91.840744,51.722714],[-91.840065,51.722681],[-91.839496,51.723207],[-91.837453,51.723053],[-91.836365,51.723954],[-91.835126,51.724163],[-91.834143,51.724621],[-91.833769,51.724559],[-91.832663,51.723882],[-91.831925,51.723568],[-91.83049,51.723245],[-91.82994,51.722634],[-91.82963,51.722126],[-91.829304,51.720693],[-91.829324,51.719823],[-91.829187,51.719571],[-91.828845,51.719483],[-91.827926,51.719553],[-91.82533,51.720098],[-91.823179,51.719484],[-91.821527,51.719352],[-91.820381,51.718985],[-91.816399,51.717961],[-91.814548,51.718168],[-91.813842,51.718073],[-91.81251,51.717742],[-91.80991,51.71756],[-91.809231,51.717254],[-91.808349,51.716998],[-91.806149,51.718078],[-91.80503,51.717199],[-91.807001,51.716232],[-91.805336,51.716034],[-91.804525,51.715855],[-91.801349,51.715753],[-91.799483,51.715468],[-91.798788,51.71513],[-91.798541,51.71485],[-91.798406,51.713954],[-91.797624,51.713453],[-91.797267,51.713383],[-91.797068,51.71351],[-91.797058,51.713641],[-91.796695,51.713757],[-91.796191,51.713774],[-91.795853,51.71394],[-91.795476,51.714883],[-91.795263,51.715086],[-91.794767,51.715254],[-91.794854,51.715738],[-91.79532,51.716363],[-91.796268,51.716638],[-91.796404,51.716935],[-91.796711,51.717265],[-91.797265,51.71738],[-91.798391,51.717442],[-91.799437,51.718271],[-91.79949,51.718428],[-91.799398,51.718578],[-91.79956,51.718934],[-91.800154,51.719541],[-91.800655,51.719883],[-91.801968,51.720178],[-91.803999,51.721255],[-91.804995,51.721605],[-91.805731,51.722121],[-91.806673,51.722423],[-91.808635,51.722725],[-91.809658,51.72265],[-91.811013,51.72216],[-91.811852,51.722078],[-91.813152,51.722711],[-91.813692,51.723324]],[[-95.113247,49.368355],[-95.112034,49.368536],[-95.111831,49.368821],[-95.115341,49.368816],[-95.114845,49.368605],[-95.113247,49.368355]],[[-91.613257,48.671992],[-91.494668,48.671678],[-91.494076,48.711947],[-91.520208,48.71177],[-91.520717,48.711837],[-91.521145,48.712076],[-91.522503,48.712157],[-91.52296,48.712324],[-91.523063,48.712524],[-91.524052,48.712626],[-91.524279,48.712755],[-91.524887,48.712898],[-91.525167,48.713119],[-91.525048,48.713292],[-91.525029,48.713557],[-91.512244,48.712472],[-91.510163,48.71244],[-91.498575,48.713737],[-91.496281,48.714213],[-91.494031,48.714994],[-91.493257,48.76651],[-91.489732,48.766536],[-91.489611,48.84492],[-91.620571,48.845437],[-91.752208,48.845623],[-91.752316,48.758919],[-91.751704,48.75892],[-91.751935,48.672205],[-91.613257,48.671992]],[[-79.953718,44.755923],[-79.950677,44.752435],[-79.95057,44.752489],[-79.931166,44.730406],[-79.906313,44.701502],[-79.883864,44.711284],[-79.881177,44.708149],[-79.869395,44.713331],[-79.875039,44.719568],[-79.863521,44.724651],[-79.866156,44.72761],[-79.854922,44.73258],[-79.855283,44.733009],[-79.846562,44.736567],[-79.846212,44.736154],[-79.845793,44.736334],[-79.845631,44.736244],[-79.845569,44.735785],[-79.84629,44.735333],[-79.846775,44.734342],[-79.846858,44.732445],[-79.846992,44.732217],[-79.846021,44.723428],[-79.837366,44.714585],[-79.829359,44.717972],[-79.824683,44.71274],[-79.82081,44.70812],[-79.805555,44.714657],[-79.809629,44.719396],[-79.813478,44.724043],[-79.809217,44.72589],[-79.808198,44.724665],[-79.805386,44.725942],[-79.804914,44.725384],[-79.803172,44.726101],[-79.800893,44.723548],[-79.794988,44.726001],[-79.796045,44.727219],[-79.800707,44.728381],[-79.802391,44.729043],[-79.801659,44.729905],[-79.799676,44.731036],[-79.799714,44.73108],[-79.797053,44.732546],[-79.79746,44.733014],[-79.795634,44.734074],[-79.795048,44.733687],[-79.792425,44.735117],[-79.792847,44.735604],[-79.786224,44.739552],[-79.785824,44.739079],[-79.784459,44.739928],[-79.783211,44.740354],[-79.770239,44.742582],[-79.769257,44.742668],[-79.769049,44.742668],[-79.767207,44.740406],[-79.766319,44.740771],[-79.753236,44.725422],[-79.745173,44.728578],[-79.740971,44.723802],[-79.739891,44.723838],[-79.734372,44.725994],[-79.73225,44.72363],[-79.730243,44.72117],[-79.729182,44.720164],[-79.727357,44.717903],[-79.725032,44.715444],[-79.721849,44.711794],[-79.718611,44.713172],[-79.718537,44.713087],[-79.71756,44.713468],[-79.716438,44.713959],[-79.715636,44.714438],[-79.711407,44.709646],[-79.704027,44.712705],[-79.708129,44.717412],[-79.712602,44.722357],[-79.716622,44.727102],[-79.723515,44.735658],[-79.721761,44.736428],[-79.722143,44.736902],[-79.719198,44.738269],[-79.719167,44.73842],[-79.718789,44.738719],[-79.709985,44.742647],[-79.712561,44.745535],[-79.709713,44.746696],[-79.710627,44.747876],[-79.708671,44.748136],[-79.706186,44.74811],[-79.703461,44.746267],[-79.701333,44.747208],[-79.702344,44.749621],[-79.702582,44.750656],[-79.702464,44.751983],[-79.702223,44.752771],[-79.701765,44.753596],[-79.701992,44.75436],[-79.700317,44.756959],[-79.701547,44.757655],[-79.703167,44.759691],[-79.708906,44.76101],[-79.722617,44.760138],[-79.751129,44.767465],[-79.763178,44.772055],[-79.776276,44.772946],[-79.866829,44.7924],[-79.872423,44.789982],[-79.895882,44.780126],[-79.896011,44.780272],[-79.907318,44.775466],[-79.901915,44.769231],[-79.895593,44.769565],[-79.894651,44.764317],[-79.896156,44.76368],[-79.89677,44.764342],[-79.897633,44.76395],[-79.923848,44.794229],[-79.917059,44.797089],[-79.922486,44.803475],[-79.918088,44.805288],[-79.920004,44.807532],[-79.929293,44.811034],[-79.936719,44.807779],[-79.934882,44.799005],[-79.935701,44.797818],[-79.945698,44.799253],[-79.949909,44.799701],[-79.950603,44.798925],[-79.951316,44.79872],[-79.952138,44.799273],[-79.953915,44.800122],[-79.955062,44.800251],[-79.958021,44.798918],[-79.959808,44.79008],[-79.95628,44.78589],[-79.961202,44.783839],[-79.964603,44.767861],[-79.960432,44.763935],[-79.956687,44.759484],[-79.95735,44.759194],[-79.956926,44.758698],[-79.957761,44.758332],[-79.957637,44.75819],[-79.957092,44.758083],[-79.95695,44.757816],[-79.957106,44.757727],[-79.956064,44.756122],[-79.956762,44.756401],[-79.957097,44.755972],[-79.9564,44.755693],[-79.957203,44.755026],[-79.958625,44.754094],[-79.958424,44.753979],[-79.958509,44.75388],[-79.95867,44.753691],[-79.958689,44.753668],[-79.953718,44.755923]],[[-75.65784,44.778982],[-75.657334,44.778643],[-75.657203,44.778673],[-75.657147,44.778943],[-75.65761,44.779031],[-75.65784,44.778982]],[[-76.409306,44.684477],[-76.409098,44.684236],[-76.409896,44.683857],[-76.410587,44.683723],[-76.411199,44.683481],[-76.411745,44.683407],[-76.411441,44.682729],[-76.411368,44.682773],[-76.409677,44.681341],[-76.40997,44.681163],[-76.409228,44.680539],[-76.409665,44.68027],[-76.409435,44.679922],[-76.409521,44.67987],[-76.41008,44.68034],[-76.410306,44.680201],[-76.408313,44.675719],[-76.404016,44.671808],[-76.41354,44.666731],[-76.409838,44.663476],[-76.408749,44.662623],[-76.399401,44.667584],[-76.399322,44.667512],[-76.397389,44.668538],[-76.398524,44.669553],[-76.396531,44.67061],[-76.395396,44.669596],[-76.391138,44.671855],[-76.391937,44.672663],[-76.392796,44.673219],[-76.393366,44.67387],[-76.393425,44.674202],[-76.39372,44.674414],[-76.393957,44.674799],[-76.39411,44.6754],[-76.394588,44.675898],[-76.394515,44.675989],[-76.394534,44.676277],[-76.394252,44.676605],[-76.394027,44.676697],[-76.394071,44.67694],[-76.394003,44.677256],[-76.393639,44.67735],[-76.393585,44.677711],[-76.393686,44.677737],[-76.393574,44.677783],[-76.39365,44.677791],[-76.393666,44.677935],[-76.393754,44.677934],[-76.393828,44.678392],[-76.393979,44.678381],[-76.393997,44.678579],[-76.393934,44.678598],[-76.394023,44.678615],[-76.393935,44.678643],[-76.394037,44.678705],[-76.393937,44.678715],[-76.393967,44.678913],[-76.394105,44.678911],[-76.394107,44.678965],[-76.393956,44.678976],[-76.39402,44.679011],[-76.39392,44.679597],[-76.394398,44.680042],[-76.394261,44.680151],[-76.394462,44.680113],[-76.39463,44.680264],[-76.394443,44.680383],[-76.393811,44.680319],[-76.393428,44.680126],[-76.392991,44.680311],[-76.39291,44.680645],[-76.39299,44.680797],[-76.392815,44.680889],[-76.392699,44.681296],[-76.393095,44.681516],[-76.393188,44.681704],[-76.392778,44.681439],[-76.39185,44.681666],[-76.390059,44.681706],[-76.3895,44.681569],[-76.389174,44.681645],[-76.388707,44.681615],[-76.38853,44.681644],[-76.388438,44.682255],[-76.392611,44.682632],[-76.393236,44.682484],[-76.39387,44.682882],[-76.394007,44.683101],[-76.410704,44.684917],[-76.410282,44.68415],[-76.41008,44.684161],[-76.409306,44.684477]],[[-79.468391,44.606809],[-79.46804,44.606353],[-79.475654,44.603291],[-79.447043,44.570002],[-79.447132,44.570784],[-79.447055,44.571368],[-79.446651,44.571979],[-79.445804,44.572683],[-79.440135,44.576617],[-79.439266,44.577073],[-79.434603,44.579039],[-79.424625,44.567221],[-79.417506,44.570158],[-79.380359,44.588009],[-79.371619,44.595001],[-79.369715,44.604335],[-79.369784,44.608264],[-79.371196,44.608464],[-79.374153,44.619392],[-79.378483,44.620415],[-79.412904,44.639038],[-79.416821,44.638867],[-79.417059,44.638797],[-79.41709,44.64037],[-79.416993,44.641152],[-79.420613,44.639735],[-79.420235,44.641566],[-79.419947,44.642426],[-79.419646,44.643745],[-79.418758,44.64674],[-79.418379,44.647698],[-79.418801,44.647751],[-79.419249,44.646747],[-79.42005,44.645606],[-79.42281,44.642394],[-79.42606,44.638793],[-79.432152,44.631684],[-79.433151,44.630635],[-79.43331,44.630367],[-79.440663,44.621843],[-79.442482,44.624051],[-79.449824,44.620974],[-79.445716,44.616144],[-79.468391,44.606809]],[[-78.380569,44.581537],[-78.380533,44.581455],[-78.380412,44.581534],[-78.380444,44.581705],[-78.380512,44.581697],[-78.380569,44.581537]],[[-78.403618,44.578619],[-78.403815,44.578397],[-78.404011,44.577936],[-78.403801,44.578069],[-78.403618,44.578619]],[[-78.381762,44.578445],[-78.382121,44.578338],[-78.382174,44.578022],[-78.381831,44.578026],[-78.38164,44.578388],[-78.381762,44.578445]],[[-78.404057,44.577677],[-78.404071,44.577601],[-78.403985,44.577621],[-78.403936,44.577796],[-78.404057,44.577677]],[[-78.395629,44.577408],[-78.395739,44.577305],[-78.395556,44.5773],[-78.395502,44.577377],[-78.395629,44.577408]],[[-78.404215,44.57736],[-78.404252,44.577231],[-78.40415,44.577253],[-78.404215,44.57736]],[[-78.404857,44.576633],[-78.404903,44.576419],[-78.404827,44.576408],[-78.404583,44.576869],[-78.404522,44.57711],[-78.404621,44.577068],[-78.404857,44.576633]],[[-78.380992,44.576628],[-78.380997,44.576581],[-78.380944,44.576607],[-78.380992,44.576628]],[[-78.404888,44.576236],[-78.404911,44.57632],[-78.40504,44.576206],[-78.405102,44.576053],[-78.404888,44.576236]],[[-78.38592,44.574489],[-78.385951,44.574421],[-78.385821,44.574497],[-78.385707,44.574856],[-78.385554,44.574913],[-78.385516,44.575157],[-78.385753,44.575187],[-78.385959,44.574814],[-78.386142,44.574703],[-78.386188,44.574497],[-78.38592,44.574489]],[[-78.380254,44.575035],[-78.38028,44.575048],[-78.380275,44.575023],[-78.380254,44.575035]],[[-78.37967,44.574636],[-78.379676,44.574601],[-78.379653,44.574595],[-78.37967,44.574636]],[[-78.392238,44.573787],[-78.392146,44.573814],[-78.39191,44.574096],[-78.391833,44.574329],[-78.391895,44.574409],[-78.392177,44.574363],[-78.392436,44.574135],[-78.392398,44.573891],[-78.392238,44.573787]],[[-78.406032,44.574218],[-78.406071,44.57431],[-78.406147,44.574329],[-78.406292,44.574135],[-78.406406,44.573768],[-78.406032,44.574218]],[[-78.470496,44.573711],[-78.470419,44.573665],[-78.470335,44.57381],[-78.470427,44.573829],[-78.470496,44.573711]],[[-78.476866,44.573665],[-78.477187,44.573547],[-78.476966,44.573497],[-78.476759,44.573555],[-78.476866,44.573665]],[[-78.380259,44.573513],[-78.38029,44.573406],[-78.379992,44.573318],[-78.379977,44.573437],[-78.380259,44.573513]],[[-78.477896,44.573536],[-78.477721,44.573791],[-78.478049,44.573772],[-78.478163,44.57365],[-78.478095,44.573501],[-78.477896,44.573536]],[[-78.406055,44.57439],[-78.405979,44.574344],[-78.405773,44.574837],[-78.406055,44.57439]],[[-78.413723,44.572494],[-78.413678,44.572296],[-78.413357,44.572521],[-78.41341,44.572639],[-78.413563,44.572681],[-78.413723,44.572494]],[[-78.413456,44.572166],[-78.413387,44.572116],[-78.41322,44.572337],[-78.413243,44.572395],[-78.413387,44.572334],[-78.413456,44.572166]],[[-78.452629,44.570216],[-78.452649,44.570189],[-78.452623,44.570184],[-78.452629,44.570216]],[[-78.453077,44.569877],[-78.453085,44.569805],[-78.452879,44.569782],[-78.452718,44.569843],[-78.453077,44.569877]],[[-78.452165,44.569859],[-78.452243,44.569854],[-78.452208,44.569815],[-78.452165,44.569859]],[[-78.453205,44.569247],[-78.453225,44.569214],[-78.45318,44.569202],[-78.453205,44.569247]],[[-78.4503,44.567493],[-78.450254,44.567592],[-78.450452,44.56747],[-78.4503,44.567493]],[[-78.449177,44.566978],[-78.449145,44.56698],[-78.449153,44.567019],[-78.449177,44.566978]],[[-78.451949,44.56681],[-78.45194,44.566839],[-78.451994,44.566844],[-78.451949,44.56681]],[[-78.461604,44.566412],[-78.46156,44.566477],[-78.461701,44.566454],[-78.461753,44.566399],[-78.461604,44.566412]],[[-78.450683,44.565716],[-78.450714,44.565682],[-78.450695,44.56566],[-78.450683,44.565716]],[[-78.46264,44.565573],[-78.462577,44.565606],[-78.462647,44.565617],[-78.46264,44.565573]],[[-78.442129,44.565525],[-78.442193,44.56554],[-78.442187,44.565473],[-78.442129,44.565525]],[[-78.286857,44.562973],[-78.286873,44.56313],[-78.287048,44.563233],[-78.287254,44.56321],[-78.28733,44.563077],[-78.287117,44.563027],[-78.287208,44.562986],[-78.286857,44.562973]],[[-78.308036,44.562979],[-78.308033,44.562945],[-78.307869,44.562937],[-78.30787,44.56301],[-78.308036,44.562979]],[[-78.227033,44.560492],[-78.227605,44.560165],[-78.227544,44.55955],[-78.227201,44.55947],[-78.226789,44.559649],[-78.226507,44.55966],[-78.2264,44.559512],[-78.22656,44.559435],[-78.226377,44.559314],[-78.225988,44.559485],[-78.22579,44.559382],[-78.225782,44.559291],[-78.226049,44.559306],[-78.225996,44.559096],[-78.225263,44.559332],[-78.225362,44.55918],[-78.225332,44.559028],[-78.225233,44.559016],[-78.224973,44.559134],[-78.22463,44.559127],[-78.223989,44.559363],[-78.223829,44.559603],[-78.223569,44.559768],[-78.22376,44.559771],[-78.223989,44.560031],[-78.224752,44.560092],[-78.224958,44.560199],[-78.225584,44.56013],[-78.22595,44.560526],[-78.226102,44.560557],[-78.226141,44.560748],[-78.227033,44.560492]],[[-78.303932,44.559229],[-78.303971,44.559168],[-78.303803,44.559237],[-78.303803,44.559301],[-78.303932,44.559229]],[[-78.28985,44.559252],[-78.289719,44.559346],[-78.289994,44.559383],[-78.290049,44.559304],[-78.28985,44.559252]],[[-78.304215,44.560083],[-78.304634,44.559321],[-78.303948,44.559446],[-78.304215,44.560083]],[[-78.324464,44.559833],[-78.324433,44.559932],[-78.324533,44.559959],[-78.324845,44.559787],[-78.324464,44.559833]],[[-78.304734,44.559824],[-78.304611,44.559938],[-78.304711,44.56006],[-78.304817,44.559973],[-78.304734,44.559824]],[[-78.22846,44.559878],[-78.228505,44.560042],[-78.228681,44.560008],[-78.228605,44.559855],[-78.22846,44.559878]],[[-78.288716,44.559993],[-78.288894,44.560029],[-78.289104,44.559961],[-78.288716,44.559993]],[[-78.236626,44.558793],[-78.23639,44.558907],[-78.236465,44.558984],[-78.236776,44.558958],[-78.236915,44.558835],[-78.236626,44.558793]],[[-78.225584,44.558493],[-78.225767,44.558352],[-78.226133,44.558543],[-78.22672,44.558459],[-78.226697,44.55807],[-78.226827,44.557941],[-78.22669,44.55791],[-78.226675,44.557765],[-78.226469,44.557658],[-78.226102,44.557658],[-78.225461,44.557841],[-78.225377,44.55773],[-78.22508,44.557726],[-78.225042,44.557642],[-78.224706,44.557582],[-78.224317,44.557868],[-78.224126,44.55791],[-78.224027,44.557833],[-78.223012,44.557738],[-78.222783,44.557597],[-78.2226,44.557349],[-78.222135,44.557445],[-78.221746,44.557444],[-78.221616,44.557372],[-78.221464,44.557448],[-78.221189,44.557433],[-78.221029,44.557364],[-78.220792,44.557547],[-78.221464,44.557933],[-78.222028,44.558119],[-78.222181,44.558474],[-78.222364,44.558604],[-78.223203,44.558524],[-78.223478,44.558551],[-78.223562,44.558706],[-78.224508,44.558646],[-78.224737,44.558543],[-78.224836,44.5586],[-78.224843,44.558909],[-78.224943,44.558921],[-78.225652,44.558856],[-78.225744,44.558776],[-78.225584,44.558493]],[[-78.221143,44.558573],[-78.221059,44.558356],[-78.220822,44.558268],[-78.220518,44.558596],[-78.22051,44.558696],[-78.221143,44.558573]],[[-78.264884,44.557842],[-78.265113,44.557838],[-78.265189,44.55775],[-78.264907,44.557705],[-78.264868,44.557373],[-78.264953,44.557301],[-78.265113,44.557323],[-78.265212,44.557102],[-78.264968,44.557159],[-78.264617,44.557392],[-78.264594,44.55769],[-78.264884,44.557842]],[[-78.223928,44.557086],[-78.224172,44.556983],[-78.224332,44.556788],[-78.224592,44.556769],[-78.225408,44.556399],[-78.225088,44.556392],[-78.224897,44.556506],[-78.22463,44.556506],[-78.224248,44.556632],[-78.223768,44.556639],[-78.223295,44.556258],[-78.222265,44.555937],[-78.221845,44.555541],[-78.22167,44.555491],[-78.22141,44.555621],[-78.221563,44.555877],[-78.221959,44.556117],[-78.222524,44.55614],[-78.222562,44.556304],[-78.222127,44.556193],[-78.221937,44.556296],[-78.221929,44.556407],[-78.222036,44.556517],[-78.22231,44.556651],[-78.221425,44.556464],[-78.22109,44.556277],[-78.220609,44.55633],[-78.220205,44.556624],[-78.221128,44.556792],[-78.221761,44.557013],[-78.222425,44.557075],[-78.222417,44.557211],[-78.222493,44.557239],[-78.222577,44.557097],[-78.223928,44.557086]],[[-78.2199,44.55614],[-78.219991,44.556079],[-78.219907,44.556014],[-78.219831,44.556102],[-78.2199,44.55614]],[[-78.219495,44.555915],[-78.219388,44.555811],[-78.219342,44.555975],[-78.219457,44.555995],[-78.219495,44.555915]],[[-78.198836,44.555787],[-78.198968,44.555821],[-78.198994,44.555556],[-78.198839,44.555624],[-78.198836,44.555787]],[[-78.229261,44.555518],[-78.229354,44.555464],[-78.229274,44.555389],[-78.229261,44.555518]],[[-78.270812,44.555588],[-78.270728,44.555676],[-78.270873,44.555886],[-78.27069,44.555973],[-78.270781,44.556622],[-78.271155,44.556813],[-78.271308,44.557274],[-78.271682,44.557446],[-78.271766,44.557682],[-78.271995,44.557686],[-78.272284,44.557911],[-78.272796,44.558068],[-78.272689,44.557648],[-78.27288,44.557663],[-78.2732,44.557816],[-78.273215,44.557949],[-78.27333,44.557972],[-78.273475,44.557758],[-78.273368,44.557682],[-78.273116,44.557713],[-78.27307,44.557541],[-78.273139,44.557389],[-78.273269,44.557385],[-78.273475,44.557541],[-78.273742,44.557549],[-78.273887,44.557389],[-78.273635,44.557266],[-78.273734,44.557033],[-78.273864,44.55695],[-78.273948,44.55714],[-78.274085,44.557106],[-78.274077,44.556828],[-78.273566,44.556652],[-78.273467,44.556553],[-78.273551,44.556492],[-78.273513,44.556435],[-78.273353,44.556568],[-78.273246,44.556557],[-78.273185,44.556446],[-78.273071,44.556534],[-78.272941,44.556511],[-78.272918,44.556305],[-78.272788,44.556347],[-78.272529,44.556194],[-78.272422,44.555877],[-78.271377,44.556053],[-78.271018,44.555916],[-78.271316,44.55558],[-78.271216,44.555416],[-78.270873,44.555283],[-78.270667,44.555359],[-78.270553,44.555618],[-78.270751,44.555542],[-78.270812,44.555588]],[[-78.211629,44.555163],[-78.211621,44.555282],[-78.211957,44.555354],[-78.211987,44.555274],[-78.211827,44.555114],[-78.211629,44.555163]],[[-78.198326,44.555016],[-78.19841,44.555096],[-78.198386,44.555203],[-78.198536,44.55521],[-78.198573,44.555113],[-78.198458,44.555013],[-78.198326,44.555016]],[[-78.344095,44.554843],[-78.343736,44.554988],[-78.344385,44.55511],[-78.344453,44.55495],[-78.344309,44.554832],[-78.344095,44.554843]],[[-78.217244,44.554816],[-78.217389,44.554801],[-78.217313,44.554682],[-78.217214,44.554716],[-78.217244,44.554816]],[[-78.273811,44.554417],[-78.273475,44.554337],[-78.273444,44.554497],[-78.273292,44.554665],[-78.273612,44.554592],[-78.273811,44.554417]],[[-78.217565,44.554473],[-78.217488,44.554541],[-78.217572,44.554618],[-78.217633,44.554572],[-78.217565,44.554473]],[[-78.212436,44.554474],[-78.212415,44.554559],[-78.212506,44.55454],[-78.212436,44.554474]],[[-78.237974,44.554221],[-78.237776,44.554404],[-78.23815,44.554423],[-78.238272,44.554309],[-78.238188,44.55419],[-78.237974,44.554221]],[[-78.215096,44.554307],[-78.214947,44.554389],[-78.214992,44.554421],[-78.215063,44.554419],[-78.215096,44.554307]],[[-78.239879,44.554381],[-78.240028,44.554331],[-78.240018,44.554306],[-78.239866,44.554268],[-78.239879,44.554381]],[[-78.211392,44.555041],[-78.211263,44.555091],[-78.211339,44.555201],[-78.211415,44.555152],[-78.211392,44.555041]],[[-78.344675,44.55574],[-78.344492,44.555842],[-78.344659,44.555957],[-78.345087,44.556003],[-78.345224,44.555808],[-78.345201,44.555705],[-78.344965,44.555629],[-78.344675,44.55574]],[[-78.322129,44.557207],[-78.322202,44.55716],[-78.322025,44.557108],[-78.321999,44.55718],[-78.322129,44.557207]],[[-78.325743,44.557255],[-78.325749,44.557331],[-78.326099,44.557357],[-78.326017,44.557231],[-78.325743,44.557255]],[[-78.338457,44.558089],[-78.338686,44.558013],[-78.33893,44.557757],[-78.338342,44.557349],[-78.338144,44.557307],[-78.33806,44.557387],[-78.338067,44.557575],[-78.338365,44.557681],[-78.338289,44.557906],[-78.338457,44.558089]],[[-78.311318,44.558002],[-78.311188,44.558062],[-78.311272,44.5582],[-78.311646,44.55818],[-78.311654,44.558017],[-78.311409,44.557849],[-78.311341,44.557643],[-78.31099,44.557464],[-78.31099,44.557662],[-78.311318,44.558002]],[[-78.290298,44.558347],[-78.290291,44.558446],[-78.290428,44.558541],[-78.290291,44.558755],[-78.290848,44.558488],[-78.290916,44.558275],[-78.291069,44.558332],[-78.29097,44.558202],[-78.290298,44.558347]],[[-78.304594,44.558732],[-78.304467,44.558735],[-78.304534,44.558829],[-78.304594,44.558732]],[[-78.231252,44.558135],[-78.231077,44.558169],[-78.231275,44.558451],[-78.23155,44.55852],[-78.23139,44.558211],[-78.231252,44.558135]],[[-78.239961,44.558007],[-78.239708,44.558082],[-78.239644,44.558205],[-78.239891,44.558151],[-78.239961,44.558007]],[[-78.238051,44.557887],[-78.238256,44.558017],[-78.238401,44.557994],[-78.238371,44.557777],[-78.238051,44.557887]],[[-78.231495,44.557884],[-78.231645,44.557784],[-78.231509,44.557692],[-78.23139,44.557815],[-78.231495,44.557884]],[[-78.240909,44.557704],[-78.241027,44.557679],[-78.241,44.557609],[-78.240909,44.557704]],[[-78.265304,44.558013],[-78.265525,44.557965],[-78.265578,44.557804],[-78.265181,44.557911],[-78.265166,44.558117],[-78.265326,44.558113],[-78.265304,44.558013]],[[-78.294258,44.558067],[-78.294507,44.558093],[-78.294567,44.557992],[-78.294258,44.558067]],[[-78.295601,44.558054],[-78.295921,44.55813],[-78.29599,44.558069],[-78.29586,44.557905],[-78.295601,44.558054]],[[-78.304978,44.557814],[-78.304764,44.5581],[-78.304787,44.558199],[-78.304886,44.558184],[-78.304978,44.557814]],[[-78.231809,44.558409],[-78.231764,44.558264],[-78.231855,44.558177],[-78.231718,44.558192],[-78.231634,44.558299],[-78.231809,44.558409]],[[-78.265143,44.557488],[-78.265036,44.557549],[-78.265059,44.557568],[-78.265197,44.557587],[-78.265143,44.557488]],[[-78.266883,44.556827],[-78.266425,44.556969],[-78.266501,44.556988],[-78.266845,44.556915],[-78.266883,44.556827]],[[-78.240511,44.553802],[-78.240297,44.553771],[-78.240337,44.553869],[-78.240511,44.553802]],[[-78.240864,44.553402],[-78.240853,44.553449],[-78.240954,44.553461],[-78.240981,44.553392],[-78.240864,44.553402]],[[-78.347586,44.553274],[-78.347721,44.553275],[-78.347723,44.553204],[-78.347598,44.55319],[-78.347586,44.553274]],[[-78.271003,44.553089],[-78.270995,44.553169],[-78.271148,44.553226],[-78.271339,44.553162],[-78.271392,44.553089],[-78.271323,44.552944],[-78.271003,44.553089]],[[-78.257326,44.553087],[-78.257322,44.553007],[-78.257133,44.553057],[-78.257204,44.553129],[-78.257326,44.553087]],[[-78.245916,44.552944],[-78.246171,44.552949],[-78.246142,44.552862],[-78.245916,44.552944]],[[-78.24047,44.552908],[-78.240534,44.552745],[-78.240412,44.552733],[-78.240318,44.552896],[-78.24047,44.552908]],[[-78.255126,44.552547],[-78.255888,44.552341],[-78.256202,44.552158],[-78.256766,44.552452],[-78.257475,44.552386],[-78.257605,44.552318],[-78.25762,44.552166],[-78.257903,44.551803],[-78.257872,44.55173],[-78.257292,44.551509],[-78.257132,44.551597],[-78.256209,44.551688],[-78.255713,44.552013],[-78.255225,44.551829],[-78.255095,44.551646],[-78.254904,44.551639],[-78.254508,44.552009],[-78.25405,44.552123],[-78.253707,44.552493],[-78.253935,44.552653],[-78.255126,44.552547]],[[-78.252646,44.55199],[-78.252356,44.552238],[-78.25231,44.552417],[-78.252859,44.55252],[-78.253027,44.552432],[-78.253058,44.552386],[-78.252936,44.552314],[-78.253004,44.552127],[-78.252791,44.552185],[-78.252783,44.551993],[-78.252646,44.55199]],[[-78.243704,44.552081],[-78.243849,44.551993],[-78.243712,44.551856],[-78.243689,44.551612],[-78.243406,44.551409],[-78.242804,44.551429],[-78.242468,44.551826],[-78.242697,44.552039],[-78.243254,44.552242],[-78.243391,44.551985],[-78.243704,44.552081]],[[-78.242102,44.551654],[-78.241926,44.551535],[-78.241575,44.551581],[-78.241575,44.551753],[-78.241858,44.551684],[-78.242041,44.551734],[-78.242102,44.551654]],[[-78.233267,44.551455],[-78.233191,44.551483],[-78.233206,44.551541],[-78.233267,44.551455]],[[-78.246413,44.551291],[-78.24658,44.55136],[-78.246687,44.551253],[-78.24655,44.551051],[-78.246145,44.550945],[-78.245955,44.550796],[-78.245306,44.550906],[-78.245123,44.551268],[-78.245856,44.5516],[-78.246145,44.55152],[-78.246413,44.551291]],[[-76.200494,44.440882],[-76.207673,44.426229],[-76.216774,44.417878],[-76.242587,44.416872],[-76.28029,44.418494],[-76.306158,44.420071],[-76.313967,44.419167],[-76.319436,44.403775],[-76.32562,44.394556],[-76.331238,44.389411],[-76.324038,44.386136],[-76.310116,44.400839],[-76.305558,44.409318],[-76.286886,44.409678],[-76.246789,44.408694],[-76.215741,44.411351],[-76.21453,44.403432],[-76.213237,44.381431],[-76.193696,44.362451],[-76.178778,44.341771],[-76.182126,44.334319],[-76.190272,44.334943],[-76.189382,44.324754],[-76.210623,44.326439],[-76.212014,44.330707],[-76.21503,44.330484],[-76.217373,44.327487],[-76.239386,44.324155],[-76.259327,44.319257],[-76.281283,44.313973],[-76.300622,44.312748],[-76.305326,44.312798],[-76.306888,44.312135],[-76.306926,44.312815],[-76.345374,44.313219],[-76.355565,44.31322],[-76.354878,44.316799],[-76.360381,44.315822],[-76.361499,44.312344],[-76.408711,44.300951],[-76.423212,44.300022],[-76.423223,44.300192],[-76.423782,44.299985],[-76.42532,44.299887],[-76.440616,44.296027],[-76.466177,44.289371],[-76.475215,44.280619],[-76.478907,44.277445],[-76.478458,44.276707],[-76.476457,44.276887],[-76.471102,44.278677],[-76.461768,44.287047],[-76.454935,44.288502],[-76.446478,44.290917],[-76.44432,44.29026],[-76.444139,44.290484],[-76.443223,44.291007],[-76.443029,44.291227],[-76.442942,44.291193],[-76.44231,44.291965],[-76.437697,44.29231],[-76.434848,44.292772],[-76.435217,44.29318],[-76.434417,44.293734],[-76.433345,44.293275],[-76.431395,44.293885],[-76.430317,44.294495],[-76.42949,44.295073],[-76.421457,44.296517],[-76.419534,44.296766],[-76.419454,44.296185],[-76.417393,44.296106],[-76.417377,44.295988],[-76.416286,44.297185],[-76.412899,44.297623],[-76.412231,44.293541],[-76.407803,44.293982],[-76.404931,44.298198],[-76.398524,44.29867],[-76.394178,44.298137],[-76.391962,44.299023],[-76.39015,44.299398],[-76.389753,44.291726],[-76.385469,44.291468],[-76.387229,44.299449],[-76.377151,44.300124],[-76.376831,44.296582],[-76.378579,44.294175],[-76.378768,44.292812],[-76.375286,44.292893],[-76.371682,44.297542],[-76.366314,44.298823],[-76.362034,44.299299],[-76.358256,44.299078],[-76.355984,44.298564],[-76.351387,44.299118],[-76.350302,44.30066],[-76.3467,44.30015],[-76.334649,44.302118],[-76.330319,44.303272],[-76.326814,44.302289],[-76.325415,44.30282],[-76.323748,44.303145],[-76.312848,44.303689],[-76.308755,44.304063],[-76.308535,44.304281],[-76.308194,44.304114],[-76.292451,44.305553],[-76.292367,44.301702],[-76.296242,44.299734],[-76.301566,44.295942],[-76.302219,44.295546],[-76.296386,44.292259],[-76.28501,44.298984],[-76.262077,44.303718],[-76.250677,44.302499],[-76.211964,44.307803],[-76.197942,44.304084],[-76.193547,44.304096],[-76.193189,44.304522],[-76.191854,44.305041],[-76.183493,44.313899],[-76.157006,44.320773],[-76.142294,44.32983],[-76.143776,44.340849],[-76.150161,44.341179],[-76.150278,44.344436],[-76.153265,44.344405],[-76.153313,44.34137],[-76.163279,44.340493],[-76.167356,44.343074],[-76.170572,44.348566],[-76.185938,44.366192],[-76.203782,44.382801],[-76.207032,44.404797],[-76.207142,44.417373],[-76.199643,44.423669],[-76.189173,44.443323],[-76.190493,44.454314],[-76.185372,44.46748],[-76.190111,44.487011],[-76.181105,44.493392],[-76.184449,44.508186],[-76.197815,44.539834],[-76.210205,44.54879],[-76.221101,44.551353],[-76.238692,44.549163],[-76.241934,44.546248],[-76.23058,44.545928],[-76.217147,44.546251],[-76.20384,44.538174],[-76.195141,44.506073],[-76.192584,44.495738],[-76.199615,44.48809],[-76.196003,44.467655],[-76.200784,44.455028],[-76.200494,44.440882]],[[-76.46587,44.282983],[-76.465536,44.283236],[-76.46646,44.282782],[-76.466437,44.28258],[-76.46587,44.282983]],[[-79.646033,44.415342],[-79.656142,44.416299],[-79.65552,44.420084],[-79.671616,44.421627],[-79.68253,44.416812],[-79.683591,44.418226],[-79.68418,44.417951],[-79.6899,44.424314],[-79.697106,44.4211],[-79.700096,44.424616],[-79.707294,44.42134],[-79.70702,44.421022],[-79.722095,44.414435],[-79.719837,44.411731],[-79.727533,44.408294],[-79.726793,44.407434],[-79.728115,44.405242],[-79.732738,44.402417],[-79.730455,44.39982],[-79.735715,44.397685],[-79.745353,44.393302],[-79.742367,44.389911],[-79.742122,44.388643],[-79.741859,44.382027],[-79.744042,44.381031],[-79.744628,44.38171],[-79.745285,44.38141],[-79.748709,44.38538],[-79.750558,44.384556],[-79.750618,44.381804],[-79.750989,44.381043],[-79.748168,44.381208],[-79.748238,44.379234],[-79.744794,44.380675],[-79.740762,44.375984],[-79.742143,44.375358],[-79.740833,44.373833],[-79.740406,44.374004],[-79.740177,44.373781],[-79.740528,44.373618],[-79.740307,44.373382],[-79.740116,44.373424],[-79.740017,44.373324],[-79.73978,44.373371],[-79.739597,44.373122],[-79.739177,44.373275],[-79.738819,44.372586],[-79.738689,44.372625],[-79.738422,44.372073],[-79.738102,44.372164],[-79.737499,44.371023],[-79.737239,44.371092],[-79.736934,44.370499],[-79.736751,44.370547],[-79.736568,44.370189],[-79.736278,44.370258],[-79.736019,44.369769],[-79.735683,44.369383],[-79.736187,44.369244],[-79.73579,44.36879],[-79.735958,44.368738],[-79.735622,44.368369],[-79.736484,44.367987],[-79.735751,44.367173],[-79.733854,44.368028],[-79.731511,44.365331],[-79.74562,44.362104],[-79.742805,44.351435],[-79.754602,44.348785],[-79.751821,44.338034],[-79.746397,44.339157],[-79.745922,44.339335],[-79.745295,44.338387],[-79.744382,44.336569],[-79.74434,44.335994],[-79.744499,44.335255],[-79.744461,44.334404],[-79.744537,44.334291],[-79.745979,44.333628],[-79.750461,44.332694],[-79.750198,44.331663],[-79.746544,44.332466],[-79.745441,44.328152],[-79.741049,44.32912],[-79.741086,44.329236],[-79.738356,44.329818],[-79.738256,44.329417],[-79.737159,44.329649],[-79.73519,44.32183],[-79.73668,44.321501],[-79.736568,44.321241],[-79.735119,44.32155],[-79.734518,44.319187],[-79.742768,44.317372],[-79.742737,44.317239],[-79.746151,44.31652],[-79.744709,44.311149],[-79.74142,44.311894],[-79.74073,44.310823],[-79.740635,44.309747],[-79.73276,44.311608],[-79.732478,44.310519],[-79.740488,44.308629],[-79.740344,44.308086],[-79.732337,44.309975],[-79.731088,44.305155],[-79.731748,44.305016],[-79.731678,44.304746],[-79.733409,44.304383],[-79.733461,44.304581],[-79.735672,44.30428],[-79.735368,44.30313],[-79.733867,44.303331],[-79.733627,44.302426],[-79.73862,44.301357],[-79.738568,44.301164],[-79.740269,44.300788],[-79.738917,44.295431],[-79.737355,44.295769],[-79.737404,44.295967],[-79.735774,44.296323],[-79.735612,44.295471],[-79.737199,44.295133],[-79.736008,44.29054],[-79.727575,44.292255],[-79.727018,44.290134],[-79.729631,44.289709],[-79.729275,44.288353],[-79.727544,44.288637],[-79.727489,44.28843],[-79.726609,44.288579],[-79.726232,44.287143],[-79.727083,44.287002],[-79.727011,44.286722],[-79.734528,44.285135],[-79.7331,44.27979],[-79.725937,44.281339],[-79.726052,44.281786],[-79.724892,44.282042],[-79.724429,44.280245],[-79.73273,44.278489],[-79.731536,44.274243],[-79.734968,44.273523],[-79.733684,44.268599],[-79.733015,44.268753],[-79.732883,44.268238],[-79.730428,44.268864],[-79.730152,44.268366],[-79.729451,44.266017],[-79.732838,44.265285],[-79.732156,44.262566],[-79.728727,44.263302],[-79.728812,44.263594],[-79.724761,44.264459],[-79.724197,44.262328],[-79.720073,44.263257],[-79.719235,44.259992],[-79.726952,44.258306],[-79.727119,44.256683],[-79.726416,44.253954],[-79.718135,44.255702],[-79.717719,44.25408],[-79.718637,44.253964],[-79.718424,44.253164],[-79.717515,44.253283],[-79.716351,44.248648],[-79.718218,44.248376],[-79.717854,44.246913],[-79.716004,44.247257],[-79.71568,44.245957],[-79.717357,44.245728],[-79.717177,44.245005],[-79.715498,44.245228],[-79.715125,44.24373],[-79.721359,44.242381],[-79.723269,44.241878],[-79.722023,44.236585],[-79.713788,44.238372],[-79.713344,44.23661],[-79.715201,44.236369],[-79.714932,44.235303],[-79.713074,44.23554],[-79.712436,44.233008],[-79.720663,44.231292],[-79.720612,44.231082],[-79.723796,44.230386],[-79.723277,44.228343],[-79.72251,44.228507],[-79.722407,44.228102],[-79.723175,44.227938],[-79.722434,44.22502],[-79.719209,44.225656],[-79.719254,44.225901],[-79.711973,44.227464],[-79.712075,44.227868],[-79.711189,44.228062],[-79.709872,44.222821],[-79.710735,44.222829],[-79.710599,44.222289],[-79.709736,44.222283],[-79.709713,44.222189],[-79.710578,44.222199],[-79.710419,44.221562],[-79.710186,44.220816],[-79.709409,44.22098],[-79.707941,44.215143],[-79.708583,44.21502],[-79.708392,44.214256],[-79.70775,44.214382],[-79.707003,44.21141],[-79.711893,44.210381],[-79.712016,44.209442],[-79.712576,44.207978],[-79.712758,44.206964],[-79.707482,44.208053],[-79.707009,44.206196],[-79.705723,44.206366],[-79.705508,44.205509],[-79.707174,44.205151],[-79.707308,44.205681],[-79.711353,44.20481],[-79.711319,44.204598],[-79.712326,44.204353],[-79.711905,44.203378],[-79.711309,44.202451],[-79.7089,44.199714],[-79.710021,44.19949],[-79.70996,44.199251],[-79.723958,44.196201],[-79.721291,44.185661],[-79.721935,44.185523],[-79.719865,44.177295],[-79.720381,44.177183],[-79.717358,44.165032],[-79.702484,44.168223],[-79.688795,44.170938],[-79.67384,44.174217],[-79.651098,44.179015],[-79.636324,44.182255],[-79.613798,44.187386],[-79.606586,44.188884],[-79.591515,44.192371],[-79.577015,44.19555],[-79.569026,44.197486],[-79.562213,44.198976],[-79.521875,44.208195],[-79.519036,44.205564],[-79.50676,44.411405],[-79.62409,44.373716],[-79.650323,44.392454],[-79.646033,44.415342]],[[-77.418732,44.179213],[-77.420745,44.178406],[-77.41518,44.166922],[-77.409351,44.168413],[-77.408809,44.167307],[-77.408098,44.167508],[-77.407217,44.165566],[-77.411593,44.164402],[-77.410015,44.160992],[-77.41223,44.160413],[-77.410596,44.156962],[-77.41133,44.156786],[-77.410588,44.155122],[-77.410603,44.154911],[-77.412282,44.154475],[-77.412264,44.154312],[-77.414215,44.154026],[-77.411988,44.149282],[-77.41475,44.148578],[-77.41371,44.146443],[-77.41301,44.145774],[-77.410825,44.146462],[-77.410241,44.14475],[-77.407728,44.14207],[-77.385992,44.148401],[-77.333287,44.162195],[-77.336046,44.166969],[-77.337187,44.169432],[-77.329853,44.171217],[-77.328064,44.171261],[-77.328692,44.172684],[-77.336044,44.186977],[-77.336822,44.188916],[-77.340583,44.188001],[-77.341031,44.18891],[-77.339766,44.189188],[-77.339662,44.188975],[-77.337474,44.189432],[-77.337726,44.189998],[-77.336637,44.19022],[-77.345355,44.208529],[-77.357975,44.205439],[-77.361391,44.204392],[-77.36425,44.203309],[-77.379337,44.196972],[-77.38252,44.195883],[-77.402404,44.190789],[-77.412761,44.187909],[-77.422875,44.185367],[-77.421227,44.182179],[-77.417873,44.182923],[-77.410816,44.168435],[-77.413164,44.167826],[-77.418732,44.179213]],[[-79.783496,44.162899],[-79.783389,44.163562],[-79.783715,44.165003],[-79.784134,44.166433],[-79.785219,44.169357],[-79.781476,44.170208],[-79.78165,44.170928],[-79.781432,44.170977],[-79.781767,44.172411],[-79.781908,44.172475],[-79.787069,44.171367],[-79.788498,44.177011],[-79.806364,44.173133],[-79.80633,44.173022],[-79.814477,44.171217],[-79.816068,44.170892],[-79.816838,44.170855],[-79.830741,44.167795],[-79.830009,44.164041],[-79.829852,44.162815],[-79.832219,44.162353],[-79.832325,44.16273],[-79.832495,44.162702],[-79.832826,44.162565],[-79.832987,44.1621],[-79.833186,44.162077],[-79.833342,44.161947],[-79.833752,44.162194],[-79.834855,44.162124],[-79.835383,44.162183],[-79.835884,44.161951],[-79.837039,44.161628],[-79.837785,44.161504],[-79.838516,44.161498],[-79.839824,44.16114],[-79.844319,44.160971],[-79.845327,44.164693],[-79.854399,44.162775],[-79.854466,44.162997],[-79.863267,44.161136],[-79.865159,44.168368],[-79.873681,44.166584],[-79.873589,44.166225],[-79.881896,44.164475],[-79.88174,44.163852],[-79.88205,44.163803],[-79.879965,44.155755],[-79.886612,44.15433],[-79.884099,44.153059],[-79.884922,44.152675],[-79.885776,44.15259],[-79.886272,44.152449],[-79.887081,44.152055],[-79.887353,44.152113],[-79.887453,44.152245],[-79.887763,44.152267],[-79.887666,44.151876],[-79.887474,44.151628],[-79.887566,44.151474],[-79.886545,44.147415],[-79.888554,44.146937],[-79.888404,44.14664],[-79.887434,44.142502],[-79.889521,44.142046],[-79.887987,44.136349],[-79.879603,44.138333],[-79.876167,44.139054],[-79.876066,44.138679],[-79.87525,44.138783],[-79.869882,44.118537],[-79.856769,44.121172],[-79.852611,44.122173],[-79.851805,44.122274],[-79.839635,44.124991],[-79.834907,44.125957],[-79.834153,44.125564],[-79.8341,44.125356],[-79.833617,44.125423],[-79.833655,44.125658],[-79.831963,44.12603],[-79.832022,44.126262],[-79.833213,44.126987],[-79.832917,44.127597],[-79.832943,44.127821],[-79.833196,44.128123],[-79.833519,44.128163],[-79.833668,44.128324],[-79.833433,44.128568],[-79.833119,44.128646],[-79.832814,44.128651],[-79.832431,44.128445],[-79.832028,44.128526],[-79.831904,44.128922],[-79.832179,44.129108],[-79.832731,44.129134],[-79.83289,44.129414],[-79.832743,44.129686],[-79.832437,44.129719],[-79.830813,44.129286],[-79.830519,44.129355],[-79.830431,44.129555],[-79.830506,44.130346],[-79.830363,44.130476],[-79.829972,44.130608],[-79.829784,44.1305],[-79.829562,44.129958],[-79.828794,44.129893],[-79.828538,44.129944],[-79.828337,44.130129],[-79.828324,44.130384],[-79.828755,44.130938],[-79.828815,44.131119],[-79.828421,44.131174],[-79.828478,44.131401],[-79.825449,44.131165],[-79.82401,44.131552],[-79.822514,44.131715],[-79.821857,44.131641],[-79.821647,44.131435],[-79.821788,44.131094],[-79.820616,44.130357],[-79.82064,44.130459],[-79.820426,44.130392],[-79.820444,44.130647],[-79.820738,44.131003],[-79.820668,44.131364],[-79.819905,44.131536],[-79.819885,44.131456],[-79.819618,44.131652],[-79.819127,44.131838],[-79.817715,44.132041],[-79.816776,44.132296],[-79.815672,44.132272],[-79.815229,44.132099],[-79.814861,44.132154],[-79.814124,44.132104],[-79.813634,44.132461],[-79.813364,44.133005],[-79.812757,44.133496],[-79.812736,44.133635],[-79.812956,44.133742],[-79.813076,44.133946],[-79.813097,44.134267],[-79.813321,44.134616],[-79.813322,44.134831],[-79.813225,44.134947],[-79.81142,44.135769],[-79.810767,44.136294],[-79.810323,44.136452],[-79.809858,44.136479],[-79.809116,44.136267],[-79.809143,44.136117],[-79.808871,44.13567],[-79.807978,44.134769],[-79.807962,44.134613],[-79.808131,44.134183],[-79.807703,44.133875],[-79.807611,44.133579],[-79.807293,44.133404],[-79.805396,44.133123],[-79.805114,44.133011],[-79.804806,44.132752],[-79.804427,44.132651],[-79.804929,44.134411],[-79.798802,44.1358],[-79.79834,44.13402],[-79.796355,44.134468],[-79.795535,44.131234],[-79.79471,44.13126],[-79.794315,44.131133],[-79.794029,44.13099],[-79.793998,44.130601],[-79.793826,44.13047],[-79.793418,44.130366],[-79.793145,44.130364],[-79.792785,44.130688],[-79.792412,44.13086],[-79.791753,44.130892],[-79.791508,44.130828],[-79.791187,44.130677],[-79.790735,44.129103],[-79.790288,44.129157],[-79.787374,44.129813],[-79.789043,44.136127],[-79.783361,44.137426],[-79.785035,44.143689],[-79.785157,44.14388],[-79.786577,44.149684],[-79.784013,44.150283],[-79.785541,44.156027],[-79.78187,44.156876],[-79.783496,44.162899]],[[-79.606375,44.124422],[-79.605357,44.119971],[-79.604149,44.115252],[-79.603589,44.113599],[-79.603668,44.113582],[-79.603139,44.111852],[-79.601655,44.106232],[-79.598523,44.093751],[-79.576415,44.098694],[-79.574831,44.092651],[-79.568595,44.093971],[-79.569208,44.096395],[-79.568595,44.096528],[-79.568805,44.097359],[-79.569419,44.097227],[-79.569775,44.098637],[-79.568706,44.098873],[-79.568328,44.097379],[-79.567401,44.097592],[-79.56705,44.098245],[-79.568223,44.097974],[-79.568333,44.098406],[-79.566583,44.098776],[-79.566369,44.098635],[-79.566827,44.09828],[-79.567383,44.097215],[-79.567076,44.096684],[-79.566922,44.096152],[-79.56723,44.09611],[-79.56677,44.094364],[-79.566858,44.094053],[-79.566795,44.093748],[-79.567402,44.093661],[-79.56729,44.093141],[-79.566686,44.093206],[-79.566542,44.092682],[-79.564818,44.092891],[-79.564576,44.091977],[-79.563897,44.09207],[-79.56385,44.091892],[-79.562616,44.092062],[-79.562331,44.09099],[-79.561524,44.09148],[-79.560987,44.091952],[-79.559778,44.093116],[-79.559214,44.093945],[-79.558891,44.094842],[-79.558541,44.096328],[-79.557178,44.102808],[-79.546934,44.105055],[-79.543416,44.105908],[-79.545547,44.110174],[-79.546041,44.1102],[-79.546026,44.110404],[-79.54643,44.110676],[-79.546124,44.110832],[-79.546024,44.111016],[-79.546062,44.111957],[-79.545864,44.113296],[-79.545765,44.113781],[-79.545589,44.113941],[-79.545742,44.115356],[-79.545696,44.117278],[-79.5452,44.118136],[-79.543895,44.119204],[-79.543362,44.119936],[-79.543263,44.120191],[-79.543194,44.121297],[-79.542995,44.122173],[-79.543094,44.123259],[-79.543285,44.123689],[-79.543774,44.124244],[-79.546055,44.125709],[-79.546299,44.12596],[-79.54655,44.126458],[-79.546489,44.126876],[-79.54636,44.126987],[-79.544696,44.127299],[-79.544055,44.127597],[-79.54385,44.127824],[-79.543827,44.128287],[-79.543926,44.128608],[-79.544696,44.129775],[-79.54558,44.131437],[-79.548632,44.130836],[-79.548852,44.131393],[-79.550391,44.131078],[-79.550172,44.130524],[-79.553251,44.12989],[-79.553191,44.130252],[-79.557009,44.129533],[-79.557342,44.129561],[-79.560241,44.128922],[-79.560207,44.128786],[-79.560571,44.128707],[-79.560487,44.128362],[-79.560725,44.12831],[-79.561149,44.130002],[-79.563609,44.129464],[-79.563272,44.128104],[-79.564072,44.128508],[-79.565932,44.128349],[-79.566418,44.128089],[-79.566306,44.127652],[-79.568372,44.127118],[-79.569749,44.13262],[-79.576942,44.131033],[-79.576964,44.131122],[-79.584344,44.129477],[-79.584325,44.129386],[-79.606375,44.124422]],[[-79.125542,44.11596],[-79.124018,44.112476],[-79.134234,44.110104],[-79.132688,44.106562],[-79.133161,44.106454],[-79.133018,44.106078],[-79.131392,44.106438],[-79.132423,44.105988],[-79.131746,44.104619],[-79.130303,44.101313],[-79.129127,44.101601],[-79.128629,44.101455],[-79.128406,44.101677],[-79.128051,44.101858],[-79.125763,44.102425],[-79.124944,44.102034],[-79.120368,44.103136],[-79.120117,44.102588],[-79.119243,44.102788],[-79.11932,44.103368],[-79.118117,44.104293],[-79.117364,44.102575],[-79.109383,44.104157],[-79.112674,44.111733],[-79.114104,44.111402],[-79.114475,44.112261],[-79.113115,44.112579],[-79.1134,44.113249],[-79.114096,44.113939],[-79.114378,44.114602],[-79.119535,44.113517],[-79.121248,44.116923],[-79.122766,44.116586],[-79.122887,44.116856],[-79.123123,44.116802],[-79.123022,44.116595],[-79.125542,44.11596]],[[-78.956803,44.111237],[-78.9561,44.10271],[-78.96246,44.1016],[-78.960024,44.09727],[-78.960584,44.097136],[-78.960399,44.096708],[-78.959648,44.096813],[-78.957505,44.098553],[-78.955882,44.099347],[-78.955774,44.09703],[-78.956422,44.096949],[-78.956533,44.097509],[-78.957233,44.097357],[-78.957049,44.09466],[-78.956319,44.094686],[-78.956235,44.093542],[-78.954762,44.093572],[-78.954795,44.094111],[-78.954063,44.094136],[-78.954027,44.093597],[-78.950541,44.093751],[-78.950512,44.093307],[-78.949999,44.093284],[-78.945681,44.092323],[-78.945532,44.092504],[-78.943743,44.092881],[-78.94391,44.094463],[-78.942821,44.094731],[-78.94213,44.09829],[-78.92997,44.10069],[-78.93664,44.11531],[-78.949137,44.113014],[-78.950602,44.112495],[-78.956803,44.111237]],[[-79.785761,44.098202],[-79.787157,44.09939],[-79.788455,44.104008],[-79.791312,44.103371],[-79.790562,44.099931],[-79.798816,44.096634],[-79.802149,44.094998],[-79.802047,44.094671],[-79.822882,44.090136],[-79.821352,44.084318],[-79.819815,44.077901],[-79.820373,44.077781],[-79.818728,44.071404],[-79.812464,44.072708],[-79.809166,44.06696],[-79.80606,44.06764],[-79.805187,44.064091],[-79.801522,44.064521],[-79.799133,44.067489],[-79.797982,44.069374],[-79.783909,44.072402],[-79.783866,44.072234],[-79.784018,44.072208],[-79.783545,44.070477],[-79.779479,44.071381],[-79.780022,44.073299],[-79.772766,44.074894],[-79.772869,44.075651],[-79.776057,44.087406],[-79.767949,44.089095],[-79.769535,44.095313],[-79.776918,44.093689],[-79.778576,44.099749],[-79.785761,44.098202]],[[-80.761026,44.06196],[-80.761369,44.061921],[-80.76131,44.061661],[-80.762379,44.061538],[-80.762185,44.060688],[-80.762814,44.060616],[-80.76272,44.060189],[-80.762087,44.060263],[-80.762024,44.059993],[-80.761462,44.060059],[-80.761161,44.058784],[-80.760608,44.058803],[-80.760617,44.058724],[-80.760249,44.058574],[-80.760104,44.057988],[-80.760618,44.057927],[-80.760425,44.057088],[-80.759368,44.05717],[-80.759353,44.057104],[-80.761344,44.056874],[-80.761066,44.055658],[-80.759818,44.055807],[-80.759769,44.055591],[-80.759618,44.055609],[-80.759568,44.055387],[-80.758975,44.055458],[-80.758695,44.05551],[-80.758783,44.05602],[-80.758209,44.056088],[-80.757942,44.054913],[-80.755916,44.05557],[-80.755412,44.055632],[-80.758867,44.060878],[-80.760989,44.064899],[-80.761685,44.064818],[-80.761507,44.06403],[-80.761967,44.063977],[-80.761841,44.063422],[-80.760906,44.063529],[-80.760662,44.062445],[-80.761078,44.062397],[-80.761026,44.06196]],[[-81.570655,44.073585],[-81.575307,44.075452],[-81.575064,44.07577],[-81.575891,44.076105],[-81.576134,44.075788],[-81.579691,44.07723],[-81.58322,44.072732],[-81.583904,44.071634],[-81.586403,44.068373],[-81.586515,44.068417],[-81.589069,44.065072],[-81.57997,44.061401],[-81.570655,44.073585]],[[-80.986793,44.070691],[-80.987832,44.074339],[-80.986158,44.073597],[-80.986242,44.073479],[-80.986159,44.07342],[-80.9862,44.073287],[-80.985901,44.073048],[-80.986026,44.072919],[-80.985947,44.072614],[-80.984831,44.072725],[-80.984964,44.073264],[-80.988951,44.075038],[-80.995492,44.074319],[-80.995908,44.076004],[-80.995926,44.076594],[-80.996437,44.078696],[-80.99709,44.078804],[-80.997224,44.079433],[-80.995948,44.079571],[-80.997071,44.081279],[-80.994375,44.081591],[-80.993896,44.079919],[-80.991915,44.080153],[-80.991736,44.07943],[-80.991594,44.079447],[-80.991941,44.080858],[-80.991316,44.080931],[-80.991196,44.081143],[-80.99163,44.081499],[-80.991904,44.082038],[-80.992111,44.082256],[-80.992138,44.082452],[-80.991817,44.082634],[-80.990772,44.082904],[-80.990185,44.082903],[-80.989913,44.082985],[-80.98884,44.083548],[-80.992493,44.083096],[-80.993363,44.086621],[-80.998397,44.085979],[-80.998876,44.087854],[-81.013726,44.086114],[-81.009235,44.067982],[-81.004163,44.068595],[-81.004185,44.068684],[-80.986793,44.070691]],[[-81.141438,44.119791],[-81.140454,44.121296],[-81.139482,44.122387],[-81.138658,44.122919],[-81.137873,44.123568],[-81.137711,44.12392],[-81.138013,44.124901],[-81.138653,44.126106],[-81.138766,44.126061],[-81.138778,44.125809],[-81.138902,44.125638],[-81.138939,44.125161],[-81.139063,44.125025],[-81.139077,44.125512],[-81.138866,44.126286],[-81.13899,44.126582],[-81.137469,44.126784],[-81.139062,44.129818],[-81.139204,44.129779],[-81.139542,44.130357],[-81.13787,44.130353],[-81.138133,44.13135],[-81.138969,44.131236],[-81.139338,44.132632],[-81.139062,44.13267],[-81.139024,44.132859],[-81.139383,44.134193],[-81.139532,44.134173],[-81.139877,44.135046],[-81.140016,44.135573],[-81.139887,44.135777],[-81.139976,44.136107],[-81.139051,44.136246],[-81.138961,44.13591],[-81.138728,44.135944],[-81.138836,44.136359],[-81.138668,44.136383],[-81.139066,44.13791],[-81.136619,44.13824],[-81.136294,44.136995],[-81.135251,44.137145],[-81.135064,44.136472],[-81.134593,44.13654],[-81.134717,44.136987],[-81.13481,44.136973],[-81.135358,44.139084],[-81.134252,44.139249],[-81.133616,44.13681],[-81.133987,44.136628],[-81.134003,44.136513],[-81.133474,44.136224],[-81.133783,44.136053],[-81.133372,44.135777],[-81.132573,44.136308],[-81.13168,44.136662],[-81.128783,44.137118],[-81.128914,44.137447],[-81.128766,44.137607],[-81.12949,44.140221],[-81.130666,44.140049],[-81.131091,44.141568],[-81.129911,44.141741],[-81.130263,44.143011],[-81.142373,44.141299],[-81.144617,44.141064],[-81.145376,44.144302],[-81.145634,44.144314],[-81.158329,44.142656],[-81.158369,44.14279],[-81.15998,44.142575],[-81.160246,44.142374],[-81.163046,44.141983],[-81.163005,44.142031],[-81.163678,44.14201],[-81.165981,44.141634],[-81.161279,44.123618],[-81.16133,44.123612],[-81.161277,44.123307],[-81.160863,44.121664],[-81.160196,44.119316],[-81.160815,44.119005],[-81.160708,44.118931],[-81.161797,44.118565],[-81.161436,44.117252],[-81.159703,44.11748],[-81.158925,44.114394],[-81.155395,44.114869],[-81.154589,44.112929],[-81.153705,44.109674],[-81.152594,44.109823],[-81.15239,44.110015],[-81.149201,44.110445],[-81.149312,44.11088],[-81.147347,44.111112],[-81.148615,44.115855],[-81.141688,44.116785],[-81.14182,44.117369],[-81.141711,44.119044],[-81.141438,44.119791]],[[-81.033471,44.141822],[-81.033223,44.14094],[-81.030833,44.141292],[-81.030567,44.140391],[-81.027808,44.140795],[-81.025798,44.133723],[-81.004208,44.136995],[-81.00902,44.154204],[-81.003229,44.155129],[-81.003459,44.155915],[-80.993551,44.15748],[-80.996061,44.166473],[-81.008397,44.164531],[-81.008144,44.163661],[-81.00951,44.163444],[-81.00971,44.164154],[-81.008596,44.16432],[-81.00893,44.165509],[-81.008787,44.165555],[-81.011013,44.173513],[-81.035904,44.169566],[-81.033393,44.160589],[-81.038529,44.159836],[-81.036375,44.152161],[-81.036878,44.151752],[-81.036373,44.151765],[-81.036361,44.151532],[-81.0362,44.151536],[-81.036178,44.151457],[-81.040619,44.151341],[-81.041261,44.151222],[-81.038415,44.141096],[-81.033471,44.141822]],[[-81.044003,44.252913],[-81.051371,44.251705],[-81.050486,44.248397],[-81.051637,44.248216],[-81.050029,44.242628],[-81.049661,44.242688],[-81.049461,44.241972],[-81.051135,44.241698],[-81.049247,44.235137],[-81.048649,44.233421],[-81.038924,44.234984],[-81.040928,44.242218],[-81.044003,44.252913]],[[-80.11415,44.31819],[-80.113909,44.318243],[-80.113993,44.318631],[-80.113513,44.318742],[-80.113378,44.318116],[-80.107994,44.319246],[-80.107804,44.319551],[-80.108547,44.32298],[-80.108318,44.323044],[-80.108229,44.322709],[-80.106592,44.322373],[-80.106502,44.322369],[-80.106587,44.322574],[-80.106247,44.322575],[-80.105204,44.322318],[-80.104157,44.322373],[-80.104099,44.322223],[-80.103391,44.322424],[-80.10344,44.322549],[-80.101745,44.322902],[-80.100932,44.322831],[-80.100658,44.32274],[-80.099996,44.322318],[-80.099179,44.322482],[-80.098858,44.321685],[-80.098614,44.321732],[-80.097972,44.321668],[-80.096664,44.321195],[-80.09158,44.322231],[-80.092185,44.324426],[-80.094257,44.333654],[-80.096725,44.333073],[-80.097388,44.335769],[-80.105155,44.334103],[-80.10818,44.335159],[-80.108866,44.336152],[-80.123764,44.33301],[-80.122556,44.327576],[-80.126662,44.326651],[-80.126566,44.326483],[-80.125971,44.323796],[-80.130127,44.322973],[-80.129799,44.320888],[-80.129044,44.317498],[-80.12486,44.318393],[-80.125412,44.321183],[-80.11732,44.322926],[-80.116127,44.317535],[-80.114098,44.317951],[-80.11415,44.31819]],[[-80.094868,44.412699],[-80.080066,44.415988],[-80.078184,44.415381],[-80.076281,44.415769],[-80.073935,44.414526],[-80.074881,44.413625],[-80.074474,44.413409],[-80.073528,44.414315],[-80.072509,44.413785],[-80.07272,44.413581],[-80.072308,44.413362],[-80.072068,44.413594],[-80.070689,44.412835],[-80.069005,44.414458],[-80.066333,44.412975],[-80.064666,44.413356],[-80.064808,44.413948],[-80.064825,44.41458],[-80.065044,44.414951],[-80.06597,44.418905],[-80.067226,44.418621],[-80.06753,44.419906],[-80.062692,44.421001],[-80.062954,44.422117],[-80.063228,44.422056],[-80.063295,44.42234],[-80.06302,44.422401],[-80.063268,44.42346],[-80.062985,44.423411],[-80.063033,44.423832],[-80.064699,44.43092],[-80.080905,44.427405],[-80.080055,44.423792],[-80.081255,44.423587],[-80.081529,44.424251],[-80.08041,44.424487],[-80.081768,44.430026],[-80.08978,44.42827],[-80.08957,44.42727],[-80.090304,44.427184],[-80.090552,44.427501],[-80.090436,44.427657],[-80.090571,44.427794],[-80.091048,44.429887],[-80.091305,44.429892],[-80.098052,44.428477],[-80.098505,44.42848],[-80.099144,44.428349],[-80.099346,44.429214],[-80.103103,44.428463],[-80.103011,44.428188],[-80.10316,44.428155],[-80.114038,44.426026],[-80.114008,44.425928],[-80.129915,44.422633],[-80.12599,44.403636],[-80.109747,44.407264],[-80.109148,44.404273],[-80.093718,44.407475],[-80.094868,44.412699]],[[-79.141921,44.430846],[-79.13956,44.433657],[-79.140725,44.436555],[-79.143557,44.43587],[-79.145512,44.440332],[-79.147003,44.440983],[-79.147857,44.439402],[-79.150934,44.436662],[-79.152402,44.436516],[-79.153548,44.438949],[-79.153154,44.439037],[-79.15334,44.439585],[-79.153652,44.439521],[-79.155212,44.44349],[-79.157625,44.443386],[-79.158651,44.435512],[-79.159098,44.43385],[-79.163209,44.434925],[-79.16362,44.434154],[-79.164371,44.434301],[-79.165675,44.432853],[-79.168834,44.433609],[-79.169631,44.432955],[-79.166653,44.431717],[-79.16917,44.42787],[-79.168797,44.427221],[-79.166465,44.42777],[-79.166181,44.426902],[-79.164675,44.42723],[-79.163929,44.425638],[-79.161396,44.426126],[-79.16488,44.416056],[-79.141615,44.421099],[-79.142289,44.425677],[-79.141469,44.426615],[-79.141921,44.430846]],[[-78.273528,44.442912],[-78.27336,44.442889],[-78.273101,44.443046],[-78.272361,44.443865],[-78.271613,44.444244],[-78.270934,44.445101],[-78.2714,44.445426],[-78.271834,44.445464],[-78.272422,44.445037],[-78.273376,44.44398],[-78.273459,44.443271],[-78.273261,44.443129],[-78.273528,44.442912]],[[-79.047175,44.353351],[-79.047906,44.35337],[-79.046073,44.349096],[-79.050509,44.34812],[-79.048104,44.341727],[-79.045069,44.342413],[-79.045484,44.343349],[-79.043728,44.344164],[-79.03924,44.345345],[-79.037309,44.340753],[-79.026795,44.343467],[-79.027088,44.344573],[-79.026144,44.345895],[-79.028717,44.35198],[-79.023708,44.353175],[-79.023258,44.353617],[-79.022443,44.356458],[-79.024338,44.356004],[-79.025957,44.361006],[-79.044774,44.356405],[-79.043525,44.353813],[-79.044095,44.353693],[-79.044604,44.353682],[-79.046179,44.353184],[-79.047175,44.353351]],[[-78.417644,44.356543],[-78.417728,44.356875],[-78.417751,44.356722],[-78.417644,44.356543]],[[-78.418282,44.355438],[-78.418532,44.355677],[-78.418788,44.355687],[-78.418693,44.355512],[-78.418282,44.355438]],[[-78.418185,44.354808],[-78.417865,44.354891],[-78.41759,44.355242],[-78.417575,44.355559],[-78.418056,44.355101],[-78.418994,44.355178],[-78.419048,44.355105],[-78.418613,44.354861],[-78.418185,44.354808]],[[-78.418077,44.35403],[-78.417945,44.35407],[-78.418005,44.354137],[-78.418104,44.354119],[-78.418077,44.35403]],[[-78.430429,44.346989],[-78.430141,44.347031],[-78.430092,44.347115],[-78.430381,44.347221],[-78.431162,44.347205],[-78.431014,44.347093],[-78.430429,44.346989]],[[-79.070892,44.258586],[-79.069667,44.258798],[-79.069553,44.258507],[-79.069706,44.258158],[-79.067479,44.258731],[-79.066476,44.259316],[-79.066496,44.259745],[-79.064404,44.259986],[-79.064323,44.257332],[-79.062699,44.257233],[-79.062171,44.262711],[-79.056399,44.264015],[-79.056769,44.265186],[-79.060654,44.264296],[-79.060843,44.267836],[-79.069148,44.266188],[-79.069366,44.266829],[-79.074218,44.265732],[-79.073636,44.264303],[-79.073827,44.264261],[-79.073717,44.264005],[-79.07437,44.263851],[-79.073283,44.261334],[-79.07234,44.261444],[-79.070892,44.258586]],[[-78.116609,44.232884],[-78.116304,44.233185],[-78.116128,44.233532],[-78.115907,44.23518],[-78.116052,44.235581],[-78.116441,44.23579],[-78.116876,44.235684],[-78.117318,44.235332],[-78.118173,44.233345],[-78.11844,44.232953],[-78.11844,44.232803],[-78.118242,44.23262],[-78.117563,44.232521],[-78.116609,44.232884]],[[-78.140177,44.222504],[-78.140322,44.222446],[-78.140596,44.222088],[-78.140695,44.221859],[-78.140711,44.221325],[-78.141107,44.220951],[-78.141214,44.220524],[-78.141153,44.219944],[-78.141245,44.219554],[-78.141046,44.219264],[-78.141123,44.218735],[-78.140871,44.216671],[-78.140512,44.21603],[-78.140184,44.215198],[-78.13933,44.214042],[-78.138895,44.213062],[-78.13843,44.212646],[-78.137812,44.21262],[-78.137453,44.212753],[-78.136667,44.21341],[-78.135729,44.214955],[-78.135484,44.217281],[-78.135317,44.218086],[-78.135248,44.219673],[-78.135019,44.22155],[-78.135286,44.221958],[-78.135851,44.222332],[-78.137064,44.222649],[-78.137255,44.222862],[-78.137606,44.222851],[-78.137987,44.223099],[-78.138834,44.223293],[-78.139002,44.223247],[-78.139391,44.222763],[-78.13978,44.222645],[-78.139925,44.222469],[-78.140177,44.222504]],[[-78.410496,44.451828],[-78.411076,44.451236],[-78.410839,44.451168],[-78.410122,44.451484],[-78.410076,44.451602],[-78.409519,44.451942],[-78.409031,44.45246],[-78.409321,44.452449],[-78.410496,44.451828]],[[-78.363648,44.452627],[-78.363735,44.452731],[-78.364066,44.452834],[-78.364433,44.452765],[-78.364441,44.452651],[-78.364303,44.452517],[-78.363699,44.452555],[-78.363648,44.452627]],[[-78.413104,44.455528],[-78.413465,44.455307],[-78.413724,44.455258],[-78.414355,44.45478],[-78.414837,44.453992],[-78.414771,44.453451],[-78.414425,44.453334],[-78.41407,44.45336],[-78.41377,44.453423],[-78.413439,44.453658],[-78.413255,44.453909],[-78.412597,44.455402],[-78.412567,44.4556],[-78.413104,44.455528]],[[-78.404919,44.455382],[-78.404934,44.455715],[-78.404514,44.456302],[-78.403744,44.456905],[-78.403522,44.457206],[-78.402179,44.457698],[-78.401981,44.457874],[-78.401584,44.457973],[-78.40115,44.458293],[-78.400776,44.458423],[-78.399021,44.458606],[-78.397953,44.458636],[-78.396709,44.458869],[-78.394924,44.458927],[-78.394024,44.459266],[-78.393718,44.45972],[-78.393489,44.459758],[-78.392971,44.460116],[-78.391574,44.460365],[-78.39133,44.460456],[-78.390837,44.460869],[-78.390311,44.461038],[-78.389679,44.461103],[-78.386944,44.460953],[-78.384993,44.460637],[-78.385078,44.46082],[-78.385512,44.461074],[-78.385073,44.46122],[-78.385034,44.461322],[-78.385093,44.461388],[-78.386118,44.461291],[-78.386874,44.46133],[-78.388223,44.461779],[-78.388904,44.462169],[-78.389074,44.46255],[-78.388774,44.463309],[-78.388772,44.463765],[-78.389051,44.464328],[-78.38969,44.465103],[-78.390331,44.464942],[-78.390903,44.464679],[-78.391063,44.464531],[-78.3913,44.464031],[-78.391614,44.46385],[-78.394737,44.464648],[-78.395455,44.465028],[-78.395761,44.465369],[-78.396045,44.46609],[-78.396124,44.46658],[-78.396088,44.467782],[-78.395858,44.468958],[-78.395603,44.469206],[-78.395153,44.469177],[-78.394451,44.469452],[-78.394724,44.470042],[-78.394203,44.470378],[-78.393834,44.470941],[-78.393513,44.471965],[-78.393405,44.47285],[-78.393164,44.47337],[-78.392896,44.473535],[-78.392371,44.473623],[-78.392165,44.473627],[-78.392101,44.473476],[-78.39191,44.473389],[-78.391513,44.47337],[-78.391307,44.473519],[-78.391399,44.473842],[-78.391838,44.474349],[-78.391833,44.475158],[-78.392078,44.475636],[-78.391941,44.475823],[-78.391918,44.476037],[-78.392444,44.476437],[-78.392406,44.476796],[-78.392605,44.477051],[-78.392582,44.477296],[-78.392899,44.477305],[-78.392919,44.477402],[-78.392933,44.477994],[-78.392846,44.478436],[-78.392376,44.478504],[-78.392307,44.478611],[-78.393159,44.479093],[-78.393105,44.479223],[-78.392766,44.479292],[-78.392778,44.479393],[-78.393724,44.479913],[-78.39423,44.48005],[-78.394787,44.480027],[-78.395183,44.48047],[-78.395942,44.480555],[-78.396529,44.480814],[-78.396419,44.481172],[-78.395992,44.481423],[-78.39601,44.481521],[-78.396473,44.48166],[-78.396755,44.48163],[-78.397129,44.481442],[-78.397281,44.481222],[-78.398425,44.480648],[-78.399809,44.480264],[-78.401096,44.480176],[-78.401742,44.479848],[-78.403272,44.479931],[-78.404822,44.480296],[-78.404888,44.480169],[-78.405216,44.480123],[-78.405483,44.479802],[-78.405865,44.479787],[-78.405873,44.479562],[-78.40556,44.479283],[-78.404621,44.47916],[-78.404459,44.479047],[-78.404496,44.478885],[-78.404682,44.478669],[-78.405621,44.477926],[-78.404624,44.477614],[-78.404888,44.477117],[-78.404766,44.476159],[-78.404842,44.475511],[-78.406506,44.475514],[-78.407405,44.475096],[-78.408756,44.474881],[-78.40911,44.474254],[-78.410023,44.473855],[-78.410527,44.473333],[-78.410565,44.473204],[-78.410091,44.47251],[-78.410065,44.472234],[-78.410213,44.472079],[-78.410706,44.472096],[-78.412425,44.472539],[-78.412823,44.472569],[-78.413395,44.472386],[-78.413777,44.472005],[-78.413716,44.471681],[-78.413456,44.471585],[-78.413105,44.471288],[-78.412808,44.471219],[-78.412312,44.471246],[-78.412121,44.471039],[-78.411495,44.471062],[-78.410512,44.470774],[-78.409372,44.470269],[-78.408935,44.469898],[-78.408897,44.469682],[-78.409047,44.469458],[-78.409473,44.469393],[-78.410206,44.469487],[-78.410976,44.469357],[-78.411396,44.468911],[-78.411801,44.468911],[-78.412083,44.468548],[-78.412075,44.468052],[-78.410146,44.468023],[-78.409424,44.467832],[-78.409353,44.467623],[-78.40963,44.467242],[-78.409643,44.467016],[-78.409475,44.466853],[-78.408848,44.466907],[-78.40884,44.466751],[-78.409183,44.466492],[-78.409153,44.466309],[-78.40881,44.466034],[-78.408474,44.465393],[-78.408207,44.465209],[-78.407696,44.465088],[-78.407879,44.464867],[-78.408214,44.464767],[-78.40839,44.464798],[-78.408802,44.465061],[-78.409115,44.465057],[-78.409695,44.46481],[-78.409794,44.464748],[-78.409786,44.464649],[-78.409496,44.464409],[-78.409344,44.464477],[-78.409451,44.46458],[-78.409023,44.464634],[-78.408199,44.464138],[-78.408237,44.463634],[-78.407932,44.463409],[-78.407352,44.463234],[-78.405189,44.463194],[-78.404774,44.463054],[-78.404472,44.462826],[-78.404463,44.462645],[-78.404606,44.462337],[-78.405514,44.462211],[-78.405666,44.462387],[-78.405796,44.462364],[-78.405857,44.462291],[-78.405742,44.462082],[-78.405819,44.462001],[-78.406841,44.461422],[-78.407192,44.461105],[-78.407955,44.460998],[-78.408398,44.460521],[-78.410305,44.459888],[-78.410725,44.459667],[-78.41106,44.459293],[-78.410992,44.459041],[-78.410687,44.458881],[-78.409985,44.4589],[-78.409557,44.458801],[-78.408764,44.4589],[-78.408733,44.459026],[-78.408642,44.459053],[-78.408314,44.459034],[-78.40797,44.459171],[-78.40752,44.459171],[-78.406214,44.459533],[-78.405582,44.459574],[-78.404154,44.459374],[-78.402919,44.458953],[-78.403164,44.458789],[-78.403782,44.458633],[-78.403881,44.458385],[-78.403972,44.458385],[-78.404041,44.458534],[-78.404163,44.458545],[-78.404324,44.458278],[-78.405506,44.458026],[-78.405918,44.457584],[-78.405949,44.457359],[-78.406138,44.457084],[-78.405362,44.455322],[-78.404919,44.455382]],[[-78.414339,44.46902],[-78.414316,44.468946],[-78.414075,44.468848],[-78.413907,44.468909],[-78.413863,44.46903],[-78.413926,44.469126],[-78.414163,44.469143],[-78.414339,44.46902]],[[-78.375114,44.481442],[-78.374976,44.481165],[-78.374654,44.481001],[-78.37443,44.480991],[-78.374048,44.481202],[-78.374415,44.481753],[-78.374844,44.481435],[-78.375114,44.481442]],[[-78.346912,44.481767],[-78.346924,44.481744],[-78.346862,44.481795],[-78.346912,44.481767]],[[-78.241377,44.482158],[-78.241133,44.482482],[-78.24124,44.482676],[-78.241194,44.482935],[-78.241407,44.483103],[-78.24153,44.483447],[-78.24169,44.483569],[-78.241949,44.483367],[-78.242781,44.483145],[-78.242979,44.482917],[-78.243063,44.482665],[-78.243078,44.482295],[-78.24246,44.482066],[-78.242262,44.48178],[-78.241926,44.481799],[-78.241377,44.482158]],[[-78.390812,44.48092],[-78.391163,44.480973],[-78.391315,44.480912],[-78.391307,44.480569],[-78.390873,44.480641],[-78.39056,44.480587],[-78.390186,44.480786],[-78.390278,44.481087],[-78.390453,44.481133],[-78.390812,44.48092]],[[-78.352583,44.480136],[-78.352103,44.480581],[-78.351858,44.480939],[-78.352567,44.480321],[-78.352583,44.480136]],[[-78.347985,44.480898],[-78.347987,44.480894],[-78.347987,44.480889],[-78.347985,44.480898]],[[-78.351716,44.479683],[-78.351474,44.479591],[-78.350657,44.480667],[-78.351716,44.479683]],[[-78.350385,44.479127],[-78.350394,44.478907],[-78.34967,44.47897],[-78.349614,44.479025],[-78.349744,44.479203],[-78.349403,44.479461],[-78.348869,44.479335],[-78.348771,44.479389],[-78.349035,44.479846],[-78.350385,44.479127]],[[-78.373637,44.480519],[-78.373728,44.480671],[-78.373742,44.480585],[-78.373637,44.480519]],[[-78.351221,44.47775],[-78.350833,44.477537],[-78.350781,44.477674],[-78.350838,44.478149],[-78.35043,44.478651],[-78.350478,44.478752],[-78.35067,44.478567],[-78.351634,44.478402],[-78.351874,44.478888],[-78.351901,44.478636],[-78.351221,44.47775]],[[-78.353242,44.477405],[-78.353338,44.47729],[-78.35312,44.477424],[-78.353113,44.477578],[-78.353242,44.477405]],[[-78.37688,44.477818],[-78.377055,44.477505],[-78.377109,44.476834],[-78.376826,44.47704],[-78.376727,44.477226],[-78.376666,44.477505],[-78.376765,44.477806],[-78.37688,44.477818]],[[-78.35303,44.478621],[-78.353016,44.478689],[-78.353073,44.47853],[-78.35303,44.478621]],[[-78.354974,44.475094],[-78.355042,44.475056],[-78.354944,44.475092],[-78.354863,44.475157],[-78.354974,44.475094]],[[-78.379649,44.473163],[-78.379802,44.473266],[-78.37997,44.473053],[-78.37997,44.472809],[-78.379825,44.472652],[-78.379687,44.472679],[-78.379649,44.473163]],[[-78.384693,44.470119],[-78.384769,44.470158],[-78.384914,44.470142],[-78.384998,44.470009],[-78.384853,44.469845],[-78.384677,44.469856],[-78.384693,44.470119]],[[-78.359966,44.469216],[-78.359871,44.469396],[-78.360173,44.469633],[-78.360503,44.469425],[-78.360555,44.469237],[-78.359966,44.469216]],[[-78.383423,44.460511],[-78.383084,44.460526],[-78.382643,44.461065],[-78.382397,44.461731],[-78.382412,44.462275],[-78.38268,44.462289],[-78.383173,44.462037],[-78.383384,44.46172],[-78.383466,44.460784],[-78.383423,44.460511]],[[-78.379699,44.456547],[-78.379535,44.456356],[-78.379579,44.456423],[-78.379699,44.456547]],[[-78.379382,44.456073],[-78.379435,44.456153],[-78.379317,44.455932],[-78.379382,44.456073]],[[-78.387127,44.484101],[-78.386859,44.484078],[-78.386776,44.4842],[-78.386821,44.484376],[-78.387127,44.484101]],[[-78.418416,44.48461],[-78.419324,44.484583],[-78.419171,44.484339],[-78.418919,44.484213],[-78.418393,44.484202],[-78.417981,44.484084],[-78.417752,44.484126],[-78.417493,44.484343],[-78.417493,44.484427],[-78.41766,44.484537],[-78.418416,44.48461]],[[-78.399494,44.484924],[-78.399708,44.484875],[-78.399933,44.484635],[-78.399752,44.484578],[-78.399456,44.484825],[-78.399494,44.484924]],[[-78.381175,44.485219],[-78.380901,44.485219],[-78.380397,44.485974],[-78.380367,44.486153],[-78.380931,44.486203],[-78.381267,44.486039],[-78.381648,44.485635],[-78.381778,44.484708],[-78.381572,44.484559],[-78.381351,44.484727],[-78.381175,44.485219]],[[-78.384456,44.486173],[-78.38467,44.486127],[-78.384776,44.485993],[-78.38454,44.485932],[-78.384326,44.485695],[-78.383991,44.485505],[-78.383396,44.485322],[-78.383167,44.485642],[-78.383113,44.485948],[-78.383609,44.486119],[-78.384456,44.486173]],[[-78.399105,44.487268],[-78.39912,44.487142],[-78.39883,44.487142],[-78.398624,44.487299],[-78.399105,44.487268]],[[-78.397091,44.489011],[-78.397289,44.489],[-78.397426,44.488867],[-78.397312,44.488828],[-78.397091,44.489011]],[[-78.337404,44.489689],[-78.33725,44.489574],[-78.33733,44.489796],[-78.337523,44.489937],[-78.33837,44.489972],[-78.337404,44.489689]],[[-78.388675,44.491044],[-78.388744,44.490964],[-78.388698,44.490854],[-78.388584,44.490823],[-78.388187,44.490922],[-78.388675,44.491044]],[[-78.345967,44.492371],[-78.345779,44.492907],[-78.345977,44.493538],[-78.346058,44.492702],[-78.345967,44.492371]],[[-78.382891,44.502185],[-78.382701,44.502396],[-78.382721,44.502468],[-78.383204,44.502409],[-78.383284,44.502294],[-78.383262,44.502167],[-78.382891,44.502185]],[[-78.332984,44.502669],[-78.332965,44.502568],[-78.332804,44.502549],[-78.332828,44.50267],[-78.332984,44.502669]],[[-78.337038,44.503037],[-78.337183,44.503007],[-78.337221,44.502709],[-78.337046,44.502633],[-78.336908,44.502667],[-78.336954,44.502965],[-78.337038,44.503037]],[[-78.331499,44.504098],[-78.331552,44.504178],[-78.331926,44.504388],[-78.332285,44.50443],[-78.332651,44.504216],[-78.332567,44.503979],[-78.331575,44.50401],[-78.331499,44.504098]],[[-78.367526,44.524764],[-78.367575,44.524677],[-78.367268,44.524679],[-78.36722,44.52475],[-78.367294,44.524816],[-78.367526,44.524764]],[[-78.174663,44.526042],[-78.174488,44.526038],[-78.174404,44.52616],[-78.174442,44.526397],[-78.174762,44.526549],[-78.174808,44.526369],[-78.174663,44.526042]],[[-78.485061,44.536542],[-78.485387,44.536434],[-78.485335,44.536307],[-78.484996,44.536479],[-78.485061,44.536542]],[[-78.513214,44.538021],[-78.513294,44.537938],[-78.513225,44.53785],[-78.512945,44.537814],[-78.51279,44.537925],[-78.51278,44.538016],[-78.513214,44.538021]],[[-78.251035,44.544976],[-78.250966,44.54497],[-78.250956,44.545],[-78.251035,44.544976]],[[-78.254996,44.545882],[-78.254927,44.545764],[-78.254691,44.54571],[-78.254691,44.545955],[-78.254996,44.545882]],[[-78.128,44.546752],[-78.128335,44.546988],[-78.128397,44.546916],[-78.128343,44.546328],[-78.128404,44.545916],[-78.128252,44.545905],[-78.128,44.546752]],[[-78.269622,44.547558],[-78.269851,44.547508],[-78.269973,44.547374],[-78.269912,44.547329],[-78.269965,44.547268],[-78.269851,44.547237],[-78.269462,44.547443],[-78.269462,44.547508],[-78.269622,44.547558]],[[-78.247908,44.547599],[-78.248122,44.547625],[-78.247862,44.547465],[-78.247732,44.54756],[-78.247786,44.547652],[-78.247908,44.547599]],[[-78.251489,44.547897],[-78.251574,44.547758],[-78.251453,44.547721],[-78.251395,44.547836],[-78.251489,44.547897]],[[-78.252379,44.548293],[-78.252715,44.548175],[-78.253127,44.548213],[-78.253195,44.548152],[-78.252806,44.548034],[-78.252448,44.548114],[-78.252165,44.548224],[-78.252379,44.548293]],[[-78.247984,44.548114],[-78.247458,44.548201],[-78.247519,44.548312],[-78.24787,44.548366],[-78.248465,44.548243],[-78.248381,44.54816],[-78.247984,44.548114]],[[-78.269225,44.548778],[-78.269515,44.548507],[-78.26908,44.548423],[-78.268935,44.548465],[-78.268798,44.548706],[-78.268897,44.548755],[-78.26908,44.548668],[-78.269225,44.548778]],[[-78.246977,44.549407],[-78.247389,44.549209],[-78.24713,44.549022],[-78.246809,44.548968],[-78.246687,44.549083],[-78.246825,44.549464],[-78.246687,44.549624],[-78.246962,44.549658],[-78.247168,44.54959],[-78.246977,44.549407]],[[-78.26661,44.549129],[-78.26667,44.549104],[-78.266462,44.549048],[-78.26661,44.549129]],[[-78.249846,44.549953],[-78.249915,44.549765],[-78.2498,44.549655],[-78.24951,44.549609],[-78.249434,44.549671],[-78.249655,44.549975],[-78.249846,44.549953]],[[-78.269351,44.54973],[-78.269262,44.549818],[-78.269788,44.549768],[-78.269351,44.54973]],[[-78.246866,44.550388],[-78.24705,44.550375],[-78.247042,44.550237],[-78.24694,44.550251],[-78.246866,44.550388]],[[-78.248053,44.550593],[-78.248221,44.550544],[-78.24819,44.550426],[-78.247771,44.550433],[-78.247465,44.55057],[-78.247503,44.550804],[-78.247588,44.550833],[-78.2479,44.550823],[-78.248053,44.550593]],[[-78.244925,44.550967],[-78.245146,44.550903],[-78.2451,44.550784],[-78.244864,44.550769],[-78.244757,44.550845],[-78.244925,44.550967]],[[-78.248274,44.550948],[-78.248167,44.551047],[-78.247908,44.551039],[-78.248045,44.551376],[-78.248053,44.551627],[-78.248396,44.551799],[-78.249251,44.551658],[-78.249259,44.551486],[-78.249175,44.551395],[-78.249342,44.551345],[-78.249411,44.551219],[-78.249174,44.551097],[-78.24906,44.550914],[-78.248274,44.550948]],[[-78.246489,44.551986],[-78.246481,44.552104],[-78.247115,44.552027],[-78.247137,44.55194],[-78.247389,44.551837],[-78.247343,44.551772],[-78.246489,44.551986]],[[-78.250901,44.551965],[-78.2508,44.552044],[-78.251206,44.551993],[-78.251131,44.551905],[-78.250901,44.551965]],[[-81.484128,45.15532],[-81.469991,45.170464],[-81.490582,45.181304],[-81.504704,45.16617],[-81.484128,45.15532]],[[-81.50491,45.166278],[-81.490788,45.181412],[-81.511368,45.192165],[-81.52555,45.177061],[-81.50491,45.166278]],[[-81.511229,45.192318],[-81.490647,45.181564],[-81.476518,45.196696],[-81.497138,45.207471],[-81.511229,45.192318]],[[-81.476312,45.196589],[-81.490441,45.181456],[-81.46985,45.170615],[-81.455705,45.185757],[-81.476312,45.196589]],[[-81.121917,44.048685],[-81.124759,44.045775],[-81.124037,44.043734],[-81.130926,44.036955],[-81.128021,44.035438],[-81.126803,44.031012],[-81.124887,44.030448],[-81.123115,44.029551],[-81.122777,44.030419],[-81.122169,44.032663],[-81.122101,44.032628],[-81.119257,44.035433],[-81.11891,44.03558],[-81.117442,44.035844],[-81.117291,44.03604],[-81.115919,44.036852],[-81.116947,44.037844],[-81.116948,44.038059],[-81.114918,44.040061],[-81.114859,44.040254],[-81.114566,44.040548],[-81.114455,44.040489],[-81.107245,44.047755],[-81.111312,44.049911],[-81.115751,44.04545],[-81.121917,44.048685]],[[-79.819153,44.042391],[-79.826414,44.040755],[-79.825648,44.03748],[-79.847599,44.032632],[-79.847137,44.030875],[-79.845716,44.031244],[-79.844996,44.028339],[-79.845614,44.028197],[-79.845543,44.027928],[-79.845382,44.027966],[-79.845127,44.026963],[-79.845547,44.02687],[-79.845462,44.026512],[-79.845954,44.026404],[-79.845997,44.026567],[-79.846881,44.026468],[-79.846906,44.02656],[-79.849916,44.026294],[-79.849903,44.02624],[-79.849392,44.026281],[-79.848999,44.024681],[-79.847025,44.025148],[-79.846563,44.023365],[-79.846105,44.023427],[-79.845983,44.022955],[-79.845329,44.023043],[-79.844761,44.020858],[-79.845393,44.020706],[-79.845183,44.019898],[-79.844551,44.02005],[-79.843354,44.015402],[-79.844862,44.015121],[-79.844678,44.014418],[-79.843158,44.014639],[-79.842448,44.011764],[-79.846238,44.0109],[-79.845636,44.008364],[-79.841822,44.009221],[-79.838924,43.997435],[-79.834312,43.998438],[-79.833843,43.996625],[-79.823343,43.998988],[-79.816724,44.000382],[-79.816676,44.000249],[-79.815913,44.00041],[-79.809404,44.001919],[-79.810143,44.005005],[-79.809587,44.004857],[-79.808373,44.006028],[-79.802961,44.00759],[-79.802681,44.007801],[-79.803143,44.00984],[-79.801316,44.010238],[-79.800271,44.006172],[-79.796975,44.006861],[-79.79644,44.004841],[-79.791975,44.005743],[-79.786971,44.006866],[-79.788485,44.013006],[-79.788456,44.013201],[-79.789166,44.013049],[-79.789307,44.013613],[-79.788598,44.013765],[-79.789997,44.019308],[-79.789155,44.019484],[-79.790776,44.025825],[-79.792193,44.025484],[-79.792207,44.025597],[-79.79256,44.02601],[-79.792533,44.026081],[-79.792704,44.026312],[-79.792782,44.026593],[-79.792717,44.0267],[-79.792715,44.027443],[-79.792863,44.027497],[-79.792821,44.027629],[-79.79131,44.027968],[-79.791689,44.029514],[-79.792293,44.031638],[-79.793183,44.031459],[-79.793777,44.033625],[-79.798734,44.032553],[-79.799684,44.036401],[-79.800483,44.037724],[-79.802463,44.037255],[-79.8029,44.03881],[-79.803564,44.03896],[-79.810369,44.037433],[-79.811157,44.04039],[-79.811085,44.040763],[-79.810519,44.040883],[-79.812057,44.047088],[-79.819846,44.045336],[-79.819153,44.042391]],[[-80.72626,43.998651],[-80.726715,43.998],[-80.732918,43.99284],[-80.736926,43.995683],[-80.743393,43.990859],[-80.743522,43.990564],[-80.745664,43.988972],[-80.745809,43.989055],[-80.753031,43.983799],[-80.752067,43.983104],[-80.75405,43.981678],[-80.750774,43.979382],[-80.753954,43.976989],[-80.753871,43.976808],[-80.753901,43.976615],[-80.754113,43.976458],[-80.754213,43.97586],[-80.752429,43.968468],[-80.746852,43.969413],[-80.746735,43.969335],[-80.74613,43.966619],[-80.741245,43.967227],[-80.741266,43.967317],[-80.740525,43.967409],[-80.740031,43.967471],[-80.74001,43.967381],[-80.737037,43.967752],[-80.737212,43.967238],[-80.737603,43.966791],[-80.736347,43.966961],[-80.736551,43.967812],[-80.726589,43.969045],[-80.726929,43.970395],[-80.712886,43.971947],[-80.715226,43.981421],[-80.716307,43.981291],[-80.716513,43.981433],[-80.716367,43.981458],[-80.716691,43.981682],[-80.715603,43.981636],[-80.714068,43.982028],[-80.713221,43.981927],[-80.712359,43.982051],[-80.711372,43.982581],[-80.709858,43.982996],[-80.709598,43.98314],[-80.709354,43.983487],[-80.708899,43.983659],[-80.710751,43.991138],[-80.720665,43.989892],[-80.720239,43.987993],[-80.722871,43.986015],[-80.723473,43.988393],[-80.723241,43.988542],[-80.723475,43.989577],[-80.720677,43.989948],[-80.720995,43.991168],[-80.723757,43.990804],[-80.725616,43.998739],[-80.724959,43.998821],[-80.725173,43.999727],[-80.726135,43.999562],[-80.72626,43.998651]],[[-80.977148,43.97413],[-80.973552,43.977822],[-80.983789,43.983069],[-80.988742,43.978016],[-80.988675,43.978025],[-80.98855,43.977484],[-80.98937,43.97737],[-80.987911,43.970971],[-80.986351,43.972513],[-80.986148,43.972407],[-80.985811,43.97274],[-80.984252,43.97193],[-80.984263,43.970912],[-80.983899,43.970722],[-80.984045,43.970576],[-80.984335,43.970726],[-80.984767,43.970292],[-80.984274,43.970036],[-80.986111,43.968192],[-80.987277,43.968188],[-80.985778,43.961611],[-80.973795,43.955414],[-80.967283,43.961957],[-80.966928,43.961772],[-80.966152,43.962552],[-80.966281,43.962957],[-80.958977,43.970351],[-80.963057,43.972441],[-80.966703,43.968774],[-80.97079,43.970893],[-80.971055,43.970937],[-80.977148,43.97413]],[[-81.50569,43.962037],[-81.505028,43.961774],[-81.501689,43.966081],[-81.502388,43.966362],[-81.502425,43.96622],[-81.503772,43.966763],[-81.50368,43.966882],[-81.50501,43.967418],[-81.50576,43.966466],[-81.506222,43.96665],[-81.5062,43.967702],[-81.506304,43.967939],[-81.510792,43.969745],[-81.510155,43.970573],[-81.511691,43.971124],[-81.510692,43.972353],[-81.513551,43.973536],[-81.515116,43.971504],[-81.519521,43.973295],[-81.525088,43.96604],[-81.524091,43.965642],[-81.523428,43.964995],[-81.523573,43.964432],[-81.520703,43.963287],[-81.523049,43.960034],[-81.524849,43.957714],[-81.52265,43.956869],[-81.523682,43.955518],[-81.523185,43.955316],[-81.523306,43.955157],[-81.522427,43.954807],[-81.521929,43.955458],[-81.520116,43.954732],[-81.519444,43.955613],[-81.511421,43.95236],[-81.507304,43.957805],[-81.507286,43.957955],[-81.508518,43.95839],[-81.50569,43.962037]],[[-81.280644,43.991961],[-81.280736,43.992051],[-81.280418,43.992095],[-81.280099,43.992495],[-81.281015,43.996116],[-81.277321,43.996636],[-81.277456,43.99717],[-81.276217,43.997345],[-81.279742,44.011003],[-81.289867,44.009585],[-81.289079,44.006546],[-81.290047,44.006409],[-81.289656,44.00509],[-81.289903,44.005057],[-81.289811,44.004701],[-81.293512,44.004178],[-81.293085,44.002527],[-81.293589,44.002698],[-81.294687,44.002795],[-81.294762,44.002767],[-81.294599,44.002678],[-81.295085,44.00256],[-81.295561,44.002991],[-81.296048,44.003106],[-81.296359,44.002934],[-81.297954,44.002687],[-81.298229,44.00256],[-81.298343,44.002967],[-81.300351,44.002392],[-81.299815,44.000417],[-81.297738,44.00071],[-81.297337,43.999023],[-81.294264,43.999457],[-81.294124,43.998923],[-81.29271,43.999122],[-81.29257,43.998589],[-81.292628,43.99858],[-81.290561,43.990683],[-81.287558,43.991101],[-81.287235,43.989855],[-81.285986,43.990028],[-81.285939,43.98985],[-81.284771,43.990012],[-81.284817,43.99019],[-81.284441,43.990229],[-81.282506,43.982832],[-81.282324,43.982859],[-81.282192,43.982518],[-81.280018,43.982829],[-81.280347,43.984028],[-81.279608,43.984134],[-81.27928,43.982934],[-81.272662,43.983879],[-81.275006,43.992851],[-81.279243,43.99226],[-81.279823,43.991426],[-81.27973,43.99107],[-81.280441,43.991762],[-81.28071,43.991836],[-81.280644,43.991961]],[[-80.105532,43.933466],[-80.106363,43.933683],[-80.10698,43.933561],[-80.10756,43.933968],[-80.123076,43.930685],[-80.12398,43.93042],[-80.134558,43.928161],[-80.130653,43.912014],[-80.14587,43.90881],[-80.117418,43.889255],[-80.097223,43.907812],[-80.093537,43.905123],[-80.088163,43.910052],[-80.082867,43.914982],[-80.086582,43.91769],[-80.082368,43.921635],[-80.081114,43.920982],[-80.079122,43.920102],[-80.077659,43.919676],[-80.077027,43.919721],[-80.0713,43.915529],[-80.065806,43.920406],[-80.071157,43.924364],[-80.070202,43.925218],[-80.081183,43.922747],[-80.081939,43.92569],[-80.0841,43.926059],[-80.084296,43.925351],[-80.084131,43.925084],[-80.083882,43.924238],[-80.083647,43.92402],[-80.083395,43.923941],[-80.083435,43.923721],[-80.083909,43.923006],[-80.084985,43.923838],[-80.085027,43.923732],[-80.085794,43.924403],[-80.09049,43.929223],[-80.091198,43.929818],[-80.092012,43.930331],[-80.092768,43.930692],[-80.094358,43.931321],[-80.094633,43.93126],[-80.098609,43.932926],[-80.099646,43.933555],[-80.100089,43.933946],[-80.10047,43.934291],[-80.101302,43.93535],[-80.102711,43.935046],[-80.102196,43.933017],[-80.102549,43.933227],[-80.105107,43.93321],[-80.105532,43.933466]],[[-80.30624,43.902834],[-80.306037,43.903201],[-80.306052,43.903764],[-80.306506,43.904559],[-80.30882,43.904043],[-80.309459,43.906609],[-80.309772,43.906737],[-80.316594,43.90535],[-80.316516,43.905009],[-80.316858,43.905112],[-80.319436,43.904574],[-80.319184,43.904636],[-80.319346,43.9052],[-80.318258,43.905428],[-80.318373,43.905902],[-80.317177,43.906153],[-80.318083,43.909883],[-80.319015,43.909687],[-80.319294,43.910835],[-80.333012,43.908018],[-80.330035,43.89608],[-80.326432,43.896833],[-80.324117,43.886261],[-80.324439,43.885808],[-80.325224,43.8863],[-80.325693,43.886764],[-80.326268,43.88681],[-80.327134,43.887166],[-80.327518,43.887417],[-80.328159,43.887305],[-80.3274,43.88388],[-80.325808,43.884254],[-80.324637,43.884717],[-80.318047,43.888366],[-80.316983,43.888805],[-80.317033,43.889078],[-80.316908,43.888426],[-80.316107,43.888609],[-80.315281,43.888667],[-80.313085,43.888426],[-80.312732,43.888564],[-80.312799,43.888573],[-80.312842,43.888762],[-80.312103,43.888668],[-80.312362,43.889837],[-80.310635,43.889333],[-80.309499,43.889199],[-80.308682,43.88895],[-80.307914,43.888866],[-80.305939,43.888918],[-80.305405,43.889169],[-80.3076,43.898894],[-80.305788,43.900551],[-80.305918,43.901135],[-80.307204,43.900865],[-80.306578,43.901741],[-80.30624,43.902834]],[[-81.295979,43.892961],[-81.311019,43.899167],[-81.311206,43.899036],[-81.315296,43.893926],[-81.317986,43.895043],[-81.320628,43.891748],[-81.32052,43.891703],[-81.321278,43.891529],[-81.321565,43.891319],[-81.322025,43.890843],[-81.321934,43.890674],[-81.322279,43.890401],[-81.322619,43.889672],[-81.322921,43.889405],[-81.323783,43.889088],[-81.324658,43.888128],[-81.323397,43.887575],[-81.323334,43.887694],[-81.32304,43.887627],[-81.323026,43.887543],[-81.3212,43.887238],[-81.321267,43.886886],[-81.320196,43.88679],[-81.319996,43.886664],[-81.319186,43.886468],[-81.318824,43.886262],[-81.318649,43.886038],[-81.318497,43.885705],[-81.318506,43.885066],[-81.318406,43.884967],[-81.318355,43.88467],[-81.317864,43.883573],[-81.317997,43.882843],[-81.318269,43.882464],[-81.318802,43.882148],[-81.3199,43.881712],[-81.320402,43.881281],[-81.317467,43.879951],[-81.308794,43.876806],[-81.306924,43.879148],[-81.306267,43.878874],[-81.303657,43.882157],[-81.304312,43.882434],[-81.295979,43.892961]],[[-80.867578,43.915163],[-80.866404,43.916337],[-80.866607,43.916443],[-80.866927,43.916123],[-80.868147,43.916758],[-80.867826,43.91708],[-80.872093,43.919317],[-80.873546,43.917843],[-80.873741,43.917956],[-80.872297,43.919422],[-80.876201,43.92147],[-80.879831,43.917848],[-80.880827,43.918367],[-80.88081,43.918291],[-80.883231,43.919613],[-80.883272,43.919571],[-80.883479,43.919679],[-80.883438,43.91972],[-80.887996,43.922099],[-80.895614,43.914471],[-80.879873,43.906134],[-80.879283,43.906719],[-80.878871,43.906503],[-80.878707,43.906641],[-80.879136,43.906866],[-80.878546,43.907451],[-80.878142,43.907239],[-80.877995,43.907386],[-80.878399,43.907598],[-80.877807,43.908185],[-80.877065,43.907796],[-80.878886,43.906067],[-80.878482,43.905855],[-80.878775,43.905562],[-80.866796,43.899401],[-80.85929,43.907021],[-80.852157,43.914456],[-80.856114,43.916523],[-80.859924,43.912666],[-80.863977,43.914783],[-80.864949,43.913786],[-80.867578,43.915163]],[[-80.553193,43.836876],[-80.561761,43.830486],[-80.562081,43.830403],[-80.562211,43.830085],[-80.56067,43.829969],[-80.56057,43.829837],[-80.560423,43.830025],[-80.560152,43.830005],[-80.560207,43.829935],[-80.557542,43.829734],[-80.557487,43.829804],[-80.556587,43.829736],[-80.555784,43.831886],[-80.55447,43.831752],[-80.555357,43.829434],[-80.552133,43.829175],[-80.552032,43.829305],[-80.538069,43.828184],[-80.538038,43.828348],[-80.53111,43.827791],[-80.531206,43.827889],[-80.530956,43.827908],[-80.530996,43.828089],[-80.530738,43.827954],[-80.528631,43.828399],[-80.528715,43.828573],[-80.523777,43.829616],[-80.52546,43.837629],[-80.527067,43.84455],[-80.53424,43.843113],[-80.535693,43.849707],[-80.552332,43.837509],[-80.552919,43.837784],[-80.554456,43.837919],[-80.553193,43.836876]],[[-80.830894,43.836164],[-80.830756,43.83642],[-80.830843,43.836577],[-80.837785,43.835763],[-80.838088,43.83712],[-80.838677,43.83705],[-80.839313,43.840161],[-80.841454,43.83991],[-80.841723,43.841097],[-80.84447,43.840775],[-80.844716,43.84074],[-80.844446,43.839547],[-80.84674,43.839278],[-80.847542,43.842849],[-80.850181,43.842505],[-80.850403,43.84348],[-80.860582,43.842229],[-80.859761,43.838683],[-80.864691,43.838131],[-80.863447,43.832579],[-80.860353,43.832948],[-80.859725,43.832931],[-80.859978,43.832607],[-80.859425,43.832672],[-80.859474,43.832961],[-80.859178,43.832995],[-80.85875,43.832824],[-80.858992,43.832507],[-80.858356,43.832253],[-80.858963,43.831469],[-80.85751,43.830863],[-80.857581,43.830795],[-80.859915,43.831767],[-80.859688,43.832064],[-80.860229,43.832285],[-80.864879,43.82642],[-80.862731,43.825613],[-80.860954,43.825864],[-80.854535,43.82305],[-80.853485,43.824366],[-80.849939,43.82294],[-80.854456,43.817192],[-80.851196,43.815872],[-80.842848,43.826422],[-80.842761,43.826386],[-80.842639,43.826543],[-80.839444,43.825262],[-80.830894,43.836164]],[[-81.253536,43.748504],[-81.252915,43.747791],[-81.258191,43.740964],[-81.256213,43.740164],[-81.256794,43.739413],[-81.254482,43.738416],[-81.255376,43.737365],[-81.25532,43.737341],[-81.25752,43.73452],[-81.252953,43.732614],[-81.250231,43.736139],[-81.248214,43.735319],[-81.248161,43.736262],[-81.248001,43.736501],[-81.247945,43.736826],[-81.248598,43.738933],[-81.248733,43.739847],[-81.248589,43.740029],[-81.247433,43.739598],[-81.24717,43.73894],[-81.247037,43.738373],[-81.247115,43.738285],[-81.246952,43.737893],[-81.24587,43.738176],[-81.246351,43.739302],[-81.245806,43.740031],[-81.245903,43.740318],[-81.245059,43.741406],[-81.245277,43.741495],[-81.243892,43.743279],[-81.244224,43.743415],[-81.2441,43.743572],[-81.243544,43.743344],[-81.243018,43.744121],[-81.241128,43.74335],[-81.240636,43.744015],[-81.241531,43.744484],[-81.241443,43.744596],[-81.242421,43.744984],[-81.242239,43.745225],[-81.242903,43.745489],[-81.23741,43.75251],[-81.241734,43.7543],[-81.241884,43.754107],[-81.241069,43.753774],[-81.241245,43.753547],[-81.24206,43.753879],[-81.242992,43.752678],[-81.242071,43.75231],[-81.242641,43.751576],[-81.24143,43.751106],[-81.242085,43.750258],[-81.244264,43.751138],[-81.244758,43.750506],[-81.244395,43.750358],[-81.244507,43.750215],[-81.244871,43.750363],[-81.245254,43.749874],[-81.248144,43.751121],[-81.249128,43.749814],[-81.249411,43.749631],[-81.250357,43.750747],[-81.250678,43.751339],[-81.250942,43.752102],[-81.251451,43.75834],[-81.254986,43.759822],[-81.261258,43.751653],[-81.253536,43.748504]],[[-80.396324,43.724272],[-80.389153,43.719089],[-80.391251,43.717405],[-80.393628,43.715653],[-80.391822,43.714434],[-80.393198,43.713426],[-80.39154,43.71224],[-80.394517,43.710177],[-80.397398,43.708025],[-80.39505,43.706345],[-80.39651,43.705278],[-80.390795,43.70121],[-80.391028,43.701122],[-80.394366,43.698794],[-80.389173,43.698277],[-80.388395,43.698363],[-80.387771,43.698799],[-80.381768,43.694447],[-80.38166,43.69484],[-80.381131,43.695765],[-80.380515,43.695617],[-80.380216,43.696284],[-80.379534,43.695953],[-80.379244,43.696268],[-80.378962,43.696065],[-80.379367,43.695775],[-80.379554,43.695909],[-80.379707,43.695567],[-80.380171,43.695798],[-80.381198,43.694028],[-80.382281,43.69306],[-80.383358,43.692458],[-80.381727,43.691287],[-80.378639,43.693796],[-80.377235,43.694826],[-80.37791,43.69531],[-80.378309,43.695017],[-80.378712,43.695307],[-80.378125,43.695719],[-80.377034,43.694936],[-80.374948,43.696491],[-80.374839,43.696414],[-80.372398,43.698221],[-80.371987,43.697929],[-80.371797,43.698069],[-80.37044,43.697095],[-80.370355,43.697158],[-80.369594,43.696611],[-80.369678,43.696547],[-80.369276,43.696259],[-80.368773,43.695992],[-80.368413,43.69635],[-80.368453,43.696541],[-80.36696,43.695727],[-80.366645,43.695968],[-80.365651,43.695476],[-80.364266,43.694561],[-80.357632,43.689689],[-80.357364,43.689688],[-80.355824,43.690798],[-80.36106,43.694558],[-80.360931,43.694652],[-80.364765,43.697404],[-80.360268,43.700609],[-80.360156,43.700521],[-80.359489,43.700994],[-80.356951,43.699151],[-80.354762,43.700703],[-80.357019,43.702343],[-80.356908,43.702519],[-80.353055,43.70576],[-80.358796,43.709776],[-80.36021,43.708555],[-80.365004,43.712265],[-80.365153,43.712642],[-80.36837,43.711922],[-80.369316,43.711441],[-80.373041,43.71412],[-80.364355,43.722137],[-80.380502,43.733619],[-80.38957,43.725726],[-80.392055,43.727514],[-80.396324,43.724272]],[[-80.414869,43.692892],[-80.416301,43.693942],[-80.418257,43.692524],[-80.419616,43.693572],[-80.419428,43.694157],[-80.418003,43.69518],[-80.423499,43.699194],[-80.432605,43.692563],[-80.430108,43.690799],[-80.429609,43.690543],[-80.430684,43.689755],[-80.430591,43.689688],[-80.430793,43.689543],[-80.430266,43.689161],[-80.438332,43.683352],[-80.433425,43.679741],[-80.433868,43.679423],[-80.433978,43.679504],[-80.434867,43.678853],[-80.433351,43.677741],[-80.43201,43.678703],[-80.420391,43.670225],[-80.411004,43.677017],[-80.412525,43.678109],[-80.41235,43.678248],[-80.41441,43.679741],[-80.413929,43.680098],[-80.414894,43.680809],[-80.413023,43.681852],[-80.413673,43.682318],[-80.413408,43.682464],[-80.415131,43.683697],[-80.415334,43.683556],[-80.419232,43.686452],[-80.418359,43.687147],[-80.41805,43.687561],[-80.416984,43.68804],[-80.416803,43.688201],[-80.417977,43.689703],[-80.418194,43.689494],[-80.419033,43.690103],[-80.415986,43.692252],[-80.414869,43.692892]],[[-80.489649,43.299004],[-80.487092,43.299554],[-80.485659,43.300937],[-80.485601,43.301272],[-80.485272,43.301437],[-80.479327,43.286311],[-80.486591,43.285187],[-80.486057,43.283616],[-80.493391,43.282434],[-80.49222,43.279617],[-80.477868,43.282663],[-80.471564,43.266727],[-80.463582,43.268025],[-80.4449,43.271259],[-80.44217,43.264255],[-80.436195,43.265307],[-80.438998,43.27228],[-80.436329,43.272747],[-80.435582,43.270331],[-80.433732,43.270618],[-80.434508,43.273065],[-80.426761,43.274418],[-80.425403,43.271023],[-80.423571,43.271346],[-80.420444,43.26365],[-80.417361,43.265291],[-80.416638,43.264129],[-80.415588,43.261357],[-80.415257,43.26146],[-80.417926,43.268459],[-80.415069,43.268973],[-80.414105,43.266564],[-80.41245,43.266836],[-80.41133,43.264749],[-80.408316,43.264746],[-80.407362,43.262742],[-80.403193,43.263443],[-80.405986,43.270581],[-80.399986,43.271618],[-80.401333,43.275068],[-80.407336,43.274032],[-80.408713,43.277549],[-80.402823,43.278475],[-80.390847,43.280558],[-80.390555,43.279617],[-80.389656,43.279779],[-80.389592,43.279572],[-80.38869,43.279521],[-80.388685,43.280914],[-80.385308,43.281468],[-80.385408,43.281027],[-80.385294,43.2809],[-80.384383,43.280738],[-80.383063,43.28037],[-80.381456,43.279479],[-80.38033,43.278658],[-80.37941,43.278175],[-80.378704,43.277975],[-80.37754,43.277324],[-80.376222,43.276964],[-80.374952,43.276842],[-80.372784,43.277135],[-80.374148,43.280634],[-80.371099,43.281125],[-80.372107,43.283662],[-80.368117,43.28433],[-80.367312,43.282317],[-80.365141,43.282688],[-80.363975,43.279777],[-80.362449,43.280092],[-80.362175,43.279408],[-80.360196,43.279831],[-80.360371,43.280263],[-80.359164,43.280498],[-80.358989,43.28008],[-80.356257,43.280361],[-80.356664,43.281373],[-80.355184,43.281525],[-80.357037,43.286183],[-80.354468,43.286612],[-80.357365,43.293827],[-80.35245,43.294692],[-80.352317,43.294243],[-80.35021,43.292042],[-80.348448,43.287664],[-80.338317,43.289433],[-80.335156,43.28164],[-80.332939,43.282703],[-80.33065,43.283473],[-80.329662,43.283656],[-80.328486,43.284073],[-80.328005,43.284115],[-80.327348,43.28449],[-80.326606,43.28471],[-80.32594,43.285109],[-80.328391,43.291171],[-80.318293,43.292948],[-80.318782,43.292174],[-80.319061,43.2915],[-80.319648,43.290747],[-80.319763,43.290415],[-80.32015,43.289994],[-80.320214,43.289769],[-80.320953,43.288684],[-80.321102,43.288604],[-80.320569,43.288464],[-80.321181,43.287028],[-80.319769,43.287263],[-80.318607,43.288447],[-80.317367,43.290007],[-80.316344,43.291648],[-80.31549,43.29341],[-80.306121,43.294992],[-80.304136,43.289963],[-80.303309,43.290113],[-80.302529,43.288151],[-80.2965,43.289137],[-80.297853,43.292638],[-80.294865,43.293172],[-80.295129,43.293973],[-80.293796,43.294227],[-80.294809,43.296921],[-80.287003,43.298224],[-80.286121,43.295856],[-80.28301,43.296346],[-80.283529,43.29767],[-80.281947,43.297941],[-80.282043,43.298189],[-80.280578,43.298443],[-80.280882,43.299248],[-80.276133,43.30007],[-80.275437,43.29857],[-80.274357,43.298752],[-80.274958,43.300273],[-80.256378,43.303345],[-80.238308,43.306446],[-80.248693,43.333806],[-80.189269,43.343456],[-80.192158,43.352459],[-80.192435,43.352412],[-80.198133,43.370285],[-80.197503,43.370393],[-80.201192,43.382753],[-80.196167,43.383634],[-80.197952,43.38908],[-80.203415,43.388135],[-80.206441,43.397208],[-80.209614,43.3967],[-80.20937,43.395889],[-80.210045,43.39578],[-80.210432,43.396013],[-80.210588,43.396544],[-80.216319,43.395626],[-80.215354,43.392526],[-80.216756,43.392294],[-80.217311,43.394014],[-80.22082,43.393451],[-80.219793,43.390168],[-80.224727,43.389161],[-80.226325,43.393994],[-80.23843,43.392041],[-80.238078,43.390997],[-80.237892,43.391022],[-80.23783,43.390769],[-80.237998,43.390747],[-80.237582,43.389457],[-80.240368,43.389191],[-80.241121,43.391614],[-80.243016,43.391318],[-80.242791,43.390688],[-80.243434,43.390583],[-80.243662,43.391212],[-80.248851,43.390354],[-80.248819,43.390255],[-80.25603,43.387083],[-80.256505,43.388464],[-80.25704,43.387408],[-80.257871,43.387274],[-80.258051,43.387867],[-80.2574,43.387972],[-80.257259,43.388133],[-80.257496,43.388939],[-80.269391,43.386974],[-80.279419,43.41191],[-80.281348,43.416077],[-80.284482,43.424256],[-80.29199,43.442776],[-80.293905,43.447195],[-80.294612,43.447061],[-80.294838,43.44757],[-80.295568,43.44744],[-80.295972,43.448355],[-80.296325,43.448278],[-80.29639,43.44843],[-80.29849,43.448101],[-80.298189,43.448524],[-80.29707,43.449689],[-80.297028,43.450036],[-80.297124,43.450157],[-80.297636,43.450431],[-80.297783,43.450375],[-80.298243,43.450619],[-80.297896,43.451238],[-80.298036,43.451515],[-80.297181,43.45178],[-80.297212,43.452013],[-80.296953,43.453324],[-80.296725,43.453569],[-80.297124,43.454475],[-80.297869,43.456628],[-80.302612,43.468567],[-80.305833,43.472015],[-80.307679,43.471793],[-80.311517,43.471488],[-80.311211,43.469443],[-80.313832,43.469234],[-80.314179,43.471508],[-80.307546,43.472043],[-80.306165,43.472384],[-80.30794,43.474229],[-80.314691,43.480117],[-80.317964,43.482867],[-80.322045,43.486475],[-80.325507,43.489672],[-80.335583,43.498356],[-80.333733,43.499696],[-80.34119,43.505376],[-80.342541,43.504406],[-80.342702,43.504545],[-80.342285,43.504845],[-80.343112,43.505558],[-80.34364,43.505355],[-80.354196,43.514489],[-80.354077,43.514576],[-80.355015,43.515479],[-80.355008,43.515616],[-80.348184,43.520973],[-80.346434,43.522512],[-80.347357,43.52319],[-80.350917,43.520129],[-80.352317,43.521297],[-80.355548,43.518679],[-80.356155,43.519228],[-80.355545,43.519677],[-80.356928,43.520926],[-80.350653,43.525643],[-80.359121,43.531855],[-80.367077,43.526073],[-80.369869,43.528646],[-80.373745,43.532602],[-80.370317,43.550665],[-80.369234,43.550965],[-80.369661,43.551644],[-80.369273,43.55197],[-80.369019,43.552095],[-80.368725,43.552063],[-80.368064,43.551648],[-80.367601,43.552094],[-80.363191,43.555169],[-80.359201,43.558068],[-80.367991,43.564444],[-80.367177,43.569056],[-80.378806,43.56511],[-80.379432,43.567007],[-80.380648,43.569209],[-80.375819,43.57266],[-80.377021,43.573526],[-80.38083,43.570805],[-80.381757,43.571271],[-80.382294,43.570883],[-80.384766,43.572163],[-80.389878,43.568498],[-80.39276,43.570514],[-80.402981,43.577998],[-80.402363,43.578498],[-80.402769,43.578903],[-80.403776,43.57906],[-80.400922,43.581277],[-80.409586,43.582758],[-80.424803,43.593765],[-80.414738,43.601001],[-80.417292,43.602873],[-80.421794,43.599713],[-80.427653,43.604004],[-80.428697,43.603246],[-80.434328,43.607369],[-80.42883,43.611339],[-80.43022,43.612361],[-80.437076,43.60733],[-80.435246,43.606716],[-80.438834,43.604083],[-80.437678,43.603253],[-80.437942,43.602073],[-80.447699,43.603274],[-80.446743,43.607709],[-80.443846,43.607483],[-80.455352,43.615763],[-80.454949,43.616425],[-80.453773,43.617261],[-80.449772,43.619814],[-80.446985,43.620953],[-80.447448,43.621446],[-80.447117,43.621581],[-80.446654,43.621088],[-80.446021,43.621346],[-80.445804,43.621558],[-80.444819,43.623083],[-80.445002,43.623215],[-80.444967,43.623074],[-80.445957,43.623788],[-80.445946,43.623588],[-80.446153,43.623243],[-80.446783,43.623261],[-80.447248,43.623149],[-80.44721,43.622941],[-80.44752,43.622658],[-80.448145,43.622293],[-80.448576,43.621585],[-80.448465,43.621399],[-80.448119,43.621283],[-80.448092,43.621178],[-80.448222,43.621039],[-80.449833,43.620444],[-80.450576,43.620409],[-80.451248,43.620531],[-80.452498,43.621049],[-80.453236,43.621229],[-80.454268,43.62186],[-80.454757,43.621874],[-80.454894,43.621943],[-80.455062,43.622322],[-80.455396,43.622651],[-80.455646,43.623944],[-80.456053,43.624189],[-80.456162,43.624451],[-80.456591,43.62502],[-80.45706,43.625194],[-80.458014,43.625324],[-80.457734,43.624729],[-80.457871,43.624693],[-80.457897,43.624522],[-80.457993,43.624883],[-80.45846,43.625308],[-80.458967,43.625473],[-80.460143,43.625649],[-80.460326,43.625609],[-80.464668,43.622506],[-80.465069,43.622796],[-80.461006,43.62569],[-80.461365,43.6258],[-80.461636,43.626026],[-80.461785,43.625991],[-80.461823,43.625865],[-80.461997,43.625857],[-80.462999,43.626068],[-80.463854,43.626081],[-80.465285,43.626862],[-80.465443,43.627223],[-80.466238,43.628407],[-80.466565,43.629255],[-80.466635,43.629768],[-80.467618,43.630754],[-80.468794,43.630967],[-80.469525,43.630943],[-80.469874,43.630783],[-80.471211,43.631005],[-80.471757,43.630926],[-80.472499,43.631092],[-80.474816,43.631283],[-80.475884,43.631035],[-80.475699,43.6309],[-80.476028,43.630724],[-80.499539,43.647701],[-80.498538,43.648482],[-80.502136,43.65106],[-80.50314,43.650282],[-80.507182,43.65318],[-80.498388,43.659683],[-80.500502,43.661221],[-80.499076,43.662234],[-80.500627,43.663362],[-80.503538,43.661198],[-80.50699,43.663748],[-80.514409,43.658372],[-80.537799,43.67523],[-80.543219,43.679204],[-80.538846,43.682415],[-80.5384,43.682664],[-80.538314,43.682806],[-80.533692,43.686202],[-80.530197,43.684371],[-80.529512,43.684462],[-80.530606,43.685376],[-80.533693,43.687412],[-80.536743,43.689642],[-80.546918,43.697498],[-80.547175,43.697309],[-80.539617,43.691591],[-80.53672,43.689231],[-80.545975,43.682397],[-80.54774,43.683676],[-80.548383,43.683208],[-80.551399,43.685402],[-80.550799,43.685839],[-80.551943,43.686671],[-80.549425,43.688549],[-80.550571,43.689383],[-80.552499,43.688103],[-80.553795,43.689008],[-80.555291,43.687988],[-80.557529,43.689615],[-80.565815,43.683547],[-80.567634,43.684264],[-80.569237,43.682079],[-80.568409,43.681647],[-80.579192,43.673702],[-80.573554,43.673188],[-80.57438,43.668726],[-80.584826,43.669679],[-80.588295,43.667153],[-80.590261,43.668466],[-80.587974,43.671329],[-80.588342,43.671478],[-80.583888,43.677311],[-80.586655,43.678549],[-80.595088,43.667747],[-80.592071,43.666526],[-80.591834,43.666845],[-80.591562,43.666735],[-80.591799,43.666416],[-80.589891,43.665648],[-80.587616,43.667336],[-80.584923,43.667105],[-80.5861,43.660118],[-80.589906,43.660451],[-80.591248,43.652481],[-80.596979,43.653016],[-80.599049,43.641056],[-80.602171,43.642306],[-80.606564,43.636554],[-80.600276,43.634054],[-80.604174,43.611639],[-80.615469,43.60911],[-80.617254,43.608567],[-80.619203,43.607774],[-80.619918,43.608059],[-80.615816,43.613327],[-80.625903,43.617329],[-80.629906,43.612052],[-80.626693,43.610726],[-80.626759,43.61064],[-80.623156,43.609193],[-80.626522,43.60484],[-80.626289,43.604542],[-80.624187,43.605321],[-80.624,43.605563],[-80.619107,43.607582],[-80.618453,43.607322],[-80.618952,43.60666],[-80.617904,43.606243],[-80.617405,43.606905],[-80.605788,43.602356],[-80.606352,43.599115],[-80.607501,43.599372],[-80.607848,43.598732],[-80.608535,43.598867],[-80.608769,43.598173],[-80.608644,43.598153],[-80.608713,43.597906],[-80.610321,43.598143],[-80.615243,43.591911],[-80.621153,43.594323],[-80.620542,43.595131],[-80.620977,43.595309],[-80.617481,43.599934],[-80.623902,43.602621],[-80.628091,43.597154],[-80.628162,43.597183],[-80.627632,43.597875],[-80.627928,43.597995],[-80.628033,43.597859],[-80.62929,43.598372],[-80.629715,43.597817],[-80.631462,43.59853],[-80.631133,43.59896],[-80.633978,43.60012],[-80.633399,43.600891],[-80.633998,43.601134],[-80.633901,43.601289],[-80.635281,43.601871],[-80.63519,43.601992],[-80.635319,43.602045],[-80.638504,43.60138],[-80.685089,43.619885],[-80.67689,43.630559],[-80.673625,43.629258],[-80.670932,43.632842],[-80.674265,43.633988],[-80.6749,43.633148],[-80.67816,43.634448],[-80.682298,43.629182],[-80.686468,43.623639],[-80.689433,43.62481],[-80.691215,43.622392],[-80.691277,43.622414],[-80.690603,43.623299],[-80.691033,43.623472],[-80.691747,43.622538],[-80.697357,43.624791],[-80.703602,43.616778],[-80.701403,43.615898],[-80.702939,43.613934],[-80.703679,43.614231],[-80.704131,43.613654],[-80.720765,43.620364],[-80.721412,43.622729],[-80.721995,43.622962],[-80.719152,43.626668],[-80.72262,43.627893],[-80.726494,43.622757],[-80.729891,43.624298],[-80.736452,43.626935],[-80.734367,43.629375],[-80.74094,43.632154],[-80.743063,43.629461],[-80.756347,43.635045],[-80.758468,43.632433],[-80.765072,43.635194],[-80.772062,43.626398],[-80.778494,43.62898],[-80.776472,43.631639],[-80.779776,43.632985],[-80.78387,43.627639],[-80.787065,43.628981],[-80.791157,43.623738],[-80.784621,43.621034],[-80.786932,43.617939],[-80.788718,43.615704],[-80.782612,43.613166],[-80.805157,43.584777],[-80.82385,43.5604],[-80.829475,43.562673],[-80.833357,43.55728],[-80.834386,43.556016],[-80.82891,43.553778],[-80.838159,43.541689],[-80.841564,43.543031],[-80.84276,43.54147],[-80.845077,43.54231],[-80.849888,43.536005],[-80.846813,43.534778],[-80.855017,43.524211],[-80.858011,43.525445],[-80.866265,43.514749],[-80.872801,43.517351],[-80.874736,43.514826],[-80.868273,43.512144],[-80.872448,43.506725],[-80.865056,43.503727],[-80.865809,43.502651],[-80.868757,43.502763],[-80.869637,43.502169],[-80.869746,43.501838],[-80.86707,43.50085],[-80.869025,43.498056],[-80.829164,43.481706],[-80.795557,43.468091],[-80.787358,43.459674],[-80.788681,43.459342],[-80.788476,43.454761],[-80.788447,43.452344],[-80.781742,43.452265],[-80.779767,43.450232],[-80.781891,43.449137],[-80.775888,43.442998],[-80.773209,43.442973],[-80.773076,43.433545],[-80.762944,43.433421],[-80.762916,43.434324],[-80.756855,43.427898],[-80.75967,43.427935],[-80.759026,43.426492],[-80.757425,43.426472],[-80.755227,43.424172],[-80.754373,43.424107],[-80.753417,43.423836],[-80.752369,43.423202],[-80.752279,43.418583],[-80.750055,43.418595],[-80.74938,43.414979],[-80.747212,43.414983],[-80.747094,43.40575],[-80.742095,43.405719],[-80.742093,43.396516],[-80.741694,43.382739],[-80.746701,43.382718],[-80.746581,43.376881],[-80.737542,43.376691],[-80.737524,43.376142],[-80.736585,43.376142],[-80.73653,43.374488],[-80.737605,43.374104],[-80.737571,43.374052],[-80.74142,43.372692],[-80.741455,43.372744],[-80.746484,43.370921],[-80.746431,43.369205],[-80.759898,43.369214],[-80.759884,43.36827],[-80.758893,43.368287],[-80.758623,43.360052],[-80.746046,43.359933],[-80.745892,43.35536],[-80.735905,43.356491],[-80.735644,43.347073],[-80.736845,43.34668],[-80.736815,43.34558],[-80.742077,43.343731],[-80.739331,43.338618],[-80.735447,43.339796],[-80.735274,43.333823],[-80.744412,43.330809],[-80.738745,43.320163],[-80.746567,43.3177],[-80.741135,43.30729],[-80.73492,43.309211],[-80.73492,43.307491],[-80.733987,43.307634],[-80.732743,43.304301],[-80.710555,43.307769],[-80.688688,43.311045],[-80.688039,43.309368],[-80.680695,43.310525],[-80.681286,43.312079],[-80.674087,43.313249],[-80.676516,43.319947],[-80.666368,43.321552],[-80.665963,43.320449],[-80.66179,43.3211],[-80.659865,43.316207],[-80.646702,43.318249],[-80.647214,43.31855],[-80.647767,43.31876],[-80.647926,43.31908],[-80.647763,43.320038],[-80.647417,43.320428],[-80.646953,43.320773],[-80.646806,43.321111],[-80.645265,43.321768],[-80.6446,43.322197],[-80.643573,43.322531],[-80.64253,43.322707],[-80.642641,43.322987],[-80.642306,43.322986],[-80.641737,43.323139],[-80.640838,43.323023],[-80.64023,43.323127],[-80.639711,43.323024],[-80.637509,43.322926],[-80.636639,43.322331],[-80.636218,43.322188],[-80.634047,43.321784],[-80.633846,43.321472],[-80.633422,43.321616],[-80.632702,43.321639],[-80.631647,43.32202],[-80.631111,43.320643],[-80.616735,43.323008],[-80.616524,43.323123],[-80.611236,43.324015],[-80.609426,43.324442],[-80.602173,43.32549],[-80.587858,43.327886],[-80.587644,43.327999],[-80.573149,43.330202],[-80.572852,43.329475],[-80.56574,43.330608],[-80.566008,43.331303],[-80.558819,43.332463],[-80.559221,43.333505],[-80.555414,43.334114],[-80.555087,43.333096],[-80.544288,43.33481],[-80.545473,43.337759],[-80.538264,43.338915],[-80.539499,43.342078],[-80.536668,43.342549],[-80.53416,43.33646],[-80.519192,43.338978],[-80.508516,43.340637],[-80.506093,43.334603],[-80.498721,43.335821],[-80.487866,43.308043],[-80.495184,43.306869],[-80.491676,43.297951],[-80.491312,43.298009],[-80.489885,43.298527],[-80.489649,43.299004]],[[-80.151174,43.623053],[-80.149687,43.621978],[-80.150055,43.621755],[-80.150641,43.622164],[-80.152021,43.621134],[-80.150394,43.619926],[-80.151556,43.61951],[-80.15293,43.618886],[-80.154967,43.617627],[-80.151684,43.615431],[-80.152356,43.615138],[-80.152383,43.614955],[-80.15323,43.614828],[-80.153637,43.614683],[-80.153621,43.614331],[-80.15323,43.613474],[-80.153186,43.613644],[-80.152851,43.61374],[-80.152666,43.613578],[-80.152381,43.61387],[-80.15187,43.6141],[-80.151429,43.614434],[-80.150967,43.614957],[-80.145438,43.611212],[-80.142614,43.608983],[-80.1398,43.606992],[-80.140603,43.606284],[-80.139347,43.605442],[-80.138909,43.605785],[-80.137178,43.604624],[-80.136958,43.60481],[-80.136742,43.604676],[-80.137748,43.603825],[-80.136318,43.602866],[-80.135708,43.60342],[-80.135297,43.603586],[-80.134951,43.603355],[-80.134667,43.60352],[-80.134088,43.603117],[-80.12882,43.607832],[-80.128421,43.608009],[-80.123325,43.612536],[-80.132188,43.618945],[-80.131653,43.620039],[-80.132591,43.620501],[-80.132879,43.619928],[-80.134592,43.620872],[-80.133988,43.622005],[-80.136103,43.621734],[-80.136126,43.621831],[-80.139644,43.62138],[-80.139715,43.621733],[-80.14228,43.6214],[-80.142648,43.621667],[-80.14279,43.621649],[-80.142901,43.621728],[-80.142583,43.622008],[-80.144041,43.623042],[-80.143168,43.623689],[-80.144542,43.624663],[-80.142737,43.626209],[-80.145478,43.628126],[-80.151174,43.623053]],[[-80.272382,43.591549],[-80.272582,43.591433],[-80.273133,43.590914],[-80.273477,43.590124],[-80.273533,43.589602],[-80.273869,43.588416],[-80.275016,43.586739],[-80.275321,43.586156],[-80.275375,43.585733],[-80.275266,43.585579],[-80.275195,43.585236],[-80.275591,43.584302],[-80.27557,43.583942],[-80.275738,43.583358],[-80.275605,43.583096],[-80.27445,43.582368],[-80.274383,43.581765],[-80.274624,43.581271],[-80.274504,43.580928],[-80.274546,43.58055],[-80.274328,43.580126],[-80.274354,43.580018],[-80.274641,43.579822],[-80.274722,43.579282],[-80.274365,43.578082],[-80.274629,43.577723],[-80.275682,43.57698],[-80.275781,43.576088],[-80.275741,43.575994],[-80.275532,43.575936],[-80.275612,43.575826],[-80.275397,43.575734],[-80.275242,43.575504],[-80.275199,43.575376],[-80.275261,43.575325],[-80.275166,43.575104],[-80.275238,43.574602],[-80.275022,43.57424],[-80.274929,43.573851],[-80.274562,43.573486],[-80.274066,43.573334],[-80.273865,43.573143],[-80.273521,43.573064],[-80.273339,43.572876],[-80.273162,43.572825],[-80.272772,43.57256],[-80.272589,43.572293],[-80.276905,43.569108],[-80.276588,43.568387],[-80.278381,43.567099],[-80.279158,43.569236],[-80.288505,43.56241],[-80.294497,43.563445],[-80.303611,43.556742],[-80.301742,43.555382],[-80.31075,43.548834],[-80.319749,43.542164],[-80.320437,43.542652],[-80.3207,43.542652],[-80.321198,43.542272],[-80.322266,43.542021],[-80.329834,43.536637],[-80.314121,43.52518],[-80.307252,43.520024],[-80.295302,43.524577],[-80.277429,43.511551],[-80.274564,43.51362],[-80.2728,43.512359],[-80.27116,43.516537],[-80.269512,43.516684],[-80.269543,43.517333],[-80.269031,43.517563],[-80.26865,43.519245],[-80.267582,43.519305],[-80.267677,43.519672],[-80.264495,43.521986],[-80.264291,43.521823],[-80.264528,43.521204],[-80.264442,43.520189],[-80.264234,43.519905],[-80.264133,43.519596],[-80.264471,43.518309],[-80.264506,43.517732],[-80.264334,43.517329],[-80.264386,43.51695],[-80.264308,43.51673],[-80.264176,43.516827],[-80.264019,43.516272],[-80.263818,43.515894],[-80.263429,43.515593],[-80.262675,43.515042],[-80.261517,43.514638],[-80.261257,43.514185],[-80.261082,43.513527],[-80.259743,43.512452],[-80.259606,43.512215],[-80.25973,43.512124],[-80.259284,43.511592],[-80.258585,43.510917],[-80.257797,43.510354],[-80.257691,43.51015],[-80.257392,43.509889],[-80.256899,43.509757],[-80.256677,43.508699],[-80.256519,43.508493],[-80.256224,43.508322],[-80.256067,43.508017],[-80.255762,43.507666],[-80.25559,43.507575],[-80.255372,43.507195],[-80.254981,43.506788],[-80.2548,43.506391],[-80.254779,43.506068],[-80.254857,43.50578],[-80.254733,43.504824],[-80.254587,43.504634],[-80.254328,43.504542],[-80.254097,43.504189],[-80.254188,43.503865],[-80.254068,43.503532],[-80.254213,43.502884],[-80.254179,43.502586],[-80.254022,43.502306],[-80.254123,43.502082],[-80.253984,43.501389],[-80.253741,43.500982],[-80.253687,43.500316],[-80.253422,43.499782],[-80.252646,43.499524],[-80.25231,43.499648],[-80.252014,43.499637],[-80.251839,43.499717],[-80.251506,43.499657],[-80.246327,43.500526],[-80.243614,43.494603],[-80.233391,43.496087],[-80.229892,43.487295],[-80.226945,43.478359],[-80.201348,43.482633],[-80.189157,43.47383],[-80.180139,43.480576],[-80.176656,43.477942],[-80.171189,43.482048],[-80.172371,43.482788],[-80.171503,43.483409],[-80.172065,43.484314],[-80.171622,43.484709],[-80.171287,43.485524],[-80.170679,43.486644],[-80.171132,43.486973],[-80.170869,43.48717],[-80.170871,43.487366],[-80.16936,43.488498],[-80.16583,43.485927],[-80.159888,43.490343],[-80.157106,43.492514],[-80.153197,43.495304],[-80.150996,43.497015],[-80.151857,43.49765],[-80.150771,43.49844],[-80.15116,43.498727],[-80.151889,43.498198],[-80.152312,43.498511],[-80.151584,43.49904],[-80.153362,43.499454],[-80.153676,43.499676],[-80.154091,43.500088],[-80.153505,43.500528],[-80.156444,43.502709],[-80.154997,43.503793],[-80.155657,43.504283],[-80.157104,43.503199],[-80.171255,43.513697],[-80.185452,43.524025],[-80.185371,43.524085],[-80.185547,43.524214],[-80.18537,43.524345],[-80.18546,43.524345],[-80.182855,43.526283],[-80.182858,43.526477],[-80.18534,43.528257],[-80.182886,43.530083],[-80.189635,43.535031],[-80.191059,43.533758],[-80.193516,43.535474],[-80.19204,43.536793],[-80.194403,43.538525],[-80.19215,43.540213],[-80.195734,43.542849],[-80.185673,43.550335],[-80.188541,43.552416],[-80.187717,43.553023],[-80.191944,43.556091],[-80.192173,43.555922],[-80.193912,43.557186],[-80.193699,43.557351],[-80.19611,43.559101],[-80.195225,43.559752],[-80.196964,43.56098],[-80.195017,43.562448],[-80.211643,43.574184],[-80.220581,43.580714],[-80.220652,43.580662],[-80.224906,43.583708],[-80.228569,43.58114],[-80.233416,43.584612],[-80.243176,43.577442],[-80.237707,43.573509],[-80.238583,43.572865],[-80.243902,43.576695],[-80.244097,43.576766],[-80.246588,43.578508],[-80.268492,43.594362],[-80.269182,43.593932],[-80.269579,43.593827],[-80.269569,43.593647],[-80.269946,43.593244],[-80.271019,43.592602],[-80.271171,43.592351],[-80.271936,43.591555],[-80.272382,43.591549]],[[-81.127058,43.273343],[-81.13062,43.273036],[-81.14413,43.27162],[-81.164864,43.269232],[-81.163438,43.261979],[-81.168414,43.261451],[-81.166717,43.25329],[-81.161771,43.253824],[-81.157755,43.234744],[-81.12709,43.237673],[-81.128213,43.24341],[-81.120876,43.244242],[-81.12394,43.258635],[-81.114077,43.259725],[-81.11428,43.260645],[-81.111713,43.26094],[-81.113193,43.267761],[-81.125543,43.2662],[-81.127058,43.273343]],[[-80.260979,43.251813],[-80.261575,43.251684],[-80.261187,43.250789],[-80.261617,43.249957],[-80.261214,43.249806],[-80.26124,43.249753],[-80.261644,43.249869],[-80.261844,43.249194],[-80.261385,43.248016],[-80.262286,43.247865],[-80.262142,43.247488],[-80.26237,43.247446],[-80.26231,43.247274],[-80.262691,43.24721],[-80.262308,43.246191],[-80.266288,43.245519],[-80.264917,43.241975],[-80.262704,43.242344],[-80.26229,43.241233],[-80.260769,43.24154],[-80.261197,43.242684],[-80.260831,43.242743],[-80.260633,43.242257],[-80.2604,43.242293],[-80.260316,43.242085],[-80.258621,43.242359],[-80.25875,43.242702],[-80.258392,43.242757],[-80.258518,43.243113],[-80.256854,43.243379],[-80.256656,43.242947],[-80.256255,43.243058],[-80.256261,43.243474],[-80.255513,43.243594],[-80.255361,43.243132],[-80.254694,43.243246],[-80.254557,43.242856],[-80.254397,43.242883],[-80.252209,43.238099],[-80.252005,43.238139],[-80.251383,43.236532],[-80.2502,43.236752],[-80.248992,43.233854],[-80.250167,43.23367],[-80.25024,43.233877],[-80.253583,43.233219],[-80.253584,43.233134],[-80.260982,43.232094],[-80.26023,43.229793],[-80.253743,43.230848],[-80.253082,43.229265],[-80.251992,43.229443],[-80.252286,43.230222],[-80.250816,43.23046],[-80.251761,43.232982],[-80.249896,43.233128],[-80.24908,43.233033],[-80.248328,43.233104],[-80.248531,43.233624],[-80.242163,43.233984],[-80.241943,43.233465],[-80.241471,43.233649],[-80.235775,43.233645],[-80.235226,43.232194],[-80.225362,43.23379],[-80.226818,43.236405],[-80.228447,43.240758],[-80.233222,43.243343],[-80.234867,43.247263],[-80.237515,43.24677],[-80.234619,43.239653],[-80.236175,43.239401],[-80.236289,43.239685],[-80.239393,43.239294],[-80.239232,43.238865],[-80.242255,43.238373],[-80.244365,43.239417],[-80.247786,43.248119],[-80.24957,43.253065],[-80.254245,43.252512],[-80.254295,43.252645],[-80.255922,43.252453],[-80.256256,43.252334],[-80.260979,43.251813]],[[-80.155348,43.237497],[-80.157471,43.236991],[-80.154343,43.227079],[-80.153604,43.227208],[-80.154016,43.22849],[-80.152346,43.22881],[-80.153371,43.231963],[-80.150916,43.232321],[-80.149462,43.227897],[-80.134725,43.230532],[-80.137439,43.239084],[-80.14609,43.238494],[-80.146284,43.239106],[-80.147041,43.238988],[-80.147126,43.239256],[-80.148825,43.239054],[-80.148668,43.238589],[-80.150313,43.238471],[-80.150284,43.238198],[-80.15276,43.238023],[-80.152701,43.237807],[-80.155348,43.237497]],[[-80.211526,43.219303],[-80.210588,43.217292],[-80.217767,43.216089],[-80.218213,43.216375],[-80.218512,43.216329],[-80.218625,43.215964],[-80.222534,43.215327],[-80.222806,43.215413],[-80.223176,43.215361],[-80.223569,43.215073],[-80.223947,43.214969],[-80.229928,43.213839],[-80.233488,43.213226],[-80.233953,43.21323],[-80.234445,43.213056],[-80.236306,43.212695],[-80.237527,43.212618],[-80.239712,43.212135],[-80.240009,43.212272],[-80.239915,43.21201],[-80.240218,43.211952],[-80.240286,43.212142],[-80.240432,43.211986],[-80.241229,43.211846],[-80.241523,43.212682],[-80.24286,43.212442],[-80.242958,43.212659],[-80.243668,43.212534],[-80.243256,43.211469],[-80.246343,43.210971],[-80.246939,43.212523],[-80.249907,43.212087],[-80.250551,43.213721],[-80.250522,43.213945],[-80.247408,43.214415],[-80.250159,43.221764],[-80.256698,43.220717],[-80.257688,43.223295],[-80.257827,43.224061],[-80.258014,43.224545],[-80.264157,43.223528],[-80.262691,43.219824],[-80.265797,43.219296],[-80.265275,43.217914],[-80.268253,43.217362],[-80.267077,43.214312],[-80.27333,43.21299],[-80.279635,43.211896],[-80.279098,43.210366],[-80.280397,43.21014],[-80.280164,43.209332],[-80.284419,43.208677],[-80.285217,43.209186],[-80.290577,43.208097],[-80.291951,43.211337],[-80.298125,43.210358],[-80.304382,43.209681],[-80.304196,43.208939],[-80.302907,43.205665],[-80.30877,43.204676],[-80.311522,43.211918],[-80.31748,43.210826],[-80.316605,43.207938],[-80.322403,43.206896],[-80.320676,43.202741],[-80.326585,43.201755],[-80.326853,43.201778],[-80.341268,43.199261],[-80.342304,43.199257],[-80.350645,43.19786],[-80.351995,43.201194],[-80.356415,43.200461],[-80.358815,43.208443],[-80.358354,43.208551],[-80.358789,43.210031],[-80.359779,43.211196],[-80.366826,43.210012],[-80.367482,43.209966],[-80.369031,43.20964],[-80.370844,43.214197],[-80.373522,43.212823],[-80.374725,43.215578],[-80.377675,43.21502],[-80.378629,43.217401],[-80.39059,43.21534],[-80.391284,43.216872],[-80.397559,43.215791],[-80.397841,43.216485],[-80.403742,43.215281],[-80.403123,43.21374],[-80.404325,43.213527],[-80.404292,43.213443],[-80.406101,43.213129],[-80.40598,43.212831],[-80.409001,43.212292],[-80.406829,43.206905],[-80.412815,43.205839],[-80.415847,43.20644],[-80.415943,43.206175],[-80.415585,43.205254],[-80.416044,43.202731],[-80.413467,43.203151],[-80.412994,43.201783],[-80.405207,43.203103],[-80.403851,43.200084],[-80.406298,43.199617],[-80.406262,43.199529],[-80.40637,43.199511],[-80.410559,43.200456],[-80.419399,43.198691],[-80.421297,43.196277],[-80.423418,43.195725],[-80.423361,43.195625],[-80.424178,43.195409],[-80.42475,43.195043],[-80.427378,43.194404],[-80.427252,43.194103],[-80.424227,43.194835],[-80.423915,43.194823],[-80.423485,43.194931],[-80.423438,43.19483],[-80.42133,43.195325],[-80.420511,43.193343],[-80.419952,43.193336],[-80.419526,43.192971],[-80.419263,43.192547],[-80.418734,43.19208],[-80.416707,43.192115],[-80.415777,43.193563],[-80.414861,43.194],[-80.414488,43.194392],[-80.414787,43.194738],[-80.414319,43.196326],[-80.413174,43.197267],[-80.412386,43.197488],[-80.411702,43.197542],[-80.411064,43.197467],[-80.408398,43.196433],[-80.40615,43.19441],[-80.40569,43.193579],[-80.405304,43.192664],[-80.405115,43.19192],[-80.400676,43.192944],[-80.400479,43.192498],[-80.400388,43.192993],[-80.400137,43.193496],[-80.399873,43.193563],[-80.39979,43.193435],[-80.399717,43.193468],[-80.399537,43.193126],[-80.399328,43.192406],[-80.399469,43.192088],[-80.399399,43.191865],[-80.399719,43.191547],[-80.39984,43.190966],[-80.399351,43.189871],[-80.397702,43.190129],[-80.396387,43.186212],[-80.405478,43.184648],[-80.406111,43.185128],[-80.406484,43.185248],[-80.407022,43.186514],[-80.407172,43.18794],[-80.407395,43.18883],[-80.407381,43.189189],[-80.407296,43.189394],[-80.406471,43.190041],[-80.406205,43.191617],[-80.40667,43.192982],[-80.406851,43.193078],[-80.407244,43.193115],[-80.407729,43.193041],[-80.408118,43.19288],[-80.408043,43.192679],[-80.408157,43.192453],[-80.408464,43.192219],[-80.409157,43.19203],[-80.410105,43.191117],[-80.411376,43.189427],[-80.411772,43.189034],[-80.41246,43.188062],[-80.412594,43.187682],[-80.412965,43.187207],[-80.413301,43.18688],[-80.413697,43.186671],[-80.4139,43.186398],[-80.414941,43.185671],[-80.415373,43.184838],[-80.416175,43.184049],[-80.415879,43.183862],[-80.416439,43.183862],[-80.417092,43.183452],[-80.417294,43.183617],[-80.417718,43.18334],[-80.418545,43.183133],[-80.418552,43.182679],[-80.419142,43.182564],[-80.419402,43.18242],[-80.419455,43.182285],[-80.421385,43.181966],[-80.421106,43.182715],[-80.421278,43.182886],[-80.423312,43.183387],[-80.424716,43.1835],[-80.425079,43.183447],[-80.425608,43.183569],[-80.426434,43.185568],[-80.435037,43.183649],[-80.435253,43.183483],[-80.435238,43.183384],[-80.436598,43.182998],[-80.435901,43.181441],[-80.435121,43.180249],[-80.434881,43.179983],[-80.434416,43.179786],[-80.436554,43.179428],[-80.435271,43.17628],[-80.437161,43.175992],[-80.437588,43.175095],[-80.438538,43.174939],[-80.437282,43.17359],[-80.436584,43.173354],[-80.435401,43.172197],[-80.433713,43.172453],[-80.433051,43.170826],[-80.43317,43.1708],[-80.432542,43.169443],[-80.423803,43.147953],[-80.42384,43.148357],[-80.421459,43.14248],[-80.412051,43.11814],[-80.416942,43.117759],[-80.416681,43.117221],[-80.417085,43.117152],[-80.416461,43.11559],[-80.41864,43.115186],[-80.417054,43.111315],[-80.409874,43.112447],[-80.407524,43.106817],[-80.407402,43.106834],[-80.407332,43.10667],[-80.40745,43.106643],[-80.407051,43.105727],[-80.402216,43.094743],[-80.402097,43.094762],[-80.397289,43.08285],[-80.396189,43.080327],[-80.385969,43.082015],[-80.386787,43.084076],[-80.375282,43.079744],[-80.375073,43.079872],[-80.344195,43.068432],[-80.34167,43.067705],[-80.341705,43.067508],[-80.341456,43.067362],[-80.329379,43.063153],[-80.321203,43.060116],[-80.321158,43.059125],[-80.319668,43.059389],[-80.319299,43.059395],[-80.318947,43.059225],[-80.318186,43.059332],[-80.318269,43.058961],[-80.318002,43.058867],[-80.317969,43.059003],[-80.316729,43.058794],[-80.316822,43.058451],[-80.309245,43.055783],[-80.306759,43.049323],[-80.30749,43.049206],[-80.307081,43.048186],[-80.309889,43.047738],[-80.307543,43.041695],[-80.303836,43.042274],[-80.303807,43.042208],[-80.296593,43.04338],[-80.29902,43.049659],[-80.294299,43.050413],[-80.29101,43.049007],[-80.291057,43.049132],[-80.290752,43.049003],[-80.289332,43.045279],[-80.286444,43.045572],[-80.286213,43.044988],[-80.282788,43.043772],[-80.283313,43.045161],[-80.281023,43.04546],[-80.272229,43.042292],[-80.27063,43.047854],[-80.259645,43.043921],[-80.260157,43.042106],[-80.254608,43.040088],[-80.255659,43.036223],[-80.254961,43.03597],[-80.254643,43.036585],[-80.254,43.036342],[-80.254312,43.035734],[-80.249967,43.034159],[-80.248812,43.037929],[-80.242457,43.035746],[-80.243547,43.034266],[-80.243861,43.034402],[-80.244634,43.033258],[-80.244813,43.033324],[-80.245274,43.032669],[-80.243204,43.031955],[-80.227343,43.055759],[-80.203994,43.091452],[-80.20251,43.090929],[-80.201563,43.09111],[-80.200964,43.091467],[-80.199391,43.093989],[-80.203547,43.095341],[-80.20525,43.095668],[-80.205654,43.095815],[-80.206817,43.096467],[-80.2069,43.096285],[-80.208854,43.097597],[-80.21051,43.098022],[-80.212195,43.098013],[-80.213449,43.097592],[-80.213475,43.097772],[-80.214185,43.097432],[-80.21566,43.09646],[-80.216296,43.095717],[-80.218133,43.09428],[-80.219197,43.093711],[-80.219913,43.093446],[-80.22112,43.093265],[-80.221685,43.093287],[-80.221821,43.093171],[-80.222152,43.093209],[-80.222782,43.092979],[-80.223348,43.092893],[-80.223933,43.092357],[-80.224464,43.092135],[-80.225819,43.091856],[-80.227688,43.091725],[-80.228132,43.091565],[-80.228684,43.091641],[-80.229116,43.091527],[-80.229129,43.091455],[-80.229019,43.0914],[-80.229167,43.091338],[-80.229992,43.091245],[-80.231294,43.091227],[-80.232707,43.091299],[-80.233896,43.09146],[-80.235281,43.091776],[-80.236527,43.092378],[-80.237307,43.092888],[-80.238183,43.093596],[-80.238812,43.094383],[-80.239304,43.09535],[-80.240426,43.097969],[-80.240883,43.099661],[-80.241028,43.09963],[-80.241794,43.101568],[-80.241984,43.101779],[-80.24181,43.102084],[-80.241883,43.102391],[-80.241784,43.103426],[-80.241594,43.103893],[-80.241131,43.104601],[-80.240519,43.105354],[-80.240023,43.105765],[-80.239157,43.106227],[-80.236987,43.106744],[-80.232853,43.107149],[-80.230599,43.107494],[-80.227898,43.108286],[-80.225398,43.10871],[-80.223972,43.108728],[-80.223417,43.108823],[-80.221726,43.109397],[-80.219054,43.110774],[-80.218031,43.111038],[-80.216135,43.111223],[-80.214716,43.111708],[-80.21401,43.112073],[-80.213501,43.112492],[-80.212901,43.113263],[-80.212346,43.114403],[-80.211881,43.116137],[-80.211655,43.116559],[-80.21067,43.117579],[-80.210175,43.117881],[-80.207528,43.119106],[-80.204915,43.120637],[-80.203972,43.121305],[-80.203411,43.121923],[-80.202329,43.122888],[-80.201377,43.124214],[-80.201161,43.124753],[-80.200433,43.125837],[-80.19963,43.128083],[-80.199553,43.129262],[-80.198869,43.131779],[-80.19876,43.133534],[-80.198794,43.134669],[-80.199564,43.13697],[-80.19958,43.137619],[-80.199406,43.138671],[-80.199492,43.140563],[-80.199791,43.141195],[-80.200336,43.141865],[-80.20006,43.142532],[-80.199141,43.141734],[-80.198416,43.142855],[-80.197896,43.142872],[-80.197313,43.141],[-80.197125,43.139408],[-80.192255,43.139299],[-80.191654,43.140639],[-80.181463,43.13607],[-80.179386,43.135491],[-80.17584,43.134937],[-80.176977,43.133307],[-80.175705,43.131265],[-80.175355,43.130926],[-80.172071,43.128697],[-80.170746,43.130245],[-80.171909,43.130623],[-80.170063,43.133359],[-80.167861,43.132665],[-80.165942,43.131822],[-80.16039,43.128765],[-80.16012,43.128718],[-80.158502,43.127894],[-80.158906,43.131499],[-80.158849,43.133059],[-80.158897,43.133902],[-80.158988,43.13407],[-80.155205,43.135586],[-80.154826,43.135275],[-80.154261,43.134965],[-80.153343,43.134634],[-80.152264,43.134381],[-80.152311,43.134472],[-80.15044,43.134122],[-80.147978,43.133824],[-80.144721,43.132672],[-80.144144,43.133561],[-80.142564,43.133982],[-80.14219,43.134348],[-80.142209,43.134726],[-80.142886,43.135786],[-80.128898,43.139388],[-80.124699,43.137747],[-80.119524,43.139093],[-80.118945,43.13917],[-80.118225,43.139136],[-80.109823,43.136202],[-80.109746,43.136376],[-80.10872,43.136006],[-80.108645,43.136118],[-80.107495,43.136172],[-80.106566,43.13635],[-80.10512,43.136913],[-80.104428,43.136801],[-80.104055,43.137659],[-80.103387,43.138436],[-80.102554,43.140313],[-80.102447,43.140287],[-80.101866,43.141595],[-80.101973,43.141621],[-80.100421,43.144991],[-80.099937,43.145614],[-80.099319,43.146189],[-80.098617,43.146683],[-80.097823,43.147103],[-80.096743,43.147484],[-80.077483,43.152525],[-80.069959,43.154385],[-80.069992,43.154312],[-80.05563,43.158013],[-80.079996,43.166952],[-80.085985,43.169287],[-80.125392,43.183343],[-80.123357,43.183868],[-80.125819,43.192177],[-80.127486,43.191561],[-80.132516,43.190176],[-80.131008,43.185234],[-80.132292,43.185702],[-80.132652,43.18543],[-80.134616,43.185892],[-80.136986,43.193832],[-80.137598,43.193747],[-80.137918,43.194808],[-80.147196,43.193259],[-80.146395,43.190851],[-80.146623,43.190927],[-80.146657,43.191036],[-80.151069,43.192589],[-80.151453,43.192523],[-80.155365,43.19386],[-80.156675,43.194379],[-80.156775,43.194617],[-80.161477,43.196288],[-80.161567,43.196208],[-80.164687,43.197324],[-80.164716,43.197426],[-80.181601,43.203544],[-80.187598,43.205811],[-80.189011,43.205426],[-80.189513,43.205027],[-80.190129,43.206778],[-80.193662,43.208151],[-80.193628,43.2082],[-80.194003,43.208345],[-80.193384,43.208862],[-80.193456,43.208908],[-80.189061,43.212578],[-80.194315,43.211695],[-80.194341,43.211775],[-80.195898,43.211516],[-80.197645,43.216967],[-80.202388,43.216082],[-80.203149,43.218252],[-80.20327,43.21823],[-80.203311,43.218347],[-80.203697,43.218267],[-80.204972,43.221511],[-80.20841,43.229466],[-80.210692,43.230105],[-80.211551,43.230057],[-80.209759,43.225504],[-80.212635,43.224642],[-80.212287,43.223672],[-80.211949,43.223146],[-80.211642,43.222437],[-80.210847,43.220189],[-80.212141,43.219986],[-80.211526,43.219303]],[[-79.798141,43.129107],[-79.815308,43.133093],[-79.822201,43.116704],[-79.802586,43.112697],[-79.796386,43.126913],[-79.798759,43.127411],[-79.798141,43.129107]],[[-80.652993,43.028275],[-80.652542,43.026821],[-80.653504,43.026648],[-80.653435,43.0264],[-80.653922,43.026312],[-80.654105,43.026067],[-80.654195,43.026057],[-80.659634,43.030269],[-80.661795,43.02992],[-80.660793,43.02631],[-80.658812,43.02661],[-80.658564,43.025728],[-80.65824,43.025592],[-80.657935,43.024505],[-80.658332,43.024445],[-80.657971,43.023159],[-80.658002,43.022909],[-80.658459,43.022839],[-80.658211,43.021981],[-80.659535,43.021765],[-80.657833,43.015562],[-80.652439,43.016295],[-80.652318,43.01586],[-80.651334,43.015997],[-80.651421,43.016316],[-80.651225,43.016555],[-80.646183,43.01738],[-80.645944,43.017121],[-80.645843,43.016788],[-80.644027,43.010186],[-80.639782,43.010838],[-80.640418,43.011525],[-80.639122,43.012007],[-80.638903,43.012561],[-80.638269,43.012666],[-80.641839,43.025627],[-80.639356,43.026052],[-80.640403,43.02988],[-80.639805,43.029995],[-80.640829,43.033656],[-80.652082,43.03159],[-80.651636,43.029926],[-80.653684,43.029544],[-80.653545,43.02905],[-80.654155,43.028941],[-80.65392,43.028104],[-80.652993,43.028275]],[[-81.128437,43.019457],[-81.12862,43.020366],[-81.129864,43.022589],[-81.126302,43.023607],[-81.134587,43.040318],[-81.12673,43.04273],[-81.131983,43.053323],[-81.139887,43.050954],[-81.139838,43.050857],[-81.147748,43.04855],[-81.150327,43.053726],[-81.15841,43.05127],[-81.158438,43.051327],[-81.166126,43.04914],[-81.168834,43.054553],[-81.169671,43.054823],[-81.17176,43.056063],[-81.17709,43.057949],[-81.179202,43.059166],[-81.181794,43.061429],[-81.18408,43.063167],[-81.185153,43.063759],[-81.192819,43.071728],[-81.193426,43.072426],[-81.193746,43.073055],[-81.228681,43.063004],[-81.285414,43.046282],[-81.369145,43.021867],[-81.362939,43.009936],[-81.362023,43.010204],[-81.359002,43.004389],[-81.358851,43.004433],[-81.352765,42.99282],[-81.352865,42.992791],[-81.347424,42.981798],[-81.347507,42.981824],[-81.347698,42.982242],[-81.347919,42.982417],[-81.348049,42.982921],[-81.348431,42.983662],[-81.349255,42.984673],[-81.349499,42.985104],[-81.350307,42.98593],[-81.350727,42.986181],[-81.351795,42.986552],[-81.352695,42.986765],[-81.353207,42.986804],[-81.353771,42.98673],[-81.354595,42.98639],[-81.355785,42.98617],[-81.358044,42.985344],[-81.358997,42.984818],[-81.361134,42.982988],[-81.362476,42.982844],[-81.363941,42.982529],[-81.364979,42.982116],[-81.366123,42.981437],[-81.369022,42.979375],[-81.369999,42.978588],[-81.370915,42.97763],[-81.371364,42.976346],[-81.371723,42.975908],[-81.372631,42.975193],[-81.37489,42.972764],[-81.376537,42.971286],[-81.378231,42.970483],[-81.380024,42.969779],[-81.381039,42.969664],[-81.381878,42.969467],[-81.383068,42.968932],[-81.384075,42.968014],[-81.385136,42.966795],[-81.386181,42.966121],[-81.387593,42.965549],[-81.38918,42.965093],[-81.390118,42.964014],[-81.390637,42.963174],[-81.390652,42.962855],[-81.390522,42.962455],[-81.390003,42.961452],[-81.389439,42.960909],[-81.388622,42.959579],[-81.388584,42.959327],[-81.388119,42.958573],[-81.387951,42.958091],[-81.387936,42.957033],[-81.388081,42.956128],[-81.388439,42.955199],[-81.389218,42.954287],[-81.384518,42.951808],[-81.380657,42.943325],[-81.381893,42.943086],[-81.372411,42.922453],[-81.359209,42.925538],[-81.356892,42.9192],[-81.359318,42.918621],[-81.35857,42.916601],[-81.354908,42.91695],[-81.354023,42.915233],[-81.347424,42.915658],[-81.344685,42.909395],[-81.348438,42.90851],[-81.341145,42.891507],[-81.335743,42.879303],[-81.332485,42.880101],[-81.330639,42.876247],[-81.325279,42.877522],[-81.325045,42.877017],[-81.313197,42.87991],[-81.312759,42.8789],[-81.300875,42.881782],[-81.299394,42.878322],[-81.305105,42.876894],[-81.303623,42.873376],[-81.297891,42.874745],[-81.285702,42.846056],[-81.279293,42.847657],[-81.283245,42.842726],[-81.287808,42.837221],[-81.290547,42.834414],[-81.292622,42.832522],[-81.301312,42.826128],[-81.300639,42.824524],[-81.298246,42.825122],[-81.298229,42.824975],[-81.303793,42.821843],[-81.305589,42.821343],[-81.301566,42.818255],[-81.290014,42.826383],[-81.288686,42.823483],[-81.288428,42.823488],[-81.285457,42.824254],[-81.285502,42.824347],[-81.282656,42.825058],[-81.28348,42.826843],[-81.289329,42.825454],[-81.29011,42.827157],[-81.263647,42.833811],[-81.264508,42.835438],[-81.243592,42.840508],[-81.243912,42.84125],[-81.238157,42.842702],[-81.238552,42.844279],[-81.238164,42.844339],[-81.238488,42.845395],[-81.233678,42.845805],[-81.23341,42.844719],[-81.230964,42.844921],[-81.230198,42.842016],[-81.215816,42.845501],[-81.164639,42.858249],[-81.164701,42.854649],[-81.157434,42.854496],[-81.157281,42.857867],[-81.157857,42.859963],[-81.136188,42.865384],[-81.114809,42.87063],[-81.114777,42.870527],[-81.110128,42.871678],[-81.110093,42.865587],[-81.104534,42.865557],[-81.104326,42.871564],[-81.106265,42.871616],[-81.106214,42.872647],[-81.099779,42.874191],[-81.099613,42.873828],[-81.098919,42.87401],[-81.099081,42.874363],[-81.096015,42.875068],[-81.096095,42.871522],[-81.092643,42.871428],[-81.089294,42.875406],[-81.08815,42.876352],[-81.086656,42.877294],[-81.086411,42.877315],[-81.085265,42.877793],[-81.084291,42.878085],[-81.079108,42.87925],[-81.082299,42.891643],[-81.089817,42.890616],[-81.089947,42.891143],[-81.104771,42.889703],[-81.105213,42.892692],[-81.119788,42.891087],[-81.124109,42.907156],[-81.126147,42.915392],[-81.125223,42.915478],[-81.126776,42.92164],[-81.134069,42.920912],[-81.135592,42.926936],[-81.125489,42.927796],[-81.107082,42.929543],[-81.108535,42.935325],[-81.110867,42.935105],[-81.115513,42.953289],[-81.116612,42.953211],[-81.118771,42.962322],[-81.122585,42.977168],[-81.123165,42.977161],[-81.123577,42.977363],[-81.124172,42.977394],[-81.123966,42.977714],[-81.124058,42.977799],[-81.124279,42.978556],[-81.124287,42.978871],[-81.124172,42.979146],[-81.124455,42.979397],[-81.126499,42.979863],[-81.129917,42.978158],[-81.131016,42.980489],[-81.13139,42.982105],[-81.130291,42.982714],[-81.130657,42.983488],[-81.130566,42.984127],[-81.130199,42.984713],[-81.127661,42.98468],[-81.124959,42.984781],[-81.121932,42.985243],[-81.118399,42.986221],[-81.120116,42.989705],[-81.120296,42.989472],[-81.120858,42.989258],[-81.121096,42.989052],[-81.121098,42.988819],[-81.121179,42.988732],[-81.121817,42.988775],[-81.122308,42.988925],[-81.122508,42.989415],[-81.122938,42.989456],[-81.123572,42.989745],[-81.124307,42.989616],[-81.125161,42.989276],[-81.125385,42.989061],[-81.125875,42.989017],[-81.126152,42.989174],[-81.126312,42.989435],[-81.126551,42.989568],[-81.126827,42.98995],[-81.127407,42.990173],[-81.127897,42.990114],[-81.128309,42.990926],[-81.12176,42.992891],[-81.124814,42.998812],[-81.114392,43.002011],[-81.115314,43.003694],[-81.116696,43.003863],[-81.117886,43.004398],[-81.118854,43.004973],[-81.120219,43.00533],[-81.127135,43.018674],[-81.128909,43.01814],[-81.129261,43.018947],[-81.128437,43.019457]],[[-80.61003,42.985804],[-80.609725,42.985665],[-80.609451,42.98467],[-80.609341,42.984687],[-80.608725,42.982454],[-80.609182,42.982383],[-80.607609,42.976828],[-80.604004,42.977364],[-80.60453,42.979231],[-80.601857,42.979643],[-80.601932,42.979907],[-80.600697,42.980086],[-80.600767,42.980327],[-80.594733,42.981174],[-80.594565,42.980569],[-80.592137,42.980939],[-80.591889,42.980058],[-80.590372,42.981083],[-80.589127,42.982085],[-80.588144,42.983014],[-80.586606,42.984697],[-80.58791,42.98915],[-80.59002,42.98886],[-80.591062,42.992489],[-80.592161,42.992323],[-80.593176,42.99585],[-80.597369,42.995205],[-80.597658,42.996175],[-80.598988,42.995973],[-80.598667,42.995009],[-80.599613,42.994866],[-80.599788,42.995469],[-80.600155,42.995414],[-80.600196,42.995557],[-80.601131,42.995399],[-80.600917,42.994668],[-80.605284,42.994026],[-80.605957,42.994123],[-80.606144,42.994766],[-80.608132,42.994435],[-80.60946,42.99897],[-80.608387,42.99915],[-80.60891,43.000947],[-80.611987,43.000431],[-80.610829,42.996352],[-80.611871,42.996175],[-80.611644,42.995397],[-80.612827,42.995262],[-80.613084,42.996177],[-80.617739,42.996172],[-80.617197,42.9943],[-80.613875,42.994288],[-80.613398,42.992494],[-80.611867,42.992125],[-80.61003,42.985804]],[[-80.609515,42.927691],[-80.609245,42.926712],[-80.60929,42.926566],[-80.60902,42.925683],[-80.609147,42.925427],[-80.609064,42.925118],[-80.609142,42.924774],[-80.609871,42.924091],[-80.61001,42.923674],[-80.613133,42.923233],[-80.613155,42.923318],[-80.614281,42.923184],[-80.614817,42.923207],[-80.615432,42.923564],[-80.615841,42.923511],[-80.615968,42.923606],[-80.616299,42.92362],[-80.616414,42.9235],[-80.616492,42.923655],[-80.617364,42.923821],[-80.615799,42.917896],[-80.611365,42.91853],[-80.610642,42.915867],[-80.611249,42.915857],[-80.612292,42.915436],[-80.61361,42.915876],[-80.613782,42.915605],[-80.614323,42.915468],[-80.614631,42.914958],[-80.614856,42.914834],[-80.616059,42.914477],[-80.616753,42.914617],[-80.616959,42.914588],[-80.616066,42.911254],[-80.603417,42.913128],[-80.60582,42.922263],[-80.603098,42.922641],[-80.60305,42.922465],[-80.602443,42.922544],[-80.601706,42.922655],[-80.601754,42.922831],[-80.599418,42.923179],[-80.599604,42.923867],[-80.599202,42.923926],[-80.599344,42.924451],[-80.599747,42.924392],[-80.599795,42.924569],[-80.59899,42.924687],[-80.599133,42.925214],[-80.599535,42.925155],[-80.599685,42.925706],[-80.599389,42.925938],[-80.600007,42.927906],[-80.599529,42.927981],[-80.599695,42.928557],[-80.599834,42.928535],[-80.600508,42.929068],[-80.600788,42.928935],[-80.601921,42.928749],[-80.602284,42.930127],[-80.605048,42.929709],[-80.605336,42.929939],[-80.605927,42.930014],[-80.606432,42.93018],[-80.60702,42.930189],[-80.607282,42.929991],[-80.60765,42.929974],[-80.607994,42.931373],[-80.608869,42.931247],[-80.608969,42.931601],[-80.614693,42.930969],[-80.614368,42.929811],[-80.61316,42.92953],[-80.6115,42.92952],[-80.611123,42.929369],[-80.610829,42.929106],[-80.610042,42.928756],[-80.609612,42.928603],[-80.609147,42.928572],[-80.609631,42.927837],[-80.609515,42.927691]],[[-80.757677,42.871565],[-80.757506,42.870636],[-80.755264,42.86278],[-80.755482,42.86275],[-80.751313,42.848024],[-80.757793,42.847076],[-80.758041,42.848005],[-80.760958,42.84758],[-80.760711,42.84665],[-80.76183,42.846485],[-80.759667,42.843629],[-80.761038,42.843055],[-80.761919,42.842806],[-80.761943,42.841158],[-80.758522,42.842118],[-80.744636,42.82396],[-80.741631,42.827797],[-80.738745,42.831278],[-80.735871,42.835035],[-80.732862,42.838557],[-80.729889,42.842281],[-80.729812,42.842179],[-80.729044,42.843124],[-80.728534,42.843198],[-80.72785,42.842858],[-80.726266,42.844005],[-80.727178,42.844403],[-80.726536,42.845144],[-80.727017,42.845774],[-80.724293,42.845964],[-80.723957,42.845526],[-80.724605,42.843952],[-80.723568,42.843711],[-80.72418,42.842187],[-80.721839,42.839139],[-80.71873,42.835363],[-80.714512,42.837163],[-80.711974,42.833829],[-80.710406,42.835862],[-80.712041,42.837966],[-80.709535,42.841191],[-80.708736,42.840181],[-80.70771,42.841567],[-80.706722,42.84273],[-80.705876,42.841809],[-80.700578,42.848514],[-80.70519,42.854549],[-80.701019,42.855147],[-80.705047,42.870085],[-80.711926,42.869066],[-80.711987,42.869248],[-80.712849,42.869723],[-80.713527,42.869959],[-80.714413,42.870123],[-80.715572,42.870135],[-80.718022,42.869774],[-80.722162,42.884988],[-80.72319,42.889109],[-80.761007,42.883796],[-80.757677,42.871565]],[[-81.85907,42.820238],[-81.859269,42.820462],[-81.859435,42.821001],[-81.862091,42.821115],[-81.862121,42.830786],[-81.862328,42.830785],[-81.862359,42.827949],[-81.863119,42.827937],[-81.864275,42.827728],[-81.866723,42.827718],[-81.866738,42.826727],[-81.86971,42.826743],[-81.86973,42.830451],[-81.869616,42.830762],[-81.873702,42.830746],[-81.873641,42.824639],[-81.877372,42.824629],[-81.87734,42.82154],[-81.874164,42.821565],[-81.874136,42.819121],[-81.874052,42.81894],[-81.874049,42.818565],[-81.873703,42.818567],[-81.8737,42.817985],[-81.877241,42.817966],[-81.877268,42.812482],[-81.871437,42.81247],[-81.871447,42.81427],[-81.870024,42.814281],[-81.870014,42.812474],[-81.851824,42.81252],[-81.852098,42.81347],[-81.852623,42.813982],[-81.853441,42.814187],[-81.854732,42.8143],[-81.856012,42.814645],[-81.856842,42.814761],[-81.858023,42.815248],[-81.85852,42.815683],[-81.858471,42.815812],[-81.85859,42.815958],[-81.858457,42.816016],[-81.85847,42.816423],[-81.858857,42.816286],[-81.858822,42.81644],[-81.8587,42.816494],[-81.858644,42.816828],[-81.858292,42.817029],[-81.857815,42.817014],[-81.857733,42.81733],[-81.857799,42.817645],[-81.858099,42.818129],[-81.858421,42.818406],[-81.858424,42.818586],[-81.858292,42.818767],[-81.857878,42.818905],[-81.857405,42.819242],[-81.857289,42.819657],[-81.857613,42.820087],[-81.858309,42.820046],[-81.85907,42.820238]],[[-82.116093,42.887459],[-82.123694,42.887614],[-82.123527,42.894994],[-82.124623,42.895028],[-82.124563,42.896912],[-82.123926,42.897171],[-82.123469,42.897515],[-82.123417,42.899798],[-82.145791,42.900298],[-82.145976,42.894207],[-82.160725,42.894586],[-82.161194,42.882327],[-82.16132,42.882334],[-82.161366,42.880636],[-82.162381,42.880653],[-82.162396,42.88013],[-82.163815,42.880143],[-82.163838,42.879459],[-82.161648,42.879436],[-82.161755,42.876269],[-82.161449,42.876264],[-82.161636,42.870102],[-82.139196,42.869499],[-82.116708,42.869002],[-82.116304,42.879808],[-82.117412,42.879829],[-82.117357,42.881141],[-82.116249,42.881139],[-82.116177,42.88141],[-82.116093,42.887459]],[[-81.47947,42.895306],[-81.47425,42.899061],[-81.484303,42.906591],[-81.484149,42.906764],[-81.484526,42.907044],[-81.483854,42.907417],[-81.484541,42.90797],[-81.485173,42.90755],[-81.485814,42.9081],[-81.480685,42.911805],[-81.483362,42.913918],[-81.488143,42.910415],[-81.491317,42.912789],[-81.491919,42.912353],[-81.492144,42.912523],[-81.491007,42.913339],[-81.491505,42.913737],[-81.491173,42.913977],[-81.490676,42.913579],[-81.48877,42.914961],[-81.489509,42.915502],[-81.487623,42.916896],[-81.492529,42.920548],[-81.498091,42.916525],[-81.500981,42.91867],[-81.50614,42.914913],[-81.506392,42.91497],[-81.506554,42.914587],[-81.507153,42.914659],[-81.508149,42.912921],[-81.504626,42.911813],[-81.508768,42.908804],[-81.507178,42.907882],[-81.506556,42.90743],[-81.505724,42.908032],[-81.505152,42.907617],[-81.505984,42.907014],[-81.496701,42.900243],[-81.496796,42.900175],[-81.490672,42.895626],[-81.487056,42.898235],[-81.487546,42.898597],[-81.487575,42.898715],[-81.48581,42.899986],[-81.47947,42.895306]],[[-82.436953,42.917317],[-82.436997,42.912436],[-82.416929,42.912268],[-82.416883,42.916857],[-82.436953,42.917317]],[[-81.612038,42.945471],[-81.611923,42.945553],[-81.612376,42.945884],[-81.600713,42.954408],[-81.601569,42.955036],[-81.601098,42.955385],[-81.600233,42.954756],[-81.593448,42.959653],[-81.599247,42.963933],[-81.598849,42.964228],[-81.601485,42.966168],[-81.601614,42.96696],[-81.603015,42.967991],[-81.604622,42.967194],[-81.604823,42.967435],[-81.605292,42.968352],[-81.600487,42.971882],[-81.600462,42.992045],[-81.623071,42.992007],[-81.626813,42.991929],[-81.626879,42.973973],[-81.628768,42.973997],[-81.628802,42.971525],[-81.628631,42.971523],[-81.628728,42.968975],[-81.628619,42.967985],[-81.634745,42.96793],[-81.634747,42.967465],[-81.636729,42.967458],[-81.63673,42.967851],[-81.649601,42.967829],[-81.64966,42.959337],[-81.648041,42.959335],[-81.647808,42.958587],[-81.647759,42.957549],[-81.648079,42.956979],[-81.647351,42.956968],[-81.647345,42.957935],[-81.647193,42.958102],[-81.646957,42.958082],[-81.646862,42.957985],[-81.64687,42.957866],[-81.6471,42.957726],[-81.647114,42.955675],[-81.645969,42.955673],[-81.646052,42.943291],[-81.639367,42.943274],[-81.635414,42.946163],[-81.634891,42.945771],[-81.634097,42.946346],[-81.634617,42.946737],[-81.634005,42.947179],[-81.633642,42.946907],[-81.633502,42.946928],[-81.628301,42.942955],[-81.629514,42.942134],[-81.62886,42.941785],[-81.628665,42.94144],[-81.628322,42.9413],[-81.627535,42.941227],[-81.626952,42.941797],[-81.625812,42.940924],[-81.625923,42.940845],[-81.622695,42.938436],[-81.612778,42.945601],[-81.612161,42.94515],[-81.612453,42.944938],[-81.612174,42.944734],[-81.6116,42.945151],[-81.612038,42.945471]],[[-81.866724,42.943459],[-81.866649,42.955533],[-81.871368,42.955513],[-81.871417,42.945782],[-81.872401,42.945792],[-81.8724,42.945861],[-81.872276,42.945862],[-81.872285,42.946498],[-81.872391,42.9465],[-81.872309,42.955463],[-81.89488,42.955415],[-81.894925,42.945997],[-81.89506,42.943317],[-81.866724,42.943459]],[[-81.006614,43.049289],[-80.998722,43.051778],[-80.996847,43.048345],[-80.995378,43.048777],[-80.994852,43.048812],[-80.994667,43.046764],[-80.994487,43.04682],[-80.994423,43.047021],[-80.99454,43.047199],[-80.994477,43.04734],[-80.994544,43.047299],[-80.994619,43.047385],[-80.994506,43.047604],[-80.994558,43.047782],[-80.994313,43.047657],[-80.994507,43.047444],[-80.994389,43.047345],[-80.994388,43.047213],[-80.994296,43.047311],[-80.994245,43.048059],[-80.994444,43.048518],[-80.994571,43.048488],[-80.994747,43.048827],[-80.994625,43.049225],[-80.99431,43.049561],[-80.994145,43.04958],[-80.994283,43.049422],[-80.993903,43.049339],[-80.993643,43.049435],[-80.993355,43.049686],[-80.993143,43.050048],[-80.993249,43.050555],[-80.993188,43.050902],[-80.99295,43.051223],[-80.992456,43.05155],[-80.992241,43.051922],[-80.993097,43.053697],[-80.991637,43.054137],[-80.992161,43.054873],[-80.992597,43.055282],[-80.993149,43.055988],[-80.993683,43.057475],[-80.993944,43.057766],[-80.993889,43.057931],[-80.994043,43.058045],[-80.993901,43.05809],[-80.994091,43.058526],[-80.994529,43.058917],[-80.994932,43.058779],[-80.994806,43.058398],[-80.995429,43.058216],[-80.995625,43.058575],[-80.995857,43.058502],[-80.996002,43.058787],[-80.995952,43.058902],[-80.995815,43.058943],[-80.996162,43.059636],[-80.996053,43.059671],[-80.996142,43.059843],[-80.996245,43.05981],[-80.996334,43.05998],[-80.996558,43.059911],[-80.997506,43.061589],[-80.999011,43.063744],[-81.008262,43.060815],[-81.005759,43.056071],[-81.009516,43.054901],[-81.006614,43.049289]],[[-80.902587,43.033188],[-80.90208,43.032761],[-80.903866,43.03209],[-80.90485,43.031632],[-80.905849,43.030541],[-80.907795,43.027776],[-80.908309,43.027398],[-80.897541,43.019033],[-80.894192,43.021308],[-80.880772,43.010862],[-80.878292,43.012418],[-80.87817,43.01511],[-80.87785,43.015101],[-80.877598,43.01488],[-80.87701,43.014807],[-80.875957,43.014288],[-80.875378,43.014252],[-80.871034,43.017014],[-80.873613,43.018782],[-80.882096,43.02555],[-80.875394,43.030074],[-80.87501,43.029594],[-80.872329,43.03149],[-80.872821,43.031884],[-80.871531,43.032838],[-80.871015,43.032415],[-80.869306,43.034269],[-80.864908,43.030943],[-80.865572,43.030471],[-80.86372,43.02907],[-80.860782,43.031146],[-80.861979,43.03206],[-80.861155,43.032614],[-80.861492,43.032873],[-80.862316,43.032316],[-80.864326,43.033849],[-80.863866,43.034154],[-80.864217,43.034422],[-80.863818,43.034683],[-80.863915,43.034802],[-80.864122,43.034965],[-80.86478,43.034519],[-80.865802,43.035306],[-80.865478,43.035527],[-80.865815,43.035792],[-80.865476,43.036024],[-80.865642,43.036158],[-80.866084,43.035855],[-80.866555,43.036172],[-80.867065,43.036043],[-80.866182,43.036648],[-80.865882,43.036736],[-80.865479,43.036419],[-80.864079,43.036926],[-80.861539,43.034944],[-80.860256,43.035857],[-80.858882,43.034833],[-80.856953,43.036196],[-80.855369,43.035009],[-80.853324,43.03645],[-80.856212,43.038667],[-80.853352,43.040655],[-80.851235,43.038995],[-80.850495,43.039463],[-80.849899,43.039957],[-80.855227,43.044123],[-80.85662,43.043178],[-80.862574,43.047947],[-80.866302,43.04544],[-80.86639,43.045511],[-80.866741,43.045273],[-80.870991,43.048659],[-80.873137,43.046962],[-80.873348,43.047073],[-80.873737,43.04801],[-80.875218,43.050253],[-80.877094,43.048527],[-80.87791,43.047894],[-80.880229,43.052677],[-80.90817,43.044619],[-80.902587,43.033188]],[[-80.83769,43.082346],[-80.836679,43.083362],[-80.835666,43.082804],[-80.835421,43.082747],[-80.834162,43.083911],[-80.830664,43.08117],[-80.829706,43.08187],[-80.830462,43.082461],[-80.830771,43.08224],[-80.830463,43.082],[-80.830946,43.081655],[-80.834553,43.084486],[-80.83207,43.086238],[-80.832152,43.0863],[-80.831912,43.086492],[-80.829309,43.088131],[-80.823894,43.091866],[-80.823111,43.091279],[-80.822224,43.091897],[-80.820776,43.090813],[-80.818992,43.092039],[-80.820411,43.093123],[-80.819069,43.094071],[-80.820365,43.095042],[-80.818475,43.096263],[-80.81988,43.097335],[-80.820066,43.097216],[-80.820555,43.097628],[-80.821903,43.096574],[-80.822269,43.096433],[-80.822747,43.096402],[-80.824491,43.099766],[-80.830381,43.095621],[-80.83191,43.098487],[-80.835693,43.097257],[-80.836942,43.097148],[-80.837259,43.096822],[-80.837672,43.096973],[-80.838429,43.096729],[-80.838562,43.096556],[-80.837283,43.094665],[-80.838376,43.09433],[-80.837793,43.093855],[-80.850712,43.089941],[-80.847494,43.08342],[-80.84659,43.081887],[-80.846362,43.081638],[-80.84626,43.081761],[-80.846049,43.081488],[-80.84131,43.087024],[-80.840649,43.087709],[-80.838919,43.089198],[-80.835207,43.091832],[-80.833412,43.090279],[-80.833012,43.088991],[-80.836295,43.086231],[-80.837469,43.085069],[-80.841412,43.080164],[-80.842086,43.079155],[-80.840483,43.078611],[-80.839987,43.079453],[-80.837429,43.077423],[-80.836654,43.077935],[-80.838076,43.079032],[-80.837001,43.080852],[-80.837017,43.081019],[-80.836681,43.081573],[-80.83769,43.082346]],[[-80.439914,43.095266],[-80.438927,43.092977],[-80.436341,43.09343],[-80.436167,43.093001],[-80.433615,43.093369],[-80.433491,43.09296],[-80.433309,43.092832],[-80.433538,43.092657],[-80.433452,43.092469],[-80.432282,43.093354],[-80.43135,43.090191],[-80.421927,43.091697],[-80.422944,43.093927],[-80.423785,43.093796],[-80.424973,43.096461],[-80.423271,43.096743],[-80.423666,43.09773],[-80.423351,43.097951],[-80.423493,43.098114],[-80.421765,43.098389],[-80.423736,43.103074],[-80.42322,43.103155],[-80.423298,43.103532],[-80.422169,43.103714],[-80.422023,43.103204],[-80.42183,43.103235],[-80.421794,43.103106],[-80.421489,43.103156],[-80.421669,43.10379],[-80.420795,43.103931],[-80.420415,43.102595],[-80.416813,43.103248],[-80.417244,43.104263],[-80.415696,43.104554],[-80.416001,43.105264],[-80.415645,43.105321],[-80.415203,43.104295],[-80.414778,43.1044],[-80.415196,43.105394],[-80.414189,43.105556],[-80.413921,43.105002],[-80.413587,43.105081],[-80.413821,43.105615],[-80.412163,43.105881],[-80.412553,43.106934],[-80.412765,43.1069],[-80.413045,43.107783],[-80.415369,43.1074],[-80.415615,43.108016],[-80.415097,43.108103],[-80.415429,43.10885],[-80.415941,43.108764],[-80.416103,43.10916],[-80.419695,43.108607],[-80.418543,43.105696],[-80.419157,43.105597],[-80.418949,43.10507],[-80.419468,43.104987],[-80.419602,43.105315],[-80.42015,43.105227],[-80.420016,43.104898],[-80.421482,43.104662],[-80.421693,43.105182],[-80.42213,43.105093],[-80.424372,43.110523],[-80.43152,43.109308],[-80.433311,43.113878],[-80.436404,43.113479],[-80.43683,43.114643],[-80.437876,43.114509],[-80.439487,43.114545],[-80.441279,43.114281],[-80.439841,43.110774],[-80.440213,43.110715],[-80.439886,43.109659],[-80.440759,43.108893],[-80.43898,43.107138],[-80.439258,43.106897],[-80.439809,43.106837],[-80.440302,43.106677],[-80.442871,43.106626],[-80.443809,43.106217],[-80.444082,43.105912],[-80.44373,43.105388],[-80.443805,43.105208],[-80.444028,43.105047],[-80.443712,43.104667],[-80.443617,43.104334],[-80.444812,43.103809],[-80.444445,43.102913],[-80.444105,43.102979],[-80.44361,43.101718],[-80.443903,43.101662],[-80.44334,43.100396],[-80.44217,43.100585],[-80.441106,43.097928],[-80.437661,43.098478],[-80.437267,43.097646],[-80.439675,43.097246],[-80.438882,43.095306],[-80.439914,43.095266]],[[-80.889809,43.151879],[-80.889754,43.151769],[-80.892156,43.15102],[-80.892959,43.150406],[-80.894253,43.149954],[-80.894264,43.148708],[-80.893806,43.146002],[-80.893376,43.145129],[-80.892335,43.143836],[-80.886816,43.145584],[-80.887285,43.146534],[-80.883411,43.147774],[-80.882997,43.14691],[-80.878996,43.148091],[-80.88203,43.154213],[-80.889809,43.151879]],[[-80.909757,43.151308],[-80.910024,43.151774],[-80.908936,43.152107],[-80.908363,43.152104],[-80.907405,43.150186],[-80.903248,43.151445],[-80.903361,43.151645],[-80.903129,43.151716],[-80.902988,43.151466],[-80.900732,43.15215],[-80.900777,43.152236],[-80.899625,43.15258],[-80.899349,43.152551],[-80.899184,43.15221],[-80.898722,43.15234],[-80.898944,43.152947],[-80.898654,43.153029],[-80.898936,43.153613],[-80.898828,43.153645],[-80.898699,43.153539],[-80.897593,43.153871],[-80.897251,43.153193],[-80.894549,43.153973],[-80.895342,43.154287],[-80.895513,43.154468],[-80.895556,43.155408],[-80.894783,43.155797],[-80.894751,43.155731],[-80.894271,43.155878],[-80.894544,43.156269],[-80.89426,43.156356],[-80.894374,43.156559],[-80.894627,43.156761],[-80.89631,43.157762],[-80.896863,43.158396],[-80.897086,43.158806],[-80.896139,43.159103],[-80.896343,43.159632],[-80.897502,43.159968],[-80.897882,43.160294],[-80.89788,43.160102],[-80.899443,43.160249],[-80.900643,43.159869],[-80.900441,43.159474],[-80.900649,43.159367],[-80.90061,43.15929],[-80.900705,43.159227],[-80.902404,43.1587],[-80.902678,43.158505],[-80.903166,43.158376],[-80.903307,43.158655],[-80.904841,43.158251],[-80.904611,43.158156],[-80.904951,43.157889],[-80.90484,43.157792],[-80.905039,43.157686],[-80.905343,43.157903],[-80.905866,43.157748],[-80.9061,43.157824],[-80.906273,43.157751],[-80.906703,43.158667],[-80.911,43.157406],[-80.912007,43.157267],[-80.918862,43.155203],[-80.916625,43.15066],[-80.910637,43.152487],[-80.910311,43.151882],[-80.915739,43.150219],[-80.915443,43.149566],[-80.911379,43.150811],[-80.911645,43.151277],[-80.911418,43.151347],[-80.911152,43.150881],[-80.909757,43.151308]],[[-81.679504,43.167736],[-81.679415,43.168028],[-81.680007,43.168599],[-81.680172,43.168546],[-81.680219,43.168373],[-81.681514,43.16853],[-81.682891,43.16905],[-81.682647,43.17028],[-81.682918,43.171633],[-81.691304,43.173024],[-81.693539,43.165666],[-81.69385,43.165716],[-81.694075,43.165044],[-81.694551,43.165121],[-81.694741,43.164499],[-81.694265,43.16442],[-81.694342,43.164169],[-81.694013,43.164115],[-81.695832,43.158186],[-81.693903,43.157866],[-81.694181,43.156942],[-81.691465,43.156501],[-81.692173,43.15421],[-81.683097,43.152789],[-81.682471,43.154848],[-81.681254,43.154647],[-81.680511,43.157028],[-81.675639,43.15625],[-81.67318,43.164497],[-81.679347,43.165536],[-81.68051,43.167871],[-81.679504,43.167736]],[[-80.825257,43.319449],[-80.822086,43.320446],[-80.823533,43.323066],[-80.823016,43.32323],[-80.823228,43.323613],[-80.820652,43.324417],[-80.821446,43.325782],[-80.823418,43.32514],[-80.823476,43.328443],[-80.826078,43.328415],[-80.826182,43.332552],[-80.8306,43.332574],[-80.830591,43.331888],[-80.831155,43.33189],[-80.831523,43.331744],[-80.83695,43.331812],[-80.836944,43.331496],[-80.837528,43.331497],[-80.837479,43.328661],[-80.839346,43.328636],[-80.839226,43.323581],[-80.843241,43.323597],[-80.846343,43.32454],[-80.846334,43.320616],[-80.847673,43.320583],[-80.846543,43.317855],[-80.844924,43.318346],[-80.844019,43.316349],[-80.84395,43.316371],[-80.843409,43.315238],[-80.843816,43.314812],[-80.842805,43.314297],[-80.842379,43.314264],[-80.843604,43.312981],[-80.843274,43.312345],[-80.843524,43.312264],[-80.843585,43.312382],[-80.843799,43.312157],[-80.843357,43.311311],[-80.835839,43.313718],[-80.83505,43.312245],[-80.833285,43.312667],[-80.831079,43.309068],[-80.825656,43.31074],[-80.825601,43.310639],[-80.824475,43.311013],[-80.825724,43.313307],[-80.821916,43.314515],[-80.823514,43.317481],[-80.823623,43.317514],[-80.823546,43.317539],[-80.824348,43.317781],[-80.825257,43.319449]],[[-81.003019,43.337405],[-80.999443,43.341719],[-81.001093,43.34246],[-81.000044,43.343698],[-81.000802,43.345043],[-80.997498,43.348949],[-80.991013,43.346041],[-80.988448,43.349071],[-80.991552,43.350499],[-80.97246,43.350103],[-80.972444,43.350421],[-80.971109,43.350393],[-80.970924,43.350075],[-80.970034,43.350281],[-80.969926,43.349996],[-80.969323,43.350067],[-80.952984,43.349736],[-80.952971,43.352644],[-80.953253,43.360689],[-80.955112,43.36174],[-80.952784,43.361708],[-80.952871,43.364177],[-80.950665,43.36427],[-80.948473,43.364529],[-80.94682,43.36484],[-80.94289,43.365755],[-80.939727,43.366298],[-80.937913,43.366527],[-80.938021,43.374246],[-80.94304,43.374311],[-80.943021,43.376093],[-80.945449,43.376089],[-80.945547,43.389163],[-80.952955,43.389266],[-80.953057,43.39379],[-80.963749,43.393938],[-80.964108,43.393495],[-80.964176,43.390884],[-80.966277,43.390923],[-80.966603,43.391022],[-80.963662,43.394705],[-80.96342,43.395584],[-80.967184,43.397271],[-80.972283,43.390997],[-80.971387,43.390589],[-80.972791,43.388903],[-80.990798,43.396915],[-80.990926,43.39676],[-80.995336,43.398778],[-80.995376,43.398737],[-80.99958,43.400714],[-81.007752,43.390956],[-81.012692,43.385222],[-81.008391,43.383287],[-81.015152,43.375361],[-81.012804,43.374307],[-81.013249,43.374023],[-81.013584,43.373305],[-81.014417,43.372888],[-81.012185,43.371885],[-81.014772,43.368847],[-81.015507,43.369177],[-81.016726,43.367734],[-81.016116,43.36746],[-81.017461,43.365964],[-81.017719,43.365921],[-81.018025,43.365561],[-81.017936,43.36552],[-81.01788,43.36533],[-81.017457,43.365135],[-81.017195,43.365177],[-81.015377,43.364351],[-81.015294,43.364449],[-81.013213,43.363449],[-81.026284,43.348025],[-81.022035,43.346083],[-81.022101,43.346004],[-81.0194,43.344779],[-81.029379,43.338304],[-81.017701,43.333046],[-81.016796,43.334128],[-81.015193,43.333406],[-81.009607,43.340089],[-81.009669,43.340278],[-81.009616,43.340342],[-81.003019,43.337405]],[[-81.630373,43.353857],[-81.636853,43.353211],[-81.63613,43.349615],[-81.642288,43.348994],[-81.640075,43.337899],[-81.64634,43.337227],[-81.645933,43.335432],[-81.633253,43.336807],[-81.633705,43.33888],[-81.630777,43.339199],[-81.630723,43.33889],[-81.627338,43.339251],[-81.630373,43.353857]],[[-81.624949,43.424912],[-81.625172,43.426173],[-81.624706,43.426222],[-81.624816,43.426749],[-81.626125,43.426636],[-81.6259,43.42555],[-81.628134,43.425312],[-81.627982,43.424579],[-81.631914,43.424161],[-81.631265,43.420928],[-81.63151,43.420901],[-81.631408,43.420316],[-81.637369,43.419679],[-81.636627,43.41608],[-81.61782,43.418113],[-81.618189,43.419947],[-81.616823,43.419438],[-81.617309,43.421823],[-81.616831,43.421874],[-81.617606,43.425684],[-81.624949,43.424912]],[[-81.496895,43.427247],[-81.498232,43.433749],[-81.497356,43.433847],[-81.497503,43.434564],[-81.496753,43.434647],[-81.497507,43.438431],[-81.499591,43.4382],[-81.499727,43.438875],[-81.501595,43.438676],[-81.501728,43.439409],[-81.499875,43.439605],[-81.50002,43.440315],[-81.500727,43.440212],[-81.500895,43.440972],[-81.500176,43.44108],[-81.500321,43.441809],[-81.512606,43.440439],[-81.511874,43.436871],[-81.511985,43.436858],[-81.51173,43.435613],[-81.511618,43.435626],[-81.511113,43.433063],[-81.512012,43.432964],[-81.511872,43.432239],[-81.510958,43.432333],[-81.509615,43.425775],[-81.496895,43.427247]],[[-81.172839,43.469817],[-81.177109,43.471757],[-81.17833,43.470307],[-81.192623,43.476581],[-81.192194,43.477099],[-81.193735,43.477787],[-81.194172,43.477264],[-81.196038,43.478066],[-81.195913,43.478416],[-81.195291,43.479149],[-81.194896,43.479207],[-81.194595,43.479446],[-81.194036,43.480153],[-81.193787,43.480662],[-81.193291,43.48085],[-81.192888,43.481463],[-81.192254,43.481959],[-81.191671,43.482253],[-81.191433,43.482606],[-81.192012,43.482831],[-81.192745,43.483595],[-81.193364,43.484028],[-81.193598,43.484291],[-81.193198,43.484148],[-81.194557,43.48626],[-81.198494,43.481555],[-81.198833,43.481704],[-81.199038,43.481458],[-81.200832,43.482253],[-81.202128,43.480707],[-81.208469,43.483559],[-81.218764,43.47138],[-81.216681,43.470476],[-81.219539,43.467018],[-81.205333,43.460782],[-81.205316,43.460973],[-81.205168,43.460766],[-81.204439,43.46055],[-81.204537,43.460433],[-81.202435,43.459511],[-81.202613,43.459385],[-81.202468,43.459321],[-81.202969,43.458679],[-81.204432,43.457449],[-81.20545,43.456799],[-81.205781,43.456281],[-81.205879,43.455551],[-81.205841,43.455447],[-81.199182,43.4525],[-81.200848,43.45056],[-81.196589,43.448679],[-81.191634,43.454424],[-81.191684,43.454574],[-81.191607,43.45454],[-81.191484,43.454689],[-81.188981,43.453573],[-81.186307,43.456798],[-81.184445,43.455979],[-81.172839,43.469817]],[[-81.282673,43.505495],[-81.282871,43.505581],[-81.282445,43.506099],[-81.283085,43.506378],[-81.283223,43.506211],[-81.283989,43.506596],[-81.284343,43.50663],[-81.287514,43.508011],[-81.287776,43.507699],[-81.287883,43.507746],[-81.288311,43.507234],[-81.287874,43.507044],[-81.288118,43.506753],[-81.287961,43.506688],[-81.288027,43.506611],[-81.28716,43.506254],[-81.289815,43.503113],[-81.289347,43.5029],[-81.289902,43.502399],[-81.286565,43.500911],[-81.285213,43.502465],[-81.285024,43.502384],[-81.284413,43.503056],[-81.284634,43.503151],[-81.282673,43.505495]],[[-81.393687,43.547753],[-81.393458,43.547865],[-81.388104,43.545533],[-81.385331,43.548783],[-81.384732,43.548511],[-81.3842,43.549134],[-81.383921,43.549492],[-81.384528,43.549755],[-81.377886,43.55751],[-81.382262,43.559401],[-81.385452,43.555676],[-81.38668,43.556181],[-81.386903,43.556455],[-81.387575,43.55673],[-81.387133,43.557251],[-81.387259,43.557304],[-81.385001,43.559926],[-81.386887,43.560771],[-81.387137,43.560998],[-81.386827,43.561365],[-81.395442,43.565068],[-81.406155,43.552366],[-81.404011,43.55143],[-81.405455,43.549672],[-81.405623,43.549743],[-81.406675,43.54851],[-81.395589,43.54366],[-81.392921,43.546807],[-81.394087,43.547319],[-81.393687,43.547753]],[[-81.532701,43.608208],[-81.531785,43.608128],[-81.52852,43.612111],[-81.527994,43.61266],[-81.528292,43.612784],[-81.528564,43.612454],[-81.528854,43.61258],[-81.528586,43.612906],[-81.530067,43.613523],[-81.529081,43.614741],[-81.529295,43.614834],[-81.527924,43.616502],[-81.529948,43.617379],[-81.52607,43.621935],[-81.539226,43.627559],[-81.539557,43.627165],[-81.539649,43.627194],[-81.539678,43.628464],[-81.539286,43.628294],[-81.539051,43.628573],[-81.539687,43.628849],[-81.539763,43.632366],[-81.541946,43.632463],[-81.546058,43.632911],[-81.546687,43.633254],[-81.551193,43.633251],[-81.55127,43.632758],[-81.551259,43.631548],[-81.55088,43.629652],[-81.547786,43.62964],[-81.54781,43.625987],[-81.550282,43.625997],[-81.550165,43.620821],[-81.55021,43.609467],[-81.547313,43.60943],[-81.547078,43.608304],[-81.546754,43.607661],[-81.546451,43.606309],[-81.543472,43.608681],[-81.539706,43.60631],[-81.539676,43.604574],[-81.534943,43.60528],[-81.534771,43.605461],[-81.534237,43.605593],[-81.533947,43.605792],[-81.534454,43.606801],[-81.533887,43.606952],[-81.533465,43.606113],[-81.533705,43.605825],[-81.533024,43.605919],[-81.532701,43.608208]],[[-82.399699,42.92967],[-82.396683,42.929609],[-82.396673,42.930381],[-82.394519,42.930329],[-82.394542,42.927997],[-82.391406,42.92798],[-82.391384,42.930254],[-82.390142,42.930224],[-82.390104,42.933208],[-82.396094,42.933352],[-82.396884,42.933131],[-82.399194,42.933182],[-82.399274,42.930529],[-82.399699,42.92967]],[[-81.18456,42.799545],[-81.184559,42.799046],[-81.185212,42.799047],[-81.18521,42.799617],[-81.187706,42.799696],[-81.187719,42.797586],[-81.188276,42.797753],[-81.189113,42.79862],[-81.189326,42.798742],[-81.189896,42.798833],[-81.190207,42.798745],[-81.190279,42.798281],[-81.190164,42.797593],[-81.189958,42.797325],[-81.18967,42.796432],[-81.189588,42.795647],[-81.189641,42.795476],[-81.189547,42.795012],[-81.189592,42.794842],[-81.188205,42.793907],[-81.186734,42.792055],[-81.1867,42.791576],[-81.186812,42.791488],[-81.187196,42.791444],[-81.189019,42.791616],[-81.189404,42.791757],[-81.189643,42.791757],[-81.191213,42.791564],[-81.191457,42.791456],[-81.191734,42.791012],[-81.192197,42.790581],[-81.192487,42.789961],[-81.192709,42.78897],[-81.192549,42.788858],[-81.192754,42.788633],[-81.192727,42.788452],[-81.192892,42.788272],[-81.193673,42.787821],[-81.19413,42.787738],[-81.194739,42.787795],[-81.195052,42.788068],[-81.195436,42.788023],[-81.195481,42.787691],[-81.195176,42.787438],[-81.194764,42.787239],[-81.194512,42.78722],[-81.194247,42.78701],[-81.194193,42.786752],[-81.194292,42.786688],[-81.196876,42.786649],[-81.198943,42.786368],[-81.199637,42.78602],[-81.200416,42.785233],[-81.200562,42.785213],[-81.200615,42.78511],[-81.201442,42.784631],[-81.202143,42.784424],[-81.202806,42.784477],[-81.203833,42.784382],[-81.204295,42.783981],[-81.205772,42.783754],[-81.205904,42.783661],[-81.205831,42.783554],[-81.204901,42.78278],[-81.203668,42.782567],[-81.203508,42.782494],[-81.203388,42.782164],[-81.203754,42.782189],[-81.203889,42.781725],[-81.205261,42.782132],[-81.20564,42.781826],[-81.20588,42.781281],[-81.205766,42.780554],[-81.207399,42.780618],[-81.210153,42.780519],[-81.210151,42.781469],[-81.20982,42.781466],[-81.209812,42.78189],[-81.209366,42.781886],[-81.20937,42.782357],[-81.209963,42.782362],[-81.20996,42.782527],[-81.210155,42.782529],[-81.210156,42.782881],[-81.210402,42.782881],[-81.210403,42.783216],[-81.211116,42.783045],[-81.211555,42.783443],[-81.211534,42.783244],[-81.211851,42.782971],[-81.212964,42.782626],[-81.213778,42.783266],[-81.213835,42.783488],[-81.211923,42.786456],[-81.210361,42.787936],[-81.210221,42.790387],[-81.211253,42.790454],[-81.211596,42.790597],[-81.211944,42.791052],[-81.212258,42.791127],[-81.212713,42.791784],[-81.21292,42.791667],[-81.213386,42.791783],[-81.213899,42.79171],[-81.214952,42.792077],[-81.21494,42.792347],[-81.215076,42.792545],[-81.214991,42.792752],[-81.215164,42.792814],[-81.215517,42.793132],[-81.214793,42.79365],[-81.216541,42.795007],[-81.220323,42.79494],[-81.219782,42.79452],[-81.219586,42.794095],[-81.215885,42.791134],[-81.217115,42.790647],[-81.222186,42.794535],[-81.221439,42.794814],[-81.236067,42.79422],[-81.230359,42.791269],[-81.240676,42.787112],[-81.217107,42.768867],[-81.221065,42.766605],[-81.220939,42.766508],[-81.224511,42.763998],[-81.216664,42.757783],[-81.2176,42.756239],[-81.217869,42.756034],[-81.218474,42.755777],[-81.218752,42.748245],[-81.210827,42.747329],[-81.210779,42.750338],[-81.203933,42.750219],[-81.202292,42.751554],[-81.201366,42.751535],[-81.201369,42.750121],[-81.200422,42.750102],[-81.200401,42.751514],[-81.199301,42.751873],[-81.198912,42.751592],[-81.198658,42.751189],[-81.198585,42.750846],[-81.198581,42.749939],[-81.196665,42.749887],[-81.196672,42.750524],[-81.196289,42.750525],[-81.196293,42.750809],[-81.195417,42.750798],[-81.195466,42.75501],[-81.194807,42.755013],[-81.194138,42.755146],[-81.193863,42.754487],[-81.186128,42.754383],[-81.186127,42.753391],[-81.179814,42.753281],[-81.179776,42.749689],[-81.185253,42.749746],[-81.185529,42.74245],[-81.172908,42.742165],[-81.172634,42.749403],[-81.157885,42.74898],[-81.147976,42.748551],[-81.147966,42.752258],[-81.147835,42.752253],[-81.14781,42.755841],[-81.147944,42.755847],[-81.147885,42.763219],[-81.154585,42.763344],[-81.154568,42.764049],[-81.154175,42.764041],[-81.154001,42.768102],[-81.150894,42.768028],[-81.150758,42.771547],[-81.150257,42.771541],[-81.150204,42.772337],[-81.150705,42.772344],[-81.150677,42.77284],[-81.150242,42.772834],[-81.150181,42.774494],[-81.14796,42.774462],[-81.148003,42.776502],[-81.147783,42.7765],[-81.147765,42.776993],[-81.149329,42.777003],[-81.149322,42.777251],[-81.150557,42.777261],[-81.150548,42.77835],[-81.146337,42.778302],[-81.146383,42.78164],[-81.146291,42.791123],[-81.146357,42.792313],[-81.146677,42.792318],[-81.146441,42.804822],[-81.146823,42.804824],[-81.146807,42.810926],[-81.167115,42.811415],[-81.167555,42.811548],[-81.168864,42.811591],[-81.170308,42.811613],[-81.170514,42.8114],[-81.172711,42.811466],[-81.172694,42.799223],[-81.179822,42.799293],[-81.18456,42.799545]],[[-80.997903,42.773382],[-80.998338,42.761971],[-80.995548,42.761893],[-80.995411,42.761077],[-80.984631,42.761009],[-80.984623,42.758222],[-80.981792,42.758217],[-80.981762,42.760698],[-80.980709,42.760828],[-80.980625,42.761679],[-80.981182,42.761765],[-80.98122,42.762976],[-80.981808,42.763228],[-80.981815,42.764809],[-80.978091,42.764804],[-80.977989,42.768614],[-80.967785,42.768466],[-80.967793,42.767778],[-80.966816,42.767773],[-80.966808,42.768286],[-80.971358,42.771781],[-80.970676,42.772214],[-80.972286,42.773371],[-80.970379,42.773299],[-80.970371,42.780129],[-80.97269,42.78013],[-80.972574,42.784259],[-80.974315,42.784304],[-80.974315,42.79167],[-80.982446,42.791736],[-80.982658,42.784246],[-80.98771,42.784281],[-80.987641,42.787008],[-80.997562,42.787009],[-80.997903,42.773382]],[[-82.097429,42.77118],[-82.096651,42.795386],[-82.126382,42.796069],[-82.126655,42.788517],[-82.126647,42.787646],[-82.126455,42.787657],[-82.126427,42.787505],[-82.127115,42.787036],[-82.12683,42.796025],[-82.134139,42.796187],[-82.13436,42.787592],[-82.13503,42.771975],[-82.119755,42.771666],[-82.120235,42.759618],[-82.09784,42.759093],[-82.097623,42.765112],[-82.105065,42.765271],[-82.104885,42.771358],[-82.097429,42.77118]],[[-81.797611,42.675342],[-81.787332,42.683597],[-81.793125,42.688055],[-81.803871,42.696053],[-81.806492,42.693939],[-81.805713,42.693356],[-81.811429,42.688789],[-81.809955,42.688293],[-81.810197,42.688092],[-81.810048,42.688042],[-81.810392,42.687609],[-81.810225,42.687495],[-81.811739,42.686283],[-81.797611,42.675342]],[[-81.52162,42.655639],[-81.518249,42.652978],[-81.506378,42.659346],[-81.505909,42.658985],[-81.506326,42.658762],[-81.50577,42.658327],[-81.50542,42.658243],[-81.506166,42.657733],[-81.50065,42.653313],[-81.48928,42.661078],[-81.494913,42.66543],[-81.489601,42.669067],[-81.489234,42.669629],[-81.494777,42.674082],[-81.500113,42.670383],[-81.502914,42.672639],[-81.511066,42.667037],[-81.511967,42.667759],[-81.514671,42.665995],[-81.513661,42.665187],[-81.513374,42.665187],[-81.513459,42.664769],[-81.513114,42.664698],[-81.510967,42.662977],[-81.52162,42.655639]],[[-81.871312,42.623432],[-81.871284,42.625278],[-81.863154,42.625366],[-81.863222,42.635374],[-81.863901,42.635904],[-81.863235,42.636424],[-81.863338,42.639003],[-81.871491,42.638943],[-81.871465,42.637121],[-81.876978,42.637075],[-81.877278,42.637289],[-81.877568,42.637073],[-81.878971,42.63706],[-81.879593,42.636863],[-81.87947,42.623273],[-81.877082,42.623263],[-81.876291,42.62343],[-81.874091,42.623353],[-81.871312,42.623432]],[[-82.401541,42.598207],[-82.405614,42.598833],[-82.41057,42.599231],[-82.410763,42.594103],[-82.411936,42.594128],[-82.411905,42.594896],[-82.414027,42.594945],[-82.414147,42.593396],[-82.418715,42.593488],[-82.418779,42.592325],[-82.418247,42.592318],[-82.418219,42.593388],[-82.413731,42.593308],[-82.413768,42.592499],[-82.412694,42.592438],[-82.412656,42.593183],[-82.411562,42.593162],[-82.411475,42.593066],[-82.411478,42.592748],[-82.410897,42.59249],[-82.410835,42.592303],[-82.41136,42.580889],[-82.407185,42.580719],[-82.407182,42.581185],[-82.406811,42.581166],[-82.406804,42.581731],[-82.406079,42.581719],[-82.406129,42.580693],[-82.405985,42.580688],[-82.406029,42.579676],[-82.403549,42.579588],[-82.40215,42.578453],[-82.402257,42.576624],[-82.400245,42.574928],[-82.399934,42.574755],[-82.400682,42.573781],[-82.400099,42.573536],[-82.400865,42.572343],[-82.400986,42.571488],[-82.40659,42.571637],[-82.406695,42.569558],[-82.401457,42.569508],[-82.40123,42.570579],[-82.400741,42.571482],[-82.400557,42.572394],[-82.400037,42.573305],[-82.399136,42.574367],[-82.397613,42.575635],[-82.394396,42.573044],[-82.390492,42.575654],[-82.387757,42.573396],[-82.380825,42.578109],[-82.380798,42.579111],[-82.379851,42.579082],[-82.379832,42.579784],[-82.37871,42.579747],[-82.37872,42.579478],[-82.378535,42.579473],[-82.378525,42.579742],[-82.374191,42.579605],[-82.373929,42.58702],[-82.372741,42.586989],[-82.372504,42.592569],[-82.358738,42.592263],[-82.358537,42.598007],[-82.36101,42.59834],[-82.362749,42.598455],[-82.364566,42.598037],[-82.364551,42.601101],[-82.364402,42.605221],[-82.364935,42.604399],[-82.365275,42.604203],[-82.365878,42.604105],[-82.366363,42.604306],[-82.366612,42.604616],[-82.366662,42.605577],[-82.366736,42.605764],[-82.367061,42.605878],[-82.368904,42.606145],[-82.369787,42.606523],[-82.370361,42.606531],[-82.371086,42.606228],[-82.371704,42.606216],[-82.372847,42.605887],[-82.373351,42.605418],[-82.373894,42.605148],[-82.374358,42.605051],[-82.375025,42.605084],[-82.37567,42.605436],[-82.376161,42.60555],[-82.377136,42.605194],[-82.37772,42.604791],[-82.378117,42.604779],[-82.378516,42.604655],[-82.379039,42.604674],[-82.379576,42.604347],[-82.379923,42.603614],[-82.380478,42.60323],[-82.38055,42.604854],[-82.387728,42.604995],[-82.387862,42.60688],[-82.387814,42.609721],[-82.387544,42.611233],[-82.387918,42.611323],[-82.38926,42.611334],[-82.389277,42.608254],[-82.395418,42.608324],[-82.395681,42.600522],[-82.39646,42.600516],[-82.396461,42.600275],[-82.39569,42.600269],[-82.395729,42.599093],[-82.396771,42.599107],[-82.396766,42.598288],[-82.397876,42.598038],[-82.401541,42.598207]],[[-82.190242,42.592422],[-82.19034,42.592425],[-82.190414,42.590594],[-82.193276,42.590671],[-82.193513,42.589551],[-82.191026,42.588848],[-82.19076,42.58919],[-82.189182,42.589135],[-82.188711,42.588674],[-82.188769,42.587312],[-82.189056,42.586705],[-82.189854,42.58589],[-82.190746,42.585532],[-82.19202,42.585588],[-82.192756,42.585837],[-82.193211,42.586128],[-82.193366,42.585868],[-82.193256,42.585811],[-82.194063,42.585844],[-82.194076,42.585668],[-82.195577,42.586016],[-82.195671,42.584857],[-82.195766,42.58486],[-82.195826,42.583711],[-82.191651,42.583566],[-82.191756,42.581731],[-82.186508,42.58163],[-82.186616,42.579439],[-82.183236,42.579292],[-82.178906,42.579224],[-82.178396,42.579125],[-82.177143,42.578662],[-82.176183,42.578017],[-82.175513,42.577231],[-82.175193,42.576359],[-82.172271,42.576265],[-82.171777,42.58473],[-82.171606,42.584726],[-82.171492,42.587512],[-82.168709,42.587437],[-82.168876,42.587669],[-82.168059,42.588113],[-82.168016,42.588226],[-82.16711,42.588679],[-82.167175,42.588757],[-82.167096,42.590113],[-82.167681,42.590132],[-82.167501,42.590229],[-82.167719,42.590614],[-82.168575,42.590336],[-82.169133,42.590287],[-82.169024,42.590176],[-82.170476,42.590219],[-82.171398,42.591005],[-82.17204,42.591771],[-82.172055,42.592575],[-82.171275,42.59334],[-82.169774,42.594142],[-82.168857,42.594811],[-82.168395,42.595942],[-82.168561,42.596847],[-82.168991,42.597997],[-82.169145,42.59893],[-82.170979,42.598965],[-82.171008,42.598326],[-82.181846,42.598632],[-82.181836,42.598954],[-82.182487,42.598967],[-82.1825,42.598647],[-82.186338,42.598733],[-82.186328,42.598968],[-82.186699,42.598977],[-82.186709,42.598752],[-82.188161,42.598789],[-82.188204,42.597749],[-82.187771,42.59802],[-82.187638,42.598],[-82.1877,42.596475],[-82.189222,42.595341],[-82.19013,42.595367],[-82.190242,42.592422]],[[-81.98197,42.551328],[-81.980382,42.550088],[-81.98227,42.548667],[-81.978695,42.547859],[-81.977988,42.548384],[-81.971172,42.54289],[-81.967767,42.545102],[-81.964966,42.547397],[-81.963297,42.548891],[-81.969718,42.553938],[-81.967099,42.555869],[-81.974208,42.561562],[-81.988383,42.551897],[-81.988228,42.551471],[-81.988323,42.551063],[-81.98197,42.551328]],[[-81.893407,42.450761],[-81.893875,42.451131],[-81.898214,42.448161],[-81.898561,42.448172],[-81.902099,42.445729],[-81.902847,42.445325],[-81.9026,42.445067],[-81.904667,42.443955],[-81.903688,42.443147],[-81.904414,42.442645],[-81.89967,42.438907],[-81.900857,42.438086],[-81.89738,42.435312],[-81.897941,42.434947],[-81.89712,42.434304],[-81.897449,42.434075],[-81.896146,42.433053],[-81.897931,42.431814],[-81.89497,42.429497],[-81.892278,42.43137],[-81.889349,42.429095],[-81.886713,42.430902],[-81.880854,42.426385],[-81.875401,42.430164],[-81.878815,42.432832],[-81.877952,42.433454],[-81.877685,42.433247],[-81.876241,42.434247],[-81.878382,42.43592],[-81.870006,42.441743],[-81.875724,42.446152],[-81.874459,42.447118],[-81.874967,42.447508],[-81.874834,42.447601],[-81.875004,42.447732],[-81.874499,42.448085],[-81.874593,42.448087],[-81.875129,42.448504],[-81.874701,42.448792],[-81.874129,42.448342],[-81.873774,42.44859],[-81.87802,42.451858],[-81.879586,42.450776],[-81.879889,42.45101],[-81.886325,42.446504],[-81.886426,42.446582],[-81.887492,42.44584],[-81.893068,42.450235],[-81.893407,42.450761]],[[-82.189338,42.426676],[-82.190105,42.42633],[-82.190904,42.426317],[-82.19193,42.42601],[-82.19247,42.425938],[-82.193527,42.426111],[-82.196787,42.428709],[-82.198204,42.427822],[-82.194897,42.425177],[-82.198951,42.422399],[-82.205833,42.427959],[-82.205686,42.428304],[-82.207074,42.429477],[-82.212807,42.425576],[-82.214136,42.426678],[-82.21461,42.426642],[-82.220038,42.422951],[-82.218235,42.421495],[-82.219531,42.420613],[-82.218379,42.419683],[-82.239107,42.405586],[-82.231713,42.399706],[-82.234434,42.397841],[-82.228669,42.393292],[-82.227357,42.394227],[-82.226197,42.393331],[-82.225275,42.39379],[-82.224875,42.393423],[-82.224135,42.393609],[-82.223688,42.393232],[-82.226787,42.392081],[-82.228107,42.390838],[-82.229128,42.389378],[-82.228351,42.388729],[-82.235291,42.386034],[-82.238375,42.385099],[-82.243906,42.385087],[-82.246145,42.3839],[-82.2345,42.374568],[-82.224808,42.379644],[-82.221286,42.376791],[-82.2199,42.377748],[-82.220473,42.378211],[-82.218317,42.379676],[-82.217687,42.379238],[-82.217469,42.378963],[-82.217257,42.379096],[-82.216551,42.378543],[-82.216773,42.378377],[-82.215024,42.376951],[-82.215414,42.376675],[-82.214738,42.376874],[-82.210949,42.373823],[-82.214914,42.371395],[-82.214437,42.371009],[-82.211511,42.372542],[-82.207161,42.369021],[-82.206829,42.369249],[-82.206139,42.369463],[-82.205929,42.368863],[-82.205637,42.368353],[-82.205761,42.368268],[-82.195234,42.359729],[-82.19513,42.359726],[-82.194605,42.359296],[-82.194659,42.359259],[-82.186583,42.352644],[-82.186484,42.352712],[-82.182461,42.349454],[-82.182812,42.349329],[-82.184169,42.349649],[-82.184782,42.349646],[-82.185336,42.349526],[-82.185417,42.349591],[-82.196816,42.341749],[-82.193348,42.338962],[-82.185883,42.344092],[-82.189188,42.346746],[-82.187443,42.347942],[-82.185276,42.349243],[-82.184859,42.349356],[-82.184317,42.349385],[-82.18271,42.349059],[-82.182186,42.349235],[-82.18182,42.349488],[-82.184312,42.351474],[-82.186489,42.352985],[-82.186569,42.35305],[-82.18652,42.353083],[-82.194858,42.359912],[-82.204571,42.367789],[-82.20528,42.368557],[-82.205715,42.36956],[-82.204713,42.370702],[-82.199828,42.37404],[-82.19312,42.368674],[-82.185711,42.37375],[-82.182172,42.370949],[-82.182039,42.371257],[-82.182034,42.371882],[-82.181445,42.373092],[-82.18054,42.373722],[-82.179921,42.374337],[-82.179307,42.374607],[-82.179131,42.37514],[-82.178704,42.375595],[-82.177627,42.376258],[-82.177399,42.376474],[-82.178977,42.377729],[-82.177689,42.378616],[-82.17747,42.378441],[-82.177179,42.378642],[-82.177398,42.378817],[-82.175231,42.380311],[-82.175609,42.380613],[-82.17543,42.380736],[-82.174863,42.380284],[-82.174614,42.380455],[-82.175181,42.380908],[-82.174832,42.381148],[-82.173592,42.380684],[-82.173481,42.380827],[-82.173414,42.380774],[-82.173083,42.381089],[-82.174022,42.381834],[-82.163803,42.388867],[-82.162784,42.389693],[-82.149364,42.398896],[-82.152116,42.401074],[-82.153288,42.400279],[-82.153662,42.400642],[-82.154031,42.400856],[-82.154676,42.401038],[-82.154949,42.401222],[-82.155353,42.401811],[-82.156018,42.402264],[-82.156203,42.402582],[-82.156089,42.403843],[-82.156189,42.404296],[-82.157161,42.405069],[-82.159256,42.404591],[-82.152611,42.408847],[-82.152923,42.41034],[-82.157353,42.413767],[-82.157986,42.413721],[-82.161445,42.416503],[-82.163721,42.418473],[-82.163632,42.418616],[-82.164128,42.419153],[-82.164485,42.41913],[-82.165889,42.418703],[-82.166567,42.418395],[-82.167286,42.417919],[-82.167488,42.41744],[-82.168031,42.415516],[-82.168224,42.415118],[-82.168427,42.414922],[-82.168847,42.414766],[-82.173784,42.418722],[-82.16796,42.42193],[-82.177608,42.42963],[-82.177907,42.429425],[-82.178374,42.429794],[-82.183634,42.426187],[-82.185626,42.427787],[-82.186968,42.426862],[-82.186569,42.426541],[-82.188052,42.425518],[-82.189338,42.426676]],[[-82.005762,42.339095],[-82.005947,42.339186],[-82.006872,42.338123],[-82.007112,42.338241],[-82.008356,42.336821],[-82.007684,42.336497],[-82.010203,42.333617],[-82.009805,42.333237],[-82.013819,42.32869],[-82.00135,42.322656],[-82.000829,42.323308],[-81.998172,42.321985],[-81.994283,42.326415],[-81.992946,42.325756],[-81.988901,42.330421],[-81.989381,42.33065],[-81.988815,42.331303],[-81.990365,42.332043],[-81.984642,42.338652],[-81.985493,42.339059],[-81.984406,42.340323],[-81.988394,42.342211],[-81.98781,42.342707],[-81.991239,42.344412],[-81.989564,42.346347],[-81.993173,42.349242],[-81.995214,42.346631],[-81.996918,42.347933],[-81.998609,42.345995],[-82.001153,42.34801],[-82.003197,42.345706],[-82.006249,42.347173],[-82.010829,42.342083],[-82.005501,42.339448],[-82.005762,42.339095]],[[-82.925938,42.286857],[-82.924211,42.286886],[-82.924956,42.288077],[-82.926796,42.288113],[-82.925938,42.286857]],[[-82.449576,42.263363],[-82.45106,42.262925],[-82.451491,42.262402],[-82.451387,42.261621],[-82.450909,42.261263],[-82.450663,42.261267],[-82.450248,42.261426],[-82.44932,42.261876],[-82.448818,42.261675],[-82.448636,42.26117],[-82.448615,42.260905],[-82.448759,42.260453],[-82.449263,42.259928],[-82.449481,42.259778],[-82.450772,42.259741],[-82.450985,42.259548],[-82.451042,42.259164],[-82.450796,42.258947],[-82.450242,42.258697],[-82.450113,42.258397],[-82.4396,42.260713],[-82.439625,42.260253],[-82.440487,42.260274],[-82.440571,42.258738],[-82.439709,42.258718],[-82.439855,42.256454],[-82.439778,42.256266],[-82.4398,42.255687],[-82.440362,42.255708],[-82.440375,42.255516],[-82.439909,42.255498],[-82.439996,42.254185],[-82.440706,42.254205],[-82.440759,42.252893],[-82.440064,42.25316],[-82.440257,42.25018],[-82.436444,42.251648],[-82.436927,42.245645],[-82.434096,42.246744],[-82.434069,42.247132],[-82.433782,42.247122],[-82.433758,42.247486],[-82.433092,42.247462],[-82.433117,42.247103],[-82.41972,42.252224],[-82.422467,42.256094],[-82.421995,42.256278],[-82.422352,42.256784],[-82.422825,42.256599],[-82.423032,42.25689],[-82.422809,42.256977],[-82.422412,42.26292],[-82.418988,42.264228],[-82.425815,42.269694],[-82.423565,42.271232],[-82.410754,42.273447],[-82.417449,42.279013],[-82.419616,42.278474],[-82.421844,42.278119],[-82.424071,42.277928],[-82.425554,42.277968],[-82.425508,42.278241],[-82.43089,42.278367],[-82.430827,42.280157],[-82.435445,42.280267],[-82.43554,42.278526],[-82.435049,42.278513],[-82.435241,42.275675],[-82.433173,42.275598],[-82.433211,42.273864],[-82.438765,42.274047],[-82.439107,42.268531],[-82.447304,42.267111],[-82.447302,42.266603],[-82.447961,42.265174],[-82.448674,42.264249],[-82.449453,42.26366],[-82.449576,42.263363]],[[-82.243091,42.241284],[-82.243006,42.240271],[-82.242503,42.240295],[-82.242504,42.239971],[-82.242907,42.239945],[-82.242919,42.239541],[-82.24264,42.239555],[-82.24261,42.239015],[-82.241898,42.239016],[-82.241936,42.240322],[-82.2376,42.240529],[-82.237597,42.240048],[-82.235544,42.240146],[-82.235147,42.239439],[-82.234492,42.239461],[-82.231741,42.2348],[-82.224981,42.235173],[-82.224982,42.235035],[-82.22462,42.235069],[-82.224609,42.23547],[-82.224447,42.235585],[-82.225559,42.236495],[-82.220081,42.240164],[-82.225042,42.244187],[-82.22473,42.244396],[-82.224813,42.244463],[-82.222942,42.245722],[-82.222114,42.245041],[-82.221682,42.245331],[-82.222893,42.246325],[-82.223301,42.246494],[-82.225385,42.248073],[-82.228397,42.251205],[-82.228836,42.25178],[-82.229223,42.25213],[-82.22935,42.252455],[-82.22967,42.25283],[-82.230219,42.253322],[-82.233524,42.251099],[-82.231309,42.249288],[-82.236736,42.2456],[-82.238426,42.246942],[-82.239201,42.246881],[-82.238891,42.243474],[-82.237518,42.243522],[-82.237271,42.241267],[-82.237824,42.241241],[-82.237789,42.24083],[-82.242598,42.24062],[-82.242648,42.241305],[-82.243091,42.241284]],[[-82.544498,42.243058],[-82.549638,42.241101],[-82.550289,42.240712],[-82.551835,42.240263],[-82.555048,42.239044],[-82.555213,42.238364],[-82.55598,42.23839],[-82.557354,42.238169],[-82.559881,42.237211],[-82.560061,42.234106],[-82.55735,42.234705],[-82.558348,42.234334],[-82.559161,42.233765],[-82.559773,42.232934],[-82.559901,42.23259],[-82.559816,42.232333],[-82.559501,42.232014],[-82.559027,42.231835],[-82.558495,42.231836],[-82.557888,42.232034],[-82.557856,42.231984],[-82.558117,42.231889],[-82.558197,42.230454],[-82.556059,42.230388],[-82.55611,42.229484],[-82.557213,42.229518],[-82.557244,42.22897],[-82.558511,42.228999],[-82.559147,42.228782],[-82.558159,42.22734],[-82.558468,42.227226],[-82.557729,42.226148],[-82.557204,42.226346],[-82.55688,42.226204],[-82.557066,42.222432],[-82.545705,42.225272],[-82.545362,42.23005],[-82.545898,42.229845],[-82.546111,42.230297],[-82.545912,42.230731],[-82.545998,42.230996],[-82.545963,42.231506],[-82.545717,42.231527],[-82.545707,42.231664],[-82.545246,42.231646],[-82.544498,42.243058]],[[-82.828262,42.181062],[-82.827691,42.181451],[-82.828053,42.181746],[-82.827971,42.181802],[-82.828039,42.181857],[-82.827165,42.182452],[-82.827414,42.182655],[-82.828261,42.182078],[-82.828896,42.182593],[-82.829577,42.18213],[-82.832036,42.184198],[-82.832981,42.183555],[-82.833229,42.183757],[-82.834022,42.183212],[-82.832613,42.182033],[-82.832487,42.182119],[-82.832326,42.181983],[-82.833596,42.18111],[-82.832474,42.180167],[-82.834041,42.179108],[-82.833084,42.178316],[-82.851265,42.178927],[-82.841985,42.171307],[-82.844514,42.170742],[-82.844867,42.16407],[-82.836173,42.166528],[-82.830257,42.16167],[-82.828445,42.160461],[-82.82641,42.159503],[-82.821091,42.157542],[-82.814403,42.154377],[-82.813833,42.162889],[-82.810008,42.165514],[-82.809276,42.165098],[-82.808404,42.165949],[-82.808211,42.165839],[-82.809083,42.164989],[-82.807077,42.16385],[-82.806647,42.164143],[-82.806316,42.163955],[-82.805459,42.164548],[-82.805253,42.164431],[-82.804804,42.164866],[-82.805197,42.165089],[-82.804706,42.165423],[-82.806353,42.166354],[-82.806478,42.166269],[-82.807799,42.167016],[-82.806699,42.167674],[-82.806714,42.167728],[-82.805709,42.168388],[-82.806566,42.168801],[-82.807568,42.168131],[-82.812032,42.170279],[-82.811589,42.170576],[-82.812736,42.171127],[-82.812556,42.171249],[-82.81141,42.170698],[-82.811053,42.170943],[-82.812196,42.171493],[-82.803835,42.17715],[-82.803829,42.177317],[-82.805253,42.177367],[-82.805204,42.178121],[-82.806383,42.178156],[-82.806417,42.17743],[-82.806491,42.177432],[-82.806405,42.17926],[-82.811832,42.178053],[-82.812152,42.178295],[-82.81265,42.178755],[-82.808148,42.181796],[-82.813164,42.185857],[-82.822185,42.17976],[-82.823099,42.179792],[-82.825135,42.18147],[-82.827113,42.180128],[-82.828262,42.181062]],[[-83.101556,42.1869],[-83.101836,42.186919],[-83.101687,42.186825],[-83.101553,42.186828],[-83.101556,42.1869]],[[-82.758694,42.137756],[-82.758912,42.137932],[-82.759185,42.137748],[-82.758494,42.137192],[-82.762409,42.134545],[-82.759887,42.132798],[-82.761161,42.131936],[-82.75991,42.130994],[-82.758044,42.129771],[-82.752975,42.133171],[-82.75196,42.132333],[-82.756891,42.129005],[-82.755789,42.128231],[-82.753374,42.129823],[-82.750647,42.127961],[-82.753018,42.126359],[-82.751724,42.125461],[-82.749975,42.126645],[-82.748548,42.125711],[-82.745868,42.123537],[-82.745213,42.123983],[-82.745149,42.123925],[-82.744779,42.124152],[-82.743412,42.125114],[-82.742925,42.124712],[-82.743415,42.12438],[-82.741631,42.122772],[-82.745517,42.120148],[-82.742191,42.117129],[-82.73589,42.121014],[-82.735598,42.120769],[-82.737032,42.119805],[-82.736126,42.119053],[-82.74082,42.115908],[-82.737751,42.113089],[-82.733359,42.116047],[-82.732581,42.118158],[-82.730775,42.116079],[-82.728219,42.117769],[-82.727822,42.117313],[-82.723542,42.120179],[-82.725719,42.122387],[-82.723308,42.124003],[-82.725525,42.126226],[-82.727965,42.124598],[-82.730519,42.126568],[-82.728539,42.127884],[-82.733448,42.13185],[-82.735494,42.130715],[-82.737307,42.132294],[-82.737361,42.132257],[-82.737999,42.132808],[-82.740778,42.134722],[-82.741676,42.134119],[-82.743383,42.135178],[-82.745194,42.133969],[-82.746024,42.134746],[-82.743383,42.136543],[-82.748744,42.140256],[-82.750029,42.141251],[-82.754262,42.138426],[-82.755041,42.13908],[-82.756302,42.138239],[-82.75672,42.138603],[-82.757067,42.13837],[-82.757317,42.138571],[-82.758043,42.13808],[-82.758112,42.138136],[-82.758694,42.137756]],[[-82.468484,42.089503],[-82.469717,42.0896],[-82.469795,42.088438],[-82.466859,42.088322],[-82.466832,42.088733],[-82.465411,42.088677],[-82.464991,42.088321],[-82.464473,42.088168],[-82.464513,42.087608],[-82.463684,42.086962],[-82.463577,42.086941],[-82.463314,42.087209],[-82.462653,42.086187],[-82.462017,42.085758],[-82.463359,42.08581],[-82.463392,42.085357],[-82.46261,42.085325],[-82.462798,42.084279],[-82.462952,42.084285],[-82.46298,42.083903],[-82.461766,42.082909],[-82.461867,42.081486],[-82.461041,42.08082],[-82.461582,42.080447],[-82.461932,42.080466],[-82.4622,42.076722],[-82.463203,42.076074],[-82.462973,42.075874],[-82.463376,42.075589],[-82.463704,42.071241],[-82.464472,42.070716],[-82.464527,42.069422],[-82.464173,42.068131],[-82.463546,42.068226],[-82.461867,42.067304],[-82.46174,42.067128],[-82.460144,42.068785],[-82.461239,42.069318],[-82.453374,42.075253],[-82.4544,42.076683],[-82.455789,42.075775],[-82.456139,42.076058],[-82.454055,42.07742],[-82.454172,42.077584],[-82.454123,42.077616],[-82.454305,42.077771],[-82.453578,42.078246],[-82.453329,42.078135],[-82.452986,42.078385],[-82.453381,42.078803],[-82.453772,42.079004],[-82.453999,42.079311],[-82.454531,42.079769],[-82.455376,42.080238],[-82.456881,42.081534],[-82.457098,42.081849],[-82.457114,42.082296],[-82.45755,42.082925],[-82.458119,42.083466],[-82.458426,42.08418],[-82.458778,42.084645],[-82.459245,42.085014],[-82.459849,42.085072],[-82.463079,42.08817],[-82.462909,42.088482],[-82.462148,42.08887],[-82.456505,42.092596],[-82.456713,42.092773],[-82.457382,42.094217],[-82.457576,42.095736],[-82.458227,42.096289],[-82.457716,42.096411],[-82.457665,42.096899],[-82.457044,42.097047],[-82.457067,42.097099],[-82.456168,42.097827],[-82.456538,42.098119],[-82.456633,42.098096],[-82.457436,42.098744],[-82.456903,42.09911],[-82.456953,42.099151],[-82.457486,42.098784],[-82.457787,42.099027],[-82.458248,42.099603],[-82.458748,42.100779],[-82.458893,42.100785],[-82.459049,42.10123],[-82.459322,42.101522],[-82.458994,42.101987],[-82.458607,42.102012],[-82.458584,42.102276],[-82.459132,42.10326],[-82.459119,42.103366],[-82.459581,42.103788],[-82.459173,42.104718],[-82.458887,42.104964],[-82.458799,42.106374],[-82.459063,42.107464],[-82.459053,42.109118],[-82.45947,42.110181],[-82.459992,42.109844],[-82.461925,42.109874],[-82.461935,42.109691],[-82.462782,42.109716],[-82.462802,42.109442],[-82.464557,42.109504],[-82.464708,42.107252],[-82.467385,42.105746],[-82.468097,42.094349],[-82.468992,42.094133],[-82.468978,42.092765],[-82.469495,42.092783],[-82.469574,42.091649],[-82.468285,42.092028],[-82.468484,42.089503]],[[-82.927054,42.035816],[-82.926572,42.035796],[-82.92665,42.034847],[-82.926423,42.034599],[-82.926513,42.03435],[-82.926594,42.033076],[-82.926929,42.032831],[-82.925848,42.032511],[-82.925678,42.03283],[-82.924284,42.032386],[-82.924116,42.032407],[-82.924044,42.032535],[-82.923672,42.032447],[-82.923675,42.032395],[-82.923252,42.032377],[-82.92336,42.030985],[-82.920766,42.030874],[-82.920796,42.030257],[-82.922429,42.030322],[-82.922456,42.029916],[-82.923191,42.029941],[-82.923285,42.028548],[-82.918854,42.0284],[-82.918966,42.02673],[-82.915793,42.026632],[-82.915627,42.029572],[-82.912616,42.029462],[-82.912428,42.029504],[-82.912399,42.029799],[-82.911737,42.029763],[-82.911729,42.029845],[-82.911398,42.029837],[-82.911423,42.029582],[-82.910226,42.029548],[-82.910237,42.02938],[-82.907969,42.029309],[-82.907626,42.034621],[-82.907442,42.034614],[-82.907415,42.035025],[-82.908537,42.035069],[-82.90848,42.035844],[-82.909115,42.035871],[-82.908899,42.038869],[-82.911357,42.039022],[-82.911263,42.040696],[-82.908786,42.040597],[-82.908412,42.045687],[-82.926258,42.046389],[-82.926651,42.040745],[-82.929771,42.040869],[-82.92991,42.038885],[-82.926791,42.038753],[-82.927054,42.035816]],[[-79.288531,43.037117],[-79.287911,43.036936],[-79.287914,43.037033],[-79.285203,43.037051],[-79.285259,43.040558],[-79.278438,43.040729],[-79.278445,43.040919],[-79.277481,43.040944],[-79.277493,43.041286],[-79.277249,43.041293],[-79.277328,43.043603],[-79.277676,43.043594],[-79.277769,43.046443],[-79.277993,43.046438],[-79.278045,43.047987],[-79.276581,43.048618],[-79.270355,43.050933],[-79.270303,43.050444],[-79.268836,43.050279],[-79.268814,43.050859],[-79.266925,43.05073],[-79.266889,43.052364],[-79.267001,43.052554],[-79.270721,43.050993],[-79.276742,43.048764],[-79.276848,43.049209],[-79.276994,43.049355],[-79.277022,43.050441],[-79.285696,43.050022],[-79.285756,43.052926],[-79.295548,43.052781],[-79.295309,43.043495],[-79.300468,43.043422],[-79.300422,43.040118],[-79.295252,43.041891],[-79.295082,43.036463],[-79.289468,43.036637],[-79.28929,43.036902],[-79.288796,43.036904],[-79.288531,43.037117]],[[-77.896536,44.012252],[-77.895021,44.01299],[-77.895753,44.013756],[-77.896812,44.013142],[-77.896903,44.012492],[-77.892521,44.002868],[-77.889929,43.997032],[-77.889915,43.996818],[-77.889642,43.996196],[-77.889568,43.996206],[-77.889468,43.995982],[-77.889532,43.995973],[-77.889067,43.994927],[-77.881369,43.996781],[-77.881242,43.996499],[-77.88034,43.996723],[-77.880568,43.997239],[-77.877007,43.997744],[-77.87692,43.99756],[-77.874093,43.997978],[-77.874176,43.998161],[-77.871234,43.998772],[-77.867565,43.999748],[-77.867525,43.999671],[-77.862176,44.001207],[-77.862211,44.001286],[-77.859944,44.001965],[-77.864132,44.010934],[-77.863895,44.010992],[-77.863957,44.01122],[-77.867896,44.019629],[-77.870342,44.018991],[-77.870492,44.019389],[-77.871932,44.019024],[-77.87174,44.01864],[-77.877521,44.017248],[-77.881867,44.015774],[-77.883781,44.019954],[-77.886185,44.01939],[-77.884972,44.016605],[-77.887541,44.016009],[-77.886877,44.014507],[-77.888431,44.014087],[-77.888547,44.014348],[-77.89018,44.013891],[-77.890478,44.0146],[-77.89203,44.014067],[-77.891838,44.013689],[-77.891991,44.013394],[-77.896536,44.012252]],[[-78.610405,43.971431],[-78.610214,43.971889],[-78.611184,43.976059],[-78.614821,43.984181],[-78.614973,43.984816],[-78.615051,43.985669],[-78.614987,43.986794],[-78.614826,43.987589],[-78.615053,43.987419],[-78.61619,43.986926],[-78.61674,43.986275],[-78.617536,43.986483],[-78.621088,43.985722],[-78.623191,43.984889],[-78.621021,43.979723],[-78.621428,43.975162],[-78.619226,43.974404],[-78.618725,43.97369],[-78.616738,43.969944],[-78.610405,43.971431]],[[-75.501029,44.715741],[-75.50111,44.715608],[-75.500318,44.715865],[-75.500436,44.715915],[-75.501029,44.715741]],[[-74.982346,45.517514],[-74.981991,45.516798],[-74.981632,45.516906],[-74.982082,45.517539],[-74.98028,45.51794],[-74.980546,45.518358],[-74.981576,45.518146],[-74.982222,45.519258],[-74.98148,45.51947],[-74.98158,45.519637],[-74.983044,45.519219],[-74.983527,45.520012],[-74.982809,45.520226],[-74.982907,45.520388],[-74.983638,45.520171],[-74.984584,45.52121],[-74.98587,45.522186],[-74.985616,45.522254],[-74.98579,45.522382],[-74.986048,45.522314],[-74.986244,45.522456],[-74.985374,45.522685],[-74.98596,45.523284],[-74.985453,45.523451],[-74.98863,45.525072],[-74.989555,45.525903],[-74.990667,45.525646],[-74.990979,45.525867],[-74.991046,45.526041],[-74.989871,45.526207],[-74.990038,45.526395],[-74.990294,45.526944],[-74.990204,45.527674],[-74.989845,45.528619],[-74.989922,45.529519],[-74.990165,45.530266],[-74.990613,45.530869],[-74.992305,45.53216],[-74.993199,45.532998],[-74.993966,45.534057],[-74.994092,45.534387],[-74.994124,45.534958],[-74.993037,45.534979],[-74.992967,45.535285],[-74.993313,45.53519],[-74.993498,45.535257],[-74.993604,45.535406],[-74.993803,45.535418],[-74.993904,45.535568],[-74.993776,45.535505],[-74.993661,45.535685],[-74.993699,45.535739],[-74.99384,45.535685],[-74.993968,45.535847],[-74.994477,45.535729],[-74.994818,45.53578],[-74.994912,45.53593],[-74.996737,45.53576],[-74.996413,45.53599],[-74.995813,45.535946],[-74.99539,45.535991],[-74.995313,45.536063],[-74.994237,45.53591],[-74.994007,45.535973],[-74.993789,45.535883],[-74.993648,45.536036],[-74.993699,45.536405],[-74.993827,45.536576],[-74.994071,45.536567],[-74.994928,45.536871],[-74.994336,45.537222],[-74.993601,45.537002],[-74.99308,45.536651],[-74.992885,45.53673],[-74.992645,45.536364],[-74.992356,45.53567],[-74.992523,45.53438],[-74.99239,45.533845],[-74.991782,45.532954],[-74.991473,45.532683],[-74.991402,45.532778],[-74.990741,45.532956],[-74.991075,45.533556],[-74.990246,45.533791],[-74.990565,45.53429],[-74.992152,45.53386],[-74.992238,45.534034],[-74.992262,45.534339],[-74.992024,45.534405],[-74.99201,45.534555],[-74.992352,45.534459],[-74.99231,45.534699],[-74.991225,45.534976],[-74.991482,45.53543],[-74.992217,45.535231],[-74.9922,45.535677],[-74.992385,45.536168],[-74.991979,45.536321],[-74.992277,45.536945],[-74.992389,45.536932],[-74.992564,45.537205],[-74.992374,45.537331],[-74.992889,45.537697],[-74.992424,45.537965],[-74.992738,45.538212],[-74.992546,45.538342],[-74.992224,45.538102],[-74.990425,45.539328],[-74.990251,45.539155],[-74.989366,45.539758],[-74.989899,45.540143],[-74.989081,45.540698],[-74.987263,45.539395],[-74.98566,45.540487],[-74.986119,45.541345],[-74.986522,45.541446],[-74.9874,45.541342],[-74.988144,45.541148],[-74.988637,45.541394],[-74.988731,45.541623],[-74.991682,45.542176],[-75.000592,45.544682],[-75.002435,45.544185],[-74.998734,45.541549],[-74.998676,45.541586],[-74.998534,45.541483],[-74.998962,45.541212],[-74.996725,45.539493],[-74.996287,45.539774],[-74.996113,45.539641],[-74.996683,45.539267],[-74.996292,45.538962],[-74.995721,45.539336],[-74.99474,45.538567],[-74.995084,45.538356],[-74.995273,45.538495],[-74.995351,45.538376],[-74.995659,45.53834],[-74.995754,45.538244],[-74.995838,45.537854],[-74.995761,45.537746],[-74.995364,45.537665],[-74.994572,45.53732],[-74.995196,45.536949],[-74.995311,45.536976],[-74.9967,45.536057],[-74.997811,45.53672],[-74.999002,45.536792],[-75.000859,45.537206],[-75.002229,45.537656],[-75.003049,45.538025],[-75.003728,45.53781],[-75.003777,45.537929],[-75.003959,45.537971],[-75.004099,45.538241],[-75.004432,45.538529],[-75.00515,45.53897],[-75.006149,45.539267],[-75.006648,45.53978],[-75.006713,45.540536],[-75.007148,45.541841],[-75.007597,45.542607],[-75.007893,45.542902],[-75.012653,45.541611],[-75.012766,45.541364],[-75.012041,45.541093],[-75.012608,45.540479],[-75.010576,45.539948],[-75.01033,45.53952],[-75.010214,45.539653],[-75.009541,45.539374],[-75.009681,45.539214],[-75.009119,45.538981],[-75.008587,45.539591],[-75.007005,45.538923],[-75.007799,45.538346],[-75.006368,45.537318],[-75.003509,45.532076],[-75.004808,45.531708],[-75.004409,45.530991],[-75.004836,45.53087],[-75.001832,45.525055],[-75.002459,45.52483],[-74.999373,45.518964],[-74.99209,45.520914],[-74.995325,45.526852],[-74.994661,45.527051],[-74.99664,45.530819],[-74.99571,45.529331],[-74.994725,45.528254],[-74.99418,45.52779],[-74.991018,45.525592],[-74.990742,45.524854],[-74.990779,45.524502],[-74.990511,45.524142],[-74.990311,45.524263],[-74.987386,45.522155],[-74.986587,45.522365],[-74.986391,45.522224],[-74.986737,45.522133],[-74.986096,45.520983],[-74.985059,45.520314],[-74.984811,45.520386],[-74.984556,45.519943],[-74.983934,45.520121],[-74.983816,45.519959],[-74.984453,45.519777],[-74.984216,45.519372],[-74.984922,45.51917],[-74.984689,45.518754],[-74.984855,45.518706],[-74.984751,45.518541],[-74.984374,45.518648],[-74.984142,45.518231],[-74.98546,45.517858],[-74.985182,45.517359],[-74.985421,45.517291],[-74.985699,45.51779],[-74.987126,45.517383],[-74.986848,45.516884],[-74.986378,45.517018],[-74.986128,45.516572],[-74.982346,45.517514]],[[-74.874392,45.559695],[-74.874296,45.559602],[-74.874118,45.559653],[-74.87428,45.559899],[-74.873728,45.560054],[-74.873842,45.560253],[-74.873603,45.56032],[-74.873457,45.560066],[-74.872934,45.560213],[-74.87308,45.560468],[-74.869077,45.561568],[-74.868823,45.561492],[-74.865758,45.556115],[-74.86552,45.556183],[-74.868656,45.561687],[-74.868895,45.561619],[-74.86916,45.562091],[-74.86927,45.561913],[-74.873642,45.56062],[-74.87375,45.560809],[-74.873207,45.56097],[-74.873446,45.561413],[-74.872978,45.561539],[-74.87409,45.563624],[-74.874544,45.563506],[-74.874651,45.563709],[-74.874891,45.563643],[-74.875057,45.5637],[-74.876125,45.563403],[-74.87605,45.563273],[-74.877864,45.562834],[-74.878349,45.563723],[-74.880467,45.563166],[-74.880496,45.563323],[-74.880699,45.563361],[-74.880834,45.56322],[-74.880708,45.563102],[-74.881971,45.562766],[-74.880643,45.560457],[-74.88152,45.560267],[-74.881282,45.559847],[-74.881617,45.559761],[-74.881574,45.559685],[-74.881755,45.559639],[-74.881588,45.55925],[-74.881829,45.559716],[-74.882704,45.559533],[-74.883319,45.56062],[-74.884174,45.560421],[-74.884655,45.561272],[-74.884444,45.561331],[-74.884199,45.561244],[-74.884015,45.56135],[-74.884064,45.561519],[-74.884317,45.561561],[-74.884043,45.561638],[-74.88426,45.56202],[-74.884833,45.56186],[-74.884938,45.562046],[-74.885566,45.56187],[-74.885663,45.562039],[-74.885111,45.562187],[-74.886082,45.563902],[-74.884904,45.56421],[-74.885235,45.564773],[-74.888533,45.563865],[-74.888315,45.563477],[-74.888479,45.563426],[-74.885632,45.558329],[-74.886351,45.558166],[-74.886103,45.557723],[-74.886661,45.557608],[-74.887168,45.558482],[-74.887733,45.558412],[-74.887925,45.558763],[-74.889288,45.558393],[-74.889001,45.557862],[-74.889392,45.557813],[-74.889177,45.557414],[-74.889425,45.557397],[-74.889568,45.557663],[-74.890497,45.557599],[-74.890354,45.557333],[-74.89062,45.557314],[-74.890765,45.55758],[-74.891399,45.557536],[-74.891263,45.557289],[-74.891599,45.557191],[-74.891243,45.556555],[-74.890908,45.556646],[-74.890335,45.555611],[-74.890012,45.555703],[-74.889476,45.554728],[-74.888945,45.554881],[-74.888728,45.554485],[-74.888482,45.554546],[-74.888992,45.555084],[-74.889431,45.555887],[-74.889287,45.555928],[-74.888651,45.554836],[-74.887942,45.555036],[-74.886504,45.552506],[-74.884742,45.553015],[-74.883665,45.551129],[-74.874792,45.553624],[-74.875601,45.555081],[-74.873823,45.555556],[-74.875346,45.558324],[-74.874629,45.558601],[-74.874766,45.55885],[-74.874471,45.559177],[-74.874616,45.559436],[-74.874392,45.559695]],[[-93.979227,51.798818],[-93.979442,51.798025],[-93.979394,51.797836],[-93.979141,51.797551],[-93.978923,51.797525],[-93.978477,51.797673],[-93.977143,51.797675],[-93.97664,51.797913],[-93.976474,51.798265],[-93.97604,51.798341],[-93.975894,51.798279],[-93.975645,51.797885],[-93.974976,51.797801],[-93.974139,51.797997],[-93.974145,51.798294],[-93.974305,51.79831],[-93.974535,51.79847],[-93.974322,51.798688],[-93.972976,51.798789],[-93.971878,51.798996],[-93.970616,51.799635],[-93.970358,51.799539],[-93.970336,51.799197],[-93.969742,51.799229],[-93.969212,51.799512],[-93.967728,51.799983],[-93.967618,51.800281],[-93.967446,51.800372],[-93.96691,51.800403],[-93.966637,51.800495],[-93.966395,51.800713],[-93.965717,51.800899],[-93.964844,51.800771],[-93.964231,51.800578],[-93.963058,51.800651],[-93.961834,51.801038],[-93.961506,51.801311],[-93.960652,51.80139],[-93.960181,51.801771],[-93.959262,51.802192],[-93.957409,51.802333],[-93.956695,51.802888],[-93.9554,51.803384],[-93.955287,51.803501],[-93.955263,51.803744],[-93.955322,51.803816],[-93.955907,51.803983],[-93.955982,51.804134],[-93.955885,51.804351],[-93.955921,51.804674],[-93.956514,51.80529],[-93.956418,51.805533],[-93.956275,51.805633],[-93.955914,51.805726],[-93.955556,51.805927],[-93.955561,51.80617],[-93.956056,51.806516],[-93.956942,51.80659],[-93.957575,51.807007],[-93.958214,51.807056],[-93.959066,51.806878],[-93.960663,51.806937],[-93.961483,51.806643],[-93.96199,51.806594],[-93.963021,51.806684],[-93.963956,51.807],[-93.963888,51.80719],[-93.963674,51.807362],[-93.962698,51.807865],[-93.961074,51.807878],[-93.9598,51.807978],[-93.958827,51.807923],[-93.956988,51.807408],[-93.956592,51.807204],[-93.956043,51.807272],[-93.955884,51.807336],[-93.95576,51.807607],[-93.955616,51.807689],[-93.953356,51.807788],[-93.952059,51.808221],[-93.951674,51.808521],[-93.951932,51.808816],[-93.951883,51.80923],[-93.951701,51.809537],[-93.951273,51.809855],[-93.950825,51.809958],[-93.949249,51.809494],[-93.948003,51.809567],[-93.947329,51.80924],[-93.946516,51.809237],[-93.946443,51.809202],[-93.946438,51.808968],[-93.947008,51.808469],[-93.947003,51.808253],[-93.946403,51.807997],[-93.945154,51.807926],[-93.944764,51.807983],[-93.944132,51.808267],[-93.944453,51.80844],[-93.944414,51.80858],[-93.944271,51.808671],[-93.943679,51.808819],[-93.943461,51.808803],[-93.943374,51.808623],[-93.94277,51.808629],[-93.942531,51.809008],[-93.942086,51.809201],[-93.940727,51.809454],[-93.940443,51.809717],[-93.940027,51.809936],[-93.939069,51.809944],[-93.938448,51.810057],[-93.937988,51.810276],[-93.938004,51.810371],[-93.938268,51.810472],[-93.938314,51.810597],[-93.937269,51.811244],[-93.937223,51.811838],[-93.937027,51.812172],[-93.937061,51.812424],[-93.937419,51.812906],[-93.937342,51.813357],[-93.937119,51.813577],[-93.936346,51.813803],[-93.936539,51.822394],[-93.962467,51.822101],[-93.989733,51.821359],[-93.989317,51.820942],[-93.98934,51.820646],[-93.989841,51.820354],[-93.990334,51.820331],[-93.991419,51.82088],[-93.992437,51.820323],[-93.992742,51.820302],[-93.99334,51.820477],[-93.993614,51.820394],[-93.994328,51.819875],[-93.994409,51.819596],[-93.994719,51.819153],[-93.994713,51.818892],[-93.994515,51.81848],[-93.994595,51.818165],[-93.994562,51.817967],[-93.993879,51.817271],[-93.993847,51.81711],[-93.994046,51.816946],[-93.994438,51.816943],[-93.994973,51.817127],[-93.995146,51.817081],[-93.995303,51.816945],[-93.995296,51.816648],[-93.994657,51.816348],[-93.993478,51.816196],[-93.992887,51.815697],[-93.992882,51.815482],[-93.993125,51.815309],[-93.993383,51.815181],[-93.993934,51.81514],[-93.994372,51.815262],[-93.994769,51.81552],[-93.995366,51.815595],[-93.996502,51.815154],[-93.997053,51.815132],[-93.997536,51.815325],[-93.997854,51.815305],[-93.998155,51.815122],[-93.999788,51.814839],[-93.999994,51.814954],[-94.001576,51.814994],[-94.002037,51.814864],[-94.002436,51.814546],[-94.002604,51.814257],[-94.002553,51.813898],[-94.002327,51.813531],[-94.001667,51.813231],[-94.000815,51.813283],[-94.000375,51.812774],[-94.000012,51.812759],[-94.000004,51.812409],[-93.999814,51.812321],[-93.998189,51.812325],[-93.998071,51.812227],[-93.99811,51.812029],[-93.998026,51.811922],[-93.997522,51.811829],[-93.99748,51.811747],[-93.997692,51.811493],[-93.997467,51.811154],[-93.997311,51.811074],[-93.997235,51.810886],[-93.997383,51.810372],[-93.997988,51.809522],[-93.998386,51.809159],[-93.998932,51.808929],[-93.999803,51.808958],[-94.000677,51.809139],[-94.001128,51.809432],[-94.001312,51.809862],[-94.001517,51.809968],[-94.002213,51.809944],[-94.002702,51.809751],[-94.002929,51.809543],[-94.002939,51.809318],[-94.002552,51.808984],[-94.002402,51.808657],[-94.003124,51.80723],[-94.003091,51.807051],[-94.002733,51.807],[-94.001417,51.807182],[-94.001046,51.807437],[-94.000925,51.807869],[-94.000698,51.808096],[-94.000338,51.808234],[-94.000005,51.808264],[-93.998653,51.808105],[-93.99804,51.807957],[-93.997834,51.807833],[-93.997714,51.807618],[-93.997616,51.807115],[-93.997526,51.80699],[-93.997129,51.806778],[-93.99656,51.806612],[-93.995235,51.806353],[-93.995027,51.80613],[-93.994837,51.805421],[-93.994656,51.805126],[-93.994361,51.804877],[-93.993357,51.804554],[-93.993062,51.804124],[-93.99298,51.803675],[-93.993168,51.802981],[-93.993724,51.802553],[-93.994326,51.802225],[-93.99492,51.802184],[-93.995264,51.802037],[-93.996091,51.801355],[-93.99614,51.800986],[-93.996561,51.800335],[-93.996553,51.799985],[-93.996351,51.79978],[-93.996146,51.799656],[-93.995796,51.79956],[-93.995665,51.799561],[-93.995517,51.799655],[-93.994544,51.79964],[-93.994176,51.799106],[-93.993999,51.798973],[-93.993749,51.79884],[-93.99308,51.79872],[-93.992051,51.798746],[-93.990721,51.798937],[-93.989964,51.798809],[-93.988433,51.799109],[-93.988035,51.799499],[-93.987286,51.79973],[-93.987102,51.799939],[-93.986787,51.800085],[-93.985482,51.800096],[-93.984976,51.80019],[-93.984347,51.800627],[-93.984372,51.801095],[-93.984134,51.801474],[-93.983776,51.801711],[-93.983445,51.801822],[-93.98259,51.801829],[-93.981986,51.801597],[-93.982677,51.800758],[-93.982652,51.800264],[-93.982543,51.79995],[-93.982362,51.799734],[-93.982355,51.799727],[-93.982048,51.799577],[-93.981142,51.79926],[-93.980865,51.799191],[-93.980778,51.799191],[-93.980498,51.798996],[-93.980178,51.798981],[-93.97973,51.799011],[-93.979613,51.799063],[-93.979369,51.798997],[-93.979227,51.798818]]],[[[-93.996155,51.799665],[-93.99554,51.799655],[-93.995805,51.799569],[-93.996155,51.799665]]],[[[-85.29598,47.951445],[-85.296023,47.951448],[-85.295738,47.951459],[-85.29598,47.951445]]],[[[-85.273551,47.955689],[-85.273576,47.955734],[-85.273522,47.955669],[-85.273551,47.955689]]],[[[-85.070654,47.957808],[-85.070874,47.958001],[-85.070324,47.957677],[-85.070654,47.957808]]],[[[-85.069221,47.957793],[-85.069328,47.957795],[-85.069637,47.957901],[-85.069221,47.957793]]],[[[-85.100147,47.957922],[-85.100586,47.958002],[-85.099283,47.958088],[-85.100147,47.957922]]],[[[-85.064989,47.958692],[-85.065037,47.958632],[-85.065083,47.95861],[-85.064989,47.958692]]],[[[-85.058538,47.959026],[-85.059256,47.958831],[-85.058318,47.959184],[-85.058538,47.959026]]],[[[-85.09884,47.959225],[-85.098868,47.959179],[-85.098991,47.959118],[-85.09884,47.959225]]],[[[-85.056984,47.959395],[-85.057038,47.959378],[-85.057112,47.959371],[-85.056984,47.959395]]],[[[-89.336658,48.075031],[-89.336728,48.075102],[-89.336558,48.075195],[-89.336116,48.075222],[-89.336111,48.075105],[-89.336658,48.075031]]],[[[-89.142535,48.350373],[-89.14235,48.350152],[-89.142545,48.349968],[-89.143054,48.349887],[-89.143335,48.350151],[-89.143132,48.350461],[-89.142535,48.350373]]],[[[-89.142638,48.352837],[-89.142083,48.353117],[-89.142021,48.352938],[-89.142133,48.352387],[-89.142107,48.352073],[-89.142707,48.351594],[-89.143054,48.351497],[-89.143245,48.351548],[-89.14342,48.351841],[-89.142939,48.352291],[-89.142638,48.352837]]],[[[-89.139552,48.361019],[-89.139791,48.361257],[-89.140314,48.361491],[-89.140476,48.361487],[-89.140659,48.361331],[-89.14077,48.361086],[-89.140658,48.360665],[-89.140559,48.360568],[-89.139807,48.360636],[-89.139598,48.360514],[-89.139552,48.360371],[-89.139781,48.358756],[-89.140176,48.358182],[-89.140368,48.357621],[-89.140362,48.357144],[-89.14007,48.356627],[-89.139994,48.356422],[-89.140027,48.356259],[-89.140633,48.355879],[-89.141099,48.355736],[-89.141506,48.355791],[-89.142311,48.355668],[-89.143158,48.355895],[-89.144683,48.356524],[-89.145048,48.356859],[-89.146073,48.357478],[-89.146314,48.357762],[-89.146364,48.357977],[-89.146263,48.358141],[-89.145527,48.358631],[-89.144696,48.359411],[-89.143956,48.359803],[-89.142511,48.3601],[-89.141981,48.360344],[-89.141588,48.360639],[-89.141089,48.361287],[-89.140994,48.361595],[-89.141142,48.36224],[-89.141621,48.362699],[-89.142294,48.362974],[-89.142454,48.36325],[-89.142452,48.363538],[-89.141147,48.364606],[-89.140554,48.36495],[-89.139556,48.365293],[-89.1386,48.365373],[-89.137857,48.365045],[-89.136677,48.364275],[-89.136551,48.364161],[-89.136472,48.363874],[-89.136738,48.36314],[-89.138173,48.362916],[-89.138526,48.36263],[-89.138767,48.362266],[-89.139529,48.361442],[-89.139484,48.361326],[-89.139236,48.361223],[-89.139205,48.361124],[-89.139302,48.361021],[-89.139552,48.361019]]],[[[-89.119392,48.363237],[-89.119686,48.36315],[-89.120839,48.363291],[-89.121363,48.363551],[-89.121527,48.36425],[-89.121531,48.36434],[-89.121397,48.364369],[-89.121215,48.36422],[-89.120877,48.36419],[-89.120531,48.364331],[-89.120528,48.364574],[-89.120756,48.364858],[-89.12099,48.36498],[-89.122084,48.364968],[-89.122297,48.364911],[-89.12244,48.364773],[-89.123124,48.364661],[-89.124692,48.364704],[-89.12536,48.364854],[-89.125486,48.365284],[-89.125708,48.365423],[-89.12653,48.36539],[-89.127401,48.364591],[-89.128086,48.364498],[-89.130211,48.363972],[-89.130709,48.363927],[-89.130984,48.364066],[-89.13117,48.364297],[-89.131221,48.365537],[-89.131084,48.365819],[-89.130182,48.366519],[-89.13007,48.366737],[-89.128977,48.36709],[-89.127506,48.36808],[-89.125559,48.368332],[-89.124837,48.368831],[-89.123404,48.369128],[-89.121889,48.369696],[-89.120369,48.36985],[-89.119556,48.369784],[-89.118843,48.369509],[-89.118561,48.369235],[-89.118131,48.367983],[-89.117816,48.367548],[-89.117527,48.367428],[-89.11689,48.367358],[-89.116571,48.367166],[-89.116553,48.367041],[-89.117106,48.366698],[-89.117578,48.36605],[-89.11858,48.365141],[-89.118943,48.364441],[-89.118908,48.364253],[-89.118694,48.363987],[-89.119086,48.363656],[-89.119392,48.363237]]],[[[-92.196199,50.113517],[-92.196145,50.113427],[-92.196328,50.113356],[-92.196339,50.1135],[-92.196199,50.113517]]],[[[-91.825437,51.732237],[-91.826063,51.730921],[-91.82702,51.731097],[-91.827978,51.729082],[-91.82817,51.729155],[-91.827229,51.731135],[-91.828187,51.731311],[-91.827559,51.73263],[-91.825437,51.732237]]],[[[-82.638592,41.831252],[-82.637402,41.829918],[-82.63628,41.827588],[-82.636006,41.827204],[-82.635846,41.82668],[-82.635464,41.826208],[-82.634991,41.82512],[-82.634587,41.824996],[-82.634381,41.824805],[-82.633801,41.823926],[-82.633702,41.823243],[-82.633771,41.822008],[-82.633679,41.821433],[-82.63361,41.819006],[-82.633465,41.818743],[-82.633526,41.818526],[-82.633457,41.81791],[-82.633496,41.817477],[-82.633305,41.816264],[-82.632901,41.815851],[-82.633114,41.815393],[-82.63287,41.814302],[-82.632642,41.813738],[-82.632618,41.813378],[-82.632535,41.813235],[-82.632184,41.813073],[-82.632191,41.812934],[-82.632389,41.812701],[-82.632344,41.812279],[-82.632107,41.811728],[-82.631573,41.809025],[-82.63065,41.80553],[-82.630383,41.80498],[-82.630139,41.804848],[-82.630185,41.80451],[-82.629963,41.803999],[-82.628544,41.801538],[-82.627728,41.800469],[-82.626965,41.7998],[-82.626462,41.798879],[-82.62653,41.798621],[-82.626454,41.798447],[-82.626492,41.798226],[-82.626675,41.797656],[-82.626942,41.79735],[-82.626958,41.797044],[-82.627568,41.796454],[-82.629223,41.795323],[-82.629963,41.794083],[-82.630139,41.79341],[-82.630673,41.792064],[-82.630787,41.79091],[-82.630818,41.78869],[-82.630559,41.786522],[-82.630673,41.786291],[-82.630612,41.785837],[-82.630673,41.785472],[-82.630894,41.785086],[-82.630848,41.784627],[-82.630925,41.784387],[-82.630841,41.784136],[-82.630963,41.784026],[-82.631108,41.783119],[-82.631077,41.782399],[-82.631169,41.781767],[-82.631123,41.780984],[-82.631024,41.780846],[-82.631116,41.780489],[-82.630909,41.780154],[-82.631062,41.779986],[-82.630802,41.778643],[-82.630726,41.778536],[-82.630536,41.778489],[-82.630536,41.778273],[-82.63068,41.778176],[-82.630673,41.777969],[-82.630536,41.777624],[-82.629742,41.773484],[-82.629551,41.773076],[-82.628971,41.770973],[-82.62849,41.769561],[-82.628422,41.769112],[-82.628155,41.768638],[-82.628018,41.768045],[-82.627759,41.767851],[-82.627789,41.767522],[-82.627698,41.767321],[-82.62753,41.767183],[-82.627217,41.766683],[-82.627133,41.76641],[-82.626736,41.765826],[-82.626584,41.765391],[-82.626393,41.765272],[-82.625546,41.764122],[-82.624966,41.76282],[-82.624638,41.761469],[-82.62431,41.760722],[-82.624196,41.759949],[-82.624028,41.759595],[-82.623875,41.758773],[-82.623631,41.758295],[-82.623249,41.756823],[-82.622304,41.755062],[-82.621991,41.754761],[-82.621693,41.754206],[-82.621205,41.753641],[-82.620793,41.752355],[-82.620419,41.751576],[-82.620411,41.751297],[-82.620572,41.750709],[-82.62074,41.750464],[-82.621289,41.750082],[-82.621548,41.74961],[-82.621831,41.749296],[-82.62241,41.748878],[-82.622639,41.748735],[-82.623219,41.748573],[-82.62373,41.748265],[-82.6246,41.747973],[-82.625714,41.747358],[-82.626728,41.74697],[-82.627934,41.746733],[-82.62859,41.746368],[-82.629223,41.746223],[-82.630108,41.746184],[-82.630688,41.746032],[-82.632183,41.745254],[-82.63303,41.745183],[-82.633595,41.745027],[-82.63406,41.744768],[-82.634899,41.744468],[-82.635609,41.743971],[-82.636067,41.743802],[-82.637013,41.743208],[-82.637944,41.742979],[-82.638493,41.742719],[-82.640538,41.742442],[-82.64288,41.742251],[-82.643498,41.74235],[-82.644024,41.742662],[-82.645047,41.742945],[-82.645687,41.74285],[-82.645733,41.742926],[-82.645428,41.743588],[-82.64542,41.743903],[-82.645497,41.74405],[-82.64597,41.744017],[-82.645993,41.743557],[-82.645856,41.743266],[-82.645909,41.743144],[-82.646763,41.743609],[-82.64835,41.744681],[-82.649014,41.744955],[-82.649426,41.745224],[-82.649884,41.745307],[-82.650326,41.745562],[-82.650585,41.745576],[-82.652241,41.745282],[-82.654461,41.744723],[-82.658955,41.743069],[-82.660031,41.742468],[-82.661206,41.741591],[-82.662617,41.740062],[-82.662861,41.739581],[-82.663166,41.739554],[-82.663716,41.738677],[-82.663899,41.737913],[-82.663937,41.737196],[-82.665768,41.735391],[-82.666165,41.735057],[-82.668286,41.734278],[-82.668896,41.733724],[-82.669445,41.732884],[-82.66998,41.731651],[-82.670895,41.729107],[-82.671673,41.725641],[-82.671704,41.725046],[-82.671871,41.724513],[-82.672016,41.724425],[-82.67204,41.724911],[-82.672841,41.727034],[-82.672948,41.727613],[-82.673459,41.729123],[-82.675252,41.732939],[-82.676197,41.734267],[-82.676731,41.734885],[-82.677311,41.735354],[-82.677746,41.73591],[-82.678845,41.736669],[-82.679333,41.736887],[-82.680325,41.737062],[-82.6815,41.736936],[-82.681904,41.737097],[-82.682415,41.737477],[-82.682644,41.737951],[-82.682926,41.738104],[-82.683316,41.739657],[-82.68372,41.74052],[-82.684094,41.740992],[-82.684437,41.741045],[-82.68427,41.741178],[-82.684292,41.741277],[-82.684811,41.742098],[-82.685505,41.743993],[-82.685719,41.744192],[-82.686062,41.744867],[-82.686238,41.745626],[-82.686245,41.746081],[-82.686703,41.747691],[-82.686833,41.748576],[-82.687413,41.750134],[-82.68768,41.750527],[-82.687763,41.751629],[-82.688084,41.752723],[-82.688565,41.75513],[-82.688992,41.755857],[-82.689167,41.758656],[-82.689168,41.759791],[-82.689427,41.762151],[-82.689419,41.763182],[-82.689618,41.763472],[-82.691739,41.763581],[-82.691716,41.763752],[-82.68945,41.763556],[-82.689183,41.764744],[-82.688992,41.765877],[-82.688946,41.767855],[-82.689061,41.769038],[-82.68919,41.769175],[-82.689465,41.769221],[-82.689251,41.769318],[-82.689137,41.769568],[-82.689244,41.77035],[-82.689045,41.771132],[-82.688458,41.774928],[-82.688443,41.775549],[-82.68813,41.777346],[-82.688115,41.778144],[-82.687901,41.779299],[-82.687665,41.781717],[-82.68755,41.782295],[-82.687237,41.782862],[-82.687283,41.783213],[-82.687046,41.783505],[-82.686642,41.785956],[-82.686627,41.787073],[-82.686711,41.787729],[-82.686444,41.789687],[-82.685956,41.792374],[-82.685948,41.793405],[-82.685757,41.794016],[-82.685688,41.794585],[-82.685284,41.799269],[-82.684895,41.802004],[-82.684888,41.803004],[-82.684742,41.804272],[-82.684582,41.804549],[-82.684651,41.807686],[-82.685231,41.811024],[-82.685597,41.811302],[-82.68565,41.811554],[-82.685818,41.811709],[-82.68665,41.811962],[-82.687291,41.812403],[-82.68771,41.812838],[-82.687726,41.813014],[-82.686909,41.814444],[-82.686222,41.814761],[-82.68588,41.815207],[-82.685772,41.815609],[-82.684262,41.815866],[-82.68375,41.816031],[-82.683468,41.815999],[-82.683049,41.815861],[-82.682469,41.815842],[-82.681111,41.814957],[-82.68063,41.814766],[-82.680416,41.814242],[-82.679455,41.813549],[-82.679074,41.813082],[-82.678776,41.812321],[-82.678204,41.811654],[-82.677059,41.811116],[-82.676182,41.810404],[-82.675023,41.810002],[-82.673931,41.809388],[-82.672406,41.809117],[-82.671444,41.809032],[-82.671276,41.809035],[-82.671063,41.809186],[-82.670331,41.809206],[-82.670048,41.809035],[-82.665806,41.80942],[-82.664395,41.809729],[-82.663914,41.809867],[-82.663861,41.810061],[-82.663563,41.810169],[-82.662907,41.810354],[-82.662747,41.810298],[-82.662022,41.81061],[-82.661564,41.810707],[-82.659161,41.812156],[-82.660061,41.813381],[-82.659947,41.814202],[-82.659703,41.814197],[-82.659825,41.813312],[-82.659619,41.813014],[-82.659184,41.813191],[-82.659031,41.813175],[-82.65955,41.812947],[-82.658978,41.812212],[-82.658642,41.812154],[-82.658505,41.8123],[-82.658162,41.812206],[-82.657765,41.812315],[-82.657506,41.812513],[-82.658269,41.813456],[-82.659001,41.813527],[-82.658948,41.813568],[-82.658223,41.813515],[-82.657391,41.812546],[-82.657071,41.812465],[-82.65543,41.813308],[-82.653798,41.814408],[-82.652172,41.815643],[-82.64948,41.818158],[-82.648762,41.818398],[-82.648594,41.818531],[-82.647717,41.819472],[-82.647107,41.820421],[-82.647053,41.82067],[-82.647404,41.820944],[-82.647381,41.821012],[-82.646534,41.82074],[-82.646328,41.820775],[-82.646084,41.820972],[-82.645428,41.821711],[-82.645398,41.821874],[-82.644863,41.822692],[-82.644589,41.82293],[-82.64423,41.823421],[-82.644116,41.823729],[-82.643521,41.824404],[-82.643307,41.824988],[-82.6433,41.824673],[-82.643208,41.824494],[-82.643323,41.824141],[-82.6433,41.823849],[-82.64349,41.823639],[-82.643483,41.823004],[-82.643742,41.822721],[-82.643757,41.822919],[-82.64394,41.822948],[-82.644177,41.822661],[-82.644024,41.822501],[-82.643574,41.822341],[-82.643269,41.82203],[-82.643353,41.821997],[-82.644444,41.822657],[-82.644597,41.822646],[-82.644818,41.822368],[-82.64481,41.822102],[-82.644123,41.821684],[-82.644207,41.821611],[-82.644307,41.821641],[-82.644391,41.821753],[-82.644917,41.822016],[-82.645062,41.821991],[-82.645558,41.821214],[-82.645436,41.82113],[-82.645199,41.821205],[-82.645077,41.82113],[-82.645253,41.821024],[-82.645687,41.820955],[-82.645733,41.820878],[-82.645657,41.820821],[-82.644116,41.821235],[-82.644612,41.821308],[-82.644551,41.821332],[-82.643719,41.821353],[-82.64378,41.821257],[-82.645032,41.820807],[-82.64436,41.820916],[-82.643246,41.821238],[-82.643505,41.821369],[-82.642552,41.821459],[-82.642094,41.821646],[-82.640111,41.821282],[-82.640034,41.821329],[-82.640454,41.821525],[-82.64098,41.821554],[-82.641331,41.821661],[-82.641034,41.821814],[-82.640759,41.821845],[-82.640271,41.821672],[-82.638195,41.82149],[-82.6376,41.821165],[-82.637349,41.821164],[-82.636219,41.820518],[-82.636486,41.820429],[-82.637761,41.820942],[-82.637799,41.820861],[-82.637646,41.820759],[-82.635014,41.819883],[-82.633954,41.819695],[-82.633915,41.821299],[-82.634305,41.822369],[-82.634396,41.822485],[-82.634389,41.822238],[-82.634564,41.822006],[-82.634686,41.822008],[-82.63448,41.822673],[-82.634648,41.823081],[-82.635014,41.823634],[-82.635914,41.825364],[-82.636723,41.827068],[-82.637219,41.827421],[-82.637333,41.827604],[-82.637509,41.82807],[-82.637814,41.828494],[-82.638898,41.830608],[-82.638997,41.830602],[-82.639202,41.830212],[-82.64069,41.828124],[-82.64053,41.828509],[-82.639851,41.829545],[-82.639309,41.830206],[-82.638989,41.830742],[-82.638844,41.830771],[-82.638432,41.830282],[-82.637135,41.827589],[-82.636845,41.82735],[-82.637982,41.829608],[-82.638729,41.830908],[-82.63892,41.830995],[-82.63905,41.830962],[-82.640019,41.82961],[-82.639676,41.830237],[-82.639203,41.830824],[-82.639035,41.831232],[-82.639248,41.831648],[-82.639355,41.831511],[-82.639386,41.831236],[-82.64024,41.830774],[-82.640202,41.831004],[-82.639943,41.831458],[-82.639859,41.831855],[-82.639584,41.832053],[-82.63934,41.831926],[-82.639103,41.832019],[-82.638592,41.831252]]],[[[-82.670644,42.530223],[-82.671721,42.529453],[-82.672381,42.528705],[-82.672941,42.528279],[-82.668605,42.53259],[-82.668959,42.531992],[-82.670644,42.530223]]],[[[-82.62708,42.55514],[-82.625687,42.555202],[-82.624893,42.554961],[-82.6238,42.554871],[-82.622496,42.554651],[-82.619778,42.553868],[-82.619287,42.553856],[-82.618591,42.553642],[-82.618248,42.553374],[-82.617896,42.552721],[-82.617479,42.55234],[-82.616511,42.551103],[-82.615473,42.550125],[-82.615159,42.549729],[-82.614642,42.54944],[-82.614101,42.548989],[-82.613741,42.548321],[-82.61353,42.548124],[-82.612668,42.547754],[-82.610786,42.547346],[-82.609926,42.547282],[-82.608673,42.546994],[-82.608035,42.547041],[-82.60789,42.546914],[-82.60808,42.546783],[-82.607901,42.546666],[-82.60607,42.546448],[-82.605836,42.546385],[-82.605782,42.546295],[-82.606787,42.546195],[-82.607402,42.54601],[-82.681696,42.519587],[-82.676942,42.524316],[-82.674914,42.525909],[-82.673812,42.526618],[-82.672953,42.527423],[-82.671716,42.528322],[-82.670214,42.529574],[-82.668284,42.531562],[-82.667467,42.532584],[-82.666699,42.533719],[-82.665471,42.535168],[-82.664818,42.535856],[-82.663184,42.537074],[-82.661254,42.539063],[-82.658984,42.540665],[-82.657745,42.541931],[-82.656707,42.542754],[-82.655705,42.543411],[-82.653525,42.544623],[-82.650983,42.54566],[-82.651092,42.546018],[-82.650958,42.54627],[-82.648215,42.548279],[-82.646116,42.549493],[-82.645813,42.550102],[-82.64543,42.550492],[-82.644717,42.550859],[-82.644106,42.550867],[-82.643666,42.551054],[-82.642885,42.551512],[-82.641554,42.552106],[-82.640292,42.552871],[-82.639737,42.553102],[-82.638235,42.554098],[-82.63712,42.554561],[-82.634643,42.554917],[-82.632194,42.555131],[-82.631247,42.555344],[-82.630462,42.555373],[-82.62708,42.55514]]],[[[-82.649362,42.548086],[-82.649276,42.548042],[-82.649561,42.547768],[-82.64972,42.547793],[-82.649362,42.548086]]],[[[-82.571492,42.568645],[-82.571116,42.568769],[-82.570768,42.569237],[-82.569981,42.569922],[-82.569111,42.570342],[-82.56872,42.570269],[-82.568746,42.570114],[-82.569048,42.570076],[-82.569673,42.569803],[-82.570303,42.569335],[-82.57062,42.568862],[-82.571434,42.568289],[-82.572,42.567649],[-82.57296,42.566884],[-82.573078,42.566749],[-82.573156,42.566438],[-82.573316,42.566516],[-82.57343,42.566789],[-82.573343,42.567019],[-82.571492,42.568645]]],[[[-82.568288,42.570324],[-82.568408,42.570159],[-82.568576,42.570093],[-82.568629,42.570353],[-82.568553,42.570428],[-82.568288,42.570324]]],[[[-82.568146,42.570419],[-82.568234,42.570404],[-82.568352,42.570574],[-82.56815,42.5705],[-82.568146,42.570419]]],[[[-82.510154,42.621419],[-82.510007,42.621376],[-82.510101,42.621231],[-82.510701,42.620845],[-82.510744,42.620592],[-82.510841,42.620591],[-82.510979,42.620733],[-82.510964,42.621103],[-82.510154,42.621419]]],[[[-82.497347,42.681267],[-82.497515,42.681165],[-82.497919,42.681196],[-82.496717,42.684012],[-82.496131,42.684002],[-82.49608,42.683913],[-82.497347,42.681267]]],[[[-82.490947,42.697407],[-82.491096,42.697486],[-82.49116,42.69762],[-82.491115,42.697765],[-82.490255,42.698569],[-82.490022,42.698536],[-82.48816,42.700325],[-82.488114,42.700415],[-82.48819,42.700558],[-82.48771,42.700898],[-82.487537,42.700819],[-82.487209,42.700382],[-82.487325,42.700092],[-82.488183,42.699226],[-82.490789,42.697445],[-82.490947,42.697407]]],[[[-82.48733,42.700831],[-82.487292,42.701309],[-82.487845,42.70195],[-82.488211,42.701927],[-82.488966,42.701332],[-82.49008,42.700948],[-82.492397,42.699297],[-82.49269,42.698789],[-82.492975,42.697444],[-82.492359,42.697199],[-82.49186,42.696792],[-82.493162,42.695586],[-82.494062,42.696439],[-82.494007,42.696719],[-82.493653,42.696723],[-82.493473,42.696816],[-82.493573,42.696922],[-82.494085,42.696907],[-82.494079,42.69715],[-82.493756,42.698469],[-82.49326,42.699682],[-82.493045,42.699865],[-82.49036,42.70144],[-82.49019,42.701469],[-82.489637,42.701828],[-82.489224,42.701914],[-82.488886,42.702098],[-82.488309,42.702439],[-82.488288,42.702583],[-82.487938,42.702777],[-82.487501,42.702387],[-82.486855,42.701404],[-82.486879,42.700846],[-82.487008,42.700619],[-82.487105,42.70059],[-82.48733,42.700831]]],[[[-82.489335,42.699922],[-82.490515,42.698718],[-82.490712,42.698788],[-82.490928,42.698641],[-82.490963,42.698577],[-82.490643,42.698446],[-82.491347,42.697789],[-82.491476,42.697544],[-82.491369,42.697167],[-82.491428,42.697094],[-82.49162,42.696966],[-82.492486,42.697423],[-82.492732,42.697474],[-82.492562,42.698556],[-82.492379,42.699063],[-82.492248,42.699218],[-82.491407,42.699769],[-82.490473,42.700529],[-82.489629,42.700963],[-82.489067,42.700952],[-82.488255,42.701746],[-82.487976,42.701786],[-82.487835,42.701545],[-82.487575,42.701377],[-82.487596,42.701224],[-82.48798,42.700958],[-82.488887,42.700063],[-82.489237,42.699897],[-82.489335,42.699922]]],[[[-82.478452,42.734671],[-82.478425,42.734563],[-82.478709,42.734686],[-82.478452,42.734671]]],[[[-82.469642,42.747492],[-82.469518,42.747439],[-82.469554,42.747403],[-82.469642,42.747492]]],[[[-82.466587,42.752169],[-82.466705,42.751978],[-82.466853,42.75203],[-82.466587,42.752169]]],[[[-82.466275,42.84563],[-82.466165,42.845631],[-82.466164,42.845577],[-82.466275,42.84563]]],[[[-82.466431,42.880135],[-82.466158,42.879977],[-82.464868,42.879813],[-82.464136,42.879895],[-82.464108,42.879751],[-82.464388,42.879189],[-82.464936,42.878534],[-82.464858,42.878355],[-82.464655,42.878555],[-82.463946,42.879654],[-82.46393,42.880005],[-82.463685,42.879991],[-82.463721,42.879459],[-82.463229,42.879357],[-82.463263,42.879258],[-82.463745,42.879431],[-82.4638,42.879179],[-82.463468,42.879102],[-82.463824,42.879133],[-82.464138,42.878427],[-82.463707,42.878333],[-82.463741,42.878216],[-82.464186,42.878381],[-82.464671,42.877664],[-82.464704,42.878059],[-82.464898,42.877967],[-82.465037,42.877623],[-82.465021,42.876966],[-82.465158,42.875505],[-82.465453,42.87452],[-82.465392,42.873503],[-82.465575,42.871898],[-82.465947,42.871083],[-82.466258,42.870772],[-82.466349,42.870456],[-82.466493,42.870328],[-82.466954,42.870169],[-82.467029,42.870222],[-82.467012,42.870529],[-82.466778,42.870982],[-82.466685,42.871721],[-82.466879,42.872187],[-82.466763,42.872459],[-82.466869,42.872791],[-82.466851,42.873034],[-82.467022,42.873572],[-82.467274,42.873857],[-82.467417,42.874215],[-82.467511,42.875565],[-82.46767,42.876085],[-82.467897,42.876371],[-82.467961,42.877027],[-82.468358,42.877724],[-82.468619,42.878424],[-82.468661,42.87917],[-82.468997,42.880427],[-82.469003,42.880688],[-82.468667,42.880953],[-82.468624,42.881224],[-82.468038,42.881285],[-82.467908,42.880972],[-82.467658,42.881281],[-82.466863,42.881319],[-82.466776,42.881248],[-82.466611,42.880484],[-82.466431,42.880135]]],[[[-82.467421,42.883166],[-82.467234,42.883007],[-82.467049,42.882433],[-82.466835,42.881679],[-82.466904,42.881507],[-82.467003,42.881542],[-82.467157,42.882342],[-82.467421,42.883166]]],[[[-82.466592,42.88125],[-82.466562,42.88153],[-82.46674,42.881824],[-82.466812,42.882283],[-82.467734,42.884981],[-82.467738,42.885135],[-82.467496,42.885291],[-82.465778,42.880468],[-82.465695,42.880064],[-82.46639,42.880487],[-82.466592,42.88125]]],[[[-82.464521,42.880124],[-82.464518,42.880025],[-82.464615,42.87997],[-82.464714,42.880031],[-82.464722,42.880338],[-82.46526,42.88187],[-82.465437,42.88212],[-82.46547,42.881949],[-82.464837,42.880057],[-82.465077,42.88036],[-82.466658,42.885068],[-82.466843,42.88565],[-82.466531,42.885898],[-82.466059,42.884607],[-82.465882,42.883826],[-82.464521,42.880124]]],[[[-82.464223,42.880488],[-82.46435,42.880675],[-82.464998,42.88272],[-82.465164,42.88297],[-82.465182,42.882727],[-82.46499,42.882369],[-82.464287,42.8801],[-82.464386,42.880117],[-82.465622,42.883703],[-82.465837,42.884538],[-82.466279,42.885621],[-82.466326,42.886035],[-82.466061,42.886219],[-82.464373,42.881143],[-82.464223,42.880488]]],[[[-82.467662,42.88609],[-82.467679,42.886306],[-82.467356,42.886598],[-82.466644,42.886022],[-82.46779,42.885287],[-82.467768,42.885918],[-82.467662,42.88609]]],[[[-82.465638,42.886476],[-82.465564,42.886441],[-82.465602,42.88545],[-82.46595,42.886193],[-82.465638,42.886476]]],[[[-82.467278,42.886923],[-82.466733,42.887174],[-82.466121,42.88774],[-82.46583,42.887329],[-82.465571,42.886729],[-82.465605,42.886603],[-82.466475,42.886105],[-82.467325,42.886833],[-82.467278,42.886923]]],[[[-82.468379,42.886396],[-82.468285,42.886532],[-82.467861,42.886745],[-82.467142,42.887384],[-82.46718,42.887456],[-82.46735,42.887391],[-82.468648,42.886339],[-82.468181,42.88575],[-82.467439,42.8834],[-82.467449,42.88331],[-82.467535,42.8833],[-82.467671,42.88337],[-82.467904,42.883908],[-82.468845,42.884319],[-82.468789,42.884554],[-82.468931,42.885389],[-82.468854,42.885733],[-82.468578,42.886006],[-82.468973,42.886109],[-82.468996,42.887604],[-82.46909,42.887963],[-82.469398,42.888022],[-82.469375,42.888085],[-82.469043,42.888026],[-82.46882,42.888462],[-82.468639,42.888563],[-82.468585,42.888852],[-82.469042,42.889017],[-82.468959,42.889135],[-82.468933,42.889055],[-82.468549,42.888897],[-82.468224,42.889109],[-82.468445,42.889169],[-82.468411,42.889268],[-82.468151,42.889164],[-82.467606,42.889432],[-82.465528,42.891142],[-82.4649,42.891502],[-82.464822,42.891809],[-82.464702,42.891936],[-82.464519,42.891957],[-82.464186,42.891844],[-82.464096,42.891674],[-82.464082,42.891089],[-82.464766,42.890504],[-82.466427,42.887736],[-82.466654,42.887472],[-82.468379,42.886396]]],[[[-82.467184,42.890202],[-82.46651,42.890688],[-82.46691,42.890548],[-82.467511,42.890072],[-82.467682,42.890034],[-82.467615,42.890314],[-82.467271,42.890769],[-82.466164,42.891593],[-82.46553,42.891746],[-82.465527,42.89162],[-82.465787,42.891193],[-82.466385,42.890573],[-82.467397,42.889894],[-82.467184,42.890202]]],[[[-82.463605,42.106419],[-82.464763,42.106458],[-82.46472,42.107073],[-82.462792,42.108157],[-82.462836,42.107488],[-82.462196,42.107465],[-82.462208,42.107284],[-82.462981,42.107312],[-82.463017,42.106751],[-82.463735,42.106775],[-82.463605,42.106419]]],[[[-81.90963,42.25599],[-81.909751,42.256016],[-81.909496,42.255964],[-81.90963,42.25599]]],[[[-81.907697,42.25905],[-81.909075,42.254482],[-81.909384,42.253487],[-81.907697,42.25905]]],[[[-81.92122,42.259329],[-81.921317,42.259347],[-81.921098,42.259312],[-81.92122,42.259329]]],[[[-81.925051,42.260136],[-81.925148,42.260162],[-81.924978,42.260119],[-81.925051,42.260136]]],[[[-81.926364,42.260404],[-81.926486,42.260431],[-81.926279,42.260387],[-81.926364,42.260404]]],[[[-81.1508,42.780036],[-81.157293,42.77924],[-81.157545,42.780466],[-81.157432,42.7826],[-81.151028,42.782537],[-81.1508,42.780036]]],[[[-82.460724,42.894626],[-82.460566,42.894682],[-82.460503,42.89461],[-82.460699,42.894581],[-82.46037,42.894144],[-82.460261,42.894199],[-82.46021,42.894128],[-82.460356,42.89409],[-82.460113,42.893625],[-82.459954,42.893645],[-82.459928,42.893582],[-82.4601,42.893598],[-82.459941,42.893078],[-82.459733,42.893098],[-82.459719,42.893036],[-82.459915,42.893033],[-82.459884,42.892754],[-82.459713,42.892765],[-82.459711,42.892702],[-82.459883,42.8927],[-82.459854,42.892529],[-82.459646,42.89255],[-82.45962,42.892478],[-82.45984,42.892458],[-82.459818,42.892017],[-82.459499,42.89203],[-82.459496,42.891904],[-82.459816,42.891972],[-82.459784,42.89163],[-82.459429,42.891643],[-82.459427,42.891545],[-82.459795,42.891585],[-82.459753,42.890838],[-82.459288,42.890835],[-82.459284,42.890691],[-82.459382,42.890699],[-82.459384,42.890779],[-82.45974,42.890784],[-82.459762,42.890694],[-82.459674,42.890605],[-82.459642,42.890308],[-82.459677,42.889704],[-82.459597,42.889408],[-82.459594,42.888787],[-82.459491,42.888563],[-82.459173,42.888594],[-82.459216,42.888305],[-82.459338,42.888313],[-82.45933,42.888484],[-82.459502,42.8885],[-82.459847,42.888054],[-82.460055,42.887538],[-82.459986,42.887215],[-82.459863,42.887207],[-82.459862,42.887135],[-82.459972,42.887134],[-82.459925,42.886702],[-82.45963,42.886661],[-82.459674,42.886462],[-82.459773,42.886479],[-82.459727,42.886624],[-82.459923,42.886639],[-82.460147,42.886258],[-82.45984,42.886208],[-82.459874,42.886091],[-82.460182,42.886186],[-82.460289,42.886049],[-82.459981,42.885954],[-82.460028,42.885872],[-82.460312,42.885995],[-82.460526,42.885686],[-82.460617,42.885433],[-82.460248,42.885356],[-82.460271,42.885266],[-82.46064,42.885369],[-82.460816,42.885016],[-82.460483,42.884921],[-82.460827,42.884962],[-82.460896,42.884799],[-82.460601,42.884722],[-82.460635,42.884622],[-82.460932,42.884753],[-82.461001,42.884572],[-82.460705,42.884477],[-82.46074,42.884396],[-82.461037,42.884527],[-82.461107,42.884391],[-82.460859,42.884259],[-82.460906,42.884177],[-82.461042,42.884212],[-82.461006,42.884275],[-82.46113,42.884346],[-82.461307,42.884055],[-82.461073,42.883977],[-82.461107,42.883887],[-82.461318,42.884001],[-82.461576,42.883493],[-82.461317,42.883425],[-82.461375,42.883307],[-82.461575,42.883457],[-82.461857,42.882967],[-82.461611,42.882899],[-82.461669,42.882781],[-82.461792,42.882815],[-82.461745,42.882897],[-82.461881,42.882922],[-82.461972,42.882633],[-82.461762,42.882573],[-82.461821,42.882473],[-82.461995,42.882597],[-82.462572,42.881599],[-82.462314,42.881575],[-82.462361,42.881493],[-82.462595,42.881562],[-82.462678,42.881426],[-82.462555,42.881392],[-82.462689,42.88139],[-82.462842,42.881127],[-82.462509,42.881005],[-82.462556,42.880924],[-82.462854,42.881082],[-82.462948,42.880919],[-82.462652,42.880832],[-82.462699,42.88075],[-82.462971,42.880873],[-82.463053,42.880719],[-82.462769,42.880624],[-82.463089,42.880682],[-82.463208,42.880537],[-82.462849,42.88037],[-82.463232,42.880501],[-82.46335,42.880319],[-82.462919,42.880207],[-82.462966,42.880153],[-82.463386,42.880291],[-82.463651,42.880117],[-82.463822,42.880115],[-82.463972,42.88023],[-82.46408,42.881174],[-82.464296,42.881496],[-82.464608,42.882761],[-82.464734,42.88294],[-82.465496,42.885118],[-82.465373,42.88611],[-82.465394,42.887011],[-82.466045,42.888155],[-82.464631,42.890478],[-82.463984,42.891072],[-82.463891,42.891307],[-82.463892,42.891848],[-82.463651,42.892544],[-82.462374,42.894487],[-82.462071,42.895113],[-82.462405,42.895252],[-82.462941,42.895129],[-82.462353,42.895127],[-82.46224,42.895011],[-82.46304,42.893651],[-82.463551,42.892969],[-82.463578,42.893067],[-82.463179,42.893802],[-82.463462,42.893879],[-82.46344,42.893979],[-82.463168,42.893883],[-82.463188,42.89472],[-82.463037,42.895596],[-82.462663,42.895817],[-82.462002,42.895843],[-82.461103,42.895089],[-82.460884,42.895173],[-82.460809,42.895102],[-82.461052,42.895045],[-82.460724,42.894626]]],[[[-81.887048,42.951674],[-81.887489,42.951678],[-81.887488,42.951884],[-81.887046,42.95188],[-81.887048,42.951674]]],[[[-81.200222,43.456186],[-81.201277,43.456662],[-81.200613,43.457443],[-81.199557,43.456968],[-81.200222,43.456186]]],[[[-81.007073,44.159849],[-81.005971,44.160051],[-81.0059,44.159786],[-81.007002,44.159592],[-81.007073,44.159849]]],[[[-81.400731,44.489155],[-81.40212,44.486424],[-81.405198,44.485729],[-81.407536,44.487859],[-81.406055,44.492465],[-81.399365,44.494271],[-81.400731,44.489155]]],[[[-81.619936,45.337445],[-81.619346,45.337178],[-81.619331,45.336971],[-81.61952,45.336754],[-81.619991,45.336589],[-81.619856,45.337058],[-81.620628,45.337702],[-81.621898,45.338244],[-81.623223,45.339146],[-81.623912,45.339124],[-81.624232,45.339231],[-81.624593,45.339589],[-81.624647,45.339859],[-81.624256,45.340302],[-81.623847,45.340277],[-81.622651,45.339455],[-81.621939,45.338487],[-81.621759,45.338353],[-81.621361,45.338202],[-81.620799,45.338133],[-81.620349,45.337866],[-81.619936,45.337445]]],[[[-81.625847,45.339924],[-81.62545,45.3398],[-81.625628,45.339682],[-81.62596,45.339662],[-81.626343,45.339687],[-81.626471,45.339768],[-81.626447,45.339831],[-81.625847,45.339924]]],[[[-81.665204,45.355697],[-81.665231,45.355796],[-81.665117,45.355905],[-81.664836,45.35587],[-81.664437,45.355567],[-81.664332,45.355378],[-81.664496,45.355143],[-81.664842,45.355267],[-81.665204,45.355697]]],[[[-81.761059,45.393608],[-81.761696,45.393477],[-81.761949,45.393296],[-81.762199,45.392844],[-81.762744,45.392579],[-81.763018,45.39201],[-81.763692,45.391826],[-81.764401,45.391353],[-81.76477,45.391198],[-81.765445,45.391076],[-81.766993,45.391228],[-81.767586,45.391575],[-81.767859,45.391942],[-81.767826,45.39232],[-81.76742,45.392593],[-81.76731,45.392882],[-81.76703,45.393001],[-81.766956,45.393181],[-81.766575,45.393364],[-81.766411,45.393554],[-81.766347,45.393527],[-81.765942,45.393827],[-81.765769,45.394251],[-81.764525,45.394791],[-81.763428,45.39496],[-81.762265,45.394905],[-81.761287,45.394389],[-81.760903,45.394356],[-81.760773,45.394168],[-81.760784,45.394033],[-81.761059,45.393608]]],[[[-80.887484,46.422027],[-80.888856,46.421721],[-80.889481,46.422196],[-80.889417,46.420731],[-80.89586,46.420734],[-80.895816,46.427823],[-80.894387,46.427829],[-80.892824,46.427308],[-80.890965,46.426357],[-80.889412,46.425184],[-80.889697,46.424712],[-80.88936,46.42426],[-80.889215,46.423677],[-80.889588,46.422743],[-80.889498,46.422478],[-80.888776,46.42193],[-80.88749,46.422216],[-80.885961,46.421927],[-80.885632,46.422171],[-80.88546,46.422034],[-80.885883,46.421721],[-80.887484,46.422027]]],[[[-80.891889,46.427832],[-80.885499,46.427826],[-80.885395,46.423241],[-80.889194,46.426269],[-80.890548,46.427171],[-80.891889,46.427832]]],[[[-81.368109,49.854903],[-81.369641,49.857088],[-81.370571,49.857623],[-81.371602,49.857798],[-81.372817,49.85779],[-81.373665,49.858049],[-81.374303,49.858414],[-81.374729,49.85884],[-81.374902,49.859357],[-81.374741,49.859759],[-81.374455,49.860017],[-81.374261,49.860628],[-81.373688,49.861233],[-81.372976,49.861285],[-81.372579,49.861453],[-81.372036,49.862782],[-81.37185,49.863842],[-81.3714,49.865029],[-81.371564,49.865604],[-81.371915,49.86633],[-81.371639,49.866436],[-81.371351,49.866332],[-81.371006,49.866364],[-81.370809,49.86649],[-81.370551,49.867277],[-81.370254,49.867737],[-81.370274,49.868274],[-81.370056,49.868768],[-81.369438,49.869251],[-81.369028,49.869687],[-81.368939,49.86995],[-81.368976,49.870449],[-81.369062,49.870687],[-81.369516,49.871117],[-81.36956,49.871262],[-81.369414,49.871838],[-81.369145,49.872226],[-81.36941,49.87337],[-81.368959,49.873556],[-81.368226,49.873563],[-81.367298,49.873817],[-81.367063,49.87405],[-81.366987,49.874406],[-81.366781,49.874798],[-81.36624,49.874988],[-81.36618,49.875253],[-81.36632,49.875558],[-81.367153,49.875846],[-81.36732,49.876097],[-81.367221,49.876483],[-81.368008,49.877074],[-81.368055,49.877459],[-81.367757,49.877936],[-81.367839,49.878073],[-81.368158,49.878214],[-81.368305,49.87844],[-81.368363,49.878672],[-81.368202,49.878983],[-81.368214,49.879224],[-81.368454,49.879773],[-81.369283,49.880016],[-81.369563,49.880208],[-81.36984,49.880834],[-81.370217,49.881191],[-81.37039,49.881649],[-81.370513,49.881783],[-81.371272,49.881929],[-81.3714,49.910897],[-81.326093,49.910988],[-81.325791,49.853114],[-81.368565,49.853027],[-81.368173,49.853478],[-81.367821,49.854205],[-81.368109,49.854903]]],[[[-80.486762,51.073966],[-80.613135,51.073966],[-80.762746,51.073744],[-80.758067,51.079067],[-80.756238,51.081978],[-80.755297,51.08327],[-80.754311,51.08508],[-80.753928,51.08599],[-80.753685,51.087924],[-80.75388,51.089672],[-80.75536,51.092131],[-80.756731,51.094751],[-80.757808,51.097165],[-80.758436,51.09813],[-80.76024,51.099874],[-80.763366,51.10242],[-80.764245,51.10332],[-80.764298,51.104926],[-80.764158,51.105512],[-80.763647,51.105849],[-80.76,51.107102],[-80.759089,51.107542],[-80.756194,51.10985],[-80.750897,51.112606],[-80.750282,51.113068],[-80.750022,51.113391],[-80.749526,51.114808],[-80.743219,51.118105],[-80.740707,51.1197],[-80.737682,51.121273],[-80.736077,51.121968],[-80.736116,51.122359],[-80.736631,51.122726],[-80.736479,51.123105],[-80.733355,51.125082],[-80.73146,51.126169],[-80.729495,51.127716],[-80.724963,51.133966],[-80.724528,51.13516],[-80.723746,51.138135],[-80.723444,51.140199],[-80.723473,51.14122],[-80.723852,51.143336],[-80.72419,51.144647],[-80.724223,51.145361],[-80.717889,51.149382],[-80.716362,51.150539],[-80.711463,51.153384],[-80.708101,51.154652],[-80.699478,51.15834],[-80.691246,51.160741],[-80.486788,51.160847],[-80.486762,51.073966]]],[[[-80.58821,51.261784],[-80.594241,51.259533],[-80.595359,51.258814],[-80.596174,51.258401],[-80.597562,51.25727],[-80.598178,51.257053],[-80.598855,51.25631],[-80.599542,51.256084],[-80.600461,51.25538],[-80.601401,51.25484],[-80.601493,51.254892],[-80.596737,51.258371],[-80.594464,51.25965],[-80.585815,51.263261],[-80.58542,51.263123],[-80.58821,51.261784]]],[[[-80.577799,51.272353],[-80.579593,51.269842],[-80.580826,51.268529],[-80.581301,51.267775],[-80.582704,51.266596],[-80.583254,51.265903],[-80.584317,51.264289],[-80.585459,51.264687],[-80.586506,51.263501],[-80.586101,51.26336],[-80.594641,51.259793],[-80.596944,51.258497],[-80.601706,51.255013],[-80.603431,51.256028],[-80.611505,51.264732],[-80.611061,51.265315],[-80.609453,51.26653],[-80.605545,51.268076],[-80.603692,51.269817],[-80.601258,51.270988],[-80.59641,51.273504],[-80.592526,51.275015],[-80.591421,51.275608],[-80.59005,51.276162],[-80.588219,51.276653],[-80.586491,51.276808],[-80.583441,51.276917],[-80.581085,51.276815],[-80.579729,51.276564],[-80.577966,51.275564],[-80.577683,51.275334],[-80.576525,51.273762],[-80.576573,51.273305],[-80.577799,51.272353]]],[[[-80.529555,51.316573],[-80.53201,51.316394],[-80.533347,51.316166],[-80.536988,51.315137],[-80.542142,51.313386],[-80.544875,51.31265],[-80.547294,51.311761],[-80.550019,51.31044],[-80.553488,51.309222],[-80.557033,51.307671],[-80.559754,51.30662],[-80.562287,51.305802],[-80.566214,51.304684],[-80.567395,51.304166],[-80.568273,51.303882],[-80.570544,51.303369],[-80.576602,51.301332],[-80.580792,51.299629],[-80.583371,51.298361],[-80.58874,51.296186],[-80.592715,51.294339],[-80.594315,51.293454],[-80.596316,51.292634],[-80.598681,51.29114],[-80.600079,51.29039],[-80.601737,51.28937],[-80.602428,51.289049],[-80.60508,51.287493],[-80.608537,51.285644],[-80.609991,51.284992],[-80.612119,51.284235],[-80.613041,51.283797],[-80.614522,51.283289],[-80.615643,51.283023],[-80.617024,51.282425],[-80.617484,51.282292],[-80.618704,51.282188],[-80.619309,51.281812],[-80.62315,51.280287],[-80.626877,51.278636],[-80.628187,51.277902],[-80.633613,51.275321],[-80.634811,51.274353],[-80.635904,51.273844],[-80.63687,51.273218],[-80.639006,51.271363],[-80.639712,51.270916],[-80.640905,51.270497],[-80.641412,51.269743],[-80.64186,51.269331],[-80.645941,51.266178],[-80.648993,51.264443],[-80.652177,51.262231],[-80.653386,51.261578],[-80.654467,51.260781],[-80.654584,51.260467],[-80.654901,51.260234],[-80.655878,51.259859],[-80.658254,51.258328],[-80.659179,51.257279],[-80.661219,51.254695],[-80.661926,51.25396],[-80.662747,51.25336],[-80.66338,51.253029],[-80.663555,51.252634],[-80.664177,51.251889],[-80.66533,51.250867],[-80.666111,51.249925],[-80.666246,51.249143],[-80.666608,51.248605],[-80.666866,51.248391],[-80.666903,51.248048],[-80.666758,51.247634],[-80.666459,51.247355],[-80.666304,51.246985],[-80.665933,51.246759],[-80.665385,51.245274],[-80.665292,51.244249],[-80.665098,51.243421],[-80.665103,51.242774],[-80.665661,51.240905],[-80.665921,51.240501],[-80.666491,51.238947],[-80.667273,51.237798],[-80.667622,51.237071],[-80.668171,51.236434],[-80.668854,51.235141],[-80.66965,51.233893],[-80.670405,51.232466],[-80.670858,51.231244],[-80.672075,51.229296],[-80.673107,51.227159],[-80.674077,51.225669],[-80.674281,51.225157],[-80.674477,51.22379],[-80.675105,51.222084],[-80.675731,51.220575],[-80.676412,51.21948],[-80.677133,51.218663],[-80.677525,51.218008],[-80.678129,51.217515],[-80.679528,51.216089],[-80.681401,51.214386],[-80.682815,51.212807],[-80.683524,51.211757],[-80.684749,51.210573],[-80.685068,51.210026],[-80.685659,51.209425],[-80.686295,51.208464],[-80.686915,51.207746],[-80.68816,51.205763],[-80.688499,51.204298],[-80.688805,51.203471],[-80.689095,51.20295],[-80.689045,51.201925],[-80.688706,51.201223],[-80.688722,51.20089],[-80.689125,51.200559],[-80.6894,51.200137],[-80.690451,51.199321],[-80.690597,51.198863],[-80.691304,51.19793],[-80.691865,51.19758],[-80.691768,51.197041],[-80.692405,51.195963],[-80.69324,51.195174],[-80.693516,51.19468],[-80.694222,51.193927],[-80.694498,51.193307],[-80.695132,51.192697],[-80.695191,51.192392],[-80.69558,51.191916],[-80.695697,51.191602],[-80.696114,51.191234],[-80.696202,51.190892],[-80.696994,51.190184],[-80.697068,51.189906],[-80.697384,51.189583],[-80.697457,51.189376],[-80.698105,51.188757],[-80.698252,51.188263],[-80.699273,51.187447],[-80.699533,51.187133],[-80.699679,51.186648],[-80.701651,51.184792],[-80.702873,51.183905],[-80.704423,51.183189],[-80.704796,51.182938],[-80.705114,51.182481],[-80.705531,51.182104],[-80.705818,51.182033],[-80.706163,51.1818],[-80.706936,51.181712],[-80.708341,51.181284],[-80.708428,51.181086],[-80.707643,51.180796],[-80.707832,51.180311],[-80.707819,51.18014],[-80.707676,51.180041],[-80.706718,51.180012],[-80.70659,51.179913],[-80.70662,51.179589],[-80.70698,51.179248],[-80.708403,51.178271],[-80.709338,51.177465],[-80.709898,51.177088],[-80.711404,51.176445],[-80.712508,51.176114],[-80.713469,51.175613],[-80.714529,51.1754],[-80.716877,51.175127],[-80.71745,51.174958],[-80.717695,51.174742],[-80.717967,51.174671],[-80.720057,51.174478],[-80.722917,51.174611],[-80.723274,51.174747],[-80.723472,51.175044],[-80.724046,51.174677],[-80.726666,51.174323],[-80.728043,51.173787],[-80.72912,51.173106],[-80.730829,51.17186],[-80.731805,51.171341],[-80.733195,51.170831],[-80.734057,51.170258],[-80.734729,51.170232],[-80.736373,51.170344],[-80.738391,51.170231],[-80.739379,51.169973],[-80.740238,51.169948],[-80.741743,51.169376],[-80.743447,51.168903],[-80.743864,51.168643],[-80.744509,51.168393],[-80.745568,51.168251],[-80.746628,51.167876],[-80.750137,51.167128],[-80.752358,51.166323],[-80.755465,51.165718],[-80.756926,51.165254],[-80.758143,51.165031],[-80.758572,51.165023],[-80.758615,51.164942],[-80.760233,51.164586],[-80.762666,51.164294],[-80.765026,51.164263],[-80.766241,51.164391],[-80.766869,51.164618],[-80.767214,51.164303],[-80.767472,51.164205],[-80.770203,51.164381],[-80.771518,51.164555],[-80.774221,51.164578],[-80.777755,51.164189],[-80.778357,51.163938],[-80.779674,51.163662],[-80.780777,51.163242],[-80.781782,51.162425],[-80.782097,51.162327],[-80.782759,51.161429],[-80.783576,51.161008],[-80.784206,51.160847],[-80.78804,51.16053],[-80.7892,51.160299],[-80.7893,51.160236],[-80.789215,51.160155],[-80.7882,51.160153],[-80.785023,51.160453],[-80.784823,51.16038],[-80.784739,51.160129],[-80.785227,51.159806],[-80.785971,51.159645],[-80.787017,51.159108],[-80.788951,51.15841],[-80.791172,51.157461],[-80.794837,51.156496],[-80.797155,51.156014],[-80.803012,51.154091],[-80.8041,51.153904],[-80.805259,51.153591],[-80.806075,51.15326],[-80.806577,51.152901],[-80.807838,51.152373],[-80.812303,51.151319],[-80.814322,51.150701],[-80.814665,51.15072],[-80.814879,51.150837],[-80.815522,51.150775],[-80.81498,51.150622],[-80.81498,51.150496],[-80.81508,51.150415],[-80.81694,51.150175],[-80.81916,51.149216],[-80.819118,51.149027],[-80.81929,51.14892],[-80.820907,51.148365],[-80.82108,51.148131],[-80.821109,51.147942],[-80.821911,51.147557],[-80.822698,51.147387],[-80.823129,51.147028],[-80.823129,51.146902],[-80.822972,51.146812],[-80.823087,51.146597],[-80.823731,51.146517],[-80.82429,51.146203],[-80.82429,51.146041],[-80.824662,51.145942],[-80.825251,51.145314],[-80.826797,51.144651],[-80.829219,51.143171],[-80.831346,51.142145],[-80.865453,51.142176],[-80.866437,51.403391],[-80.657948,51.403822],[-80.434082,51.40395],[-80.433994,51.403231],[-80.432983,51.401293],[-80.432916,51.400915],[-80.43308,51.400412],[-80.433865,51.399768],[-80.434113,51.399437],[-80.434037,51.398591],[-80.433701,51.397888],[-80.433347,51.397446],[-80.43304,51.396671],[-80.432914,51.395232],[-80.432634,51.394646],[-80.432658,51.393882],[-80.432403,51.393557],[-80.432376,51.393386],[-80.432471,51.392739],[-80.431777,51.390685],[-80.431813,51.390155],[-80.43232,51.38862],[-80.432179,51.388421],[-80.431894,51.388249],[-80.431671,51.387645],[-80.431748,51.387286],[-80.432246,51.38647],[-80.431901,51.385345],[-80.431993,51.384755],[-80.431806,51.384048],[-80.431813,51.383464],[-80.431976,51.383051],[-80.432778,51.382173],[-80.432567,51.380644],[-80.432562,51.379861],[-80.432785,51.379269],[-80.432941,51.378218],[-80.432819,51.377651],[-80.43287,51.377048],[-80.433091,51.376591],[-80.433382,51.376278],[-80.434121,51.375796],[-80.435038,51.374784],[-80.435661,51.374436],[-80.437941,51.373566],[-80.440688,51.372167],[-80.442016,51.371607],[-80.442866,51.37144],[-80.443894,51.370807],[-80.444932,51.37047],[-80.447936,51.369144],[-80.447967,51.368983],[-80.449037,51.368421],[-80.449371,51.368126],[-80.45233,51.366953],[-80.454136,51.366044],[-80.458304,51.364661],[-80.460185,51.363465],[-80.461458,51.362751],[-80.462107,51.362484],[-80.463193,51.361734],[-80.463959,51.361333],[-80.465378,51.360332],[-80.467212,51.359486],[-80.46879,51.358415],[-80.471102,51.357229],[-80.472708,51.356202],[-80.474803,51.355114],[-80.477303,51.353687],[-80.47865,51.352668],[-80.478985,51.352283],[-80.4803,51.351542],[-80.480851,51.35105],[-80.482371,51.350005],[-80.483994,51.348681],[-80.485525,51.347888],[-80.486407,51.347316],[-80.487164,51.346393],[-80.487127,51.345907],[-80.48797,51.342413],[-80.487962,51.341874],[-80.487666,51.34136],[-80.487083,51.340791],[-80.487087,51.340494],[-80.488707,51.336823],[-80.489323,51.335594],[-80.489628,51.335299],[-80.489645,51.335029],[-80.491031,51.331762],[-80.492752,51.328011],[-80.49373,51.326495],[-80.495156,51.324712],[-80.497052,51.323263],[-80.499002,51.322094],[-80.5,51.321361],[-80.501329,51.320584],[-80.503392,51.319559],[-80.50456,51.319078],[-80.50791,51.318436],[-80.511187,51.318],[-80.514559,51.317987],[-80.516139,51.317886],[-80.519715,51.31755],[-80.521784,51.317261],[-80.525359,51.317069],[-80.529555,51.316573]]],[[[-79.096119,43.054507],[-79.096289,43.054389],[-79.096327,43.055014],[-79.097439,43.055008],[-79.097441,43.055477],[-79.098728,43.055435],[-79.100564,43.055232],[-79.093892,43.059328],[-79.093721,43.056495],[-79.0946,43.056467],[-79.094546,43.055571],[-79.095722,43.055533],[-79.095654,43.05441],[-79.095886,43.054515],[-79.096119,43.054507]]],[[[-79.061528,43.05645],[-79.064235,43.056924],[-79.063073,43.057849],[-79.062135,43.057684],[-79.062764,43.058222],[-79.062971,43.061392],[-79.056045,43.059317],[-79.058709,43.057639],[-79.059208,43.058066],[-79.059316,43.057881],[-79.059238,43.057813],[-79.06042,43.057151],[-79.060017,43.056809],[-79.06039,43.056572],[-79.060793,43.056914],[-79.061528,43.05645]]],[[[-79.083513,43.062517],[-79.083519,43.06571],[-79.08345,43.066184],[-79.083275,43.06654],[-79.078104,43.066684],[-79.077909,43.062729],[-79.083513,43.062517]]],[[[-79.81991,43.182243],[-79.819787,43.182523],[-79.819429,43.18244],[-79.819553,43.18216],[-79.81991,43.182243]]],[[[-80.296122,43.296697],[-80.295734,43.296763],[-80.295463,43.296022],[-80.295851,43.295956],[-80.296122,43.296697]]],[[[-80.194793,43.532919],[-80.195276,43.53337],[-80.196589,43.532374],[-80.199582,43.534567],[-80.197614,43.536041],[-80.194086,43.533456],[-80.194793,43.532919]]],[[[-80.321149,43.895647],[-80.319939,43.895844],[-80.31933,43.895186],[-80.319436,43.895131],[-80.319183,43.894451],[-80.319589,43.894396],[-80.319351,43.893735],[-80.31821,43.888704],[-80.3226,43.887803],[-80.324633,43.897011],[-80.324251,43.897091],[-80.324436,43.897865],[-80.321351,43.898502],[-80.321255,43.898095],[-80.319966,43.898387],[-80.320055,43.898772],[-80.319282,43.898934],[-80.319097,43.898141],[-80.321114,43.897718],[-80.320759,43.896385],[-80.321374,43.896351],[-80.321149,43.895647]]],[[[-77.540438,43.900069],[-77.539828,43.900055],[-77.542213,43.899345],[-77.542832,43.899259],[-77.543135,43.899369],[-77.542981,43.899553],[-77.542417,43.899764],[-77.540438,43.900069]]],[[[-79.717685,44.27022],[-79.717736,44.27035],[-79.718452,44.270187],[-79.719109,44.271667],[-79.719359,44.271692],[-79.718344,44.272386],[-79.718911,44.272682],[-79.718477,44.273133],[-79.718793,44.273311],[-79.718573,44.273513],[-79.718953,44.273701],[-79.718816,44.273873],[-79.718654,44.27509],[-79.71869,44.275558],[-79.71924,44.275434],[-79.719537,44.276124],[-79.715905,44.276943],[-79.714365,44.270984],[-79.717685,44.27022]]],[[[-74.493756,45.071321],[-74.493706,45.071149],[-74.493808,45.071204],[-74.493831,45.071393],[-74.493754,45.071483],[-74.49322,45.071525],[-74.493501,45.071355],[-74.493439,45.071238],[-74.493756,45.071321]]],[[[-74.4912,45.100404],[-74.491112,45.100322],[-74.491278,45.100206],[-74.49138,45.100233],[-74.491379,45.100332],[-74.4912,45.100404]]],[[[-74.448787,45.12408],[-74.448609,45.124043],[-74.448586,45.123782],[-74.448982,45.12363],[-74.449196,45.12383],[-74.448787,45.12408]]],[[[-75.440504,45.343426],[-75.440162,45.342784],[-75.441615,45.342402],[-75.441957,45.343044],[-75.440504,45.343426]]],[[[-76.352832,45.455873],[-76.352655,45.455929],[-76.352627,45.455839],[-76.352802,45.455684],[-76.352832,45.455873]]],[[[-76.296743,45.463473],[-76.296537,45.463394],[-76.296959,45.463389],[-76.296743,45.463473]]],[[[-76.297334,45.463583],[-76.297631,45.463688],[-76.297402,45.463771],[-76.296783,45.463517],[-76.297126,45.46345],[-76.297334,45.463583]]],[[[-74.996833,45.540341],[-74.996575,45.540548],[-74.99764,45.541359],[-74.997873,45.541204],[-74.997866,45.541127],[-74.998363,45.541505],[-74.998295,45.54155],[-74.999293,45.542265],[-74.997936,45.543166],[-74.99786,45.543319],[-74.997635,45.543352],[-74.99749,45.543262],[-74.997507,45.543104],[-74.996439,45.542783],[-74.997422,45.542131],[-74.996712,45.54159],[-74.996902,45.541466],[-74.996195,45.540928],[-74.995318,45.541511],[-74.994515,45.541237],[-74.99534,45.540689],[-74.995548,45.540847],[-74.995892,45.540621],[-74.996129,45.540802],[-74.996833,45.540341]]],[[[-80.072954,46.973569],[-80.073892,46.973234],[-80.074645,46.974166],[-80.073698,46.974487],[-80.072954,46.973569]]],[[[-93.979586,51.799076],[-93.979632,51.799068],[-93.979595,51.799084],[-93.979376,51.799005],[-93.979586,51.799076]]],[[[-93.980787,51.7992],[-93.981151,51.799269],[-93.982362,51.799734],[-93.979632,51.799068],[-93.980507,51.799005],[-93.980787,51.7992]]],[[[-93.994544,51.79964],[-93.994874,51.799873],[-93.995207,51.799852],[-93.99554,51.799655],[-93.995216,51.799861],[-93.994883,51.799882],[-93.994544,51.79964]]]]},"properties":{"LDC_Name_12":"Hydro One Networks Inc.","LDC_Web_12":"https://www.hydroone.com/","LDC_Type":"Service Area"}}]}