{
"type": "FeatureCollection",
"name": "public_charging_cities_boundaries",
"crs": { "type": "name", "properties": { "name": "urn:ogc:def:crs:OGC:1.3:CRS84" } },
"features": [
{ "type": "Feature", "properties": { "OGF_ID": 319586060, "MUNICIPAL_TYPE": "Lower Tier Municipality", "MUNICIPAL_TYPE_FR": "Municipalités de palier inférieur", "MUNICIPAL_NAME": "CITY OF OSHAWA", "MUNICIPAL_NAME_FR": "CITÉ D'OSHAWA", "MUNID": "18013", "MAH_CODE": "10101", "MUNICIPAL_AREA_EXTENT_TYPE": "Mainland", "MUNICIPAL_AREA_EXTENT_TYPE_FR": "Terre ferme", "ASSESSMENT_CODE": "1813", "MUNICIPAL_NAME_PREFIX": "CITY OF", "MUNICIPAL_NAME_PREFIX_FR": "CITÉ DE", "MUNICIPAL_NAME_SHORTFORM": "OSHAWA", "MUNICIPAL_NAME_SHORTFORM_FR": "OSHAWA", "UPPER_TIER_ASSESSMENT_CODE": null, "UPPER_TIER_MUNICIPALITY": "REGIONAL MUNICIPALITY OF DURHAM", "UPPER_TIER_MUNICIPALITY_FR": "REGIONAL MUNICIPALITÉ DE DURHAM", "EFFECTIVE_DATETIME": "2024-02-15T10:26:33Z", "SYSTEM_DATETIME": "2024-02-15T19:24:59Z", "OBJECTID": 4033, "SHAPEAREA": 0, "SHAPELEN": 0 }, "geometry": { "type": "Polygon", "coordinates": [ [ [ -78.872070454494306, 44.040524676448399 ], [ -78.875142656091143, 44.047423677509499 ], [ -78.88214955819943, 44.045815676906791 ], [ -78.884763658988163, 44.045240676686234 ], [ -78.88645245949715, 44.044863476542758 ], [ -78.889039660276381, 44.044279576321912 ], [ -78.889767260495773, 44.044117876260245 ], [ -78.891563961037818, 44.043722676108658 ], [ -78.894797862014357, 44.04302197583764 ], [ -78.896423762504739, 44.04266257570012 ], [ -78.899585863458981, 44.041970975433998 ], [ -78.902936564470579, 44.04124327515283 ], [ -78.904364864901382, 44.040928875032272 ], [ -78.906898065665573, 44.040371974818548 ], [ -78.909808766542994, 44.039725174571714 ], [ -78.911551367068341, 44.039338774424131 ], [ -78.91437206791835, 44.038709974184584 ], [ -78.917058068728309, 44.038117173957538 ], [ -78.919788869551809, 44.037515273726825 ], [ -78.92118136997108, 44.037200873607894 ], [ -78.922501870368833, 44.036904473495348 ], [ -78.924055970837586, 44.036563073364206 ], [ -78.92676887165446, 44.035952173132749 ], [ -78.929212272390416, 44.035404172924665 ], [ -78.931116772963691, 44.034973072761723 ], [ -78.934045273845783, 44.034317272512439 ], [ -78.934718974048522, 44.03416457245477 ], [ -78.938276275120543, 44.033374072153002 ], [ -78.939767575569832, 44.033041672026336 ], [ -78.939866375599138, 44.033014572017045 ], [ -78.941860576200369, 44.032574571848393 ], [ -78.943666176743392, 44.032161271693134 ], [ -78.945381977261562, 44.031793071549863 ], [ -78.946612677632757, 44.0315234714461 ], [ -78.948732678271881, 44.031056371266949 ], [ -78.95177797919132, 44.030400571012208 ], [ -78.952541579421265, 44.030229870947231 ], [ -78.953188379616989, 44.030095270893895 ], [ -78.953772179792452, 44.029960470843555 ], [ -78.956107880496788, 44.029448370646527 ], [ -78.958578181241919, 44.028909370438633 ], [ -78.958542281222435, 44.028819570424623 ], [ -78.958524381214332, 44.028792670420792 ], [ -78.956637880232307, 44.024543569767282 ], [ -78.954679579210691, 44.020105869084027 ], [ -78.953367978527211, 44.017141468627734 ], [ -78.95333207851013, 44.017078568618437 ], [ -78.953017678344835, 44.016350968506089 ], [ -78.952613478143533, 44.015542468383757 ], [ -78.952272077958384, 44.014689068250732 ], [ -78.952047477845767, 44.014230868181166 ], [ -78.951858777742245, 44.013745768105281 ], [ -78.951265977416838, 44.012218667866385 ], [ -78.951634277510379, 44.011940267800853 ], [ -78.951598277492494, 44.011868367789958 ], [ -78.951239077301636, 44.011014867657664 ], [ -78.950673077004723, 44.00971246745668 ], [ -78.949711876502292, 44.007520467118752 ], [ -78.94398057348495, 43.994198465059135 ], [ -78.943432673303576, 43.994135665073443 ], [ -78.941600072342368, 43.989913464421164 ], [ -78.940719771882115, 43.987901264110562 ], [ -78.93971367135137, 43.985547763746226 ], [ -78.935976569392366, 43.976941862416247 ], [ -78.935823869329894, 43.976789162396607 ], [ -78.935805869320149, 43.976744262389623 ], [ -78.935464569141644, 43.9759627622689 ], [ -78.935428669124576, 43.975899762259544 ], [ -78.932338367511591, 43.968857061172216 ], [ -78.931718567191439, 43.96748256096074 ], [ -78.930748366685265, 43.965272660619526 ], [ -78.928861965702197, 43.960987759957995 ], [ -78.928843965692479, 43.960942859950947 ], [ -78.928664265622132, 43.960799059934111 ], [ -78.928646365612479, 43.960754259927086 ], [ -78.928637465606428, 43.960718259921258 ], [ -78.927873665207727, 43.958975559651996 ], [ -78.927748065142111, 43.958688159607583 ], [ -78.927020464762975, 43.957035159352351 ], [ -78.926184964329479, 43.955157759062836 ], [ -78.926176064324238, 43.955130759058527 ], [ -78.926166964319734, 43.955112759055815 ], [ -78.926086164275631, 43.95490625902346 ], [ -78.925619064031579, 43.9538371588582 ], [ -78.9246937635519, 43.951762058538222 ], [ -78.924352463374333, 43.950989458418931 ], [ -78.924109863246642, 43.950423758331269 ], [ -78.923867363119015, 43.949857658243516 ], [ -78.923786463077235, 43.949677958215858 ], [ -78.923543962950376, 43.949121058129698 ], [ -78.923301362822656, 43.948555058041926 ], [ -78.923220562781722, 43.948384358015865 ], [ -78.923193562767537, 43.9483215580061 ], [ -78.92296896265195, 43.947827457930131 ], [ -78.922968962651154, 43.947818457928527 ], [ -78.922412062359371, 43.946533857729662 ], [ -78.921837062060234, 43.945231257528519 ], [ -78.920965761603512, 43.943219057216936 ], [ -78.92073216148269, 43.942698057136639 ], [ -78.920714161461106, 43.942518357106074 ], [ -78.920678361443308, 43.94244655709516 ], [ -78.920417761306737, 43.941844657001965 ], [ -78.920327961261307, 43.941656056973144 ], [ -78.920121361153107, 43.941179956899411 ], [ -78.919600260883129, 43.940012056719297 ], [ -78.91951046083696, 43.939814456688907 ], [ -78.919447560804102, 43.939670756666658 ], [ -78.919384860771331, 43.939526956644421 ], [ -78.919088360616129, 43.938844356538738 ], [ -78.91795636003404, 43.936355956155843 ], [ -78.916833559458837, 43.933912555780353 ], [ -78.916195759127831, 43.932475255558401 ], [ -78.916168759113631, 43.932412355548657 ], [ -78.91608795907193, 43.932232655520963 ], [ -78.915899258975827, 43.931828455458984 ], [ -78.915468058756147, 43.930903255317084 ], [ -78.915432158738298, 43.930831355306132 ], [ -78.915351258696532, 43.930651655278439 ], [ -78.91534225869124, 43.930624655274151 ], [ -78.915117758562332, 43.929977755171372 ], [ -78.91509075854816, 43.929915055161658 ], [ -78.914372058179381, 43.92834305491985 ], [ -78.914228358104822, 43.928019654869885 ], [ -78.913985857980464, 43.927489554788373 ], [ -78.913375057663686, 43.926115154576088 ], [ -78.913051657496752, 43.925396454465293 ], [ -78.913042657491516, 43.925369554461042 ], [ -78.913033657487006, 43.925351554458288 ], [ -78.913446857594295, 43.925064154389069 ], [ -78.913428857584549, 43.925019154382042 ], [ -78.913410857574831, 43.924974354375003 ], [ -78.913410857574036, 43.924965354373406 ], [ -78.913024657373569, 43.924093954238778 ], [ -78.912835957275121, 43.923662854172115 ], [ -78.912809057261782, 43.923608854163874 ], [ -78.912764057238661, 43.923510054148672 ], [ -78.912701257205072, 43.923357354124867 ], [ -78.912629357168555, 43.923204654101454 ], [ -78.912557557132118, 43.923052054078084 ], [ -78.912494657097724, 43.922890254052703 ], [ -78.912422857061273, 43.922737554029297 ], [ -78.912359857027624, 43.922584754005435 ], [ -78.912287956991165, 43.92243205398205 ], [ -78.912216156954713, 43.922279353958636 ], [ -78.91217125693079, 43.92217155394188 ], [ -78.912126356907734, 43.922072753926621 ], [ -78.912081456883897, 43.921965053909851 ], [ -78.912063456874947, 43.921929053904421 ], [ -78.911596356631165, 43.920860053738906 ], [ -78.911587356625873, 43.920833053734626 ], [ -78.911542456602817, 43.920734253719388 ], [ -78.9114974565789, 43.920626453702596 ], [ -78.911452656555838, 43.920527653687373 ], [ -78.911407656533513, 43.920437753673752 ], [ -78.911407656531935, 43.920419853670637 ], [ -78.911398656528291, 43.920410953669482 ], [ -78.911362756508865, 43.920321053655393 ], [ -78.911317856485752, 43.920222253640169 ], [ -78.911272956463463, 43.920132353626535 ], [ -78.911272956461886, 43.920114353623369 ], [ -78.911263956458185, 43.920105453622227 ], [ -78.911227956439561, 43.920024553609721 ], [ -78.911192056420148, 43.919934753595676 ], [ -78.911147156397831, 43.919844953582057 ], [ -78.911102256373979, 43.919737153565244 ], [ -78.911102256372402, 43.919719153562092 ], [ -78.91109325636873, 43.919710153560956 ], [ -78.911021356331432, 43.919548453535945 ], [ -78.911012456326205, 43.919521553531681 ], [ -78.91092255627845, 43.919305953498124 ], [ -78.910913556275531, 43.919305953498544 ], [ -78.910832756231471, 43.919099353466102 ], [ -78.910823756227032, 43.919081353463348 ], [ -78.910814856223368, 43.919072353462205 ], [ -78.91073395618163, 43.918892653434511 ], [ -78.91069795616059, 43.918784953417322 ], [ -78.91066215614282, 43.918713053406378 ], [ -78.910626156124138, 43.918632253393916 ], [ -78.910590156106309, 43.918560353382958 ], [ -78.910563256090569, 43.918479553370112 ], [ -78.910527356071938, 43.918398653357592 ], [ -78.910491456054103, 43.918326753346655 ], [ -78.910464456038355, 43.918245953333788 ], [ -78.910410556011584, 43.918138153317386 ], [ -78.910302755957233, 43.917913553283043 ], [ -78.910284755949149, 43.917886553279139 ], [ -78.910212855912647, 43.917733853255747 ], [ -78.910159055885927, 43.917626053239395 ], [ -78.910096155855499, 43.917509353221845 ], [ -78.910042255828714, 43.917401453205457 ], [ -78.909997355805658, 43.917302653190255 ], [ -78.909943455779668, 43.917203853175458 ], [ -78.909889555752912, 43.917096053159064 ], [ -78.909844655729856, 43.91699725314384 ], [ -78.909790655703816, 43.916898453129058 ], [ -78.909727855671875, 43.916763753108384 ], [ -78.909700955659275, 43.916718853101742 ], [ -78.909655955637746, 43.916637953089662 ], [ -78.909593055605725, 43.916503153068952 ], [ -78.909530255574509, 43.916377453049911 ], [ -78.909467355542503, 43.916242653029194 ], [ -78.909404455510511, 43.916107953008556 ], [ -78.909341555478491, 43.915973152987853 ], [ -78.909287655449361, 43.915838452966774 ], [ -78.909224755417355, 43.915703652946064 ], [ -78.909197855403193, 43.915640852936292 ], [ -78.909161855385307, 43.915568952925412 ], [ -78.909099055353366, 43.915434252904738 ], [ -78.909099055351788, 43.915416252901579 ], [ -78.909045155324222, 43.915299452883637 ], [ -78.908982155292151, 43.915164752862971 ], [ -78.908964255284062, 43.915137752859039 ], [ -78.90891935526021, 43.915029952842261 ], [ -78.908892455246828, 43.914976052834056 ], [ -78.908856555228198, 43.914895152821558 ], [ -78.90883845521769, 43.914841352812999 ], [ -78.908802555199074, 43.9147604528005 ], [ -78.908784555189328, 43.914715452793452 ], [ -78.908721855158177, 43.914589752774333 ], [ -78.908667755129784, 43.914464052754816 ], [ -78.908640855117184, 43.91441905274818 ], [ -78.908604955097772, 43.91432925273412 ], [ -78.908560055074716, 43.914230452718897 ], [ -78.908551055069424, 43.914203552714646 ], [ -78.908488155038228, 43.914077652695504 ], [ -78.908434255009084, 43.913942952674439 ], [ -78.90842525500463, 43.913924952671685 ], [ -78.908353354968924, 43.913781252649827 ], [ -78.908281554930909, 43.913610652623298 ], [ -78.908254654917585, 43.913556752615094 ], [ -78.908173754875051, 43.913368052585831 ], [ -78.908137854856449, 43.913287152573346 ], [ -78.908083954829678, 43.913179452556953 ], [ -78.908056954814711, 43.913107552545604 ], [ -78.908020954797607, 43.913044652536279 ], [ -78.907985154779041, 43.912963752523765 ], [ -78.90798515477826, 43.912954852522205 ], [ -78.907931254750707, 43.912838052504249 ], [ -78.907922254746268, 43.912820052501495 ], [ -78.907868254717869, 43.912694352481964 ], [ -78.907859254712633, 43.912667352477676 ], [ -78.907796454680636, 43.912532652457024 ], [ -78.907787454676182, 43.91251465245427 ], [ -78.90773355464863, 43.9123978524363 ], [ -78.907715554638898, 43.912352952429302 ], [ -78.907670654616638, 43.912263152415633 ], [ -78.907598854579405, 43.912101452390679 ], [ -78.907598854578609, 43.912092452389061 ], [ -78.907553854556284, 43.912002552375426 ], [ -78.907500054527219, 43.911867852354341 ], [ -78.907428054490723, 43.911715152330949 ], [ -78.90739215447131, 43.911625352316868 ], [ -78.907347354448248, 43.911526452301615 ], [ -78.907293354419068, 43.911391752280551 ], [ -78.907221454383404, 43.911248052258692 ], [ -78.907212554378162, 43.911221052254376 ], [ -78.907176654358778, 43.91113125224031 ], [ -78.907167654355121, 43.911122252239174 ], [ -78.907122754332008, 43.911023552223945 ], [ -78.907122754331226, 43.911014552222397 ], [ -78.907077754308105, 43.910915652207152 ], [ -78.907059754298373, 43.91087075220014 ], [ -78.907032954285043, 43.910816852191935 ], [ -78.90698795426114, 43.910709052175129 ], [ -78.906978954257497, 43.91070015217403 ], [ -78.906978954256701, 43.910691152172397 ], [ -78.906943054238099, 43.910610252159898 ], [ -78.906925054229134, 43.910574252154476 ], [ -78.906898054214196, 43.910502452143156 ], [ -78.906871254201647, 43.910457552136485 ], [ -78.906853254191134, 43.910403652127862 ], [ -78.906826254176963, 43.910340752118138 ], [ -78.906808354167296, 43.910295852111091 ], [ -78.906772354148629, 43.910215152098637 ], [ -78.906763354144175, 43.910197052095903 ], [ -78.906718454121048, 43.910098152080643 ], [ -78.906718454120266, 43.910089252079082 ], [ -78.90667355409721, 43.909990352063836 ], [ -78.906664554093553, 43.909981352062708 ], [ -78.906628654074169, 43.909891652048671 ], [ -78.906610654066014, 43.909864652044767 ], [ -78.906574654047333, 43.909783752032283 ], [ -78.90655675403768, 43.909739052025238 ], [ -78.906529854024285, 43.909684952017003 ], [ -78.906502854010114, 43.909622052007251 ], [ -78.906484954000447, 43.909577252000226 ], [ -78.906457953984699, 43.909496351987322 ], [ -78.906439953977326, 43.909478351985044 ], [ -78.906421953967595, 43.909433451977975 ], [ -78.906404053957132, 43.909379551969351 ], [ -78.906395153953468, 43.909370551968216 ], [ -78.906350153930376, 43.909271751953014 ], [ -78.906341053925885, 43.90925385195029 ], [ -78.906305253906524, 43.909163951936186 ], [ -78.90628725389837, 43.909136951932297 ], [ -78.906260253883417, 43.909065151920984 ], [ -78.906233453870087, 43.909011251912766 ], [ -78.906215453860355, 43.908966351905768 ], [ -78.906179453841744, 43.908885451893255 ], [ -78.906170553836503, 43.908858451888968 ], [ -78.906125553813411, 43.908759751873731 ], [ -78.906080653789516, 43.908651951856918 ], [ -78.906071753785113, 43.908633951854206 ], [ -78.90602675376357, 43.908553051842119 ], [ -78.906008853753846, 43.908508151835058 ], [ -78.905981853739675, 43.90844525182532 ], [ -78.905954853725518, 43.908382351815561 ], [ -78.905918953707669, 43.90831045180461 ], [ -78.90587405368305, 43.908193751786271 ], [ -78.905847153668887, 43.908130951776492 ], [ -78.905757353622718, 43.907933251746037 ], [ -78.905694353590675, 43.907798551725371 ], [ -78.90569435358988, 43.907789551723809 ], [ -78.905685453585477, 43.907771551721062 ], [ -78.905676453581762, 43.907762551719919 ], [ -78.905667453577337, 43.907744551717187 ], [ -78.905658453572059, 43.907717651712865 ], [ -78.905864953617836, 43.907484151662558 ], [ -78.905856053612595, 43.907457151658257 ], [ -78.905847153608136, 43.907439151655502 ], [ -78.905712353538078, 43.907133751608256 ], [ -78.905640453500055, 43.906963051581684 ], [ -78.905622453491901, 43.906936051577787 ], [ -78.905550653453119, 43.906756451549647 ], [ -78.905487753421113, 43.906621651528987 ], [ -78.905433953392773, 43.906495951509463 ], [ -78.905370953359991, 43.906352251487185 ], [ -78.905353053350254, 43.90630725148015 ], [ -78.905308053327161, 43.906208551464971 ], [ -78.905254153298088, 43.906073751443849 ], [ -78.905236253289146, 43.906037851438391 ], [ -78.905200353269748, 43.905948051424318 ], [ -78.905164353251138, 43.905867251411848 ], [ -78.90514635324061, 43.905813151403208 ], [ -78.905110553222059, 43.905732351390689 ], [ -78.905101553218344, 43.905723451389527 ], [ -78.905092553213905, 43.905705451386858 ], [ -78.905083553209408, 43.905687451384104 ], [ -78.905047653189996, 43.90559765137003 ], [ -78.905029653181131, 43.905561751364566 ], [ -78.905002653166093, 43.905489751353215 ], [ -78.904975753151987, 43.905426951343443 ], [ -78.904957853142335, 43.905382051336424 ], [ -78.904921853123668, 43.905301251323898 ], [ -78.904903853114718, 43.905265251318468 ], [ -78.904867953095305, 43.905175351304358 ], [ -78.90485895309088, 43.90515745130164 ], [ -78.904814053066957, 43.905049551284847 ], [ -78.904805053063328, 43.905040651283684 ], [ -78.904733153026058, 43.904878951258731 ], [ -78.904724253020859, 43.904851951254415 ], [ -78.904661252986457, 43.904690351229021 ], [ -78.904652352982808, 43.904681351227879 ], [ -78.904598452954474, 43.904555551208311 ], [ -78.904589452949253, 43.904528651204046 ], [ -78.904535552922482, 43.904420851187638 ], [ -78.904517552912736, 43.904375851180589 ], [ -78.904481752893403, 43.904286051166501 ], [ -78.904454752879232, 43.904223151156756 ], [ -78.904418752860565, 43.904142351144294 ], [ -78.904391852846445, 43.904079451134486 ], [ -78.904355852828587, 43.904007651123557 ], [ -78.904293052796589, 43.90387295110289 ], [ -78.904230152764598, 43.903738051082193 ], [ -78.904230152763816, 43.903729151080611 ], [ -78.904167152731759, 43.90359435105993 ], [ -78.904113352703476, 43.90346865104037 ], [ -78.903978652635061, 43.903181150996303 ], [ -78.903933652611954, 43.903082450981074 ], [ -78.903933652611158, 43.903073450979534 ], [ -78.903861852573172, 43.90290275095294 ], [ -78.903771952526213, 43.90269605092093 ], [ -78.903763152522558, 43.902687050919717 ], [ -78.903736052507597, 43.90261525090839 ], [ -78.90370015248898, 43.902534350895891 ], [ -78.90369115248528, 43.902525350894756 ], [ -78.903628252452492, 43.902381650872464 ], [ -78.903610252443571, 43.902345750867035 ], [ -78.903610252441993, 43.902327750863847 ], [ -78.903565352418937, 43.902228950848624 ], [ -78.903529452401102, 43.902157050837744 ], [ -78.903529452400321, 43.902148050836146 ], [ -78.903502552385376, 43.902076250824798 ], [ -78.903430652349726, 43.901932550802997 ], [ -78.903421552343659, 43.901896550797083 ], [ -78.9033677523161, 43.901779850779171 ], [ -78.903304852283327, 43.901636050756842 ], [ -78.903304852282545, 43.901627150755324 ], [ -78.903232952246114, 43.901474450731904 ], [ -78.903232952245332, 43.901465450730299 ], [ -78.903188152223066, 43.901375550716637 ], [ -78.903170152212553, 43.90132165070802 ], [ -78.903161152208114, 43.901303750705317 ], [ -78.903107252179765, 43.901177850685762 ], [ -78.903080152165543, 43.901115050675983 ], [ -78.903035452143342, 43.901025250662379 ], [ -78.902972452109708, 43.900872450638509 ], [ -78.902909552076153, 43.900719750614677 ], [ -78.902891652067282, 43.900683850609212 ], [ -78.902873752058383, 43.900647950603762 ], [ -78.902694051965227, 43.900243650541242 ], [ -78.90227175174627, 43.899291450394038 ], [ -78.902181951698552, 43.899075950360412 ], [ -78.902119051667356, 43.898950150341292 ], [ -78.902074251642716, 43.898833250322873 ], [ -78.902029251618814, 43.898725550306111 ], [ -78.901993351601021, 43.898653650295195 ], [ -78.901966351586054, 43.898581850283861 ], [ -78.901930451568219, 43.898509850272873 ], [ -78.901903551553275, 43.898438050261547 ], [ -78.90186755153546, 43.898366150250631 ], [ -78.901840551520465, 43.898294350239318 ], [ -78.90180465150263, 43.898222450228367 ], [ -78.901777751487742, 43.898150650217026 ], [ -78.901759751477996, 43.89810565020997 ], [ -78.901741851469922, 43.898078750206125 ], [ -78.901714851454955, 43.898006850194754 ], [ -78.901678851437083, 43.897935050183847 ], [ -78.901607051398287, 43.897755350155691 ], [ -78.901535151361031, 43.89759365013073 ], [ -78.901535151359454, 43.897575650127571 ], [ -78.901472351327513, 43.897440950106883 ], [ -78.901454451318642, 43.897404950101382 ], [ -78.901409451293972, 43.897288250083058 ], [ -78.901382351279722, 43.897225250073269 ], [ -78.90134655125955, 43.897126550057592 ], [ -78.901310651240948, 43.897045750045137 ], [ -78.901274751223141, 43.896973850034172 ], [ -78.90124765120818, 43.896901950022873 ], [ -78.901229751200034, 43.896875050018956 ], [ -78.901184851176197, 43.896767150002148 ], [ -78.901175851170962, 43.896740249997833 ], [ -78.90115785116204, 43.896704349992355 ], [ -78.901005151083112, 43.896362949939665 ], [ -78.900861451009419, 43.896048549891198 ], [ -78.900744650949107, 43.895788049850978 ], [ -78.900385350763784, 43.894988549727543 ], [ -78.899352250228361, 43.892661849367734 ], [ -78.898777349929773, 43.89135934916613 ], [ -78.898409049737595, 43.890514849035185 ], [ -78.898202449630375, 43.890047848962951 ], [ -78.898175449617796, 43.890002848956314 ], [ -78.898157449607268, 43.889948948947705 ], [ -78.898148449602061, 43.889921948943396 ], [ -78.898157449587586, 43.889724448908396 ], [ -78.89813064957427, 43.889670548900185 ], [ -78.898112649565348, 43.889634648894727 ], [ -78.897861049435861, 43.889077648808744 ], [ -78.897834049422428, 43.889023748800547 ], [ -78.897789249399437, 43.888924948785323 ], [ -78.897771249390502, 43.888888948779865 ], [ -78.897762249386801, 43.888879948778673 ], [ -78.897726349368199, 43.888799148766196 ], [ -78.897699349354028, 43.888736248756445 ], [ -78.897636549322129, 43.888601548735743 ], [ -78.897582749293775, 43.888475648716181 ], [ -78.897519649261739, 43.888340848695464 ], [ -78.897456849230636, 43.888215248676367 ], [ -78.897438849220904, 43.888170248669319 ], [ -78.897357949178442, 43.887981748639987 ], [ -78.897259249129419, 43.887784048609916 ], [ -78.897241349118957, 43.887730048601306 ], [ -78.897106549050505, 43.887442648557197 ], [ -78.897016749009126, 43.887298948536127 ], [ -78.896953748973985, 43.887128248509114 ], [ -78.896630448819877, 43.886553348423305 ], [ -78.89662144881386, 43.886517448417436 ], [ -78.896190248597634, 43.885628048281497 ], [ -78.89614524857376, 43.885520248264726 ], [ -78.896091348547813, 43.885421648249938 ], [ -78.896046548523969, 43.885313648233065 ], [ -78.896028548515829, 43.885286748229213 ], [ -78.896001548500095, 43.885205848216287 ], [ -78.895956648477053, 43.885107048200993 ], [ -78.895911748451596, 43.88498124818107 ], [ -78.895857848424058, 43.8848644481631 ], [ -78.895812848399387, 43.884747748144747 ], [ -78.895758948371139, 43.884622048125209 ], [ -78.895705148343652, 43.884505148107174 ], [ -78.895660148319777, 43.884397348090403 ], [ -78.895606248293035, 43.884289648074017 ], [ -78.895561448269987, 43.884190748058757 ], [ -78.895516448246113, 43.884082948041915 ], [ -78.895462548220152, 43.883984148027096 ], [ -78.895417748196337, 43.883876348010254 ], [ -78.895372748172463, 43.883768547993483 ], [ -78.895327848149421, 43.883669747978246 ], [ -78.895273948122679, 43.883561947961809 ], [ -78.895229048099651, 43.883463147946593 ], [ -78.895184048075762, 43.883355347929758 ], [ -78.89513014804902, 43.883247447913362 ], [ -78.895085348025972, 43.883148747898169 ], [ -78.895040348002098, 43.883040947881327 ], [ -78.894968447965681, 43.882888247857899 ], [ -78.894932747947948, 43.882816347846926 ], [ -78.894896647929286, 43.882735547834457 ], [ -78.894860647910619, 43.882654647821937 ], [ -78.894842747900967, 43.882609747814918 ], [ -78.894824747892045, 43.882573847809468 ], [ -78.894429547687338, 43.881684347671808 ], [ -78.894357647650949, 43.881531747648417 ], [ -78.89422284758173, 43.881235347602676 ], [ -78.894187047562355, 43.881145547588588 ], [ -78.894007247470881, 43.880759247529177 ], [ -78.893639047281951, 43.879950747404557 ], [ -78.893486347202284, 43.879600347350191 ], [ -78.893477347197063, 43.879573447345884 ], [ -78.893387447151667, 43.879384847316985 ], [ -78.893342547128626, 43.87928594730171 ], [ -78.891788446334374, 43.875908346781543 ], [ -78.891743546311332, 43.875809446766262 ], [ -78.891204546036207, 43.874641746586477 ], [ -78.89117754602286, 43.874587846578265 ], [ -78.891159646012383, 43.874533846569655 ], [ -78.890656645756664, 43.873455946403908 ], [ -78.890503945677807, 43.873114546351147 ], [ -78.890494945672557, 43.873087546346802 ], [ -78.890485945668075, 43.873069546344091 ], [ -78.890414045631672, 43.872916846320649 ], [ -78.890297245572981, 43.872674346283517 ], [ -78.890225345534972, 43.872503746256939 ], [ -78.890216345529737, 43.87247674625263 ], [ -78.890180545510432, 43.872386946238549 ], [ -78.890117645476835, 43.872234246214674 ], [ -78.890108545472344, 43.872216246211927 ], [ -78.890099645467174, 43.872189246207611 ], [ -78.890090645464255, 43.872189246208023 ], [ -78.889883945353944, 43.871686246129364 ], [ -78.889201344994262, 43.87007824587905 ], [ -78.88907554492873, 43.869790745834443 ], [ -78.889057644919077, 43.869745845827424 ], [ -78.889030644904921, 43.869683045817617 ], [ -78.889003644891545, 43.869629045809432 ], [ -78.888249144489961, 43.867805545524611 ], [ -78.88819524446248, 43.867688745506626 ], [ -78.888168244446717, 43.867607945493674 ], [ -78.887557344123465, 43.866152645266759 ], [ -78.887539444113798, 43.866107645259696 ], [ -78.887512444098832, 43.866035845248369 ], [ -78.887476544080215, 43.865954945235835 ], [ -78.88695554380547, 43.864724245044123 ], [ -78.886757843701986, 43.86426614497293 ], [ -78.886748943697597, 43.864248144970155 ], [ -78.886668143655939, 43.864068544942434 ], [ -78.886578343606686, 43.86383504490567 ], [ -78.886452443540378, 43.863538444859458 ], [ -78.885868643232968, 43.86216404464539 ], [ -78.885733843162228, 43.861849644596496 ], [ -78.885167842863652, 43.860511144387914 ], [ -78.883218541833912, 43.855884943666652 ], [ -78.882958041697776, 43.855282943573073 ], [ -78.882868241650129, 43.855067443539426 ], [ -78.882823241626269, 43.854959543522561 ], [ -78.882769341597978, 43.854833843503052 ], [ -78.882742341582272, 43.854753043490099 ], [ -78.881924941152079, 43.852830643190643 ], [ -78.881907041141631, 43.852776643181997 ], [ -78.881808141089493, 43.852543143145652 ], [ -78.881808141088769, 43.852534943144192 ], [ -78.881793841083919, 43.852531443144237 ], [ -78.881556141003117, 43.852479143145963 ], [ -78.881510540987748, 43.852470843146605 ], [ -78.881306640919135, 43.852433443149351 ], [ -78.881062340835726, 43.852375343150349 ], [ -78.88085004076153, 43.852305143147802 ], [ -78.880608340677838, 43.852234343146463 ], [ -78.88036014059135, 43.852154843143914 ], [ -78.880118140508117, 43.852090543143703 ], [ -78.879878840426969, 43.852039543145736 ], [ -78.879621240339091, 43.851978943146882 ], [ -78.879368840253662, 43.851927543149472 ], [ -78.879155540182012, 43.85188984315262 ], [ -78.878937940110177, 43.851866243158433 ], [ -78.878708140033723, 43.851834343163347 ], [ -78.878487239958858, 43.851788443165439 ], [ -78.878270639885443, 43.851742843167351 ], [ -78.878068539818145, 43.851713743171494 ], [ -78.877845239744801, 43.851693943178297 ], [ -78.877628239671751, 43.851654443181289 ], [ -78.877399439595081, 43.851616343185107 ], [ -78.877152939514119, 43.851594343192538 ], [ -78.87692673944116, 43.851589143201949 ], [ -78.876702939369267, 43.85158764321195 ], [ -78.876474539293653, 43.851559843217522 ], [ -78.876238739212766, 43.85149984321778 ], [ -78.876011139135187, 43.85144654321887 ], [ -78.875791139062358, 43.851420443224406 ], [ -78.875581038992266, 43.851389043228529 ], [ -78.875409538931848, 43.85132744322555 ], [ -78.875217438864354, 43.851259643222505 ], [ -78.874995138787739, 43.851197943221862 ], [ -78.874804738722702, 43.851152443222595 ], [ -78.87459013865012, 43.851109043224788 ], [ -78.874367238575303, 43.851071043228359 ], [ -78.874150638503508, 43.851043943233528 ], [ -78.87392193842858, 43.851025543240773 ], [ -78.873700338355434, 43.851001743246741 ], [ -78.873473538280251, 43.850973543252145 ], [ -78.873247538205447, 43.850946743257801 ], [ -78.873011038127956, 43.850927143265217 ], [ -78.872787338053556, 43.850896443270074 ], [ -78.87259253798824, 43.850864043273283 ], [ -78.87239223791957, 43.850812643273478 ], [ -78.87218423784816, 43.850759143273585 ], [ -78.871995037784274, 43.850721743275692 ], [ -78.871820337725396, 43.850688843277922 ], [ -78.871666037673236, 43.850658343279669 ], [ -78.87150993762063, 43.850628543281587 ], [ -78.871389337579103, 43.850595943281412 ], [ -78.871284937543635, 43.850572943282152 ], [ -78.871133337491173, 43.850529243281457 ], [ -78.870994537444119, 43.85050014328268 ], [ -78.870853837396751, 43.850473943284499 ], [ -78.870706237346894, 43.850444743286175 ], [ -78.870568537299363, 43.850406543285764 ], [ -78.870444837257665, 43.850382943287279 ], [ -78.870303537211626, 43.850374243292272 ], [ -78.870187837172665, 43.850353543293934 ], [ -78.870137037154919, 43.850336643293318 ], [ -78.869862837058918, 43.850243843289576 ], [ -78.869817637044022, 43.8502391432908 ], [ -78.869748737021723, 43.850237143293604 ], [ -78.869661436994377, 43.850243843298806 ], [ -78.869573636967729, 43.850261343305839 ], [ -78.86948793694269, 43.850289243314684 ], [ -78.869405036921108, 43.850346143328451 ], [ -78.869333736905304, 43.850427043345888 ], [ -78.869273736894058, 43.850518643364722 ], [ -78.869181636873051, 43.850616443386073 ], [ -78.869086936850294, 43.850703143405582 ], [ -78.869002036830295, 43.850785543423925 ], [ -78.868918136809057, 43.850850243439112 ], [ -78.86881673678306, 43.850924943456803 ], [ -78.868796136777561, 43.850937743460015 ], [ -78.868704636753165, 43.850994243474084 ], [ -78.868583136720218, 43.85106274349166 ], [ -78.868456136685936, 43.851136443510399 ], [ -78.868320436649327, 43.851215343530455 ], [ -78.868146736599911, 43.851287143550984 ], [ -78.867973736549501, 43.851345243569085 ], [ -78.867762436486942, 43.851404343589095 ], [ -78.867533336418362, 43.851460243609402 ], [ -78.867278936341251, 43.851510643629872 ], [ -78.867027436264891, 43.851559543649941 ], [ -78.86677783618866, 43.851603243669011 ], [ -78.866519136109176, 43.851642843687813 ], [ -78.866250736027354, 43.851691143708585 ], [ -78.865993635949593, 43.851744443729686 ], [ -78.865757035878275, 43.851796443749613 ], [ -78.86554243581331, 43.851840243767128 ], [ -78.865362935759521, 43.851883443782903 ], [ -78.865217335717091, 43.851931843798084 ], [ -78.86506753567356, 43.851983743813982 ], [ -78.864883435620072, 43.852047343833597 ], [ -78.864697035567247, 43.852126043855868 ], [ -78.864504635512176, 43.852201943878001 ], [ -78.864309935456063, 43.852274143899606 ], [ -78.864128535403921, 43.852343243919982 ], [ -78.863922435343724, 43.852410143941178 ], [ -78.863712835281888, 43.852471743961537 ], [ -78.863494435217177, 43.852532343982126 ], [ -78.863278935153744, 43.852597444003429 ], [ -78.863052735086825, 43.852661344024987 ], [ -78.862822035017899, 43.852719444045711 ], [ -78.862596234950203, 43.852772744065383 ], [ -78.862367934881789, 43.852827444085442 ], [ -78.862131034810773, 43.852883944106217 ], [ -78.861907334744188, 43.852942744126722 ], [ -78.861674634674088, 43.852994644146484 ], [ -78.861444834604896, 43.853046044165964 ], [ -78.861210834534049, 43.853093444185021 ], [ -78.860981834465008, 43.853144344204381 ], [ -78.860739834391694, 43.853192644223931 ], [ -78.860505534321035, 43.853244444243785 ], [ -78.860276734251869, 43.853291544262461 ], [ -78.860057334185583, 43.853338744280826 ], [ -78.859832234118031, 43.853391244300298 ], [ -78.859613834053405, 43.853452844321069 ], [ -78.859387133985564, 43.853508844341299 ], [ -78.859155933915815, 43.853558644360596 ], [ -78.858921733845278, 43.85361094438047 ], [ -78.858681833772906, 43.853663044400591 ], [ -78.858447533701963, 43.853710744419651 ], [ -78.858223533634188, 43.853757144438006 ], [ -78.858046633580329, 43.853789844451846 ], [ -78.857918433540661, 43.853806244460579 ], [ -78.857720733481898, 43.853859144478918 ], [ -78.857496833415453, 43.853919944499836 ], [ -78.857266333345976, 43.853971244519379 ], [ -78.857053933282188, 43.854020044537641 ], [ -78.856838333217169, 43.85406774455587 ], [ -78.856622033151965, 43.854115044574058 ], [ -78.856405833086484, 43.854158944591624 ], [ -78.856191233021391, 43.854201544608941 ], [ -78.855974432955392, 43.854241344625805 ], [ -78.85575953288874, 43.854267244640198 ], [ -78.855579132833171, 43.854293644653048 ], [ -78.85539553277637, 43.85431674466551 ], [ -78.855230032724634, 43.854332544675842 ], [ -78.855038732665463, 43.854357244688956 ], [ -78.854822332598445, 43.854384144703545 ], [ -78.854612332533506, 43.854411244717916 ], [ -78.854393532465451, 43.854435744732214 ], [ -78.854184932399335, 43.854444644743317 ], [ -78.853978332334066, 43.854456044754784 ], [ -78.853781232271714, 43.854465444765466 ], [ -78.853584332209024, 43.854470544775374 ], [ -78.853373032140652, 43.854463344783753 ], [ -78.853172732077681, 43.854477644795395 ], [ -78.852965232012423, 43.854492344807468 ], [ -78.852775331954021, 43.854520744821151 ], [ -78.852579631894287, 43.854555344836164 ], [ -78.852361631827108, 43.85458684485171 ], [ -78.8521473317615, 43.854622144867669 ], [ -78.851944731699405, 43.854655444882773 ], [ -78.851735131634911, 43.854685744897651 ], [ -78.851528231570683, 43.854710244911409 ], [ -78.851305531502035, 43.854741744927139 ], [ -78.851093131436301, 43.854768944941604 ], [ -78.850869731367027, 43.854795844956563 ], [ -78.850658831301303, 43.854817544970004 ], [ -78.850445531235721, 43.854849644985379 ], [ -78.850248831175563, 43.854883245000259 ], [ -78.850037031111384, 43.854925745017418 ], [ -78.849820931047248, 43.854985245037753 ], [ -78.849597130980627, 43.855043645058238 ], [ -78.849381930916749, 43.855102645078397 ], [ -78.84916363085172, 43.855159645098396 ], [ -78.848950730789056, 43.855223945119356 ], [ -78.848777830737959, 43.855273745135989 ], [ -78.848590530681435, 43.8553139451516 ], [ -78.848397230620478, 43.85532554516255 ], [ -78.848195530556481, 43.855333145173027 ], [ -78.847981930489354, 43.85534874518558 ], [ -78.847776830427037, 43.855388645201963 ], [ -78.847559330360568, 43.855426345218518 ], [ -78.847366030301515, 43.855459345233129 ], [ -78.847176830246994, 43.855530145254178 ], [ -78.846996330197328, 43.855624145278902 ], [ -78.846805930143304, 43.855704845301794 ], [ -78.846607830087052, 43.855787645325378 ], [ -78.846449430043009, 43.855864645346095 ], [ -78.84625382998702, 43.855942045368614 ], [ -78.846053129928094, 43.856004245388704 ], [ -78.845856829868282, 43.85603984540392 ], [ -78.845665629810242, 43.856077445419238 ], [ -78.845478229753809, 43.856119545435213 ], [ -78.845281829695679, 43.856174845453879 ], [ -78.845091129638988, 43.856226245471618 ], [ -78.844911629584786, 43.856264645486554 ], [ -78.844732529530347, 43.8562985455007 ], [ -78.844574029482303, 43.856330445513549 ], [ -78.844397629429395, 43.856371945528856 ], [ -78.844222429377623, 43.856422645545784 ], [ -78.84406612933104, 43.856463145560028 ], [ -78.84390002928285, 43.856521345577796 ], [ -78.843747129240427, 43.856596845598034 ], [ -78.843593029197294, 43.856669145617772 ], [ -78.843447029157304, 43.856746945638072 ], [ -78.843327129124987, 43.856817445655899 ], [ -78.843233029100489, 43.856882545671645 ], [ -78.843107229067101, 43.856961845691281 ], [ -78.842995529038674, 43.857046245711174 ], [ -78.842916429019624, 43.857118545727467 ], [ -78.842807128991453, 43.857197545746338 ], [ -78.842679828957813, 43.857279545766502 ], [ -78.842554228924669, 43.857361545786638 ], [ -78.842437928893574, 43.857432545804393 ], [ -78.842309828857566, 43.857490345820416 ], [ -78.842177028820245, 43.857550845837054 ], [ -78.842036528779985, 43.85760564585307 ], [ -78.841900428740189, 43.857649245866966 ], [ -78.841749628695453, 43.857690945881174 ], [ -78.841575428643409, 43.8577348458968 ], [ -78.841380228584782, 43.85778024591373 ], [ -78.841178728524, 43.857824245930658 ], [ -78.840986828465972, 43.857864445946483 ], [ -78.840885028435125, 43.85788494595473 ], [ -78.840837428420627, 43.857893745958449 ], [ -78.840691828376052, 43.857918045969363 ], [ -78.84052292832439, 43.857946845982141 ], [ -78.840322328263227, 43.857982545997572 ], [ -78.840230128235007, 43.857997846004459 ], [ -78.840097828194459, 43.858019646014341 ], [ -78.839874328126029, 43.85805694603107 ], [ -78.839661228060862, 43.858092946047158 ], [ -78.839456627997748, 43.8581218460616 ], [ -78.839247327933094, 43.85814994607604 ], [ -78.839053627872516, 43.858167546088026 ], [ -78.838849227808467, 43.858184646100334 ], [ -78.838656427747168, 43.858191046110299 ], [ -78.83846802768872, 43.858213046122771 ], [ -78.838279527629311, 43.85822534613353 ], [ -78.838091827569713, 43.858231846143241 ], [ -78.837918827514997, 43.858240746152731 ], [ -78.83776362746481, 43.858235846158991 ], [ -78.837622327418714, 43.858227046163876 ], [ -78.837483927374379, 43.858227846170351 ], [ -78.837326427324939, 43.858240146179753 ], [ -78.837187427282117, 43.858260046189578 ], [ -78.837081227249143, 43.858272546196595 ], [ -78.836762927146992, 43.858271746211045 ], [ -78.836685927122403, 43.858272546214671 ], [ -78.836582627087608, 43.858253246216059 ], [ -78.836479427053689, 43.858243846219104 ], [ -78.836323927003846, 43.858244246226256 ], [ -78.836179526957352, 43.85824214623252 ], [ -78.836031226909029, 43.858233246237745 ], [ -78.835910526868474, 43.858212446239612 ], [ -78.835805626834571, 43.858209346243854 ], [ -78.835695126799678, 43.858215646250059 ], [ -78.835519926744141, 43.858223046259326 ], [ -78.835335326685566, 43.858230346269032 ], [ -78.835162026629888, 43.85822884627671 ], [ -78.834970926568417, 43.858226746285126 ], [ -78.834747126497703, 43.858239046297477 ], [ -78.834510426424188, 43.858266646313147 ], [ -78.834300126358073, 43.858281746325403 ], [ -78.834079826288544, 43.858294046337605 ], [ -78.833887926229124, 43.858318546350667 ], [ -78.833693226167952, 43.858332946362168 ], [ -78.833509326108015, 43.858322246368672 ], [ -78.833336726052593, 43.858321246376391 ], [ -78.833163325997688, 43.858329246385701 ], [ -78.833018525951132, 43.858327746392064 ], [ -78.832906225913518, 43.858309746394035 ], [ -78.832788825872257, 43.858268546392189 ], [ -78.832671025829512, 43.858211746387632 ], [ -78.832571425792437, 43.858152946381892 ], [ -78.832471025754927, 43.858092046375766 ], [ -78.832369225717855, 43.858041146371555 ], [ -78.832272725681648, 43.857980746365357 ], [ -78.832170025643265, 43.857918546359166 ], [ -78.832083225609324, 43.857848946350906 ], [ -78.831999525579093, 43.857810146347965 ], [ -78.831882925542132, 43.857814646354079 ], [ -78.831755425503275, 43.857838046363987 ], [ -78.831620325462239, 43.857864646374821 ], [ -78.831613525460213, 43.857866346375424 ], [ -78.831611825459717, 43.857866646375584 ], [ -78.831559525444021, 43.85787884638011 ], [ -78.831501125426456, 43.857892346385114 ], [ -78.831405525399759, 43.857937746397468 ], [ -78.831320925379885, 43.858020746415846 ], [ -78.831258525367915, 43.858113146434924 ], [ -78.831198425356334, 43.858201146453084 ], [ -78.831144325345676, 43.858277746468993 ], [ -78.831047225318414, 43.858322246481244 ], [ -78.830943825288742, 43.858362246493002 ], [ -78.830854725263251, 43.858397146503194 ], [ -78.830769425240618, 43.858451446516597 ], [ -78.830722925232891, 43.858533646533154 ], [ -78.830693225233063, 43.858644446553882 ], [ -78.83066792523347, 43.858742046572154 ], [ -78.830655025235799, 43.858816146585738 ], [ -78.83067132524863, 43.858903546600288 ], [ -78.83070212526502, 43.858978246611997 ], [ -78.830788325298201, 43.859041846619199 ], [ -78.830885225334043, 43.859095946624223 ], [ -78.830976825369135, 43.859161246631501 ], [ -78.831061525402291, 43.859229746639635 ], [ -78.831114725426133, 43.859307946650929 ], [ -78.831112325434773, 43.859415346669856 ], [ -78.831100425439132, 43.859508946686823 ], [ -78.831067225436968, 43.859606346705355 ], [ -78.831011925427021, 43.859695346723491 ], [ -78.830940925412207, 43.859786246742708 ], [ -78.830866725396334, 43.859877446762084 ], [ -78.830786025377904, 43.85996264678068 ], [ -78.83073482536679, 43.860023046793614 ], [ -78.830660125346299, 43.860063246804074 ], [ -78.830632725340308, 43.86009484681086 ], [ -78.83068802536333, 43.860155446818943 ], [ -78.830714725378485, 43.860231446831087 ], [ -78.830687325375678, 43.860299346844229 ], [ -78.830632425364584, 43.860374146859826 ], [ -78.830560625346152, 43.860426646872348 ], [ -78.830483025324654, 43.860465446882678 ], [ -78.830455325322575, 43.860543146897569 ], [ -78.830443025327625, 43.86064644691622 ], [ -78.830383425315546, 43.860726946933077 ], [ -78.830289225292631, 43.86081014695197 ], [ -78.830170325261832, 43.860894446972146 ], [ -78.830047725230969, 43.860991146994742 ], [ -78.829914825196084, 43.86107954701626 ], [ -78.829785125162928, 43.861176247039189 ], [ -78.829645525126509, 43.861272047062357 ], [ -78.829517525094431, 43.861374847086225 ], [ -78.82937932505844, 43.861470147109237 ], [ -78.829236425021548, 43.861572747133749 ], [ -78.829090024982349, 43.861661447155967 ], [ -78.828940624940287, 43.861728347174569 ], [ -78.828753424885363, 43.861786747193349 ], [ -78.828626124849649, 43.861845647209506 ], [ -78.828514324818798, 43.861902947224642 ], [ -78.828385124781278, 43.861947847238397 ], [ -78.828282424750626, 43.861973447247571 ], [ -78.828217924734687, 43.862027947260131 ], [ -78.828197124735155, 43.86210984727542 ], [ -78.828137024723929, 43.862202047294318 ], [ -78.827998624686842, 43.862285947315343 ], [ -78.827851124646301, 43.862362947335619 ], [ -78.827711124607234, 43.862430247353771 ], [ -78.827538824558189, 43.86250104737406 ], [ -78.827385524515336, 43.862573647393788 ], [ -78.827243324476697, 43.86265304741422 ], [ -78.827104624440196, 43.862744347436575 ], [ -78.827004724414735, 43.862819647454316 ], [ -78.826923224393539, 43.862876447467968 ], [ -78.826833924370277, 43.862938347482917 ], [ -78.826723024339259, 43.862990147497122 ], [ -78.826635424312514, 43.86300534750373 ], [ -78.826540624281876, 43.863003247507741 ], [ -78.8264615242541, 43.862975747506553 ], [ -78.826398624231913, 43.862952447505322 ], [ -78.826390524226312, 43.862918147499656 ], [ -78.826442924238862, 43.86286904748868 ], [ -78.826403424224139, 43.862845847486376 ], [ -78.8262977241953, 43.862903847501407 ], [ -78.826244124183233, 43.862962547514158 ], [ -78.826301524203913, 43.862988347516065 ], [ -78.826427824247844, 43.863027347517075 ], [ -78.826539224286861, 43.863065147518647 ], [ -78.826607624312416, 43.863106847522815 ], [ -78.826591324314577, 43.863190947538278 ], [ -78.826471924288185, 43.863327447567656 ], [ -78.826305224248983, 43.863490347603836 ], [ -78.82616362421615, 43.863634547635627 ], [ -78.825972324169882, 43.863807947674758 ], [ -78.825781024123131, 43.863974847712761 ], [ -78.825560924067332, 43.864144047752433 ], [ -78.825352024013014, 43.864289547787521 ], [ -78.825111623947237, 43.864419047821166 ], [ -78.824877623883495, 43.864548347854551 ], [ -78.824642223819893, 43.864684647889192 ], [ -78.824444723767499, 43.864810247920232 ], [ -78.824236623710902, 43.864926547950127 ], [ -78.824056323660443, 43.865010847973174 ], [ -78.823876523608718, 43.865078547993242 ], [ -78.823725723565673, 43.865139748010876 ], [ -78.823590123526742, 43.865192248026261 ], [ -78.823475023493359, 43.865232148038501 ], [ -78.823424623478573, 43.865248148043634 ], [ -78.823363323452796, 43.86517774803405 ], [ -78.823205223407996, 43.865245648053218 ], [ -78.822230222998414, 43.864136547903399 ], [ -78.822157022978374, 43.864176247913726 ], [ -78.822179522987895, 43.864202547917287 ], [ -78.821194922716245, 43.864708048050886 ], [ -78.82119422271569, 43.864704048050221 ], [ -78.821139122697645, 43.864699648051989 ], [ -78.821006122658844, 43.864743848065814 ], [ -78.820842422612756, 43.86481774808621 ], [ -78.820636122554745, 43.86491124811208 ], [ -78.82043772249871, 43.864998048136329 ], [ -78.820223822437399, 43.865081648160732 ], [ -78.820051722390176, 43.865172848184621 ], [ -78.819849422334343, 43.865276848212069 ], [ -78.819662322283222, 43.865378548238454 ], [ -78.819498622240289, 43.865487848265118 ], [ -78.819385822215565, 43.865619148293248 ], [ -78.819319322206411, 43.865758448320705 ], [ -78.819278222204048, 43.86588224834432 ], [ -78.819239122203285, 43.866017548369761 ], [ -78.819227322214871, 43.86619334840114 ], [ -78.819221522228389, 43.866369448432259 ], [ -78.819210522240041, 43.866543548463298 ], [ -78.819201222249688, 43.866687848488979 ], [ -78.819192022261348, 43.866855548518821 ], [ -78.819174222268771, 43.86700554854589 ], [ -78.819151222275465, 43.867166648575186 ], [ -78.819111222276433, 43.867324948604775 ], [ -78.819058922273172, 43.867479348634205 ], [ -78.818999022267093, 43.86762974866329 ], [ -78.818933322259838, 43.867788048694052 ], [ -78.818869422252661, 43.867940448723658 ], [ -78.818792922241599, 43.868094948754248 ], [ -78.818727822233214, 43.868237648782248 ], [ -78.818677722229168, 43.868375548808672 ], [ -78.818586822210946, 43.868501048834858 ], [ -78.818448022176511, 43.868616548861439 ], [ -78.818314322140822, 43.868698848881955 ], [ -78.818107222078382, 43.868743948899343 ], [ -78.817860522003357, 43.868791648918958 ], [ -78.817629321931591, 43.86881864893423 ], [ -78.817379121852724, 43.86883424894846 ], [ -78.817147321778066, 43.868831448958566 ], [ -78.81692412170689, 43.868836248969608 ], [ -78.81673042164644, 43.868854948981728 ], [ -78.816520021583301, 43.868904849000039 ], [ -78.816314121524357, 43.868986449023815 ], [ -78.816085621457972, 43.869065449048058 ], [ -78.815867821393724, 43.869129349069219 ], [ -78.815676121337148, 43.869185849087906 ], [ -78.81550322128578, 43.869232649104013 ], [ -78.815327521232803, 43.869271349118826 ], [ -78.815130821173113, 43.869310449134659 ], [ -78.814976221124979, 43.869327349144669 ], [ -78.814822221074067, 43.869309649148619 ], [ -78.81464862102041, 43.86933334916074 ], [ -78.814499420977967, 43.869395249178396 ], [ -78.814349820932037, 43.869418749189364 ], [ -78.814117520859156, 43.869437349203203 ], [ -78.813871720783723, 43.869476549221318 ], [ -78.813591620697792, 43.869521349241978 ], [ -78.813312420611823, 43.869562149261853 ], [ -78.813016120520103, 43.869600349282109 ], [ -78.812740420434338, 43.869631049300111 ], [ -78.812436020339106, 43.869658949318939 ], [ -78.812133120244724, 43.869690249338255 ], [ -78.811847920156453, 43.869726949357712 ], [ -78.811554920065802, 43.869765249377792 ], [ -78.811282419980643, 43.869790949394734 ], [ -78.811001919893314, 43.869821749412999 ], [ -78.81073661980929, 43.869833449427141 ], [ -78.810475119725524, 43.869835149439417 ], [ -78.810214719641309, 43.86982744944995 ], [ -78.809965219560866, 43.869822549460466 ], [ -78.809699419474953, 43.869815449471432 ], [ -78.809413819381604, 43.869795249480902 ], [ -78.809135319290718, 43.869777349490484 ], [ -78.808858019200571, 43.869764349500912 ], [ -78.808583319111236, 43.869750049510934 ], [ -78.808339119030876, 43.869726949518075 ], [ -78.808071518943336, 43.869707049526788 ], [ -78.80781381885933, 43.86969194953592 ], [ -78.807565818777732, 43.869668549543185 ], [ -78.807325518696771, 43.869624449546414 ], [ -78.807087718617794, 43.869593449551871 ], [ -78.806832118531943, 43.86954924955581 ], [ -78.806585818448227, 43.86949564955767 ], [ -78.806326718361646, 43.869455749562469 ], [ -78.806093218283522, 43.869418549566667 ], [ -78.80586821820792, 43.869379249570038 ], [ -78.805696818150039, 43.869346149572067 ], [ -78.805516018088994, 43.869311349574254 ], [ -78.805295018014903, 43.869274949577978 ], [ -78.805091017946182, 43.869237349580665 ], [ -78.80488891787725, 43.869190049581597 ], [ -78.804677117806307, 43.869156149585336 ], [ -78.804471817738047, 43.869128549589924 ], [ -78.804278417673814, 43.869103449594341 ], [ -78.804101317614339, 43.869072649597058 ], [ -78.803962017568182, 43.869055749600463 ], [ -78.803870117537002, 43.869035849601126 ], [ -78.803804617516121, 43.869037449604441 ], [ -78.80377841750709, 43.869030849604457 ], [ -78.803678417471033, 43.868985049601001 ], [ -78.803663917465784, 43.868978449600498 ], [ -78.803568917431747, 43.868937349597651 ], [ -78.803507617409679, 43.868910249595686 ], [ -78.803492617401943, 43.868876249590436 ], [ -78.803373417356596, 43.868795149581629 ], [ -78.803206917297615, 43.868731049578045 ], [ -78.803005817228467, 43.868678349577955 ], [ -78.8027938171561, 43.868628149578875 ], [ -78.802626117097887, 43.868577749577689 ], [ -78.802581517082416, 43.868563949577322 ], [ -78.802415117024893, 43.868516649576634 ], [ -78.802222016960044, 43.868483149579617 ], [ -78.802054016902261, 43.868438849579498 ], [ -78.801891116845368, 43.868385549577624 ], [ -78.801685516776871, 43.86835644958191 ], [ -78.801485816710056, 43.868324949585478 ], [ -78.801261216635481, 43.868296449590751 ], [ -78.801058516564353, 43.868226149587699 ], [ -78.800883916501888, 43.868151849582652 ], [ -78.800691916434175, 43.868082249579196 ], [ -78.800473616358232, 43.868014049577248 ], [ -78.800268516286565, 43.867947049574866 ], [ -78.800036816206187, 43.867878049573335 ], [ -78.799820016132458, 43.867829749574781 ], [ -78.799601516057109, 43.867769849574287 ], [ -78.799392815984987, 43.867710249573371 ], [ -78.799196915916212, 43.867642149570379 ], [ -78.798995815847462, 43.867593849571108 ], [ -78.798827115787105, 43.867522049566219 ], [ -78.798634115719935, 43.867462049564566 ], [ -78.798461015658191, 43.86739064955993 ], [ -78.798246915584599, 43.86733434955984 ], [ -78.798061915520861, 43.867284449559541 ], [ -78.797899015464324, 43.867235149558319 ], [ -78.797729315404581, 43.867174349555462 ], [ -78.797536215335782, 43.867095849550481 ], [ -78.797373115275462, 43.867004349541908 ], [ -78.797187615211755, 43.866955949541939 ], [ -78.797027615159607, 43.866946449547527 ], [ -78.796845615100963, 43.866943549555366 ], [ -78.79665431504155, 43.86696634956806 ], [ -78.79649541499478, 43.867014349583783 ], [ -78.79644201497787, 43.867016849586648 ], [ -78.799279916476962, 43.873761350639008 ], [ -78.799351816514942, 43.873932050665644 ], [ -78.800402817069426, 43.876420351053618 ], [ -78.801229217506346, 43.878387651360562 ], [ -78.802594718227724, 43.881630651866416 ], [ -78.803106718496338, 43.882825352052286 ], [ -78.804912319450864, 43.887119152721901 ], [ -78.805693919864154, 43.888978753011891 ], [ -78.806565220317282, 43.890964053319777 ], [ -78.806673020373808, 43.891215553358954 ], [ -78.806745020411867, 43.891386253385505 ], [ -78.807616320865776, 43.893380553694975 ], [ -78.808361821254223, 43.895087353959752 ], [ -78.810185522205501, 43.899273554609465 ], [ -78.813302623832215, 43.906433055720342 ], [ -78.813392523879116, 43.906639655752336 ], [ -78.8142368243183, 43.908562056050265 ], [ -78.814308624356286, 43.908732756076859 ], [ -78.814326724366069, 43.908777656083871 ], [ -78.814398524404041, 43.908948356110486 ], [ -78.814659124538778, 43.909532156200768 ], [ -78.814928624678714, 43.910142956295353 ], [ -78.818611726596998, 43.918551357598396 ], [ -78.818692526639424, 43.918739957627707 ], [ -78.819051826826353, 43.919557457754294 ], [ -78.81922252691578, 43.919952657815642 ], [ -78.821663828186743, 43.925515958677288 ], [ -78.822025228374969, 43.926339758804843 ], [ -78.822097128412963, 43.926510458831423 ], [ -78.822133128430849, 43.926582458842361 ], [ -78.822851728806327, 43.928235159098612 ], [ -78.823615329202639, 43.929959959365334 ], [ -78.824459729642214, 43.931882359662957 ], [ -78.825169430011741, 43.933499259913262 ], [ -78.825358030110081, 43.933930459980026 ], [ -78.825924130404474, 43.935215060178798 ], [ -78.826687530802317, 43.936957760448635 ], [ -78.827810431387377, 43.939517960844888 ], [ -78.82943643223247, 43.943201161414464 ], [ -78.829732832388288, 43.943892861521832 ], [ -78.829813632429236, 43.944063561547978 ], [ -78.837485236399445, 43.961230364197142 ], [ -78.837566136440415, 43.961401064223274 ], [ -78.838545236952086, 43.963646764570804 ], [ -78.84197683874325, 43.971489065783608 ], [ -78.843926239761828, 43.975953666474091 ], [ -78.845471340567016, 43.979466167016696 ], [ -78.845543140605074, 43.979636767043196 ], [ -78.846136140915604, 43.981002167254431 ], [ -78.846863741293916, 43.98264616750815 ], [ -78.847663241711885, 43.984478667791514 ], [ -78.849154542488904, 43.987865368314409 ], [ -78.852145844049915, 43.994683569367446 ], [ -78.852783644382143, 43.996129869590646 ], [ -78.852873444429179, 43.996336369622554 ], [ -78.853529244775928, 43.997881569862173 ], [ -78.853717844874481, 43.998312769928802 ], [ -78.858505947398001, 44.009496771660665 ], [ -78.8602036482919, 44.013449372272341 ], [ -78.86043724841447, 44.013988372355634 ], [ -78.861075048750052, 44.015470572584903 ], [ -78.864614350606672, 44.023627273844994 ], [ -78.868010052387518, 44.031442675051807 ], [ -78.868081952425641, 44.031613375078223 ], [ -78.868719752758324, 44.033059675301068 ], [ -78.868800552799343, 44.033230375327122 ], [ -78.870318753587824, 44.036634875850858 ], [ -78.870417553638617, 44.036850475883945 ], [ -78.872070454494306, 44.040524676448399 ] ] ] } },
{ "type": "Feature", "properties": { "OGF_ID": 319586120, "MUNICIPAL_TYPE": "Single Tier Municipality", "MUNICIPAL_TYPE_FR": "Municipalités à palier unique", "MUNICIPAL_NAME": "CITY OF WINDSOR", "MUNICIPAL_NAME_FR": "CITÉ DE WINDSOR", "MUNID": "37039", "MAH_CODE": "45101", "MUNICIPAL_AREA_EXTENT_TYPE": "Islands", "MUNICIPAL_AREA_EXTENT_TYPE_FR": "Îles", "ASSESSMENT_CODE": "3739", "MUNICIPAL_NAME_PREFIX": "CITY OF", "MUNICIPAL_NAME_PREFIX_FR": "CITÉ DE", "MUNICIPAL_NAME_SHORTFORM": "WINDSOR", "MUNICIPAL_NAME_SHORTFORM_FR": "WINDSOR", "UPPER_TIER_ASSESSMENT_CODE": null, "UPPER_TIER_MUNICIPALITY": null, "UPPER_TIER_MUNICIPALITY_FR": null, "EFFECTIVE_DATETIME": "2024-02-15T10:26:33Z", "SYSTEM_DATETIME": "2024-02-15T19:24:59Z", "OBJECTID": 6705, "SHAPEAREA": 0, "SHAPELEN": 0 }, "geometry": { "type": "MultiPolygon", "coordinates": [ [ [ [ -82.925052477183996, 42.349021784195635 ], [ -82.925203577228146, 42.348996284183599 ], [ -82.925341477261966, 42.348900984159833 ], [ -82.925424277276491, 42.348780384134322 ], [ -82.92549967728786, 42.348649784107387 ], [ -82.925596677306544, 42.348526484080743 ], [ -82.925667177317351, 42.348406484055985 ], [ -82.925800577350557, 42.348320284034067 ], [ -82.925975877401186, 42.348283684018767 ], [ -82.926094077430065, 42.348201383998322 ], [ -82.92611057742559, 42.348095783978799 ], [ -82.926181677442401, 42.34804048396542 ], [ -82.926252577458428, 42.347976283950509 ], [ -82.926347777482633, 42.347920583935931 ], [ -82.926467677514466, 42.347864583920007 ], [ -82.926623777557381, 42.3478079839022 ], [ -82.926780177601131, 42.347760083885944 ], [ -82.927080777685006, 42.347665183854119 ], [ -82.927285377742763, 42.347607683833679 ], [ -82.927381377768853, 42.347569883822224 ], [ -82.927464877790342, 42.347523483809795 ], [ -82.927548377811803, 42.347477283797474 ], [ -82.927728777862185, 42.347420283778405 ], [ -82.927994177938487, 42.347361583754761 ], [ -82.928259278013897, 42.347294083729579 ], [ -82.928501278086358, 42.347271983713561 ], [ -82.928670678136598, 42.347251183701466 ], [ -82.928767178164478, 42.347231483693108 ], [ -82.928923578208327, 42.347183883676898 ], [ -82.929127778265098, 42.34711738365494 ], [ -82.929297078315258, 42.34709638364275 ], [ -82.929443178360799, 42.347103083636632 ], [ -82.929637478421128, 42.347108783627974 ], [ -82.929820678480468, 42.347141883624687 ], [ -82.929954478522248, 42.347148583619173 ], [ -82.930112178570525, 42.347145983610886 ], [ -82.930318078632737, 42.34713338359839 ], [ -82.930498978684824, 42.347094183582414 ], [ -82.930861278790857, 42.347034183553689 ], [ -82.931174678880268, 42.34695708352438 ], [ -82.931367078934244, 42.346899683504624 ], [ -82.931462978959516, 42.346852883491536 ], [ -82.93154597897923, 42.346788483476004 ], [ -82.931605878995114, 42.34676048346806 ], [ -82.931726379029541, 42.346731383456884 ], [ -82.931858279065807, 42.346684183441923 ], [ -82.931930879087233, 42.346673883436466 ], [ -82.932123879143063, 42.346634683419893 ], [ -82.932305979198773, 42.346631683410287 ], [ -82.932597879290611, 42.346653783399667 ], [ -82.932768679345301, 42.346677683395342 ], [ -82.932903279389791, 42.3467114833946 ], [ -82.933062479442611, 42.346753983394187 ], [ -82.933220379491743, 42.346760283387411 ], [ -82.933341179527062, 42.346740083377817 ], [ -82.933583579600494, 42.34672708336344 ], [ -82.933765179655225, 42.346714983352243 ], [ -82.934214979795385, 42.346734483333201 ], [ -82.934603279914228, 42.346727783312673 ], [ -82.934980380032101, 42.346748583297554 ], [ -82.93528528013033, 42.346797383290976 ], [ -82.935577980224053, 42.346837483283444 ], [ -82.935700880266594, 42.346889483286517 ], [ -82.935785780292576, 42.346888083282046 ], [ -82.935907680330644, 42.346894983277195 ], [ -82.936078380385368, 42.346919183272966 ], [ -82.936261780445619, 42.346961083271218 ], [ -82.936384180486328, 42.34699488327108 ], [ -82.936456880508572, 42.346993683267264 ], [ -82.93655388053827, 42.346992283262182 ], [ -82.936675780577218, 42.347008083258864 ], [ -82.9368589806366, 42.347040983255575 ], [ -82.937114080715446, 42.347045783243686 ], [ -82.937356380788827, 42.34703268322928 ], [ -82.937598080860354, 42.347001683211673 ], [ -82.937767280909711, 42.346971683197943 ], [ -82.937911680949782, 42.346924183182338 ], [ -82.937995980973966, 42.346904683174664 ], [ -82.938093081003686, 42.346902983169542 ], [ -82.938201981036201, 42.346892283162184 ], [ -82.938310181066853, 42.34686328315167 ], [ -82.938382181085643, 42.346826183141516 ], [ -82.938452381099822, 42.346743983123439 ], [ -82.9384994811101, 42.346698083112933 ], [ -82.938535481119501, 42.346679383107819 ], [ -82.938619381142757, 42.346651183098665 ], [ -82.938630481142852, 42.346614883091647 ], [ -82.938616681133766, 42.346561083082818 ], [ -82.938565581110765, 42.346480883071202 ], [ -82.938429681061848, 42.346402283064002 ], [ -82.938306081017416, 42.346332283057784 ], [ -82.938220380988753, 42.346306683057556 ], [ -82.938159980971065, 42.34631658306229 ], [ -82.938063180942265, 42.34632728306903 ], [ -82.9378946808948, 42.346375183085939 ], [ -82.937749380851102, 42.346386683095218 ], [ -82.937554980790779, 42.346380983103927 ], [ -82.937360280729607, 42.346366383111018 ], [ -82.937177680672065, 42.346351383117515 ], [ -82.937055080630444, 42.346308283115967 ], [ -82.936944580593334, 42.346273983115438 ], [ -82.936834680558093, 42.346257883118078 ], [ -82.936652280500624, 42.346243283124558 ], [ -82.936494080450558, 42.346227783129748 ], [ -82.936384180415303, 42.346211683132353 ], [ -82.936273980378303, 42.346177383131781 ], [ -82.936115280326419, 42.346144083133815 ], [ -82.935907280258661, 42.346102383136824 ], [ -82.935688280189183, 42.346079183143594 ], [ -82.935408780102819, 42.346074883156774 ], [ -82.935069479999783, 42.346089683176373 ], [ -82.934911179950504, 42.346083383183149 ], [ -82.934801679915353, 42.346067283185803 ], [ -82.934630979860685, 42.346043083189976 ], [ -82.93442377979477, 42.34601958319616 ], [ -82.93421617972713, 42.34597798319917 ], [ -82.934032779666936, 42.345936083200911 ], [ -82.933825079599259, 42.345894683203902 ], [ -82.933677579548416, 42.345833983200507 ], [ -82.933578779513255, 42.345781483196163 ], [ -82.933408179458553, 42.345757483200416 ], [ -82.933273479413259, 42.345714683199546 ], [ -82.933077679349282, 42.345673083201973 ], [ -82.932858279278847, 42.345640783207202 ], [ -82.932650779211201, 42.345599183210155 ], [ -82.932442379141747, 42.345539683210063 ], [ -82.931977678988858, 42.345430383213866 ], [ -82.931782778926745, 42.345406583219372 ], [ -82.931623978874867, 42.345373283221399 ], [ -82.931306878772872, 42.345324483228573 ], [ -82.930904678644865, 42.345277383240301 ], [ -82.930758878599434, 42.345270683246405 ], [ -82.930454978504798, 42.345257983259309 ], [ -82.93004187837667, 42.345246783277922 ], [ -82.929944078344306, 42.345221483278323 ], [ -82.929846378312746, 42.345205183280335 ], [ -82.929725278276479, 42.345216083288328 ], [ -82.929629378250425, 42.345253783299725 ], [ -82.929618278250302, 42.345289983306714 ], [ -82.929643578260496, 42.345316483310135 ], [ -82.929693578280691, 42.345369783317132 ], [ -82.92982937832879, 42.345439383322635 ], [ -82.930049878402855, 42.345507883323769 ], [ -82.93034367850008, 42.345583983322584 ], [ -82.930428478526068, 42.345582483318083 ], [ -82.930427378522438, 42.3455464833118 ], [ -82.930437178518943, 42.345474183298528 ], [ -82.930446478512792, 42.34537498328045 ], [ -82.930469878517485, 42.34534768327444 ], [ -82.930530378535224, 42.345337683269683 ], [ -82.930591178554607, 42.345345583268006 ], [ -82.930640778573078, 42.345380783271786 ], [ -82.930667078586865, 42.345443483281578 ], [ -82.930693678602353, 42.345523983294527 ], [ -82.930707178610575, 42.345568683301771 ], [ -82.930757278629954, 42.345612983307134 ], [ -82.930820478656671, 42.345693083318153 ], [ -82.93085947867678, 42.345782383332043 ], [ -82.930884478686878, 42.34580908333551 ], [ -82.930968378709281, 42.345771583324655 ], [ -82.931052278731684, 42.345734083313857 ], [ -82.931111678745779, 42.345688083302747 ], [ -82.931183578765371, 42.345659883294161 ], [ -82.931244178783913, 42.345658883290945 ], [ -82.931378378827489, 42.345683683288648 ], [ -82.931574678893256, 42.345743383289438 ], [ -82.931745978950573, 42.345794483289943 ], [ -82.931929479010861, 42.345836183288178 ], [ -82.932075479056365, 42.34584308328207 ], [ -82.932306279127815, 42.345848083271491 ], [ -82.932439979169558, 42.34585478326597 ], [ -82.932549679204755, 42.345870883263316 ], [ -82.93264757923717, 42.345896283262974 ], [ -82.932879779313183, 42.345946383260255 ], [ -82.933160379403176, 42.345986883253445 ], [ -82.933465179501368, 42.346035683246882 ], [ -82.933635079554179, 42.346041683239449 ], [ -82.933817579610846, 42.346047683231397 ], [ -82.933927679647027, 42.346072883230356 ], [ -82.934074879696951, 42.346124483232124 ], [ -82.934233279747104, 42.346139683226937 ], [ -82.934344179785924, 42.346191983230661 ], [ -82.934442179818348, 42.34621718323028 ], [ -82.93449067983326, 42.346216483227678 ], [ -82.934635879876822, 42.346204983218435 ], [ -82.934733579908396, 42.346221283216408 ], [ -82.934807579935125, 42.346265083220494 ], [ -82.934858479957242, 42.346336183230569 ], [ -82.934883879968282, 42.34637208323565 ], [ -82.934957679993332, 42.346397883236541 ], [ -82.935030880018203, 42.346423583237438 ], [ -82.935299080103547, 42.346454983229613 ], [ -82.935469880158266, 42.346479183225355 ], [ -82.935676980224116, 42.346502683219192 ], [ -82.936139280368877, 42.346530883201133 ], [ -82.936297480418972, 42.34654618319594 ], [ -82.936468180473653, 42.346570483191719 ], [ -82.936650480530261, 42.346576283183651 ], [ -82.936759280562782, 42.346565583176307 ], [ -82.936892780603614, 42.346563083169201 ], [ -82.936990080634217, 42.346570483165671 ], [ -82.937076280663888, 42.346605183167547 ], [ -82.93723548071668, 42.346647483167096 ], [ -82.937455180788007, 42.346688783163408 ], [ -82.937674080856638, 42.346703083155042 ], [ -82.937771180886358, 42.346701383149863 ], [ -82.937855480910557, 42.34668198314224 ], [ -82.937987680946932, 42.346634683127263 ], [ -82.938083280972123, 42.346588083114213 ], [ -82.938167180994526, 42.346550583103422 ], [ -82.93822648100938, 42.346513583093881 ], [ -82.938275481025201, 42.346521783092925 ], [ -82.938300581034525, 42.346539383094758 ], [ -82.938301181037204, 42.346566483099522 ], [ -82.938303181043523, 42.346629483110597 ], [ -82.938281081043286, 42.346701983124532 ], [ -82.938221681029148, 42.346747783135633 ], [ -82.938138281007738, 42.346794383147994 ], [ -82.938017480972391, 42.346814283157613 ], [ -82.937908680940708, 42.346834183166543 ], [ -82.937824480916547, 42.346853483174186 ], [ -82.937727780888622, 42.346873283182489 ], [ -82.937570180840368, 42.346875883190805 ], [ -82.93740018078833, 42.346878583199768 ], [ -82.937241480736532, 42.346845483201832 ], [ -82.936984980653065, 42.346795783205863 ], [ -82.936790280591836, 42.346781083212953 ], [ -82.936547180516627, 42.346776283224237 ], [ -82.936279180431328, 42.346744683232032 ], [ -82.936108680376648, 42.346720383236232 ], [ -82.935912880312671, 42.346678783238637 ], [ -82.935730180254325, 42.346654883243509 ], [ -82.935413980155033, 42.346633183255449 ], [ -82.935231380097576, 42.346618483261935 ], [ -82.935047880037246, 42.346576283263637 ], [ -82.934827479964085, 42.346516983264145 ], [ -82.93460737989102, 42.346457683264589 ], [ -82.934362579809516, 42.346389783264812 ], [ -82.934093479721469, 42.346331383267895 ], [ -82.933726779601827, 42.34625638327293 ], [ -82.933543579541706, 42.346214583274651 ], [ -82.933422379505373, 42.346225383282587 ], [ -82.933398979500694, 42.346252883288606 ], [ -82.933412479508888, 42.346297783295931 ], [ -82.933462779529179, 42.346350883302826 ], [ -82.933549279560552, 42.346403383307802 ], [ -82.933611679584615, 42.346456483314078 ], [ -82.933600279583558, 42.346483583319461 ], [ -82.93355267957142, 42.346511383326764 ], [ -82.933468379547236, 42.346530883334431 ], [ -82.933346479509154, 42.346524083339325 ], [ -82.933236779473049, 42.346498783340323 ], [ -82.933115379435932, 42.34650078334672 ], [ -82.932956679384873, 42.34647648335033 ], [ -82.932737179314472, 42.34644418335558 ], [ -82.932518279245826, 42.346429883363939 ], [ -82.932287679175246, 42.346433883376129 ], [ -82.931960679076738, 42.346457183396595 ], [ -82.931489078937304, 42.346519283431171 ], [ -82.931259778871194, 42.346568183451225 ], [ -82.931127478833957, 42.346606383464596 ], [ -82.931006678798624, 42.346626483474239 ], [ -82.930812678739201, 42.346629583484422 ], [ -82.930679578700136, 42.346650083494701 ], [ -82.930486078642488, 42.346671183508114 ], [ -82.930304878589496, 42.346701283522492 ], [ -82.93003877851045, 42.346732783541334 ], [ -82.929784578434322, 42.346755183558024 ], [ -82.929420078321101, 42.346743183574056 ], [ -82.929176678244971, 42.346729283583727 ], [ -82.928957378175355, 42.346705983590546 ], [ -82.928786178118855, 42.346663783591616 ], [ -82.92865247807714, 42.346657283597146 ], [ -82.928458578018606, 42.346669383608962 ], [ -82.928276777963745, 42.34668138362013 ], [ -82.928143977924705, 42.346701683630378 ], [ -82.928034877892145, 42.346712383637723 ], [ -82.927973777871827, 42.346695483637774 ], [ -82.927887877842224, 42.346660983635921 ], [ -82.927752777796002, 42.346609183633497 ], [ -82.927543777724694, 42.346531783630205 ], [ -82.927310277644182, 42.346436483624977 ], [ -82.927149777586905, 42.346349183617505 ], [ -82.927075077558356, 42.34628738361031 ], [ -82.927037977544487, 42.346260983607458 ], [ -82.926973777515045, 42.346153983591769 ], [ -82.926860877469082, 42.346029783575368 ], [ -82.926736577422062, 42.34593288356438 ], [ -82.926587177365718, 42.345818183551543 ], [ -82.926327477270689, 42.345651483534937 ], [ -82.926107177198332, 42.345601283537057 ], [ -82.925961377152902, 42.345594683543155 ], [ -82.925779077097076, 42.345597683552761 ], [ -82.925634277054385, 42.345617983563621 ], [ -82.925477577009701, 42.345656783578271 ], [ -82.925380576979961, 42.345658383583412 ], [ -82.925295276953079, 42.345650983586346 ], [ -82.925221776928083, 42.345625183585447 ], [ -82.92512317689382, 42.345581783582688 ], [ -82.924962676835705, 42.345485283573616 ], [ -82.924789276772827, 42.345380183563627 ], [ -82.924604976709887, 42.345311283560619 ], [ -82.924532076686788, 42.345303383562836 ], [ -82.924472076670838, 42.345331383570773 ], [ -82.924460876669855, 42.345358783576216 ], [ -82.924498676685531, 42.345402983582147 ], [ -82.924560876709478, 42.345456083588459 ], [ -82.924684476753825, 42.345525983594726 ], [ -82.924857176814896, 42.345613283601509 ], [ -82.925126776905543, 42.345698683603253 ], [ -82.925261876951822, 42.34575048360567 ], [ -82.925386276998893, 42.345847483616637 ], [ -82.925497677039516, 42.345917683623505 ], [ -82.925620577082029, 42.345969583626584 ], [ -82.925757077132786, 42.346066283636922 ], [ -82.925880277175423, 42.346118283639974 ], [ -82.925990677213292, 42.346161583642143 ], [ -82.926250077305767, 42.346301083653913 ], [ -82.926533377405548, 42.346440683664525 ], [ -82.926668277450972, 42.346483383665344 ], [ -82.926779077489741, 42.346535583669038 ], [ -82.926927277542461, 42.346614083675576 ], [ -82.927075677596065, 42.346701583683682 ], [ -82.927187977639434, 42.346798883695314 ], [ -82.927251777668786, 42.346905783711051 ], [ -82.927265677677923, 42.346959583719872 ], [ -82.927257377686757, 42.347085683742634 ], [ -82.927187577674459, 42.347186083763901 ], [ -82.927129077663054, 42.347259183779762 ], [ -82.92708247765448, 42.347322783793359 ], [ -82.927058777648867, 42.347341183797838 ], [ -82.927034477641428, 42.347341783799102 ], [ -82.926984277621173, 42.347288483792191 ], [ -82.926910077594357, 42.347244683788112 ], [ -82.926800277559124, 42.347228483790715 ], [ -82.926642677510884, 42.347231283799069 ], [ -82.926521677475492, 42.347251183808694 ], [ -82.926461977459667, 42.347279383816641 ], [ -82.926415077450159, 42.347333983828648 ], [ -82.926404777452731, 42.347397183840364 ], [ -82.926380677445337, 42.347397683841642 ], [ -82.926319377424988, 42.347380783841722 ], [ -82.926282177411139, 42.347354383838876 ], [ -82.926305477415838, 42.347326983832886 ], [ -82.926315877413302, 42.347263683821133 ], [ -82.926350177418072, 42.34720018380817 ], [ -82.926336677409836, 42.347155283800909 ], [ -82.926311077397955, 42.347110683794263 ], [ -82.926272377378766, 42.347030383781991 ], [ -82.92620917735205, 42.346950183770922 ], [ -82.926097977312295, 42.34688908376566 ], [ -82.925890977246425, 42.346865483771786 ], [ -82.925757377205557, 42.346867783778876 ], [ -82.925612977164619, 42.346906183792875 ], [ -82.925576977155202, 42.346924883797975 ], [ -82.925564177149667, 42.346906983795456 ], [ -82.925563277146168, 42.346871083789146 ], [ -82.925647077168534, 42.346833783778379 ], [ -82.925719577189895, 42.346823583772931 ], [ -82.925852377228111, 42.346794183761084 ], [ -82.92601017727722, 42.346800483754315 ], [ -82.926169077329121, 42.346833783752331 ], [ -82.926280177368895, 42.34689518375766 ], [ -82.926404777416806, 42.347000983770158 ], [ -82.92649437745817, 42.347152683792565 ], [ -82.926507377464546, 42.347179483796673 ], [ -82.926556577481293, 42.34719668379725 ], [ -82.926641577507269, 42.347195283792807 ], [ -82.926750377539761, 42.347184383785439 ], [ -82.926895077581619, 42.347154883772951 ], [ -82.927087577634808, 42.347088583751635 ], [ -82.927147277650661, 42.347060683743692 ], [ -82.927145977646163, 42.347015683735791 ], [ -82.927120277634231, 42.346971083729152 ], [ -82.927069777613085, 42.346908983720688 ], [ -82.926982277578944, 42.346829483710984 ], [ -82.926882877541146, 42.346749883701804 ], [ -82.926759277496771, 42.346679883695579 ], [ -82.926586977436656, 42.346601783690339 ], [ -82.92634067735068, 42.346488883682646 ], [ -82.925971377222041, 42.346323683671777 ], [ -82.925737577140708, 42.346219783665056 ], [ -82.925516077063904, 42.346124383659237 ], [ -82.925417477028816, 42.346072083654896 ], [ -82.925332577002848, 42.346073583659383 ], [ -82.925260276982328, 42.346092683666363 ], [ -82.925115776941382, 42.346131083680355 ], [ -82.925008076913315, 42.346186983695645 ], [ -82.924876876879694, 42.34626128371535 ], [ -82.924816476862034, 42.346271283720156 ], [ -82.924755376841645, 42.346254183720134 ], [ -82.924730476832423, 42.346236683718274 ], [ -82.924692976817653, 42.346201283713931 ], [ -82.924656676806578, 42.346201983715851 ], [ -82.924607776790751, 42.346193683716841 ], [ -82.924547076772171, 42.346194883720052 ], [ -82.924461676744386, 42.346178083721334 ], [ -82.924387676718496, 42.346143383718918 ], [ -82.924301376687964, 42.346099783715459 ], [ -82.924240176667595, 42.346082683715501 ], [ -82.924227476662068, 42.346065083712986 ], [ -82.924226076657575, 42.346019983705098 ], [ -82.924237576658683, 42.345992883699715 ], [ -82.924298176677226, 42.345991783696476 ], [ -82.924395876709539, 42.346017083696083 ], [ -82.924469976735494, 42.346051983698572 ], [ -82.924520076755741, 42.346105183705525 ], [ -82.924606076785352, 42.346139683707314 ], [ -82.92469127681224, 42.346147283704411 ], [ -82.924751776829979, 42.346137283699662 ], [ -82.924872576865297, 42.346117183690033 ], [ -82.925040676911863, 42.346060383671599 ], [ -82.92508847692406, 42.346032483664253 ], [ -82.925074576914909, 42.345978683655424 ], [ -82.925060876905789, 42.345924883646582 ], [ -82.925036076896575, 42.345907383644715 ], [ -82.924913076854864, 42.345864383643232 ], [ -82.924741476796541, 42.345804083641127 ], [ -82.924532276723568, 42.345708683634662 ], [ -82.924371376664496, 42.345603483624039 ], [ -82.924284276632136, 42.345541783617449 ], [ -82.924233976611021, 42.345479583608935 ], [ -82.924172176588826, 42.34544458360584 ], [ -82.92408697656191, 42.345436983608757 ], [ -82.923977776528503, 42.345438883614513 ], [ -82.92388137650147, 42.345467383624403 ], [ -82.923834076490266, 42.345504383633276 ], [ -82.923797676479097, 42.345504883635172 ], [ -82.92374887646335, 42.345496583636162 ], [ -82.923687176441192, 42.345461683633047 ], [ -82.923661676430129, 42.345426083628034 ], [ -82.923635476416351, 42.345363483618215 ], [ -82.923622276409034, 42.345327683612538 ], [ -82.923573076392358, 42.345310383611974 ], [ -82.923500376370129, 42.345311683615783 ], [ -82.923427176346067, 42.345294983616483 ], [ -82.923354076322852, 42.345287183618751 ], [ -82.923267676292326, 42.345243583615364 ], [ -82.923181176260954, 42.345190983610351 ], [ -82.923046776217376, 42.345166183612655 ], [ -82.922949276185918, 42.345149983614647 ], [ -82.922864076159811, 42.345151183619109 ], [ -82.922815076143152, 42.345134083618532 ], [ -82.922802076136776, 42.345107383614462 ], [ -82.92281347613779, 42.345080083609069 ], [ -82.922800476131329, 42.345053283604969 ], [ -82.922739576111894, 42.345045383606582 ], [ -82.922641976080385, 42.34502898360855 ], [ -82.92253277604695, 42.34503068361429 ], [ -82.922448376022743, 42.345050183621979 ], [ -82.922388476006859, 42.345078183629909 ], [ -82.922329175992772, 42.345124283641049 ], [ -82.922306575990788, 42.345178683651767 ], [ -82.92229507598887, 42.345196983655619 ], [ -82.922270775981417, 42.345197283656873 ], [ -82.922233475967573, 42.345170883654035 ], [ -82.922196175953673, 42.345144483651247 ], [ -82.922182775945487, 42.345099683643966 ], [ -82.922193575944746, 42.34505448363543 ], [ -82.922192275941072, 42.345018483629104 ], [ -82.922167775931968, 42.345000883627215 ], [ -82.92210657591157, 42.344983783627207 ], [ -82.922045275891165, 42.344966883627286 ], [ -82.922007375875481, 42.344922483621332 ], [ -82.922006275871908, 42.344886483614992 ], [ -82.922030075877501, 42.344868083610557 ], [ -82.922065675886017, 42.344840483603875 ], [ -82.922150375911116, 42.344830083597806 ], [ -82.922247975942653, 42.344846483595894 ], [ -82.922309375963877, 42.344872383597377 ], [ -82.922357675977878, 42.344862783593264 ], [ -82.922417375993689, 42.344834583585325 ], [ -82.922476976008653, 42.344797583575776 ], [ -82.922559876027492, 42.344724083558631 ], [ -82.922617676036182, 42.344624083538001 ], [ -82.922664376045589, 42.344569383526022 ], [ -82.922711876056908, 42.344532583517086 ], [ -82.92278327607464, 42.344486283505319 ], [ -82.922890676102625, 42.344430483490086 ], [ -82.922937276111185, 42.344366583476464 ], [ -82.92295937611145, 42.344294183462495 ], [ -82.922980876109875, 42.34420388344541 ], [ -82.923016076116525, 42.344158183435603 ], [ -82.923051776125021, 42.344130583428907 ], [ -82.923110776138188, 42.344075483416198 ], [ -82.923169976152238, 42.344029383405122 ], [ -82.923204376157017, 42.343965983392117 ], [ -82.923237976159186, 42.343875183374415 ], [ -82.923284576167703, 42.343811383360745 ], [ -82.92337997619201, 42.343755683346117 ], [ -82.923452676213429, 42.343745583340699 ], [ -82.923513376232009, 42.343744483337517 ], [ -82.923599576262504, 42.343788183340941 ], [ -82.923661776286451, 42.343841183347209 ], [ -82.923663176290972, 42.343885983355094 ], [ -82.923652276290895, 42.343922283362055 ], [ -82.923616876283319, 42.343958883370341 ], [ -82.92353367626275, 42.344014383384305 ], [ -82.923416676239981, 42.344160283415988 ], [ -82.923288776218016, 42.344351783456275 ], [ -82.923244276215797, 42.344478583480992 ], [ -82.923224176221865, 42.344613983505958 ], [ -82.923238476232811, 42.344685683517994 ], [ -82.923276676250154, 42.344748083527129 ], [ -82.923315176267693, 42.34481048353625 ], [ -82.923427376310997, 42.344907683547845 ], [ -82.923587576367439, 42.3449861835538 ], [ -82.923806976437859, 42.345018483548543 ], [ -82.924135276539957, 42.345030883534371 ], [ -82.924475076643986, 42.345025183516441 ], [ -82.924704676711841, 42.344994283499489 ], [ -82.92502947680309, 42.344898683466347 ], [ -82.925269476868422, 42.344804783437723 ], [ -82.925376576894664, 42.344730983419311 ], [ -82.925435776908714, 42.3446849834082 ], [ -82.925507576927416, 42.344647583397993 ], [ -82.925554076935938, 42.344583783384401 ], [ -82.925576976938842, 42.344538383375173 ], [ -82.925465776899102, 42.344477283369919 ], [ -82.925381176874041, 42.344487683375988 ], [ -82.925248476835847, 42.344516783387775 ], [ -82.92497007675226, 42.344539583405719 ], [ -82.924739576681702, 42.344543383417822 ], [ -82.924593076634395, 42.344518883420797 ], [ -82.924434076581633, 42.344476583421276 ], [ -82.924310876539053, 42.344424583418174 ], [ -82.924199676498432, 42.3443543834113 ], [ -82.924148476475438, 42.344274083399661 ], [ -82.924121576459029, 42.344184583385143 ], [ -82.924131376455534, 42.344112383371815 ], [ -82.924153976457518, 42.344057983361104 ], [ -82.924224876472735, 42.343984883344604 ], [ -82.924368376510927, 42.34391938332584 ], [ -82.924597376576116, 42.343861483304153 ], [ -82.924767276628941, 42.34386758329677 ], [ -82.924937776682768, 42.343882483290905 ], [ -82.925096876735608, 42.34392528329051 ], [ -82.925220776780804, 42.344003983298279 ], [ -82.925405176844635, 42.344081983302935 ], [ -82.925552476894609, 42.344133583304675 ], [ -82.925650076926132, 42.344150083302743 ], [ -82.92575877695775, 42.344129983293783 ], [ -82.925866876987627, 42.344092283281711 ], [ -82.925998177021228, 42.344017883261962 ], [ -82.926116177047632, 42.343907983236626 ], [ -82.926210777069187, 42.343825283217242 ], [ -82.926305677091733, 42.343751783199508 ], [ -82.926459877128295, 42.343631883170545 ], [ -82.926613677163999, 42.343503383140089 ], [ -82.926756277198677, 42.343401983115008 ], [ -82.926828477219118, 42.343382783107998 ], [ -82.926889177237697, 42.343381683104823 ], [ -82.926914777249621, 42.34342628311142 ], [ -82.926928277257829, 42.343471183118723 ], [ -82.926930477265046, 42.343542983131336 ], [ -82.926919977266706, 42.343597283141477 ], [ -82.926909777269273, 42.343660483153187 ], [ -82.926923677278438, 42.343714283162001 ], [ -82.926937577288399, 42.343777083172462 ], [ -82.927012577317939, 42.343847883181269 ], [ -82.927125777364026, 42.343972283197651 ], [ -82.927126377366676, 42.343999183202364 ], [ -82.927127277369351, 42.344026083207105 ], [ -82.927079777357278, 42.3440538832144 ], [ -82.927007177335838, 42.344063983219804 ], [ -82.926946177316353, 42.344056183221468 ], [ -82.926896177296967, 42.344011883216119 ], [ -82.926833677272114, 42.343949983208269 ], [ -82.926844477271359, 42.343904683199703 ], [ -82.926842877265955, 42.343850683190247 ], [ -82.926841377261411, 42.343805583182295 ], [ -82.926827677252334, 42.343751883173432 ], [ -82.926803777245865, 42.343761383176357 ], [ -82.926780177241042, 42.343788683182353 ], [ -82.926708777223325, 42.343835083194122 ], [ -82.92658997719424, 42.34391798321473 ], [ -82.926448377163211, 42.344055583246188 ], [ -82.926390777154481, 42.344155383266724 ], [ -82.926392477159951, 42.344209483276224 ], [ -82.926418177171868, 42.344253983282833 ], [ -82.926467777190354, 42.344289283286656 ], [ -82.926613677236645, 42.344304883282106 ], [ -82.926808077296144, 42.344301483271778 ], [ -82.926940977335192, 42.344281483261597 ], [ -82.927133477389233, 42.344224083241819 ], [ -82.927325677442326, 42.344157683220494 ], [ -82.92750547749084, 42.344082683198259 ], [ -82.927732277549666, 42.343961783165518 ], [ -82.927899877593617, 42.343877983142335 ], [ -82.927983577615976, 42.343840483131487 ], [ -82.927994577616076, 42.343804483124536 ], [ -82.928016477615429, 42.343722783108959 ], [ -82.928038377614783, 42.343641583093536 ], [ -82.928035777606624, 42.343560583079302 ], [ -82.927997377589165, 42.34349818307016 ], [ -82.927947577569824, 42.343453883064782 ], [ -82.927898777554063, 42.343445583065765 ], [ -82.927826377533577, 42.343464983072792 ], [ -82.927717877501991, 42.343484883081722 ], [ -82.927656877482477, 42.343476883083362 ], [ -82.927607577464926, 42.343450583081172 ], [ -82.927557277444635, 42.343397383074283 ], [ -82.927482177414319, 42.343317783063874 ], [ -82.927433677399478, 42.343318583066441 ], [ -82.927385477386366, 42.343337283072159 ], [ -82.927325077368678, 42.34334728307698 ], [ -82.92727647735299, 42.343339183077966 ], [ -82.927142077309426, 42.343314383080269 ], [ -82.92712927730382, 42.343296483077751 ], [ -82.92711647729746, 42.343269583073592 ], [ -82.927115577294728, 42.343242783068895 ], [ -82.927114477291184, 42.343206983062622 ], [ -82.92713827729682, 42.343188383058106 ], [ -82.927186077309017, 42.343160583050796 ], [ -82.927378177362101, 42.343094383029502 ], [ -82.927617677426383, 42.342991182999249 ], [ -82.927724877453471, 42.342926182982382 ], [ -82.927796377471296, 42.342880182970667 ], [ -82.92780707746968, 42.342825882960526 ], [ -82.927805177464236, 42.342771982951064 ], [ -82.927730777436565, 42.342719282945474 ], [ -82.927656777409823, 42.34267528294135 ], [ -82.927485977355062, 42.342651182945602 ], [ -82.927303577298431, 42.342645182953639 ], [ -82.927158377254784, 42.34265668296289 ], [ -82.92706217722781, 42.342685282972781 ], [ -82.926954277198817, 42.342732082986451 ], [ -82.926869677173741, 42.34274258299255 ], [ -82.926687977118959, 42.342754583003725 ], [ -82.926445077043795, 42.342749683015001 ], [ -82.926202476969507, 42.342753783027803 ], [ -82.926093176936092, 42.342755683033602 ], [ -82.925983976903495, 42.342766583040991 ], [ -82.925851276864421, 42.342786683051159 ], [ -82.92566997681142, 42.342816783065523 ], [ -82.925489176759342, 42.342855883081512 ], [ -82.925295576701728, 42.342877083094933 ], [ -82.925042076628159, 42.342926383116293 ], [ -82.924728876538822, 42.343003683145604 ], [ -82.924426876450468, 42.343053783169566 ], [ -82.924173476376978, 42.343103083190933 ], [ -82.924065276346283, 42.343131883201423 ], [ -82.924005576331254, 42.343168683210919 ], [ -82.923946676318138, 42.343223883223644 ], [ -82.923887476304913, 42.343279083236396 ], [ -82.923839976292825, 42.343306683243604 ], [ -82.923755376268574, 42.343326183251285 ], [ -82.923610376225781, 42.343346583262182 ], [ -82.923392876161699, 42.343377383278487 ], [ -82.923308376137456, 42.343396883286168 ], [ -82.923272976129851, 42.343433283294374 ], [ -82.923261876129743, 42.343469583301328 ], [ -82.923275476137974, 42.343514383308609 ], [ -82.923265976142432, 42.343595683323464 ], [ -82.923231676138428, 42.343668283338062 ], [ -82.923185776131731, 42.343749883354775 ], [ -82.923150576125039, 42.343795683364661 ], [ -82.923103576114727, 42.343841483375108 ], [ -82.923044076100652, 42.343887583386277 ], [ -82.92299677608942, 42.343924383395148 ], [ -82.922936076070826, 42.343925283398313 ], [ -82.922863176048494, 42.34392658340218 ], [ -82.92280297603088, 42.343936583406979 ], [ -82.922767276022398, 42.343964283413669 ], [ -82.92268477600453, 42.34404668343236 ], [ -82.922613575987569, 42.344101783445666 ], [ -82.92255437597359, 42.344147883456792 ], [ -82.922482675954868, 42.344185083466975 ], [ -82.922399575935145, 42.344249483482521 ], [ -82.922328675919147, 42.344313883497449 ], [ -82.922306775918983, 42.344386183511354 ], [ -82.922260675912199, 42.344467983528176 ], [ -82.92221417590369, 42.344531883541805 ], [ -82.922166275891485, 42.344559483549105 ], [ -82.9220819758673, 42.344579083556752 ], [ -82.921986075841232, 42.344616683568233 ], [ -82.921902375819698, 42.344663083580606 ], [ -82.921806975795363, 42.344718783595248 ], [ -82.921675175759901, 42.34477498361175 ], [ -82.921531575721659, 42.344840483630513 ], [ -82.921363775675999, 42.344906183650536 ], [ -82.921194975628438, 42.344954183667483 ], [ -82.921099075602314, 42.344991783678914 ], [ -82.921015775581751, 42.345047183692905 ], [ -82.920920875559204, 42.345120883710671 ], [ -82.920873975549782, 42.345175783722745 ], [ -82.920840175546729, 42.345257383738875 ], [ -82.920805575541848, 42.345320783751809 ], [ -82.920758375531491, 42.345366583762306 ], [ -82.920699675519231, 42.345430683776627 ], [ -82.9206640755108, 42.345458383783281 ], [ -82.920654175514287, 42.345530583796595 ], [ -82.920656675522395, 42.345611583810765 ], [ -82.920670975533326, 42.345683283822815 ], [ -82.92072167555537, 42.345754483832863 ], [ -82.920785475583898, 42.34585248384704 ], [ -82.920825175605856, 42.345960083864142 ], [ -82.920864675627683, 42.34606728388119 ], [ -82.920891975645034, 42.346165983897272 ], [ -82.920918875660647, 42.346246583910208 ], [ -82.921007675699272, 42.346371083927842 ], [ -82.921085175737659, 42.346531983952467 ], [ -82.921163675778061, 42.346710783980228 ], [ -82.921290275833144, 42.346888884005502 ], [ -82.921378975870894, 42.347004384021524 ], [ -82.921453275898529, 42.347057084027128 ], [ -82.921576875942861, 42.347126884033337 ], [ -82.921688775985345, 42.347215184043414 ], [ -82.921788276023136, 42.3472946840525 ], [ -82.921888076061862, 42.347383184063212 ], [ -82.922013176110738, 42.347497984077307 ], [ -82.922236676194686, 42.347665384095819 ], [ -82.922461176281388, 42.347859784119052 ], [ -82.922734576384698, 42.348071184142874 ], [ -82.922834276422535, 42.348150584151966 ], [ -82.923003076484562, 42.348261584163225 ], [ -82.923219576560399, 42.348363784170544 ], [ -82.923423776630884, 42.348447684175198 ], [ -82.923616876697238, 42.348524384179115 ], [ -82.923807476763585, 42.348609384184684 ], [ -82.923988676826113, 42.34868418418889 ], [ -82.924168476886791, 42.34874348419045 ], [ -82.924339476946187, 42.348818384195148 ], [ -82.924526677010448, 42.34889178419882 ], [ -82.924680177063109, 42.348951584201743 ], [ -82.924830677115068, 42.349014384205383 ], [ -82.924962677154213, 42.348998084195934 ], [ -82.925052477183996, 42.349021784195635 ] ] ], [ [ [ -82.924689076624631, 42.344085083339174 ], [ -82.924568476590153, 42.344114083350362 ], [ -82.924508476573408, 42.344133183356696 ], [ -82.924472576564042, 42.344151683361794 ], [ -82.92446177656484, 42.344196883370323 ], [ -82.9244745765712, 42.344223783374474 ], [ -82.924512176585949, 42.344259183378867 ], [ -82.924610576619358, 42.344293583380072 ], [ -82.924732576659167, 42.344318383378315 ], [ -82.924829576688026, 42.34430778337159 ], [ -82.924937776718707, 42.344278983361122 ], [ -82.925081976758733, 42.34423148334551 ], [ -82.925117476767198, 42.344203983338865 ], [ -82.925092576757123, 42.344177183335361 ], [ -82.925055576744143, 42.344159883334122 ], [ -82.924982276720087, 42.344143183334822 ], [ -82.924909276696951, 42.344135583337177 ], [ -82.924847376674677, 42.344100383334009 ], [ -82.924773876650562, 42.344083583334672 ], [ -82.924689076624631, 42.344085083339174 ] ] ], [ [ [ -82.926149177119726, 42.344591783356115 ], [ -82.92622247714381, 42.344608583355452 ], [ -82.926307377169806, 42.344607183350931 ], [ -82.926392277194964, 42.344596783344862 ], [ -82.926488977223769, 42.344586183338158 ], [ -82.92656217724695, 42.34459378333586 ], [ -82.926646977272952, 42.344592483331382 ], [ -82.926731577298014, 42.344582183325365 ], [ -82.926816377323178, 42.34457168331928 ], [ -82.926937577360235, 42.344569383312823 ], [ -82.927095377408563, 42.344566883304516 ], [ -82.927192477438282, 42.344565283299382 ], [ -82.927289277467096, 42.344554683292678 ], [ -82.927324977476388, 42.344535883287541 ], [ -82.927312077470035, 42.34450938328348 ], [ -82.927287077459923, 42.344482683280042 ], [ -82.927238077444116, 42.344474483281012 ], [ -82.927165677422749, 42.344484683286446 ], [ -82.927044377385627, 42.344486883292873 ], [ -82.926910877344739, 42.344488883299881 ], [ -82.926838077322472, 42.344490283303777 ], [ -82.926716577285305, 42.344492283310196 ], [ -82.92655967723887, 42.344512883321642 ], [ -82.926474577212844, 42.344514383326157 ], [ -82.926389577186782, 42.344515683330627 ], [ -82.926244177142294, 42.344518283338367 ], [ -82.926134877108865, 42.344520083344136 ], [ -82.926122777105107, 42.344520183344734 ], [ -82.926111177103209, 42.344538483348572 ], [ -82.926112277106824, 42.344574483354847 ], [ -82.926149177119726, 42.344591783356115 ] ] ], [ [ [ -82.926433377258178, 42.345154383441624 ], [ -82.926494677278555, 42.345171383441539 ], [ -82.92656747730085, 42.345170283437746 ], [ -82.926615777314822, 42.345160383433566 ], [ -82.926663677327866, 42.345141483427845 ], [ -82.926699477337166, 42.345122883422739 ], [ -82.926699077335442, 42.345104983419596 ], [ -82.926674377326265, 42.345087283417691 ], [ -82.926613477307569, 42.345088283420907 ], [ -82.926516277277031, 42.345080983424474 ], [ -82.926370377231549, 42.345074383430578 ], [ -82.926297477209218, 42.345075783434481 ], [ -82.926249577196216, 42.345094483440185 ], [ -82.926226077191473, 42.345121883446183 ], [ -82.926214377189481, 42.345139983450011 ], [ -82.926239177197914, 42.345148783450313 ], [ -82.926336077227589, 42.345147083445148 ], [ -82.926433377258178, 42.345154383441624 ] ] ], [ [ [ -82.925198676888385, 42.345265183522812 ], [ -82.925126376868704, 42.345293483531435 ], [ -82.925103676865859, 42.345338983540628 ], [ -82.925116676872264, 42.345365683544742 ], [ -82.925129876879566, 42.345401483550411 ], [ -82.925179276897168, 42.345427783552601 ], [ -82.925288876931504, 42.3454348835484 ], [ -82.925421776970538, 42.345414583538144 ], [ -82.925529777000349, 42.345376783526106 ], [ -82.925613677022739, 42.345339183515257 ], [ -82.92575787706285, 42.345291983499671 ], [ -82.925926577111241, 42.345253083484359 ], [ -82.925961777118701, 42.345216483476129 ], [ -82.925960977115992, 42.345189383471372 ], [ -82.925936577107734, 42.345180883471102 ], [ -82.925888077092878, 42.345181583473618 ], [ -82.925814877069641, 42.3451737834759 ], [ -82.925730477045448, 42.345193283483567 ], [ -82.925634877020244, 42.345239883496568 ], [ -82.925586677006351, 42.345249883500763 ], [ -82.9255617769971, 42.345232083498843 ], [ -82.925561176995274, 42.345214083495669 ], [ -82.925560476992601, 42.345186983490962 ], [ -82.925656377018683, 42.345149483479489 ], [ -82.925728077037391, 42.34511238346937 ], [ -82.925751577042135, 42.345084783463307 ], [ -82.925750277038475, 42.345048883456997 ], [ -82.925737277031189, 42.345013083451327 ], [ -82.925699877017294, 42.344986583448453 ], [ -82.925651377002467, 42.344987483451071 ], [ -82.925591476986568, 42.345015483459001 ], [ -82.925507776964224, 42.345052983469834 ], [ -82.925388576934282, 42.345127083488919 ], [ -82.925305076912778, 42.345173283501246 ], [ -82.925198676888385, 42.345265183522812 ] ] ], [ [ [ -82.931885079045429, 42.346368383384664 ], [ -82.931982179075163, 42.34636688337951 ], [ -82.932079379104934, 42.346365283374418 ], [ -82.932200079140216, 42.346345183364811 ], [ -82.93235697918584, 42.346315583351704 ], [ -82.932502179229417, 42.346304083342474 ], [ -82.932805779323189, 42.346307983327961 ], [ -82.932987279377102, 42.34628698331526 ], [ -82.933107679410696, 42.346248783302464 ], [ -82.933167479426587, 42.346220783294484 ], [ -82.933165779421117, 42.346166783285035 ], [ -82.933139479407345, 42.346104183275258 ], [ -82.933089779388894, 42.346069083271487 ], [ -82.932992079356524, 42.346043683271908 ], [ -82.932931579338856, 42.346053683276672 ], [ -82.932835279311007, 42.346073383284946 ], [ -82.932738079281236, 42.346075083290138 ], [ -82.932640579250588, 42.346067483293659 ], [ -82.932494479204237, 42.346051983298175 ], [ -82.932409679178249, 42.346053483302661 ], [ -82.932263979133623, 42.346055783310348 ], [ -82.932069179072414, 42.346041283317497 ], [ -82.931934979028881, 42.34601648331985 ], [ -82.931765178976846, 42.346019183328785 ], [ -82.931631678936057, 42.346021583335833 ], [ -82.931547478912719, 42.346049983345097 ], [ -82.931402978871702, 42.346088383359088 ], [ -82.931331378853059, 42.346125783369303 ], [ -82.931296878848258, 42.346189383382331 ], [ -82.931287278852636, 42.346270283397118 ], [ -82.931337678873817, 42.346332583405612 ], [ -82.931398978895004, 42.346358683407203 ], [ -82.931581578951736, 42.346364583399144 ], [ -82.93178777901484, 42.34636118338824 ], [ -82.931885079045429, 42.346368383384664 ] ] ], [ [ [ -82.928087877885488, 42.346459483590259 ], [ -82.928381877983654, 42.346544583590692 ], [ -82.928674178076406, 42.346575683581612 ], [ -82.929075478201696, 42.346595783565142 ], [ -82.929669778382831, 42.346576883532137 ], [ -82.93010577851382, 42.346542583504259 ], [ -82.930226578549195, 42.346522483494688 ], [ -82.930286478565094, 42.346494483486765 ], [ -82.930285878563254, 42.34647658348365 ], [ -82.930248978550324, 42.346459083482372 ], [ -82.930199778533648, 42.346441783481737 ], [ -82.930078578496534, 42.346443983488165 ], [ -82.929932878451908, 42.346446283495844 ], [ -82.929713878383296, 42.346432183504284 ], [ -82.929531678326654, 42.346426183512328 ], [ -82.929214778225585, 42.346386483521108 ], [ -82.928934378135679, 42.346346283527971 ], [ -82.928689978055957, 42.346296183531287 ], [ -82.928420677966983, 42.346228683532765 ], [ -82.928162877879117, 42.34613408352886 ], [ -82.927977677812578, 42.346029083519539 ], [ -82.927841477762698, 42.345941083510738 ], [ -82.92771707771567, 42.345844383499781 ], [ -82.927581077666673, 42.345765483492578 ], [ -82.927359677589919, 42.345670083486759 ], [ -82.927248777551043, 42.345617983483066 ], [ -82.927126277509501, 42.345575183481579 ], [ -82.92693037744462, 42.345524283482305 ], [ -82.926722677376972, 42.345482783485387 ], [ -82.926589077335237, 42.345475983490786 ], [ -82.926504077309204, 42.3454773834953 ], [ -82.926579077338744, 42.345548283504151 ], [ -82.926678877377441, 42.345636683514812 ], [ -82.926851477438433, 42.345723783521578 ], [ -82.92704867750777, 42.34581948352875 ], [ -82.927160077548393, 42.345889583535559 ], [ -82.927308977603786, 42.345995283546863 ], [ -82.927532877688677, 42.346171583566957 ], [ -82.927817177791212, 42.346337983582252 ], [ -82.928087877885488, 42.346459483590259 ] ] ] ] } },
{ "type": "Feature", "properties": { "OGF_ID": 319585834, "MUNICIPAL_TYPE": "Lower Tier Municipality", "MUNICIPAL_TYPE_FR": "Municipalités de palier inférieur", "MUNICIPAL_NAME": "CITY OF CAMBRIDGE", "MUNICIPAL_NAME_FR": "CITÉ DE CAMBRIDGE", "MUNID": "30006", "MAH_CODE": "25101", "MUNICIPAL_AREA_EXTENT_TYPE": "Mainland", "MUNICIPAL_AREA_EXTENT_TYPE_FR": "Terre ferme", "ASSESSMENT_CODE": "3006", "MUNICIPAL_NAME_PREFIX": "CITY OF", "MUNICIPAL_NAME_PREFIX_FR": "CITÉ DE", "MUNICIPAL_NAME_SHORTFORM": "CAMBRIDGE", "MUNICIPAL_NAME_SHORTFORM_FR": "CAMBRIDGE", "UPPER_TIER_ASSESSMENT_CODE": null, "UPPER_TIER_MUNICIPALITY": "REGIONAL MUNICIPALITY OF WATERLOO", "UPPER_TIER_MUNICIPALITY_FR": "MUNICIPALITÉ RÉGIONALE DE WATERLOO", "EFFECTIVE_DATETIME": "2024-02-15T10:26:33Z", "SYSTEM_DATETIME": "2024-02-15T19:24:59Z", "OBJECTID": 8529, "SHAPEAREA": 0, "SHAPELEN": 0 }, "geometry": { "type": "Polygon", "coordinates": [ [ [ -80.302755359772007, 43.46872110951383 ], [ -80.302898059830881, 43.468874109533893 ], [ -80.30298025986481, 43.468962309545454 ], [ -80.303157559938029, 43.469152809570438 ], [ -80.304994960696433, 43.471124409828818 ], [ -80.306004761112305, 43.472197209968883 ], [ -80.305998161110708, 43.472202809970163 ], [ -80.306181761186622, 43.472401709996305 ], [ -80.306899861480915, 43.473148110093057 ], [ -80.3076372617831, 43.47391481019239 ], [ -80.307925661901265, 43.47421461023125 ], [ -80.308038461933336, 43.474173910218731 ], [ -80.311125262810506, 43.473059509876478 ], [ -80.312183963111323, 43.472677309759113 ], [ -80.316254964262811, 43.471148709297402 ], [ -80.335170069641663, 43.464375307209515 ], [ -80.33625426995205, 43.464010707093948 ], [ -80.336787570099304, 43.463770707026441 ], [ -80.337214970215385, 43.463557106968672 ], [ -80.337474770283578, 43.463401006928898 ], [ -80.337962870407637, 43.463061706846212 ], [ -80.338954670659348, 43.462369606677576 ], [ -80.33900837067398, 43.462343006670359 ], [ -80.339046570682839, 43.462307006662265 ], [ -80.339152870710848, 43.462244606646273 ], [ -80.339191070720545, 43.462217906639722 ], [ -80.339724970858256, 43.461869806553267 ], [ -80.339916270908418, 43.461753606523807 ], [ -80.339992470928934, 43.461713906513211 ], [ -80.340251770995792, 43.461544206471103 ], [ -80.340297471007858, 43.461517506464247 ], [ -80.340404671037376, 43.461468606450552 ], [ -80.340503871065138, 43.461428406438777 ], [ -80.340625871098609, 43.461370706422848 ], [ -80.340785771144411, 43.46131760640597 ], [ -80.340907671176581, 43.461246206387635 ], [ -80.341060471220203, 43.461193206371071 ], [ -80.341182271254354, 43.461144306356672 ], [ -80.341342771299963, 43.461086806338933 ], [ -80.341464571334512, 43.461042406325369 ], [ -80.341640471385887, 43.460994006308532 ], [ -80.341823471438616, 43.460936406289676 ], [ -80.341999271491076, 43.460901406275191 ], [ -80.342090671517255, 43.460870406265379 ], [ -80.342197571549107, 43.460848606256512 ], [ -80.342350171594632, 43.460818006243869 ], [ -80.342555971655813, 43.460774006226359 ], [ -80.342792071727416, 43.460739506209045 ], [ -80.344043372106668, 43.460553006116804 ], [ -80.348399873428406, 43.459920505798436 ], [ -80.34904817362542, 43.459829705751638 ], [ -80.351794974458798, 43.459431005550911 ], [ -80.351932174500249, 43.459409405540626 ], [ -80.352092274548994, 43.459387805529182 ], [ -80.352267774602169, 43.459362005516297 ], [ -80.353519174961164, 43.458950305384548 ], [ -80.354716975253481, 43.457984505158116 ], [ -80.356426375638861, 43.456251604772795 ], [ -80.356586275677387, 43.456117504741684 ], [ -80.356716275709317, 43.456014804717476 ], [ -80.356853375743484, 43.455911904692897 ], [ -80.356990275778358, 43.45581820466996 ], [ -80.357112675807855, 43.455715304646098 ], [ -80.357272875850541, 43.455626304622861 ], [ -80.357425875891366, 43.455541704600748 ], [ -80.357570475928696, 43.455447904577412 ], [ -80.357722875968889, 43.455358604554483 ], [ -80.357768775981469, 43.455336604548428 ], [ -80.357936576026532, 43.455247304524761 ], [ -80.358097076071331, 43.455180704505466 ], [ -80.358257276114784, 43.45510040448373 ], [ -80.358455776170047, 43.455016004459473 ], [ -80.358653576226274, 43.454945004437626 ], [ -80.358852376281988, 43.454865304414163 ], [ -80.359073676345659, 43.454794504391202 ], [ -80.359310176414965, 43.454732704369128 ], [ -80.359706776530928, 43.454626804331667 ], [ -80.362170977251566, 43.453969904099083 ], [ -80.363002377494453, 43.453744904020034 ], [ -80.366489378510465, 43.452773603683589 ], [ -80.372127280152526, 43.451197503138566 ], [ -80.372440180242421, 43.451095703105835 ], [ -80.372562080276623, 43.451046803091479 ], [ -80.372661180305187, 43.45101590308132 ], [ -80.372775980337877, 43.450976003068874 ], [ -80.372882980368146, 43.450936103056733 ], [ -80.373035080410318, 43.450869303037827 ], [ -80.373142280439041, 43.450811603022579 ], [ -80.373271880474817, 43.450753603006198 ], [ -80.373340280492442, 43.450709102995141 ], [ -80.373469780528623, 43.450655702979645 ], [ -80.373577080557396, 43.450597802964374 ], [ -80.373676480583569, 43.450539702949399 ], [ -80.3737750806104, 43.450490902936146 ], [ -80.373866880633827, 43.450428302920812 ], [ -80.373966180660886, 43.450379302907493 ], [ -80.374065080686094, 43.450312302891064 ], [ -80.374149180707533, 43.450254302876829 ], [ -80.374248480734536, 43.450205202863536 ], [ -80.374324780752247, 43.450133702847317 ], [ -80.374423580778668, 43.450080102833205 ], [ -80.37451548080216, 43.450017502817872 ], [ -80.374622180828297, 43.449932602797908 ], [ -80.37479038086903, 43.449793902765535 ], [ -80.375239880977475, 43.44941810267823 ], [ -80.377673981571277, 43.447455102218015 ], [ -80.377742381589286, 43.447414802207675 ], [ -80.377818781607843, 43.447352302193053 ], [ -80.377917881636009, 43.447316802182137 ], [ -80.378017481661914, 43.447254402166443 ], [ -80.378085981678367, 43.447196202152959 ], [ -80.378177581703738, 43.447155902141517 ], [ -80.378276081728885, 43.447089202125134 ], [ -80.378413481767183, 43.447031402108472 ], [ -80.378520981795191, 43.446964502091589 ], [ -80.378612481820525, 43.446924302080163 ], [ -80.378711281846179, 43.446861902064512 ], [ -80.378833881879771, 43.446804102048567 ], [ -80.378955681913069, 43.4467462020326 ], [ -80.379146581966282, 43.44666620200946 ], [ -80.379420882044698, 43.446573101980107 ], [ -80.380596082379, 43.446156301850969 ], [ -80.380634282389494, 43.446138501846058 ], [ -80.381549682650402, 43.445819401746455 ], [ -80.381908582751592, 43.445681601705189 ], [ -80.384044083360635, 43.444941301473563 ], [ -80.387790284426103, 43.443610801061702 ], [ -80.388591684787073, 43.444808201233535 ], [ -80.388667784822061, 43.444930001251258 ], [ -80.389102885018147, 43.445581001344692 ], [ -80.38946888518295, 43.446127501423078 ], [ -80.390269685549057, 43.447383401605144 ], [ -80.391834386253294, 43.4497148019394 ], [ -80.392070386366896, 43.450148302004209 ], [ -80.392154686405291, 43.45027920202314 ], [ -80.392185186391941, 43.450022701976657 ], [ -80.392406186419521, 43.449551301883496 ], [ -80.392444686413086, 43.449344501845388 ], [ -80.392528486429541, 43.449232301821716 ], [ -80.39257378643056, 43.44908400179358 ], [ -80.392635386437092, 43.448940201765382 ], [ -80.392856886475741, 43.448590101693448 ], [ -80.39305478650202, 43.448186101613153 ], [ -80.393177186524241, 43.448002201575108 ], [ -80.393306186550177, 43.447836401539895 ], [ -80.393413886569306, 43.447670201505588 ], [ -80.393642286621414, 43.447446401455444 ], [ -80.394397686818664, 43.44698210133803 ], [ -80.39461888687984, 43.446884301310334 ], [ -80.39497008697127, 43.446665401255231 ], [ -80.395786387188622, 43.446210601136549 ], [ -80.396197787300736, 43.446010101081775 ], [ -80.396441987370395, 43.44592570105528 ], [ -80.396579787411241, 43.445895101043334 ], [ -80.396945987512254, 43.445730500997065 ], [ -80.398273487870071, 43.445039600812571 ], [ -80.399181088142981, 43.444882200741723 ], [ -80.399509288226341, 43.44465440068614 ], [ -80.399623688256057, 43.444582700668114 ], [ -80.399906288332232, 43.444435800628874 ], [ -80.400409788471151, 43.444208900565059 ], [ -80.40077548856955, 43.444017200514047 ], [ -80.40127928869839, 43.443677700430491 ], [ -80.401592488766468, 43.443332700355022 ], [ -80.401965688853551, 43.442988000276792 ], [ -80.402492088981859, 43.442562900177123 ], [ -80.402652289015208, 43.442370300135707 ], [ -80.402957789086514, 43.44208820007168 ], [ -80.403041489102549, 43.441971800047256 ], [ -80.403194089120106, 43.441630099980067 ], [ -80.404132789377798, 43.441193899858803 ], [ -80.405010089607572, 43.440662799723825 ], [ -80.405521289740761, 43.440345599643841 ], [ -80.405727489797968, 43.440256699618445 ], [ -80.406917490148189, 43.439965799510645 ], [ -80.407970490406882, 43.439138299315353 ], [ -80.408100190435434, 43.438999399284782 ], [ -80.409091590677832, 43.438207699098683 ], [ -80.409511790776136, 43.437822699011136 ], [ -80.409671890810287, 43.437638898971244 ], [ -80.409900890851262, 43.437288898898906 ], [ -80.410167090885423, 43.436731998788552 ], [ -80.410221090882303, 43.436507198746547 ], [ -80.410259190871358, 43.436250798699746 ], [ -80.410281890846207, 43.435890698635518 ], [ -80.410282190828525, 43.435692598600745 ], [ -80.410259190806698, 43.435530498573435 ], [ -80.410205690769487, 43.435304998536459 ], [ -80.41013679072789, 43.435083998500978 ], [ -80.409923390621515, 43.434650798435122 ], [ -80.409862190589195, 43.434506398412701 ], [ -80.409702490515585, 43.434248898375181 ], [ -80.409595490463914, 43.434050298345468 ], [ -80.409534590430866, 43.433896798321442 ], [ -80.409458490396275, 43.433779398304452 ], [ -80.409282690323195, 43.433584898278738 ], [ -80.40876369011599, 43.433104998219285 ], [ -80.40821438991415, 43.432791498190483 ], [ -80.407703689729786, 43.43253659817011 ], [ -80.406658189348207, 43.43196849812027 ], [ -80.406284489208034, 43.431723498095103 ], [ -80.405689288983552, 43.431319698052683 ], [ -80.405338088848495, 43.431052298022458 ], [ -80.405025088723519, 43.430762497986592 ], [ -80.404720188605111, 43.430517697958166 ], [ -80.404338888456138, 43.430200597920688 ], [ -80.404056188351234, 43.430028097903936 ], [ -80.403713288223614, 43.42981459788281 ], [ -80.403247488049075, 43.429510697851676 ], [ -80.40268308784205, 43.429192597822805 ], [ -80.402469487736411, 43.428768097758514 ], [ -80.402378287686943, 43.428538097722516 ], [ -80.402293887638805, 43.428298897684563 ], [ -80.402233287591358, 43.427983597632128 ], [ -80.401996587441644, 43.42714929749701 ], [ -80.401965887416566, 43.426978297468459 ], [ -80.401920087355265, 43.426455697378991 ], [ -80.401935187341863, 43.426253297342733 ], [ -80.402003987334567, 43.425929497282652 ], [ -80.402027287326547, 43.425758397251528 ], [ -80.402011987312832, 43.425659197234829 ], [ -80.402011587295775, 43.425470097201675 ], [ -80.402034387298102, 43.425416297191163 ], [ -80.402095587310626, 43.425339997174866 ], [ -80.402110487310495, 43.425286197164716 ], [ -80.402164787300279, 43.424980297108462 ], [ -80.402164387294846, 43.424921497098119 ], [ -80.402210287292462, 43.424732897062853 ], [ -80.402270687295427, 43.424553097028443 ], [ -80.402362487312416, 43.424418597000489 ], [ -80.402545587356201, 43.424261796964238 ], [ -80.403194287480872, 43.423364896775965 ], [ -80.404346387795627, 43.422812596624112 ], [ -80.404422187817218, 43.422786096615859 ], [ -80.404536787851484, 43.422763996606548 ], [ -80.404895587953419, 43.422635496566883 ], [ -80.404979687973167, 43.422559396549524 ], [ -80.405055987991659, 43.422496596534849 ], [ -80.405650988167977, 43.422364596483341 ], [ -80.406947888558065, 43.422141796382455 ], [ -80.407306788667242, 43.422094096356936 ], [ -80.407657288770579, 43.422010396325554 ], [ -80.407992888871576, 43.421953596299616 ], [ -80.408122488912184, 43.421949696292792 ], [ -80.408222388949881, 43.42201779629994 ], [ -80.408320988982297, 43.422031696297665 ], [ -80.408596089067828, 43.422015196281656 ], [ -80.408886089155232, 43.421967296259453 ], [ -80.40969478940805, 43.421935396215311 ], [ -80.409854489458596, 43.421936096207787 ], [ -80.410053389524052, 43.421964196203255 ], [ -80.410213189574989, 43.421969496196567 ], [ -80.410358689619088, 43.42194779618584 ], [ -80.410419589639588, 43.421961596185341 ], [ -80.410068289469791, 43.421306896087223 ], [ -80.410015189444891, 43.421216696073934 ], [ -80.409931189403352, 43.421049696048662 ], [ -80.409496489193785, 43.42024599592834 ], [ -80.40894658902819, 43.42033769597063 ], [ -80.408885589002381, 43.420265195960823 ], [ -80.408733488941323, 43.420120395942611 ], [ -80.408519688857865, 43.41994389592189 ], [ -80.407954888639026, 43.41949519587007 ], [ -80.40748178845412, 43.419100995823428 ], [ -80.407397988423511, 43.419055395819413 ], [ -80.407367488411452, 43.419028395816127 ], [ -80.406917488238307, 43.418684095777145 ], [ -80.406536088090064, 43.418375695741219 ], [ -80.406436488052066, 43.418303195733259 ], [ -80.405933287856783, 43.417899995686433 ], [ -80.405200687575572, 43.417346895624263 ], [ -80.404529387315335, 43.41681209556242 ], [ -80.40431558723391, 43.416657795545525 ], [ -80.404094687151868, 43.41652169553214 ], [ -80.403812087047882, 43.416358195516921 ], [ -80.403530086946034, 43.416217095505594 ], [ -80.403224586838789, 43.416098495499341 ], [ -80.402988686756061, 43.416007195494593 ], [ -80.402659986642675, 43.41590199549178 ], [ -80.40233968653358, 43.415814695491704 ], [ -80.402103186454639, 43.415768495494873 ], [ -80.399821785691898, 43.41530629552242 ], [ -80.39798358507754, 43.414936495545092 ], [ -80.395420084221342, 43.41442749557784 ], [ -80.393017083418812, 43.413951195608682 ], [ -80.389476882235627, 43.413239095652294 ], [ -80.386493681239259, 43.412646795690378 ], [ -80.383098880108861, 43.412011695740503 ], [ -80.381366779198672, 43.40796399511234 ], [ -80.380565278756123, 43.405852494779744 ], [ -80.379947778569885, 43.405952794826781 ], [ -80.379154078095993, 43.403463194427367 ], [ -80.379055177950647, 43.402188494208282 ], [ -80.379168977981394, 43.402130494192647 ], [ -80.37930677801819, 43.402054694172783 ], [ -80.379390478040264, 43.402005694160209 ], [ -80.379466878060029, 43.401956494147896 ], [ -80.379680778117702, 43.401845194118231 ], [ -80.380298678282784, 43.401506494029292 ], [ -80.381549978617329, 43.400824293849979 ], [ -80.381923178716576, 43.400614693795418 ], [ -80.382373478835405, 43.400351393727718 ], [ -80.383479879126909, 43.399700293560741 ], [ -80.385028979534425, 43.398781093325603 ], [ -80.385891179758644, 43.398240893189694 ], [ -80.387462880178148, 43.397376092962979 ], [ -80.387638280224408, 43.397273392936633 ], [ -80.387950980307679, 43.397099392891185 ], [ -80.390155880895847, 43.395882092572442 ], [ -80.390285480930416, 43.39581079255376 ], [ -80.390506880989221, 43.395685792521313 ], [ -80.392955781642542, 43.394334792167484 ], [ -80.393374881754255, 43.394102792106743 ], [ -80.393657381829172, 43.393942292065105 ], [ -80.393870981885101, 43.393812892032223 ], [ -80.395313382269677, 43.393014691823353 ], [ -80.397853982947439, 43.391614191456455 ], [ -80.398120883018706, 43.391467191417966 ], [ -80.400615683668619, 43.389917891027075 ], [ -80.402659984166704, 43.388262690639017 ], [ -80.402935084228432, 43.387980590576369 ], [ -80.403255084295864, 43.387603890494965 ], [ -80.403392384326835, 43.387465190464091 ], [ -80.404018684465427, 43.386802090317808 ], [ -80.404132384488989, 43.386663190287976 ], [ -80.404231684509526, 43.386542190262006 ], [ -80.404330984529253, 43.386412090234394 ], [ -80.404430184549398, 43.386286590207675 ], [ -80.404529384568661, 43.386151790179262 ], [ -80.404613284584343, 43.386030890154004 ], [ -80.404994984657634, 43.385501590042878 ], [ -80.405307684711943, 43.385003389940508 ], [ -80.405369084720903, 43.38488678991709 ], [ -80.405406684727538, 43.384828389905046 ], [ -80.405429284731497, 43.3847925898977 ], [ -80.406436484892382, 43.383032889540608 ], [ -80.406696584932405, 43.382561489445422 ], [ -80.406816784951474, 43.382350389402625 ], [ -80.406976284976807, 43.382070289345826 ], [ -80.407154085005075, 43.381757889282497 ], [ -80.407268085023432, 43.381560389242374 ], [ -80.407352085036337, 43.381407889211573 ], [ -80.407543285069025, 43.381098089148033 ], [ -80.409915385445629, 43.376927888302511 ], [ -80.412012085776212, 43.373215587550447 ], [ -80.412242985812583, 43.372806787467617 ], [ -80.412402885839057, 43.372537387412699 ], [ -80.412517485857251, 43.372335587371765 ], [ -80.413800886039297, 43.369836686871608 ], [ -80.41308178582328, 43.369962486927918 ], [ -80.41227638558135, 43.370103486991077 ], [ -80.411035185207865, 43.37031298708694 ], [ -80.410965685186952, 43.370324687092321 ], [ -80.407263584076205, 43.37098718738492 ], [ -80.403582382971592, 43.371645187675718 ], [ -80.402362982605027, 43.371855287770636 ], [ -80.399292581681905, 43.372384588009744 ], [ -80.397999981293097, 43.372605288110023 ], [ -80.39472178030698, 43.373164988364401 ], [ -80.394657880287781, 43.373175988369347 ], [ -80.394655380287034, 43.373176288369535 ], [ -80.394408780212572, 43.373215588388142 ], [ -80.392593279667494, 43.373537488531099 ], [ -80.392351879595012, 43.373580188550079 ], [ -80.391890479456492, 43.373662088586414 ], [ -80.390981679184733, 43.373835488660113 ], [ -80.387492678137036, 43.374452188934455 ], [ -80.387088978015413, 43.374518988965413 ], [ -80.382541576645295, 43.375271989314015 ], [ -80.382464776622172, 43.375284789319899 ], [ -80.381435676313515, 43.375471389401618 ], [ -80.377870075244104, 43.376117289684686 ], [ -80.377733675203459, 43.376144689696019 ], [ -80.377521975139942, 43.376183089712839 ], [ -80.375283174468493, 43.376588989890649 ], [ -80.37420567414533, 43.376784289976179 ], [ -80.372564473653114, 43.377082090106548 ], [ -80.369920872860234, 43.377561790316562 ], [ -80.367470172125138, 43.378005790511047 ], [ -80.369441673187254, 43.382915991280214 ], [ -80.371598273876828, 43.383002991192896 ], [ -80.377330575709678, 43.383233790960901 ], [ -80.377697876036763, 43.385593591357988 ], [ -80.377803976131332, 43.386275291472735 ], [ -80.375660075545056, 43.387299191754551 ], [ -80.369373373542714, 43.387133992024538 ], [ -80.36631397250747, 43.386374292036542 ], [ -80.364131971717541, 43.38525459194355 ], [ -80.360744070578278, 43.384492991970824 ], [ -80.357181369471746, 43.384716092179339 ], [ -80.354976268773413, 43.38470359228198 ], [ -80.351909667902376, 43.385807392621629 ], [ -80.348689766915555, 43.386158192836334 ], [ -80.346492766208087, 43.386015192915572 ], [ -80.344287565465805, 43.385511692931892 ], [ -80.342281264697675, 43.384014592764117 ], [ -80.341098364158157, 43.382161792494678 ], [ -80.340793263873394, 43.380052992138509 ], [ -80.340297863584638, 43.378573491902024 ], [ -80.33895466302657, 43.377079891703296 ], [ -80.337001662334515, 43.376244791649228 ], [ -80.349612666117423, 43.373953390647451 ], [ -80.343578562891821, 43.359183188337106 ], [ -80.349887964755155, 43.357711087778625 ], [ -80.34767546356565, 43.352214586916972 ], [ -80.34229666195084, 43.353174287341055 ], [ -80.341716961429015, 43.349375586700361 ], [ -80.343028761824698, 43.349162586600663 ], [ -80.342334561331285, 43.346087986092719 ], [ -80.341121460567734, 43.341821885399717 ], [ -80.341113160563026, 43.341798385395975 ], [ -80.341140160571243, 43.341794285393966 ], [ -80.341155860575952, 43.341792085392839 ], [ -80.341649460725478, 43.341718885356514 ], [ -80.341486360634562, 43.341276985286491 ], [ -80.34123046050027, 43.34067758519317 ], [ -80.341028660395182, 43.340213485121097 ], [ -80.340775260263158, 43.339630685030549 ], [ -80.340234959975092, 43.338313884824487 ], [ -80.340233459974314, 43.338310384823956 ], [ -80.338692159453672, 43.33793448483096 ], [ -80.338588659418605, 43.337908384831238 ], [ -80.337558259025428, 43.337150484746743 ], [ -80.334491357852798, 43.334867984490572 ], [ -80.334033457676597, 43.334514084449943 ], [ -80.333629757527561, 43.334273284426743 ], [ -80.330981856611871, 43.333388884396641 ], [ -80.330036256292388, 43.333157984400891 ], [ -80.328464155771854, 43.332892384428646 ], [ -80.327465055447888, 43.332800884459935 ], [ -80.326762755219136, 43.332724784479829 ], [ -80.325534654818597, 43.332586884513816 ], [ -80.324161554379089, 43.332524984567982 ], [ -80.322635853896386, 43.332520484639538 ], [ -80.322040553709513, 43.332534784670294 ], [ -80.321232053463902, 43.332646984728363 ], [ -80.319019452800532, 43.333052484904641 ], [ -80.316646152083123, 43.333421185081995 ], [ -80.295398445689315, 43.337060586729599 ], [ -80.292361444774258, 43.337568686962889 ], [ -80.291164144415021, 43.337786187057866 ], [ -80.289318043850685, 43.338004387183723 ], [ -80.287464243273106, 43.338100987288534 ], [ -80.285342942602796, 43.338105787389843 ], [ -80.282672841747413, 43.337980987494348 ], [ -80.276134239646936, 43.337610987738778 ], [ -80.274837639235031, 43.337589487796372 ], [ -80.273807238911758, 43.337618887850368 ], [ -80.272380338475344, 43.337785087947182 ], [ -80.271625038246057, 43.337893188001935 ], [ -80.269863037735476, 43.338417588177713 ], [ -80.268588837387426, 43.339035488346816 ], [ -80.267703637152607, 43.339542988478037 ], [ -80.266872436931251, 43.340010188599642 ], [ -80.265773636651915, 43.340777688786758 ], [ -80.265010536476609, 43.34152028895366 ], [ -80.264499736362339, 43.342052689071558 ], [ -80.263530136195143, 43.343622189393756 ], [ -80.263187036160474, 43.344452789556208 ], [ -80.26225643584803, 43.34424878956434 ], [ -80.260555335270212, 43.343801089566036 ], [ -80.258525834566768, 43.34310808954006 ], [ -80.25493213331616, 43.341824189484115 ], [ -80.25423023307215, 43.341576489473674 ], [ -80.254016832998119, 43.341502989470833 ], [ -80.253703632888104, 43.341379489463947 ], [ -80.251354132068485, 43.340517689423372 ], [ -80.251323432096726, 43.34094528950007 ], [ -80.251691132312104, 43.342060689679073 ], [ -80.251755932347493, 43.342228789705601 ], [ -80.252561432787999, 43.344319790035648 ], [ -80.252939732994932, 43.34530199019067 ], [ -80.253686033403071, 43.34723879049632 ], [ -80.254354733768736, 43.348974290770194 ], [ -80.254716333965831, 43.349904990916883 ], [ -80.25531713429578, 43.351478991165493 ], [ -80.255945634635182, 43.353060891414216 ], [ -80.25651873495363, 43.354603991658671 ], [ -80.257001335203682, 43.355699491828645 ], [ -80.257002735204395, 43.355702991829197 ], [ -80.258125935821511, 43.358647692294248 ], [ -80.258799236186604, 43.360358092563324 ], [ -80.259806736732784, 43.36291539296564 ], [ -80.261460237629962, 43.367120993627267 ], [ -80.263400838673377, 43.371947194384397 ], [ -80.265310839709741, 43.376800795147609 ], [ -80.265435939776012, 43.377100795194423 ], [ -80.265512239816445, 43.377283795222986 ], [ -80.265615639872294, 43.377543695263789 ], [ -80.266098740136115, 43.378789995460089 ], [ -80.266741940476706, 43.380329295700363 ], [ -80.266743840477702, 43.380333995701079 ], [ -80.266873740552938, 43.380716895762241 ], [ -80.267206740738359, 43.381616295904671 ], [ -80.268308141317348, 43.384203796307474 ], [ -80.269233441804616, 43.386386896647444 ], [ -80.269233041818865, 43.3865484966759 ], [ -80.269391341906882, 43.386974296743269 ], [ -80.272221943439263, 43.394118897865134 ], [ -80.272278043469314, 43.394257097886744 ], [ -80.277626946336255, 43.40742379994709 ], [ -80.279418747303637, 43.41190940065021 ], [ -80.2798944475459, 43.412937100808186 ], [ -80.281347948286182, 43.416076401290695 ], [ -80.281437648335597, 43.416311901327774 ], [ -80.28210274870095, 43.418046301600903 ], [ -80.283097049247672, 43.420644402010062 ], [ -80.28448165000853, 43.424256302578705 ], [ -80.286603851144633, 43.429453903390645 ], [ -80.286772151235184, 43.429870603455846 ], [ -80.288420752118981, 43.433920004088534 ], [ -80.28919935253731, 43.435842504389043 ], [ -80.290220153085741, 43.438362404782964 ], [ -80.290449953209205, 43.438929604871589 ], [ -80.291399253722773, 43.441311805244638 ], [ -80.291989354040396, 43.442774205473278 ], [ -80.291989754040614, 43.442775505473506 ], [ -80.293159354657703, 43.445534405902137 ], [ -80.293910255044921, 43.447205906159859 ], [ -80.294135755161847, 43.447714806238444 ], [ -80.295784356016782, 43.451435906813025 ], [ -80.296052856156308, 43.452044906907133 ], [ -80.29627685627274, 43.452553306985692 ], [ -80.296796656542867, 43.453732607167971 ], [ -80.296797056543042, 43.453733307168037 ], [ -80.296935256614901, 43.454046907216465 ], [ -80.296992556644653, 43.454176907236565 ], [ -80.297124156713053, 43.454475107282654 ], [ -80.297269856796873, 43.45489660734966 ], [ -80.297795657099456, 43.456416707591352 ], [ -80.297868557141442, 43.456627807624933 ], [ -80.298113857274316, 43.457244207721416 ], [ -80.298177157308558, 43.457403207746289 ], [ -80.2988291576618, 43.459042608002896 ], [ -80.299780358177145, 43.461433708377136 ], [ -80.300514058574876, 43.46328090866632 ], [ -80.301405459058358, 43.465527109017856 ], [ -80.302410559603516, 43.468059009414127 ], [ -80.302612159712865, 43.468567309493714 ], [ -80.302755359772007, 43.46872110951383 ] ] ] } },
{ "type": "Feature", "properties": { "OGF_ID": 319585684, "MUNICIPAL_TYPE": "Single Tier Municipality", "MUNICIPAL_TYPE_FR": "Municipalités à palier unique", "MUNICIPAL_NAME": "CITY OF HAMILTON", "MUNICIPAL_NAME_FR": "CITÉ DE HAMILTON", "MUNID": "25005", "MAH_CODE": "16103", "MUNICIPAL_AREA_EXTENT_TYPE": "Mainland", "MUNICIPAL_AREA_EXTENT_TYPE_FR": "Terre ferme", "ASSESSMENT_CODE": "2518", "MUNICIPAL_NAME_PREFIX": "CITY OF", "MUNICIPAL_NAME_PREFIX_FR": "CITÉ DE", "MUNICIPAL_NAME_SHORTFORM": "HAMILTON", "MUNICIPAL_NAME_SHORTFORM_FR": "HAMILTON", "UPPER_TIER_ASSESSMENT_CODE": null, "UPPER_TIER_MUNICIPALITY": null, "UPPER_TIER_MUNICIPALITY_FR": null, "EFFECTIVE_DATETIME": "2024-02-15T10:26:33Z", "SYSTEM_DATETIME": "2024-02-15T19:24:59Z", "OBJECTID": 9057, "SHAPEAREA": 0, "SHAPELEN": 0 }, "geometry": { "type": "MultiPolygon", "coordinates": [ [ [ [ -79.91837473086872, 43.388602813572504 ], [ -79.921092631897309, 43.390495213778685 ], [ -79.922433732405935, 43.391441213882565 ], [ -79.926535333961581, 43.39433411420017 ], [ -79.930013135274081, 43.396711814456147 ], [ -79.9322422361153, 43.398235914620166 ], [ -79.9371012379532, 43.401603614985682 ], [ -79.937373938056311, 43.401792515006171 ], [ -79.937550738123221, 43.401915115019506 ], [ -79.937648538160218, 43.401983015026843 ], [ -79.938739138572743, 43.402738715108846 ], [ -79.938742238573923, 43.4027410151091 ], [ -79.938706138565607, 43.402776415117046 ], [ -79.938704938565309, 43.402777615117301 ], [ -79.939418138835478, 43.40327641517171 ], [ -79.93954593888391, 43.403365715181458 ], [ -79.939616638910678, 43.403415115186867 ], [ -79.9406333392958, 43.404126215264434 ], [ -79.941880039768094, 43.404997915359509 ], [ -79.943001740193026, 43.405782315445066 ], [ -79.945571541169713, 43.407615115647317 ], [ -79.947817442023322, 43.409216915824061 ], [ -79.948351142225761, 43.409592815865203 ], [ -79.948355742227506, 43.409596015865603 ], [ -79.951055043251401, 43.411497316073763 ], [ -79.951058343252583, 43.411499516073981 ], [ -79.953785244286948, 43.413420016284171 ], [ -79.954200144444187, 43.41371041631588 ], [ -79.956871545456522, 43.415580516519739 ], [ -79.959050446283044, 43.417115116687654 ], [ -79.959207546342668, 43.417225816699769 ], [ -79.959289646373776, 43.417283216706018 ], [ -79.962607447631427, 43.419609016959697 ], [ -79.962611347632929, 43.419611816960035 ], [ -79.964843748479041, 43.421175517130486 ], [ -79.969554450265278, 43.424482217491295 ], [ -79.970332850560439, 43.425028617550922 ], [ -79.973263551671693, 43.427085517775218 ], [ -79.975794752631515, 43.428861617968892 ], [ -79.97579845263293, 43.428864417969223 ], [ -79.97928915396345, 43.43139131824983 ], [ -79.981152654673934, 43.43274191839992 ], [ -79.984285355864074, 43.43496441864373 ], [ -79.985091156170242, 43.435536118706402 ], [ -79.986538756723149, 43.436596018824858 ], [ -79.989173657727704, 43.438504519036734 ], [ -79.99271765907892, 43.441071019321541 ], [ -79.995137960001571, 43.44282221951574 ], [ -79.997476360893017, 43.4445141197033 ], [ -79.99987826181075, 43.446275019900014 ], [ -80.006155364203266, 43.450808220401768 ], [ -80.00835976504149, 43.45237782057405 ], [ -80.014035367200933, 43.456431221019457 ], [ -80.019391069244449, 43.460320121450884 ], [ -80.021994570237396, 43.46220542165964 ], [ -80.024049471021186, 43.46369332182433 ], [ -80.030211173372138, 43.468162622319461 ], [ -80.033853374753178, 43.470706522594782 ], [ -80.033942074775652, 43.470643022579431 ], [ -80.038128475837738, 43.467656321857255 ], [ -80.042285976892373, 43.464689521139924 ], [ -80.04799577834028, 43.460611020153962 ], [ -80.050478278969806, 43.458837519725208 ], [ -80.053182579655441, 43.456905019258038 ], [ -80.054671480032894, 43.455840919000778 ], [ -80.05630228044609, 43.454672718718562 ], [ -80.059048681141959, 43.452705418243283 ], [ -80.063182182192733, 43.449784717534946 ], [ -80.067689183339368, 43.4466104167644 ], [ -80.07131978425231, 43.443933916122639 ], [ -80.075487885313393, 43.441007315411575 ], [ -80.079845886420884, 43.437926014664249 ], [ -80.083684087396122, 43.435212014005991 ], [ -80.08383388743421, 43.435106013980331 ], [ -80.083236687073239, 43.433172913668564 ], [ -80.081234485863135, 43.426690512623068 ], [ -80.079029984530948, 43.419551311471317 ], [ -80.078614284279723, 43.418204711253978 ], [ -80.078607984275948, 43.418184411250685 ], [ -80.078586984263225, 43.418116211239699 ], [ -80.078691184294797, 43.418099711231918 ], [ -80.082261485375952, 43.417534310964122 ], [ -80.089236187487799, 43.416429110440845 ], [ -80.089787987654844, 43.416341710399386 ], [ -80.09594928952022, 43.415365109937021 ], [ -80.098451390277731, 43.414968309749227 ], [ -80.103380591769948, 43.414186609379179 ], [ -80.105875692525288, 43.413790809191894 ], [ -80.108309793262052, 43.413404609009049 ], [ -80.10854029332755, 43.413319408983192 ], [ -80.110880094032495, 43.412911308801064 ], [ -80.123430697821405, 43.410808807838855 ], [ -80.128361899310846, 43.409992207462437 ], [ -80.138439902353014, 43.408306506690096 ], [ -80.143385903844631, 43.407464406308385 ], [ -80.151229706215261, 43.406188005713389 ], [ -80.156062707676483, 43.405408505347985 ], [ -80.166053810693782, 43.403761604586187 ], [ -80.171079012213738, 43.402961104207932 ], [ -80.176159213744242, 43.402083703813453 ], [ -80.177750214225256, 43.401828003693289 ], [ -80.186097316748658, 43.400487003062764 ], [ -80.191104218262211, 43.399682202684481 ], [ -80.196113119776371, 43.398878102306121 ], [ -80.201174921305309, 43.398052901921545 ], [ -80.201417021378461, 43.398013801903247 ], [ -80.203289921944631, 43.397713501761835 ], [ -80.206440522896926, 43.397208301523925 ], [ -80.206411122879786, 43.39712030150983 ], [ -80.203418421134288, 43.388146800073187 ], [ -80.203389121117183, 43.38805890005905 ], [ -80.202807620942053, 43.388159300104235 ], [ -80.202781120925806, 43.388070800089906 ], [ -80.202739820901016, 43.387938400068592 ], [ -80.197529617700624, 43.370481597243383 ], [ -80.197503117684363, 43.370392897229017 ], [ -80.198133217874158, 43.370284897180227 ], [ -80.198105117857395, 43.370196597166 ], [ -80.19782391769013, 43.369314797024096 ], [ -80.197542817522873, 43.36843299688217 ], [ -80.197402017439174, 43.367992196811258 ], [ -80.197261517355514, 43.367551296740309 ], [ -80.196839717104638, 43.366228696527443 ], [ -80.19669911702097, 43.365787796456488 ], [ -80.195280116176789, 43.361336895740045 ], [ -80.192462914501206, 43.352499694317132 ], [ -80.192434814484486, 43.352411494302942 ], [ -80.192157714401034, 43.35245929432444 ], [ -80.19213021438452, 43.352371094310229 ], [ -80.191992614301839, 43.351929894239014 ], [ -80.191312113891172, 43.349727293883255 ], [ -80.191308713889185, 43.349717293881668 ], [ -80.191260413860562, 43.349567093857502 ], [ -80.191257213858677, 43.349557093855914 ], [ -80.190698913530127, 43.347844393580601 ], [ -80.189290112701244, 43.343522892885979 ], [ -80.190154612961308, 43.343371092818437 ], [ -80.191019113221429, 43.343219392750896 ], [ -80.191726313434131, 43.343094792695545 ], [ -80.191908013488799, 43.343062592681299 ], [ -80.193732214037325, 43.342739492538243 ], [ -80.194283514203093, 43.342641792495016 ], [ -80.194585414293869, 43.342588292471298 ], [ -80.199308015713896, 43.341751592100927 ], [ -80.200456016059562, 43.341553792011823 ], [ -80.200546416086837, 43.341538192004819 ], [ -80.200646516116976, 43.341520891997028 ], [ -80.200849716178141, 43.341485891981279 ], [ -80.204385417242833, 43.340877691707171 ], [ -80.207160018078412, 43.340401391492186 ], [ -80.20881941857813, 43.340116491363624 ], [ -80.211282219319742, 43.339693491172753 ], [ -80.212053919552162, 43.339560891112896 ], [ -80.212517019691589, 43.339481391077051 ], [ -80.21290271980773, 43.339415191047181 ], [ -80.213248819911939, 43.339355691020323 ], [ -80.213366519947414, 43.339335491011198 ], [ -80.213490319984672, 43.339314191001598 ], [ -80.215858320690941, 43.338831190804662 ], [ -80.217359221142615, 43.338570490687808 ], [ -80.217445321168569, 43.338555590681111 ], [ -80.217521621191523, 43.338542290675207 ], [ -80.217738821256901, 43.338504590658282 ], [ -80.218118421371088, 43.338438590628726 ], [ -80.218435321466501, 43.338383590604032 ], [ -80.218437221467042, 43.338383290603865 ], [ -80.218539821497913, 43.338365390595868 ], [ -80.221720322459973, 43.337868590358077 ], [ -80.223483322993232, 43.337593190226286 ], [ -80.228404424482136, 43.336829589859143 ], [ -80.228937324643354, 43.336746889819388 ], [ -80.230503525117228, 43.336503789702562 ], [ -80.233308625965847, 43.336068289493269 ], [ -80.233356325980253, 43.336060989489738 ], [ -80.233451026008851, 43.336045189482441 ], [ -80.233502926024514, 43.336036589478482 ], [ -80.235968726768093, 43.335626889289763 ], [ -80.237288327166027, 43.33540788918878 ], [ -80.237566027249741, 43.335361389167467 ], [ -80.237976827373586, 43.335292689135954 ], [ -80.238298427469118, 43.335222889108458 ], [ -80.23834812748386, 43.335212089104161 ], [ -80.238609727562832, 43.335169789084375 ], [ -80.23973002790116, 43.334989088999535 ], [ -80.242457428724705, 43.334548888793073 ], [ -80.24309722891762, 43.334442888744135 ], [ -80.243245928962224, 43.334415488732269 ], [ -80.243385429004064, 43.334389688721124 ], [ -80.243599629068299, 43.334349988704041 ], [ -80.244025029195839, 43.33427128867006 ], [ -80.244328029286734, 43.334215288645829 ], [ -80.244471729329803, 43.334188788634386 ], [ -80.24750433024407, 43.333682988401883 ], [ -80.248474930536688, 43.333521088327451 ], [ -80.248541630556787, 43.333509988322355 ], [ -80.248578730567942, 43.333503788319518 ], [ -80.245906629093327, 43.326408987196245 ], [ -80.24588102907947, 43.326344387186047 ], [ -80.245802829037174, 43.326146487154901 ], [ -80.245243728731865, 43.324697786926158 ], [ -80.245178328696056, 43.324527686899238 ], [ -80.243723927896539, 43.320698886293506 ], [ -80.243657627860117, 43.320524286265851 ], [ -80.239046125325487, 43.308380884343876 ], [ -80.238985925290876, 43.308205284315804 ], [ -80.238375224957366, 43.306620384065283 ], [ -80.238308024920698, 43.306446084037766 ], [ -80.233881622499666, 43.294910982213274 ], [ -80.232903721969677, 43.292416281819555 ], [ -80.232838521934084, 43.292246881792764 ], [ -80.232649021830241, 43.291750981714237 ], [ -80.232532321766897, 43.291451881667051 ], [ -80.232464221729913, 43.291277481639447 ], [ -80.227397918997383, 43.278492779623654 ], [ -80.227358918976108, 43.278391079607594 ], [ -80.227303418945723, 43.278246179584649 ], [ -80.227292218939525, 43.27821647957991 ], [ -80.227279718932792, 43.278184579574848 ], [ -80.226301118393181, 43.275579979161549 ], [ -80.225645018031528, 43.273834978884651 ], [ -80.225579617995493, 43.273660978857002 ], [ -80.22203231604027, 43.264222877358819 ], [ -80.221986316014679, 43.264097877338983 ], [ -80.221966516004059, 43.264047977331067 ], [ -80.219270614549274, 43.257222776253499 ], [ -80.218632414204777, 43.25560567599809 ], [ -80.218335414044503, 43.254853175879262 ], [ -80.218318814035229, 43.25480807587207 ], [ -80.218254913999615, 43.254633075844161 ], [ -80.216520313063057, 43.250232475148984 ], [ -80.216451513025916, 43.250058275121461 ], [ -80.213365311359695, 43.242226673883962 ], [ -80.213031211178148, 43.2413648737475 ], [ -80.211487310340004, 43.23739267311862 ], [ -80.211419510303188, 43.237218173091023 ], [ -80.211015410083874, 43.236178672926414 ], [ -80.210927710036259, 43.235952772890656 ], [ -80.208463908698874, 43.229612271886552 ], [ -80.208414308671379, 43.22947747186506 ], [ -80.20605730743371, 43.223882470987476 ], [ -80.204913206831762, 43.221152670558922 ], [ -80.203740806215862, 43.218364670121389 ], [ -80.203704506196843, 43.218278470107855 ], [ -80.203311006078451, 43.218346570138443 ], [ -80.201003704769661, 43.211759069082603 ], [ -80.201002804769132, 43.211756469082154 ], [ -80.200572604537143, 43.21066476890946 ], [ -80.195030502598556, 43.208536268793914 ], [ -80.194666802471502, 43.208397968786571 ], [ -80.189175800553016, 43.206314168676485 ], [ -80.181662197928958, 43.203474268527636 ], [ -80.177020996313189, 43.201778868446063 ], [ -80.176349796079606, 43.201534368434352 ], [ -80.173581295116151, 43.200526768386268 ], [ -80.170475994033424, 43.199372668328152 ], [ -80.167285192925902, 43.198244368278516 ], [ -80.165032292143962, 43.197447568243383 ], [ -80.164747192044871, 43.197345768238804 ], [ -80.161655890971147, 43.196243668189105 ], [ -80.159367190167188, 43.195325368134164 ], [ -80.157845289632689, 43.194714968097628 ], [ -80.156596489200254, 43.194285468080317 ], [ -80.153218588030839, 43.193124868033649 ], [ -80.151786687535093, 43.192632668013808 ], [ -80.151626887479807, 43.19257826801168 ], [ -80.149534386757878, 43.191887767987794 ], [ -80.146538785724346, 43.190899167953511 ], [ -80.146367285665207, 43.190842467951498 ], [ -80.146311085645806, 43.190823967950912 ], [ -80.14507648521915, 43.190408267935304 ], [ -80.1430169845042, 43.189678567902845 ], [ -80.142588184355333, 43.189526667896104 ], [ -80.140951183787095, 43.188946567870303 ], [ -80.140496183629125, 43.188785467863156 ], [ -80.139645483333823, 43.188484167849758 ], [ -80.139337783226978, 43.188374867844843 ], [ -80.138020482768724, 43.187896667822066 ], [ -80.134765481636322, 43.186714767765643 ], [ -80.13447938153648, 43.186607967760146 ], [ -80.132417880817499, 43.185838667720731 ], [ -80.131138280373818, 43.185391467701628 ], [ -80.130681780214914, 43.185224467693494 ], [ -80.128685379519851, 43.18449366765784 ], [ -80.127601779144726, 43.184121467642768 ], [ -80.124120377936819, 43.182894667588947 ], [ -80.123910877863523, 43.182813567584368 ], [ -80.123025677554352, 43.182478867566644 ], [ -80.120905476818635, 43.181730067533536 ], [ -80.119083476185722, 43.181079467503835 ], [ -80.117128775506558, 43.180379367471538 ], [ -80.11402397442771, 43.179266967420169 ], [ -80.113677174307128, 43.179141667414271 ], [ -80.107558672179508, 43.176930767309621 ], [ -80.107557972179293, 43.176930567309626 ], [ -80.107292972087279, 43.176836267305333 ], [ -80.102045670264857, 43.174965067219951 ], [ -80.100797969830793, 43.174512067198208 ], [ -80.098280368954434, 43.173592267153261 ], [ -80.097349968630866, 43.173254767137074 ], [ -80.096966968498023, 43.17312036713124 ], [ -80.094739167723972, 43.172322467094283 ], [ -80.091626566641679, 43.171198067040976 ], [ -80.085694064572849, 43.168985366926883 ], [ -80.079882262546377, 43.166820966815614 ], [ -80.07923696232254, 43.166594166805645 ], [ -80.078773062161488, 43.166429466798164 ], [ -80.074257460588626, 43.164766066714847 ], [ -80.07191715977342, 43.163903866671617 ], [ -80.068812858693221, 43.162772066616341 ], [ -80.062668856555149, 43.16053156650684 ], [ -80.056584054435376, 43.158285566393417 ], [ -80.056142654281061, 43.158116466384094 ], [ -80.055938554209689, 43.158038266379769 ], [ -80.051742052742355, 43.156427066290433 ], [ -80.047293251191121, 43.154769066204608 ], [ -80.046351650863542, 43.154426066187831 ], [ -80.044720650295574, 43.153826866157871 ], [ -80.038929948278764, 43.151694266050434 ], [ -80.033456346372333, 43.149677765948717 ], [ -80.029113744864816, 43.148134465878002 ], [ -80.027467844293511, 43.147550765851349 ], [ -80.021720642300721, 43.145534965762323 ], [ -80.015796840239929, 43.143379765656725 ], [ -80.01364123948882, 43.142581365615754 ], [ -80.009282237969941, 43.140967065532948 ], [ -80.007852637471814, 43.140437565505728 ], [ -80.003633836001768, 43.138874565425375 ], [ -79.998753034301032, 43.137066165332286 ], [ -79.998189934104815, 43.136857565321542 ], [ -79.992301932056932, 43.134719065216778 ], [ -79.986208329955602, 43.132713465145144 ], [ -79.984283529288859, 43.132046165116456 ], [ -79.980855328104056, 43.130887165070646 ], [ -79.976204026478186, 43.129103864970979 ], [ -79.974636625930302, 43.128502864937353 ], [ -79.974339725826482, 43.128389064931 ], [ -79.969890124281974, 43.126807664857708 ], [ -79.965549322776496, 43.125279764788687 ], [ -79.964797822515877, 43.125015364776786 ], [ -79.949279117133585, 43.119550364529267 ], [ -79.945666115880556, 43.118278164471619 ], [ -79.939328813682167, 43.116041164369278 ], [ -79.937039212886688, 43.115218264329698 ], [ -79.923198608077968, 43.110243864090009 ], [ -79.912183904249147, 43.106262463894822 ], [ -79.901213600438467, 43.102326963705309 ], [ -79.899044499686369, 43.101564463670584 ], [ -79.898459599483488, 43.101357763661035 ], [ -79.897045898993412, 43.100861963638593 ], [ -79.897028298987351, 43.100855963638359 ], [ -79.893279697688968, 43.099553963581052 ], [ -79.887837995805825, 43.097683563501292 ], [ -79.874402991146866, 43.092952563283973 ], [ -79.874392291143153, 43.09294886328383 ], [ -79.873636090880751, 43.092680863271241 ], [ -79.869618689486813, 43.091256063204334 ], [ -79.866309788338654, 43.090082663149204 ], [ -79.860917586467778, 43.088171263059465 ], [ -79.855443084568932, 43.08623826296958 ], [ -79.849831082622444, 43.084256362877305 ], [ -79.84980198261232, 43.0842459628768 ], [ -79.84828318208541, 43.083707762851482 ], [ -79.842127879946432, 43.081486862741734 ], [ -79.840214279280801, 43.08078906270628 ], [ -79.83273547668216, 43.078092962573159 ], [ -79.831106076116953, 43.077516862546098 ], [ -79.830929976055899, 43.07745466254319 ], [ -79.826397874483831, 43.075852162467967 ], [ -79.82566677423047, 43.075596162456293 ], [ -79.823467773467797, 43.074819762419985 ], [ -79.819208271992181, 43.073335162352997 ], [ -79.806329667528345, 43.068818162145199 ], [ -79.804396966857738, 43.06813186211248 ], [ -79.801466065840089, 43.067083662061485 ], [ -79.798866664937606, 43.066154262016255 ], [ -79.798555764829672, 43.066043162010899 ], [ -79.797322064401371, 43.065602461989492 ], [ -79.790323261971693, 43.063102561868064 ], [ -79.785525160307614, 43.061406761787985 ], [ -79.783687159670109, 43.060757161757316 ], [ -79.779174458104947, 43.059161861681815 ], [ -79.776270457098022, 43.05813846163376 ], [ -79.776090557035658, 43.058074961630766 ], [ -79.775824256943409, 43.057982261626577 ], [ -79.768833054521849, 43.05554726151594 ], [ -79.767906554201957, 43.055236861503467 ], [ -79.762450852319418, 43.053420061431837 ], [ -79.757218850508906, 43.05161796135247 ], [ -79.756998750432871, 43.051543361349353 ], [ -79.753963649384104, 43.05051496130627 ], [ -79.753925549379431, 43.050601461323453 ], [ -79.753720749354542, 43.051066061415661 ], [ -79.752941249259706, 43.052835261766838 ], [ -79.752878549252074, 43.052977561795082 ], [ -79.752818249244712, 43.05311446182224 ], [ -79.751833449124945, 43.055349262265793 ], [ -79.747077948601259, 43.066777064520799 ], [ -79.744811148362487, 43.072349865617817 ], [ -79.742442548112976, 43.078171466763699 ], [ -79.740794147927602, 43.082085467536629 ], [ -79.738078147622076, 43.088533468809807 ], [ -79.732109446959228, 43.102797871623963 ], [ -79.731419046884298, 43.104467671952982 ], [ -79.731347546876535, 43.10464047198704 ], [ -79.731030446840862, 43.10539287213556 ], [ -79.727867846484841, 43.112892573615845 ], [ -79.727090246400266, 43.114770373985763 ], [ -79.723863146039108, 43.122445675500011 ], [ -79.718721345459102, 43.134618177901999 ], [ -79.718367345419168, 43.1354561780674 ], [ -79.717077845273735, 43.138508278669569 ], [ -79.717015145266657, 43.138656678698844 ], [ -79.716353145191917, 43.140223179007897 ], [ -79.716280245183725, 43.140395579041893 ], [ -79.713711044895263, 43.146491380244193 ], [ -79.712459044754794, 43.149462080830027 ], [ -79.709813344457856, 43.155738882067773 ], [ -79.709763144440927, 43.155727382068036 ], [ -79.709695244418128, 43.155712182068463 ], [ -79.705198542906743, 43.154708882098085 ], [ -79.70496184282716, 43.154655882099632 ], [ -79.702748342083169, 43.154161882114153 ], [ -79.700290141256957, 43.153613282130301 ], [ -79.697904640455306, 43.153082582146212 ], [ -79.695511439650971, 43.152549682162103 ], [ -79.695275539571512, 43.152495282163329 ], [ -79.693513138978034, 43.152088482172452 ], [ -79.692976938797429, 43.151964582175196 ], [ -79.69065413801512, 43.15142798218718 ], [ -79.688258737208358, 43.150874682199458 ], [ -79.687850937071019, 43.150780582201612 ], [ -79.685883036409393, 43.150339682214167 ], [ -79.685646136329851, 43.150287882215892 ], [ -79.683360635561343, 43.149774082230117 ], [ -79.680945334747776, 43.149214982242306 ], [ -79.676444233231578, 43.148172882264902 ], [ -79.676208433152169, 43.148118382266063 ], [ -79.671540131579519, 43.14703588228916 ], [ -79.669107430759979, 43.146471582301132 ], [ -79.668340630501646, 43.146293582304871 ], [ -79.66810533042235, 43.146239082306074 ], [ -79.666774429973984, 43.145930082312553 ], [ -79.666538629894561, 43.145875382313754 ], [ -79.664132529084341, 43.145321982326415 ], [ -79.661720628273471, 43.144781782341632 ], [ -79.658260027107929, 43.14398288235931 ], [ -79.658193027099315, 43.144129682388488 ], [ -79.657577327020277, 43.145478282656661 ], [ -79.657500727010799, 43.145650382690839 ], [ -79.653668226536468, 43.154251884396921 ], [ -79.653591426526916, 43.154424184431058 ], [ -79.653201226476767, 43.155277984600872 ], [ -79.653021726453701, 43.155670984678991 ], [ -79.65282182642801, 43.156108284765978 ], [ -79.652811026426591, 43.156132084770675 ], [ -79.652420826376428, 43.156985684940445 ], [ -79.652208526349156, 43.157450085032778 ], [ -79.652030426326277, 43.157840385110376 ], [ -79.65164002627607, 43.158694685280253 ], [ -79.650618126144664, 43.160929985724749 ], [ -79.650023026068126, 43.162232285983677 ], [ -79.649900926052425, 43.16249928603672 ], [ -79.64966032602149, 43.163025786141439 ], [ -79.649622826017051, 43.1631121861585 ], [ -79.649585326012627, 43.163198486175602 ], [ -79.645845225568124, 43.17180268787726 ], [ -79.645770225559232, 43.171975187911393 ], [ -79.645411625515763, 43.172790588072793 ], [ -79.645090225476864, 43.173521288217486 ], [ -79.644962025461339, 43.173812788275193 ], [ -79.644919525456174, 43.173909288294304 ], [ -79.642449225156881, 43.179524789406067 ], [ -79.641989625101203, 43.180569389612856 ], [ -79.641915525092571, 43.180742089646913 ], [ -79.639337624792887, 43.186747490832772 ], [ -79.63924502478217, 43.186963290875347 ], [ -79.638404924684494, 43.188920091261728 ], [ -79.638180124658348, 43.189443691365099 ], [ -79.638106024649758, 43.189616491399192 ], [ -79.634284124190515, 43.198344093125606 ], [ -79.634205824180569, 43.198516593159866 ], [ -79.630389223728969, 43.207311194897613 ], [ -79.630311623719223, 43.207483294931741 ], [ -79.626617923257641, 43.215709296562601 ], [ -79.626457123238225, 43.216075296634997 ], [ -79.626382823229591, 43.216248196669106 ], [ -79.622294122752848, 43.225747098543735 ], [ -79.622305522759589, 43.225783298549658 ], [ -79.622316822767118, 43.225828498557128 ], [ -79.622315422771294, 43.225882298566802 ], [ -79.622314622774951, 43.22592759857482 ], [ -79.622263222767174, 43.226025898594692 ], [ -79.622237322763553, 43.226079598605388 ], [ -79.622223922763197, 43.226124498613999 ], [ -79.622210522763581, 43.226178298624156 ], [ -79.622209822765726, 43.22620539862902 ], [ -79.622209422767156, 43.226223298632199 ], [ -79.622208822769281, 43.226250198636954 ], [ -79.622220922773892, 43.226259398638064 ], [ -79.622232922779332, 43.226277898640809 ], [ -79.622257522787876, 43.226286898641249 ], [ -79.622281722796387, 43.226296198641748 ], [ -79.622306422804229, 43.226296298640669 ], [ -79.622343622814526, 43.226278898635869 ], [ -79.622368822820192, 43.226252098629935 ], [ -79.62239442282528, 43.226216698622459 ], [ -79.622432822832039, 43.226153998609576 ], [ -79.622471122837965, 43.226082398595089 ], [ -79.622510122843394, 43.226001798579006 ], [ -79.622536422844775, 43.22592109856344 ], [ -79.622574922850831, 43.225849698549027 ], [ -79.62260082285357, 43.225786698536645 ], [ -79.622639322860408, 43.225724198523771 ], [ -79.622665122864717, 43.225679498514658 ], [ -79.622690322869602, 43.225643598507126 ], [ -79.622740822882633, 43.225608498498559 ], [ -79.622802422900662, 43.22559129849266 ], [ -79.62290092293199, 43.22559239848826 ], [ -79.623011922966541, 43.225584598481767 ], [ -79.623123123000354, 43.225567898473663 ], [ -79.623209623027122, 43.225559898468269 ], [ -79.623295823054562, 43.225560998464495 ], [ -79.623369223078726, 43.225570998462864 ], [ -79.623455723105494, 43.225562998457477 ], [ -79.623541823132868, 43.225564098453646 ], [ -79.623603623151794, 43.225555798449328 ], [ -79.623665323170641, 43.225547498445032 ], [ -79.623715023184886, 43.225530098439656 ], [ -79.623764923198465, 43.225503798432669 ], [ -79.623802623206529, 43.225459098423002 ], [ -79.623841023214155, 43.225405698411755 ], [ -79.623866923217676, 43.225351898401009 ], [ -79.623880123217219, 43.225297898390785 ], [ -79.623986523221532, 43.224957098325397 ], [ -79.624105123229725, 43.224616298259427 ], [ -79.624222723240734, 43.224311698199948 ], [ -79.623649523036491, 43.2240526981805 ], [ -79.623989623068553, 43.223174398008908 ], [ -79.626782224011734, 43.223838197997694 ], [ -79.626482023982319, 43.224599798146755 ], [ -79.626604324024356, 43.2246374981478 ], [ -79.626578224021472, 43.224700198160129 ], [ -79.626455623980121, 43.224671598160711 ], [ -79.626403723973752, 43.224787898183756 ], [ -79.624884623462279, 43.224445698193151 ], [ -79.624559423425637, 43.225215998344872 ], [ -79.625012223579859, 43.225338498345728 ], [ -79.624804023557147, 43.225840398444376 ], [ -79.62474302353543, 43.225812498442281 ], [ -79.624669623510485, 43.225793598442273 ], [ -79.624632723497996, 43.225784298442342 ], [ -79.624571323478449, 43.225783498445018 ], [ -79.624509923458135, 43.225773898446164 ], [ -79.624460723442454, 43.225773298448331 ], [ -79.624399223422913, 43.22577249845105 ], [ -79.62435032340575, 43.22575389845003 ], [ -79.624289123385495, 43.225743998451087 ], [ -79.624252323373028, 43.225734698451092 ], [ -79.624227723364427, 43.225725398450592 ], [ -79.624203223356631, 43.225725098451655 ], [ -79.624164123351974, 43.225814698469392 ], [ -79.624359723419644, 43.225879998471946 ], [ -79.624320023417908, 43.226005598496066 ], [ -79.624124223350876, 43.225949098495065 ], [ -79.624123623353071, 43.225976198499922 ], [ -79.624123223354459, 43.225994398503147 ], [ -79.624098423347334, 43.226002998505834 ], [ -79.624061523335612, 43.226002698507465 ], [ -79.623987823311396, 43.225992698509131 ], [ -79.623902023282511, 43.225973598509661 ], [ -79.623828523257572, 43.22595469850971 ], [ -79.623754923233363, 43.225944798511371 ], [ -79.623681123209877, 43.225943898514615 ], [ -79.623570923173261, 43.225924598516279 ], [ -79.623472223141803, 43.225923398520635 ], [ -79.623398523117601, 43.225913498522267 ], [ -79.623336823097972, 43.225912798525009 ], [ -79.623312423090169, 43.225912398526084 ], [ -79.623275523078433, 43.2259119985277 ], [ -79.623213523060286, 43.225929298533657 ], [ -79.623139623037517, 43.225937298538454 ], [ -79.623040323008269, 43.225963198547674 ], [ -79.622978022991532, 43.225998498556784 ], [ -79.622940322981862, 43.226024998563219 ], [ -79.622890322969056, 43.226060298571838 ], [ -79.622864722964792, 43.226105098580923 ], [ -79.622876122971519, 43.226141098586801 ], [ -79.622900622980879, 43.226159598588978 ], [ -79.622937322993366, 43.226169098588926 ], [ -79.62297502300224, 43.226133398580842 ], [ -79.623000223007921, 43.22610679857501 ], [ -79.623050423020047, 43.226062498564815 ], [ -79.623100023034283, 43.226044898559365 ], [ -79.623161523053795, 43.226045498556658 ], [ -79.623235023079587, 43.226073698558288 ], [ -79.623319923110486, 43.226119698562528 ], [ -79.62341722314612, 43.226174998567842 ], [ -79.623539223189596, 43.226230298571998 ], [ -79.623636923223813, 43.226267398574052 ], [ -79.623697523246975, 43.226313298579448 ], [ -79.6237333232623, 43.226358698585813 ], [ -79.623769423276897, 43.226395298590624 ], [ -79.623842423303216, 43.226431998593768 ], [ -79.623928023333562, 43.226469198596433 ], [ -79.624037223373762, 43.226533598602799 ], [ -79.624146523414012, 43.226597798609141 ], [ -79.624243823450414, 43.226661998616038 ], [ -79.624341223485317, 43.226708198619775 ], [ -79.624487823535858, 43.226754998621317 ], [ -79.624622323582557, 43.226801598623332 ], [ -79.624756623629992, 43.226857398627054 ], [ -79.624854523663501, 43.226885498627503 ], [ -79.624963923702964, 43.226940798632299 ], [ -79.625097823751005, 43.227005498637574 ], [ -79.625122123759525, 43.227014698638051 ], [ -79.625231723799871, 43.227078998644416 ], [ -79.62537742385399, 43.227170898653966 ], [ -79.625560223919962, 43.227263198661923 ], [ -79.625742823985078, 43.227346298668259 ], [ -79.625889024037875, 43.227420298674623 ], [ -79.625973924068745, 43.227466098678832 ], [ -79.626108324116984, 43.227530998684117 ], [ -79.626242124165003, 43.22759539868936 ], [ -79.626412824225568, 43.227669598694668 ], [ -79.626559124278359, 43.227743398701001 ], [ -79.626704724332484, 43.227835198710565 ], [ -79.626838024383474, 43.227935998722266 ], [ -79.626922924415936, 43.227999998729722 ], [ -79.626982824441214, 43.22807259873985 ], [ -79.626994524447284, 43.228099798744111 ], [ -79.627018424457205, 43.228127098747855 ], [ -79.627054724470355, 43.228145698749501 ], [ -79.627104224486118, 43.228146398747327 ], [ -79.627128824493894, 43.228146598746207 ], [ -79.627153924500334, 43.228128798741878 ], [ -79.627178224508057, 43.228128998740836 ], [ -79.627214624521997, 43.228156498743999 ], [ -79.627263724538409, 43.228166098743444 ], [ -79.62720032452448, 43.228237498759029 ], [ -79.627274124549515, 43.228256398759001 ], [ -79.627300924550241, 43.228166498741778 ], [ -79.627337824561224, 43.228158098738575 ], [ -79.627387024577658, 43.228167698738055 ], [ -79.627473124605018, 43.228168698734251 ], [ -79.62754622463062, 43.228196498735791 ], [ -79.627619424657084, 43.228233498738938 ], [ -79.6276558246702, 43.228251798740544 ], [ -79.627728924697365, 43.228297698745266 ], [ -79.627789224720431, 43.228343498750625 ], [ -79.627849924743643, 43.22838919875592 ], [ -79.627911124764694, 43.228408098756496 ], [ -79.627960024781814, 43.228426598757459 ], [ -79.627996224795609, 43.228453798760661 ], [ -79.628020624804208, 43.228463398761228 ], [ -79.627969924793476, 43.228525698774604 ], [ -79.628031124814527, 43.228544498775122 ], [ -79.628069424821305, 43.228481998762256 ], [ -79.628131124840138, 43.228473598757958 ], [ -79.628168324851202, 43.228464898754659 ], [ -79.628205424863012, 43.228465498753074 ], [ -79.628254224879313, 43.228474898752438 ], [ -79.628303024896411, 43.228493698753553 ], [ -79.628339324911067, 43.228530198758364 ], [ -79.62835102491637, 43.22854839876107 ], [ -79.628387724929595, 43.22856659876259 ], [ -79.628448824950581, 43.22858549876311 ], [ -79.628510424970159, 43.228586198760389 ], [ -79.628584324993696, 43.228586998757116 ], [ -79.628671125019025, 43.22856119874853 ], [ -79.62874552504033, 43.22853499874045 ], [ -79.628832325065645, 43.22850909873182 ], [ -79.628918725092348, 43.228501198726406 ], [ -79.628992825115176, 43.228493098721543 ], [ -79.62906702513726, 43.228475998715119 ], [ -79.629141325159338, 43.228458698708586 ], [ -79.629178525170403, 43.22845019870536 ], [ -79.629227925185319, 43.228441798701596 ], [ -79.62928962520418, 43.228433498697278 ], [ -79.629338625220541, 43.228443098696722 ], [ -79.629399825241578, 43.228461798697197 ], [ -79.629448625258661, 43.228480498698268 ], [ -79.629485225271864, 43.228498898699812 ], [ -79.629521925283541, 43.228499298698253 ], [ -79.629571725298604, 43.228490698694408 ], [ -79.629621625311415, 43.228455498685847 ], [ -79.629696525331397, 43.228411598674619 ], [ -79.629758725348054, 43.2283760986654 ], [ -79.629833525369534, 43.228350098657359 ], [ -79.629920325394025, 43.228315098647101 ], [ -79.630006925420034, 43.228297998640095 ], [ -79.630105825449988, 43.22828129863256 ], [ -79.630180025472782, 43.22827309862771 ], [ -79.630290825507274, 43.22826529862116 ], [ -79.630364725530811, 43.228266298617903 ], [ -79.630438425554246, 43.228267098614658 ], [ -79.630487625570666, 43.228276798614132 ], [ -79.630524225583912, 43.228295198615697 ], [ -79.630548425593162, 43.228313498617851 ], [ -79.630585025605569, 43.228322898617819 ], [ -79.630609925613527, 43.228323398616766 ], [ -79.630622625615175, 43.228296298611362 ], [ -79.630635825617063, 43.228269398605946 ], [ -79.630636725613471, 43.2282241985979 ], [ -79.63068672562629, 43.228188998589324 ], [ -79.630749325642284, 43.228144798578612 ], [ -79.6308488256701, 43.228100998566227 ], [ -79.630972525706312, 43.228066398554368 ], [ -79.631083925739475, 43.228040698544689 ], [ -79.631182925769423, 43.228023998537147 ], [ -79.631282025798612, 43.227998098527955 ], [ -79.631368925823153, 43.227963198517735 ], [ -79.631468225851663, 43.227928298506953 ], [ -79.631567425880888, 43.227902498497848 ], [ -79.631653725907583, 43.227894498492404 ], [ -79.631740425933657, 43.227877798485423 ], [ -79.631826625960286, 43.227869598480019 ], [ -79.631900825983081, 43.22786139847512 ], [ -79.631986926010512, 43.227862398471324 ], [ -79.632060726033998, 43.227863398468088 ], [ -79.632134626058317, 43.227873198466384 ], [ -79.632195826077748, 43.227873998463728 ], [ -79.632257726096725, 43.227865898459413 ], [ -79.632295526105622, 43.227830298451359 ], [ -79.632321026110617, 43.227794498443856 ], [ -79.632371426121978, 43.227740898432025 ], [ -79.632470826149756, 43.227697198419669 ], [ -79.632570126178237, 43.227662398408881 ], [ -79.632669326207434, 43.227636598399712 ], [ -79.632756226232786, 43.227610598391095 ], [ -79.632843026258044, 43.227584598382471 ], [ -79.632880226268313, 43.227566798377573 ], [ -79.632917226279375, 43.227558598374436 ], [ -79.632942226286531, 43.227549798371726 ], [ -79.633028926311013, 43.227514798361497 ], [ -79.633128426339539, 43.227479998350738 ], [ -79.633202626361623, 43.227462798344263 ], [ -79.633252426375137, 43.227436398337261 ], [ -79.633339526400491, 43.227410398328615 ], [ -79.633426126425746, 43.227384298319976 ], [ -79.633500426447839, 43.227367298313574 ], [ -79.633611726481732, 43.22735069830545 ], [ -79.63371022651225, 43.227342598299451 ], [ -79.633796926538309, 43.227325898292492 ], [ -79.633870826561832, 43.227326598289231 ], [ -79.633931926582036, 43.227336298288094 ], [ -79.633981126598513, 43.227346098287541 ], [ -79.634017726610935, 43.227355598287552 ], [ -79.634067426625947, 43.227347098283715 ], [ -79.634116926640132, 43.227329798278404 ], [ -79.634142026645804, 43.227302998272485 ], [ -79.634167826650113, 43.227258098263363 ], [ -79.634180926651183, 43.227222498256381 ], [ -79.634206226656104, 43.2271866982489 ], [ -79.634268526672841, 43.227151298239718 ], [ -79.634342826694947, 43.227134398233297 ], [ -79.634429626720973, 43.227117398226255 ], [ -79.634515926747682, 43.227109298220832 ], [ -79.634577526766492, 43.227101298216596 ], [ -79.634638926786849, 43.227110798215413 ], [ -79.634688526801824, 43.227102398211606 ], [ -79.634725826811376, 43.227075698205162 ], [ -79.634775626824904, 43.227049498198241 ], [ -79.6348257268385, 43.22702279819115 ], [ -79.634912726863078, 43.226987798180957 ], [ -79.634999426888356, 43.226961998172385 ], [ -79.635048926902542, 43.226944698166996 ], [ -79.635123326924628, 43.226927598160536 ], [ -79.635185026943475, 43.226919098156138 ], [ -79.635246926962438, 43.22691079815182 ], [ -79.635308426982007, 43.226911798149146 ], [ -79.635381927006179, 43.226921398147461 ], [ -79.635430827023271, 43.226940198148561 ], [ -79.635480027038966, 43.226940598146342 ], [ -79.635529427053896, 43.226932398142623 ], [ -79.635567227063603, 43.226905698136122 ], [ -79.635616927077066, 43.226879398129142 ], [ -79.635641827083489, 43.22686189812493 ], [ -79.635679927091687, 43.226817198115235 ], [ -79.635729927104464, 43.22678169810662 ], [ -79.635792427121245, 43.226746198097409 ], [ -79.635854327137835, 43.226711098088316 ], [ -79.635940927163816, 43.226693998081316 ], [ -79.636015527185222, 43.226667998073253 ], [ -79.63610242721137, 43.226651098066249 ], [ -79.636176127234791, 43.226651998062977 ], [ -79.636274827264671, 43.226635098055411 ], [ -79.636361127292886, 43.226645198053234 ], [ -79.636446927320989, 43.226655198051006 ], [ -79.636520627345178, 43.22666489804935 ], [ -79.636581927365498, 43.226674598048248 ], [ -79.636631027381924, 43.226684298047687 ], [ -79.636692427401456, 43.226685098044982 ], [ -79.636754627418924, 43.226658798037448 ], [ -79.636792227428501, 43.226631898030966 ], [ -79.636842427440584, 43.226587698020758 ], [ -79.636892527453426, 43.226552298012152 ], [ -79.636954827470177, 43.226517198003066 ], [ -79.637017227486908, 43.226481797993905 ], [ -79.637067127500472, 43.226455397986932 ], [ -79.637141327522485, 43.226438097980413 ], [ -79.637240127552374, 43.226421397972878 ], [ -79.637351427586239, 43.226404597964788 ], [ -79.637499827631117, 43.226379297953436 ], [ -79.637623027669591, 43.226371897946414 ], [ -79.637758927711232, 43.226355197937181 ], [ -79.637907227756159, 43.226330397925906 ], [ -79.638043027796996, 43.226304897915121 ], [ -79.638167027833362, 43.226270297903262 ], [ -79.638278327867255, 43.226253797895183 ], [ -79.638414427907406, 43.226219297882807 ], [ -79.638525927940563, 43.226193497873041 ], [ -79.638637727973048, 43.226158997861752 ], [ -79.638724227998253, 43.226132997853135 ], [ -79.638798528020303, 43.226115597846629 ], [ -79.638860628038501, 43.226098497840674 ], [ -79.638897628049492, 43.226089697837423 ], [ -79.638909928053423, 43.226090197836953 ], [ -79.638908628057663, 43.226143997846535 ], [ -79.638970028078049, 43.226153897845471 ], [ -79.638959428068389, 43.226081697833166 ], [ -79.63898432807477, 43.226063997828881 ], [ -79.639046628092288, 43.226037597821296 ], [ -79.639108728109719, 43.226011597813809 ], [ -79.639183428130323, 43.225976197804073 ], [ -79.63930772816525, 43.225923597788999 ], [ -79.639456628207981, 43.225871497772857 ], [ -79.63956822824035, 43.225836897761575 ], [ -79.639667328269539, 43.225810897752403 ], [ -79.639716928283775, 43.225793497747041 ], [ -79.6397788283019, 43.22577609774109 ], [ -79.639778428303345, 43.225793997744276 ], [ -79.639852528326173, 43.225786097739423 ], [ -79.639914828343635, 43.225759697731888 ], [ -79.639976528362496, 43.225751597727601 ], [ -79.640087728395542, 43.225725897717872 ], [ -79.640236028441223, 43.225709597708146 ], [ -79.640347128474971, 43.225692897700057 ], [ -79.640470628512745, 43.225676397691409 ], [ -79.640556928539411, 43.225668497685994 ], [ -79.640631228562299, 43.225660097681121 ], [ -79.640704928585748, 43.22566119767788 ], [ -79.640753828602101, 43.22567069767733 ], [ -79.640766628604595, 43.225652697673517 ], [ -79.640840528627351, 43.225644697668663 ], [ -79.640952128660501, 43.225619097659006 ], [ -79.641026728681936, 43.225593197650923 ], [ -79.641063728692146, 43.22557529764606 ], [ -79.641101328702547, 43.225557797641216 ], [ -79.641126428708219, 43.225531097635319 ], [ -79.641139728709334, 43.225495297628335 ], [ -79.64115262871033, 43.22545939762135 ], [ -79.64115342870825, 43.22543239761653 ], [ -79.641153928706046, 43.225405297611694 ], [ -79.641166628707794, 43.225378597606394 ], [ -79.641179928708894, 43.225342597599372 ], [ -79.641229928721685, 43.225307297590817 ], [ -79.64129152874051, 43.225298697586446 ], [ -79.641365828762616, 43.225281797580024 ], [ -79.6414279287808, 43.225264597574103 ], [ -79.641575828827101, 43.225257597566035 ], [ -79.641686728862354, 43.22525859756108 ], [ -79.641785328892951, 43.225250597555075 ], [ -79.641896428926799, 43.225234197547039 ], [ -79.642032428967724, 43.225208697536232 ], [ -79.642168729007992, 43.225174397523865 ], [ -79.642280329040361, 43.225139697512525 ], [ -79.642416429081379, 43.225114297501705 ], [ -79.642576529131517, 43.225106897493042 ], [ -79.642749229184957, 43.225091097482228 ], [ -79.642922129239196, 43.225084197473059 ], [ -79.643082329288589, 43.225067997462773 ], [ -79.643230229334094, 43.225051597453024 ], [ -79.643341629367967, 43.225035097444952 ], [ -79.643514529420656, 43.225010197432503 ], [ -79.64361372944991, 43.224984297423354 ], [ -79.643700129475846, 43.224967397416371 ], [ -79.643799129505823, 43.224950497408756 ], [ -79.643922929542867, 43.224924997398496 ], [ -79.644034229575951, 43.2248990973888 ], [ -79.644145529609006, 43.224873597379137 ], [ -79.64428152964993, 43.224848197368317 ], [ -79.644393429681699, 43.224804597355437 ], [ -79.644480129706963, 43.224778697346807 ], [ -79.644554329728962, 43.224761297340301 ], [ -79.644678429764582, 43.224717897326826 ], [ -79.644802329800882, 43.224683297314968 ], [ -79.644913829834024, 43.224657397305251 ], [ -79.645037229871733, 43.224640897296609 ], [ -79.645136129901672, 43.224624097289094 ], [ -79.645210629923028, 43.224597997281002 ], [ -79.645260129938023, 43.224589497277165 ], [ -79.645297429948329, 43.224571997272356 ], [ -79.645334329960079, 43.224572497270756 ], [ -79.645371829969676, 43.224545697264269 ], [ -79.645409329980041, 43.224528397259441 ], [ -79.645434029987157, 43.224519597256752 ], [ -79.645508230009185, 43.22450249725032 ], [ -79.645595330033828, 43.224467697240073 ], [ -79.645645330046591, 43.224431997231399 ], [ -79.645682730056933, 43.224414397226575 ], [ -79.645732230071104, 43.22439699722122 ], [ -79.645769530082248, 43.224388497217959 ], [ -79.645806530092415, 43.224370897213142 ], [ -79.645868730110706, 43.224354097207303 ], [ -79.645930330129502, 43.22434589720298 ], [ -79.646004730151645, 43.224328797196534 ], [ -79.646054230165831, 43.224311397191123 ], [ -79.646116130184012, 43.224293997185171 ], [ -79.646190630205382, 43.22426789717715 ], [ -79.646277630230003, 43.224233597166993 ], [ -79.646340330246062, 43.224189297156222 ], [ -79.646377830255645, 43.224162797149795 ], [ -79.646452330276318, 43.224128197140217 ], [ -79.646502230289798, 43.224101597133192 ], [ -79.646588930315062, 43.224075697124619 ], [ -79.646688230343642, 43.22404149711393 ], [ -79.646787030373503, 43.224024497106335 ], [ -79.646873630400307, 43.224016997101018 ], [ -79.646934930419846, 43.224017697098297 ], [ -79.646984730434156, 43.224000597092989 ], [ -79.646997130437313, 43.223991597090787 ], [ -79.6470839304626, 43.223966197082298 ], [ -79.647183130491129, 43.223931797071593 ], [ -79.647282030521055, 43.223915097064058 ], [ -79.647368730547157, 43.22389889705719 ], [ -79.647418230561328, 43.22388139705177 ], [ -79.647467630576273, 43.223872797047967 ], [ -79.647479230583073, 43.223908897053875 ], [ -79.647516630594197, 43.223900297050612 ], [ -79.647517530590633, 43.223856097042678 ], [ -79.647554430601588, 43.223847497039444 ], [ -79.647591830611944, 43.22382999703467 ], [ -79.647653530630791, 43.223821697030289 ], [ -79.647727830652912, 43.223805097023927 ], [ -79.647777630666425, 43.223778597016945 ], [ -79.647864330691661, 43.223752597008328 ], [ -79.647913830706742, 43.223744697004619 ], [ -79.647975730724866, 43.223727396998662 ], [ -79.648074730754018, 43.22370159698955 ], [ -79.648124230769014, 43.223693696985855 ], [ -79.648235630802972, 43.223677296977804 ], [ -79.648297430821017, 43.223659696971779 ], [ -79.648347330835406, 43.223642696966515 ], [ -79.648396730849555, 43.223625496961184 ], [ -79.648434230859166, 43.223598896954719 ], [ -79.648483730874119, 43.22359059695097 ], [ -79.648520730885139, 43.223581896947678 ], [ -79.648545830891578, 43.223564196943371 ], [ -79.648570230900106, 43.223573496943885 ], [ -79.648619730915058, 43.223564996940119 ], [ -79.648669030930009, 43.223557196936461 ], [ -79.648706430940337, 43.223539496931586 ], [ -79.648719130942879, 43.223521896927835 ], [ -79.648756630953244, 43.223504196922967 ], [ -79.648805830968897, 43.223504796920821 ], [ -79.648830630976008, 43.223496096918112 ], [ -79.648880030990966, 43.223487696914383 ], [ -79.648917631000586, 43.223461096907918 ], [ -79.648954631010824, 43.223443496903037 ], [ -79.649016731029008, 43.223426296897159 ], [ -79.649041231037614, 43.223435996897734 ], [ -79.649102831056453, 43.223427996893477 ], [ -79.649189031083864, 43.223428896889622 ], [ -79.649250531103434, 43.223429696886946 ], [ -79.649299831119151, 43.223430296884786 ], [ -79.649349331133308, 43.223412896879424 ], [ -79.649336631131646, 43.223439696884761 ], [ -79.649385831147299, 43.223440296882558 ], [ -79.649411531151557, 43.223395496873415 ], [ -79.649460831166465, 43.223387096869665 ], [ -79.649497831178252, 43.223387496868028 ], [ -79.649547131193927, 43.223388096865868 ], [ -79.649571631201709, 43.223388296864762 ], [ -79.649658031228427, 43.223380396859355 ], [ -79.649695331239556, 43.223371696856042 ], [ -79.649744831253727, 43.223354396850745 ], [ -79.649769731260122, 43.223337296846559 ], [ -79.649795031265825, 43.223310496840632 ], [ -79.649807931266835, 43.223274696833656 ], [ -79.649857931281218, 43.223257196828236 ], [ -79.649907231296126, 43.223248696824463 ], [ -79.649981331318102, 43.223231596818025 ], [ -79.650031131332412, 43.223214296812628 ], [ -79.650055931339523, 43.223205496809925 ], [ -79.650093431349916, 43.223187996805073 ], [ -79.650142531364779, 43.223179696801346 ], [ -79.650217131386171, 43.223153296793193 ], [ -79.650315731416782, 43.223145596787283 ], [ -79.65042703145059, 43.223128896779187 ], [ -79.650476531465614, 43.223120496775401 ], [ -79.650501131473391, 43.223120796774325 ], [ -79.650549931490488, 43.223139296775358 ], [ -79.650586731502983, 43.223148596775296 ], [ -79.650635931518636, 43.223149396773167 ], [ -79.650697631537483, 43.223140996768819 ], [ -79.650771331561756, 43.22315099676716 ], [ -79.650857331589876, 43.22316119676502 ], [ -79.65089403160232, 43.223170396764978 ], [ -79.650992631633699, 43.223171696760652 ], [ -79.651103231668912, 43.22317289675572 ], [ -79.651263231719824, 43.223174796748651 ], [ -79.651386331759767, 43.223185196744808 ], [ -79.651460331782516, 43.223177196739996 ], [ -79.651497131794244, 43.223177496738352 ], [ -79.651521731802035, 43.223177796737225 ], [ -79.65154683180927, 43.223169196734595 ], [ -79.651545831812058, 43.223205096740955 ], [ -79.651594931828484, 43.223214796740436 ], [ -79.651608631827401, 43.223151796728601 ], [ -79.651694931854038, 43.223143796723207 ], [ -79.651707431857261, 43.223134996721079 ], [ -79.651744331869011, 43.223135296719448 ], [ -79.651781231880733, 43.223135596717746 ], [ -79.651843031899602, 43.223127596713482 ], [ -79.651904431919888, 43.223137096712314 ], [ -79.651978131944162, 43.223147196710748 ], [ -79.652014931956629, 43.223156596710666 ], [ -79.652051731969166, 43.223166096710678 ], [ -79.652112931989393, 43.22317579670954 ], [ -79.652174732008262, 43.223167496705216 ], [ -79.652186632013596, 43.223185496707877 ], [ -79.652235932029299, 43.223186196705711 ], [ -79.652297532048891, 43.22318709670305 ], [ -79.652322032056716, 43.22318729670193 ], [ -79.652346932063054, 43.223169496697601 ], [ -79.652308832055624, 43.223223096708885 ], [ -79.652370232075143, 43.223223696706178 ], [ -79.652433832088363, 43.223143496688984 ], [ -79.65245833209616, 43.223143796687914 ], [ -79.652531932120354, 43.223153596686238 ], [ -79.652581132136831, 43.223163296685705 ], [ -79.65266753216352, 43.223155296680268 ], [ -79.652728932183038, 43.223155896677554 ], [ -79.652790632202695, 43.223156696674849 ], [ -79.652815532209871, 43.223147996672132 ], [ -79.652814732211937, 43.223175196677012 ], [ -79.652851732223681, 43.223175496675374 ], [ -79.652876832230106, 43.223157796671089 ], [ -79.652888932233964, 43.2231578966705 ], [ -79.652914132240397, 43.22314029666623 ], [ -79.652975632259967, 43.223140796663486 ], [ -79.65302503227494, 43.223132396659686 ], [ -79.653111432301657, 43.223124596654309 ], [ -79.653148332313393, 43.223124996652643 ], [ -79.653209732333707, 43.223134696651563 ], [ -79.653258932349388, 43.223135296649417 ], [ -79.653283432357185, 43.223135596648305 ], [ -79.653308732363683, 43.223117896643977 ], [ -79.653333532370027, 43.223100196639678 ], [ -79.653358432377132, 43.223091496637039 ], [ -79.653370332382465, 43.22310949663968 ], [ -79.653394832390276, 43.223109896638583 ], [ -79.653419832397432, 43.22310109663588 ], [ -79.653444532404507, 43.223092396633177 ], [ -79.653445232402447, 43.223065496628415 ], [ -79.653470732407442, 43.223029896620922 ], [ -79.653483832408469, 43.222993796613871 ], [ -79.653496032411581, 43.222984896611784 ], [ -79.653533232422646, 43.222976396608509 ], [ -79.65355823242983, 43.222967696605835 ], [ -79.653583132436168, 43.222950096601544 ], [ -79.653607932443279, 43.222941296598847 ], [ -79.653632632451107, 43.222941396597733 ], [ -79.653706632473941, 43.222933496592908 ], [ -79.653793532499236, 43.22290749658427 ], [ -79.653867332522708, 43.222908296581011 ], [ -79.653953632549403, 43.222900296575581 ], [ -79.654002732565758, 43.222909996575041 ], [ -79.654076332589966, 43.222919796573358 ], [ -79.654150232613489, 43.222920496570048 ], [ -79.654224032637771, 43.222930596568425 ], [ -79.654334332674424, 43.222949696566758 ], [ -79.654358632682957, 43.222959196567274 ], [ -79.654432532706437, 43.222960096564066 ], [ -79.654493732727445, 43.222978596564474 ], [ -79.654579832755644, 43.222988496562259 ], [ -79.654653132780538, 43.223007596562297 ], [ -79.654751432812589, 43.223017796559517 ], [ -79.654837532840745, 43.223027796557339 ], [ -79.654910832865625, 43.223046796557327 ], [ -79.655021332901555, 43.223056896554006 ], [ -79.655107432929768, 43.223066996551822 ], [ -79.655205332963206, 43.223095096552292 ], [ -79.655303732995307, 43.223105296549519 ], [ -79.655364733016285, 43.223123996549994 ], [ -79.655462733049006, 43.223143196548875 ], [ -79.655585333089576, 43.223162596546693 ], [ -79.655671533117797, 43.223172796544468 ], [ -79.65573283313887, 43.223191496544956 ], [ -79.655781433155923, 43.22321019654602 ], [ -79.655855433179426, 43.223210796542737 ], [ -79.655928933203569, 43.223220596541047 ], [ -79.656051833244263, 43.223240196538882 ], [ -79.656125733267771, 43.223240896535579 ], [ -79.656199333291994, 43.223250896533926 ], [ -79.656223633300456, 43.223260296534491 ], [ -79.656210833298729, 43.223287096539835 ], [ -79.65627213331905, 43.223296896538727 ], [ -79.656297733323242, 43.223251996529584 ], [ -79.656334633334993, 43.22325239652794 ], [ -79.656396033355335, 43.223262096526845 ], [ -79.656469733379566, 43.223272096525186 ], [ -79.656506333392741, 43.223290696526824 ], [ -79.656567433413784, 43.223309296527276 ], [ -79.656604033426206, 43.223318696527272 ], [ -79.656628433434719, 43.223328096527808 ], [ -79.656702233458972, 43.223337896526125 ], [ -79.656763533479278, 43.223347596525024 ], [ -79.656812933494962, 43.223348196522828 ], [ -79.656874133514421, 43.223348696520091 ], [ -79.656898433523736, 43.223367196522247 ], [ -79.656922833533073, 43.223385496524386 ], [ -79.656935033537707, 43.223394596525431 ], [ -79.656971633550171, 43.223404096525393 ], [ -79.657021233564393, 43.223386596520044 ], [ -79.657033833567638, 43.223377996517932 ], [ -79.657083333581795, 43.223360396512504 ], [ -79.657132533598201, 43.223369796511896 ], [ -79.657205833623095, 43.223388796511884 ], [ -79.657254833639456, 43.223398296511284 ], [ -79.657328433664446, 43.223417396511302 ], [ -79.657402233688686, 43.223427096509567 ], [ -79.657463433708955, 43.223436896508524 ], [ -79.657475533713566, 43.223445996509575 ], [ -79.657487833717511, 43.223446096508994 ], [ -79.657549033738562, 43.223464896509519 ], [ -79.657622233764144, 43.223492596511029 ], [ -79.657695633789075, 43.22351149651103 ], [ -79.657744633806203, 43.223530096512036 ], [ -79.657830533834314, 43.223540096509801 ], [ -79.657891533856088, 43.223567896511916 ], [ -79.657977033885658, 43.223596096512999 ], [ -79.658112233930183, 43.223615596510221 ], [ -79.658185633955128, 43.223634296510141 ], [ -79.658246433976785, 43.223662296512281 ], [ -79.658331934007109, 43.223699096514828 ], [ -79.658393234027344, 43.223708796513733 ], [ -79.658453934049803, 43.223745596517489 ], [ -79.658564234087251, 43.223773996517387 ], [ -79.658625234108996, 43.223801596519479 ], [ -79.658686234130698, 43.223829296521544 ], [ -79.658734934147802, 43.223847996522615 ], [ -79.658771934159518, 43.223848296520963 ], [ -79.658906834204046, 43.223867996518209 ], [ -79.658968434224406, 43.223877696517107 ], [ -79.659053834253896, 43.223905696518131 ], [ -79.659176534295298, 43.223934196517476 ], [ -79.659213034308493, 43.223952596519119 ], [ -79.659237134317664, 43.223970796521215 ], [ -79.659286134334096, 43.223980496520632 ], [ -79.659335434349728, 43.22398119651853 ], [ -79.659372334361507, 43.223981496516821 ], [ -79.659383634369789, 43.224035796525982 ], [ -79.659433034383866, 43.22401809652056 ], [ -79.659434134380376, 43.223973196512503 ], [ -79.659520434407057, 43.223965096507072 ], [ -79.659582434425985, 43.223957096502815 ], [ -79.659680734457297, 43.223958096498421 ], [ -79.659778534491537, 43.223995396500499 ], [ -79.659876234524916, 43.224023396500996 ], [ -79.659925234541276, 43.224032996500441 ], [ -79.660084034597247, 43.224097896504588 ], [ -79.660157334622923, 43.224125896506159 ], [ -79.660267234661845, 43.224172296509323 ], [ -79.66030363467496, 43.224190596510859 ], [ -79.660352634691307, 43.224200096510316 ], [ -79.660377234699936, 43.224209296510779 ], [ -79.660401634707668, 43.224209696509746 ], [ -79.660413834711576, 43.224209896509208 ], [ -79.660437134724432, 43.224273096519333 ], [ -79.660474534735556, 43.224264596516143 ], [ -79.660463634725843, 43.224192396503788 ], [ -79.660488234733663, 43.224192796502741 ], [ -79.660562034757177, 43.224193696499476 ], [ -79.66066073478774, 43.22418549649344 ], [ -79.660722434806615, 43.224177296489145 ], [ -79.660795734832277, 43.22420539649076 ], [ -79.660832434845531, 43.224223796492318 ], [ -79.660881334861884, 43.224233296491711 ], [ -79.660881034863337, 43.224251396494978 ], [ -79.660905334871842, 43.224260496495461 ], [ -79.660943234880804, 43.22422509648743 ], [ -79.661016134907058, 43.22426179649058 ], [ -79.661077034929534, 43.224298596494265 ], [ -79.661125634946586, 43.224317196495285 ], [ -79.661186634969113, 43.224353896498982 ], [ -79.661247734990113, 43.224372696499529 ], [ -79.661309235010464, 43.224382396498427 ], [ -79.661345635023594, 43.224400896499972 ], [ -79.66138233503608, 43.22441029649994 ], [ -79.661431235053129, 43.224428696500951 ], [ -79.661492235074917, 43.224456596503103 ], [ -79.66152853508882, 43.224483996506301 ], [ -79.66156523510125, 43.224493596506306 ], [ -79.661601635115147, 43.224520796509424 ], [ -79.661662835136198, 43.224539596509921 ], [ -79.661687335144777, 43.224548996510499 ], [ -79.661736635160452, 43.22454959650829 ], [ -79.661760935168203, 43.224549896507227 ], [ -79.661810135183885, 43.224550496505074 ], [ -79.66185933520029, 43.224559896504438 ], [ -79.661920435221262, 43.224578596504969 ], [ -79.661944835229818, 43.224587896505483 ], [ -79.662005935251571, 43.22461549650756 ], [ -79.662054935267946, 43.224625196506985 ], [ -79.662103935284321, 43.224634896506451 ], [ -79.662140735296845, 43.224644296506426 ], [ -79.662189335314636, 43.224671696508999 ], [ -79.662249935337812, 43.224717696514361 ], [ -79.662310835360273, 43.224754296518086 ], [ -79.662359335378042, 43.224781896520696 ], [ -79.66239563539196, 43.224809396523931 ], [ -79.66244463540832, 43.224818896523324 ], [ -79.662505935428584, 43.224828596522237 ], [ -79.662492535428214, 43.224873596530834 ], [ -79.662517435436143, 43.224873796529707 ], [ -79.662555535443573, 43.2248200965184 ], [ -79.662653935476484, 43.224839396517289 ], [ -79.662702735492758, 43.224848696516688 ], [ -79.662763335514384, 43.224876796518863 ], [ -79.662812535531614, 43.224895096519852 ], [ -79.662848735545438, 43.224922696523031 ], [ -79.662873235554017, 43.224932196523618 ], [ -79.662909735567197, 43.224950396525159 ], [ -79.662958635584317, 43.224968996526179 ], [ -79.66302003560466, 43.22497879652505 ], [ -79.663093535629585, 43.224997696525044 ], [ -79.663142135647391, 43.22502519652766 ], [ -79.663215035673659, 43.225061996530798 ], [ -79.663251735686899, 43.225080496532392 ], [ -79.6633006357048, 43.225107996535002 ], [ -79.663336535719353, 43.22514439653979 ], [ -79.663373135732542, 43.225162896541399 ], [ -79.663422235748968, 43.225172596540858 ], [ -79.663447035755311, 43.225154896536566 ], [ -79.66350853577562, 43.225164596535464 ], [ -79.663532935784161, 43.225173696535968 ], [ -79.663557335792689, 43.225183196536506 ], [ -79.663593735805833, 43.225201496538084 ], [ -79.663630435818291, 43.225210996538046 ], [ -79.663692035838693, 43.2252205965369 ], [ -79.663790635870058, 43.22522169653255 ], [ -79.663851935889554, 43.225222596529839 ], [ -79.66391313591059, 43.225241396530379 ], [ -79.663974135932349, 43.225269096532443 ], [ -79.664034635954678, 43.225305796536169 ], [ -79.664107935980326, 43.225333596537709 ], [ -79.664168936002866, 43.225370396541386 ], [ -79.664217536020686, 43.225397896544067 ], [ -79.664278336043097, 43.22543449654772 ], [ -79.664339036065542, 43.225471396551455 ], [ -79.664375436079453, 43.22549879655466 ], [ -79.664411936092662, 43.225517296556198 ], [ -79.664436836099782, 43.225508496553523 ], [ -79.664474236110181, 43.225491096548701 ], [ -79.664596136153577, 43.225546396552858 ], [ -79.664582136155374, 43.225618296566296 ], [ -79.664631236171786, 43.225627796565682 ], [ -79.664708036185331, 43.225502796539971 ], [ -79.664744236198402, 43.22552109654152 ], [ -79.66479303621621, 43.225548696544173 ], [ -79.664841836233308, 43.22556729654525 ], [ -79.664890536250383, 43.225585896546271 ], [ -79.664927036264302, 43.225613296549469 ], [ -79.664987736287515, 43.225658996554756 ], [ -79.665024336299979, 43.225668496554704 ], [ -79.665072536319201, 43.225714096560601 ], [ -79.665145636345585, 43.225750996563754 ], [ -79.665256036382232, 43.225770196562046 ], [ -79.665293036393237, 43.225761496558775 ], [ -79.665379236421458, 43.22577169655662 ], [ -79.665428336437856, 43.22578109655602 ], [ -79.665502336460619, 43.225773096551194 ], [ -79.665661236515831, 43.225828996553723 ], [ -79.665746236546767, 43.225875096557999 ], [ -79.665794036567434, 43.225938496567018 ], [ -79.665867436593132, 43.225966396568587 ], [ -79.665964436630205, 43.226039496577059 ], [ -79.666038336653003, 43.226031696572271 ], [ -79.666099336675458, 43.226068296575946 ], [ -79.666184736705006, 43.226096196576954 ], [ -79.666245936726767, 43.226123896579011 ], [ -79.666330836757723, 43.226169996583266 ], [ -79.666416936785865, 43.226179996581045 ], [ -79.666453436799841, 43.226207296584207 ], [ -79.666513836822929, 43.226252996589501 ], [ -79.666550436836133, 43.226271496591103 ], [ -79.666599236853216, 43.226289996592143 ], [ -79.666635636867156, 43.226317696595331 ], [ -79.666672136879555, 43.226327096595334 ], [ -79.666696536888864, 43.22634529659743 ], [ -79.666732736902716, 43.226372696600649 ], [ -79.666769236916636, 43.226400196603812 ], [ -79.666818036934487, 43.226427796606472 ], [ -79.666866336952978, 43.226464296610679 ], [ -79.666902636966924, 43.226491996613937 ], [ -79.666987836997905, 43.226537896618112 ], [ -79.667061337022844, 43.226556796618098 ], [ -79.667121937045977, 43.226602396623363 ], [ -79.667170437064513, 43.226638996627599 ], [ -79.667231737084862, 43.226648896626521 ], [ -79.667181337073444, 43.22670209663832 ], [ -79.667242537094495, 43.226720896638788 ], [ -79.667293637102958, 43.226631496620584 ], [ -79.667342737119384, 43.226640996620027 ], [ -79.667391837135796, 43.226650496619428 ], [ -79.667416237144309, 43.226659896619971 ], [ -79.667440637152851, 43.22666899662044 ], [ -79.667513537179914, 43.226714896625197 ], [ -79.667537937188513, 43.226724396625784 ], [ -79.667586637206313, 43.226751896628407 ], [ -79.667598537211646, 43.226769996631042 ], [ -79.667635037224841, 43.226788396632621 ], [ -79.667683537243391, 43.22682509663688 ], [ -79.667732137261993, 43.226861896641196 ], [ -79.667768037276517, 43.226898096645954 ], [ -79.667816737295098, 43.226934596650132 ], [ -79.667840937304362, 43.22695299665228 ], [ -79.667876937318923, 43.226989296657088 ], [ -79.667925237338196, 43.227034996662958 ], [ -79.667973937356024, 43.22706249666556 ], [ -79.668034637378469, 43.227099396669296 ], [ -79.668083337396254, 43.227126796671925 ], [ -79.66810743740551, 43.227144996674035 ], [ -79.668156237423375, 43.227172796676697 ], [ -79.668205037440458, 43.227191296677745 ], [ -79.668265737462889, 43.227227996681442 ], [ -79.668314537480754, 43.227255696684097 ], [ -79.66837563750174, 43.22727429668452 ], [ -79.668485237541304, 43.227329596689316 ], [ -79.668509337550489, 43.227347896691427 ], [ -79.668582337578428, 43.227402696697794 ], [ -79.668667137610072, 43.227457796703639 ], [ -79.668715237629272, 43.2275032967095 ], [ -79.668873537687432, 43.227595296718484 ], [ -79.668958537719178, 43.227650296724278 ], [ -79.669007337736204, 43.227668896725383 ], [ -79.669080237764092, 43.227723696731694 ], [ -79.669140737786464, 43.227760496735399 ], [ -79.669176837801075, 43.22779689674018 ], [ -79.669262937829998, 43.227815996739636 ], [ -79.6693117378463, 43.22782539673905 ], [ -79.669372637868847, 43.227862196742727 ], [ -79.669408637883379, 43.227898596747522 ], [ -79.669494137913716, 43.227935696750137 ], [ -79.66953033792835, 43.227972096754904 ], [ -79.669591437949336, 43.227990896755436 ], [ -79.669676037982441, 43.228063796764417 ], [ -79.66971253799565, 43.228082196766024 ], [ -79.669785138023443, 43.228137296772459 ], [ -79.669846138045983, 43.228174096776129 ], [ -79.669894338065177, 43.228219296781916 ], [ -79.669942538084385, 43.228264996787821 ], [ -79.670027238117598, 43.228338196796877 ], [ -79.670087838140745, 43.228383796802177 ], [ -79.670161038167166, 43.228420696805323 ], [ -79.670221538190333, 43.228466296810581 ], [ -79.6702583382028, 43.228475796810585 ], [ -79.670343238234466, 43.228530596816384 ], [ -79.670403938256911, 43.228567396820075 ], [ -79.670440138271545, 43.228603896824886 ], [ -79.670476538284689, 43.228622396826488 ], [ -79.670513038298665, 43.228649896829666 ], [ -79.670512538300073, 43.228667896832903 ], [ -79.670524338306137, 43.22869499683717 ], [ -79.670585638326415, 43.22870479683607 ], [ -79.670621938340332, 43.228732196839267 ], [ -79.670646238348823, 43.228741396839752 ], [ -79.67069533836596, 43.228759896840756 ], [ -79.670805238404071, 43.228797096842293 ], [ -79.670866138426575, 43.228833996846021 ], [ -79.670939638452296, 43.228861996847563 ], [ -79.670975638466899, 43.228898496852388 ], [ -79.671036438488528, 43.22892599685445 ], [ -79.67120713854986, 43.229008996861275 ], [ -79.671304238586998, 43.229082296869777 ], [ -79.671388538620022, 43.229155296878822 ], [ -79.671497338662448, 43.229246596889986 ], [ -79.671558138685711, 43.229292296895267 ], [ -79.671594238700308, 43.229328796900106 ], [ -79.671643038717392, 43.229347196901095 ], [ -79.671715438746602, 43.229420096910701 ], [ -79.671764038764437, 43.229447796913334 ], [ -79.671837138790821, 43.229484696916494 ], [ -79.671885938807918, 43.229503296917507 ], [ -79.671910338817199, 43.229521496919602 ], [ -79.671994838850338, 43.229594496928691 ], [ -79.67205563887282, 43.229631096932351 ], [ -79.67211643889523, 43.229667896936057 ], [ -79.672201038928449, 43.229740996945111 ], [ -79.672261838950874, 43.229777696948801 ], [ -79.672297838965477, 43.22981419695364 ], [ -79.672358638987916, 43.229850996957325 ], [ -79.672394639003258, 43.229896296963716 ], [ -79.672455339025703, 43.229932996967435 ], [ -79.672528639051365, 43.229960796968967 ], [ -79.672552439062073, 43.229997296974283 ], [ -79.672576639072076, 43.230024496978025 ], [ -79.672637639093068, 43.230043196978528 ], [ -79.672710639120183, 43.2300891969833 ], [ -79.67274703913408, 43.230116496986469 ], [ -79.672843639171845, 43.230198696996567 ], [ -79.67291693919752, 43.230226696998145 ], [ -79.672989839224556, 43.2302724970029 ], [ -79.673026639237079, 43.230281797002846 ], [ -79.673099939263494, 43.23031849700596 ], [ -79.673160239286574, 43.230364497011323 ], [ -79.673220639310472, 43.230419397018274 ], [ -79.67325713932442, 43.230446597021398 ], [ -79.67331803934691, 43.230483297025081 ], [ -79.67337863936929, 43.230520097028794 ], [ -79.673427139387883, 43.230556497033007 ], [ -79.673475739405646, 43.230584297035676 ], [ -79.673536439428858, 43.230629897040984 ], [ -79.673584939446627, 43.230657497043644 ], [ -79.673609039456622, 43.230684697047316 ], [ -79.673670139478389, 43.230712397049459 ], [ -79.673694439486923, 43.230721797050002 ], [ -79.673756039506557, 43.230722497047253 ], [ -79.673679739491575, 43.230829697069808 ], [ -79.673740439514035, 43.230866497073492 ], [ -79.673842539532473, 43.230705497040219 ], [ -79.673892039547468, 43.230696997036446 ], [ -79.673916739554571, 43.230688497033768 ], [ -79.673978739573499, 43.230680097029442 ], [ -79.674003639579865, 43.230662697025167 ], [ -79.674053039594796, 43.230653897021341 ], [ -79.674115139612226, 43.23062779701381 ], [ -79.674165139625757, 43.230601197006834 ], [ -79.674226839643836, 43.230583997000934 ], [ -79.674313339670562, 43.230575896995475 ], [ -79.674387039694849, 43.230585896993809 ], [ -79.674485239727602, 43.230604796992608 ], [ -79.674546139748529, 43.230623596993141 ], [ -79.674582939761848, 43.230642096994735 ], [ -79.674656239787481, 43.230669896996268 ], [ -79.674716839809861, 43.230706696999967 ], [ -79.674777939830861, 43.230725497000485 ], [ -79.674814939843444, 43.230735097000483 ], [ -79.674912539877596, 43.230771997002499 ], [ -79.67497293990148, 43.230826797009421 ], [ -79.675008939916069, 43.230862997014178 ], [ -79.675057839933928, 43.230890697016811 ], [ -79.675094339946341, 43.230900097016807 ], [ -79.675131139958808, 43.230909597016804 ], [ -79.675204439984469, 43.230937397018351 ], [ -79.675253540001663, 43.230955997019343 ], [ -79.675289640015478, 43.230983397022555 ], [ -79.675325540030798, 43.231028897028978 ], [ -79.675386540053339, 43.231065597032661 ], [ -79.67544734007582, 43.231102297036315 ], [ -79.675508240096761, 43.231121097036848 ], [ -79.675556940114575, 43.231148797039538 ], [ -79.675655540145939, 43.231149797035158 ], [ -79.675729040170864, 43.231168497035057 ], [ -79.675790040192624, 43.231196297037172 ], [ -79.675899440232868, 43.231260497043493 ], [ -79.675960140255327, 43.231297497047208 ], [ -79.675972340259989, 43.231306597048267 ], [ -79.676008240275308, 43.231351997054688 ], [ -79.676044940287781, 43.231361497054635 ], [ -79.676129740320945, 43.231434397063659 ], [ -79.676190440344172, 43.231480197069004 ], [ -79.67627504037651, 43.231544097076402 ], [ -79.676396040423612, 43.231644497088624 ], [ -79.676456840446079, 43.231681597092354 ], [ -79.67652974047239, 43.231718197095468 ], [ -79.676602840498774, 43.23175509709862 ], [ -79.67665214051523, 43.231764597098056 ], [ -79.676737640544772, 43.231792497099015 ], [ -79.676798640566503, 43.23182039710116 ], [ -79.67684634058638, 43.231874897108604 ], [ -79.676919640612837, 43.231911997111837 ], [ -79.676993040638479, 43.231939697113326 ], [ -79.677041840655562, 43.231958197114352 ], [ -79.677103240675876, 43.231967997113237 ], [ -79.677176640700793, 43.231986797113187 ], [ -79.677249940726455, 43.232014597114727 ], [ -79.677262140731145, 43.232023897115809 ], [ -79.677335240757515, 43.232060697118925 ], [ -79.677371540772157, 43.232097197123736 ], [ -79.677395840780676, 43.232106397124255 ], [ -79.677432540793134, 43.232115797124173 ], [ -79.677456540803092, 43.232142997127944 ], [ -79.677505440820241, 43.232161697128987 ], [ -79.677615340859091, 43.232207897132078 ], [ -79.677651640872952, 43.23223539713527 ], [ -79.677687740887549, 43.232271897140095 ], [ -79.677724040901467, 43.232299297143285 ], [ -79.677809740931067, 43.23232729714428 ], [ -79.677846540943534, 43.232336797144235 ], [ -79.677883240956021, 43.232346297144254 ], [ -79.677919940968465, 43.232355597144192 ], [ -79.677957040980246, 43.232355897142554 ], [ -79.678018241001283, 43.232374597143 ], [ -79.678054841013704, 43.232384097142976 ], [ -79.678091441026965, 43.232402697144614 ], [ -79.67811514103758, 43.232438697149874 ], [ -79.678163841055408, 43.232466497152544 ], [ -79.678187941064664, 43.232484897154684 ], [ -79.678249041086417, 43.232512597156806 ], [ -79.678286241097467, 43.232503897153521 ], [ -79.678310741105264, 43.232504197152451 ], [ -79.678372341124856, 43.232504997149746 ], [ -79.678420941143429, 43.232541497154003 ], [ -79.678469041163424, 43.232595997161397 ], [ -79.678480941168786, 43.232614197164075 ], [ -79.678492841174119, 43.23263219716673 ], [ -79.678504741179481, 43.232650497169395 ], [ -79.678553541196564, 43.232669097170479 ], [ -79.678614541218266, 43.23269679717253 ], [ -79.678639241226165, 43.232696997171423 ], [ -79.678676241237909, 43.232697497169866 ], [ -79.678725141254276, 43.232707197169262 ], [ -79.678786041276737, 43.232743797172922 ], [ -79.678810541285344, 43.232753297173502 ], [ -79.678834641294571, 43.232771397175583 ], [ -79.678871041308483, 43.232798797178788 ], [ -79.678932041330185, 43.232826497180852 ], [ -79.679005141356583, 43.232863497184034 ], [ -79.679053741374389, 43.232890997186665 ], [ -79.679102641391523, 43.23290939718764 ], [ -79.679127741397124, 43.232882797181809 ], [ -79.679177041412032, 43.232874397178037 ], [ -79.679251341434892, 43.232866297173153 ], [ -79.679312841454475, 43.23286699717039 ], [ -79.679373841476234, 43.232894697172476 ], [ -79.679434941497234, 43.232913497172994 ], [ -79.679484041514399, 43.23293199717402 ], [ -79.679544641536808, 43.232968797177712 ], [ -79.679630141566335, 43.232996697178727 ], [ -79.67967914158271, 43.233006197178113 ], [ -79.67976384161588, 43.233079197187195 ], [ -79.679848941647677, 43.233134297193018 ], [ -79.679909941669379, 43.233162097195127 ], [ -79.680007441705129, 43.233217297200362 ], [ -79.680092641735342, 43.233254197202967 ], [ -79.680202441774924, 43.233309497207728 ], [ -79.680275241801979, 43.233355397212478 ], [ -79.680324241819164, 43.23337389721349 ], [ -79.68036034183298, 43.233401297216695 ], [ -79.680409141850859, 43.233428997219335 ], [ -79.680409841848729, 43.233401897214485 ], [ -79.680446941859728, 43.233393397211273 ], [ -79.680459741861469, 43.233366097205845 ], [ -79.680496841872511, 43.233357997202681 ], [ -79.6805461418882, 43.233358497200499 ], [ -79.680594941905269, 43.233377097201497 ], [ -79.680631641918524, 43.233395497203119 ], [ -79.680680141936278, 43.233422997205736 ], [ -79.680704141947018, 43.233459297211034 ], [ -79.680776641974759, 43.233514197217431 ], [ -79.680825741991967, 43.233532897218481 ], [ -79.680862342003579, 43.23353319721685 ], [ -79.680899642014651, 43.233524597213588 ], [ -79.680885442017967, 43.233614497230178 ], [ -79.680971642045407, 43.23361559722639 ], [ -79.681009942052086, 43.233552897213507 ], [ -79.681021942056717, 43.233561997214558 ], [ -79.6810707420738, 43.233580597215571 ], [ -79.681107142087725, 43.233607997218769 ], [ -79.681131242097692, 43.233635397222535 ], [ -79.681155742106256, 43.233644697223042 ], [ -79.681192342119502, 43.233662997224549 ], [ -79.68126574214439, 43.233681997224537 ], [ -79.681252842142626, 43.233708897229924 ], [ -79.681338942170058, 43.233709897226106 ], [ -79.681377742176096, 43.233638097211582 ], [ -79.68145104220099, 43.23365699721154 ], [ -79.681512042221982, 43.233675797212058 ], [ -79.681561142239161, 43.233694197213033 ], [ -79.681622142260892, 43.233721797215125 ], [ -79.681682742284082, 43.233767797220473 ], [ -79.681756142308245, 43.233777597218783 ], [ -79.681805342324637, 43.23378719721822 ], [ -79.681878542350248, 43.23381499721976 ], [ -79.681951442378136, 43.233869797226092 ], [ -79.682012142400566, 43.233906597229847 ], [ -79.682073642420164, 43.233907297227105 ], [ -79.682122742436519, 43.233916897226514 ], [ -79.682085042427673, 43.233952397234596 ], [ -79.682133742445501, 43.233979997237206 ], [ -79.682158142454014, 43.233989297237741 ], [ -79.68232334248556, 43.233748197187317 ], [ -79.682348042493388, 43.233748597186271 ], [ -79.682409242514439, 43.233767197186708 ], [ -79.682482742539349, 43.233785997186665 ], [ -79.682531742555781, 43.233795597186095 ], [ -79.6825436425611, 43.233813597188757 ], [ -79.682580242574303, 43.233832097190344 ], [ -79.682653842598512, 43.233841997188634 ], [ -79.682690342612432, 43.233869497191868 ], [ -79.682714642620951, 43.23387869719236 ], [ -79.682714242622396, 43.233896697195583 ], [ -79.682726242627766, 43.23391509719827 ], [ -79.682763242639524, 43.233915297196582 ], [ -79.682788242645131, 43.233888497190662 ], [ -79.682825942654816, 43.233862097184272 ], [ -79.682851542659051, 43.233817097175105 ], [ -79.682876742664732, 43.233790597169246 ], [ -79.682901442671792, 43.233781897166551 ], [ -79.682950842686751, 43.233773297162749 ], [ -79.683049142719582, 43.233792597161624 ], [ -79.68311024274054, 43.233811097162082 ], [ -79.683171442761562, 43.233829897162565 ], [ -79.683220642777272, 43.233830497160405 ], [ -79.683306242806836, 43.233858697161402 ], [ -79.683355342823219, 43.233867997160786 ], [ -79.683391842836386, 43.23388659716241 ], [ -79.683416142845644, 43.233904697164483 ], [ -79.683452642858853, 43.233923197166078 ], [ -79.683452342859539, 43.233932197167732 ], [ -79.683476442870344, 43.233968497173016 ], [ -79.683525242886631, 43.233977997172438 ], [ -79.683550142894532, 43.233978297171333 ], [ -79.683562442898491, 43.233978497170803 ], [ -79.683599242910162, 43.233978897169187 ], [ -79.683635942922621, 43.233988197169118 ], [ -79.683685042939842, 43.234006997170212 ], [ -79.683733942956138, 43.234016497169591 ], [ -79.683758542963986, 43.234016797168536 ], [ -79.683807342981069, 43.23403559716963 ], [ -79.683856342998183, 43.234053897170561 ], [ -79.683905643013901, 43.234054597168388 ], [ -79.683942243026294, 43.234063897168397 ], [ -79.683991843040531, 43.234046497162964 ], [ -79.684016543048358, 43.234046697161894 ], [ -79.684053143060851, 43.234056297161914 ], [ -79.684089743074011, 43.234074497163455 ], [ -79.684114143082539, 43.234083997163971 ], [ -79.6841631430989, 43.234093297163326 ], [ -79.684188043106076, 43.234084897160749 ], [ -79.684212943113181, 43.234075997157987 ], [ -79.684237743120306, 43.234067397155329 ], [ -79.684262443127409, 43.234058497152589 ], [ -79.684287543133806, 43.234040897148326 ], [ -79.684324543145593, 43.234041297146653 ], [ -79.684349143153426, 43.234041597145584 ], [ -79.684386043165176, 43.23404199714394 ], [ -79.684423243176226, 43.234033297140712 ], [ -79.684448243182615, 43.234015697136392 ], [ -79.684473443188267, 43.233988797130486 ], [ -79.68452264320392, 43.233989697128351 ], [ -79.684559743214976, 43.233980897125086 ], [ -79.684596543227457, 43.233990597125114 ], [ -79.684633443239164, 43.233990797123411 ], [ -79.684695543257362, 43.233973497117461 ], [ -79.68470794326052, 43.233964597115289 ], [ -79.684732843266914, 43.233946997111026 ], [ -79.68476954328014, 43.233965297112611 ], [ -79.684807343288256, 43.233920697102931 ], [ -79.68483204329614, 43.233920997101855 ], [ -79.68485674330401, 43.233921497100788 ], [ -79.684906043319671, 43.233921997098605 ], [ -79.684954843336001, 43.233931497097984 ], [ -79.685004243351685, 43.233932197095868 ], [ -79.685028743359425, 43.233932197094745 ], [ -79.685053643366629, 43.233923597092051 ], [ -79.685066143369852, 43.233914697089908 ], [ -79.685115643384819, 43.233906297086094 ], [ -79.685153143394345, 43.233879597079657 ], [ -79.685190143405364, 43.233871097076381 ], [ -79.685240043419697, 43.233853697071012 ], [ -79.68530154343847, 43.233845497066689 ], [ -79.685350943454196, 43.233846097064522 ], [ -79.685400243469871, 43.233846597062325 ], [ -79.685424843477719, 43.233846997061306 ], [ -79.685461643490157, 43.233856197061186 ], [ -79.685523143509769, 43.233857097058532 ], [ -79.685572243525399, 43.233857797056366 ], [ -79.685621743540338, 43.233849097052527 ], [ -79.685646443548194, 43.233849397051436 ], [ -79.685645543551828, 43.233894397059458 ], [ -79.685694643567388, 43.233894897057262 ], [ -79.685695643563875, 43.233849997049283 ], [ -79.685732743574874, 43.233841397046035 ], [ -79.685733143573401, 43.233823197042796 ], [ -79.685757943580541, 43.23381469704011 ], [ -79.685782443589105, 43.233823897040608 ], [ -79.685807043596952, 43.23382419703956 ], [ -79.685843543610119, 43.233842897041185 ], [ -79.685868243617989, 43.233842897040006 ], [ -79.685892743625786, 43.233843297038938 ], [ -79.685953943647604, 43.233870997041059 ], [ -79.686027043673207, 43.233898897042558 ], [ -79.686051643680983, 43.233899097041466 ], [ -79.686076443688862, 43.233899297040395 ], [ -79.68608864369277, 43.233899497039857 ], [ -79.686125443705222, 43.233908897039818 ], [ -79.686149943713019, 43.233909197038763 ], [ -79.686174543721648, 43.233918597039242 ], [ -79.68619914372951, 43.233918997038195 ], [ -79.686247843746543, 43.233937497039236 ], [ -79.68627224375507, 43.233946497039682 ], [ -79.686333343776852, 43.233974297041769 ], [ -79.686382243793986, 43.233992897042803 ], [ -79.686431143811092, 43.234011597043839 ], [ -79.686468143822864, 43.234011997042245 ], [ -79.686504943834549, 43.234012297040586 ], [ -79.686529343843119, 43.234021497041056 ], [ -79.686590743863434, 43.234031397039978 ], [ -79.686603043867322, 43.234031497039446 ], [ -79.686639143881919, 43.234067997044214 ], [ -79.686663843889804, 43.234068197043158 ], [ -79.68673794391259, 43.234059797038206 ], [ -79.686661543898438, 43.234176097062374 ], [ -79.686710543914813, 43.234185897061828 ], [ -79.686786943928979, 43.234069697037711 ], [ -79.686836143945371, 43.234079197037097 ], [ -79.686848243949228, 43.23407929703658 ], [ -79.686872643957798, 43.23408869703713 ], [ -79.686897343965626, 43.234088797035973 ], [ -79.686909743969565, 43.23408879703539 ], [ -79.686946643981315, 43.234089497033807 ], [ -79.686921243976386, 43.234125097041336 ], [ -79.686957843989561, 43.234143497042879 ], [ -79.686995943997005, 43.234090097031633 ], [ -79.687020544004852, 43.234090297030527 ], [ -79.687032744008675, 43.234090297029958 ], [ -79.68705714401726, 43.234099797030545 ], [ -79.687069644021278, 43.234099997029993 ], [ -79.687106144034402, 43.234118497031595 ], [ -79.687118144039005, 43.234127397032566 ], [ -79.687142644047569, 43.234136597033078 ], [ -79.68716704405611, 43.234145997033643 ], [ -79.687203944067846, 43.234146497032015 ], [ -79.687228844074994, 43.234137597029275 ], [ -79.687203344070795, 43.234182397038417 ], [ -79.687239844083152, 43.234191797038392 ], [ -79.6872904440946, 43.234138497026613 ], [ -79.687302644099248, 43.234147497027614 ], [ -79.687327044106979, 43.234147797026552 ], [ -79.687351544115572, 43.234157097027065 ], [ -79.687376044124207, 43.23416639702755 ], [ -79.687400244133443, 43.234184797029691 ], [ -79.68744934414984, 43.234194197029112 ], [ -79.687486144163088, 43.234212697030685 ], [ -79.687510444171608, 43.234221997031185 ], [ -79.687583544197196, 43.234249697032766 ], [ -79.687595844201127, 43.234250197032267 ], [ -79.687595544202551, 43.23426789703543 ], [ -79.687595044203945, 43.234285897038596 ], [ -79.687607044209344, 43.234303997041287 ], [ -79.687606744210015, 43.234312997042871 ], [ -79.687655944225668, 43.23431359704071 ], [ -79.687668544229723, 43.234313797040166 ], [ -79.687705644240737, 43.234305497036978 ], [ -79.687730144248519, 43.234305597035885 ], [ -79.687779644263472, 43.234297197032078 ], [ -79.687817044273814, 43.234279597027196 ], [ -79.687853944285536, 43.234279897025559 ], [ -79.687903144301231, 43.234280497023398 ], [ -79.687941444307938, 43.23421789701051 ], [ -79.688125144370247, 43.234265097010407 ], [ -79.688099644366048, 43.234309797019513 ], [ -79.688528644510313, 43.234404697016487 ], [ -79.688589944530634, 43.234414497015372 ], [ -79.688626544543808, 43.234432897016923 ], [ -79.688675044561577, 43.234460497019583 ], [ -79.688748144587947, 43.234497297022706 ], [ -79.688760344592637, 43.234506497023801 ], [ -79.688821344614411, 43.234534297025895 ], [ -79.688858044627594, 43.234552697027439 ], [ -79.688907144643196, 43.23455299702524 ], [ -79.688955844661081, 43.234580697027866 ], [ -79.688992744673612, 43.234590297027843 ], [ -79.689029144686728, 43.234608497029406 ], [ -79.689090444707759, 43.234627197029866 ], [ -79.689187844742676, 43.23467349703359 ], [ -79.689236244761148, 43.234709997037839 ], [ -79.689309844786919, 43.234737897039402 ], [ -79.689383144811799, 43.234756697039302 ], [ -79.689456444837447, 43.234784597040871 ], [ -79.689505244855297, 43.234812097043481 ], [ -79.68955384487235, 43.234830697044508 ], [ -79.689651244908021, 43.2348858970498 ], [ -79.689712144929729, 43.234913597051921 ], [ -79.68974864494372, 43.234940997055055 ], [ -79.689772044955802, 43.234995297063598 ], [ -79.689807944971903, 43.235049697071581 ], [ -79.689832444980482, 43.235059097072124 ], [ -79.689844544984339, 43.235059297071587 ], [ -79.689894244998584, 43.235041697066194 ], [ -79.689907245001152, 43.235023897062426 ], [ -79.689944645009945, 43.234988597054439 ], [ -79.689982045019462, 43.234961497047891 ], [ -79.690019245030541, 43.23495319704471 ], [ -79.690080645050841, 43.234962797043565 ], [ -79.690117245063263, 43.23497229704352 ], [ -79.690154145075837, 43.234981797043545 ], [ -79.690178845083665, 43.234981997042418 ], [ -79.690203445091498, 43.234982097041318 ], [ -79.690253045105678, 43.234964797035921 ], [ -79.69027794511284, 43.234956097033212 ], [ -79.690327345127756, 43.234947597029446 ], [ -79.690401545149058, 43.234921597021405 ], [ -79.690439045160232, 43.234912997018135 ], [ -79.690524845189032, 43.234931797017509 ], [ -79.690561145202167, 43.234950197019103 ], [ -79.690598045214685, 43.234959597019071 ], [ -79.690659045236401, 43.234987497021145 ], [ -79.690732345262063, 43.235015397022721 ], [ -79.69078064528054, 43.235051897026914 ], [ -79.690829445298419, 43.235079597029589 ], [ -79.690878445315576, 43.235097897030606 ], [ -79.690951745341252, 43.235125897032162 ], [ -79.690963545345767, 43.235134997033207 ], [ -79.691037445370085, 43.235144897031567 ], [ -79.69117224541526, 43.235173397030366 ], [ -79.691221345431671, 43.235182897029752 ], [ -79.691257745444801, 43.235201497031404 ], [ -79.691282145454181, 43.235219797033466 ], [ -79.691281645456343, 43.235246697038306 ], [ -79.691292945463061, 43.23528299704418 ], [ -79.691330345474142, 43.235274397040925 ], [ -79.69139154549363, 43.235274997038211 ], [ -79.691428745505462, 43.235275297036573 ], [ -79.691489945526499, 43.235294097037013 ], [ -79.691563645550715, 43.235304097035424 ], [ -79.69160034556316, 43.23531339703537 ], [ -79.691636845576355, 43.235331897036957 ], [ -79.691685645593466, 43.235350597038014 ], [ -79.691709845602688, 43.235368697040073 ], [ -79.691831745646937, 43.235433097045899 ], [ -79.691892845667937, 43.235451897046353 ], [ -79.691942145683598, 43.23545239704417 ], [ -79.691978445697472, 43.235479897047341 ], [ -79.691978245698181, 43.23548869704895 ], [ -79.692014945711421, 43.235507097050508 ], [ -79.69203914572067, 43.235525297052611 ], [ -79.69207594573318, 43.235534797052573 ], [ -79.692087945737782, 43.235544197053684 ], [ -79.692161845762072, 43.235553897052014 ], [ -79.692210445779097, 43.235572297053018 ], [ -79.692259545795466, 43.235582097052458 ], [ -79.692296245807938, 43.235591597052483 ], [ -79.69233284582117, 43.235609797054018 ], [ -79.692344945825809, 43.235619097055086 ], [ -79.692381545839766, 43.235646397058233 ], [ -79.692417545854312, 43.235682897063072 ], [ -79.692441645864335, 43.235710197066773 ], [ -79.69247794587902, 43.235746597071547 ], [ -79.692514245892113, 43.235765097073106 ], [ -79.692563245909255, 43.235783697074169 ], [ -79.692636945934296, 43.235802597074098 ], [ -79.692685945949862, 43.235802997071886 ], [ -79.692734945966222, 43.235812597071302 ], [ -79.692722545963051, 43.235821397073479 ], [ -79.692709145962667, 43.235866097082024 ], [ -79.692770945981607, 43.235857997077709 ], [ -79.692823745984356, 43.23569669704667 ], [ -79.692885146004642, 43.235706197045474 ], [ -79.692909546013183, 43.235715597046031 ], [ -79.692934146020988, 43.235715597044894 ], [ -79.692958446030303, 43.235734097047064 ], [ -79.692983046038137, 43.235734297045937 ], [ -79.693032046054512, 43.235743997045418 ], [ -79.69306904606627, 43.23574449704379 ], [ -79.69312984608797, 43.235772197045861 ], [ -79.693166946099751, 43.235772597044246 ], [ -79.693215746116067, 43.23578219704369 ], [ -79.693264846133232, 43.235800597044665 ], [ -79.693301146146325, 43.23581909704626 ], [ -79.693362246168135, 43.235846797048332 ], [ -79.693398946181333, 43.235865197049876 ], [ -79.693423346189917, 43.235874697050463 ], [ -79.69341054618819, 43.235901497055806 ], [ -79.693496246217009, 43.235920397055189 ], [ -79.693536446216527, 43.235767697026255 ], [ -79.693561046224318, 43.23576789702512 ], [ -79.693610546239285, 43.235759697021422 ], [ -79.69362284624323, 43.235759697020839 ], [ -79.693672346258197, 43.235751397017083 ], [ -79.693696846265965, 43.235751697015957 ], [ -79.693782346295535, 43.235779597016958 ], [ -79.69380694630415, 43.235788797017477 ], [ -79.693892846333014, 43.235807697016853 ], [ -79.693917346341593, 43.235817097017389 ], [ -79.693978646361828, 43.235826797016237 ], [ -79.694003146370392, 43.23583599701675 ], [ -79.694039446383542, 43.235854497018344 ], [ -79.694064046392185, 43.235863897018909 ], [ -79.694100846403856, 43.235864197017214 ], [ -79.69411304640775, 43.235864297016676 ], [ -79.694138046415688, 43.235864497015534 ], [ -79.694150246419582, 43.23586479701504 ], [ -79.694174746427379, 43.235865097013971 ], [ -79.694186946431998, 43.235874097014985 ], [ -79.694211346440554, 43.235883397015478 ], [ -79.694223746444493, 43.235883397014902 ], [ -79.694235546449818, 43.235901797017668 ], [ -79.694259746459068, 43.235920097019758 ], [ -79.694271946463729, 43.235929197020809 ], [ -79.694296246473016, 43.235947397022898 ], [ -79.694320746481608, 43.235956897023478 ], [ -79.694357346494016, 43.235966297023431 ], [ -79.694369546498677, 43.235975397024511 ], [ -79.694406646510487, 43.235975897022897 ], [ -79.694431046518261, 43.235975997021747 ], [ -79.694468046530062, 43.235976497020111 ], [ -79.694492846537102, 43.235967697017415 ], [ -79.694529646548844, 43.235968097015743 ], [ -79.694516646548578, 43.236012897024317 ], [ -79.694553246561057, 43.236022397024342 ], [ -79.694709646575674, 43.235618896945546 ], [ -79.694758146594225, 43.235655596949755 ], [ -79.694782446603526, 43.235673896951909 ], [ -79.694806646612776, 43.235692196954062 ], [ -79.694831046621346, 43.235701596954591 ], [ -79.694867646633739, 43.2357107969545 ], [ -79.694880246637751, 43.235710996953934 ], [ -79.694917046649437, 43.235711596952363 ], [ -79.694966446665177, 43.235712096950152 ], [ -79.694990946672974, 43.235712396949083 ], [ -79.695064946695709, 43.235704196944198 ], [ -79.695114546710712, 43.235695696940397 ], [ -79.695163646725547, 43.235687296936625 ], [ -79.695201146736721, 43.235678596933376 ], [ -79.695238046747676, 43.235670096930114 ], [ -79.695287646762694, 43.235661696926329 ], [ -79.695349046782212, 43.235662396923658 ], [ -79.695398346797916, 43.235662996921441 ], [ -79.695435146809587, 43.235663296919789 ], [ -79.695496946829252, 43.235663896917082 ], [ -79.695534146840259, 43.235655396913799 ], [ -79.695583446855949, 43.235655896911602 ], [ -79.695632546871593, 43.235656696909473 ], [ -79.695731046902949, 43.235657596905106 ], [ -79.69584214693748, 43.235649896898572 ], [ -79.69590354695778, 43.23565959689747 ], [ -79.695952446973379, 43.235660196895267 ], [ -79.696014246992988, 43.235660796892532 ], [ -79.696075747013353, 43.23567049689143 ], [ -79.696062647012312, 43.235706496898402 ], [ -79.696123947032589, 43.235716396897324 ], [ -79.696175647038928, 43.235599896874284 ], [ -79.696200347045973, 43.23559099687153 ], [ -79.696249547062436, 43.23560059687096 ], [ -79.696286447074954, 43.235609996870934 ], [ -79.696323247086653, 43.2356105968693 ], [ -79.696360047098366, 43.235610896867655 ], [ -79.696409547113333, 43.235602496863905 ], [ -79.696458847129009, 43.235603096861709 ], [ -79.696496147140067, 43.235594496858468 ], [ -79.696532947151809, 43.235594896856846 ], [ -79.696594047172013, 43.235604596855701 ], [ -79.696643547187733, 43.235605096853511 ], [ -79.696642947189915, 43.235632096858296 ], [ -79.696692347204802, 43.235623496854487 ], [ -79.696693347201233, 43.235578596846516 ], [ -79.696730147213742, 43.235587996846469 ], [ -79.696779447229432, 43.235588596844323 ], [ -79.696803947237228, 43.235588896843204 ], [ -79.696865947256128, 43.235580596838851 ], [ -79.69689034726315, 43.235571896836227 ], [ -79.696915447269561, 43.235554096831883 ], [ -79.69688994726539, 43.235598996840992 ], [ -79.696926747277828, 43.235608096840913 ], [ -79.696965247283842, 43.235536496826477 ], [ -79.696989547292389, 43.235546096827051 ], [ -79.697026347304842, 43.235555496826969 ], [ -79.697038547308736, 43.235555596826437 ], [ -79.697075247321209, 43.235565096826413 ], [ -79.697112447332984, 43.23556539682474 ], [ -79.697137147340911, 43.235565896823687 ], [ -79.697135247347276, 43.235646696838138 ], [ -79.697197047366188, 43.235638396833821 ], [ -79.697186647355039, 43.23554819681825 ], [ -79.697223547366789, 43.235548696816636 ], [ -79.697248247374631, 43.235548896815565 ], [ -79.697272747382399, 43.235549096814452 ], [ -79.697285047386373, 43.2355492968139 ], [ -79.697321947398109, 43.235549796812293 ], [ -79.697320847402395, 43.235603696821904 ], [ -79.697382347421978, 43.23560439681917 ], [ -79.697373047407353, 43.235469296795621 ], [ -79.697434447427653, 43.235479096794563 ], [ -79.697421047427298, 43.235523996803131 ], [ -79.697470347442959, 43.235524396800884 ], [ -79.697470847440783, 43.235497296796105 ], [ -79.697495447449356, 43.235506696796563 ], [ -79.697544647465051, 43.235507296794431 ], [ -79.697569147472848, 43.235507696793398 ], [ -79.697605947485286, 43.235516996793329 ], [ -79.697642647497744, 43.235526396793304 ], [ -79.697667347506382, 43.235535796793783 ], [ -79.697703947518832, 43.235544996793742 ], [ -79.697740647531262, 43.235554696793784 ], [ -79.697802247550882, 43.235555296791006 ], [ -79.697838947563341, 43.23556459679093 ], [ -79.697863447571905, 43.235573896791493 ], [ -79.697887947580469, 43.235583196791993 ], [ -79.697862647575562, 43.235619096799539 ], [ -79.697936547598289, 43.235610696794616 ], [ -79.697963547597496, 43.235502896774285 ], [ -79.698012947613179, 43.235503396772074 ], [ -79.69803744762099, 43.235503996771001 ], [ -79.698061647629501, 43.235513196771556 ], [ -79.698098847641333, 43.23551359676987 ], [ -79.698110847645111, 43.235513596769323 ], [ -79.698160447660129, 43.235505196765516 ], [ -79.698185247668022, 43.235505596764476 ], [ -79.698197347671865, 43.235505596763907 ], [ -79.698234547683711, 43.235505996762228 ], [ -79.698258947691428, 43.235506196761136 ], [ -79.698295747703952, 43.235515796761135 ], [ -79.698320047711704, 43.235516096760058 ], [ -79.698344847719596, 43.235516396758982 ], [ -79.698369647727432, 43.235516596757854 ], [ -79.698406547739154, 43.23551699675626 ], [ -79.698443447750961, 43.235517496754625 ], [ -79.698468047759533, 43.235526796755131 ], [ -79.698504647771955, 43.235536396755137 ], [ -79.698516747776623, 43.235545396756159 ], [ -79.698541447784436, 43.235545396755008 ], [ -79.698553947787602, 43.235536496752907 ], [ -79.698566247791561, 43.235536896752357 ], [ -79.69860304780326, 43.235537396750757 ], [ -79.698615147807885, 43.235546496751802 ], [ -79.698614947809389, 43.235564396754974 ], [ -79.698664047825801, 43.235573996754383 ], [ -79.698676747828287, 43.235556196750686 ], [ -79.698676347828908, 43.235565196752262 ], [ -79.6987011478368, 43.235565396751149 ], [ -79.698725647845379, 43.235574796751692 ], [ -79.698774647861725, 43.235584296751142 ], [ -79.698823447878823, 43.235602896752148 ], [ -79.698872647895286, 43.235612396751527 ], [ -79.698896947903805, 43.235621896752136 ], [ -79.698933647916206, 43.235631196752074 ], [ -79.698994747937249, 43.235649896752562 ], [ -79.699031847949811, 43.235659296752516 ], [ -79.699068347962225, 43.235668596752454 ], [ -79.699080547966034, 43.235668596751886 ], [ -79.699117047980053, 43.235696396755117 ], [ -79.699129447983978, 43.235696396754548 ], [ -79.699154247990307, 43.235678596750276 ], [ -79.699165847997108, 43.235714796756113 ], [ -79.699215348012842, 43.235715396753953 ], [ -79.699205248000283, 43.235607196735238 ], [ -79.699241848011894, 43.235607496733607 ], [ -79.69927894802376, 43.235608096731951 ], [ -79.699303948030931, 43.235599396729285 ], [ -79.699352948047277, 43.235608896728678 ], [ -79.699401848063587, 43.235618496728108 ], [ -79.699451248079299, 43.235618896725924 ], [ -79.699500248095674, 43.235628596725341 ], [ -79.699537248108257, 43.235638196725326 ], [ -79.699573548121307, 43.235656296726887 ], [ -79.699623048136331, 43.235647896723101 ], [ -79.69967274814978, 43.235621496716085 ], [ -79.699671948153437, 43.235666696724202 ], [ -79.699745648177682, 43.235676396722454 ], [ -79.699771148181881, 43.235631696713362 ], [ -79.699783548185053, 43.235622996711236 ], [ -79.699820648196052, 43.235614196707928 ], [ -79.699857848207884, 43.235614596706327 ], [ -79.699869948211727, 43.235614696705753 ], [ -79.699919448226694, 43.235606296702002 ], [ -79.699956448238481, 43.235606796700388 ], [ -79.699981048246258, 43.235606996699275 ], [ -79.700042648265892, 43.235607696696533 ], [ -79.700091548282174, 43.235617096695933 ], [ -79.700128548293989, 43.235617696694298 ], [ -79.70017754831035, 43.235627396693772 ], [ -79.700214448322868, 43.235636696693696 ], [ -79.700226448327498, 43.235645896694777 ], [ -79.700251048335275, 43.235646196693736 ], [ -79.700275648343876, 43.235655296694198 ], [ -79.700325248358112, 43.235637996688801 ], [ -79.700349848365974, 43.235638296687732 ], [ -79.700411648384829, 43.235629996683407 ], [ -79.700473248403583, 43.235621496679016 ], [ -79.700534748423976, 43.235631396677917 ], [ -79.700559448431036, 43.235622696675271 ], [ -79.700595248447129, 43.235677096683204 ], [ -79.700644848461366, 43.235659596677856 ], [ -79.700657548464577, 43.235650796675664 ], [ -79.700657648463846, 43.235641696674037 ], [ -79.700694648474851, 43.23563319667084 ], [ -79.700707248478068, 43.235624296668661 ], [ -79.700719648482035, 43.23562449666818 ], [ -79.7009412485517, 43.235617996656721 ], [ -79.700953148557829, 43.235644996660938 ], [ -79.701002648572796, 43.235636696657188 ], [ -79.700979348559983, 43.235573396647077 ], [ -79.701003748567686, 43.235573496645934 ], [ -79.70101614857164, 43.235573696645389 ], [ -79.701028648575658, 43.235573896644887 ], [ -79.701065448587315, 43.235574196643171 ], [ -79.701127048606892, 43.235574896640514 ], [ -79.701151548615485, 43.235584296641051 ], [ -79.701200948630415, 43.235575796637221 ], [ -79.701212848634995, 43.235584896638265 ], [ -79.701237448644392, 43.235603296640384 ], [ -79.701249548648249, 43.235603396639853 ], [ -79.701286148661453, 43.235621996641441 ], [ -79.701323148673225, 43.235622296639782 ], [ -79.701384848692854, 43.235623096637077 ], [ -79.701408848701263, 43.235632296637625 ], [ -79.701433448709835, 43.235641696638105 ], [ -79.70147024872314, 43.235660096639712 ], [ -79.701457848719201, 43.235659896640207 ], [ -79.70150664873627, 43.235678396641241 ], [ -79.701530948744789, 43.23568769664179 ], [ -79.701580448761305, 43.235697296641199 ], [ -79.701604448770496, 43.235715596643303 ], [ -79.701629048778315, 43.235715596642159 ], [ -79.70166584879, 43.235716196640588 ], [ -79.701690648797907, 43.235716496639498 ], [ -79.701739848813546, 43.235717096637295 ], [ -79.701764848820702, 43.235708396634628 ], [ -79.701813848836338, 43.235708896632445 ], [ -79.701875448855901, 43.235709596629697 ], [ -79.70191264886698, 43.235700996626463 ], [ -79.701925148870146, 43.235692196624328 ], [ -79.701924048873735, 43.235737196632357 ], [ -79.701961048885437, 43.235737496630705 ], [ -79.701974848883623, 43.235665696617332 ], [ -79.702024448898641, 43.235657296613532 ], [ -79.702048848906358, 43.235657296612395 ], [ -79.702085848918173, 43.235657996610797 ], [ -79.702098248922113, 43.235657996610229 ], [ -79.702122748930691, 43.235667496610759 ], [ -79.702159448943149, 43.235676796610733 ], [ -79.702196248955616, 43.235686196610658 ], [ -79.702220548964135, 43.235695496611214 ], [ -79.702208248960233, 43.235695496611804 ], [ -79.702232748968797, 43.235704696612267 ], [ -79.702257148977324, 43.235713896612786 ], [ -79.702281548985908, 43.235723396613309 ], [ -79.702330449002986, 43.235741896614343 ], [ -79.702354949011522, 43.235750996614811 ], [ -79.702403949027882, 43.235760596614249 ], [ -79.702452749044213, 43.235770296613737 ], [ -79.702477449052878, 43.235779596614222 ], [ -79.702514249065345, 43.235788896614153 ], [ -79.702563149081698, 43.235798596613634 ], [ -79.70258794908959, 43.235798696612463 ], [ -79.702649349109123, 43.235799496609758 ], [ -79.702686349121606, 43.235808796609753 ], [ -79.702722949134099, 43.235818196609678 ], [ -79.702772249149774, 43.235818796607511 ], [ -79.702808849162196, 43.235828396607538 ], [ -79.702821149166866, 43.235837496608568 ], [ -79.702845849174693, 43.235837696607433 ], [ -79.702870149183227, 43.23584699660794 ], [ -79.70289474919106, 43.235847296606877 ], [ -79.702943749207421, 43.235856796606313 ], [ -79.702968349215269, 43.235857196605224 ], [ -79.702980849219202, 43.235857196604634 ], [ -79.703018049230252, 43.235848596601407 ], [ -79.70303024923416, 43.235848796600862 ], [ -79.703055249241331, 43.235840096598189 ], [ -79.703079749248317, 43.235831296595521 ], [ -79.703117149258659, 43.235813696590625 ], [ -79.703154349269738, 43.235805296587394 ], [ -79.703191449280709, 43.235796496584136 ], [ -79.703228549291779, 43.235787996580925 ], [ -79.70326554930277, 43.235779596577693 ], [ -79.703303049313135, 43.235761796572781 ], [ -79.703340049324922, 43.235762296571167 ], [ -79.703376849336607, 43.235762696569573 ], [ -79.703413749349124, 43.235772196569521 ], [ -79.703438249356907, 43.235772396568386 ], [ -79.703499849376527, 43.235772996565679 ], [ -79.703524549384383, 43.235773296564602 ], [ -79.703549149392174, 43.235773696563498 ], [ -79.703561449395323, 43.235764696561375 ], [ -79.703586349402443, 43.235755796558614 ], [ -79.703598849405665, 43.235747196556517 ], [ -79.70363614941752, 43.235747696554867 ], [ -79.703647849422026, 43.235756696555953 ], [ -79.703660149425914, 43.235756896555422 ], [ -79.70368474943453, 43.235766096555864 ], [ -79.703709449442371, 43.235766396554794 ], [ -79.703733549450845, 43.235775596555328 ], [ -79.70375854945803, 43.235767196552665 ], [ -79.703758249459455, 43.23578489655582 ], [ -79.703943249516797, 43.235769196544453 ], [ -79.703970149515953, 43.235661296524093 ], [ -79.703995049523115, 43.235652596521369 ], [ -79.704031949534837, 43.235652796519744 ], [ -79.704068749546551, 43.235653496518132 ], [ -79.704093849553743, 43.235644596515399 ], [ -79.704106149557632, 43.235644696514861 ], [ -79.704130849564763, 43.235636196512182 ], [ -79.704155449572553, 43.235636496511106 ], [ -79.704180049580401, 43.235636696509992 ], [ -79.704217049592188, 43.23563709650837 ], [ -79.704241549600752, 43.235646396508876 ], [ -79.704278449612488, 43.235646696507246 ], [ -79.70430314962033, 43.235647196506179 ], [ -79.704339749632723, 43.235656496506117 ], [ -79.704389049648412, 43.235657096503964 ], [ -79.704413349657742, 43.235675496506076 ], [ -79.704437749666269, 43.235684496506529 ], [ -79.704486549683381, 43.235703296507623 ], [ -79.704511049691945, 43.235712496508079 ], [ -79.704547949703681, 43.235712996506486 ], [ -79.704609349723981, 43.235722696505363 ], [ -79.704646249735703, 43.235722996503711 ], [ -79.704658549739634, 43.235723396503182 ], [ -79.704695649750619, 43.235714696499976 ], [ -79.704732849761683, 43.235706096496713 ], [ -79.704794749779808, 43.235688696490762 ], [ -79.704832049790113, 43.235670896485857 ], [ -79.704856949797247, 43.235662396483221 ], [ -79.704906149812146, 43.235653996479442 ], [ -79.704930949820039, 43.235654296478344 ], [ -79.704956249825756, 43.235627596472419 ], [ -79.704981149832093, 43.235609796468133 ], [ -79.704994049833857, 43.235582896462752 ], [ -79.705019149839501, 43.235556196456884 ], [ -79.705032249841324, 43.235529296451467 ], [ -79.705069849850148, 43.235493796443485 ], [ -79.70509494985582, 43.235467096437532 ], [ -79.705107449859014, 43.235457996435358 ], [ -79.705144849869342, 43.235440296430482 ], [ -79.705169649876424, 43.235431896427826 ], [ -79.705231549894577, 43.235414496421882 ], [ -79.705268749905585, 43.235405896418634 ], [ -79.705305749917372, 43.235406196416982 ], [ -79.70533014992516, 43.235406496415912 ], [ -79.705404049949394, 43.235416296414215 ], [ -79.705453149965038, 43.235416896412069 ], [ -79.705502749980056, 43.235408496408255 ], [ -79.705551649996337, 43.235417896407682 ], [ -79.705625550020656, 43.235427896406001 ], [ -79.705687150040234, 43.235428596403267 ], [ -79.70572395005199, 43.235429096401639 ], [ -79.705760850063726, 43.235429596400024 ], [ -79.705797750076229, 43.235438996399978 ], [ -79.705846550092559, 43.235448696399473 ], [ -79.705907850113547, 43.23546709639988 ], [ -79.705944650126071, 43.235476596399899 ], [ -79.705993550142367, 43.235486096399271 ], [ -79.706054750163403, 43.235504696399722 ], [ -79.706116150184542, 43.235523496400234 ], [ -79.706202350211967, 43.235524596396459 ], [ -79.706251350228314, 43.235534096395845 ], [ -79.70628785024067, 43.23554349639582 ], [ -79.706324850253239, 43.235552796395751 ], [ -79.706435350289965, 43.235572196394052 ], [ -79.706484450305567, 43.235572596391897 ], [ -79.7065698503351, 43.235600796392902 ], [ -79.706668650367277, 43.235610696390111 ], [ -79.706737550390002, 43.235620596388671 ], [ -79.706786350406261, 43.235630296388138 ], [ -79.706884450439802, 43.235658196388499 ], [ -79.706933250456942, 43.235677496389712 ], [ -79.707031150490437, 43.235705596390147 ], [ -79.707117550521048, 43.235742996392773 ], [ -79.707215550553883, 43.235762696391717 ], [ -79.707326750590923, 43.235783296390174 ], [ -79.707387550613404, 43.235820496393977 ], [ -79.707474050642517, 43.235840096393467 ], [ -79.707670350710544, 43.235906296396102 ], [ -79.707841850769853, 43.235963596398314 ], [ -79.707977450815392, 43.235992596397139 ], [ -79.708112150860629, 43.236021696396058 ], [ -79.708246850906619, 43.236059796396617 ], [ -79.708406350959734, 43.236089196394403 ], [ -79.708590651023059, 43.236145396395827 ], [ -79.708700451061887, 43.236191496398952 ], [ -79.708798251096155, 43.236229296401085 ], [ -79.708945251146076, 43.236266996400971 ], [ -79.709092351195963, 43.236304596400792 ], [ -79.70925125125116, 43.236360396403363 ], [ -79.709349051285386, 43.236397596405389 ], [ -79.709422051311762, 43.236434396408562 ], [ -79.70947075132959, 43.236461896411171 ], [ -79.709495451337418, 43.236462196410081 ], [ -79.709666551397362, 43.236527196413682 ], [ -79.709812951449393, 43.236591996418369 ], [ -79.709959651499901, 43.236638496419857 ], [ -79.710057451534141, 43.236675696421877 ], [ -79.710204051585436, 43.236731296424928 ], [ -79.710314251622108, 43.236750696423314 ], [ -79.710400551649542, 43.236751796419469 ], [ -79.71049935168017, 43.236743796413492 ], [ -79.710585951706165, 43.23672659640642 ], [ -79.710696651741372, 43.236727996401569 ], [ -79.710758151761723, 43.236737596400424 ], [ -79.710782451770257, 43.236746896400938 ], [ -79.710843951790551, 43.236756596399772 ], [ -79.710966451831879, 43.236784896399101 ], [ -79.71106455186542, 43.23681299639955 ], [ -79.711149451897114, 43.236868196405418 ], [ -79.711222951922011, 43.236886796405287 ], [ -79.711320051958381, 43.236950996412169 ], [ -79.711369251974801, 43.236960596411592 ], [ -79.711418051991885, 43.236979196412655 ], [ -79.711503452022995, 43.237025096416801 ], [ -79.711637252071739, 43.237098696423658 ], [ -79.71177155211916, 43.237154196427305 ], [ -79.711930152175867, 43.237227996433056 ], [ -79.712088852231815, 43.237292996437212 ], [ -79.712235152283782, 43.237357496441824 ], [ -79.712369552331253, 43.237413096445493 ], [ -79.712516152382562, 43.237468796448546 ], [ -79.712699552446324, 43.237533896451609 ], [ -79.712833552494402, 43.237598396456839 ], [ -79.712980652545113, 43.237645196458274 ], [ -79.713066252574706, 43.237672996459288 ], [ -79.71313965259958, 43.237691896459204 ], [ -79.71327345264838, 43.237765296465994 ], [ -79.713383452687282, 43.237811696469159 ], [ -79.713480852722967, 43.237866796474414 ], [ -79.713565752754647, 43.237921796480201 ], [ -79.713578152759354, 43.237930696481214 ], [ -79.713675952792812, 43.237959096481731 ], [ -79.71374935281851, 43.237986896483271 ], [ -79.713872152858329, 43.237997196479384 ], [ -79.713971252887504, 43.237971396470208 ], [ -79.71406955291954, 43.237981296467424 ], [ -79.714179052959864, 43.238045796473791 ], [ -79.714251752988432, 43.238109596481699 ], [ -79.714361153028733, 43.238173996488079 ], [ -79.714458853062908, 43.238210996490068 ], [ -79.71454475309254, 43.238238896491062 ], [ -79.714654953129212, 43.23825819648939 ], [ -79.714827053184706, 43.238269096483357 ], [ -79.715023753248843, 43.238289396477782 ], [ -79.715183153302661, 43.238327296477117 ], [ -79.715318253347192, 43.238346696474345 ], [ -79.715416453379163, 43.238356796471585 ], [ -79.715513953414131, 43.23840299647523 ], [ -79.71563655345625, 43.238440296476142 ], [ -79.71570915348326, 43.238486196480942 ], [ -79.71580625352037, 43.238559196489383 ], [ -79.715878953548142, 43.238613896495714 ], [ -79.71595205357454, 43.238650896498861 ], [ -79.716049753609497, 43.238696996502512 ], [ -79.71618385365764, 43.238761596507729 ], [ -79.716342953712953, 43.238817396510285 ], [ -79.71650105377023, 43.238900396517629 ], [ -79.716635153819141, 43.238973696524397 ], [ -79.716732653853271, 43.239010996526531 ], [ -79.716854453898236, 43.239084296533868 ], [ -79.717025253959633, 43.239167296540685 ], [ -79.717159154008456, 43.239240796547492 ], [ -79.717305254061145, 43.239314496553753 ], [ -79.717463754118583, 43.23939729656113 ], [ -79.717647054182365, 43.239462396564122 ], [ -79.717842454251482, 43.239544996569762 ], [ -79.718013054312749, 43.239627996576523 ], [ -79.718171354370938, 43.23971989658552 ], [ -79.718281354409058, 43.239757096587013 ], [ -79.71835405443683, 43.239811896593352 ], [ -79.718415054458575, 43.239839496595422 ], [ -79.718488654483565, 43.239858496595382 ], [ -79.718623054530966, 43.239913896598921 ], [ -79.718684754549827, 43.239905596594596 ], [ -79.718783354581191, 43.239906696590239 ], [ -79.718893954617172, 43.239916996586935 ], [ -79.718967354642885, 43.239944796588446 ], [ -79.71905225467377, 43.239990696592685 ], [ -79.719113254696268, 43.240027496596355 ], [ -79.719185954724111, 43.240082296602694 ], [ -79.719295354764355, 43.24014659660903 ], [ -79.719393054799355, 43.240192696612702 ], [ -79.719526954848931, 43.240275196621077 ], [ -79.719600054875329, 43.240311996624243 ], [ -79.719661254896366, 43.240330796624711 ], [ -79.719758654931979, 43.240385796629973 ], [ -79.719917054988642, 43.240459496635658 ], [ -79.720038355034248, 43.240542096644717 ], [ -79.720160955076366, 43.240579496645665 ], [ -79.720294855125189, 43.240653096652451 ], [ -79.720428655174786, 43.240735696660927 ], [ -79.720550055220414, 43.240817796669852 ], [ -79.720683655269966, 43.240900396678271 ], [ -79.720781155305644, 43.240955496683526 ], [ -79.720878255342029, 43.241019796690431 ], [ -79.720963255374528, 43.2410836966978 ], [ -79.721011955392328, 43.241111196700416 ], [ -79.721072855414022, 43.241138796702479 ], [ -79.721170455448984, 43.241184996706146 ], [ -79.72128055548788, 43.241231296709245 ], [ -79.721402255532098, 43.241295696715071 ], [ -79.721511455573065, 43.24136899672299 ], [ -79.721608755609466, 43.241432996729827 ], [ -79.721718155649725, 43.241497296736121 ], [ -79.721815655685461, 43.241552496741377 ], [ -79.721888355713247, 43.241607296747723 ], [ -79.722022355762121, 43.241680796754522 ], [ -79.722119055799908, 43.241762796764611 ], [ -79.72221615583706, 43.241835996773069 ], [ -79.722313255874184, 43.241908996781525 ], [ -79.722446855923678, 43.241991596789958 ], [ -79.72255635596477, 43.242064896797878 ], [ -79.722653856000463, 43.242120196803135 ], [ -79.72277495604601, 43.242202496812126 ], [ -79.722896756090989, 43.242275996819515 ], [ -79.723005756132679, 43.242358196829031 ], [ -79.723127256178387, 43.242440496837958 ], [ -79.723212056211594, 43.24251359684699 ], [ -79.723309656245732, 43.242550496849006 ], [ -79.723418456288186, 43.242641796860148 ], [ -79.723528156328527, 43.242705996866427 ], [ -79.723637756368078, 43.242761396871195 ], [ -79.723698756390604, 43.242798096874878 ], [ -79.723784056420897, 43.242835096877442 ], [ -79.723783956421613, 43.242844096879068 ], [ -79.723820456434765, 43.242862196880566 ], [ -79.723844856444074, 43.242880596882685 ], [ -79.723905556466519, 43.242917396886426 ], [ -79.723955156480756, 43.242899996881043 ], [ -79.723992556491083, 43.242882296876175 ], [ -79.724041956505971, 43.242873796872345 ], [ -79.724103156527775, 43.242901496874445 ], [ -79.724163256552401, 43.242965096882905 ], [ -79.724248656582702, 43.243002396885593 ], [ -79.724285656594489, 43.24300269688387 ], [ -79.724322756605474, 43.242994096880636 ], [ -79.724372156621172, 43.242994696878476 ], [ -79.724445456646819, 43.243022496880009 ], [ -79.724493656666112, 43.243068296885902 ], [ -79.724566556693915, 43.243122696892165 ], [ -79.72462725671636, 43.243159596895879 ], [ -79.7246520567235, 43.2431510968932 ], [ -79.724665056724518, 43.243114996886213 ], [ -79.724701956737022, 43.243124296886144 ], [ -79.724750656754054, 43.2431428968872 ], [ -79.724799556771984, 43.243170496889832 ], [ -79.724872756798362, 43.243207496892971 ], [ -79.72494575682471, 43.243244296896123 ], [ -79.72500675684644, 43.243271796898171 ], [ -79.72510475688, 43.243299996898607 ], [ -79.725178056905634, 43.243327696900131 ], [ -79.725251056931981, 43.243364696903356 ], [ -79.72531185695442, 43.243401296906995 ], [ -79.725397056986196, 43.243456196912767 ], [ -79.725445757004067, 43.243483796915349 ], [ -79.725531357033617, 43.24351169691635 ], [ -79.72559255705464, 43.243530496916868 ], [ -79.725604657060046, 43.243548696919525 ], [ -79.725641457071788, 43.24354909691786 ], [ -79.725678657081986, 43.243531196912983 ], [ -79.725715557094532, 43.243540996912998 ], [ -79.725751957107661, 43.243559296914583 ], [ -79.725800657126314, 43.243595796918754 ], [ -79.725836657141642, 43.243641296925148 ], [ -79.725885357158717, 43.243659896926225 ], [ -79.72593445717591, 43.243678296927186 ], [ -79.725959257182197, 43.243660696922937 ], [ -79.725984857187228, 43.243625096915402 ], [ -79.725997857188247, 43.2435889969084 ], [ -79.726047157203141, 43.243580496904634 ], [ -79.726071557212435, 43.243598796906774 ], [ -79.726120357229533, 43.24361749690781 ], [ -79.726181457250576, 43.243636296908285 ], [ -79.726267457279448, 43.243655296907676 ], [ -79.726327957302587, 43.243700796912933 ], [ -79.726389057324354, 43.24372849691499 ], [ -79.72646255734935, 43.243747396914969 ], [ -79.726523457371826, 43.243783996918609 ], [ -79.726596757397502, 43.243811896920178 ], [ -79.726682557426287, 43.243830696919503 ], [ -79.726755857451963, 43.243858796921081 ], [ -79.726803857472746, 43.243922196930093 ], [ -79.726852657489843, 43.243940996931187 ], [ -79.726925957515476, 43.243968696932654 ], [ -79.726974857531786, 43.243978196932105 ], [ -79.727024357547521, 43.243978796929895 ], [ -79.727073557563202, 43.243979296927691 ], [ -79.727122757579608, 43.2439888969271 ], [ -79.727171557596677, 43.244007296928146 ], [ -79.727208157609894, 43.244025996929771 ], [ -79.727268857633092, 43.244071396934977 ], [ -79.727305257647018, 43.244098896938155 ], [ -79.727330557651968, 43.244063396930713 ], [ -79.727343457652921, 43.24402729692374 ], [ -79.727368757658624, 43.244000496917828 ], [ -79.727393457665684, 43.243991796915083 ], [ -79.72745495768531, 43.243992996912439 ], [ -79.727503757703175, 43.244020596915092 ], [ -79.727565057724249, 43.244039196915523 ], [ -79.727625957745971, 43.24406699691761 ], [ -79.727711757775552, 43.244094896918604 ], [ -79.72778485780195, 43.244131796921742 ], [ -79.727833757819084, 43.244150296922761 ], [ -79.727871157829426, 43.244132796917917 ], [ -79.727883857831117, 43.244105796912557 ], [ -79.727909557835375, 43.244061096903444 ], [ -79.727922157837796, 43.244043296899676 ], [ -79.727958957849467, 43.244043596898052 ], [ -79.728008057866674, 43.244062196899044 ], [ -79.728056657884494, 43.24408969690171 ], [ -79.72814165791624, 43.244144896907521 ], [ -79.728226957947228, 43.244190696911687 ], [ -79.728287757969724, 43.24422739691537 ], [ -79.728373058000727, 43.244273496919611 ], [ -79.728458358031773, 43.24431919692374 ], [ -79.728482858040365, 43.244328696924256 ], [ -79.728604958083068, 43.244374796926785 ], [ -79.728691058111295, 43.244384996924609 ], [ -79.728704058112257, 43.244349096917652 ], [ -79.728717058113304, 43.244313296910676 ], [ -79.728742258119723, 43.244295496906396 ], [ -79.728767358125381, 43.244268796900464 ], [ -79.728792558131047, 43.244242196894561 ], [ -79.728817358138144, 43.244233196891841 ], [ -79.728878558159181, 43.244251996892345 ], [ -79.728939558180954, 43.244279796894446 ], [ -79.729012358207981, 43.244325396899114 ], [ -79.729085758233666, 43.244353396900713 ], [ -79.729158558260707, 43.244399196905398 ], [ -79.729244258291089, 43.244436196908005 ], [ -79.729317258318261, 43.244481996912754 ], [ -79.729365858336024, 43.244509696915379 ], [ -79.729402158349941, 43.244536996918548 ], [ -79.729463258371695, 43.244564696920648 ], [ -79.729548858402026, 43.244601596923211 ], [ -79.729634458431619, 43.244629596924192 ], [ -79.729695558452605, 43.244648296924694 ], [ -79.729756758473627, 43.244666896925175 ], [ -79.729768858478252, 43.244676096926192 ], [ -79.729866658512464, 43.244713096928237 ], [ -79.729939958538921, 43.244749996931368 ], [ -79.730000958560666, 43.244777496933416 ], [ -79.730098958593445, 43.244796696932276 ], [ -79.730160458613739, 43.244806596931163 ], [ -79.730221658633994, 43.244816196930039 ], [ -79.730270358652646, 43.244852896934304 ], [ -79.730318558671854, 43.244898296940086 ], [ -79.730391858697516, 43.244926196941648 ], [ -79.730477558727117, 43.244954096942571 ], [ -79.73056355875525, 43.244963996940356 ], [ -79.73066135878949, 43.245001196942418 ], [ -79.730709758808757, 43.245046696948243 ], [ -79.730770058832647, 43.245101496955144 ], [ -79.730842458861943, 43.245174296964677 ], [ -79.730891158879743, 43.2452016969673 ], [ -79.730916258886197, 43.245183996962986 ], [ -79.730977758904942, 43.245175796958719 ], [ -79.731039058926015, 43.245194396959143 ], [ -79.73112485895561, 43.245222396960109 ], [ -79.731149158964911, 43.245240696962249 ], [ -79.73122205899125, 43.245277496965372 ], [ -79.731307859020902, 43.245305496966402 ], [ -79.731393359051182, 43.245342496968959 ], [ -79.731479259080103, 43.245361496968329 ], [ -79.731540659100418, 43.245371196967248 ], [ -79.731577759110621, 43.245353496962387 ], [ -79.731651859133422, 43.245345396957511 ], [ -79.73172555915761, 43.245355196955813 ], [ -79.731786659178653, 43.245373796956244 ], [ -79.731860159204359, 43.245401696957813 ], [ -79.731921259226127, 43.245429396959842 ], [ -79.731994259252474, 43.245466096962978 ], [ -79.732018259263256, 43.245502596968365 ], [ -79.732092659284518, 43.245476296960241 ], [ -79.732129559296268, 43.245476696958583 ], [ -79.732178259314139, 43.245504296961222 ], [ -79.732251559339787, 43.245532096962734 ], [ -79.732275859349073, 43.245550296964836 ], [ -79.732312359362211, 43.245568796966424 ], [ -79.732349459374021, 43.24556929696481 ], [ -79.732410259395706, 43.245596796966836 ], [ -79.732433859407919, 43.245651096975358 ], [ -79.732445659414012, 43.245678296979669 ], [ -79.732444759417646, 43.245723296987691 ], [ -79.732507459432128, 43.245660996973712 ], [ -79.732533159436358, 43.245616096964589 ], [ -79.732571359443043, 43.245553596951737 ], [ -79.732621759455142, 43.245509196941541 ], [ -79.732696159475665, 43.245473796931826 ], [ -79.732795159505585, 43.245457096924262 ], [ -79.732869159528406, 43.24544909691938 ], [ -79.732906659537932, 43.245422296912864 ], [ -79.73296885955537, 43.24539589690535 ], [ -79.733017859571774, 43.245405396904729 ], [ -79.733091659596028, 43.245415296903076 ], [ -79.733189859628794, 43.245434396901942 ], [ -79.733275459657634, 43.245453496901327 ], [ -79.733386059694325, 43.245472596899624 ], [ -79.733459659718491, 43.24548219689791 ], [ -79.733545459748171, 43.245510396898887 ], [ -79.733557459752717, 43.245519396899915 ], [ -79.733581159764171, 43.245564796906883 ], [ -79.733592659771745, 43.245609896914324 ], [ -79.733604159778523, 43.245646096920204 ], [ -79.733678559800623, 43.245628796913721 ], [ -79.733716159808665, 43.245584296904084 ], [ -79.733741259814337, 43.245557596898159 ], [ -79.733790859830094, 43.245557996895947 ], [ -79.733840159845784, 43.245558496893764 ], [ -79.733901259865974, 43.245568296892664 ], [ -79.733987559894231, 43.2455782968904 ], [ -79.734060659919834, 43.245606096891926 ], [ -79.734146659947967, 43.245616096889748 ], [ -79.734220459972221, 43.245625896888043 ], [ -79.734269359989312, 43.245644596889079 ], [ -79.734293559999344, 43.245671796892807 ], [ -79.734305260004618, 43.245689796895427 ], [ -79.734292960001497, 43.24569859689759 ], [ -79.734304760006822, 43.245716896900248 ], [ -79.734341360019229, 43.245726296900237 ], [ -79.734378960028877, 43.245699696893759 ], [ -79.734391360032049, 43.245690896891645 ], [ -79.734417260036338, 43.245646096882481 ], [ -79.734454760045168, 43.245610596874492 ], [ -79.73447996005082, 43.245583896868553 ], [ -79.734529960063583, 43.24554829685993 ], [ -79.734567260073888, 43.245530596855062 ], [ -79.734629160092027, 43.245513496849185 ], [ -79.734691260110154, 43.245495796843166 ], [ -79.734777660136928, 43.245487996837774 ], [ -79.734789960140816, 43.245488096837207 ], [ -79.734900760176075, 43.245489496832327 ], [ -79.734999360207425, 43.245490396827904 ], [ -79.735110060242633, 43.245491696823002 ], [ -79.735233360281825, 43.245492996817518 ], [ -79.735344060317033, 43.245494396812603 ], [ -79.735491960363277, 43.245486896804437 ], [ -79.735689360426065, 43.245489296795668 ], [ -79.735824760468375, 43.245481696788097 ], [ -79.735948060506786, 43.24547399678098 ], [ -79.736046760538187, 43.245474996776586 ], [ -79.736095960553044, 43.2454665967728 ], [ -79.736317560624272, 43.2454780967646 ], [ -79.736403360653142, 43.245497096763984 ], [ -79.736439660667799, 43.245533496768736 ], [ -79.736475060685308, 43.24560579677992 ], [ -79.736486060693522, 43.245660096789017 ], [ -79.736509360707188, 43.245732196800731 ], [ -79.736532360721526, 43.245813496814051 ], [ -79.736580260742201, 43.245876996823071 ], [ -79.736616660756127, 43.245904596826293 ], [ -79.736665560773275, 43.245923096827305 ], [ -79.736714960788163, 43.245914496823495 ], [ -79.73675246079776, 43.245888096817055 ], [ -79.736753960791987, 43.245815996804197 ], [ -79.736742460785209, 43.24577969679833 ], [ -79.736731060777672, 43.245734596790825 ], [ -79.73670746076624, 43.245689296783894 ], [ -79.736671660750204, 43.245634996775948 ], [ -79.736672660745839, 43.245581096766323 ], [ -79.736685660746829, 43.24554529675941 ], [ -79.736723460754959, 43.245500596749736 ], [ -79.736773760767022, 43.245455996739494 ], [ -79.736835660785133, 43.245438596733543 ], [ -79.736958960823557, 43.245430996726462 ], [ -79.737057960853505, 43.245414096718882 ], [ -79.737193560895832, 43.245406696711278 ], [ -79.737279860922499, 43.24539849670586 ], [ -79.737378460953863, 43.245399596701432 ], [ -79.737451760979511, 43.245427496702995 ], [ -79.737525061005172, 43.24545529670452 ], [ -79.737610661034722, 43.245483296705494 ], [ -79.737671861056526, 43.245510996707587 ], [ -79.737757461086147, 43.245538996708568 ], [ -79.737794061099322, 43.245557396710119 ], [ -79.73786736112497, 43.245585096711658 ], [ -79.737941361148501, 43.245585996708378 ], [ -79.737978661158806, 43.245568296703496 ], [ -79.737994061162269, 43.245551796699843 ], [ -79.738083561192283, 43.245570796699056 ], [ -79.738105461199211, 43.245570896698084 ], [ -79.738105361199956, 43.24557939669959 ], [ -79.738104861202132, 43.245606296704388 ], [ -79.738128761212067, 43.245633596708117 ], [ -79.738152661222003, 43.245660996711827 ], [ -79.738189761234608, 43.245670396711795 ], [ -79.738238661251685, 43.245688896712814 ], [ -79.738312361275945, 43.24569879671116 ], [ -79.738349161288397, 43.245708096711091 ], [ -79.738422861311875, 43.245708996707798 ], [ -79.738484361332155, 43.245718596706638 ], [ -79.73858286136273, 43.245710596700675 ], [ -79.738682061391899, 43.245684596691476 ], [ -79.738756361414758, 43.245676596686621 ], [ -79.738818061432795, 43.245659096680654 ], [ -79.738879761451656, 43.245650896676324 ], [ -79.738966061479118, 43.245651896672491 ], [ -79.739052461506574, 43.245652796668672 ], [ -79.739262361570241, 43.245619196652974 ], [ -79.739361261600138, 43.245602196645365 ], [ -79.739472561633917, 43.245585596637277 ], [ -79.739608761674148, 43.245550896624806 ], [ -79.739683361694745, 43.245515696615094 ], [ -79.739831461739485, 43.245490196603704 ], [ -79.739980161784445, 43.24546489659231 ], [ -79.740091261818193, 43.245448196584192 ], [ -79.740227561858404, 43.245413596571751 ], [ -79.74033866189221, 43.245396796563575 ], [ -79.740450061925259, 43.245370996553845 ], [ -79.740562061956183, 43.245318296539338 ], [ -79.740673061989142, 43.245292496529636 ], [ -79.740698261996357, 43.245283696526897 ], [ -79.740833862038713, 43.245276096519262 ], [ -79.740920762064007, 43.245250196510611 ], [ -79.741007062089892, 43.245233096503597 ], [ -79.741118362123672, 43.245216096495419 ], [ -79.741229762156806, 43.245190496485677 ], [ -79.741316062183429, 43.24518249648029 ], [ -79.741390062207017, 43.245183396476982 ], [ -79.741451962225113, 43.245165996471037 ], [ -79.741538362252584, 43.245166896467218 ], [ -79.741624162280672, 43.24517689646499 ], [ -79.741709962309486, 43.245195796464351 ], [ -79.7417710623305, 43.245214396464831 ], [ -79.741820562346248, 43.245214996462614 ], [ -79.741857262358721, 43.245224396462582 ], [ -79.741918262380395, 43.245251896464673 ], [ -79.741979262402964, 43.24528879646838 ], [ -79.741977862408007, 43.245351796479554 ], [ -79.741976962411584, 43.245396796487576 ], [ -79.742038762430511, 43.245388696483275 ], [ -79.742051162433668, 43.24537969648113 ], [ -79.742076662438635, 43.245343996473608 ], [ -79.742101962443556, 43.245308096466083 ], [ -79.74214796245532, 43.245275596458193 ], [ -79.74216456245955, 43.245263996455385 ], [ -79.742189462466712, 43.245255196452618 ], [ -79.742251462483239, 43.245219796443529 ], [ -79.742313362502145, 43.245211396439139 ], [ -79.742362762517089, 43.24520299643536 ], [ -79.742436662540626, 43.245203896432052 ], [ -79.742510162565523, 43.245222496431964 ], [ -79.742608162599041, 43.245250696432393 ], [ -79.74268146262466, 43.245278396433953 ], [ -79.742755162648919, 43.245288296432292 ], [ -79.742828062676054, 43.245334296437058 ], [ -79.742889062697756, 43.245361896439064 ], [ -79.74292596271026, 43.245371196439052 ], [ -79.742961562727032, 43.245434596448625 ], [ -79.742985562737786, 43.245470996453953 ], [ -79.742984362742888, 43.245533996465177 ], [ -79.742983462746565, 43.245579096473179 ], [ -79.742982362749288, 43.245614996479603 ], [ -79.74299386275689, 43.245660196487059 ], [ -79.743005562762917, 43.245687196491353 ], [ -79.743029762773006, 43.245714596495041 ], [ -79.743053462784459, 43.245759996502024 ], [ -79.743102062802265, 43.245787496504633 ], [ -79.743138562815375, 43.24580569650616 ], [ -79.743200162835805, 43.245815596505061 ], [ -79.74323696284749, 43.245815996503403 ], [ -79.743237362846784, 43.245806796501789 ], [ -79.743250062848517, 43.24578019649649 ], [ -79.743250762845577, 43.245743996490027 ], [ -79.743227162834202, 43.245698796483119 ], [ -79.743215262828073, 43.245671596478815 ], [ -79.743203762821281, 43.245635596473001 ], [ -79.743179862811346, 43.245608196469234 ], [ -79.743180462808439, 43.245572296462846 ], [ -79.743181362804776, 43.245527096454801 ], [ -79.743182462801244, 43.245482096446786 ], [ -79.743195462801424, 43.245437196438239 ], [ -79.743221262805719, 43.245392496429069 ], [ -79.743246262811326, 43.245365796423215 ], [ -79.743283662820886, 43.245339196416737 ], [ -79.743333662834473, 43.245312796409777 ], [ -79.74340736285788, 43.245313496406482 ], [ -79.743444262870398, 43.245322996406408 ], [ -79.743554762907095, 43.245342096404706 ], [ -79.74362816293204, 43.245360996404649 ], [ -79.743701662956965, 43.245379896404557 ], [ -79.743737662972336, 43.245425296410971 ], [ -79.743774062986247, 43.245452596414118 ], [ -79.743836363004462, 43.245435196408081 ], [ -79.743872963016088, 43.245435696406481 ], [ -79.743934463036439, 43.245445396405373 ], [ -79.743959063044286, 43.245445596404259 ], [ -79.744032263070665, 43.245482396407432 ], [ -79.744142263109552, 43.245528596410473 ], [ -79.74425176314908, 43.245583996415235 ], [ -79.744337063180154, 43.245629896419366 ], [ -79.74442216321188, 43.245684796425166 ], [ -79.744495063238986, 43.245730696429952 ], [ -79.744568363265415, 43.245767396432996 ], [ -79.744678363303493, 43.245804796434513 ], [ -79.744776563336302, 43.245823796433335 ], [ -79.744873863372717, 43.245887996440203 ], [ -79.744959763401582, 43.245906896439607 ], [ -79.745045063432627, 43.245952796443746 ], [ -79.745118263458991, 43.245989496446867 ], [ -79.745190963486849, 43.246044396453222 ], [ -79.745239763503932, 43.246062996454249 ], [ -79.745349663542783, 43.246109196457311 ], [ -79.745435563571647, 43.246128096456715 ], [ -79.745521363600517, 43.246147196456086 ], [ -79.745595063625501, 43.246165896455985 ], [ -79.745619263634012, 43.246175196456477 ], [ -79.745680063657986, 43.246229796463346 ], [ -79.745728563675769, 43.246257396466007 ], [ -79.745789063698936, 43.246303196471331 ], [ -79.745825563712913, 43.246330696474487 ], [ -79.745861663728292, 43.24637599648085 ], [ -79.745911063743179, 43.246367496477077 ], [ -79.745935963749574, 43.246349896472765 ], [ -79.745961363754461, 43.246313896465225 ], [ -79.745986563760198, 43.246287296459336 ], [ -79.746061063781511, 43.246260996451213 ], [ -79.746122963799621, 43.246243796445292 ], [ -79.746209863824944, 43.246217696436624 ], [ -79.746308463853907, 43.24619189642749 ], [ -79.74635796387048, 43.246201196426824 ], [ -79.746443563900016, 43.246229296427835 ], [ -79.746504763921038, 43.2462477964283 ], [ -79.746566063942126, 43.24626649642876 ], [ -79.746676263979523, 43.246294896428694 ], [ -79.746786364017609, 43.246331996430129 ], [ -79.746810564026873, 43.246350396432263 ], [ -79.746871364049355, 43.246386996435966 ], [ -79.746956964078919, 43.246415096436927 ], [ -79.747054864113196, 43.246452096438958 ], [ -79.747128364138888, 43.246479896440469 ], [ -79.747238064176898, 43.246517196442028 ], [ -79.747348164216646, 43.246572396446638 ], [ -79.747494764267145, 43.246618996448134 ], [ -79.747616964310723, 43.246674296452241 ], [ -79.747751064359591, 43.24674789645907 ], [ -79.74787276440378, 43.246812196464838 ], [ -79.747995164446635, 43.246858596467348 ], [ -79.748104764485376, 43.246904796470439 ], [ -79.748214864524329, 43.246951096473538 ], [ -79.748300164555317, 43.246996996477733 ], [ -79.74831246455922, 43.246997096477145 ], [ -79.748385664585655, 43.247033896480289 ], [ -79.748471064615927, 43.247070896482867 ], [ -79.748556364646973, 43.247116796487077 ], [ -79.748629164674824, 43.247171696493439 ], [ -79.748702364700407, 43.247199496494957 ], [ -79.748751064719087, 43.247236096499151 ], [ -79.748787964730809, 43.247236496497486 ], [ -79.748825064741808, 43.247227896494259 ], [ -79.748886564761378, 43.247228496491537 ], [ -79.748973064788046, 43.247220396486085 ], [ -79.749022164803705, 43.247221196483942 ], [ -79.749070964821541, 43.247248496486506 ], [ -79.749107564834731, 43.247266996488101 ], [ -79.749168764856535, 43.24729449649012 ], [ -79.749266064892183, 43.247349696495405 ], [ -79.749351164923965, 43.247404796501215 ], [ -79.749436464954968, 43.247450596505331 ], [ -79.749545764995219, 43.24751489651166 ], [ -79.749631065027074, 43.247569796517432 ], [ -79.74971606505872, 43.247624696523246 ], [ -79.749801665089109, 43.247661696525782 ], [ -79.749874665116209, 43.247707296530493 ], [ -79.749984165156519, 43.247771696536809 ], [ -79.750093465194439, 43.247809096538354 ], [ -79.750203065234729, 43.24787319654466 ], [ -79.75030076526896, 43.247910396546729 ], [ -79.750410265309981, 43.247983496554532 ], [ -79.750470565333885, 43.24803819656146 ], [ -79.750568065370345, 43.248102296568334 ], [ -79.750702065419205, 43.248175696575075 ], [ -79.750811465459464, 43.248239996581411 ], [ -79.750908465496607, 43.248313196589855 ], [ -79.751005465533666, 43.248386096598281 ], [ -79.751139365583285, 43.248468596606699 ], [ -79.75126106562827, 43.248542096614081 ], [ -79.751382965673301, 43.248615396621389 ], [ -79.751479865710394, 43.248688596629833 ], [ -79.751565265740652, 43.248725396632416 ], [ -79.751675565778058, 43.248753696632313 ], [ -79.751760565810557, 43.248817696639719 ], [ -79.751845665842353, 43.248872696645492 ], [ -79.751918465869423, 43.248918496650234 ], [ -79.752003865900477, 43.248964496654423 ], [ -79.752101265936929, 43.249028396661203 ], [ -79.752173465966919, 43.249110396672393 ], [ -79.752233965990854, 43.249164996679262 ], [ -79.752355666034987, 43.249229396685003 ], [ -79.752428666062954, 43.24928419669132 ], [ -79.752538066103995, 43.249357496699226 ], [ -79.752622966136443, 43.249421396706637 ], [ -79.752707866168905, 43.249485296714006 ], [ -79.752841166219127, 43.249576796724028 ], [ -79.752975566267324, 43.249641196729179 ], [ -79.753060866298384, 43.249687196733376 ], [ -79.753083966311976, 43.24975979674516 ], [ -79.753045566305232, 43.249822196758004 ], [ -79.753107366324912, 43.249822896755305 ], [ -79.753156966339134, 43.249805496749865 ], [ -79.753218766357975, 43.24979709674556 ], [ -79.753242866367216, 43.249815296747663 ], [ -79.753292066383622, 43.249824996747051 ], [ -79.753340866401473, 43.249852196749643 ], [ -79.753425966433269, 43.249907396755418 ], [ -79.753474066453208, 43.249961796762861 ], [ -79.753522566472611, 43.250007496768681 ], [ -79.7536075665043, 43.250062496774504 ], [ -79.753680066532851, 43.250126096782388 ], [ -79.753752666561368, 43.250189896790346 ], [ -79.753813766582411, 43.25020879679083 ], [ -79.753898966614969, 43.250272696798206 ], [ -79.753983466648052, 43.250345596807207 ], [ -79.754068766679922, 43.250400696813003 ], [ -79.754153566713939, 43.250482596823574 ], [ -79.754201466733051, 43.250528196829464 ], [ -79.754238066747021, 43.250555496832575 ], [ -79.75434776678739, 43.250619996838928 ], [ -79.754432666819895, 43.250683696846281 ], [ -79.754493266843056, 43.25072939685154 ], [ -79.75455336686764, 43.250793096860029 ], [ -79.754539966868066, 43.25084699687023 ], [ -79.754564166878112, 43.250874396873918 ], [ -79.754613466893787, 43.250874796871734 ], [ -79.754650866904115, 43.250857296866876 ], [ -79.754699966919731, 43.2508577968647 ], [ -79.754761166940753, 43.250876496865153 ], [ -79.754821966963235, 43.250912896868783 ], [ -79.75485786697935, 43.25096749687679 ], [ -79.754929667007673, 43.251031396884748 ], [ -79.754990067032352, 43.251094996893251 ], [ -79.755038367051611, 43.251140396899025 ], [ -79.75512406708124, 43.251168596900094 ], [ -79.755172267101216, 43.251222996907451 ], [ -79.755196367111253, 43.251250296911167 ], [ -79.755232367126553, 43.251295496917542 ], [ -79.755293167149873, 43.251341496922876 ], [ -79.755390267186201, 43.251405496929657 ], [ -79.755450867210143, 43.251459996936518 ], [ -79.755548367245055, 43.251506296940192 ], [ -79.755608267271086, 43.251587396951784 ], [ -79.755681767296835, 43.251615096953252 ], [ -79.755694567298562, 43.251588396947945 ], [ -79.755732067308145, 43.251561696941486 ], [ -79.755781867321687, 43.251535796934576 ], [ -79.755831367335844, 43.251518396929193 ], [ -79.755856067342904, 43.251509596926518 ], [ -79.755893167354685, 43.251509996924824 ], [ -79.755917267364723, 43.251537396928597 ], [ -79.756002667394952, 43.251573696931025 ], [ -79.756051267413554, 43.25161029693524 ], [ -79.756111467438956, 43.25168299694537 ], [ -79.756195967472877, 43.251764996955913 ], [ -79.756280367507514, 43.251855696968107 ], [ -79.756340867531421, 43.251910496974993 ], [ -79.75644976757394, 43.252001796986136 ], [ -79.756522267603231, 43.252074596995662 ], [ -79.756558167619346, 43.252128997003645 ], [ -79.756520567610522, 43.252164597011685 ], [ -79.75649566760336, 43.252173297014345 ], [ -79.756507467609438, 43.252200397018605 ], [ -79.756531967617292, 43.252200797017572 ], [ -79.75656936762762, 43.252183297012728 ], [ -79.756606167639291, 43.252183497011046 ], [ -79.756630967647212, 43.252183997009972 ], [ -79.756692267667432, 43.252193497008783 ], [ -79.756679967664326, 43.25220229701096 ], [ -79.756716667676784, 43.252211897010973 ], [ -79.756777167699937, 43.252257297016165 ], [ -79.756862267732473, 43.252321497023594 ], [ -79.756984367775985, 43.252376697027728 ], [ -79.757055467805642, 43.252458597038924 ], [ -79.757153367840715, 43.252504697042518 ], [ -79.757238067873899, 43.25257749705154 ], [ -79.75732256790856, 43.252668597063703 ], [ -79.757419767944995, 43.252732897070608 ], [ -79.757504667977443, 43.252796697077933 ], [ -79.75757746800528, 43.252851397084264 ], [ -79.757649768035307, 43.252933297095403 ], [ -79.757759168076348, 43.253006397103285 ], [ -79.757892368128083, 43.253115997116488 ], [ -79.757964668158124, 43.253197797127648 ], [ -79.75806126819667, 43.253288997139308 ], [ -79.758120368223288, 43.253378997152502 ], [ -79.758156468239463, 43.253433497160529 ], [ -79.758204768257926, 43.25346989716472 ], [ -79.758276868287879, 43.253551897175846 ], [ -79.758276268290857, 43.253587997182251 ], [ -79.758238368282704, 43.253632297191899 ], [ -79.758262368292677, 43.253659697195673 ], [ -79.758312168306958, 43.253642297190282 ], [ -79.758361468321837, 43.253633697186459 ], [ -79.758411168336082, 43.253616397181048 ], [ -79.758448268347848, 43.253616697179403 ], [ -79.758484468361729, 43.253644197182581 ], [ -79.758545268384225, 43.253680897186264 ], [ -79.758593668403464, 43.253726197192066 ], [ -79.758678968434552, 43.253772397196258 ], [ -79.758727568453921, 43.253817897202062 ], [ -79.758812168487069, 43.253890797211078 ], [ -79.758848168502453, 43.25393629721745 ], [ -79.75893246853704, 43.254027097229581 ], [ -79.758967568552919, 43.254081697237673 ], [ -79.75905206858684, 43.254163497248207 ], [ -79.759076368596894, 43.254190697251886 ], [ -79.759113068609381, 43.254200197251883 ], [ -79.759185868637218, 43.254254997258208 ], [ -79.759234468655805, 43.25429149726245 ], [ -79.759270068672606, 43.254354997271989 ], [ -79.75933136869287, 43.254364697270901 ], [ -79.75936886870322, 43.254346997266005 ], [ -79.759393668709563, 43.254329397261756 ], [ -79.759430568722081, 43.254338797261717 ], [ -79.759491868743098, 43.254357497262191 ], [ -79.759515768753857, 43.254393597267452 ], [ -79.759564168773124, 43.25443919727325 ], [ -79.759600268787779, 43.254475497278051 ], [ -79.759660868811693, 43.254529797284839 ], [ -79.75970946883028, 43.254566197289009 ], [ -79.759794768861298, 43.254612297293235 ], [ -79.759854968885122, 43.254666797300068 ], [ -79.759940068917729, 43.254730997307497 ], [ -79.76001216894764, 43.254812697318634 ], [ -79.760096568983073, 43.254912697332401 ], [ -79.760180869017731, 43.255003397344602 ], [ -79.760314469072, 43.255140197362628 ], [ -79.760411669107569, 43.255195397367864 ], [ -79.760520469151587, 43.255304497382163 ], [ -79.760630869192141, 43.255368697388398 ], [ -79.760728569227183, 43.255415097392067 ], [ -79.760788769251732, 43.255478497400475 ], [ -79.760825369264978, 43.255496997402055 ], [ -79.760849769277399, 43.255551097410525 ], [ -79.760922569304455, 43.255596997415303 ], [ -79.761008069337919, 43.255669797424233 ], [ -79.761080869366552, 43.25573379743215 ], [ -79.761141169393539, 43.255824597445411 ], [ -79.761202369416125, 43.2558611974491 ], [ -79.761251069437122, 43.255924597458062 ], [ -79.761261869445235, 43.255978897467166 ], [ -79.76123656944111, 43.256023497476271 ], [ -79.761161969420513, 43.25605879748597 ], [ -79.761162269422968, 43.25608589749077 ], [ -79.76118636943221, 43.256103997492822 ], [ -79.761273269457476, 43.256077997484191 ], [ -79.761297969464536, 43.25606919748148 ], [ -79.761347969477299, 43.256033897472889 ], [ -79.761434869502608, 43.25600759746419 ], [ -79.761483769520467, 43.256035197466815 ], [ -79.761544769541459, 43.256053897467304 ], [ -79.761606169564885, 43.256099497472533 ], [ -79.761703769599848, 43.256145797476215 ], [ -79.761764869624727, 43.256209297484638 ], [ -79.761812769646269, 43.256281997495257 ], [ -79.761861969665006, 43.256318497499457 ], [ -79.761935469690002, 43.256337397499394 ], [ -79.761984469710271, 43.256391897506731 ], [ -79.762032369731727, 43.256464497517392 ], [ -79.762105269761975, 43.256546297528523 ], [ -79.762166469786919, 43.256609997536962 ], [ -79.762239769816532, 43.256683297546523 ], [ -79.762263969825767, 43.256701497548626 ], [ -79.762336669856751, 43.25679239756132 ], [ -79.762385869876283, 43.256837897567102 ], [ -79.762459569904379, 43.256892697573377 ], [ -79.762520869928608, 43.256947397580248 ], [ -79.762606769962971, 43.257029497590779 ], [ -79.762643569978621, 43.257074897597143 ], [ -79.762693270000668, 43.257147497607633 ], [ -79.762779370035048, 43.257229397618211 ], [ -79.762841170059431, 43.257284097624975 ], [ -79.7628908700799, 43.257338597632369 ], [ -79.762977670114594, 43.257420797642837 ], [ -79.763039870138329, 43.257467097648174 ], [ -79.763089870157359, 43.257503597652324 ], [ -79.763178570192593, 43.257585497662717 ], [ -79.763216170208509, 43.257630997669018 ], [ -79.763279470234096, 43.257694797677409 ], [ -79.76334267025733, 43.257731497680915 ], [ -79.76339357027976, 43.257803797691359 ], [ -79.763469070310023, 43.257876797700824 ], [ -79.763518870329776, 43.257922297706564 ], [ -79.763580870354986, 43.257985997714961 ], [ -79.76362977037526, 43.258040597722385 ], [ -79.763666070392276, 43.258104097731945 ], [ -79.763690470401613, 43.258122197733975 ], [ -79.763702470406969, 43.258140597736677 ], [ -79.763738170423039, 43.25819489774463 ], [ -79.763774570436951, 43.2582222977478 ], [ -79.763847770464125, 43.258268097752534 ], [ -79.76392007049337, 43.258340897762068 ], [ -79.763992570522745, 43.258413797771631 ], [ -79.764065270551299, 43.258477497779538 ], [ -79.764125570575914, 43.258541097787969 ], [ -79.764173670595952, 43.258595797795444 ], [ -79.764257970629799, 43.258677497805948 ], [ -79.764306870648468, 43.258714297810236 ], [ -79.764355070667747, 43.258759697816018 ], [ -79.764415670691704, 43.258814497822954 ], [ -79.764476370714917, 43.258860097828169 ], [ -79.764536370740217, 43.258932797838284 ], [ -79.764597070764239, 43.258987597845163 ], [ -79.76464507078424, 43.259042097852564 ], [ -79.764692770806448, 43.25912369786478 ], [ -79.764753570828873, 43.259160197868447 ], [ -79.764850870865288, 43.259224397875286 ], [ -79.764935670898552, 43.259297397884275 ], [ -79.764996170922501, 43.25935199789113 ], [ -79.765068970949571, 43.259397797895865 ], [ -79.7651420709783, 43.259461697903781 ], [ -79.765214471006786, 43.259525497911731 ], [ -79.765274471032143, 43.259598297921833 ], [ -79.765346971062229, 43.259679997932949 ], [ -79.765394871082961, 43.259743397941939 ], [ -79.765442671104424, 43.259815897952542 ], [ -79.765502971129067, 43.259879697961061 ], [ -79.765575571157669, 43.259943897969073 ], [ -79.765636271180867, 43.259989297974307 ], [ -79.765733371217991, 43.260062097982669 ], [ -79.765830271255837, 43.260144497992776 ], [ -79.765903171284521, 43.260208298000663 ], [ -79.765963471308368, 43.260262998007569 ], [ -79.766036171337007, 43.260326798015441 ], [ -79.766120471371593, 43.260417698027652 ], [ -79.766193171399422, 43.260472298033953 ], [ -79.766229671414209, 43.260508898038722 ], [ -79.766277571434102, 43.260563398046166 ], [ -79.766374071474189, 43.260672698061015 ], [ -79.766458271509578, 43.260772498074786 ], [ -79.766530871538919, 43.260845198084297 ], [ -79.766616071569956, 43.260891298088524 ], [ -79.766676171595293, 43.260963898098559 ], [ -79.766736371620738, 43.261036698108633 ], [ -79.766808571650742, 43.26111829811979 ], [ -79.766880771680746, 43.261200398130953 ], [ -79.766941071707024, 43.261282198142609 ], [ -79.766988071730552, 43.261381498158059 ], [ -79.767060271760556, 43.261463498169192 ], [ -79.767144971794536, 43.261545398179756 ], [ -79.76724127183455, 43.261654398194601 ], [ -79.767325771869253, 43.261745398206791 ], [ -79.767361171886776, 43.261817798217976 ], [ -79.767421471912201, 43.261890498228034 ], [ -79.767482471934741, 43.261927098231659 ], [ -79.767543171957954, 43.261972598236888 ], [ -79.767591171978708, 43.26203649824604 ], [ -79.767663372007917, 43.26210919825553 ], [ -79.767708572039567, 43.262307798288582 ], [ -79.767744772054158, 43.262344298293378 ], [ -79.767781772065149, 43.262335498290135 ], [ -79.767831672080263, 43.262327098286299 ], [ -79.767892572101204, 43.26234589828681 ], [ -79.767928872115846, 43.26238219829154 ], [ -79.768013472149832, 43.262464098302104 ], [ -79.768073572175979, 43.262545998313819 ], [ -79.768170272213737, 43.262627898323821 ], [ -79.768255172246214, 43.26269179833124 ], [ -79.768340472278069, 43.262746898337035 ], [ -79.768376672293499, 43.262792198343327 ], [ -79.768374772300689, 43.26288219835935 ], [ -79.768336872292579, 43.262926798369023 ], [ -79.768323872290821, 43.262953698374432 ], [ -79.768347972301569, 43.262989998379709 ], [ -79.768421272327231, 43.263017698381177 ], [ -79.768494372353629, 43.263054698384359 ], [ -79.768603572395378, 43.263136698393822 ], [ -79.768687672428442, 43.263209798402869 ], [ -79.768784172467733, 43.263309898416104 ], [ -79.768880172509213, 43.263436998434152 ], [ -79.768976972547804, 43.263527898445709 ], [ -79.769037172573221, 43.263600698455825 ], [ -79.769035672579022, 43.263672698468682 ], [ -79.769070872596529, 43.263745398479877 ], [ -79.769120272612184, 43.263745698477656 ], [ -79.769181872632586, 43.263755398476469 ], [ -79.769254772661213, 43.263818998484382 ], [ -79.769351372698992, 43.263901298494439 ], [ -79.769422572731074, 43.264010198510405 ], [ -79.769518772771036, 43.264119298525287 ], [ -79.769591172801142, 43.264201098536383 ], [ -79.769651172827224, 43.26428269854808 ], [ -79.769711372851845, 43.264346398556569 ], [ -79.769722372861651, 43.264418498568787 ], [ -79.769758172878497, 43.264481898578367 ], [ -79.769819972896599, 43.264464598572417 ], [ -79.769857072906831, 43.26444709856758 ], [ -79.769919072924196, 43.264420598560037 ], [ -79.770018272953351, 43.264394598550822 ], [ -79.770067572969026, 43.264395098548611 ], [ -79.770153072999378, 43.264432298551235 ], [ -79.770201573017914, 43.264468698555426 ], [ -79.770274273046553, 43.26453249856332 ], [ -79.770346673076574, 43.264614198574435 ], [ -79.770442973116602, 43.264723298589296 ], [ -79.770502773143491, 43.264814098602614 ], [ -79.770598673185759, 43.264950098622229 ], [ -79.770719673233629, 43.265059698636001 ], [ -79.770851873289757, 43.265223098658808 ], [ -79.770960173335965, 43.265359198677835 ], [ -79.771081373385442, 43.265486698694794 ], [ -79.771141173413099, 43.265586198709606 ], [ -79.771165173423086, 43.265613698713402 ], [ -79.771284773475998, 43.265785898738358 ], [ -79.771381273516084, 43.265895098753177 ], [ -79.77146577355002, 43.265976998763769 ], [ -79.771574073596156, 43.266113098782789 ], [ -79.771693673649096, 43.266285698807842 ], [ -79.771814473698484, 43.266412998824741 ], [ -79.771861173723536, 43.266530498843366 ], [ -79.771994173777586, 43.266666898861367 ], [ -79.77210307382083, 43.266767198874057 ], [ -79.772186673858371, 43.266894198892658 ], [ -79.772282573900654, 43.267030398912325 ], [ -79.772403273949976, 43.267157798929269 ], [ -79.772512173993263, 43.267257998941972 ], [ -79.772631974046234, 43.26743039896693 ], [ -79.772727774088438, 43.267566398986546 ], [ -79.772812074123067, 43.267657398998743 ], [ -79.772933374170236, 43.267757599010807 ], [ -79.773004974203189, 43.267875399028327 ], [ -79.773076874234732, 43.267975399042719 ], [ -79.773197674283324, 43.268093799058036 ], [ -79.773330174338767, 43.26824819907926 ], [ -79.773486774404205, 43.268429999104157 ], [ -79.773619074459617, 43.268584499125332 ], [ -79.773727674504372, 43.268702599141214 ], [ -79.773860674556829, 43.268821299156066 ], [ -79.773980574609851, 43.268993499180986 ], [ -79.774076274652842, 43.269138499202192 ], [ -79.774172074694278, 43.269265699220256 ], [ -79.77426807473654, 43.269401699239886 ], [ -79.774327574764897, 43.269510399256347 ], [ -79.774423474806355, 43.269637799274463 ], [ -79.774568074866423, 43.269801299296667 ], [ -79.774689174914315, 43.269910499310356 ], [ -79.77479787495831, 43.27001989932473 ], [ -79.774917675010514, 43.270183199348047 ], [ -79.775026075056758, 43.270319399367118 ], [ -79.77511087509076, 43.270401399377718 ], [ -79.775242075149762, 43.270601199406947 ], [ -79.775362775199881, 43.270737199425412 ], [ -79.775470775246788, 43.270882499446159 ], [ -79.775602675304384, 43.271063999472169 ], [ -79.775711875346175, 43.271146199481571 ], [ -79.775807475389911, 43.271300299504453 ], [ -79.775878675423499, 43.271426999523591 ], [ -79.77600017546996, 43.271518499534132 ], [ -79.776084375505349, 43.271618399547911 ], [ -79.77621687556082, 43.271772799569078 ], [ -79.776349475615561, 43.271918299588634 ], [ -79.77649367567787, 43.272109299615778 ], [ -79.776649575744713, 43.272308899643839 ], [ -79.776745375787726, 43.272453999665061 ], [ -79.776840875832178, 43.272616999689525 ], [ -79.77698497589212, 43.272780799711825 ], [ -79.777093275939137, 43.272926099732494 ], [ -79.777238175997695, 43.273071499751502 ], [ -79.777358676047797, 43.273207599769961 ], [ -79.77745447609081, 43.27335289979127 ], [ -79.777526476122333, 43.273452799805568 ], [ -79.777610176159939, 43.273579899824199 ], [ -79.777694276195277, 43.273679799838007 ], [ -79.777718576204592, 43.273697999840074 ], [ -79.777850776261516, 43.273870499864437 ], [ -79.777922676293016, 43.273970299878734 ], [ -79.778019276333154, 43.274079299893558 ], [ -79.778103276369237, 43.274188399909001 ], [ -79.778199076411511, 43.274324499928603 ], [ -79.778258276440511, 43.274442299946692 ], [ -79.778367176483798, 43.274542499959395 ], [ -79.778451576518449, 43.274633299971548 ], [ -79.778547976559267, 43.27475139998797 ], [ -79.778607576586907, 43.274851200002857 ], [ -79.778715776633064, 43.274987300021934 ], [ -79.778824776676359, 43.275087600034617 ], [ -79.778933176721026, 43.275205800050458 ], [ -79.77902967676188, 43.275323900066901 ], [ -79.779137276809394, 43.275478100089188 ], [ -79.779221676844926, 43.275578000102954 ], [ -79.779305676881776, 43.275696000119922 ], [ -79.779377076914713, 43.275813800137456 ], [ -79.779496976966996, 43.275977300160868 ], [ -79.779629477022411, 43.276131900182037 ], [ -79.779749477074702, 43.276295200205368 ], [ -79.779870277123294, 43.276413300220653 ], [ -79.779965977166256, 43.276558600241913 ], [ -79.780013377189974, 43.276658000257321 ], [ -79.780097377226127, 43.276767000272706 ], [ -79.780206577267904, 43.276849100282142 ], [ -79.780291277301899, 43.276931300292773 ], [ -79.780351477327301, 43.277003700302799 ], [ -79.780398777350953, 43.277103500318262 ], [ -79.780422577361662, 43.277139700323573 ], [ -79.780421677366093, 43.277193700333136 ], [ -79.780456977384361, 43.277275200345947 ], [ -79.780479877399529, 43.277365500360808 ], [ -79.780515677415593, 43.277419900368805 ], [ -79.78057627743955, 43.27747440037566 ], [ -79.780625077456648, 43.277493100376695 ], [ -79.780673877475309, 43.277529700380896 ], [ -79.780734377499243, 43.277584200387707 ], [ -79.780781677522157, 43.277674800401556 ], [ -79.780829577545205, 43.277765400415383 ], [ -79.780889077571956, 43.277855900428641 ], [ -79.780949077598123, 43.277937600440282 ], [ -79.780997277618141, 43.277992200447741 ], [ -79.781070277644488, 43.27802900045085 ], [ -79.781143177673172, 43.278092800458765 ], [ -79.78120367769715, 43.2781475004656 ], [ -79.781263577724047, 43.278238300478876 ], [ -79.781299077741551, 43.278310500489987 ], [ -79.781346777763829, 43.278392200502246 ], [ -79.781381777782784, 43.278482700516619 ], [ -79.781429377806546, 43.278582100532027 ], [ -79.781476777828658, 43.278663600544263 ], [ -79.781536977854088, 43.2787363005543 ], [ -79.781584677875571, 43.278809000564983 ], [ -79.781645677898837, 43.278854500570205 ], [ -79.781742677936009, 43.278927700578649 ], [ -79.781827477969202, 43.279000400587528 ], [ -79.781887377995332, 43.279082300599299 ], [ -79.781923078012184, 43.279145700608836 ], [ -79.781970878034429, 43.279227100621014 ], [ -79.782030178063479, 43.279344900639103 ], [ -79.782101878096512, 43.279462800656596 ], [ -79.782210178141128, 43.279581100672495 ], [ -79.782282078173409, 43.279689700688415 ], [ -79.782353578207122, 43.279816600707555 ], [ -79.782437178245459, 43.279952600727718 ], [ -79.782533478285501, 43.280061800742565 ], [ -79.782617378322428, 43.280179700759547 ], [ -79.782676578351399, 43.280297200777589 ], [ -79.782736178379793, 43.280405900794037 ], [ -79.782796578404515, 43.280469700802541 ], [ -79.782844878423006, 43.28050620080672 ], [ -79.782893078443792, 43.280569600815703 ], [ -79.782965578473139, 43.280642700825268 ], [ -79.783025678499328, 43.280724200836929 ], [ -79.783168878564453, 43.280950900870359 ], [ -79.783265078605297, 43.281069000886788 ], [ -79.783336578638981, 43.281195700905904 ], [ -79.783444578685916, 43.28134110092661 ], [ -79.783539878730323, 43.281504100951011 ], [ -79.783635778773331, 43.281649100972203 ], [ -79.783792278839584, 43.281840000998713 ], [ -79.7839127788897, 43.281976201017187 ], [ -79.784045178945917, 43.282139701040002 ], [ -79.784152778993459, 43.28229400106229 ], [ -79.784260679041097, 43.282448201084556 ], [ -79.784344979076565, 43.282548201098351 ], [ -79.784440179121731, 43.282720401124401 ], [ -79.784536179163268, 43.282847301142397 ], [ -79.784657079211883, 43.282965601157706 ], [ -79.784752679255632, 43.28311980118054 ], [ -79.784836079294706, 43.2832648012023 ], [ -79.784919379333772, 43.283409701224073 ], [ -79.784990679368235, 43.283545601244832 ], [ -79.785085979412671, 43.283708801269249 ], [ -79.785205979464905, 43.283871801292513 ], [ -79.785338979518201, 43.28399940130894 ], [ -79.785459879567654, 43.284126901325862 ], [ -79.785483579578312, 43.284163201331211 ], [ -79.785652379648454, 43.284354001357102 ], [ -79.785688579663898, 43.28439930136345 ], [ -79.785736279685395, 43.284472101374099 ], [ -79.785771579704445, 43.284562401388449 ], [ -79.785806679724203, 43.284661601404345 ], [ -79.785840379748308, 43.284815201429986 ], [ -79.785936479790635, 43.284951301449546 ], [ -79.785996279817482, 43.28504200146282 ], [ -79.786080779851432, 43.285123901473376 ], [ -79.786177479890796, 43.285224201486663 ], [ -79.786249979920157, 43.285296801496152 ], [ -79.786346379960989, 43.285414901512517 ], [ -79.786393279985347, 43.285523501529575 ], [ -79.786440180011226, 43.28565000154974 ], [ -79.786487980032717, 43.28572260156038 ], [ -79.786560680062138, 43.285795401569871 ], [ -79.786644780097504, 43.285895301583658 ], [ -79.786752680145142, 43.286049601605953 ], [ -79.786848080189642, 43.28621280163037 ], [ -79.786942880236253, 43.286402701659576 ], [ -79.787014580270025, 43.286529601678694 ], [ -79.787085280305817, 43.286683201702608 ], [ -79.787156880338827, 43.286801201720145 ], [ -79.787216480366425, 43.286901101735047 ], [ -79.787288880396517, 43.286982701746119 ], [ -79.787360980427295, 43.287073501758833 ], [ -79.787432980458831, 43.287173401773181 ], [ -79.787492580486415, 43.28727310178801 ], [ -79.787564780517243, 43.287363801800673 ], [ -79.787660880558789, 43.287490901818735 ], [ -79.78773288058953, 43.287581701831414 ], [ -79.787792080619369, 43.287708501851135 ], [ -79.787851580646873, 43.28780810186597 ], [ -79.787923080680599, 43.287935001885103 ], [ -79.78800758071533, 43.288025901897235 ], [ -79.788079480747626, 43.288134701913165 ], [ -79.78815088078052, 43.288252601930715 ], [ -79.788174680792807, 43.288306801939164 ], [ -79.788283080838269, 43.288434101956675 ], [ -79.788331380857542, 43.288479501962435 ], [ -79.788402980890552, 43.288597501979964 ], [ -79.788408180893512, 43.288612201982353 ], [ -79.788438080910339, 43.288696901995934 ], [ -79.788534780949732, 43.288796802009131 ], [ -79.788619080984347, 43.288887702021249 ], [ -79.788678381013469, 43.289005602039381 ], [ -79.788725381038603, 43.289122902057947 ], [ -79.788761081056251, 43.289195502069141 ], [ -79.788808481079158, 43.289286002082953 ], [ -79.788843781098251, 43.289376302097288 ], [ -79.788927981133639, 43.28947650211105 ], [ -79.789000081165213, 43.289576302125411 ], [ -79.789047381188894, 43.289675702140741 ], [ -79.789131281225778, 43.289793702157759 ], [ -79.789215681260458, 43.289884702169921 ], [ -79.789324081306745, 43.290020902188971 ], [ -79.78940708134644, 43.290174902212357 ], [ -79.789466081377014, 43.290310502233581 ], [ -79.789561481421501, 43.290473502258017 ], [ -79.78964468146134, 43.290627702281412 ], [ -79.789740281505004, 43.2907816023042 ], [ -79.789836081548046, 43.290926802325444 ], [ -79.789919681586454, 43.291062802345607 ], [ -79.78999108161932, 43.291180402363047 ], [ -79.790050681648523, 43.291298102381127 ], [ -79.790146381689937, 43.291425202399154 ], [ -79.79022958173131, 43.29159710242569 ], [ -79.790324981775044, 43.291751302448525 ], [ -79.790433381820478, 43.291878502465991 ], [ -79.790528981864256, 43.292032702488818 ], [ -79.79056288188832, 43.292186002514406 ], [ -79.790597981908178, 43.292285502530333 ], [ -79.790632981927899, 43.292384802546252 ], [ -79.790693081954061, 43.292466602557958 ], [ -79.790752581982431, 43.292575202574383 ], [ -79.790824382013909, 43.292675102588717 ], [ -79.790908682050187, 43.292784102604081 ], [ -79.79095638207238, 43.292865502616287 ], [ -79.791015082104423, 43.293019302640779 ], [ -79.791098282143452, 43.293164302662532 ], [ -79.79115858216889, 43.293237002672562 ], [ -79.791217582198641, 43.293363402692179 ], [ -79.7912885822346, 43.29351740271612 ], [ -79.791334882262674, 43.293671102741165 ], [ -79.791394282291009, 43.293779902757663 ], [ -79.791477982328601, 43.293906602776183 ], [ -79.79156218236561, 43.29402470279318 ], [ -79.791646182401678, 43.294133502808478 ], [ -79.791717682435447, 43.294260202827559 ], [ -79.791752382456679, 43.294377802846768 ], [ -79.791811082487129, 43.294513502868028 ], [ -79.7918711825141, 43.29460420288126 ], [ -79.791930882540939, 43.294695002894542 ], [ -79.792015382578811, 43.294821702913055 ], [ -79.79209888261795, 43.294966802934816 ], [ -79.792170482650903, 43.295084702952373 ], [ -79.792229482681449, 43.295220202973596 ], [ -79.79231288271977, 43.295356202993759 ], [ -79.792385182751389, 43.295456003008034 ], [ -79.792469982789527, 43.295584703026861 ], [ -79.79247488279168, 43.295591903027869 ], [ -79.792478582793379, 43.295597603028753 ], [ -79.792492782799783, 43.29561930303192 ], [ -79.792588782842074, 43.295755203051471 ], [ -79.792672582878907, 43.295873303068454 ], [ -79.792731982908009, 43.295990803086511 ], [ -79.792815482947148, 43.296135803108257 ], [ -79.792887182979413, 43.296244603124187 ], [ -79.793019883034972, 43.296399203145349 ], [ -79.793115983075694, 43.296517303161764 ], [ -79.79320008311268, 43.29663510317868 ], [ -79.793271983144166, 43.296735003193035 ], [ -79.793404083201906, 43.296916503218959 ], [ -79.793463283230977, 43.297034303237055 ], [ -79.793523183257875, 43.2971249032503 ], [ -79.793606883295496, 43.297251903268844 ], [ -79.793691683329499, 43.297333903279416 ], [ -79.793776283364281, 43.297424603291518 ], [ -79.793848083396554, 43.297533503307427 ], [ -79.793919383430236, 43.297660403326546 ], [ -79.793967783453468, 43.29775110334036 ], [ -79.794064283492759, 43.297851003353507 ], [ -79.794136983522208, 43.297923803362998 ], [ -79.794184083546625, 43.298032303380012 ], [ -79.794157683546075, 43.298122103397127 ], [ -79.794144283547283, 43.298184903408881 ], [ -79.794142883553178, 43.298257203421741 ], [ -79.794166083566026, 43.298320303431794 ], [ -79.794189883577545, 43.298365503438667 ], [ -79.794225383595077, 43.298438003449824 ], [ -79.794248683608785, 43.298510203461547 ], [ -79.794284383625651, 43.298573603471091 ], [ -79.794320483641073, 43.298619203477493 ], [ -79.794331483649998, 43.298682103488098 ], [ -79.794342383658986, 43.298745303498762 ], [ -79.79435368366812, 43.29880850350942 ], [ -79.794353383669588, 43.298826503512643 ], [ -79.794354583670454, 43.298832203513548 ], [ -79.794364583677876, 43.298880703521661 ], [ -79.794363783680751, 43.298916703528093 ], [ -79.794251583650578, 43.298978403544218 ], [ -79.794237983652508, 43.299050403557587 ], [ -79.794163283631931, 43.299085603567292 ], [ -79.794088483611276, 43.299120903576998 ], [ -79.793989083584378, 43.299173803590996 ], [ -79.793851983547057, 43.29924450360987 ], [ -79.793782083527972, 43.299279503619353 ], [ -79.793677483499408, 43.299332703633588 ], [ -79.79345338343758, 43.29943830366274 ], [ -79.793329283402841, 43.299491103677823 ], [ -79.793142183352742, 43.299597103705317 ], [ -79.792993083310861, 43.299658703723132 ], [ -79.792843683269638, 43.299729203742551 ], [ -79.792669083222705, 43.299826303767851 ], [ -79.792482483171966, 43.299923103793674 ], [ -79.792270583114089, 43.300029303822306 ], [ -79.79208348306085, 43.300099103843372 ], [ -79.791957383027324, 43.300173703862455 ], [ -79.791858783001146, 43.300232003877319 ], [ -79.791659782946525, 43.300328803903696 ], [ -79.79144838288795, 43.300425703930685 ], [ -79.791223882827538, 43.300549403963032 ], [ -79.791049582779934, 43.300637703986737 ], [ -79.790713582687204, 43.300796004030353 ], [ -79.790601082658497, 43.30087600404979 ], [ -79.790476282625121, 43.300946704068075 ], [ -79.790440082610445, 43.300910204063278 ], [ -79.790428082605885, 43.300901204062271 ], [ -79.790340282583429, 43.300963304077328 ], [ -79.790290082572199, 43.301016704089122 ], [ -79.790289982572958, 43.301025804090742 ], [ -79.790313682583601, 43.301062004096046 ], [ -79.790386582612314, 43.301125804103961 ], [ -79.790422982626254, 43.30115310410708 ], [ -79.790484982643619, 43.301126904099526 ], [ -79.79056018266202, 43.301064704085036 ], [ -79.790684582697651, 43.301020904071528 ], [ -79.790784282724644, 43.300967804057507 ], [ -79.790908282760128, 43.300924104043951 ], [ -79.791120082817272, 43.300809404013812 ], [ -79.79126948285851, 43.300739003994437 ], [ -79.791431482902198, 43.300650503971255 ], [ -79.791631082955462, 43.300535903941672 ], [ -79.791805583002329, 43.300438503916297 ], [ -79.79205468307056, 43.300315103882888 ], [ -79.7921969831105, 43.300255703865737 ], [ -79.792328883147533, 43.300200903849934 ], [ -79.792540383206131, 43.300104203823018 ], [ -79.792789583273631, 43.299971603787924 ], [ -79.792914083307721, 43.299909903771216 ], [ -79.793300283412421, 43.299706903717336 ], [ -79.793536583478982, 43.299610403689286 ], [ -79.793935183586868, 43.299398303633218 ], [ -79.794196383658971, 43.299275303599281 ], [ -79.794470383734293, 43.299142903563116 ], [ -79.794669083790396, 43.299063903539924 ], [ -79.794842983840184, 43.299002703521019 ], [ -79.794968383870639, 43.298895903496238 ], [ -79.79512988391258, 43.29878980346998 ], [ -79.795291583957749, 43.298719303449992 ], [ -79.795316983963431, 43.298692503444066 ], [ -79.795341883969812, 43.298674803439773 ], [ -79.795391583984014, 43.298657303434361 ], [ -79.795478684007847, 43.298613403422564 ], [ -79.795578284035557, 43.298569203410061 ], [ -79.795876684117857, 43.298428303371288 ], [ -79.796026484157636, 43.298339503348593 ], [ -79.79618858420136, 43.298251403325494 ], [ -79.796300184233715, 43.2982170033142 ], [ -79.796461784278819, 43.298146403294176 ], [ -79.796562284302098, 43.298048303272139 ], [ -79.796661884329851, 43.29800440325976 ], [ -79.796823784373473, 43.297915903236564 ], [ -79.796873784387031, 43.297889603229585 ], [ -79.796935984404442, 43.297863203222001 ], [ -79.797010784425098, 43.297828003212288 ], [ -79.797134884459823, 43.297775203197169 ], [ -79.797259684493255, 43.297704203178817 ], [ -79.797433784540758, 43.297616303155181 ], [ -79.797595584585167, 43.297537103133614 ], [ -79.797769784633473, 43.297457703111469 ], [ -79.797968984688964, 43.297369903086647 ], [ -79.798155384740397, 43.297281703062367 ], [ -79.798342384790402, 43.297175603034923 ], [ -79.798566684852332, 43.297069903005777 ], [ -79.798715984893533, 43.296999702986412 ], [ -79.798803784914369, 43.296919302968107 ], [ -79.798841784921763, 43.296865702956865 ], [ -79.798841984920585, 43.296851702954342 ], [ -79.798842384918771, 43.296829702950454 ], [ -79.798793984900271, 43.296793102946239 ], [ -79.798732484879906, 43.296783502947427 ], [ -79.798633184851482, 43.296818502958253 ], [ -79.79854608482691, 43.296853802968513 ], [ -79.798446484799925, 43.296906502982445 ], [ -79.798322384764418, 43.296950302995988 ], [ -79.79817288472313, 43.297020803015414 ], [ -79.798010684680207, 43.29711800304019 ], [ -79.797811484625527, 43.297215103066641 ], [ -79.797674684588287, 43.297285603085463 ], [ -79.797599584569141, 43.297339003098415 ], [ -79.797513884539512, 43.297311003097406 ], [ -79.797465284520896, 43.297274403093212 ], [ -79.79738028448763, 43.297201503084302 ], [ -79.797246584437275, 43.297110203074382 ], [ -79.797100484382881, 43.297018403064932 ], [ -79.796991184341096, 43.296936403055511 ], [ -79.796869684294592, 43.296845303045025 ], [ -79.796797384264508, 43.296763203033883 ], [ -79.796725284232991, 43.296663503019637 ], [ -79.796663684212547, 43.296653503020721 ], [ -79.796613584200543, 43.296698203030928 ], [ -79.79651538416779, 43.296679303032185 ], [ -79.79646698414922, 43.296642503027947 ], [ -79.79639458411917, 43.29656080301686 ], [ -79.796346984096161, 43.296470303003048 ], [ -79.796263484057803, 43.296334302982885 ], [ -79.796193184018151, 43.296135502950975 ], [ -79.79613468398702, 43.295990802928145 ], [ -79.796026183940711, 43.295854502909073 ], [ -79.795942783901623, 43.295709602887307 ], [ -79.795903183882416, 43.295633702875712 ], [ -79.795900183880988, 43.295628202874902 ], [ -79.795896183879094, 43.295620802873771 ], [ -79.795871583867182, 43.295573802866599 ], [ -79.795751583814877, 43.29541040284326 ], [ -79.795643483768004, 43.295265602822703 ], [ -79.795536083717337, 43.29507520279401 ], [ -79.795441083671335, 43.294893802766381 ], [ -79.795357883631539, 43.294740002743012 ], [ -79.795275183589567, 43.294559002714834 ], [ -79.795154983537188, 43.294395602691523 ], [ -79.795071983496641, 43.294232702666598 ], [ -79.794989383454691, 43.294052002638487 ], [ -79.794880783409155, 43.293924502620982 ], [ -79.794784683368391, 43.293806502604582 ], [ -79.794725483338553, 43.293679802584926 ], [ -79.794629783295576, 43.293534802563691 ], [ -79.794558183261799, 43.293407902544587 ], [ -79.79453438325109, 43.293371602539288 ], [ -79.794498683234224, 43.293308302529717 ], [ -79.794402483192655, 43.293181102511753 ], [ -79.794343483162081, 43.293045302490462 ], [ -79.794395183168348, 43.292928902467445 ], [ -79.794459083178452, 43.292812602443881 ], [ -79.79453608318957, 43.292660402413389 ], [ -79.794613483199257, 43.292490002379637 ], [ -79.79462898318927, 43.292319102348678 ], [ -79.794670383183572, 43.292103402308584 ], [ -79.794685783175126, 43.291950502280834 ], [ -79.79467698315662, 43.291770202249324 ], [ -79.79465618313273, 43.29157210221527 ], [ -79.794634783111803, 43.291409802187545 ], [ -79.794564283073669, 43.291228902158856 ], [ -79.794494083034806, 43.29103890212847 ], [ -79.794424182995328, 43.290840102096602 ], [ -79.794341282953269, 43.290659202068426 ], [ -79.794332082949168, 43.290645902066508 ], [ -79.794221482900255, 43.290486702043466 ], [ -79.794101782846468, 43.290305502016992 ], [ -79.793981482794862, 43.290151101995292 ], [ -79.793898482755097, 43.289997101971885 ], [ -79.793802182715055, 43.289888201957126 ], [ -79.793705482674156, 43.289770201940748 ], [ -79.793693882668109, 43.289743001936451 ], [ -79.793658782649018, 43.289652401922105 ], [ -79.793623382629917, 43.289561901907753 ], [ -79.793575782607761, 43.289480601895526 ], [ -79.793528582583292, 43.289371901878503 ], [ -79.793480482563311, 43.289317401871124 ], [ -79.793408282532482, 43.289226701858446 ], [ -79.79333638250101, 43.289126801844105 ], [ -79.793228082454775, 43.288990701825043 ], [ -79.793119882408575, 43.288854301805976 ], [ -79.793035582372369, 43.288745401790592 ], [ -79.792964282337934, 43.288609501769876 ], [ -79.792868182297155, 43.288491601753471 ], [ -79.792759682251656, 43.288364301736024 ], [ -79.792663282210782, 43.288246201719616 ], [ -79.792591482178508, 43.288137301703706 ], [ -79.79248378213012, 43.287974101679794 ], [ -79.792399882093235, 43.287856101662854 ], [ -79.792304382049565, 43.287702201640066 ], [ -79.792208982005874, 43.287548401617279 ], [ -79.7921122819657, 43.287439001602422 ], [ -79.792003881920195, 43.287311901584999 ], [ -79.791932081888788, 43.287212101570653 ], [ -79.791848081851839, 43.287094001553712 ], [ -79.79177558182252, 43.287021201544206 ], [ -79.791739781805603, 43.286957801534598 ], [ -79.79166948176757, 43.286777001505918 ], [ -79.791597981733844, 43.286650101486742 ], [ -79.791525981703103, 43.286559301474071 ], [ -79.791454181670062, 43.286441401456543 ], [ -79.791394081644668, 43.286368701446492 ], [ -79.791309581609156, 43.28626890143272 ], [ -79.791237581578457, 43.286178301420073 ], [ -79.79119008155547, 43.286087501406207 ], [ -79.791155181534961, 43.285979201388649 ], [ -79.791071481497369, 43.285852301370092 ], [ -79.790975381455809, 43.285725201352086 ], [ -79.790878881415694, 43.285615901337216 ], [ -79.790794681379509, 43.285507101321926 ], [ -79.790723081346528, 43.285389301304406 ], [ -79.790651481313532, 43.285271401286863 ], [ -79.79059188128673, 43.285180701273596 ], [ -79.790532581257651, 43.285063101255524 ], [ -79.790460381226083, 43.284963301241241 ], [ -79.790425381206276, 43.284863701225255 ], [ -79.79043918120442, 43.28479180121186 ], [ -79.790464381210057, 43.284765201205985 ], [ -79.790575881243171, 43.284739401196212 ], [ -79.790674681273003, 43.284722401188645 ], [ -79.790811081313279, 43.28468780117619 ], [ -79.790922481346328, 43.284662001166446 ], [ -79.791021781375534, 43.284636001157168 ], [ -79.791096381395349, 43.284591801145901 ], [ -79.791269981445822, 43.284539601128614 ], [ -79.791405881488274, 43.284532101120931 ], [ -79.791517181520547, 43.284497101109594 ], [ -79.791654181558599, 43.284435601092298 ], [ -79.791802781602712, 43.284401201079312 ], [ -79.791951481645285, 43.284348701063109 ], [ -79.792087981685555, 43.284314101050654 ], [ -79.792236681728923, 43.284270601036049 ], [ -79.792372781769799, 43.284245101025185 ], [ -79.792534781814254, 43.284165801003589 ], [ -79.792683781856155, 43.28410430098581 ], [ -79.792820181895621, 43.284060600971685 ], [ -79.793006281949275, 43.283999700952251 ], [ -79.793216582012263, 43.283956800934895 ], [ -79.793377482061047, 43.283931600922962 ], [ -79.793574982121484, 43.283906500909325 ], [ -79.79371148216174, 43.283871800896819 ], [ -79.7938473822026, 43.283846500886014 ], [ -79.793983682242811, 43.283811900873545 ], [ -79.794095482275225, 43.28377700086218 ], [ -79.794133082283238, 43.283732400852564 ], [ -79.79410978227034, 43.283669200842461 ], [ -79.794062382247418, 43.283578500828582 ], [ -79.794014782224423, 43.283488000814778 ], [ -79.793954282199749, 43.283424400806361 ], [ -79.79393108218683, 43.283361100796242 ], [ -79.793896282165562, 43.283243600777062 ], [ -79.7938616821436, 43.283117200756308 ], [ -79.793814982118533, 43.282999500737681 ], [ -79.793743382085566, 43.282881900720191 ], [ -79.793695982061834, 43.28278220070473 ], [ -79.793661582039121, 43.282646900682387 ], [ -79.793626782018649, 43.282538400664848 ], [ -79.793543581978852, 43.282384500641442 ], [ -79.793472981941463, 43.282212600614315 ], [ -79.793402381904144, 43.282040700587181 ], [ -79.793318381868033, 43.281932100571886 ], [ -79.793259081838912, 43.281814200553754 ], [ -79.793246881834307, 43.28180510055271 ], [ -79.793225581812578, 43.281633700523386 ], [ -79.793166881781346, 43.281489000500528 ], [ -79.793120281754753, 43.281353500478737 ], [ -79.793061081724971, 43.281226800459059 ], [ -79.792989381691939, 43.281109000441553 ], [ -79.792930381662245, 43.280982400421905 ], [ -79.792858981628513, 43.280855400402736 ], [ -79.792824381606536, 43.280729000381974 ], [ -79.792802081589997, 43.280620600363839 ], [ -79.792779481573433, 43.280512400345749 ], [ -79.792756481559081, 43.28043130033241 ], [ -79.792684381528289, 43.280340400319716 ], [ -79.792623981503596, 43.280276700311262 ], [ -79.792552181470555, 43.280158900293742 ], [ -79.792480481438304, 43.280050100277805 ], [ -79.792384781395356, 43.279905000256591 ], [ -79.792275881351301, 43.279795700242339 ], [ -79.792166781308737, 43.27970460023127 ], [ -79.792058781261844, 43.279559400210594 ], [ -79.791986281232525, 43.279486600201068 ], [ -79.791903281192759, 43.279332600177668 ], [ -79.791818881156516, 43.279223600162354 ], [ -79.791722381117225, 43.27912360014912 ], [ -79.791650381086484, 43.279032800136385 ], [ -79.79156598105024, 43.27892370012102 ], [ -79.791481681015568, 43.278832900108867 ], [ -79.791360580967648, 43.278723600095134 ], [ -79.791263480929715, 43.278641600085187 ], [ -79.791179580893612, 43.278532400069771 ], [ -79.791095480857493, 43.278423700054446 ], [ -79.791023880824497, 43.278305800036883 ], [ -79.790927480784418, 43.278196700022079 ], [ -79.79086768075679, 43.278097000007207 ], [ -79.790759080712036, 43.277978799991352 ], [ -79.790662580672716, 43.277878699978068 ], [ -79.790565380634789, 43.277796699968135 ], [ -79.790481180599372, 43.277696599954332 ], [ -79.790409480567135, 43.277587899938432 ], [ -79.790337280536335, 43.27749699992566 ], [ -79.790312780527785, 43.277487899925184 ], [ -79.790156780460137, 43.277279099895509 ], [ -79.790084480430082, 43.277197299884399 ], [ -79.789999480397555, 43.277133399877052 ], [ -79.789927380365995, 43.277033599862705 ], [ -79.789855480334523, 43.276933699848421 ], [ -79.789746780290542, 43.276824599834143 ], [ -79.789613980235757, 43.276679099814586 ], [ -79.789456980171693, 43.276515299792905 ], [ -79.789312080113845, 43.276378599775406 ], [ -79.789179680057657, 43.276215299752671 ], [ -79.789059380005284, 43.276051899729381 ], [ -79.788964179961653, 43.275897899706536 ], [ -79.788855879915488, 43.27576169968745 ], [ -79.788747379870756, 43.275643299671565 ], [ -79.78862677982066, 43.275507099653062 ], [ -79.788481279763374, 43.275379499637218 ], [ -79.788325179696514, 43.27517959960911 ], [ -79.78820387964933, 43.275079399596997 ], [ -79.788072179590202, 43.274879799567806 ], [ -79.787975779550891, 43.274779699554585 ], [ -79.787867379505442, 43.274652499537105 ], [ -79.787782979469981, 43.274552499523352 ], [ -79.787698879433805, 43.274443599507961 ], [ -79.787627379400874, 43.274325699490433 ], [ -79.787543879361777, 43.274180899468647 ], [ -79.787472779328226, 43.27405409944955 ], [ -79.7874122793027, 43.273981499439508 ], [ -79.787315779263395, 43.273881199426235 ], [ -79.787243479233354, 43.273799499415134 ], [ -79.787171379201794, 43.273699699400829 ], [ -79.787111379175627, 43.273617899389116 ], [ -79.787038979146388, 43.273545299379663 ], [ -79.786954579111622, 43.27345409936742 ], [ -79.786870479075532, 43.273345399352088 ], [ -79.786810379049356, 43.273263599340424 ], [ -79.786738479017856, 43.2731638993261 ], [ -79.786629378975348, 43.273072599315014 ], [ -79.786532278938182, 43.272999499306621 ], [ -79.786422978896354, 43.272917399297121 ], [ -79.786301778849207, 43.272816899284997 ], [ -79.786192678806657, 43.272725799273942 ], [ -79.786071078760926, 43.272643399265014 ], [ -79.785962078717645, 43.272543399252406 ], [ -79.785853078675188, 43.272452099241299 ], [ -79.785707078620106, 43.272351499230282 ], [ -79.78557427856687, 43.272223899213884 ], [ -79.78545307851897, 43.272114699200138 ], [ -79.785282478456097, 43.272013699190225 ], [ -79.785136978400402, 43.271904099177618 ], [ -79.785076678375773, 43.271840499169123 ], [ -79.784931278317757, 43.271703899151689 ], [ -79.784785778261266, 43.271585399137493 ], [ -79.784640278204833, 43.271466599123222 ], [ -79.784519278158484, 43.271375299112677 ], [ -79.784385378107302, 43.271274799101143 ], [ -79.784239478052285, 43.271174199090126 ], [ -79.784093377997976, 43.271082599080685 ], [ -79.783947877942339, 43.270973099068051 ], [ -79.78381417789042, 43.270863499054897 ], [ -79.783668377836179, 43.270771899045442 ], [ -79.783559577793, 43.270671699032761 ], [ -79.783498977768204, 43.270608099024329 ], [ -79.783304277696089, 43.270488799012277 ], [ -79.783231377669026, 43.270443099007579 ], [ -79.783158777640452, 43.270379398999673 ], [ -79.783122577625008, 43.270333898993314 ], [ -79.783086677608893, 43.270279598985312 ], [ -79.783050877592032, 43.270216098975794 ], [ -79.782978477562736, 43.270143398966248 ], [ -79.782918077538028, 43.270079598957757 ], [ -79.782833177505552, 43.270015698950409 ], [ -79.782736377466918, 43.269924498938757 ], [ -79.782675677443706, 43.269878998933535 ], [ -79.782541477395569, 43.26981459892837 ], [ -79.782419677350561, 43.269740998921016 ], [ -79.78233477731726, 43.269668198912072 ], [ -79.782262777286547, 43.269577498899373 ], [ -79.782166577245761, 43.269459198882913 ], [ -79.782044977199277, 43.269367798872345 ], [ -79.781935677158231, 43.269294698864485 ], [ -79.78182597711708, 43.269221498856645 ], [ -79.781717277074677, 43.269130398845569 ], [ -79.7816325770399, 43.269039398833399 ], [ -79.781535577002813, 43.268966198824963 ], [ -79.781413776957834, 43.268892998817641 ], [ -79.781329176923819, 43.268810898807033 ], [ -79.781219976882056, 43.268728898797583 ], [ -79.781195176874149, 43.268728498798694 ], [ -79.781025376808429, 43.268591698782359 ], [ -79.78094087677448, 43.268509598771765 ], [ -79.780831376733389, 43.268436398763868 ], [ -79.780722376690889, 43.268345398752828 ], [ -79.780612876649869, 43.268272198744981 ], [ -79.780503276610261, 43.268216898740292 ], [ -79.780450376592071, 43.268200698739896 ], [ -79.780380676568157, 43.268179698739409 ], [ -79.780245276523573, 43.268160198742237 ], [ -79.780122376483675, 43.268149798746116 ], [ -79.780024576450245, 43.268121798745703 ], [ -79.779901976407331, 43.268075298743192 ], [ -79.779780076364645, 43.26802899874064 ], [ -79.779669576327137, 43.268000798740765 ], [ -79.779571476293597, 43.267972798740367 ], [ -79.779461376255426, 43.267935598738894 ], [ -79.779178476163906, 43.26791459874832 ], [ -79.77906807612726, 43.2678954987501 ], [ -79.778969676094363, 43.267876198751239 ], [ -79.778847176052324, 43.267838898750355 ], [ -79.778712376006325, 43.267801698750034 ], [ -79.778577375961021, 43.267772998751184 ], [ -79.778393675897945, 43.267717198749871 ], [ -79.778258875851904, 43.267679498749438 ], [ -79.778123875807438, 43.26766029875234 ], [ -79.778001275766101, 43.267631998753018 ], [ -79.777878675723201, 43.267585398750441 ], [ -79.77776827568654, 43.267566298752207 ], [ -79.777620975638101, 43.267546698755623 ], [ -79.777498875593807, 43.267482498749942 ], [ -79.777327275534532, 43.267426498747966 ], [ -79.77707077544359, 43.267315798740299 ], [ -79.77694867540086, 43.267269498737768 ], [ -79.776874675377272, 43.267268498741032 ], [ -79.776764575339143, 43.26723129873956 ], [ -79.776691675312037, 43.267185598734855 ], [ -79.776667875299751, 43.267131298726376 ], [ -79.776644475287654, 43.267077098717841 ], [ -79.776621075274704, 43.267013898707738 ], [ -79.776572875254672, 43.266959198700285 ], [ -79.776499875227557, 43.2669133986956 ], [ -79.776438475207257, 43.26690369869673 ], [ -79.776375975190518, 43.266939198705934 ], [ -79.776302475166375, 43.266929398707582 ], [ -79.776278075157009, 43.266910998705455 ], [ -79.776229675137728, 43.266865498699666 ], [ -79.776156975109885, 43.266810798693328 ], [ -79.776095975088154, 43.26678289869124 ], [ -79.776046875071756, 43.266773498691869 ], [ -79.775972875047401, 43.266763598693544 ], [ -79.775874875013912, 43.266735598693174 ], [ -79.775765174974325, 43.266680298688478 ], [ -79.775704274951835, 43.266643698684796 ], [ -79.775656674929635, 43.266562198672602 ], [ -79.775596474904219, 43.266489498662473 ], [ -79.775536374878826, 43.266416698652414 ], [ -79.775488574857377, 43.26634429864184 ], [ -79.775440774835104, 43.266262698629639 ], [ -79.775380374811206, 43.26620799862274 ], [ -79.775260374758972, 43.266044798599381 ], [ -79.775151674715019, 43.265935498585115 ], [ -79.775066874681741, 43.265862498576141 ], [ -79.774982274647812, 43.26578059856557 ], [ -79.774909374619909, 43.265725798559217 ], [ -79.774861674597688, 43.265644098546957 ], [ -79.774838874583395, 43.265562898533688 ], [ -79.774790774562589, 43.265499298524617 ], [ -79.774742474542549, 43.265444898517224 ], [ -79.77469457452186, 43.265381398508254 ], [ -79.774634974494305, 43.265281598493303 ], [ -79.774599374476665, 43.265209198482189 ], [ -79.774564174458462, 43.265127798469415 ], [ -79.774566274450464, 43.265028798451752 ], [ -79.774591974453983, 43.264974998441033 ], [ -79.774629574462793, 43.264939398433 ], [ -79.774692374477283, 43.264876998419027 ], [ -79.77470547447831, 43.26484109841207 ], [ -79.774644974454347, 43.264786498405229 ], [ -79.774584174431126, 43.264740798399977 ], [ -79.774523474408696, 43.264704198396267 ], [ -79.774462274387673, 43.264685598395829 ], [ -79.77438787436553, 43.264702498402279 ], [ -79.774302274336009, 43.26467479840138 ], [ -79.774216774304875, 43.264628798397212 ], [ -79.774168174286288, 43.264592298392976 ], [ -79.774108174260917, 43.264519598382925 ], [ -79.774072674243399, 43.264447198371734 ], [ -79.774012674218042, 43.264374498361597 ], [ -79.773939774190197, 43.264319698355322 ], [ -79.773867074160762, 43.264246898345803 ], [ -79.77386777415785, 43.264210898339421 ], [ -79.7738922741664, 43.264220098339869 ], [ -79.773929074179705, 43.264238498341427 ], [ -79.773978174196117, 43.264247998340856 ], [ -79.774026474214622, 43.264284698345122 ], [ -79.774063074228593, 43.264311998348248 ], [ -79.77409917424319, 43.264348398353036 ], [ -79.774135674257167, 43.264375698356154 ], [ -79.77414857425893, 43.264348998350798 ], [ -79.774136774252781, 43.264321798346543 ], [ -79.774124874246652, 43.26429469834229 ], [ -79.774113174240625, 43.26426759833803 ], [ -79.774076874226679, 43.264239998334872 ], [ -79.774015774204145, 43.26420349833122 ], [ -79.773979374191001, 43.264185098329669 ], [ -79.773931174171793, 43.264139598323851 ], [ -79.773907174160229, 43.264094198316897 ], [ -79.773895674153422, 43.264058098311054 ], [ -79.773859974135775, 43.26398559829989 ], [ -79.773799874110395, 43.263912898289774 ], [ -79.773752174088997, 43.263840498279208 ], [ -79.77371647407216, 43.263777098269657 ], [ -79.773680774055322, 43.263713698260034 ], [ -79.773619774032753, 43.263676998256365 ], [ -79.773558474012518, 43.263667298257531 ], [ -79.773522273998651, 43.263639998254384 ], [ -79.773461373975366, 43.263594198249088 ], [ -79.773388573947528, 43.263539498242764 ], [ -79.773303673915038, 43.2634753982354 ], [ -79.77321797388467, 43.263438498232837 ], [ -79.773144473859674, 43.263419598232915 ], [ -79.773095673842604, 43.26340119823189 ], [ -79.773035073818647, 43.263346498225047 ], [ -79.772950973782528, 43.263237598209692 ], [ -79.772866573747848, 43.263146598197494 ], [ -79.772782073713913, 43.263064698186874 ], [ -79.772721473689955, 43.263009798180008 ], [ -79.773070473782894, 43.262806698127811 ], [ -79.773107473794681, 43.262806998126152 ], [ -79.773181673817447, 43.262798698121252 ], [ -79.77325607383878, 43.262772498113115 ], [ -79.773293673847604, 43.262737098105084 ], [ -79.773332173853589, 43.262665498090662 ], [ -79.773345973851676, 43.262593498077237 ], [ -79.773371973853742, 43.262521798063361 ], [ -79.773373073849314, 43.262467498053695 ], [ -79.773411473855262, 43.262395898039216 ], [ -79.773449773862794, 43.262342598028013 ], [ -79.773512273877955, 43.262288998015613 ], [ -79.773587073897815, 43.262244898004312 ], [ -79.773599473901768, 43.262244998003766 ], [ -79.773661773917638, 43.26220079799306 ], [ -79.77376097394685, 43.262174797983846 ], [ -79.773822973965011, 43.262157397977838 ], [ -79.773909473990898, 43.262140297970809 ], [ -79.773995674018295, 43.262141097966961 ], [ -79.774094074050396, 43.262151297964223 ], [ -79.774179774079983, 43.262179197965139 ], [ -79.774277474114214, 43.262216197967163 ], [ -79.774350274142066, 43.262271097973503 ], [ -79.774423074169917, 43.262325897979814 ], [ -79.774508074201634, 43.262380697985549 ], [ -79.774593574232711, 43.262426797989782 ], [ -79.7746547742545, 43.262454197991751 ], [ -79.774728674278037, 43.26245519798848 ], [ -79.77480267430154, 43.262455897985213 ], [ -79.774888274331147, 43.262483897986179 ], [ -79.774961774356839, 43.26251149798766 ], [ -79.77504767438495, 43.262521797985478 ], [ -79.775145774417695, 43.26254069798425 ], [ -79.775244374448278, 43.262532697978266 ], [ -79.775330874475017, 43.262524697972864 ], [ -79.775417574501034, 43.262507797965782 ], [ -79.775491574523755, 43.262499497960896 ], [ -79.775565674546527, 43.262491197955981 ], [ -79.775614874562976, 43.262500697955353 ], [ -79.775651574574624, 43.26250139795382 ], [ -79.775676674581817, 43.262492397951014 ], [ -79.775701474588146, 43.262474697946729 ], [ -79.775726374595308, 43.262465797943996 ], [ -79.775775374612451, 43.262484497945074 ], [ -79.775824174629534, 43.262503097946073 ], [ -79.775909774659866, 43.262539897948592 ], [ -79.775995074691721, 43.262594897954394 ], [ -79.776117374733715, 43.262632197955284 ], [ -79.776264274783557, 43.262669797955169 ], [ -79.776399374829623, 43.262707197955514 ], [ -79.776522274869492, 43.262717597951578 ], [ -79.776645474908676, 43.262718897946094 ], [ -79.776780574953207, 43.262738197943278 ], [ -79.776903274994567, 43.262766797942632 ], [ -79.777013575032001, 43.262794997942464 ], [ -79.777124275067962, 43.262804997939128 ], [ -79.777223475100314, 43.262815097936304 ], [ -79.777247875108046, 43.262815397935221 ], [ -79.777396675152261, 43.262781097922193 ], [ -79.777458775169663, 43.26275479791466 ], [ -79.777545675194119, 43.262719597904429 ], [ -79.777607275210556, 43.262684197895304 ], [ -79.777681775231926, 43.262657897887195 ], [ -79.777805175269592, 43.262641097878436 ], [ -79.777941675309876, 43.262606697866005 ], [ -79.77801577533188, 43.262589597859552 ], [ -79.778115375359619, 43.262545497847093 ], [ -79.778202575381826, 43.262483197832033 ], [ -79.778277375401714, 43.262439297820755 ], [ -79.778340175416957, 43.262385897808414 ], [ -79.778415375435415, 43.262323697793903 ], [ -79.778540175467228, 43.262234997772339 ], [ -79.778628375487429, 43.262145697752473 ], [ -79.77869107550265, 43.26209239774014 ], [ -79.778766175521852, 43.262039297727249 ], [ -79.778803175532857, 43.262030697723993 ], [ -79.77883937554671, 43.262057997727148 ], [ -79.778888975561713, 43.262049497723304 ], [ -79.778938875575193, 43.262023097716337 ], [ -79.779026075599774, 43.261987997706022 ], [ -79.779100475619529, 43.261943697694768 ], [ -79.779175275639389, 43.261899497683487 ], [ -79.779274975666411, 43.261846597669454 ], [ -79.779361675692414, 43.261829497662362 ], [ -79.779447275721949, 43.261857497663399 ], [ -79.779521075746203, 43.261867297661681 ], [ -79.779595475767522, 43.261840997653565 ], [ -79.779633075776317, 43.261805297645473 ], [ -79.779695275792974, 43.261769997636364 ], [ -79.77973317580188, 43.261734297628259 ], [ -79.779757775809699, 43.261734497627153 ], [ -79.779781775820481, 43.261770897632488 ], [ -79.779793275827288, 43.261806997638317 ], [ -79.779804175836986, 43.261879297650616 ], [ -79.779802775842057, 43.261942297661854 ], [ -79.779801375848706, 43.26202349767631 ], [ -79.779787275852001, 43.262113197692841 ], [ -79.779810175866359, 43.26219449770619 ], [ -79.779858175887114, 43.262258097715197 ], [ -79.779905975908576, 43.262330597725807 ], [ -79.779953975929317, 43.262394097734827 ], [ -79.780014275953945, 43.262457797743302 ], [ -79.7800622759747, 43.262521497752353 ], [ -79.780098075991603, 43.26258489776189 ], [ -79.780108776002848, 43.262674997777381 ], [ -79.780094776004645, 43.262746897790791 ], [ -79.780106076013695, 43.262809897801361 ], [ -79.780117876018252, 43.26281879780241 ], [ -79.780166176038335, 43.262873697809894 ], [ -79.780190076049834, 43.262918997816811 ], [ -79.780250676072995, 43.262964497822054 ], [ -79.780336776101194, 43.262974497819791 ], [ -79.780423176127869, 43.262966497814396 ], [ -79.78049717615059, 43.262958097809445 ], [ -79.780596176180524, 43.262941197801851 ], [ -79.780658276197912, 43.262914897794317 ], [ -79.780744076227549, 43.26294279779529 ], [ -79.780805376247812, 43.262952497794117 ], [ -79.780904476276973, 43.262926597784954 ], [ -79.780965776297279, 43.262936197783802 ], [ -79.781039776320767, 43.262936797780448 ], [ -79.781089476334984, 43.262919497775094 ], [ -79.781126876344516, 43.262892797768608 ], [ -79.781189176361224, 43.262857497759462 ], [ -79.781251276378597, 43.262831097751942 ], [ -79.781350076409211, 43.262823097745915 ], [ -79.781461476442331, 43.262797397736186 ], [ -79.781511176456505, 43.262779597730699 ], [ -79.781524176457566, 43.26274399772381 ], [ -79.781524676455348, 43.262716797718987 ], [ -79.78155037645962, 43.262672397709892 ], [ -79.78160147646723, 43.26257389769011 ], [ -79.781664776480326, 43.262493397672898 ], [ -79.781752076502571, 43.262431297657855 ], [ -79.781876776536734, 43.262369597641133 ], [ -79.782013176575418, 43.262316897625432 ], [ -79.782137576609443, 43.262255297608753 ], [ -79.782224276635489, 43.262238097601688 ], [ -79.782236476640136, 43.262247497602786 ], [ -79.78223597664153, 43.262265497606023 ], [ -79.782235376644508, 43.262301397612404 ], [ -79.782222476642758, 43.262328297617707 ], [ -79.782160276626129, 43.262363697626888 ], [ -79.782048276594395, 43.262407097639809 ], [ -79.781923776561072, 43.262478097658153 ], [ -79.78186077654729, 43.26254939767373 ], [ -79.78185967655169, 43.262603497683351 ], [ -79.781883676561691, 43.262630897687032 ], [ -79.781895176569222, 43.262675897694486 ], [ -79.781881876568931, 43.26272069770306 ], [ -79.78185627656471, 43.262765697712211 ], [ -79.781817976558813, 43.262837097726646 ], [ -79.781779976552201, 43.262899797739529 ], [ -79.781728576544467, 43.262998297759324 ], [ -79.781690176538532, 43.263069897773796 ], [ -79.781713576551496, 43.263133197783944 ], [ -79.7817617765715, 43.263187697791331 ], [ -79.781822276595449, 43.263242497798203 ], [ -79.781957476643143, 43.2632979978018 ], [ -79.782067676680498, 43.263326097801638 ], [ -79.782166376711913, 43.263327197797203 ], [ -79.782264776743943, 43.263337097794398 ], [ -79.782326176763462, 43.26333779779165 ], [ -79.782375876778516, 43.263329397787842 ], [ -79.782437476797298, 43.263320997783538 ], [ -79.782474276809822, 43.263330497783485 ], [ -79.782510676824515, 43.263366797788265 ], [ -79.782583576852346, 43.263421597794569 ], [ -79.782668776882588, 43.263458697797155 ], [ -79.782779776917891, 43.263459797792216 ], [ -79.782866176944566, 43.263451797786736 ], [ -79.782953576966889, 43.263389397771626 ], [ -79.783004276977522, 43.263327197758258 ], [ -79.783042676984223, 43.263264397745388 ], [ -79.783092476996146, 43.263219997735177 ], [ -79.783129977005729, 43.263193297728726 ], [ -79.783142777008209, 43.263175397724972 ], [ -79.783143377006098, 43.263148697720176 ], [ -79.783119076995987, 43.263121197716472 ], [ -79.783107476989173, 43.263085097710615 ], [ -79.783120976988798, 43.263031197700442 ], [ -79.783158176999763, 43.263022297697134 ], [ -79.783219277020805, 43.263041097697624 ], [ -79.783255777034753, 43.263068697700824 ], [ -79.783316377058739, 43.263123297707665 ], [ -79.783388777088007, 43.263195997717155 ], [ -79.78339947709847, 43.263277297731086 ], [ -79.783373177097971, 43.263367197748209 ], [ -79.783310977080518, 43.263393397755728 ], [ -79.783273277071658, 43.263428997763768 ], [ -79.783221777064725, 43.26353659778524 ], [ -79.783195877062724, 43.263608197799137 ], [ -79.783205477076734, 43.263734297821017 ], [ -79.783241377093645, 43.263797797830613 ], [ -79.783301677118359, 43.263861797839134 ], [ -79.783399577151826, 43.263889597839501 ], [ -79.783571677208087, 43.263909297834978 ], [ -79.783718377260158, 43.26397379783954 ], [ -79.783840277303653, 43.264029197843698 ], [ -79.783963177345072, 43.264057497842977 ], [ -79.784110377394256, 43.264086197841266 ], [ -79.784245077440985, 43.264132597843172 ], [ -79.78437957748767, 43.264179097845165 ], [ -79.784501877530474, 43.264225497847718 ], [ -79.784599377566238, 43.264280697852975 ], [ -79.784684077599422, 43.264353497861926 ], [ -79.784756077630917, 43.264453197876207 ], [ -79.784815477659208, 43.264561797892696 ], [ -79.784863077681408, 43.264643497904899 ], [ -79.78491107770293, 43.264715897915522 ], [ -79.784933877717975, 43.264806297930448 ], [ -79.784919877721393, 43.264896197947039 ], [ -79.784906477724988, 43.264986197963587 ], [ -79.784842577714855, 43.265102397987114 ], [ -79.784803277711731, 43.265209898007981 ], [ -79.784764177709548, 43.265326898030516 ], [ -79.784762177717525, 43.265425898048164 ], [ -79.784784677733299, 43.265525098064657 ], [ -79.784832277756252, 43.265615698078491 ], [ -79.78491677779094, 43.265706498090651 ], [ -79.784963977814584, 43.265806298106106 ], [ -79.784974877824311, 43.265878298118345 ], [ -79.784936177819048, 43.2659588981344 ], [ -79.784884977812212, 43.266066398155836 ], [ -79.784809077793554, 43.266128698170427 ], [ -79.784783777787851, 43.266155398176295 ], [ -79.784671577757692, 43.266217398192509 ], [ -79.784571277733619, 43.266305998212822 ], [ -79.7844963777153, 43.266368498227394 ], [ -79.784444977706769, 43.266457998245627 ], [ -79.784418777704744, 43.266529798259548 ], [ -79.784417477710576, 43.26660159827231 ], [ -79.784416377714948, 43.266655898281975 ], [ -79.784366177703703, 43.26670939829382 ], [ -79.784253177677172, 43.266816098317967 ], [ -79.784177477660904, 43.266905298337271 ], [ -79.784101777643926, 43.266985598354985 ], [ -79.78403867763096, 43.26706609837219 ], [ -79.783925977602919, 43.267154898393109 ], [ -79.783851377582323, 43.267189998402841 ], [ -79.783764177558524, 43.267234098414676 ], [ -79.783651877529124, 43.267304998432465 ], [ -79.783588877515356, 43.267376298448035 ], [ -79.783513977495446, 43.26742059845931 ], [ -79.783439677473382, 43.26743769846582 ], [ -79.783365277452077, 43.267464198473959 ], [ -79.783290777431546, 43.267499298483649 ], [ -79.783203877407047, 43.267534198493856 ], [ -79.78309247737316, 43.267551098502018 ], [ -79.783006277345763, 43.267550198505894 ], [ -79.782919577320541, 43.267576398514528 ], [ -79.782844677300645, 43.267620498525844 ], [ -79.782806377293966, 43.267683198538741 ], [ -79.782730977277041, 43.267763398556397 ], [ -79.782681377262833, 43.26778089856181 ], [ -79.782607477238599, 43.267771198563572 ], [ -79.782545777219738, 43.267779398567875 ], [ -79.782459077193749, 43.267796398574923 ], [ -79.782360677162444, 43.267795498579297 ], [ -79.782212377117673, 43.267820898590713 ], [ -79.782076377076777, 43.267846498601557 ], [ -79.781989477051468, 43.267872698610255 ], [ -79.78195157704333, 43.267917198619884 ], [ -79.78185177701711, 43.267979198635516 ], [ -79.781814577006031, 43.267987698638734 ], [ -79.781802177002106, 43.267987698639296 ], [ -79.781778276992199, 43.267960498635617 ], [ -79.781753776983606, 43.267950998635037 ], [ -79.781704576967911, 43.267950498637262 ], [ -79.781654876953723, 43.267968098642712 ], [ -79.781604976940173, 43.267994398649691 ], [ -79.781592276938468, 43.268021398655044 ], [ -79.781578776938929, 43.268075298665231 ], [ -79.781589776947882, 43.268138498675903 ], [ -79.78162817696257, 43.268167398679196 ], [ -79.781650576971145, 43.268184098681118 ], [ -79.781711376993613, 43.268220898684845 ], [ -79.781796977023205, 43.268248698685767 ], [ -79.781944377072435, 43.268277298683991 ], [ -79.781993177090285, 43.268304698686542 ], [ -79.782066177117414, 43.268350598691299 ], [ -79.782139077145317, 43.26840539869761 ], [ -79.782212377170978, 43.268433198699128 ], [ -79.782286177194436, 43.268433998695834 ], [ -79.782385377223605, 43.268408198686679 ], [ -79.78254587727227, 43.268382798674658 ], [ -79.782694577317201, 43.268357298663254 ], [ -79.782805477351729, 43.268349498656733 ], [ -79.782928777390921, 43.268350798651241 ], [ -79.783027177422227, 43.26835199864685 ], [ -79.783125877453557, 43.268352898642441 ], [ -79.783224077486395, 43.268371998641243 ], [ -79.783346977526264, 43.268382398637378 ], [ -79.78342117754903, 43.268374098632478 ], [ -79.783519777580395, 43.26837519862805 ], [ -79.783642077622389, 43.268412398628932 ], [ -79.783776977668481, 43.268450098629359 ], [ -79.783874877702672, 43.268486998631346 ], [ -79.783973177735547, 43.268505998630133 ], [ -79.784059377762162, 43.268497898624709 ], [ -79.78415817779279, 43.268489998618698 ], [ -79.784243977822427, 43.268518098619694 ], [ -79.784317077848769, 43.26855449862272 ], [ -79.784414877883805, 43.268600898626431 ], [ -79.784512477919506, 43.268655698631584 ], [ -79.784585677945216, 43.268683798633155 ], [ -79.784633977964461, 43.268728998638913 ], [ -79.784645677970488, 43.268756198643139 ], [ -79.784645577972086, 43.268774498646408 ], [ -79.784632577970271, 43.26880119865173 ], [ -79.784607377964605, 43.268827798657618 ], [ -79.784607177965356, 43.268836898659245 ], [ -79.784606477968268, 43.268872798665633 ], [ -79.78463107797684, 43.268882098666126 ], [ -79.784692477996373, 43.268882898663406 ], [ -79.784802878033858, 43.268910998663266 ], [ -79.784913278071286, 43.268939198663098 ], [ -79.78502347810867, 43.268967298662957 ], [ -79.785133878146127, 43.268995598662826 ], [ -79.785220078174305, 43.269005498660576 ], [ -79.785244578182898, 43.269014898661119 ], [ -79.785342678215628, 43.269033698659904 ], [ -79.78544107824851, 43.269052898658721 ], [ -79.785575778293676, 43.269081398657498 ], [ -79.785686278330388, 43.269100498655718 ], [ -79.785698778334407, 43.269100798655202 ], [ -79.785723978340044, 43.269073898649296 ], [ -79.785749678343535, 43.269020098638528 ], [ -79.785762278345189, 43.268993398633228 ], [ -79.785788178348682, 43.268939598622516 ], [ -79.785827178351681, 43.26883189860164 ], [ -79.785866278355471, 43.268733098582345 ], [ -79.785904578361411, 43.268661498567873 ], [ -79.785943878363668, 43.268544898545386 ], [ -79.786020878374075, 43.268383698513297 ], [ -79.786072778379577, 43.268258198488624 ], [ -79.786149478391437, 43.268114998459758 ], [ -79.786213478400796, 43.267989398434487 ], [ -79.786253378400943, 43.267845898407245 ], [ -79.78631847840677, 43.267675398374017 ], [ -79.786395778416434, 43.267505198340331 ], [ -79.786448478421406, 43.267370698314075 ], [ -79.78650097842403, 43.267209198283048 ], [ -79.786565778431267, 43.267056898253053 ], [ -79.786653978449095, 43.266940598228366 ], [ -79.786718878455673, 43.266779298196766 ], [ -79.786770778461161, 43.266653698172135 ], [ -79.786847878471562, 43.266492598140019 ], [ -79.786886578476043, 43.266402998122395 ], [ -79.786899878475595, 43.266348998112171 ], [ -79.786966078477036, 43.266124698069369 ], [ -79.787054778495033, 43.266008498044698 ], [ -79.787079878500677, 43.265981698038786 ], [ -79.787056278489231, 43.265936398031855 ], [ -79.786995778464501, 43.265872798023423 ], [ -79.786960078447692, 43.265809298013835 ], [ -79.786985278453329, 43.265782598007952 ], [ -79.787010278459718, 43.265764898003674 ], [ -79.787035278466092, 43.265747097999324 ], [ -79.787072978474953, 43.265711497991276 ], [ -79.787110978482332, 43.265657797979991 ], [ -79.787136778485049, 43.265595097967669 ], [ -79.787175478490312, 43.265514497951628 ], [ -79.787214078494728, 43.265424797933967 ], [ -79.787265178503134, 43.265335197915682 ], [ -79.787316678510081, 43.265227797894298 ], [ -79.78738037852095, 43.265120597872347 ], [ -79.787431678528606, 43.26502189785252 ], [ -79.787470278533092, 43.26493239783489 ], [ -79.787508878538304, 43.264851797818764 ], [ -79.787523278534252, 43.264752897800633 ], [ -79.787562978535121, 43.264618097774914 ], [ -79.787614178541943, 43.264510397753469 ], [ -79.787641478539669, 43.264384997729991 ], [ -79.787680578541156, 43.264259197705904 ], [ -79.787733278545346, 43.264115797678059 ], [ -79.78778497855005, 43.263981297651839 ], [ -79.787836878554756, 43.263846697625567 ], [ -79.787900778564918, 43.263730297602024 ], [ -79.787965378572892, 43.263586897573639 ], [ -79.788030078580121, 43.263434497543649 ], [ -79.788081878584833, 43.263300097517401 ], [ -79.788145578595675, 43.263192497495425 ], [ -79.788209578605844, 43.263076397471856 ], [ -79.788322478633162, 43.262978497449268 ], [ -79.788434578663271, 43.262916597433104 ], [ -79.788520878689951, 43.262908597427689 ], [ -79.788643778730588, 43.262927597425346 ], [ -79.788766778770452, 43.26293789742143 ], [ -79.788901878814997, 43.262957397418617 ], [ -79.789024278857056, 43.262994797419545 ], [ -79.789134378895156, 43.26303189742098 ], [ -79.789195278917674, 43.263068697424693 ], [ -79.789195078919178, 43.263086597427865 ], [ -79.789169578915022, 43.26313149743698 ], [ -79.789143678912225, 43.263194197449288 ], [ -79.789104778907699, 43.263283797466983 ], [ -79.789066278902496, 43.263364397483031 ], [ -79.789014978895622, 43.263472097504483 ], [ -79.788938078884527, 43.263624197534973 ], [ -79.788873378877213, 43.263776497564962 ], [ -79.788833378877086, 43.263920197592235 ], [ -79.788769178869217, 43.264063497620654 ], [ -79.788743378865732, 43.264117397631345 ], [ -79.788678078860627, 43.264296797666177 ], [ -79.788614178851304, 43.264422197691346 ], [ -79.788536678841552, 43.264592697725114 ], [ -79.78847237883366, 43.264735797753453 ], [ -79.788395178823194, 43.264896997785605 ], [ -79.788342478821349, 43.265067797818269 ], [ -79.788253578805637, 43.265210897847744 ], [ -79.788188778798343, 43.26536319787774 ], [ -79.788111278790154, 43.265551297914662 ], [ -79.788046678782223, 43.265694897943085 ], [ -79.787969278772493, 43.265865097976778 ], [ -79.787917678767059, 43.26599059800143 ], [ -79.787903978768171, 43.266053598013222 ], [ -79.787928378776684, 43.266062698013691 ], [ -79.787977678793155, 43.266072398013087 ], [ -79.788039178812696, 43.266072798010335 ], [ -79.788087778831311, 43.266109398014542 ], [ -79.788099678836673, 43.266127598017199 ], [ -79.788074278831687, 43.266163198024671 ], [ -79.788035678826517, 43.266244098040808 ], [ -79.787984778818142, 43.266333498058991 ], [ -79.787933378811232, 43.266440798080382 ], [ -79.787894278808182, 43.266548598101302 ], [ -79.787829678800222, 43.266692098129703 ], [ -79.787777678796246, 43.266835598157499 ], [ -79.787700678785058, 43.266987798188005 ], [ -79.787624078772453, 43.267122098215374 ], [ -79.787545678767117, 43.267346298258694 ], [ -79.787467978758926, 43.26753459829564 ], [ -79.787390778748474, 43.267695898327794 ], [ -79.787312978741014, 43.267893298366417 ], [ -79.787222778726445, 43.268054298399093 ], [ -79.787157978719932, 43.268215698430645 ], [ -79.787092578715644, 43.268404198467096 ], [ -79.786990178699526, 43.268592098505074 ], [ -79.786900378686653, 43.268771198540989 ], [ -79.786847778684816, 43.268941798573621 ], [ -79.78675857866979, 43.2690937986047 ], [ -79.786694078661839, 43.269237398633116 ], [ -79.78669207866983, 43.269336398650722 ], [ -79.786740478689111, 43.269381998656556 ], [ -79.786825478721639, 43.269445798663916 ], [ -79.786934878763446, 43.269527898673353 ], [ -79.787056078809869, 43.269619398683908 ], [ -79.787153078847737, 43.269701398693883 ], [ -79.787286778897325, 43.26978399870233 ], [ -79.787420778947748, 43.269875298712279 ], [ -79.787542378993479, 43.269957698721207 ], [ -79.787639479030631, 43.270030798729636 ], [ -79.787712379057751, 43.270076498734312 ], [ -79.787772979081709, 43.270131098741167 ], [ -79.787942879146698, 43.270259098755893 ], [ -79.788014279180416, 43.270385998775012 ], [ -79.788074479205847, 43.27045859878509 ], [ -79.78811137921835, 43.270467998785037 ], [ -79.788124579218575, 43.270422998776453 ], [ -79.788125679215014, 43.270377898768459 ], [ -79.788163179223815, 43.270342398760413 ], [ -79.78822457924413, 43.270352098759297 ], [ -79.788273279261929, 43.270379398761854 ], [ -79.788346779287664, 43.270407398763368 ], [ -79.788432379317243, 43.270435198764332 ], [ -79.788517879348376, 43.27048139876851 ], [ -79.788639779391787, 43.270536598772637 ], [ -79.788724779424328, 43.270600598780014 ], [ -79.788797279454428, 43.270682298791066 ], [ -79.788881979487627, 43.270755298800083 ], [ -79.788955079514793, 43.270800998804766 ], [ -79.789015879537274, 43.270837598808413 ], [ -79.789089379562995, 43.270865498809961 ], [ -79.789187079597227, 43.270902498811921 ], [ -79.789224079608957, 43.270902998810293 ], [ -79.789261579618568, 43.270876398803885 ], [ -79.789299179627363, 43.270840798795767 ], [ -79.789349479639426, 43.270796198785575 ], [ -79.789400579647833, 43.270706798767399 ], [ -79.789463879659337, 43.270608298746986 ], [ -79.789502479665344, 43.270536798732536 ], [ -79.789541079670528, 43.270456098716451 ], [ -79.789579479676448, 43.270384398701985 ], [ -79.789628979687549, 43.270330898690183 ], [ -79.789615479688706, 43.270393698701966 ], [ -79.789615079690179, 43.27041179870514 ], [ -79.789602279687642, 43.270429698708945 ], [ -79.789601479692095, 43.270483698718529 ], [ -79.789575679689364, 43.270546498730873 ], [ -79.789524179681635, 43.270644898750639 ], [ -79.789485479677168, 43.270734598768378 ], [ -79.789459179675859, 43.270815298783837 ], [ -79.78943287967455, 43.27089609879939 ], [ -79.78939477966793, 43.270958698812237 ], [ -79.789368479666663, 43.271039698827799 ], [ -79.789317779656827, 43.271111098842773 ], [ -79.789278979652295, 43.271200598860425 ], [ -79.789265179654222, 43.2712725988738 ], [ -79.789276279663227, 43.271335798884479 ], [ -79.789324579683296, 43.271390298891902 ], [ -79.789360679698675, 43.271435598898258 ], [ -79.789409079717956, 43.271481298904071 ], [ -79.789482079745127, 43.271526998908755 ], [ -79.789555079772242, 43.271572798913482 ], [ -79.789640179803996, 43.271627698919239 ], [ -79.789725979834444, 43.271664698921768 ], [ -79.789787579853225, 43.271656298917463 ], [ -79.789849679871438, 43.271638998911492 ], [ -79.789910879891679, 43.271648498910352 ], [ -79.789984079918057, 43.271685398913483 ], [ -79.7900570799452, 43.271731298918198 ], [ -79.790130379972425, 43.271777098922904 ], [ -79.790239280014916, 43.271868198933987 ], [ -79.79034828005814, 43.271968298946625 ], [ -79.790469680104593, 43.272059598957092 ], [ -79.790603580155022, 43.272151298967131 ], [ -79.79073708020529, 43.272242498977057 ], [ -79.790846580247177, 43.272324798986517 ], [ -79.790943780283612, 43.27238889899337 ], [ -79.79101588031439, 43.272479699006091 ], [ -79.791027780319737, 43.272497699008689 ], [ -79.791149080366935, 43.272598199020855 ], [ -79.791258980406568, 43.272653399025543 ], [ -79.791355780445187, 43.272744399037144 ], [ -79.791440580478451, 43.27281739904609 ], [ -79.791550180518755, 43.272881599052361 ], [ -79.791684080568345, 43.27296379906069 ], [ -79.791806280611951, 43.273019299064806 ], [ -79.791891280644478, 43.273083199072154 ], [ -79.791951380669843, 43.273155899082255 ], [ -79.792011880693821, 43.273210599089147 ], [ -79.7920722807185, 43.273274299097615 ], [ -79.792132980741727, 43.273319899102837 ], [ -79.792144280750009, 43.273374099111912 ], [ -79.792118680745787, 43.273418899121062 ], [ -79.792117880748719, 43.273454899127422 ], [ -79.792141980759467, 43.27349109913272 ], [ -79.792190780776593, 43.273509999133786 ], [ -79.792227780788338, 43.273509999132052 ], [ -79.79225298079399, 43.273483299126184 ], [ -79.792303680803869, 43.273411799111173 ], [ -79.792329380807317, 43.273357999100405 ], [ -79.792355280810867, 43.273304299089745 ], [ -79.792393980814481, 43.273205599070458 ], [ -79.792432080821925, 43.273151999059195 ], [ -79.7924581808239, 43.273080199045268 ], [ -79.792484080826711, 43.273017799033035 ], [ -79.792497780824775, 43.272945599019636 ], [ -79.792536380829972, 43.272865099003567 ], [ -79.792587780836911, 43.272757398982108 ], [ -79.792639280843076, 43.272640998959147 ], [ -79.792677880848274, 43.272560398943021 ], [ -79.792717080850551, 43.272443798920619 ], [ -79.79274368085116, 43.272353898903432 ], [ -79.792806880863409, 43.272264498884688 ], [ -79.792845380869394, 43.272192898870202 ], [ -79.792883780875329, 43.272121398855781 ], [ -79.792922980877591, 43.272004598833277 ], [ -79.792961380883526, 43.271932998818798 ], [ -79.793000180888058, 43.271843398801174 ], [ -79.793038980891737, 43.271744798781903 ], [ -79.793065480893077, 43.27166389876637 ], [ -79.793091880892874, 43.271565198747631 ], [ -79.793130580897326, 43.271475498729963 ], [ -79.793144480895478, 43.271403698716618 ], [ -79.793182680901353, 43.27133209870216 ], [ -79.793208780903328, 43.27126029868824 ], [ -79.793247280909313, 43.271188698673761 ], [ -79.793285480915969, 43.271125998660878 ], [ -79.793311580918015, 43.271054198646937 ], [ -79.793337680920061, 43.270982598633097 ], [ -79.793388480929124, 43.270901898616444 ], [ -79.793427080934336, 43.270821398600376 ], [ -79.793465480940256, 43.270749798585918 ], [ -79.79349188094082, 43.270659798568751 ], [ -79.793530180945908, 43.270579298552747 ], [ -79.793555980950188, 43.270534498543604 ], [ -79.793569480949031, 43.270471598531849 ], [ -79.79359508095321, 43.270426898522757 ], [ -79.79360848095196, 43.270363998511016 ], [ -79.79363398095694, 43.270328298503493 ], [ -79.793647080957228, 43.270283298494931 ], [ -79.793684880965301, 43.270238798485288 ], [ -79.793735780975254, 43.2701674984703 ], [ -79.793760280983022, 43.270167498469142 ], [ -79.793759680985147, 43.270194598473985 ], [ -79.793746280986383, 43.27025739848569 ], [ -79.793708380979041, 43.270310998496932 ], [ -79.793695280977246, 43.270337998502335 ], [ -79.79367008097239, 43.27037379850988 ], [ -79.793643880971061, 43.270454398525345 ], [ -79.793630080972989, 43.270526398538721 ], [ -79.79360428096949, 43.270580098549459 ], [ -79.793578280967495, 43.270651798563335 ], [ -79.793552280965528, 43.270723598577241 ], [ -79.793513580961061, 43.270813298594923 ], [ -79.793474780955762, 43.270893898610971 ], [ -79.7934490809523, 43.27094759862171 ], [ -79.793410780947156, 43.271028298637795 ], [ -79.793372480940519, 43.271090998650671 ], [ -79.793345880939881, 43.271180798667807 ], [ -79.793332580941154, 43.271243498679524 ], [ -79.793306380939072, 43.271315298693452 ], [ -79.793280180937046, 43.271387198707366 ], [ -79.793230180925079, 43.271431598717584 ], [ -79.793204280921515, 43.271485398728309 ], [ -79.793191080922014, 43.271539198738409 ], [ -79.793177780921738, 43.271584198747021 ], [ -79.793177080925432, 43.271628998754984 ], [ -79.793151380920378, 43.271664898762545 ], [ -79.793138080920869, 43.271718698772673 ], [ -79.793099880914227, 43.271781498785529 ], [ -79.793074280910773, 43.271835198796254 ], [ -79.793048380907265, 43.271888898806985 ], [ -79.793009980902127, 43.271969398822989 ], [ -79.792983580900781, 43.272050298838536 ], [ -79.792945780894271, 43.272112998851391 ], [ -79.792919380892116, 43.272184698865338 ], [ -79.79288058088845, 43.272283398884589 ], [ -79.792842180882516, 43.272354998899061 ], [ -79.792803580878044, 43.272444598916735 ], [ -79.792739580867106, 43.272551898938673 ], [ -79.792701080862756, 43.272641598956334 ], [ -79.79267428086284, 43.272740198975043 ], [ -79.792659980867683, 43.272848198994822 ], [ -79.792620280866856, 43.272983099020514 ], [ -79.792580780865308, 43.273108599044612 ], [ -79.792517080854381, 43.273215799066556 ], [ -79.792466080846054, 43.273305599084829 ], [ -79.792415780833963, 43.27334979909498 ], [ -79.792427080842259, 43.27340409910407 ], [ -79.79243788085202, 43.27347639911634 ], [ -79.79244938085958, 43.27352149912381 ], [ -79.792497980878167, 43.273557899128008 ], [ -79.792571280904625, 43.273594899131098 ], [ -79.792680780945702, 43.273667999138965 ], [ -79.792753280974239, 43.273731699146865 ], [ -79.792826181002127, 43.273786399153167 ], [ -79.792923181040024, 43.273868599163222 ], [ -79.793007881074018, 43.273950499173758 ], [ -79.793117081115795, 43.274032699183245 ], [ -79.793251081165465, 43.274115099191604 ], [ -79.793348481201946, 43.274179199198372 ], [ -79.79342118122976, 43.274234199204777 ], [ -79.793506181262273, 43.274297899212087 ], [ -79.793554581281612, 43.274343499217871 ], [ -79.793689281328341, 43.274389899219841 ], [ -79.793785581369164, 43.274507999236285 ], [ -79.793919081420242, 43.274608399247796 ], [ -79.794016881455235, 43.274654399251389 ], [ -79.794137881503104, 43.274763699265137 ], [ -79.794222381538646, 43.274863799278911 ], [ -79.794343381585719, 43.274964099291012 ], [ -79.794490381636408, 43.275010699292437 ], [ -79.794613181677775, 43.275038999291745 ], [ -79.794699781702988, 43.27501279928309 ], [ -79.794786981726006, 43.27495969926963 ], [ -79.79489958175472, 43.274879999250281 ], [ -79.795112081808981, 43.274729099213687 ], [ -79.79527458185045, 43.274613799185722 ], [ -79.795449281894989, 43.274489399155563 ], [ -79.795598581937739, 43.274437199139406 ], [ -79.795772581986014, 43.274357999117285 ], [ -79.795958882038192, 43.274278799094596 ], [ -79.796145482091219, 43.274208699073476 ], [ -79.796306382137715, 43.274156499056787 ], [ -79.796516882200706, 43.274113799039448 ], [ -79.796677582248606, 43.274079099025805 ], [ -79.79683908229444, 43.274017599007401 ], [ -79.797000182342572, 43.273983498993879 ], [ -79.797136182382673, 43.273948998981467 ], [ -79.797271982424292, 43.273932398972178 ], [ -79.797358582451054, 43.273924198966725 ], [ -79.79738338245734, 43.273906598962441 ], [ -79.797409582459437, 43.273834898948536 ], [ -79.797448182464606, 43.27375409893245 ], [ -79.797511882475447, 43.273646798910477 ], [ -79.797563082483123, 43.273548198890659 ], [ -79.797589682482908, 43.273449498871969 ], [ -79.79762898248525, 43.273332998849483 ], [ -79.79765578248356, 43.273216198827555 ], [ -79.797695382485131, 43.273090398803483 ], [ -79.797746282493492, 43.27300089878527 ], [ -79.797759482493802, 43.27295629877672 ], [ -79.79781058250299, 43.272875698760089 ], [ -79.797861882509068, 43.272758898737031 ], [ -79.797939182519528, 43.272597798704957 ], [ -79.797965982518619, 43.272489898684576 ], [ -79.798017982522595, 43.272346498656823 ], [ -79.798057482524172, 43.27222089863271 ], [ -79.798122282531466, 43.272068398602734 ], [ -79.798173282539821, 43.271978998584515 ], [ -79.798224182548168, 43.271889398566309 ], [ -79.798262982552643, 43.271799898548672 ], [ -79.798301782557175, 43.271710198530918 ], [ -79.798340482560818, 43.271611398511652 ], [ -79.798379582563825, 43.271503798490819 ], [ -79.798431082570772, 43.271396298469377 ], [ -79.7984706825724, 43.271270598445284 ], [ -79.798497182572191, 43.271171898426608 ], [ -79.79856108258231, 43.271055598403045 ], [ -79.798624682593086, 43.270948198381085 ], [ -79.79867618260009, 43.270840598359612 ], [ -79.798727582607739, 43.270741898339779 ], [ -79.798753482609754, 43.270670398325933 ], [ -79.798779182613117, 43.270615898315064 ], [ -79.798228282422357, 43.270430798307913 ], [ -79.798191482409877, 43.270421198307929 ], [ -79.798142182394216, 43.270420798310155 ], [ -79.79806868237003, 43.270410598311756 ], [ -79.797982582341888, 43.27040109831411 ], [ -79.797932882326904, 43.270409598317897 ], [ -79.797858882304169, 43.270417798322825 ], [ -79.797773082275299, 43.270398898323421 ], [ -79.797723982258091, 43.270380398322487 ], [ -79.797712482251328, 43.27034429831658 ], [ -79.797701282242286, 43.270281298305996 ], [ -79.797678182228637, 43.270208898294243 ], [ -79.797655182213461, 43.270118498279324 ], [ -79.797643782205924, 43.270073498271884 ], [ -79.797632682197673, 43.270019198262737 ], [ -79.797609582183313, 43.269937898249452 ], [ -79.797586682168159, 43.269847698234571 ], [ -79.797563282155238, 43.269784298224437 ], [ -79.797553382141899, 43.269667298204141 ], [ -79.797554582136783, 43.2696040981929 ], [ -79.797556182129483, 43.269514298176979 ], [ -79.797570682125468, 43.269415298158762 ], [ -79.797597082125193, 43.26931649814005 ], [ -79.797611282121082, 43.269217498121868 ], [ -79.797625382118497, 43.269136698106877 ], [ -79.797651382120492, 43.269064998092993 ], [ -79.797665982114978, 43.268948198071641 ], [ -79.797704982117907, 43.268840398050727 ], [ -79.797718782116078, 43.26876869803742 ], [ -79.797757582120525, 43.26867879801965 ], [ -79.797783482122497, 43.268606998005744 ], [ -79.797834582130918, 43.268517597987575 ], [ -79.797898482141804, 43.268410197965601 ], [ -79.797937582144016, 43.268293497943127 ], [ -79.797976382148534, 43.268203997925482 ], [ -79.798015382151533, 43.268096197904562 ], [ -79.798054682153818, 43.267979797882106 ], [ -79.798118682163192, 43.267854297856942 ], [ -79.798171082165737, 43.2676926978259 ], [ -79.798234982175842, 43.267576297802293 ], [ -79.798299182186071, 43.267459997778765 ], [ -79.798375782197851, 43.267316697749791 ], [ -79.7984276822026, 43.267182197723564 ], [ -79.798478882210233, 43.267083597703717 ], [ -79.798569282220967, 43.266877497663089 ], [ -79.798633282230284, 43.266752097637891 ], [ -79.798684782237288, 43.26664459761647 ], [ -79.798722782244639, 43.266590997605206 ], [ -79.798735482247096, 43.266572997601429 ], [ -79.798735982245702, 43.266555097598236 ], [ -79.798839682255149, 43.266286097545795 ], [ -79.798904982259472, 43.266097697509394 ], [ -79.798931882257776, 43.265980797487472 ], [ -79.79892158225293, 43.26596259748473 ], [ -79.798934382254672, 43.265936097479397 ], [ -79.798947482255727, 43.265900097472453 ], [ -79.798985482262268, 43.265837397459578 ], [ -79.799024082267536, 43.265756897443509 ], [ -79.799062782271946, 43.265667197425827 ], [ -79.799089282272547, 43.265577197408689 ], [ -79.799128482275634, 43.265469797387858 ], [ -79.799180082280984, 43.265344097363176 ], [ -79.799219082284779, 43.265245597343963 ], [ -79.799269882293871, 43.265165097327326 ], [ -79.799320482303685, 43.265093597312308 ], [ -79.799371782310587, 43.264985997290907 ], [ -79.799409982318025, 43.264932397279644 ], [ -79.799448382323959, 43.264860797265172 ], [ -79.799474182326676, 43.264798097252857 ], [ -79.799500682327221, 43.26470809723569 ], [ -79.799526582330003, 43.264645397223397 ], [ -79.799552482331933, 43.264573697209521 ], [ -79.799578482334766, 43.264510897197169 ], [ -79.799604682336778, 43.264439097183235 ], [ -79.799630782338028, 43.264358297167732 ], [ -79.799668682342244, 43.264268697150086 ], [ -79.799707582346755, 43.264179097132399 ], [ -79.799758682354394, 43.264080597112596 ], [ -79.799810182361341, 43.26397309709116 ], [ -79.799849282363553, 43.263856397068707 ], [ -79.799900882369755, 43.263739697045601 ], [ -79.799939382374163, 43.263650197028021 ], [ -79.799978982375777, 43.263524597003894 ], [ -79.80001828237809, 43.263407996981471 ], [ -79.800082382387473, 43.263282596956294 ], [ -79.800158882400055, 43.263148196928903 ], [ -79.800210282406169, 43.263031796905935 ], [ -79.800260882413639, 43.262933196886131 ], [ -79.800287682412744, 43.262825396865772 ], [ -79.800313582415512, 43.262762696853471 ], [ -79.800327582412876, 43.262681796838486 ], [ -79.800378082422696, 43.262610296823475 ], [ -79.800429082431052, 43.262520696805232 ], [ -79.800455582432406, 43.262439996789752 ], [ -79.800481482434392, 43.262368196775839 ], [ -79.800482382430744, 43.262323296767811 ], [ -79.800520482437321, 43.262260496754955 ], [ -79.800571282447208, 43.262189096739931 ], [ -79.800609082455352, 43.262144496730251 ], [ -79.800634882458837, 43.262090696719525 ], [ -79.800648082459119, 43.262045896710973 ], [ -79.800758382495715, 43.262064996709249 ], [ -79.800745882492564, 43.262073896711421 ], [ -79.800720782487716, 43.262109796718931 ], [ -79.800719982490577, 43.262145696725341 ], [ -79.800706782490309, 43.262190596733873 ], [ -79.800693382490735, 43.262244396744023 ], [ -79.800667282488732, 43.262316096757971 ], [ -79.800628882483608, 43.262396796773999 ], [ -79.800589582480512, 43.262504596794926 ], [ -79.800538182473531, 43.262611896816338 ], [ -79.800462082459561, 43.26272829684045 ], [ -79.800423582455196, 43.262817896858152 ], [ -79.80039718245385, 43.262898696873648 ], [ -79.800346482447935, 43.263015096896638 ], [ -79.800294882440937, 43.263122696918067 ], [ -79.800243882433307, 43.263221296937893 ], [ -79.800179582424661, 43.263355496964621 ], [ -79.800140682420974, 43.263454596983991 ], [ -79.800101582417099, 43.263552897003201 ], [ -79.800049682412379, 43.263687297029442 ], [ -79.800010682409408, 43.263795197050349 ], [ -79.799983982410353, 43.263902797070621 ], [ -79.799920182399447, 43.264010197092603 ], [ -79.799881882393521, 43.264081897107097 ], [ -79.799830282387362, 43.26419849713016 ], [ -79.79976688237501, 43.264287897148918 ], [ -79.79974048237446, 43.264377397166001 ], [ -79.79968978236775, 43.264485197187454 ], [ -79.799663682366543, 43.264565797202934 ], [ -79.799624782363551, 43.264673597223776 ], [ -79.799585582360478, 43.264780897244613 ], [ -79.799559482358504, 43.264852797258612 ], [ -79.799533082358721, 43.264951697277283 ], [ -79.799481582351007, 43.265050197297157 ], [ -79.799418482338723, 43.265139497315872 ], [ -79.799379282334897, 43.265238197335186 ], [ -79.799327682328737, 43.265354597358204 ], [ -79.799276582321113, 43.265453097378014 ], [ -79.799213082309564, 43.265551697398408 ], [ -79.799173782307221, 43.265668197420844 ], [ -79.799109682297853, 43.265793697446085 ], [ -79.799082882297952, 43.265892297464767 ], [ -79.79908248230015, 43.265919297469573 ], [ -79.799030282290644, 43.26599989748626 ], [ -79.798978582284377, 43.266116497509309 ], [ -79.798900982275399, 43.266295797544679 ], [ -79.798809582269897, 43.266564997596582 ], [ -79.798821582275295, 43.266582997599208 ], [ -79.798808682273545, 43.266609997604583 ], [ -79.798796182270337, 43.266618797606718 ], [ -79.798783382267843, 43.266636597610493 ], [ -79.798732382260212, 43.266735097630281 ], [ -79.798706482256719, 43.266788697640976 ], [ -79.798668082251581, 43.266869497657041 ], [ -79.798629382247128, 43.266959197674716 ], [ -79.798590682241866, 43.267039697690763 ], [ -79.7985391822357, 43.267156297713818 ], [ -79.798488182227302, 43.267245797732045 ], [ -79.798462282224591, 43.267308697744383 ], [ -79.798423382220847, 43.267407197763603 ], [ -79.798371882213857, 43.267514797785076 ], [ -79.798333082210945, 43.267622297805914 ], [ -79.798282082201823, 43.267702897822559 ], [ -79.798231082193411, 43.267792397840765 ], [ -79.798179082187872, 43.267917797865394 ], [ -79.798139382187813, 43.268061697892669 ], [ -79.798074982179102, 43.268195997919456 ], [ -79.79802348217288, 43.268312397942481 ], [ -79.797984982167748, 43.268393097958558 ], [ -79.797945782165471, 43.268509697980988 ], [ -79.797894482157787, 43.268608198000841 ], [ -79.797855682153312, 43.268698098018533 ], [ -79.797804582145659, 43.268796398038312 ], [ -79.797777582146495, 43.268904198058664 ], [ -79.797763382150606, 43.269003198076824 ], [ -79.797761282159385, 43.269110998096025 ], [ -79.797734382161778, 43.269236898119559 ], [ -79.797706982164016, 43.269362598143104 ], [ -79.797680582164304, 43.269461598161833 ], [ -79.797679082170887, 43.269542498176243 ], [ -79.797689382182, 43.26963259819172 ], [ -79.797711882198556, 43.269740998209848 ], [ -79.797722582209829, 43.269831098225275 ], [ -79.797745282225648, 43.269930398241847 ], [ -79.797767982241496, 43.270029698258334 ], [ -79.797778882250483, 43.27009289826902 ], [ -79.797815182265111, 43.270129298273787 ], [ -79.797851582279037, 43.270156598276927 ], [ -79.79791258230081, 43.270184298278949 ], [ -79.79796178231804, 43.270202698279974 ], [ -79.798047382347605, 43.27023069828094 ], [ -79.798095882366155, 43.270267298285141 ], [ -79.798144582384722, 43.270303698289325 ], [ -79.798217482411872, 43.270349698294069 ], [ -79.798266582428283, 43.270359198293427 ], [ -79.798814182615416, 43.270514498295469 ], [ -79.798831582615747, 43.27045509828416 ], [ -79.798844982616075, 43.270410198275606 ], [ -79.798884282617564, 43.270284498251506 ], [ -79.798910282618806, 43.270203798235997 ], [ -79.798974482629035, 43.270087398212446 ], [ -79.799037982640598, 43.269988898192011 ], [ -79.799090182644633, 43.269845698164282 ], [ -79.799141882649295, 43.269710898138001 ], [ -79.799194282652593, 43.26955849810858 ], [ -79.799246282657407, 43.269423998082367 ], [ -79.799297382665756, 43.26933449806414 ], [ -79.799360982677371, 43.269235998043719 ], [ -79.799437682689174, 43.269092798014832 ], [ -79.799477082690743, 43.268966997990695 ], [ -79.799565782707191, 43.26883299796291 ], [ -79.799667682726252, 43.268680997931249 ], [ -79.799731582735575, 43.268555497906021 ], [ -79.79979598274349, 43.26841219787768 ], [ -79.799872982753868, 43.268250797845496 ], [ -79.79993848275744, 43.268053497807557 ], [ -79.800015982766368, 43.267874197772201 ], [ -79.800068482768921, 43.267712697741182 ], [ -79.800158182782525, 43.267542597706907 ], [ -79.800210082787288, 43.267407997680642 ], [ -79.800249782788129, 43.267273397654989 ], [ -79.80027758278284, 43.267111497625024 ], [ -79.800317182782905, 43.266967797597708 ], [ -79.80038038279595, 43.266887397580547 ], [ -79.800418982801162, 43.266806997564558 ], [ -79.800469482811707, 43.26674449755113 ], [ -79.800532082826862, 43.266690897538744 ], [ -79.800606482848181, 43.266664797530645 ], [ -79.800692982874935, 43.266656797525236 ], [ -79.800803782910151, 43.266657897520226 ], [ -79.800951382958644, 43.266677497516852 ], [ -79.801086683002453, 43.266687897512426 ], [ -79.801246783053315, 43.266689597505263 ], [ -79.80135688309224, 43.266735597508294 ], [ -79.801405083111476, 43.266781097514084 ], [ -79.801404383115198, 43.266826197522121 ], [ -79.801378683111736, 43.266879897532789 ], [ -79.801352983108274, 43.266933897543574 ], [ -79.80131388310447, 43.267032297562771 ], [ -79.80128728310541, 43.26714019758316 ], [ -79.80122348309537, 43.26725659760671 ], [ -79.801121683077085, 43.267417697639971 ], [ -79.801031883064994, 43.267605697677403 ], [ -79.800928883051881, 43.267829797721895 ], [ -79.800863983045403, 43.267991297753476 ], [ -79.800747483033405, 43.268278197809693 ], [ -79.800669683025944, 43.268475297848177 ], [ -79.800591483019971, 43.268690797889981 ], [ -79.800463383001144, 43.268941397940317 ], [ -79.800385082995092, 43.269156697982055 ], [ -79.800295082983737, 43.269353898021158 ], [ -79.800191682972041, 43.269595798068771 ], [ -79.800138982970196, 43.269766498101447 ], [ -79.800074282963763, 43.269927998133042 ], [ -79.800061682961314, 43.269945798136796 ], [ -79.800009882955834, 43.270071298161383 ], [ -79.799958582948932, 43.270178698182789 ], [ -79.799867982938167, 43.270384998223506 ], [ -79.799789982932225, 43.270600298265279 ], [ -79.799699882920009, 43.27078829830274 ], [ -79.79959718290624, 43.271003498345621 ], [ -79.799494182893852, 43.271236298391614 ], [ -79.799416082886296, 43.271433698430172 ], [ -79.799312682875382, 43.271684598479403 ], [ -79.799235082867185, 43.271872898516342 ], [ -79.79913228285335, 43.272087998559186 ], [ -79.79906678284901, 43.272276498595595 ], [ -79.798963282838059, 43.272527698644886 ], [ -79.798834282822909, 43.2728231987032 ], [ -79.798718282808792, 43.273083198754577 ], [ -79.79864198279553, 43.273208398780305 ], [ -79.798563882789537, 43.273423798822066 ], [ -79.798497582788841, 43.273657198866466 ], [ -79.798408382773843, 43.273809398897569 ], [ -79.798356082769757, 43.273952898925387 ], [ -79.798303882766476, 43.274105398954802 ], [ -79.798239982756371, 43.274221798978402 ], [ -79.798188582748651, 43.274320298998205 ], [ -79.798085682735561, 43.274544399042675 ], [ -79.798021082728354, 43.274696599072627 ], [ -79.797981982725375, 43.274804299093518 ], [ -79.797916682721095, 43.274992799129883 ], [ -79.797864182718541, 43.275154399160961 ], [ -79.797787382707398, 43.275306499191409 ], [ -79.797722682700169, 43.275458899221391 ], [ -79.797658382691552, 43.27559339924818 ], [ -79.797581482679647, 43.275736599277145 ], [ -79.797529182676342, 43.275888999306531 ], [ -79.797464782668413, 43.276032699334934 ], [ -79.797412782664438, 43.276176099362736 ], [ -79.797360982658958, 43.276301599387388 ], [ -79.797334682657649, 43.276382299402911 ], [ -79.797346482663755, 43.276409499407151 ], [ -79.797383582674797, 43.276400899403896 ], [ -79.79743248269267, 43.276428399406491 ], [ -79.797444282698805, 43.27645549941073 ], [ -79.79743138269707, 43.276482399416111 ], [ -79.797405982692098, 43.276518199423613 ], [ -79.797368182684053, 43.276562899433266 ], [ -79.797317182675613, 43.276652299451499 ], [ -79.797278582670415, 43.276732799467524 ], [ -79.797226582665672, 43.27686729949373 ], [ -79.797162082657721, 43.277010799522174 ], [ -79.797097382650506, 43.277163299552122 ], [ -79.797033482641126, 43.277288699577305 ], [ -79.796931882621379, 43.277431599607333 ], [ -79.796867382614266, 43.27758399963728 ], [ -79.79682828261123, 43.277691799658207 ], [ -79.796775782608663, 43.277853199689183 ], [ -79.796748982609571, 43.277960999709521 ], [ -79.796709582608045, 43.27808669973362 ], [ -79.79670638262111, 43.278248899762453 ], [ -79.796778182653355, 43.278357599778332 ], [ -79.796849982685586, 43.278466199794245 ], [ -79.796909782712518, 43.278557099807514 ], [ -79.796995082744289, 43.278611899813242 ], [ -79.797105382781737, 43.278640099813146 ], [ -79.797228182822323, 43.278659299810812 ], [ -79.797400482877919, 43.278670099804692 ], [ -79.797584682939615, 43.278708199802857 ], [ -79.797781083005972, 43.278755299802079 ], [ -79.797941183056892, 43.278756799794877 ], [ -79.798101283107812, 43.278758399787748 ], [ -79.798212583141591, 43.278741699779594 ], [ -79.798299283166855, 43.278715599770941 ], [ -79.798361883182807, 43.27867119976019 ], [ -79.798425183194325, 43.278572899739856 ], [ -79.798476483202791, 43.278483499721602 ], [ -79.798565183219992, 43.278358299695306 ], [ -79.798616683226939, 43.278250799673934 ], [ -79.798693683237261, 43.278089499641808 ], [ -79.798757883245912, 43.277955099614992 ], [ -79.798809783251428, 43.277829599590419 ], [ -79.798873783260788, 43.277704099565184 ], [ -79.798924783269939, 43.277623699548592 ], [ -79.798975583279031, 43.277543199532026 ], [ -79.7990268832867, 43.277444699512159 ], [ -79.799053183288009, 43.277363999496643 ], [ -79.799079583287778, 43.277265199477945 ], [ -79.799130783296178, 43.277175599459731 ], [ -79.799217783319918, 43.277131399447811 ], [ -79.799329383353069, 43.277105499438065 ], [ -79.799378483368727, 43.277106299435935 ], [ -79.799417383373211, 43.277016499418224 ], [ -79.799418983373442, 43.277013699417637 ], [ -79.799473383377659, 43.276864099388646 ], [ -79.799932483428563, 43.275778099175106 ], [ -79.799959483428907, 43.275683999157181 ], [ -79.799987383431258, 43.275609299142637 ], [ -79.800256583462698, 43.274990899020658 ], [ -79.800418983479972, 43.274598098943606 ], [ -79.800445683483488, 43.274541598932394 ], [ -79.800548483517829, 43.274561298931083 ], [ -79.800521283514087, 43.274617798942309 ], [ -79.800386783500869, 43.274955099008281 ], [ -79.799601783420115, 43.276884199386203 ], [ -79.79952188340782, 43.277033899416431 ], [ -79.799527983409931, 43.277035799416502 ], [ -79.799515383406714, 43.277044699418624 ], [ -79.799501983407154, 43.277098399428773 ], [ -79.799501283410095, 43.277134499435178 ], [ -79.799499983415174, 43.277197499446409 ], [ -79.79949828342248, 43.277287499462417 ], [ -79.799471183424856, 43.277413299485922 ], [ -79.799444383425737, 43.27752099950623 ], [ -79.799380083416281, 43.277646599531479 ], [ -79.799328283411569, 43.277780899557619 ], [ -79.799289683407963, 43.277879699576957 ], [ -79.799237983400914, 43.277987099598356 ], [ -79.799173783392249, 43.278121399625064 ], [ -79.799109483383617, 43.27825579965188 ], [ -79.799019683370787, 43.278435199687785 ], [ -79.798968083365338, 43.278560599712378 ], [ -79.798891383352711, 43.278694899739719 ], [ -79.798814283341542, 43.27884719977024 ], [ -79.798774883340798, 43.278981699795871 ], [ -79.798774283342993, 43.279008699800713 ], [ -79.798823083360077, 43.279027299801719 ], [ -79.798871983377978, 43.279054999804394 ], [ -79.79892058339577, 43.279082399806938 ], [ -79.798980983420449, 43.27914599981542 ], [ -79.799028983442, 43.279218499826008 ], [ -79.799065383455911, 43.279245899829114 ], [ -79.79923708351447, 43.279292899829429 ], [ -79.799371783560417, 43.279330299829844 ], [ -79.799580383630683, 43.279377599828457 ], [ -79.799728083678417, 43.279387999823427 ], [ -79.799875083729063, 43.27943469982489 ], [ -79.800119883813977, 43.279518199828239 ], [ -79.800341083886664, 43.279547599823168 ], [ -79.800550083956253, 43.279585899820262 ], [ -79.800758884024987, 43.279615099815665 ], [ -79.80096708409593, 43.279671299815938 ], [ -79.801224584184041, 43.279745899817172 ], [ -79.801519384282486, 43.279802999813541 ], [ -79.801728384351279, 43.279832199808951 ], [ -79.801973884432456, 43.279870699804363 ], [ -79.802243484526073, 43.279963699808256 ], [ -79.802439584591554, 43.280001799805859 ], [ -79.80258688464076, 43.28003019980406 ], [ -79.802660884665059, 43.28003999980232 ], [ -79.803040884794527, 43.280143099802892 ], [ -79.803200384849163, 43.280189799803772 ], [ -79.803285784879449, 43.2802267998063 ], [ -79.80331128488362, 43.280181899797192 ], [ -79.803312284879226, 43.280128099787625 ], [ -79.803374484897418, 43.280110499781593 ], [ -79.803436084916996, 43.280111199778879 ], [ -79.803533984949709, 43.280130299777696 ], [ -79.803656884991156, 43.280158599776968 ], [ -79.803767585027131, 43.280168899773635 ], [ -79.803818085037662, 43.280106299760206 ], [ -79.80388108505143, 43.280034799744655 ], [ -79.803956685069195, 43.27996369972854 ], [ -79.803994585076509, 43.279909899717246 ], [ -79.804032885082449, 43.279838499702826 ], [ -79.804073285079568, 43.27965849966909 ], [ -79.804112885080372, 43.279524099643474 ], [ -79.80415278508049, 43.27938039961618 ], [ -79.804204585085245, 43.279245899589966 ], [ -79.804243585088955, 43.279147299570695 ], [ -79.804294885095842, 43.279039699549287 ], [ -79.804307985097694, 43.279012799543892 ], [ -79.804333485101083, 43.278958999533202 ], [ -79.804396585114844, 43.278887699517654 ], [ -79.804447585123214, 43.278798299499464 ], [ -79.804499585127999, 43.278663599473234 ], [ -79.8045639851359, 43.278520299444885 ], [ -79.804602985138871, 43.278412599424009 ], [ -79.804654585145883, 43.278305199402546 ], [ -79.804706485150575, 43.278170599376352 ], [ -79.804745885152087, 43.278044899352253 ], [ -79.804785185154429, 43.277928399329809 ], [ -79.804824585155941, 43.277802699305731 ], [ -79.804876185162144, 43.277686099282676 ], [ -79.80493998517224, 43.277569699259146 ], [ -79.805004285180857, 43.277435299232351 ], [ -79.805056085186337, 43.277309699207706 ], [ -79.805108085190355, 43.277166299179896 ], [ -79.805147685191955, 43.277040799155884 ], [ -79.80521218519911, 43.276888299125879 ], [ -79.805276485207798, 43.27675389909912 ], [ -79.805341085214181, 43.276592499067519 ], [ -79.805393885216063, 43.27642199903493 ], [ -79.805470885227209, 43.276269499004357 ], [ -79.805522585231842, 43.276135098978109 ], [ -79.805587285239085, 43.275982798948178 ], [ -79.805651785246241, 43.27583039891821 ], [ -79.805704485248114, 43.275659898885564 ], [ -79.805717185249748, 43.275632898880211 ], [ -79.805781085260691, 43.275525498858244 ], [ -79.805832985265354, 43.275390798831999 ], [ -79.805884485271577, 43.275274398808975 ], [ -79.805948285283193, 43.275176098788606 ], [ -79.806024685296507, 43.275050798762841 ], [ -79.806088685305085, 43.27491629873613 ], [ -79.806127685308866, 43.274817698716866 ], [ -79.806129785299305, 43.27470079869606 ], [ -79.806131485293577, 43.274628498683178 ], [ -79.806169385300137, 43.27456599867034 ], [ -79.806208085306181, 43.274494498655898 ], [ -79.806247185308408, 43.274377898633425 ], [ -79.806312085314104, 43.274207498600248 ], [ -79.806376985320583, 43.27404599856866 ], [ -79.806453485333151, 43.273911698541312 ], [ -79.806517385343255, 43.273795298517769 ], [ -79.806556985344059, 43.2736605984921 ], [ -79.806608785349596, 43.273535098467441 ], [ -79.806648185351122, 43.273409498443399 ], [ -79.806699385358726, 43.273310898423567 ], [ -79.806738685361069, 43.273194498401104 ], [ -79.806777885363303, 43.273077698378628 ], [ -79.80682938537025, 43.272970098357206 ], [ -79.806868385373249, 43.272862498336302 ], [ -79.806893985376647, 43.272808798325634 ], [ -79.806918585384466, 43.272808998324528 ], [ -79.806943485391628, 43.272800298321862 ], [ -79.806968185398716, 43.272791798319169 ], [ -79.806981085401205, 43.272773598315354 ], [ -79.807005885407548, 43.272755898311047 ], [ -79.807018685410029, 43.27273809830735 ], [ -79.807055985420334, 43.272720398302482 ], [ -79.807031685411047, 43.272702298300366 ], [ -79.807019585405641, 43.272684098297717 ], [ -79.807019885404884, 43.272674898296103 ], [ -79.80699538539632, 43.272665698295604 ], [ -79.806971185387056, 43.272647298293471 ], [ -79.806946785378557, 43.272638198293002 ], [ -79.80695968537951, 43.272602298286039 ], [ -79.807009685391478, 43.272557798275834 ], [ -79.807046385405513, 43.272585198278954 ], [ -79.807094385426268, 43.272648798288017 ], [ -79.807130985439443, 43.27266709828951 ], [ -79.807180985452973, 43.272640598282507 ], [ -79.807230785465677, 43.272605198273915 ], [ -79.807268685473019, 43.272551598262666 ], [ -79.807294685475767, 43.272488598250298 ], [ -79.807345285485596, 43.272417298235375 ], [ -79.807371485486883, 43.272336398219835 ], [ -79.807398085486668, 43.272237698201103 ], [ -79.807423585490895, 43.272192898191975 ], [ -79.807449585492876, 43.272121098178047 ], [ -79.807476385492762, 43.272022398159372 ], [ -79.807502285494664, 43.271950498145429 ], [ -79.807540485500553, 43.271878998130994 ], [ -79.807579385505065, 43.27178929811334 ], [ -79.807629285518601, 43.271762898106296 ], [ -79.807690685538915, 43.271772598105187 ], [ -79.807776785567029, 43.271782398102886 ], [ -79.807850485591274, 43.271792098101216 ], [ -79.807863385593819, 43.271774398097492 ], [ -79.80788858559788, 43.271729598088356 ], [ -79.807914885599203, 43.271648898072847 ], [ -79.80795298560578, 43.271586198059964 ], [ -79.807978885608563, 43.271523498047664 ], [ -79.807955185597905, 43.271487298042352 ], [ -79.807931085587057, 43.271450798037044 ], [ -79.80789468557316, 43.271423598033898 ], [ -79.80784608555453, 43.271386798029674 ], [ -79.807809785539874, 43.271350498024901 ], [ -79.807798185533059, 43.271314398019058 ], [ -79.807786685525457, 43.271269198011602 ], [ -79.8078004855236, 43.271197397998243 ], [ -79.807814685519489, 43.27109839798009 ], [ -79.807840685522251, 43.271035597967732 ], [ -79.807878685528806, 43.270973097954901 ], [ -79.807953785547966, 43.270919697941935 ], [ -79.808052385578534, 43.270911897935981 ], [ -79.80811408559893, 43.270921397934842 ], [ -79.808187385624606, 43.270949397936356 ], [ -79.808248385646337, 43.270976797938388 ], [ -79.8083099856659, 43.270977497935654 ], [ -79.808347385676228, 43.270959797930757 ], [ -79.808410285690002, 43.270888597915196 ], [ -79.808460885700526, 43.270825897901744 ], [ -79.808511985708947, 43.270736497883568 ], [ -79.808512985704539, 43.270682497873963 ], [ -79.808488985693771, 43.270646097868656 ], [ -79.808440185675906, 43.270618597866005 ], [ -79.808391285658843, 43.27060029786508 ], [ -79.808379085653385, 43.27058209786243 ], [ -79.808391985655902, 43.270564197858668 ], [ -79.808441785669388, 43.270537697851623 ], [ -79.808478885680387, 43.270529197848418 ], [ -79.808527985696799, 43.270538697847783 ], [ -79.808552285705304, 43.270547897848296 ], [ -79.80856488570852, 43.270539097846168 ], [ -79.808589985714946, 43.270521197841838 ], [ -79.808602985715879, 43.270485197834837 ], [ -79.808641585721148, 43.270404797818827 ], [ -79.808680185725549, 43.270314997801108 ], [ -79.808706985723887, 43.270198397779261 ], [ -79.808770685735468, 43.27009969775883 ], [ -79.808834585745586, 43.269983497735289 ], [ -79.808860985746151, 43.269893697718153 ], [ -79.808899885749881, 43.269794997698845 ], [ -79.808925985751145, 43.269714397683394 ], [ -79.808939185751356, 43.269669297674767 ], [ -79.808951985753907, 43.26965169767108 ], [ -79.808965585753498, 43.269597597660869 ], [ -79.809003585759314, 43.269525997646419 ], [ -79.80904238576376, 43.269436297628758 ], [ -79.809068285766543, 43.269373597616443 ], [ -79.809106885771726, 43.269292997600388 ], [ -79.809145185777666, 43.269221397585916 ], [ -79.809171185779647, 43.269149597572003 ], [ -79.809197685780205, 43.26905979755486 ], [ -79.809236385784658, 43.268970097537206 ], [ -79.809262485785908, 43.268889397521683 ], [ -79.809288685788729, 43.268826697509375 ], [ -79.809289585783503, 43.268763597498172 ], [ -79.809315485786271, 43.268700897485878 ], [ -79.809341785787552, 43.268619997470317 ], [ -79.809368085788066, 43.268530297453225 ], [ -79.809406485794, 43.268458697438767 ], [ -79.809457285803873, 43.268387197423756 ], [ -79.809483085806576, 43.268324497411442 ], [ -79.809534285814266, 43.26822589739163 ], [ -79.809585285822592, 43.268136297373346 ], [ -79.809611585823916, 43.268055697357887 ], [ -79.809637485825832, 43.26798379734398 ], [ -79.809688885833552, 43.267885197324148 ], [ -79.809739685842644, 43.267804897307535 ], [ -79.809778285847074, 43.267715297289882 ], [ -79.809817585849359, 43.267598397267363 ], [ -79.809856785851622, 43.267481897244927 ], [ -79.809870585849723, 43.267409997231525 ], [ -79.809858985842908, 43.267373797225659 ], [ -79.809834685834375, 43.267364597225203 ], [ -79.809784585820807, 43.267391197232243 ], [ -79.809771785818299, 43.267408797235937 ], [ -79.80975918581666, 43.267435797241276 ], [ -79.809733685811722, 43.267471597248836 ], [ -79.809695285806569, 43.267552197264891 ], [ -79.809656985800643, 43.267623797279356 ], [ -79.809618285795423, 43.267704597295428 ], [ -79.809579885790271, 43.267785197311468 ], [ -79.809553785788225, 43.267856797325372 ], [ -79.809527185788454, 43.267955697344135 ], [ -79.809488285784667, 43.268054297363392 ], [ -79.809462185783488, 43.268135197378946 ], [ -79.809423285778962, 43.26822469739659 ], [ -79.809384485776036, 43.26833239741746 ], [ -79.809346185770153, 43.268403997431875 ], [ -79.809320085768107, 43.26847569744583 ], [ -79.809293585767563, 43.268565697462968 ], [ -79.80926718576697, 43.268655197480051 ], [ -79.809253385768116, 43.26871829749183 ], [ -79.809215185762241, 43.268789897506302 ], [ -79.809189685758056, 43.2688344975154 ], [ -79.809152385747751, 43.268852297520247 ], [ -79.809115285736752, 43.268860897523496 ], [ -79.809102685733535, 43.268869697525631 ], [ -79.809089785732567, 43.26890559753258 ], [ -79.809064185728346, 43.26895039754173 ], [ -79.809063985729082, 43.268959497543356 ], [ -79.809040985721765, 43.268958997544324 ], [ -79.809028785717089, 43.268949997543331 ], [ -79.809029185715644, 43.268932097540159 ], [ -79.809042385715131, 43.268878097529942 ], [ -79.809055985714721, 43.268824097519769 ], [ -79.80910658572455, 43.268752697504752 ], [ -79.809144385732637, 43.268707897495062 ], [ -79.809157885731437, 43.268645297483367 ], [ -79.809158285730021, 43.268627097480127 ], [ -79.809171385730252, 43.268582297471568 ], [ -79.809196985735255, 43.268546397464029 ], [ -79.809247985742815, 43.268447997444234 ], [ -79.809286985746596, 43.268349197424939 ], [ -79.809300785743929, 43.268268597410035 ], [ -79.809314485742007, 43.268196597396688 ], [ -79.809366985745356, 43.268044197367253 ], [ -79.809417485754366, 43.267963497350614 ], [ -79.80944348575791, 43.267909597339859 ], [ -79.809469685759154, 43.267828897324328 ], [ -79.809483385756465, 43.267747997309371 ], [ -79.809509685758542, 43.267676297295488 ], [ -79.809535785759806, 43.267595597279978 ], [ -79.809561485762444, 43.267532697267661 ], [ -79.809612485771595, 43.26745229725104 ], [ -79.809662985782126, 43.267389797237627 ], [ -79.809714085790546, 43.267300397219444 ], [ -79.809740285791861, 43.267219597203891 ], [ -79.809779085796322, 43.267129897186216 ], [ -79.809780685789008, 43.267039897170207 ], [ -79.809883785802143, 43.266815897125745 ], [ -79.809934285811892, 43.266744297110769 ], [ -79.809997385825739, 43.266672997095206 ], [ -79.810036485828718, 43.266565397074316 ], [ -79.810062685829948, 43.26648439705879 ], [ -79.810088985831257, 43.26640369704328 ], [ -79.810114985833295, 43.26633189702936 ], [ -79.810141285834518, 43.266251097013793 ], [ -79.810179985838204, 43.266152396994549 ], [ -79.810193685837092, 43.26608969698281 ], [ -79.810219385839801, 43.266026996970524 ], [ -79.810245785840308, 43.265936996953364 ], [ -79.810284485845585, 43.265856596937319 ], [ -79.810310585846807, 43.265775696921786 ], [ -79.810349585849806, 43.265668096900939 ], [ -79.810376185849606, 43.265569296882177 ], [ -79.810427885855844, 43.265452696859178 ], [ -79.81045418585559, 43.265354096840483 ], [ -79.810505685862523, 43.265246496819017 ], [ -79.810544885864786, 43.26512979679655 ], [ -79.810583485869998, 43.265049296780482 ], [ -79.810608985870232, 43.264959396763402 ], [ -79.810647885874815, 43.264869796745707 ], [ -79.810699185881688, 43.264762296724335 ], [ -79.810737485888367, 43.264699696711432 ], [ -79.810763685889626, 43.264618596695875 ], [ -79.810802285894084, 43.264529296678248 ], [ -79.810816185891412, 43.264448296663296 ], [ -79.81081678588842, 43.264412296656879 ], [ -79.810829485890906, 43.264394296653087 ], [ -79.81086788589684, 43.264322796638645 ], [ -79.81090658590206, 43.264241896622536 ], [ -79.810945085906511, 43.264152596604909 ], [ -79.810983585912467, 43.264080796590427 ], [ -79.810997485909837, 43.263999896575442 ], [ -79.810998585905438, 43.263945896565858 ], [ -79.810999485901036, 43.263891796556244 ], [ -79.811013585897669, 43.263801996539684 ], [ -79.811051885903595, 43.263730296525225 ], [ -79.811090985906588, 43.263622796504372 ], [ -79.811104585905412, 43.263559796492558 ], [ -79.811204285932405, 43.26350669647853 ], [ -79.811240985944863, 43.263516096478497 ], [ -79.811289985960428, 43.263516596476308 ], [ -79.811339985973987, 43.263490296469328 ], [ -79.811377785982046, 43.263445696459641 ], [ -79.811403385983127, 43.263364796444129 ], [ -79.811416685982664, 43.26331079643397 ], [ -79.811455585986423, 43.263212396414715 ], [ -79.811494285990094, 43.263113696395479 ], [ -79.811520685991397, 43.263032896379912 ], [ -79.811559685994396, 43.262925196359028 ], [ -79.811610886002001, 43.262826696339218 ], [ -79.81163738600263, 43.262736896322103 ], [ -79.811663186005291, 43.26267419630981 ], [ -79.811701286011925, 43.262611396296933 ], [ -79.811763486029392, 43.262585296289409 ], [ -79.811825086048131, 43.262576796285011 ], [ -79.811861786061385, 43.26259509628656 ], [ -79.81191078607695, 43.2625956962844 ], [ -79.811935886084171, 43.262586996281669 ], [ -79.81196028609267, 43.262596196282189 ], [ -79.811921886086751, 43.262667896296648 ], [ -79.811897386078968, 43.262667696297775 ], [ -79.811860686066524, 43.262658196297764 ], [ -79.811811286050869, 43.262657896300055 ], [ -79.811798886047697, 43.262666696302176 ], [ -79.811786486044539, 43.262675696304328 ], [ -79.811760786040239, 43.26272019631341 ], [ -79.811734986037521, 43.262782896325703 ], [ -79.811721586037976, 43.262836996335899 ], [ -79.811708486036949, 43.262872696342832 ], [ -79.811682686033478, 43.262926596353608 ], [ -79.81166898603621, 43.263007396368522 ], [ -79.811630786029568, 43.263070196381435 ], [ -79.811591886025823, 43.263168696400662 ], [ -79.811527886016464, 43.263294096425838 ], [ -79.811488286015603, 43.263428796451507 ], [ -79.811475386017761, 43.263500596464816 ], [ -79.811436486014045, 43.263599296484124 ], [ -79.811385586005741, 43.2636886965023 ], [ -79.811322685992764, 43.263769196519512 ], [ -79.811296885988483, 43.26381389652861 ], [ -79.811245685980055, 43.263903196546806 ], [ -79.811207185974894, 43.263984096562929 ], [ -79.811180585975052, 43.264082996581685 ], [ -79.811129585966711, 43.264172496599905 ], [ -79.811078985956883, 43.264243896614857 ], [ -79.811040485950187, 43.264306796627793 ], [ -79.811002385944292, 43.26437819664222 ], [ -79.810951185937455, 43.26448559666359 ], [ -79.810924385937568, 43.264584496682367 ], [ -79.810910385940161, 43.264665396697325 ], [ -79.810884785936764, 43.264718996708019 ], [ -79.8108583859362, 43.264808896725143 ], [ -79.810820285929594, 43.264871396738002 ], [ -79.810781585925142, 43.264961196755678 ], [ -79.810755285924628, 43.265050896772792 ], [ -79.810717385918849, 43.265122596787215 ], [ -79.810679385912252, 43.265185296800091 ], [ -79.810627685905999, 43.265301796823103 ], [ -79.810576785897695, 43.265391196841342 ], [ -79.81055038589713, 43.265481096858451 ], [ -79.810511585893451, 43.265579696877715 ], [ -79.810498085894622, 43.265642596889471 ], [ -79.810471585894064, 43.265732396906621 ], [ -79.810445785891332, 43.265794996918949 ], [ -79.810432385891787, 43.265848996929101 ], [ -79.810393685887334, 43.265938796946791 ], [ -79.810355185882131, 43.266019196962844 ], [ -79.81031688587548, 43.266081896975706 ], [ -79.810266285865652, 43.266153296990673 ], [ -79.810240585863014, 43.266216297003041 ], [ -79.810213985861608, 43.266296997018564 ], [ -79.810163185853298, 43.266386397036733 ], [ -79.810136985851216, 43.266458197050675 ], [ -79.810111285848564, 43.266520997062983 ], [ -79.810085285846583, 43.266592697076874 ], [ -79.810058485846696, 43.266691597095637 ], [ -79.810020485840866, 43.266763197110095 ], [ -79.809994185838789, 43.266835097124009 ], [ -79.809968085836033, 43.266897797136316 ], [ -79.809928885833756, 43.267014397158803 ], [ -79.809915585835, 43.267077297170538 ], [ -79.80988938583296, 43.267149097184479 ], [ -79.809850985827822, 43.267229697200506 ], [ -79.80986198583679, 43.267292897211192 ], [ -79.809898385850715, 43.267320197214374 ], [ -79.809947785867223, 43.267329897213763 ], [ -79.809984785877433, 43.267312097208929 ], [ -79.809997985878439, 43.267276197201959 ], [ -79.810011785876583, 43.267204297188563 ], [ -79.810025185875347, 43.267141497176794 ], [ -79.810051785875189, 43.267042697158082 ], [ -79.810090285880321, 43.266961997142012 ], [ -79.810117185879491, 43.26685439712174 ], [ -79.81015558588463, 43.266773697105634 ], [ -79.810182185884457, 43.266674797086878 ], [ -79.810208285885636, 43.266593997071404 ], [ -79.810234985886311, 43.266504097054252 ], [ -79.810273685889996, 43.266405497035009 ], [ -79.81029978589126, 43.26632489701953 ], [ -79.810325785893241, 43.266253197005589 ], [ -79.810351585896726, 43.266199396994885 ], [ -79.810402285906548, 43.266127796979838 ], [ -79.810427985909982, 43.26607409696917 ], [ -79.810478885918343, 43.265984596950936 ], [ -79.810517685922861, 43.265894996933262 ], [ -79.810569185929026, 43.265778496910258 ], [ -79.810608185931997, 43.265670696889337 ], [ -79.810647585934319, 43.265554096866857 ], [ -79.810698685941944, 43.265455596847055 ], [ -79.810749585950262, 43.265366196828886 ], [ -79.810775785952345, 43.265294396814959 ], [ -79.810802285952107, 43.265195396796145 ], [ -79.810828185952474, 43.265105796779125 ], [ -79.81085408595446, 43.265033896765182 ], [ -79.810865585958084, 43.265034196764695 ], [ -79.810878085961278, 43.265024996762463 ], [ -79.810914685975277, 43.265052596765656 ], [ -79.810938385985935, 43.265088996770999 ], [ -79.810888685972486, 43.265115296777978 ], [ -79.81087588597002, 43.265133196781726 ], [ -79.810851185962932, 43.265142096784473 ], [ -79.810838585959715, 43.265150896786594 ], [ -79.810825685957951, 43.26517769679193 ], [ -79.810825485959469, 43.265195696795153 ], [ -79.810825285961002, 43.265213896798365 ], [ -79.810824685962359, 43.265231896801602 ], [ -79.810811985959873, 43.26524969680537 ], [ -79.81081198596145, 43.265267796808544 ], [ -79.81083628596997, 43.265276996809071 ], [ -79.810860685978525, 43.265286196809527 ], [ -79.810885385986367, 43.265286396808392 ], [ -79.810910085994195, 43.265286696807301 ], [ -79.810959586008408, 43.265269196801896 ], [ -79.810972286010823, 43.265251396798199 ], [ -79.811046286033601, 43.265243096793277 ], [ -79.81103368603118, 43.265260896797002 ], [ -79.811020186032337, 43.26532379680873 ], [ -79.810968586026164, 43.26544049683185 ], [ -79.810916986020729, 43.265565996856431 ], [ -79.810865586013776, 43.265673296877836 ], [ -79.810813986007645, 43.265789996900871 ], [ -79.810737785993567, 43.265906096924979 ], [ -79.810661985977362, 43.265995596944357 ], [ -79.810598585965849, 43.266093896964684 ], [ -79.810522185952522, 43.266219196990455 ], [ -79.810458985939491, 43.266299497007601 ], [ -79.810395385927876, 43.266397897027986 ], [ -79.810344185920258, 43.266496397047788 ], [ -79.810292485914772, 43.266621897072419 ], [ -79.810265685915667, 43.266729597092741 ], [ -79.810239485914437, 43.266810497108281 ], [ -79.810200785910766, 43.266909297127583 ], [ -79.810161485907713, 43.267016897148423 ], [ -79.810110385900074, 43.267115297168218 ], [ -79.810058885893866, 43.26723189719128 ], [ -79.810020185888689, 43.267312597207372 ], [ -79.810006385891327, 43.2673933972223 ], [ -79.809967885886152, 43.26747409723837 ], [ -79.809954285888111, 43.267545897251722 ], [ -79.809954085888805, 43.267554797253325 ], [ -79.809851085874897, 43.267769897296162 ], [ -79.809800585865119, 43.267841397311152 ], [ -79.809736685855029, 43.267957897334767 ], [ -79.80972288585852, 43.268047797351279 ], [ -79.809708685861068, 43.268128897366353 ], [ -79.809682485859739, 43.268209297381802 ], [ -79.809643785854519, 43.268290197397938 ], [ -79.809605385849366, 43.268370697413928 ], [ -79.809554285841742, 43.268469197433788 ], [ -79.809490085832323, 43.268594497458935 ], [ -79.809439185824033, 43.26868399747714 ], [ -79.809387785816298, 43.268782697496952 ], [ -79.809349185811897, 43.268872297514648 ], [ -79.809309685810319, 43.26899799753874 ], [ -79.809270285808765, 43.269123397562758 ], [ -79.809218385804044, 43.269258197589053 ], [ -79.809166885797083, 43.269365497610423 ], [ -79.809115285791705, 43.269491397635107 ], [ -79.809075585791604, 43.269634797662349 ], [ -79.809022885788949, 43.269796397693405 ], [ -79.80899568579288, 43.269940197720118 ], [ -79.808968985793854, 43.27004799774042 ], [ -79.808879285780193, 43.27021809777473 ], [ -79.808828085773357, 43.270325697796146 ], [ -79.808801285774251, 43.270433397816461 ], [ -79.80875028576591, 43.270522997834725 ], [ -79.808686085756491, 43.270648297859857 ], [ -79.808659685755913, 43.270738097877 ], [ -79.808633285755391, 43.270827797894086 ], [ -79.808594585750939, 43.270917597911783 ], [ -79.808555485747874, 43.271025097932586 ], [ -79.808491785737061, 43.271132497954611 ], [ -79.808427685727708, 43.271257997979781 ], [ -79.80836398571607, 43.271356298000129 ], [ -79.808312785709973, 43.27147289802317 ], [ -79.808249285697613, 43.271562198041941 ], [ -79.808199285684879, 43.271597598050533 ], [ -79.80816198567463, 43.271615498055418 ], [ -79.808113185657504, 43.271596598054366 ], [ -79.808063785641792, 43.2715962980566 ], [ -79.808038585636169, 43.271623098062513 ], [ -79.808013085631202, 43.271658898070029 ], [ -79.807987985625573, 43.271685598075933 ], [ -79.807987085630018, 43.271739598085517 ], [ -79.807986185633609, 43.271784498093538 ], [ -79.808023085646127, 43.271793998093479 ], [ -79.80805988565784, 43.271794198091818 ], [ -79.808109085674275, 43.271803998091237 ], [ -79.808145585687484, 43.271822398092816 ], [ -79.808145585688237, 43.271831198094375 ], [ -79.808145085689659, 43.271849398097629 ], [ -79.808119085686826, 43.271911998109886 ], [ -79.808106285685923, 43.271947898116828 ], [ -79.808142385700535, 43.271984398121631 ], [ -79.808179085713775, 43.272002698123138 ], [ -79.808252485738706, 43.27202149812306 ], [ -79.808387785783296, 43.272040898120196 ], [ -79.808400185787235, 43.272040998119643 ], [ -79.808449385803641, 43.272050498119022 ], [ -79.808547685834895, 43.272051598114672 ], [ -79.808658185872375, 43.272079798114547 ], [ -79.808793385916118, 43.272090098110056 ], [ -79.808928385961394, 43.272118598108797 ], [ -79.809063386008233, 43.272164898110724 ], [ -79.809210586056608, 43.272184498107315 ], [ -79.809344686105547, 43.272257998114128 ], [ -79.809454786144471, 43.272304298117149 ], [ -79.809552586178668, 43.272341098119135 ], [ -79.809601386196562, 43.272368898121805 ], [ -79.809723986238652, 43.272405998122643 ], [ -79.809748586246499, 43.27240629812156 ], [ -79.809797186265087, 43.272442698125737 ], [ -79.809821286275081, 43.272470098129482 ], [ -79.80988248629609, 43.272488598129861 ], [ -79.809919286308613, 43.272497998129836 ], [ -79.809968486324237, 43.272498698127713 ], [ -79.809993086332071, 43.272498798126541 ], [ -79.810018086338445, 43.272481098122242 ], [ -79.810030586342378, 43.272481098121659 ], [ -79.81005528634951, 43.27247259811903 ], [ -79.81008158635079, 43.272391698103476 ], [ -79.810107186354969, 43.272346998094392 ], [ -79.810157986363265, 43.272257398076142 ], [ -79.81025828638812, 43.272177398057295 ], [ -79.810346586406737, 43.272070198034221 ], [ -79.810422286422963, 43.271980998014918 ], [ -79.810473186431338, 43.271891497996691 ], [ -79.810536586443632, 43.271802197978005 ], [ -79.810611886461274, 43.271730897961852 ], [ -79.810699786482161, 43.271650897943594 ], [ -79.810799186509811, 43.271606697931155 ], [ -79.810874086529736, 43.271562597919825 ], [ -79.810949386547378, 43.271491297903708 ], [ -79.811049986570723, 43.271393297881701 ], [ -79.811137186593726, 43.271340197868248 ], [ -79.811211886614345, 43.271304797858491 ], [ -79.811262286624853, 43.271242397845135 ], [ -79.811338386638838, 43.271126097820982 ], [ -79.811401386653387, 43.271063697807023 ], [ -79.811513186684238, 43.271010797792449 ], [ -79.81164948672442, 43.270976197779987 ], [ -79.811748686752793, 43.270941397769228 ], [ -79.811859986786644, 43.270924697761096 ], [ -79.811895886801949, 43.270969797767364 ], [ -79.811919786813462, 43.271015197774318 ], [ -79.811931586819583, 43.271042297778536 ], [ -79.811967986834318, 43.271078697783267 ], [ -79.812004586846712, 43.271087997783269 ], [ -79.812029186855341, 43.271097297783733 ], [ -79.812278286977644, 43.271594997860227 ], [ -79.812290186983802, 43.271622297864496 ], [ -79.812326186999186, 43.271667697870903 ], [ -79.81238698702164, 43.271704397874501 ], [ -79.812447787044135, 43.271741097878184 ], [ -79.812483387061718, 43.271813497889376 ], [ -79.812506787075449, 43.271885697901034 ], [ -79.812541787093622, 43.271967197913852 ], [ -79.812564887108834, 43.272057497928763 ], [ -79.812575787119357, 43.272138497942571 ], [ -79.812610587139815, 43.272246797960122 ], [ -79.812596787142525, 43.272327697975086 ], [ -79.812569987143434, 43.272435597995411 ], [ -79.81251928713435, 43.272516198012042 ], [ -79.812493187131523, 43.272578898024349 ], [ -79.81247968713275, 43.272641598036074 ], [ -79.8124532871322, 43.272731598053234 ], [ -79.812389987119985, 43.272821098072008 ], [ -79.812339487109355, 43.272883398085419 ], [ -79.812302387097574, 43.272883098087085 ], [ -79.812240587078747, 43.27289139809141 ], [ -79.81216658705597, 43.272899698096325 ], [ -79.812093087031045, 43.27288099809644 ], [ -79.812007087002115, 43.272861898097084 ], [ -79.811933586977204, 43.272843198097199 ], [ -79.811909186967853, 43.272824998095111 ], [ -79.81191078696051, 43.272734798079085 ], [ -79.811925286956523, 43.272636098060914 ], [ -79.811964886958108, 43.272510498036866 ], [ -79.811991786956483, 43.272393598014887 ], [ -79.812005986951576, 43.272285697995152 ], [ -79.812008386941315, 43.272159597972731 ], [ -79.811997986930152, 43.27206949795724 ], [ -79.812011586928975, 43.272006597945499 ], [ -79.812062686936585, 43.271907997925652 ], [ -79.812101286941839, 43.271827497909641 ], [ -79.812139486947643, 43.271755697895152 ], [ -79.812177386955824, 43.271711097885465 ], [ -79.812190386957553, 43.271684197880091 ], [ -79.812203186959266, 43.271657397874755 ], [ -79.812203786957127, 43.271630497869992 ], [ -79.812191986951021, 43.271603197865723 ], [ -79.812191986950253, 43.271594297864134 ], [ -79.811953686837583, 43.271168697799851 ], [ -79.811855286806335, 43.271167497804242 ], [ -79.811781286782775, 43.271166897807618 ], [ -79.811682486752971, 43.271183997815221 ], [ -79.811595786726954, 43.27120089782224 ], [ -79.811496486698545, 43.271235897833094 ], [ -79.811397086671633, 43.271288797847042 ], [ -79.811309886647862, 43.271333197858965 ], [ -79.81122258662478, 43.271386097872416 ], [ -79.811122086601515, 43.271484197894409 ], [ -79.81098458656642, 43.271581697918101 ], [ -79.8109087865502, 43.271670997937449 ], [ -79.810796786520868, 43.271741897955174 ], [ -79.81072178650092, 43.271786097966491 ], [ -79.810684486491439, 43.271812697972948 ], [ -79.810646186484732, 43.271875397985823 ], [ -79.810706386510162, 43.271948197995904 ], [ -79.810730786518732, 43.271957297996366 ], [ -79.810780686532198, 43.27193079798937 ], [ -79.810842786549628, 43.271904597981866 ], [ -79.810892786562349, 43.271868997973201 ], [ -79.810967586582208, 43.271824797961891 ], [ -79.811030386596698, 43.271762397947931 ], [ -79.811043686596207, 43.271708497937773 ], [ -79.811081586604317, 43.271663897928143 ], [ -79.811144486618005, 43.271592297912541 ], [ -79.811244586643554, 43.271521297895305 ], [ -79.811332386664418, 43.271441297877054 ], [ -79.811432286689922, 43.271370297859832 ], [ -79.811507086709781, 43.271326197848545 ], [ -79.811568986727863, 43.271308697842585 ], [ -79.811680286762467, 43.271300797836005 ], [ -79.811766686788346, 43.271283597828933 ], [ -79.811877986822196, 43.271266897820787 ], [ -79.811890286826085, 43.27126709782025 ], [ -79.811914586835357, 43.271285097822314 ], [ -79.811913586838969, 43.271330197830373 ], [ -79.81188728683847, 43.271419897847458 ], [ -79.811823886826161, 43.271509397866247 ], [ -79.811784986822417, 43.27160779788548 ], [ -79.811746286817993, 43.271697697903171 ], [ -79.811682686807146, 43.271804997925145 ], [ -79.811643986802707, 43.271894797942799 ], [ -79.81159248679576, 43.272002197964184 ], [ -79.811527886788596, 43.272154697994196 ], [ -79.811489186784925, 43.27225329801346 ], [ -79.811449886782597, 43.27236989803594 ], [ -79.811423186783557, 43.272477698056285 ], [ -79.811359386772665, 43.272584998078216 ], [ -79.811321586764606, 43.272629798087905 ], [ -79.811272086749682, 43.272638198091705 ], [ -79.811186186720761, 43.272619498092396 ], [ -79.811113286692901, 43.27256459808607 ], [ -79.81116498669833, 43.272439098061433 ], [ -79.811095186658093, 43.272231298027911 ], [ -79.811414986707149, 43.271631197906821 ], [ -79.811390986696381, 43.271594897901522 ], [ -79.811341786679975, 43.271585397902108 ], [ -79.810864386590822, 43.272299098050652 ], [ -79.810553886482836, 43.272189498045741 ], [ -79.810529386473476, 43.272171098043572 ], [ -79.810467786453913, 43.272170498046364 ], [ -79.810405986435043, 43.272179098050756 ], [ -79.810330886417475, 43.272249998066769 ], [ -79.81025488640114, 43.272339398086174 ], [ -79.810204586390668, 43.272401998099582 ], [ -79.810178786387155, 43.272455798110286 ], [ -79.810153486382262, 43.272491598117838 ], [ -79.810140786379762, 43.272509398121542 ], [ -79.810103786368828, 43.27251799812479 ], [ -79.810053686356014, 43.272553398133383 ], [ -79.809991686337881, 43.272570898139378 ], [ -79.809930086319099, 43.272579198143696 ], [ -79.809856286294874, 43.272569498145408 ], [ -79.809782886269161, 43.272541798143941 ], [ -79.809746186255893, 43.27252319814238 ], [ -79.809709786242777, 43.272504998140853 ], [ -79.809685286233403, 43.272486598138691 ], [ -79.809660986224117, 43.272468498136639 ], [ -79.809611786208492, 43.272467998138836 ], [ -79.809550586188237, 43.272458098139928 ], [ -79.809452186155383, 43.272439198141186 ], [ -79.809354286121163, 43.272402098139203 ], [ -79.809244286082247, 43.272355898136077 ], [ -79.809121786040137, 43.272318698135258 ], [ -79.809036086010565, 43.272290798134264 ], [ -79.808901185965325, 43.272262398135496 ], [ -79.808790685927846, 43.272234298135679 ], [ -79.808667585887932, 43.272223898139607 ], [ -79.80853288584197, 43.272186398139212 ], [ -79.808422485804471, 43.272158298139374 ], [ -79.808336585775606, 43.272139398140041 ], [ -79.808213885734233, 43.272111098140755 ], [ -79.808217185734534, 43.272102598139057 ], [ -79.808152485714388, 43.2721066981428 ], [ -79.808115385702607, 43.272106198144449 ], [ -79.808065785688413, 43.272123798149856 ], [ -79.808027785681858, 43.272186298162694 ], [ -79.808001885678294, 43.272239998173411 ], [ -79.807988485678749, 43.272293798183554 ], [ -79.80795008567361, 43.272374698199656 ], [ -79.807910585672019, 43.27250019822371 ], [ -79.807859385664415, 43.272598898243551 ], [ -79.807795985652106, 43.272688098262286 ], [ -79.8077448856437, 43.272777598280506 ], [ -79.807706085639978, 43.272876298299785 ], [ -79.807717485648325, 43.272930498308824 ], [ -79.807740585661961, 43.273002698320568 ], [ -79.807727185662415, 43.273056598330733 ], [ -79.80768808565935, 43.27316419835158 ], [ -79.807649085655626, 43.273262898370881 ], [ -79.807621885658719, 43.273397598395988 ], [ -79.807569485656188, 43.27355919842703 ], [ -79.80753038565318, 43.273666898447921 ], [ -79.807517385652218, 43.273702598454804 ], [ -79.807465785646812, 43.273828398479488 ], [ -79.807402485632949, 43.273899598495007 ], [ -79.807363185631402, 43.274025398519143 ], [ -79.807298685624303, 43.274177698549074 ], [ -79.807234185616338, 43.274321098577474 ], [ -79.807182885608654, 43.274419498597283 ], [ -79.807118885599323, 43.274545098622475 ], [ -79.807067585592407, 43.274652498643846 ], [ -79.806990685581297, 43.27480469867438 ], [ -79.806938785576563, 43.27493939870061 ], [ -79.806874785566393, 43.275055598724137 ], [ -79.806810185559243, 43.2752081987542 ], [ -79.806757685556704, 43.275369598785161 ], [ -79.806706085550488, 43.27548609880823 ], [ -79.806667185547553, 43.275593898829086 ], [ -79.806627585545911, 43.275719498853142 ], [ -79.806600485548273, 43.27584529887671 ], [ -79.806561385545265, 43.27595269889752 ], [ -79.80653458554697, 43.276069798919508 ], [ -79.806495685543226, 43.276168198938741 ], [ -79.806431885533129, 43.276284698962321 ], [ -79.806380385526197, 43.276392198983693 ], [ -79.806341685521744, 43.276481999001405 ], [ -79.806289485517738, 43.276625499029251 ], [ -79.806237885511521, 43.276741899052226 ], [ -79.806199185507083, 43.276831599069887 ], [ -79.806148585497269, 43.27690309908494 ], [ -79.806085485484274, 43.276983399102079 ], [ -79.80605948548147, 43.277046199114423 ], [ -79.805982485470338, 43.277198399144879 ], [ -79.805955585471978, 43.277315299166837 ], [ -79.805916085470471, 43.277440999190929 ], [ -79.805889285472148, 43.277557799212865 ], [ -79.80586268547232, 43.27765659923157 ], [ -79.805786585457525, 43.277763699254052 ], [ -79.805710685442037, 43.277861999275018 ], [ -79.805623085420493, 43.277933199291688 ], [ -79.805572785409197, 43.277986599303468 ], [ -79.80555948540966, 43.278040599313627 ], [ -79.805570185419342, 43.278112599325851 ], [ -79.805580685431295, 43.278211699342904 ], [ -79.805554385430781, 43.278301599360084 ], [ -79.805503185422381, 43.278391099378304 ], [ -79.80547568542616, 43.278534299404882 ], [ -79.805423785421411, 43.278668699431115 ], [ -79.805409185426996, 43.278785699452499 ], [ -79.805382385428686, 43.278902499474427 ], [ -79.805330585422411, 43.279018899497395 ], [ -79.805254385409171, 43.279144399523176 ], [ -79.805189785401993, 43.279296699553093 ], [ -79.805113085389365, 43.279430899580461 ], [ -79.805073685387839, 43.27955659960449 ], [ -79.805059185392636, 43.27966459962429 ], [ -79.804995285383313, 43.279789799649429 ], [ -79.804918985369284, 43.279906199673597 ], [ -79.804843085353767, 43.280004499694527 ], [ -79.804767385337541, 43.280093699713824 ], [ -79.804715785331382, 43.280210199736828 ], [ -79.804677285326164, 43.280290699752896 ], [ -79.804675785331995, 43.28036289976572 ], [ -79.804699785342748, 43.280398999770973 ], [ -79.804748585360642, 43.280426699773649 ], [ -79.804821585387742, 43.28047229977826 ], [ -79.804931785425921, 43.28050949977974 ], [ -79.805078885475837, 43.280547199779562 ], [ -79.805238685529005, 43.280575899777169 ], [ -79.805385885578161, 43.280604399775406 ], [ -79.805545085633497, 43.280660199777856 ], [ -79.805679985679589, 43.280698099778277 ], [ -79.805827685727294, 43.280708599773291 ], [ -79.80596278577184, 43.280728099770393 ], [ -79.806097585817852, 43.280765499770752 ], [ -79.806220085859906, 43.280802699771634 ], [ -79.806342785902075, 43.280839899772531 ], [ -79.806440685935556, 43.280867999772937 ], [ -79.806502085956666, 43.280886799773427 ], [ -79.806784386051902, 43.280952799771981 ], [ -79.80690678609318, 43.280981199771261 ], [ -79.807054186142423, 43.281009699769477 ], [ -79.807225886200925, 43.281056399769739 ], [ -79.807397586258602, 43.281094099768438 ], [ -79.807581586321078, 43.281141199768157 ], [ -79.807778186386713, 43.281179199765738 ], [ -79.807950086443711, 43.281207999762856 ], [ -79.808097186493626, 43.281245599762634 ], [ -79.808243986544213, 43.281292299764104 ], [ -79.808366986584886, 43.281311299761747 ], [ -79.808502386628717, 43.281321799757272 ], [ -79.808662186681886, 43.281350399754899 ], [ -79.808821686735726, 43.281388299754191 ], [ -79.808980786791039, 43.281443999756654 ], [ -79.809164786852648, 43.281481699754771 ], [ -79.80932448690578, 43.281510499752429 ], [ -79.809484586956714, 43.281512199745251 ], [ -79.80962018700059, 43.281522299740729 ], [ -79.809730787036543, 43.281532899737456 ], [ -79.809841787071832, 43.281533899732452 ], [ -79.809964487112424, 43.281553199730183 ], [ -79.810099587157708, 43.281581599728874 ], [ -79.810246887207782, 43.281619899728824 ], [ -79.810369087250507, 43.281666099731304 ], [ -79.810454687280114, 43.281693899732225 ], [ -79.810552987313699, 43.281721899732609 ], [ -79.810626787337171, 43.281722799729351 ], [ -79.810700287362081, 43.281741499729243 ], [ -79.810810987398852, 43.281760699727464 ], [ -79.810946087443398, 43.281780099724607 ], [ -79.811044787474799, 43.281781199720221 ], [ -79.811180087517769, 43.281782599714141 ], [ -79.811266387546013, 43.281792399711904 ], [ -79.811303387557004, 43.28178379970867 ], [ -79.81131818755226, 43.281675899688835 ], [ -79.811320287542756, 43.281558899668049 ], [ -79.811296987529033, 43.281486599656333 ], [ -79.811248987507511, 43.281413999645721 ], [ -79.811189187480593, 43.281323199632418 ], [ -79.811166587464825, 43.281224199615984 ], [ -79.811193487463129, 43.281107299594026 ], [ -79.811244987470104, 43.280999699572618 ], [ -79.811320487486242, 43.280910599553373 ], [ -79.811383187501477, 43.280857199540975 ], [ -79.811420187513264, 43.28085759953931 ], [ -79.81144368752544, 43.280911799547837 ], [ -79.811441887533505, 43.281010799565387 ], [ -79.811452187545385, 43.28110999958249 ], [ -79.811462987555885, 43.281191299596365 ], [ -79.811460487566862, 43.281326199620374 ], [ -79.81144508757454, 43.281469999646518 ], [ -79.811442487585481, 43.281605199670558 ], [ -79.811427587592533, 43.281740099695085 ], [ -79.811451087604709, 43.281794299703613 ], [ -79.811487487619416, 43.281830699708358 ], [ -79.811548387641963, 43.281867299711983 ], [ -79.811621487668305, 43.281904199715115 ], [ -79.811731687707308, 43.281950299718176 ], [ -79.81185418774939, 43.281987699719075 ], [ -79.811964387787569, 43.282024899720533 ], [ -79.812110887840447, 43.28209849972675 ], [ -79.812245187887811, 43.282153799730267 ], [ -79.812380487933197, 43.282182299728987 ], [ -79.812540087985511, 43.282201799725009 ], [ -79.812650588023018, 43.282230099724877 ], [ -79.81274838805804, 43.282276099728449 ], [ -79.812895788106459, 43.282295599725046 ], [ -79.813091988173554, 43.282351599725864 ], [ -79.813288688238458, 43.282380799721835 ], [ -79.813533888321103, 43.282437299720435 ], [ -79.81371798838363, 43.282484799720272 ], [ -79.813890188439899, 43.282504599715722 ], [ -79.813964388461955, 43.282487399709218 ], [ -79.814026988477892, 43.282442899698431 ], [ -79.814113888502433, 43.282407899688231 ], [ -79.814200988526153, 43.282363699676367 ], [ -79.814287988550689, 43.282328699666088 ], [ -79.814387688576858, 43.282266699650457 ], [ -79.814450188592801, 43.28222229963972 ], [ -79.814586688631493, 43.282169599624005 ], [ -79.814736488671301, 43.282081299601444 ], [ -79.814860988704552, 43.282010399583086 ], [ -79.814986088735679, 43.28191269956001 ], [ -79.815123488771519, 43.281823999537941 ], [ -79.815260888807316, 43.281735299515766 ], [ -79.815348188829589, 43.281673299500802 ], [ -79.8154473888588, 43.281647299491524 ], [ -79.815509488876955, 43.281629799485593 ], [ -79.815595588904358, 43.281630799481746 ], [ -79.815718388945754, 43.28165919948102 ], [ -79.815840888987097, 43.281688199480485 ], [ -79.815938589022082, 43.281733999484061 ], [ -79.815974489039007, 43.281797399493577 ], [ -79.815972989045576, 43.281878099507942 ], [ -79.815971589051401, 43.281950499520782 ], [ -79.815982589060425, 43.282013699531454 ], [ -79.815994089067985, 43.282058799538923 ], [ -79.816030489082692, 43.282095199543683 ], [ -79.816102789111952, 43.282167899553137 ], [ -79.81618818914302, 43.282213699557275 ], [ -79.816274289171218, 43.282223699555018 ], [ -79.816372589204036, 43.282242999553873 ], [ -79.816507889247845, 43.28225329954936 ], [ -79.816655189296995, 43.282281599547531 ], [ -79.816802389346961, 43.282319299547353 ], [ -79.816961889400815, 43.282356999546579 ], [ -79.817207289483534, 43.282413699545216 ], [ -79.817366889537396, 43.282450899544379 ], [ -79.817514089587377, 43.282488699544182 ], [ -79.817685489645783, 43.282535499544473 ], [ -79.817869689708246, 43.282582399544239 ], [ -79.818066089773822, 43.282620499541821 ], [ -79.818238089830871, 43.282649199538852 ], [ -79.818360989871579, 43.282669199536677 ], [ -79.818483689912895, 43.282697399535977 ], [ -79.818520489925419, 43.2827066995359 ], [ -79.818863990040896, 43.282782399533261 ], [ -79.819035990098754, 43.282820499532029 ], [ -79.819158490141561, 43.282866299534447 ], [ -79.81926839018044, 43.282912599537475 ], [ -79.819390990221819, 43.282940899536825 ], [ -79.81950149025846, 43.282959999535031 ], [ -79.819648990307741, 43.282988599533233 ], [ -79.819808690360844, 43.283017199530853 ], [ -79.81995639040862, 43.283027999525885 ], [ -79.820127890467859, 43.283083599527728 ], [ -79.820286990523115, 43.283139299530191 ], [ -79.820434390573112, 43.283176799529919 ], [ -79.820606290629385, 43.283197099525516 ], [ -79.820754090677198, 43.283207699520517 ], [ -79.820901590724844, 43.283218299515518 ], [ -79.821085190789503, 43.283292099520004 ], [ -79.821207090833767, 43.283356399525736 ], [ -79.821366690887615, 43.283394099524976 ], [ -79.82152629094071, 43.28342269952261 ], [ -79.821673890989203, 43.2834421995192 ], [ -79.821747691013442, 43.283451999517489 ], [ -79.822018091102578, 43.283490799511718 ], [ -79.822189691161043, 43.283537599512016 ], [ -79.822299391201426, 43.283601799518266 ], [ -79.822396791237907, 43.283665899525097 ], [ -79.822519691278544, 43.283685099522749 ], [ -79.82267929133161, 43.283713799520392 ], [ -79.822863591391751, 43.28373359951533 ], [ -79.823036191447514, 43.283745099509275 ], [ -79.823171291492002, 43.283764399506438 ], [ -79.823306591536578, 43.283783799503546 ], [ -79.823502591604424, 43.283848899505962 ], [ -79.823637591648918, 43.283868399503135 ], [ -79.823723091680804, 43.283923099508797 ], [ -79.823734291689036, 43.283977199517849 ], [ -79.823720491690949, 43.284049099531209 ], [ -79.82369389169115, 43.284148099549945 ], [ -79.823643091682001, 43.284227799566445 ], [ -79.823591391676558, 43.284353499591084 ], [ -79.823539691671144, 43.284478999615665 ], [ -79.823537091681288, 43.284604899638069 ], [ -79.82359739170758, 43.284686699649768 ], [ -79.823682791738662, 43.284732699653929 ], [ -79.823805591779234, 43.284751899651589 ], [ -79.823989591841638, 43.284798699651304 ], [ -79.824161691898766, 43.28482769964841 ], [ -79.824370491967485, 43.284856599643817 ], [ -79.824591292042371, 43.284913099643489 ], [ -79.824812292115766, 43.284951299639964 ], [ -79.824996192178986, 43.285007299641336 ], [ -79.825192592244534, 43.285045199638887 ], [ -79.825364392303072, 43.285092099639144 ], [ -79.825572992373324, 43.285139299637834 ], [ -79.82575669243721, 43.285204299640718 ], [ -79.825916292491087, 43.285241699639954 ], [ -79.826026692526952, 43.285251899636577 ], [ -79.826076692540525, 43.285225299629531 ], [ -79.826115492544204, 43.285126899610354 ], [ -79.826154592548065, 43.285028599591108 ], [ -79.826218592556586, 43.284894299564421 ], [ -79.826295592567732, 43.28474199953385 ], [ -79.826334792569199, 43.284616299509779 ], [ -79.826398692579275, 43.284499899486235 ], [ -79.826487092598711, 43.284401799464767 ], [ -79.826536692612123, 43.284375199457735 ], [ -79.826585492629221, 43.284393799458734 ], [ -79.826622492642585, 43.284412299460286 ], [ -79.826647692647413, 43.284376299452795 ], [ -79.826685892654069, 43.284313799439936 ], [ -79.826699192654345, 43.284268899431389 ], [ -79.826787292674581, 43.284180399411639 ], [ -79.826813692674307, 43.284081599392877 ], [ -79.82682749267164, 43.284000599377954 ], [ -79.826867092672416, 43.283865999352265 ], [ -79.82697029268401, 43.283623999304631 ], [ -79.827086092699616, 43.283382099256457 ], [ -79.827150792705254, 43.283211699223287 ], [ -79.827240692717297, 43.283023399185787 ], [ -79.827305592722254, 43.282843999151062 ], [ -79.827407992738301, 43.282655899112996 ], [ -79.827498692746644, 43.282422199067405 ], [ -79.827576592753303, 43.282215399027187 ], [ -79.827666592764572, 43.282017598988048 ], [ -79.827743992774984, 43.281855698955773 ], [ -79.827808192782754, 43.281711698927332 ], [ -79.827923292800364, 43.281495798883775 ], [ -79.827988492804479, 43.281306098847161 ], [ -79.82806709281202, 43.281106998808298 ], [ -79.828157192823213, 43.280907698768829 ], [ -79.828235492828199, 43.28068049872499 ], [ -79.828338892839582, 43.28043559867681 ], [ -79.828416592846779, 43.280235498637815 ], [ -79.828480492856727, 43.280117498613983 ], [ -79.828596992870672, 43.279854198561928 ], [ -79.828661092880779, 43.279736798538217 ], [ -79.8287129928854, 43.279601098511741 ], [ -79.828778092890218, 43.279420298476779 ], [ -79.828880592904738, 43.279213798435421 ], [ -79.828945792909678, 43.27903389840057 ], [ -79.828957892913536, 43.279034098400032 ], [ -79.828995092917495, 43.278944198382412 ], [ -79.829020692921674, 43.278899498373335 ], [ -79.829180092975506, 43.278937198372518 ], [ -79.829231292982342, 43.27882969835116 ], [ -79.82905979292471, 43.278791898352438 ], [ -79.832041493254181, 43.271735896965069 ], [ -79.832385193369731, 43.271811296962419 ], [ -79.833238493457969, 43.26972189655288 ], [ -79.833336693490736, 43.269740996551711 ], [ -79.833361293498541, 43.269741296550635 ], [ -79.833993893736533, 43.270170896597151 ], [ -79.834066493765832, 43.270243496606632 ], [ -79.833923993809321, 43.271259596793094 ], [ -79.834451493986393, 43.271373196788652 ], [ -79.837654395062501, 43.272072096763132 ], [ -79.837356795033912, 43.272825496910286 ], [ -79.840351396039893, 43.273477196886098 ], [ -79.84169549617792, 43.27017709623955 ], [ -79.842750796532954, 43.270412896232095 ], [ -79.841406596394876, 43.273712896878664 ], [ -79.844352097384444, 43.274355096855011 ], [ -79.845747497529302, 43.270947596187106 ], [ -79.846508397784433, 43.271108096180043 ], [ -79.845125097644257, 43.274525096849082 ], [ -79.849126298988168, 43.275393796816353 ], [ -79.850134199091528, 43.272918696331445 ], [ -79.850947199179316, 43.270972695949268 ], [ -79.851671099422745, 43.271133095943895 ], [ -79.849850699230174, 43.275535996807712 ], [ -79.851654899836561, 43.275932396793763 ], [ -79.851949599934898, 43.275989396790138 ], [ -79.854024100630326, 43.276424396770395 ], [ -79.854368000745126, 43.276490896766113 ], [ -79.854478400782568, 43.276519096765931 ], [ -79.854540000802174, 43.276519696763188 ], [ -79.854577400811678, 43.2764928967567 ], [ -79.854590500811909, 43.276448096748162 ], [ -79.854542000793359, 43.276411596743998 ], [ -79.854493000777026, 43.276402196744598 ], [ -79.854407200746593, 43.276365196742063 ], [ -79.852492600103531, 43.275949896757822 ], [ -79.853047500163527, 43.274622696497168 ], [ -79.856174001228624, 43.275473396501937 ], [ -79.85559780114616, 43.276620396731722 ], [ -79.855584601146703, 43.276674096741814 ], [ -79.855571201147171, 43.276728096752009 ], [ -79.855595401157203, 43.27675529675566 ], [ -79.855644201175068, 43.276782796758255 ], [ -79.855693301191494, 43.276792496757686 ], [ -79.855877101253824, 43.276839196757372 ], [ -79.861018302989805, 43.278061196733901 ], [ -79.861374103109966, 43.27814569673221 ], [ -79.861423203126364, 43.278155196731639 ], [ -79.861484703145862, 43.278155896728869 ], [ -79.861521903156131, 43.278138296724059 ], [ -79.861559603165745, 43.278111496717536 ], [ -79.861572603166749, 43.2780755967106 ], [ -79.86215170323436, 43.276748596448861 ], [ -79.862190403239566, 43.276667896432777 ], [ -79.862190903237376, 43.276640996427965 ], [ -79.862179203231278, 43.276613896423761 ], [ -79.862044203185249, 43.276576596423432 ], [ -79.861909103139993, 43.276548096424698 ], [ -79.86168830306508, 43.276491996425079 ], [ -79.861614403041571, 43.276490996428358 ], [ -79.861565403024457, 43.276472696427369 ], [ -79.861467402990968, 43.276444696426992 ], [ -79.861295602933211, 43.276407096428372 ], [ -79.86117290289188, 43.276378796429029 ], [ -79.861136002879377, 43.276369496429119 ], [ -79.861074902858348, 43.276350796428652 ], [ -79.860989002827935, 43.276313996426182 ], [ -79.860890902795973, 43.27630399642895 ], [ -79.860792102763796, 43.276293996431811 ], [ -79.860669702722518, 43.276265696432532 ], [ -79.86053470267646, 43.276228296432201 ], [ -79.860424802637638, 43.276182196429133 ], [ -79.860364602611426, 43.27610059641755 ], [ -79.860284402557596, 43.27577539636372 ], [ -79.860261302544018, 43.27570319635204 ], [ -79.860261802540251, 43.275658296344048 ], [ -79.860238302528828, 43.275612996337173 ], [ -79.860190602506577, 43.275531496324952 ], [ -79.860179002498185, 43.275477496315979 ], [ -79.860155502485995, 43.275423196307415 ], [ -79.860156602481624, 43.275368996297807 ], [ -79.860414402567486, 43.275416696294208 ], [ -79.860440102570905, 43.275362796283474 ], [ -79.860157802475712, 43.275297096285016 ], [ -79.860122202457333, 43.275215596272275 ], [ -79.860124202448546, 43.275107696253052 ], [ -79.860114502435209, 43.274990496232803 ], [ -79.860103502424678, 43.274909396218973 ], [ -79.860301502483665, 43.274866396202135 ], [ -79.860559102570249, 43.274922996200139 ], [ -79.860545302572888, 43.275003696215066 ], [ -79.860643702605756, 43.275022896213883 ], [ -79.860669602607686, 43.27495079619991 ], [ -79.86074340263194, 43.274960796198194 ], [ -79.860562802612293, 43.27539119628279 ], [ -79.860525802599696, 43.275381696282857 ], [ -79.860500502595613, 43.275426696291994 ], [ -79.860623302637023, 43.275454796291193 ], [ -79.861087802686313, 43.274333896071262 ], [ -79.861359802768803, 43.274291596051128 ], [ -79.861482002812366, 43.274346796055156 ], [ -79.861211102782917, 43.274992396181993 ], [ -79.861358402832863, 43.275029896181771 ], [ -79.860933002784975, 43.276025196377667 ], [ -79.861006602809951, 43.276043996377588 ], [ -79.86120000283131, 43.275586696287689 ], [ -79.861813503038022, 43.275727796284059 ], [ -79.861607803012745, 43.276184996374504 ], [ -79.861669003033768, 43.276203596374906 ], [ -79.861862603055215, 43.275746296284986 ], [ -79.862464003257344, 43.275878396280341 ], [ -79.86225810323198, 43.276335496370805 ], [ -79.862331803257021, 43.276354396370706 ], [ -79.862525203278366, 43.27589699628075 ], [ -79.862758303356358, 43.275944196278282 ], [ -79.862784103359786, 43.275890496267564 ], [ -79.862563003285615, 43.275843296269521 ], [ -79.862846803316799, 43.275170796137338 ], [ -79.86277320329188, 43.275151996137403 ], [ -79.862489503260718, 43.275824696269638 ], [ -79.861900503062543, 43.275692596273757 ], [ -79.862184103094478, 43.275029296143209 ], [ -79.862134803078007, 43.275019596143771 ], [ -79.861851603045409, 43.275674196272782 ], [ -79.861250402842572, 43.275533096275851 ], [ -79.861301602849437, 43.275425596254436 ], [ -79.861763602909718, 43.274439796058481 ], [ -79.861653102872225, 43.274411396058646 ], [ -79.861691802876678, 43.274321996040989 ], [ -79.86236900309342, 43.274346596013785 ], [ -79.862368803094924, 43.274364496016943 ], [ -79.86271370320533, 43.274377096003093 ], [ -79.862547403181608, 43.274708596069516 ], [ -79.863430103482514, 43.274951596071354 ], [ -79.863435303459823, 43.274672396021685 ], [ -79.863004203322035, 43.274659196039437 ], [ -79.863074703302743, 43.274182595951892 ], [ -79.86330910337567, 43.274166795938115 ], [ -79.86337130339308, 43.274140495930567 ], [ -79.863642603478482, 43.274133995916792 ], [ -79.863641503541047, 43.274854496044306 ], [ -79.864356203767372, 43.274852596010625 ], [ -79.864350503734059, 43.274492295947198 ], [ -79.864375403741221, 43.274483595944474 ], [ -79.864400003749054, 43.274483895943384 ], [ -79.864425103755408, 43.27446609593904 ], [ -79.86446250376494, 43.27443949593264 ], [ -79.864499703775195, 43.274421795927772 ], [ -79.864549203790119, 43.274413295923928 ], [ -79.86461110380904, 43.274404695919507 ], [ -79.864685303830242, 43.274378595911429 ], [ -79.864759703852329, 43.274361395904918 ], [ -79.864797203861826, 43.274334595898431 ], [ -79.864809803864333, 43.274316895894707 ], [ -79.864847603872377, 43.27427209588506 ], [ -79.864872603878752, 43.27425439588076 ], [ -79.864897603885112, 43.274236795876455 ], [ -79.864934703896154, 43.27422809587322 ], [ -79.86495930390393, 43.274228295872071 ], [ -79.865020903923565, 43.274228995869315 ], [ -79.865021903918347, 43.27416589585814 ], [ -79.865022903914749, 43.274120995850112 ], [ -79.86522030397667, 43.274113895839648 ], [ -79.865224103959804, 43.273906895802874 ], [ -79.865507404049794, 43.273909595790172 ], [ -79.865506304054193, 43.273963595799763 ], [ -79.865715604122258, 43.273983695793532 ], [ -79.865716904117193, 43.273920795782345 ], [ -79.865864604164059, 43.273921995775716 ], [ -79.865912604185596, 43.27399449578629 ], [ -79.865949904195915, 43.273976995781446 ], [ -79.866011804214011, 43.273959695775467 ], [ -79.866135404250898, 43.273933695765116 ], [ -79.866247104283232, 43.273898895753774 ], [ -79.866383304323421, 43.273864095741274 ], [ -79.866495104354982, 43.273820395728301 ], [ -79.866618704392664, 43.273803495719541 ], [ -79.866741104434709, 43.273840695720423 ], [ -79.866863704476813, 43.273877995721335 ], [ -79.866788404459186, 43.273949295737467 ], [ -79.866860804489278, 43.274030995748497 ], [ -79.8669726045201, 43.27397819573396 ], [ -79.86709550456149, 43.274006495733239 ], [ -79.867118304576579, 43.274096495748083 ], [ -79.867166204598917, 43.274178295760358 ], [ -79.867263404636049, 43.274251095768697 ], [ -79.867360804672515, 43.274314995775455 ], [ -79.867458504708267, 43.274370195780669 ], [ -79.867509104717286, 43.274289695764054 ], [ -79.867609204742777, 43.274218495746794 ], [ -79.86768450475968, 43.274138295729095 ], [ -79.867723004764002, 43.274048595711442 ], [ -79.867712404752794, 43.273958495695972 ], [ -79.867702004740821, 43.273859395678919 ], [ -79.867801904766267, 43.273788195661695 ], [ -79.86786510477927, 43.273707695644475 ], [ -79.867891304779789, 43.273618195627421 ], [ -79.867917604780203, 43.273528195610275 ], [ -79.867968604788601, 43.27343869559207 ], [ -79.86801960479616, 43.273340395572312 ], [ -79.86807050480526, 43.273259695555645 ], [ -79.868170004832123, 43.273206595541602 ], [ -79.868269904857598, 43.273135595524401 ], [ -79.868320904865911, 43.273045995506216 ], [ -79.868384504877497, 43.272947495485781 ], [ -79.868459904894337, 43.27286729546806 ], [ -79.868547104916516, 43.272804895452957 ], [ -79.868671304952073, 43.272761195439443 ], [ -79.868794704989739, 43.27274459543078 ], [ -79.868930605032077, 43.272736795423079 ], [ -79.869078905076904, 43.27271139541164 ], [ -79.869202205115272, 43.272703595404515 ], [ -79.86933800515763, 43.272695795396821 ], [ -79.869253005124335, 43.272623095387878 ], [ -79.869142605086125, 43.272585995386471 ], [ -79.869020005044803, 43.272557695387192 ], [ -79.868896905004931, 43.272547595391146 ], [ -79.868761604961918, 43.272546195397233 ], [ -79.868638704920485, 43.272517795397931 ], [ -79.868516204879242, 43.272489695398662 ], [ -79.868380604836105, 43.272488195404726 ], [ -79.86825730479697, 43.272487095410249 ], [ -79.868134304757064, 43.272476795414171 ], [ -79.868011204717973, 43.272475795419744 ], [ -79.867888104678059, 43.272465295423636 ], [ -79.867765604635238, 43.272419195421193 ], [ -79.867629704593597, 43.272435995430527 ], [ -79.867506904552215, 43.272407495431167 ], [ -79.867545904555996, 43.272309095411927 ], [ -79.86752260454152, 43.272227995398673 ], [ -79.867598004558388, 43.272147395380919 ], [ -79.867624604558941, 43.272057695363799 ], [ -79.867383104458654, 43.271785095326834 ], [ -79.867390304426308, 43.271388995256423 ], [ -79.867402804430327, 43.271389195255878 ], [ -79.867440404439094, 43.271353295247771 ], [ -79.867552404469961, 43.271300495233213 ], [ -79.867639804492214, 43.271238295218126 ], [ -79.867751704522291, 43.271176395201977 ], [ -79.867875004561455, 43.27117759519642 ], [ -79.867997404603514, 43.271214895197346 ], [ -79.868120004645604, 43.271252095198221 ], [ -79.868243704683351, 43.271235395189485 ], [ -79.86828210468768, 43.271145595171795 ], [ -79.868320704692067, 43.271055995154121 ], [ -79.86800300457935, 43.27091779514452 ], [ -79.868179504616563, 43.270703395098344 ], [ -79.868399604694332, 43.270795495104394 ], [ -79.868682304787342, 43.270834595098101 ], [ -79.869154804917017, 43.270605095035492 ], [ -79.869369904958603, 43.270300794971575 ], [ -79.869235404911151, 43.270245494968094 ], [ -79.869437504951733, 43.269977394911244 ], [ -79.869438004950325, 43.269959494908079 ], [ -79.869462504958122, 43.269959794906931 ], [ -79.869536904980194, 43.269942494900448 ], [ -79.869672605021719, 43.269925794891165 ], [ -79.869795305063093, 43.2699539948904 ], [ -79.869893005098874, 43.270009094895592 ], [ -79.869990505133771, 43.270054994899198 ], [ -79.870100305173395, 43.270110094903828 ], [ -79.870197905209906, 43.270174094910615 ], [ -79.870295305246287, 43.270237994917338 ], [ -79.870392905282046, 43.270293094922543 ], [ -79.870477905314573, 43.270356994929877 ], [ -79.870488305326518, 43.270456094946915 ], [ -79.870462205326092, 43.270545894964037 ], [ -79.870472505337986, 43.270645094981127 ], [ -79.870458705341505, 43.270734994997653 ], [ -79.870444705344909, 43.270824995014245 ], [ -79.870430505349034, 43.270923895032389 ], [ -79.870355105332195, 43.27100409505011 ], [ -79.870219605289932, 43.271011795057767 ], [ -79.870131805268301, 43.271082995074444 ], [ -79.870068705255349, 43.271163295091618 ], [ -79.870091505271205, 43.271262595108112 ], [ -79.870102305282558, 43.271352895123599 ], [ -79.870100305290578, 43.271451995141227 ], [ -79.870098705297877, 43.271541795157205 ], [ -79.870146305320887, 43.271632295170981 ], [ -79.870231205354145, 43.271705095179897 ], [ -79.870303705383492, 43.271778095189418 ], [ -79.870388705416772, 43.271850895198341 ], [ -79.870448805442948, 43.271932595210004 ], [ -79.870508905469094, 43.272014095221593 ], [ -79.870507405476488, 43.272104095237573 ], [ -79.870505505483777, 43.272194095253575 ], [ -79.870540505503513, 43.272293495269544 ], [ -79.870601105528323, 43.272357295278027 ], [ -79.870649605547655, 43.272402695283759 ], [ -79.870734805580227, 43.2724665952911 ], [ -79.870807305609546, 43.272539195300567 ], [ -79.870867305636494, 43.272630095313886 ], [ -79.870927305663372, 43.272720495327064 ], [ -79.871024605699802, 43.272784695333854 ], [ -79.871121905735492, 43.272839795339081 ], [ -79.871232105775206, 43.272894595343665 ], [ -79.871354105818668, 43.272949995347723 ], [ -79.871452105853706, 43.272995795351271 ], [ -79.871574305897269, 43.273050995355355 ], [ -79.871697105937074, 43.273061395351483 ], [ -79.871819305981418, 43.273125595357136 ], [ -79.87190440601394, 43.273189395364419 ], [ -79.872040106055536, 43.27317279535518 ], [ -79.872164206091028, 43.273128995341629 ], [ -79.872300906129723, 43.273076295325943 ], [ -79.872400306156592, 43.273023295311901 ], [ -79.872512706186015, 43.272952495294135 ], [ -79.872588006202832, 43.272872095276455 ], [ -79.872687806229067, 43.272809895260799 ], [ -79.87282350627062, 43.272793495251513 ], [ -79.872945906313461, 43.272839795254015 ], [ -79.873056206351578, 43.272876595255426 ], [ -79.873153706387328, 43.27293169526061 ], [ -79.873251306423072, 43.27298669526575 ], [ -79.873386406467532, 43.273006095262879 ], [ -79.873509406509001, 43.273034195262134 ], [ -79.873644506552679, 43.273044695257703 ], [ -79.873767606592565, 43.273054695253713 ], [ -79.873890306633925, 43.273082895253019 ], [ -79.874012906676029, 43.273120195253846 ], [ -79.874160706723757, 43.273130595248816 ], [ -79.874295906768324, 43.273150095245967 ], [ -79.874405506807832, 43.273204995250566 ], [ -79.874528606849324, 43.273233495249855 ], [ -79.874638506888147, 43.273279295252848 ], [ -79.874761106929455, 43.273307695252122 ], [ -79.874896006974723, 43.273336195250899 ], [ -79.875018607018376, 43.273391195254888 ], [ -79.875128407057232, 43.273437495257959 ], [ -79.875263707101738, 43.273456595255006 ], [ -79.875399307144065, 43.273449095247365 ], [ -79.875522707183279, 43.273450295241815 ], [ -79.875645507223865, 43.273469695239562 ], [ -79.875769207260802, 43.273443695229147 ], [ -79.875807907265241, 43.273353995211487 ], [ -79.875797207253143, 43.273254695194424 ], [ -79.875749507230964, 43.273173395182305 ], [ -79.87562680718959, 43.273145295183049 ], [ -79.875541807156281, 43.27307229517411 ], [ -79.875481907130165, 43.272990495162396 ], [ -79.875396907096857, 43.272917895153512 ], [ -79.875336707070687, 43.272836095141855 ], [ -79.875239707032776, 43.27275419513191 ], [ -79.875179507006536, 43.27267239512021 ], [ -79.875168906995327, 43.272582395104791 ], [ -79.875133906975563, 43.272482895088842 ], [ -79.875073606949314, 43.272401195077187 ], [ -79.87495140690659, 43.272355095074772 ], [ -79.874828106865792, 43.27233589507707 ], [ -79.874705706824614, 43.272307695077814 ], [ -79.874595706784902, 43.272252395073195 ], [ -79.874472206747214, 43.272269295081912 ], [ -79.874349606705138, 43.272232095081051 ], [ -79.874277306675097, 43.272150395069964 ], [ -79.874204706645699, 43.27207759506048 ], [ -79.874107206610034, 43.272022595055326 ], [ -79.874170006622933, 43.271942195038172 ], [ -79.874245606639093, 43.271852995018854 ], [ -79.874308806652067, 43.271772295001618 ], [ -79.874359706661139, 43.271691894985025 ], [ -79.874410706669465, 43.27160239496682 ], [ -79.874424606665244, 43.27150359494869 ], [ -79.874500206681404, 43.271414294929365 ], [ -79.874575706698337, 43.271333894911606 ], [ -79.874663506719173, 43.271253694893332 ], [ -79.87473860673667, 43.271182294877214 ], [ -79.874826206758271, 43.271111394860554 ], [ -79.874936506796445, 43.271148294861952 ], [ -79.875021306830433, 43.2712300948725 ], [ -79.875131306869321, 43.271276194875483 ], [ -79.875254106910702, 43.271304494874755 ], [ -79.875376706951997, 43.271332594874004 ], [ -79.875499406993356, 43.271360994873348 ], [ -79.875635307035722, 43.271353194865632 ], [ -79.875770407080253, 43.271372694862791 ], [ -79.875893107121627, 43.271400994862077 ], [ -79.876015707162949, 43.271429194861298 ], [ -79.876151007207497, 43.271448394858396 ], [ -79.876273607248805, 43.271476594857702 ], [ -79.876358907281372, 43.271540494864993 ], [ -79.876494207324384, 43.271541894858913 ], [ -79.876629407369677, 43.271570194857624 ], [ -79.876752707408045, 43.271562394850491 ], [ -79.876828007424933, 43.271482094832791 ], [ -79.876854607424704, 43.2713832948141 ], [ -79.876769607391452, 43.271310494805185 ], [ -79.876659607352565, 43.271264394802131 ], [ -79.876537007310461, 43.271226994801239 ], [ -79.876427007271602, 43.271181294798289 ], [ -79.876304607228761, 43.271134894795772 ], [ -79.876194107191296, 43.271106994796028 ], [ -79.876071507149973, 43.271078494796662 ], [ -79.875948807108585, 43.271050094797388 ], [ -79.875826107067311, 43.271021994798133 ], [ -79.875753507037913, 43.270949194788649 ], [ -79.875643406998989, 43.270903294785626 ], [ -79.875520806956885, 43.270865894784727 ], [ -79.875436006923678, 43.270792994775832 ], [ -79.875300606880643, 43.270791694781899 ], [ -79.875203106844168, 43.270727594775082 ], [ -79.875105406808444, 43.270672794769958 ], [ -79.874995106770243, 43.270635694768558 ], [ -79.874860206724989, 43.270607294769803 ], [ -79.874736406688029, 43.270633094780152 ], [ -79.874613606647458, 43.270613994782522 ], [ -79.874490906606098, 43.270585794783223 ], [ -79.874381206565744, 43.27052159477698 ], [ -79.874271006526016, 43.270466494772371 ], [ -79.874148306487001, 43.270465194777856 ], [ -79.874012906442459, 43.270445994780779 ], [ -79.873890306400355, 43.270408694779917 ], [ -79.873780406360709, 43.270353394775213 ], [ -79.8736578063194, 43.270325294776015 ], [ -79.87353520627731, 43.270288094775147 ], [ -79.87342490623989, 43.270259994775309 ], [ -79.873302406197013, 43.270213794772843 ], [ -79.873192506158176, 43.270167594769781 ], [ -79.873069906116086, 43.270130494768942 ], [ -79.872947506074055, 43.27009329476806 ], [ -79.87283730603589, 43.270056094766609 ], [ -79.872714405994486, 43.270027994767418 ], [ -79.872579405948429, 43.269990494767057 ], [ -79.872456605908653, 43.269980494770991 ], [ -79.872333705867234, 43.269952094771725 ], [ -79.872211105825926, 43.269923894772425 ], [ -79.872087805786762, 43.269922594777981 ], [ -79.871964205750658, 43.269957494789857 ], [ -79.87184090571148, 43.269956194795434 ], [ -79.87171770567231, 43.269954994800933 ], [ -79.871594505633169, 43.26995379480649 ], [ -79.871458805590052, 43.269952394812599 ], [ -79.871361405554396, 43.269897594807404 ], [ -79.871387505554821, 43.269807594790237 ], [ -79.871463105571777, 43.26972739477258 ], [ -79.871538405588609, 43.26964719475486 ], [ -79.8716139056055, 43.269566894737146 ], [ -79.87165250560993, 43.269477094719441 ], [ -79.871654205602596, 43.269387194703441 ], [ -79.871680405603044, 43.269297294686339 ], [ -79.871731805611518, 43.269207694668061 ], [ -79.871867505652261, 43.269182094657239 ], [ -79.87199010569357, 43.269210294656503 ], [ -79.872100105732457, 43.269256394659536 ], [ -79.872074205731323, 43.269337094674981 ], [ -79.872121605754231, 43.269427694688815 ], [ -79.872244605794904, 43.269446894686482 ], [ -79.872344305821059, 43.269384894670843 ], [ -79.872455905853414, 43.269350194659538 ], [ -79.872591305897188, 43.269360394654996 ], [ -79.872713705938438, 43.269388594654302 ], [ -79.87284910598386, 43.269417094653022 ], [ -79.872983806028984, 43.269445094651694 ], [ -79.873118906075021, 43.269482594652033 ], [ -79.873241706115664, 43.269501894649743 ], [ -79.873376006162999, 43.269557194653252 ], [ -79.873498806205205, 43.269594394654114 ], [ -79.873621406246514, 43.26962259465337 ], [ -79.873744106287802, 43.269650694652626 ], [ -79.873866706329892, 43.269687994653466 ], [ -79.873989606370543, 43.269707294651184 ], [ -79.874124906415105, 43.269726694648277 ], [ -79.874260206458899, 43.269736994643836 ], [ -79.874395506502708, 43.269747494639354 ], [ -79.874518006544719, 43.2697845946402 ], [ -79.874713706613193, 43.269858394644139 ], [ -79.874836306654501, 43.269886594643424 ], [ -79.874959306695899, 43.269914794642645 ], [ -79.875106706745086, 43.269943394640855 ], [ -79.875242006788895, 43.269953794636386 ], [ -79.87536470683024, 43.269981894635634 ], [ -79.875499806875524, 43.270010494634391 ], [ -79.875621906919008, 43.270065594638467 ], [ -79.875757006965088, 43.270102794638746 ], [ -79.875891407010911, 43.270139894639023 ], [ -79.876014007053016, 43.270177294639922 ], [ -79.876136807094426, 43.270205694639245 ], [ -79.87625940713653, 43.270242894640091 ], [ -79.876382307177153, 43.270261994637721 ], [ -79.876517407221613, 43.270281394634843 ], [ -79.876640507262323, 43.270300794632519 ], [ -79.87676280730436, 43.270337994633408 ], [ -79.876885107347903, 43.270393094637441 ], [ -79.876995207386784, 43.270439194640488 ], [ -79.877130907429105, 43.270431494632824 ], [ -79.877266007473622, 43.270450894629938 ], [ -79.877376107511793, 43.270488094631389 ], [ -79.877511307558649, 43.270534194633207 ], [ -79.877633707599898, 43.270562494632514 ], [ -79.877756707639733, 43.270572694628576 ], [ -79.877866707678649, 43.270618894631617 ], [ -79.878001707724664, 43.270656094631903 ], [ -79.878124707764513, 43.270666494628031 ], [ -79.878247607804369, 43.270676694624115 ], [ -79.878370407845779, 43.270704994623401 ], [ -79.878505307890947, 43.270733094622024 ], [ -79.878627807933782, 43.270779394624519 ], [ -79.878763107977591, 43.27078989462008 ], [ -79.878886308017513, 43.27079989461609 ], [ -79.879021808060571, 43.270801194610009 ], [ -79.879157008104301, 43.27081159460554 ], [ -79.87929230815044, 43.27084889460582 ], [ -79.879427408194132, 43.270859494601417 ], [ -79.879550608233259, 43.270860494595844 ], [ -79.879685608278521, 43.270888794594562 ], [ -79.879820508323789, 43.270917294593303 ], [ -79.879943908362137, 43.270909394586134 ], [ -79.880067008402094, 43.270919694582197 ], [ -79.880214408451238, 43.270948194580392 ], [ -79.880349408496457, 43.270976194579049 ], [ -79.880472308537094, 43.270995594576718 ], [ -79.880595008577686, 43.271014894574435 ], [ -79.880729808624451, 43.271061194576362 ], [ -79.880840008662616, 43.271098294577762 ], [ -79.880974908708581, 43.27113549457804 ], [ -79.881109808753834, 43.271163894576752 ], [ -79.881245708796214, 43.271156394569097 ], [ -79.881368808835305, 43.271157394563538 ], [ -79.881504208879932, 43.271176894560675 ], [ -79.881626708920393, 43.271195994558312 ], [ -79.881762008964955, 43.271215294555446 ], [ -79.881884909005606, 43.271234594553135 ], [ -79.882020209050111, 43.271253994550221 ], [ -79.882142709091411, 43.271282094549505 ], [ -79.882265709131246, 43.271292194545552 ], [ -79.882401309175137, 43.271302694541063 ], [ -79.882536509219648, 43.271321994538205 ], [ -79.882659009262539, 43.271368194540642 ], [ -79.882769009301427, 43.271414294543668 ], [ -79.882891809342013, 43.271433594541378 ], [ -79.883014609383352, 43.271461694540555 ], [ -79.88312470942229, 43.271507894543646 ], [ -79.883247109465046, 43.271553894546081 ], [ -79.883369409507893, 43.271600294548556 ], [ -79.883479309547525, 43.271655494553215 ], [ -79.883589409586392, 43.271701394556182 ], [ -79.883699109627543, 43.271774494563999 ], [ -79.883784009660062, 43.271838294571324 ], [ -79.88390620970435, 43.271902594576972 ], [ -79.884028409747927, 43.271957894581085 ], [ -79.884113509780434, 43.272021694588375 ], [ -79.88422300982154, 43.272094794596192 ], [ -79.8843199098594, 43.272176694606166 ], [ -79.884417209896625, 43.272249794614567 ], [ -79.88450220992992, 43.272322694623504 ], [ -79.88458720996239, 43.272386494630808 ], [ -79.884671909996399, 43.27246849464138 ], [ -79.884757110029767, 43.272541394650304 ], [ -79.884841810062966, 43.272614194659241 ], [ -79.884914510092386, 43.272686894668674 ], [ -79.884938710102432, 43.272714294672433 ], [ -79.884999510125709, 43.272759794677626 ], [ -79.885084510158165, 43.272823694684959 ], [ -79.885181910195399, 43.272896394693248 ], [ -79.885254210225455, 43.272978294704359 ], [ -79.885326610256342, 43.273068894717035 ], [ -79.885411410289549, 43.273141794725987 ], [ -79.885496310322822, 43.273214894734956 ], [ -79.885568910352191, 43.273287594744403 ], [ -79.885666010390921, 43.273378694756019 ], [ -79.885763310428914, 43.273460794766002 ], [ -79.885835710458224, 43.273533294775412 ], [ -79.885920610491453, 43.273605894784311 ], [ -79.886005510525507, 43.273687994794855 ], [ -79.886077910554832, 43.273760694804366 ], [ -79.886162710588849, 43.273842794814911 ], [ -79.886247510623662, 43.273933494826984 ], [ -79.886332110657605, 43.274015394837541 ], [ -79.886392110684554, 43.274105994850764 ], [ -79.886415110699716, 43.274196194865645 ], [ -79.886450510718063, 43.274277694878428 ], [ -79.88652291074817, 43.274359594889539 ], [ -79.886583410773639, 43.274432094899517 ], [ -79.886655610804482, 43.274522794912187 ], [ -79.88670321082742, 43.27461329492597 ], [ -79.886751110849744, 43.274694694938127 ], [ -79.886810810877407, 43.274794494952978 ], [ -79.886870510905013, 43.274893994967847 ], [ -79.886930610931969, 43.27498469498105 ], [ -79.887027210972107, 43.275093694995839 ], [ -79.887099211004426, 43.275202495011683 ], [ -79.887146611028939, 43.275310895028689 ], [ -79.88721891105979, 43.275401795041368 ], [ -79.887278711087404, 43.275501195056158 ], [ -79.887338411115067, 43.275601095071067 ], [ -79.887398611141279, 43.275682695082679 ], [ -79.887471011171328, 43.275764595093769 ], [ -79.887530911198994, 43.275863895108536 ], [ -79.887566011218055, 43.275954295122915 ], [ -79.887613911240351, 43.276035995135082 ], [ -79.887673811266467, 43.276117595146779 ], [ -79.887733911294177, 43.276217095161527 ], [ -79.887769211313326, 43.276307695175944 ], [ -79.887841111345551, 43.276416195191771 ], [ -79.887901211371783, 43.276497995203414 ], [ -79.887961311397945, 43.276579595215019 ], [ -79.888009211420197, 43.276660995227182 ], [ -79.888081611450332, 43.276742795238306 ], [ -79.888129611472635, 43.276824195250477 ], [ -79.888177011495614, 43.276914895264291 ], [ -79.888249711524978, 43.276987595273717 ], [ -79.888310011551241, 43.277069195285399 ], [ -79.888369811578102, 43.277159895298631 ], [ -79.888417511601105, 43.277250395312407 ], [ -79.888477111628731, 43.277349995327228 ], [ -79.888537411654951, 43.277431595338847 ], [ -79.888597311681863, 43.277522395352115 ], [ -79.888645211704201, 43.277603895364258 ], [ -79.888705311730334, 43.277685395375904 ], [ -79.888802011769698, 43.277785395389103 ], [ -79.888826011781319, 43.277830695395942 ], [ -79.888873711803527, 43.277912095408112 ], [ -79.888933811829702, 43.277993995419799 ], [ -79.888969111849605, 43.278093195435709 ], [ -79.889029211875766, 43.278174795447327 ], [ -79.889076611899455, 43.278274295462744 ], [ -79.889124211922464, 43.278364895476514 ], [ -79.88918461194794, 43.278437395486513 ], [ -79.889219811967806, 43.278536895502484 ], [ -79.889242711983727, 43.278636195518956 ], [ -79.889253311994949, 43.278726295534433 ], [ -79.889276112010876, 43.278825495550869 ], [ -79.889274412018992, 43.278924395568453 ], [ -79.889272712026354, 43.279014595584471 ], [ -79.889320512048599, 43.27909589559664 ], [ -79.889355712068422, 43.279195495612619 ], [ -79.889415412096056, 43.279295095627461 ], [ -79.889475412123019, 43.279385795640678 ], [ -79.889523112146819, 43.279485295656023 ], [ -79.889570612168995, 43.279566795668238 ], [ -79.889594912179064, 43.279593995671881 ], [ -79.889618712190568, 43.279639295678813 ], [ -79.88971631222708, 43.279703095685555 ], [ -79.889839712265513, 43.279695395678409 ], [ -79.889963612300946, 43.279651595664916 ], [ -79.890087212338628, 43.279634695656107 ], [ -79.890173812364552, 43.279617695649101 ], [ -79.890371212425663, 43.279601495637046 ], [ -79.890606312496431, 43.279558795618506 ], [ -79.89074241253654, 43.279524095606 ], [ -79.890816512559297, 43.279515795601085 ], [ -79.890878312577314, 43.279498395595134 ], [ -79.890965212601841, 43.279463195584853 ], [ -79.891052212627145, 43.279437295576159 ], [ -79.891261912692144, 43.279421095563514 ], [ -79.891385012732044, 43.279431495559614 ], [ -79.891520412775066, 43.279432495553472 ], [ -79.891643812813498, 43.279424795546383 ], [ -79.891779412857332, 43.279435195541886 ], [ -79.891865912883233, 43.279417895534792 ], [ -79.891964712913833, 43.279409995528752 ], [ -79.892136812969298, 43.279420695522646 ], [ -79.892260113008504, 43.279421795517095 ], [ -79.892309013026349, 43.279449295519676 ], [ -79.892419113065301, 43.279495195522621 ], [ -79.892554213109761, 43.279514695519779 ], [ -79.892677913147494, 43.279497795511034 ], [ -79.892765713167535, 43.279408495491118 ], [ -79.892828713180464, 43.279328095473957 ], [ -79.892928513206655, 43.279265995458324 ], [ -79.89305221324436, 43.279249395449639 ], [ -79.893175913280515, 43.279214495437692 ], [ -79.893275813305181, 43.279134395418815 ], [ -79.893351513321363, 43.279045095399539 ], [ -79.893377913321061, 43.27894629538077 ], [ -79.893392113317702, 43.278856295364207 ], [ -79.893394113308887, 43.278748295345054 ], [ -79.893395613301465, 43.278658195329044 ], [ -79.893397313294145, 43.278568295313072 ], [ -79.893386713282126, 43.278469295296034 ], [ -79.893364113265534, 43.27836089527792 ], [ -79.893353513252706, 43.278252595259232 ], [ -79.893367513249245, 43.278162795242757 ], [ -79.893406113254471, 43.278082095226651 ], [ -79.89346941326589, 43.277983695206295 ], [ -79.89350791327027, 43.277894095188692 ], [ -79.89350981326217, 43.277794995171071 ], [ -79.893536113262641, 43.277704995153933 ], [ -79.893587213269456, 43.277597695132528 ], [ -79.893638313277805, 43.277507995114306 ], [ -79.893689113286072, 43.277418495096107 ], [ -79.893715213286526, 43.277328795079043 ], [ -79.893667613264299, 43.277247295066815 ], [ -79.893694013264039, 43.277148495048124 ], [ -79.893596613227587, 43.27708459504138 ], [ -79.893511913192782, 43.276993595029246 ], [ -79.893464513169093, 43.276893995013836 ], [ -79.893429413149221, 43.276794494997844 ], [ -79.893431413140419, 43.276686694978721 ], [ -79.893445513135489, 43.27657869495895 ], [ -79.893435213122757, 43.276470694940315 ], [ -79.893436913115465, 43.276380794924371 ], [ -79.893475413119774, 43.276290894906644 ], [ -79.893465113106259, 43.276173594886359 ], [ -79.893467013099041, 43.276083694870408 ], [ -79.893468713090101, 43.275975494851195 ], [ -79.893458313078142, 43.275876594834173 ], [ -79.893472413073951, 43.27577759481602 ], [ -79.893499213072232, 43.275660894794107 ], [ -79.89348861306101, 43.275570894778681 ], [ -79.893465913044366, 43.275462494760582 ], [ -79.893467413036959, 43.275372394744558 ], [ -79.89346911302961, 43.275282394728571 ], [ -79.893470613022203, 43.275192294712582 ], [ -79.893484613018813, 43.275102494696029 ], [ -79.893499413011725, 43.274967494671479 ], [ -79.893513613007542, 43.274868594653306 ], [ -79.893503012995524, 43.274769494636274 ], [ -79.893504812987445, 43.274670494618711 ], [ -79.893518812984027, 43.274580394602083 ], [ -79.893545512983025, 43.274472594581816 ], [ -79.89354701297566, 43.274382694565794 ], [ -79.893548912967617, 43.274283694548224 ], [ -79.893550512959422, 43.274184494530587 ], [ -79.893564712955268, 43.274085494512427 ], [ -79.89354201293942, 43.27398629449592 ], [ -79.893506512920254, 43.273895994481606 ], [ -79.893483912904458, 43.273796694465119 ], [ -79.893460712889237, 43.273706494450245 ], [ -79.893437712873265, 43.273607194433765 ], [ -79.893415112857397, 43.273507794417228 ], [ -79.893355212829732, 43.273408394402438 ], [ -79.893307612806709, 43.273317694388609 ], [ -79.893247512779752, 43.273226994375406 ], [ -79.89320011275602, 43.273127594360034 ], [ -79.893152512732286, 43.273027994344623 ], [ -79.893129812716424, 43.272928794328124 ], [ -79.89306981268868, 43.272829194313303 ], [ -79.893047412671308, 43.272711994293651 ], [ -79.893036612660012, 43.272621794278209 ], [ -79.893026212647271, 43.272513594259564 ], [ -79.893003312632132, 43.272423194244595 ], [ -79.89298061261627, 43.272323994228138 ], [ -79.892981912608846, 43.272234094212145 ], [ -79.89297151259764, 43.272143794196651 ], [ -79.892948612581691, 43.272044594180208 ], [ -79.892938312568987, 43.27193649416153 ], [ -79.892927512557691, 43.271846294146087 ], [ -79.89292941254962, 43.271747294128517 ], [ -79.892943612544713, 43.271639594108798 ], [ -79.892957512541244, 43.271549394092219 ], [ -79.892971612537025, 43.271450394074002 ], [ -79.892973712528288, 43.271342494054842 ], [ -79.892999712528692, 43.271252794037757 ], [ -79.893001412520533, 43.271153694020157 ], [ -79.892991312507888, 43.271045594001478 ], [ -79.892993012500597, 43.27095549398549 ], [ -79.892994712492467, 43.270856393967875 ], [ -79.893009012488321, 43.270757493949709 ], [ -79.893010712480248, 43.270658493932146 ], [ -79.893012912471505, 43.270550493912907 ], [ -79.893039012471931, 43.270460693895799 ], [ -79.893040612464517, 43.270370493879796 ], [ -79.893054612460332, 43.270271693861666 ], [ -79.893068812456207, 43.2701727938435 ], [ -79.893082912452812, 43.270082993826946 ], [ -79.893072112441516, 43.269992593811487 ], [ -79.893073912433437, 43.269893693793897 ], [ -79.893075812424584, 43.269785693774693 ], [ -79.893077512417221, 43.269695593758655 ], [ -79.893091412413753, 43.269605693742129 ], [ -79.893118112412836, 43.269497893721777 ], [ -79.893132112408608, 43.269399093703669 ], [ -79.89314621240446, 43.269300093685523 ], [ -79.893172512404959, 43.269210293668394 ], [ -79.893186412401505, 43.269120393651853 ], [ -79.893188012394091, 43.2690301936358 ], [ -79.893202312390045, 43.268931593617665 ], [ -79.893216112386497, 43.268841493601144 ], [ -79.893217012382877, 43.268796393593092 ], [ -79.893206312371618, 43.268706393577666 ], [ -79.893246012371634, 43.268562693550415 ], [ -79.893234712362556, 43.268499493539771 ], [ -79.893236512354392, 43.268400193522069 ], [ -79.893238212346347, 43.268301493504573 ], [ -79.893240012339064, 43.268211493488565 ], [ -79.893241812330942, 43.268112593470974 ], [ -79.893255812327524, 43.268022493454431 ], [ -79.893257312320145, 43.267932593438424 ], [ -79.893259312311315, 43.267824393419176 ], [ -79.893236512294621, 43.267716293401122 ], [ -79.893238212287343, 43.267626193385105 ], [ -79.893252512282388, 43.267518093365339 ], [ -79.893279112282201, 43.267419193346591 ], [ -79.89330511228259, 43.267329593329492 ], [ -79.893319512279319, 43.267239893312968 ], [ -79.893334512269931, 43.267077793283583 ], [ -79.893336212261786, 43.266978693265969 ], [ -79.893350412257647, 43.266879793247838 ], [ -79.893352112249531, 43.266780793230225 ], [ -79.893366112246127, 43.266690893213692 ], [ -79.893368112237312, 43.266582793194431 ], [ -79.893369612229918, 43.266492793178458 ], [ -79.893371412221853, 43.266393793160852 ], [ -79.893373012214496, 43.266303593144841 ], [ -79.893375012205695, 43.266195693125674 ], [ -79.893389512200827, 43.266087793105882 ], [ -79.893403512196628, 43.265988793087722 ], [ -79.893405212189293, 43.265898893071785 ], [ -79.893419512184423, 43.265790893051985 ], [ -79.893421112176242, 43.265691793034364 ], [ -79.893435112172838, 43.265601993017818 ], [ -79.893461412173338, 43.26551219300071 ], [ -79.89347571216841, 43.265404292980968 ], [ -79.893489712165021, 43.265314392964406 ], [ -79.893515912165441, 43.265224592947284 ], [ -79.893542412165203, 43.26512589292858 ], [ -79.893568512165658, 43.265036092911451 ], [ -79.893594912165412, 43.26493729289276 ], [ -79.893621212165883, 43.264847392875645 ], [ -79.893672212174195, 43.264757892857432 ], [ -79.893735212187138, 43.264677492840278 ], [ -79.893810812203299, 43.264588192820938 ], [ -79.893873812216242, 43.264507592803753 ], [ -79.893961312237693, 43.264436492787077 ], [ -79.894049112259296, 43.26436539277038 ], [ -79.894124412276128, 43.264284992752685 ], [ -79.894175012285146, 43.264204492736063 ], [ -79.894225912294232, 43.264123892719439 ], [ -79.894289112306438, 43.264034292700622 ], [ -79.894327412311512, 43.263953892684597 ], [ -79.894353912311246, 43.263854792665846 ], [ -79.894392412315639, 43.263765292648209 ], [ -79.894431012320013, 43.263675592630541 ], [ -79.894432912311984, 43.263576492612934 ], [ -79.894373012285882, 43.263494992601267 ], [ -79.89430031225568, 43.263413192590221 ], [ -79.894240212229519, 43.263331492578565 ], [ -79.894205012209682, 43.263232192562654 ], [ -79.894157612186007, 43.26313279254726 ], [ -79.894122412166155, 43.263033292531325 ], [ -79.894087312145587, 43.262924992513774 ], [ -79.894052112126516, 43.262834492499401 ], [ -79.894029412109873, 43.262726292481332 ], [ -79.894078812124818, 43.262717692477494 ], [ -79.894153012146774, 43.262700492470991 ], [ -79.89422551217686, 43.262782192482078 ], [ -79.894273212199934, 43.262872692495861 ], [ -79.89433291222754, 43.262972292510689 ], [ -79.894368112247349, 43.263071892526675 ], [ -79.894415812271177, 43.263171092542031 ], [ -79.894463212294085, 43.263261792555852 ], [ -79.894498312313857, 43.26336109257177 ], [ -79.894533712332986, 43.263451492586064 ], [ -79.894544412344274, 43.263541792601558 ], [ -79.894530312348465, 43.263640592619687 ], [ -79.894504112347192, 43.26372149263522 ], [ -79.894465412342726, 43.263810992652871 ], [ -79.894427112338462, 43.263900592670538 ], [ -79.894388412334038, 43.26399039268825 ], [ -79.894337412326507, 43.264088792708037 ], [ -79.894274312313513, 43.264169392725236 ], [ -79.894223512304478, 43.264249992741853 ], [ -79.894160212293045, 43.26434839276223 ], [ -79.894097112280051, 43.264428792779391 ], [ -79.894033812268631, 43.264527192799726 ], [ -79.893982712260254, 43.264616792817968 ], [ -79.893895412238024, 43.264679092833092 ], [ -79.893795312214081, 43.264767992853479 ], [ -79.893756212211116, 43.264875692874369 ], [ -79.893754612219254, 43.264974792891962 ], [ -79.893752812226552, 43.265064792907971 ], [ -79.893750712236098, 43.265181892928801 ], [ -79.893749012244214, 43.265280892946365 ], [ -79.893735112247668, 43.265370692962904 ], [ -79.893720912251808, 43.265469792981115 ], [ -79.893718912260624, 43.265577893000291 ], [ -79.89369221226238, 43.265694593022211 ], [ -79.893678012266506, 43.265793293040318 ], [ -79.893676012276117, 43.265910593061157 ], [ -79.893674312283437, 43.26600039307715 ], [ -79.89365991228911, 43.26611739309849 ], [ -79.893646112292572, 43.266207393115067 ], [ -79.893632012295967, 43.266297293131672 ], [ -79.893630012304754, 43.26640519315081 ], [ -79.89364021231826, 43.266522493171109 ], [ -79.893625912322335, 43.266621393189297 ], [ -79.893612012326585, 43.266720293207364 ], [ -79.893597612331462, 43.266828193227205 ], [ -79.893583512335624, 43.26692699324532 ], [ -79.893581712344499, 43.267035093264489 ], [ -79.893579912352592, 43.267134193282104 ], [ -79.893578112360657, 43.267233193299745 ], [ -79.893576412367977, 43.267322993315659 ], [ -79.893562612371511, 43.26741319333231 ], [ -79.893523812366993, 43.267502693349968 ], [ -79.893509812370411, 43.267592593366487 ], [ -79.893520212383166, 43.267700793385139 ], [ -79.893505912388108, 43.267808893404904 ], [ -79.893479112390594, 43.267934493428434 ], [ -79.893477412397928, 43.268024593444423 ], [ -79.893450912398151, 43.268123493463158 ], [ -79.893449012406251, 43.268222793480781 ], [ -79.893435112410444, 43.268321293498907 ], [ -79.893420912414584, 43.268420293517053 ], [ -79.893420212418306, 43.268465293525054 ], [ -79.893430312430965, 43.268573493543713 ], [ -79.893427712443497, 43.26872639357088 ], [ -79.893426112450044, 43.268807493585292 ], [ -79.893399912450406, 43.268906293604033 ], [ -79.893398112458485, 43.269005393621654 ], [ -79.893383912462625, 43.2691043936398 ], [ -79.893382212469959, 43.269194293655758 ], [ -79.893380412478834, 43.269302393674991 ], [ -79.893366112482965, 43.26940129369315 ], [ -79.893339812483291, 43.269500393711922 ], [ -79.893313412483522, 43.269598893730567 ], [ -79.893287112483023, 43.269688693747682 ], [ -79.893308812504074, 43.269850993775378 ], [ -79.893282512503589, 43.2699407937925 ], [ -79.893280812510937, 43.270030793808509 ], [ -79.893279312518331, 43.270120793824503 ], [ -79.893265012523258, 43.270228693844238 ], [ -79.893288112538428, 43.270318993859135 ], [ -79.893274012541823, 43.270408893875675 ], [ -79.893247812542185, 43.270507793894396 ], [ -79.893233512546274, 43.270606593912539 ], [ -79.893219412550451, 43.270705493930699 ], [ -79.893205312553846, 43.270795393947246 ], [ -79.893203512561939, 43.27089449396486 ], [ -79.893189212566853, 43.271002393984602 ], [ -79.893150712562488, 43.271092094002242 ], [ -79.893136812565956, 43.271182094018819 ], [ -79.893147412577164, 43.271272094034245 ], [ -79.893170312593085, 43.271371394050782 ], [ -79.89318081260511, 43.271470694067858 ], [ -79.89319151261634, 43.271560694083277 ], [ -79.893202112628416, 43.271659994100332 ], [ -79.893224912644257, 43.271758994116759 ], [ -79.893235412657077, 43.271867294135433 ], [ -79.893233512664324, 43.271957294151456 ], [ -79.893244312676458, 43.272056594168497 ], [ -79.893254612689134, 43.272164594187132 ], [ -79.89326511270032, 43.272254794202581 ], [ -79.893275612713126, 43.272362794221216 ], [ -79.893298112729724, 43.272471194239323 ], [ -79.89333341274957, 43.272570494255298 ], [ -79.893368412768595, 43.272661094269644 ], [ -79.893403912788486, 43.272760194285517 ], [ -79.893451612811546, 43.272850894299324 ], [ -79.893499112835329, 43.272950694314787 ], [ -79.893534412854365, 43.273040794329049 ], [ -79.893557412869555, 43.273131194343996 ], [ -79.893580212885453, 43.273230294360459 ], [ -79.893603012901366, 43.273329594376946 ], [ -79.893613612913384, 43.273428794393972 ], [ -79.893624412924666, 43.27351879440937 ], [ -79.893659312944393, 43.273618194425346 ], [ -79.893707112967476, 43.273708794439145 ], [ -79.893817113006378, 43.273754894442199 ], [ -79.893829613010311, 43.273755094441626 ], [ -79.89394011304698, 43.273774094439851 ], [ -79.894051913078584, 43.27373019442684 ], [ -79.894102313087515, 43.27364959441023 ], [ -79.894116613083384, 43.273550694392064 ], [ -79.894192113100274, 43.273470494374344 ], [ -79.894277113133583, 43.273543294383302 ], [ -79.894337413159064, 43.273615994393325 ], [ -79.894434613196211, 43.273688894401687 ], [ -79.894557513236833, 43.273707994399324 ], [ -79.894680813275983, 43.273709294393804 ], [ -79.894828813321439, 43.273692594383938 ], [ -79.89495231335907, 43.273675794375173 ], [ -79.895075713396707, 43.273659094366465 ], [ -79.895199213435973, 43.273660194360922 ], [ -79.895334713479016, 43.273661494354819 ], [ -79.895457713518866, 43.273671794350889 ], [ -79.895593213561895, 43.273672994344757 ], [ -79.895716613601124, 43.273674394339281 ], [ -79.895851713645598, 43.273693394336341 ], [ -79.89596161368523, 43.273748594340937 ], [ -79.89605921372096, 43.273803594346155 ], [ -79.896144013754991, 43.273885294356646 ], [ -79.896191813777264, 43.273966794368803 ], [ -79.896239613800304, 43.274057594382626 ], [ -79.896287113823306, 43.274147994396444 ], [ -79.896347413849512, 43.274229594408034 ], [ -79.896407213876373, 43.274320294421273 ], [ -79.89641791388766, 43.274410494436715 ], [ -79.896403813891851, 43.274509294454852 ], [ -79.89640201389993, 43.274608394472445 ], [ -79.896290113869114, 43.274661194487074 ], [ -79.896178413837589, 43.274705294500052 ], [ -79.896115413824631, 43.274785594517155 ], [ -79.89612571383735, 43.274893694535841 ], [ -79.896099413836851, 43.274983594552943 ], [ -79.896061013832551, 43.275073294570596 ], [ -79.895985613815668, 43.275153694588333 ], [ -79.895922313803439, 43.275242894607103 ], [ -79.895932513816106, 43.275351194625763 ], [ -79.895955613831333, 43.275441394640609 ], [ -79.895966213842584, 43.275531594656123 ], [ -79.895988813859162, 43.275639794674198 ], [ -79.896024213879059, 43.275739194690075 ], [ -79.896071713902089, 43.27582979470391 ], [ -79.896144313932183, 43.275911494714968 ], [ -79.896316513988481, 43.275931094710373 ], [ -79.896439014030562, 43.275968394711299 ], [ -79.896524014063814, 43.2760411947202 ], [ -79.896608814097092, 43.276114094729138 ], [ -79.896718714136711, 43.276169194733768 ], [ -79.896842414174444, 43.276152394725003 ], [ -79.896966614209177, 43.276099394709846 ], [ -79.897041914226818, 43.276028194693701 ], [ -79.897117314242891, 43.275938794674389 ], [ -79.897156114247309, 43.27584899465667 ], [ -79.897182314246962, 43.275750394638017 ], [ -79.897184614238256, 43.275642394618799 ], [ -79.897210714238696, 43.275552694601735 ], [ -79.89724911424301, 43.275462894584052 ], [ -79.897263214239601, 43.275372994567505 ], [ -79.897289414240092, 43.275283294550427 ], [ -79.897315714240577, 43.275193394533275 ], [ -79.897354214244942, 43.275103694515629 ], [ -79.897380614244639, 43.275004994496975 ], [ -79.897407114244388, 43.274906194478206 ], [ -79.897482614260539, 43.274816894458944 ], [ -79.897533414269574, 43.274736194442283 ], [ -79.897584214278623, 43.274655694425647 ], [ -79.897671814300139, 43.274584694409 ], [ -79.897783814330197, 43.274522594392828 ], [ -79.897908214364207, 43.274460694376074 ], [ -79.898019914394965, 43.274407794361501 ], [ -79.898107714415787, 43.274327594343191 ], [ -79.898158714424085, 43.274237994325006 ], [ -79.898282914458065, 43.274176294308283 ], [ -79.898444014506083, 43.274141694294606 ], [ -79.898579014550549, 43.274160994291734 ], [ -79.898689214589496, 43.274207094294759 ], [ -79.898799114628304, 43.274253094297762 ], [ -79.898922014668145, 43.274263394293833 ], [ -79.899046014705945, 43.274246594285103 ], [ -79.899182014746032, 43.274211794272553 ], [ -79.899318614783894, 43.274150294255286 ], [ -79.899418514809341, 43.274079094238054 ], [ -79.899493914826209, 43.273998794220368 ], [ -79.899569114843771, 43.273927394204208 ], [ -79.899681414873157, 43.273856494186454 ], [ -79.899768714895401, 43.273794394171354 ], [ -79.899868214922265, 43.273741294157318 ], [ -79.899919014931299, 43.273660694140702 ], [ -79.900018714957483, 43.273598594125083 ], [ -79.900118414983666, 43.273536494109401 ], [ -79.90012041497485, 43.273428594090227 ], [ -79.900022914937537, 43.273355394081868 ], [ -79.899913214897964, 43.273300294077245 ], [ -79.899815714861504, 43.273236394070452 ], [ -79.899694114816583, 43.273163294063245 ], [ -79.899596414780802, 43.273108294058041 ], [ -79.899523714750657, 43.273026694047033 ], [ -79.89950091473554, 43.272936394032108 ], [ -79.899490214723428, 43.272836994015016 ], [ -79.899614114759657, 43.272802294003121 ], [ -79.899736914800286, 43.272821494000787 ], [ -79.899847214838431, 43.272858594002194 ], [ -79.8999569148788, 43.27292279400843 ], [ -79.900029514908937, 43.273004394019452 ], [ -79.900102114938292, 43.273076994028912 ], [ -79.900212314976457, 43.273114294030336 ], [ -79.900347315021705, 43.273142494029067 ], [ -79.900495215068673, 43.273143894022375 ], [ -79.90064321511494, 43.273136394014166 ], [ -79.900791415160384, 43.27311979400433 ], [ -79.900878715183424, 43.273066593990819 ], [ -79.900978215209491, 43.273004493975208 ], [ -79.901041415222537, 43.272924093958046 ], [ -79.901153315253325, 43.272871093943415 ], [ -79.901277415288803, 43.272827193929885 ], [ -79.901401115324973, 43.27279249391794 ], [ -79.901513015356571, 43.272748493904942 ], [ -79.901624915386577, 43.272686593888764 ], [ -79.901712115408756, 43.272624393873706 ], [ -79.901775215421736, 43.272543893856536 ], [ -79.901752315406554, 43.272453593841632 ], [ -79.901692215379626, 43.272362993828395 ], [ -79.901718815379411, 43.272264193809697 ], [ -79.901720515371295, 43.272165193792119 ], [ -79.901685015352953, 43.272083693779329 ], [ -79.901660715343667, 43.272065693777272 ], [ -79.901587715316552, 43.272019793772586 ], [ -79.901452215271931, 43.272000593775523 ], [ -79.901354615236983, 43.271954493771922 ], [ -79.901380815237431, 43.2718646937548 ], [ -79.9014805152636, 43.271802593739181 ], [ -79.901604515299809, 43.271767793727243 ], [ -79.901728415336038, 43.271733093715312 ], [ -79.901852015372924, 43.271707293704978 ], [ -79.9020125154223, 43.27169059369453 ], [ -79.902148415463941, 43.271673993685262 ], [ -79.902271115505229, 43.271702093684524 ], [ -79.902380915544867, 43.27175739368915 ], [ -79.902491215583069, 43.271794393690506 ], [ -79.90256671559915, 43.271705093671251 ], [ -79.902593215599694, 43.271615193654071 ], [ -79.902607415594758, 43.271507293634336 ], [ -79.902633615595192, 43.271417593617258 ], [ -79.902696715607405, 43.271328193598535 ], [ -79.902796415633532, 43.271266193582889 ], [ -79.902920115670454, 43.271240193572524 ], [ -79.903044215705947, 43.271196493558946 ], [ -79.90313171572744, 43.271125093542281 ], [ -79.903231515753617, 43.271063093526628 ], [ -79.903343015785111, 43.271019193513673 ], [ -79.903454715817432, 43.270984193502251 ], [ -79.903590415859767, 43.270976393494543 ], [ -79.903713615898099, 43.270968793487448 ], [ -79.903825415929688, 43.270924893474472 ], [ -79.903910415962983, 43.270997593483351 ], [ -79.903922215969857, 43.271033693489159 ], [ -79.903945515982784, 43.271097093499343 ], [ -79.903993216005802, 43.271187493513082 ], [ -79.903881515974263, 43.271231493526074 ], [ -79.903758715932895, 43.271203193526809 ], [ -79.903671315911481, 43.271274693543525 ], [ -79.903644915910903, 43.271364193560593 ], [ -79.903545615884127, 43.271417293574622 ], [ -79.903410215839571, 43.271398093577552 ], [ -79.903310615813368, 43.271460093593184 ], [ -79.903235315795769, 43.271531493609295 ], [ -79.903221115799965, 43.271630493627498 ], [ -79.903268815822955, 43.271720793641244 ], [ -79.903329415847708, 43.271784393649654 ], [ -79.903341515852347, 43.271793793650765 ], [ -79.903376815871468, 43.27188399366505 ], [ -79.903436915898411, 43.27197459367828 ], [ -79.903546915936516, 43.272011793679688 ], [ -79.903594615960301, 43.27211129369509 ], [ -79.903495215933418, 43.272164093709073 ], [ -79.903370915897895, 43.272208093722639 ], [ -79.903308015885017, 43.272288493739808 ], [ -79.903195715856427, 43.272368493759217 ], [ -79.903071315822416, 43.272430193775897 ], [ -79.902983815800908, 43.272501393792588 ], [ -79.902871415772324, 43.272581493812019 ], [ -79.902759115742924, 43.272652293829772 ], [ -79.902659315717528, 43.272723393847023 ], [ -79.902559815691419, 43.272785593862679 ], [ -79.902484415674607, 43.272865993880409 ], [ -79.902421115661554, 43.272946393897591 ], [ -79.902346015644781, 43.273026693915277 ], [ -79.902245915620085, 43.273106793934119 ], [ -79.902133515590705, 43.273177793951909 ], [ -79.902021915559146, 43.273221593964877 ], [ -79.901910115528338, 43.273274593979451 ], [ -79.90181021550292, 43.273345793996739 ], [ -79.901734615486774, 43.273435094016065 ], [ -79.901671615473873, 43.273515394033204 ], [ -79.901608215461579, 43.273604894051978 ], [ -79.901520815440151, 43.273676294068657 ], [ -79.901445615422574, 43.273747394084758 ], [ -79.901443815430653, 43.273846494102372 ], [ -79.901579615472997, 43.273838694094657 ], [ -79.901715515513786, 43.273812894083747 ], [ -79.901851515555421, 43.273796394074473 ], [ -79.901987015597669, 43.273788594066765 ], [ -79.902135415642434, 43.273762994055303 ], [ -79.902296115691115, 43.27373759404334 ], [ -79.902419615728803, 43.273720694034587 ], [ -79.902567715774239, 43.273703994024729 ], [ -79.902703615816648, 43.273696294016993 ], [ -79.902851915860595, 43.273661794003992 ], [ -79.902975415898226, 43.273644993995241 ], [ -79.903099015935908, 43.273628093986503 ], [ -79.903234815978252, 43.273620393978803 ], [ -79.903395316027641, 43.273603893968392 ], [ -79.903530716070691, 43.273605193962304 ], [ -79.90366671611234, 43.273588693953016 ], [ -79.903802316154639, 43.273580993945302 ], [ -79.903951116197149, 43.273528193929018 ], [ -79.904063116227206, 43.27346619391281 ], [ -79.904150516249459, 43.273404193897818 ], [ -79.904250216275628, 43.273342193882186 ], [ -79.904325616293306, 43.273270893866034 ], [ -79.904401216309438, 43.273181393846684 ], [ -79.904464016322265, 43.273100993829544 ], [ -79.904527316334537, 43.273011693810766 ], [ -79.904590716345979, 43.272913093790372 ], [ -79.904629216350344, 43.272823293772724 ], [ -79.904667916354782, 43.272733693755065 ], [ -79.904706916357668, 43.272625893734144 ], [ -79.904757716366717, 43.272545493717551 ], [ -79.904808516374999, 43.27245609369939 ], [ -79.904859316383238, 43.27236639368116 ], [ -79.904910116391548, 43.27227679366294 ], [ -79.904973516403828, 43.272187593644205 ], [ -79.905048816420646, 43.272107093626488 ], [ -79.9051482164475, 43.272053993612438 ], [ -79.905248116473729, 43.271991893596763 ], [ -79.9053601165038, 43.271929893580555 ], [ -79.905471916534552, 43.271877093566005 ], [ -79.905571616561502, 43.271823893551968 ], [ -79.905707616601546, 43.271789293539527 ], [ -79.905868516648738, 43.271745793524303 ], [ -79.905980116681008, 43.271710793512874 ], [ -79.90611641672038, 43.271667193498828 ], [ -79.906240616755099, 43.271613993483605 ], [ -79.906352216788179, 43.271588393473849 ], [ -79.906488116828214, 43.271553593461363 ], [ -79.906624616867632, 43.271509893447273 ], [ -79.906760916907004, 43.271465993433104 ], [ -79.906885116941666, 43.271413193417978 ], [ -79.907008916977901, 43.271378393406067 ], [ -79.907157517021147, 43.271334793391389 ], [ -79.907281417056566, 43.27129109337789 ], [ -79.907392917089638, 43.271265093368093 ], [ -79.907517017125087, 43.271221193354556 ], [ -79.907640717161215, 43.271186493342618 ], [ -79.907665717168399, 43.271177593339871 ], [ -79.907764717196699, 43.271142693329075 ], [ -79.907888217234287, 43.271125593320299 ], [ -79.908036117282066, 43.271136093315221 ], [ -79.908159617320521, 43.271128193308094 ], [ -79.908221017340011, 43.271128693305322 ], [ -79.908319617371347, 43.2711296933009 ], [ -79.908331917376017, 43.27113879330193 ], [ -79.908442217413437, 43.271166993301748 ], [ -79.908564517456199, 43.271213193304206 ], [ -79.908649417490267, 43.271295093314713 ], [ -79.908796917538709, 43.271314593311274 ], [ -79.90888151757342, 43.271405393323384 ], [ -79.908954017603591, 43.271487293334488 ], [ -79.909051517640819, 43.271560093342821 ], [ -79.909136417673309, 43.271623993350154 ], [ -79.909246317712899, 43.271678793354738 ], [ -79.909369317754368, 43.271707093353996 ], [ -79.90947931779246, 43.271744093355373 ], [ -79.909626917840939, 43.271763693351978 ], [ -79.909762717882487, 43.271746893342637 ], [ -79.909874417914011, 43.271702793329652 ], [ -79.909974117939328, 43.271631793312451 ], [ -79.910061917960959, 43.271560693295754 ], [ -79.910161417987084, 43.2714985932801 ], [ -79.910248718009242, 43.271436293265047 ], [ -79.910336218031517, 43.271374093249953 ], [ -79.910448518060122, 43.271294193230567 ], [ -79.910560618090216, 43.271231993214322 ], [ -79.910684618125657, 43.271188393200866 ], [ -79.910808418161821, 43.271153493188898 ], [ -79.91087021818069, 43.271145093184522 ], [ -79.910944618202763, 43.271127793177961 ], [ -79.911080318243492, 43.271102093167094 ], [ -79.911216118286617, 43.271103393161013 ], [ -79.911338418329407, 43.271149593163443 ], [ -79.911336718337523, 43.271248593181014 ], [ -79.911236718311244, 43.271310593196674 ], [ -79.911137318285171, 43.271372693212321 ], [ -79.911086418276938, 43.271462293230513 ], [ -79.911109218292793, 43.271561593246993 ], [ -79.911194218326102, 43.271634593255982 ], [ -79.911367118377868, 43.271600193241824 ], [ -79.911502918420197, 43.271592293234065 ], [ -79.911626018460083, 43.271602393230097 ], [ -79.911749118499969, 43.271612793226204 ], [ -79.911871818541329, 43.271640893225452 ], [ -79.912007318584386, 43.271642293219344 ], [ -79.912131118620522, 43.27160739320739 ], [ -79.912242518652789, 43.271572393196024 ], [ -79.912354618683636, 43.271519293181392 ], [ -79.912442018705079, 43.27144819316473 ], [ -79.912505418717402, 43.271358893145965 ], [ -79.91256841873026, 43.271278193128744 ], [ -79.912631318742385, 43.271188793109999 ], [ -79.912731118769386, 43.271135893095966 ], [ -79.912867818806475, 43.271065093077063 ], [ -79.912991918841939, 43.271021193063525 ], [ -79.913103418874201, 43.270986193052103 ], [ -79.91322711891037, 43.270951393040207 ], [ -79.913363318952051, 43.270934793030911 ], [ -79.913486518990382, 43.270926793023719 ], [ -79.913610219027319, 43.270900893013412 ], [ -79.913758619071317, 43.270866393000325 ], [ -79.913858319098225, 43.270813292986283 ], [ -79.91399491913613, 43.270751692969036 ], [ -79.914119219170075, 43.270689892952269 ], [ -79.914231119199343, 43.2706188929345 ], [ -79.914294319212317, 43.270538292917315 ], [ -79.91435781922381, 43.270440092896933 ], [ -79.914433019241415, 43.270368692880822 ], [ -79.914532719266788, 43.270297592863585 ], [ -79.914632719292229, 43.270226492846326 ], [ -79.914744519322994, 43.270173292831728 ], [ -79.91485661935306, 43.270111392815565 ], [ -79.914968519383919, 43.270058592801007 ], [ -79.915080419413925, 43.269996492784777 ], [ -79.915179719440701, 43.269943192770704 ], [ -79.915242219457454, 43.269908192761569 ], [ -79.915291819470852, 43.269881592754579 ], [ -79.915405119495802, 43.26975649272719 ], [ -79.915492419517193, 43.269685292710477 ], [ -79.915628919556625, 43.269641492696323 ], [ -79.915764619598946, 43.269633692688636 ], [ -79.915888219635846, 43.269607992678331 ], [ -79.916012519670588, 43.269555192663198 ], [ -79.916147719714303, 43.269565492658707 ], [ -79.916295519762059, 43.269575792653598 ], [ -79.91643101980587, 43.269585992649112 ], [ -79.916566719848177, 43.269578392641421 ], [ -79.916690219885027, 43.269552592631079 ], [ -79.916814119921213, 43.269517592619145 ], [ -79.916950319961387, 43.269483092606642 ], [ -79.917074119997508, 43.269447892594627 ], [ -79.917197920034468, 43.269422492584368 ], [ -79.917333920074498, 43.269387492571809 ], [ -79.917457620111421, 43.269361592561488 ], [ -79.917606020156214, 43.269335992550005 ], [ -79.917729520193816, 43.269319292541283 ], [ -79.917852720232972, 43.269320392535739 ], [ -79.917988320275271, 43.26931269252804 ], [ -79.918124420316076, 43.269286792517057 ], [ -79.918260120358383, 43.2692790925094 ], [ -79.918383320397552, 43.26928039250388 ], [ -79.918506620436688, 43.269281592498317 ], [ -79.918641920479644, 43.269282692492233 ], [ -79.918826720538334, 43.269284392483861 ], [ -79.918962220581378, 43.269285892477797 ], [ -79.919085920619096, 43.269268892469007 ], [ -79.919222420657732, 43.269216292453308 ], [ -79.919273220665985, 43.269126692435137 ], [ -79.919299020667864, 43.269054792421187 ], [ -79.919311920669628, 43.269028192415867 ], [ -79.919350620672475, 43.268920392395032 ], [ -79.91943822069473, 43.268857992379914 ], [ -79.919561720732432, 43.268841392371179 ], [ -79.919673220763883, 43.268797192358157 ], [ -79.919724120772983, 43.268716692341584 ], [ -79.919787420785184, 43.268627292322769 ], [ -79.919886820812039, 43.268574292308784 ], [ -79.920023420849915, 43.26851249229145 ], [ -79.920147020887583, 43.268495392282667 ], [ -79.920234620909085, 43.268424492266014 ], [ -79.920247120911512, 43.268406492262294 ], [ -79.920310120924441, 43.268326092245111 ], [ -79.920385520941252, 43.268245692227396 ], [ -79.920460820958851, 43.268174292211214 ], [ -79.920584920992823, 43.268112692194549 ], [ -79.920696521025064, 43.268077592183118 ], [ -79.920819821064214, 43.268078892177549 ], [ -79.920967921109721, 43.268062292167727 ], [ -79.921103721152022, 43.268054492160005 ], [ -79.921215121184289, 43.268019492148575 ], [ -79.921351521222832, 43.267966692132887 ], [ -79.921475721257565, 43.26791379211771 ], [ -79.921611721298405, 43.267888192106881 ], [ -79.92167312131869, 43.267897792105707 ], [ -79.921734721339007, 43.267907192104488 ], [ -79.921869021387181, 43.267971692109583 ], [ -79.921917921405097, 43.26799909211217 ], [ -79.921966721422962, 43.268026392114706 ], [ -79.922066621447613, 43.267946492095916 ], [ -79.922129921459785, 43.267856892077148 ], [ -79.922143921455614, 43.267758092058976 ], [ -79.92217002145604, 43.267668392041898 ], [ -79.922294221491484, 43.267624392028303 ], [ -79.922381521513728, 43.267562192013237 ], [ -79.922493121545244, 43.267518092000266 ], [ -79.922603421583403, 43.267555392001675 ], [ -79.922651321606509, 43.267645792015458 ], [ -79.922649221614492, 43.267744792033042 ], [ -79.922635621618042, 43.267834592049574 ], [ -79.922646021630015, 43.267933792066586 ], [ -79.922570721612445, 43.268005292082805 ], [ -79.922446821577012, 43.268049092096291 ], [ -79.922310521536104, 43.26807499210728 ], [ -79.922175021493828, 43.268082592114943 ], [ -79.922051721456228, 43.268099592123718 ], [ -79.921976421438615, 43.268170792139813 ], [ -79.92196262144212, 43.268260492156315 ], [ -79.921985421457251, 43.26835079217124 ], [ -79.921971621461495, 43.268449792189372 ], [ -79.921908421448506, 43.268530192206534 ], [ -79.92183292143244, 43.268619592225903 ], [ -79.921733221406257, 43.268681692241529 ], [ -79.921621421375534, 43.268734692256096 ], [ -79.921497321340794, 43.26878749227123 ], [ -79.921397621314696, 43.268849692286878 ], [ -79.921408221326686, 43.268948692303944 ], [ -79.921468121353612, 43.269039392317175 ], [ -79.921417321344563, 43.269119892333812 ], [ -79.921317821318496, 43.269182092349446 ], [ -79.921205821287643, 43.269234992363998 ], [ -79.921142921274708, 43.269315392381152 ], [ -79.921067621257905, 43.269395792398896 ], [ -79.920992321240306, 43.269467092415027 ], [ -79.920916921223423, 43.26954739243277 ], [ -79.920841721206685, 43.269627892450494 ], [ -79.920705321167247, 43.26967149246461 ], [ -79.920581921129596, 43.269687992473251 ], [ -79.920445921088032, 43.269705092482653 ], [ -79.920309521048651, 43.269748692496712 ], [ -79.920284821041619, 43.269757592499445 ], [ -79.920185521014773, 43.269810692513467 ], [ -79.920085620988601, 43.26987269252912 ], [ -79.91999822096632, 43.269934992544194 ], [ -79.919885920937787, 43.27001489256358 ], [ -79.919786120912363, 43.27008609258084 ], [ -79.919674620880102, 43.270121092592227 ], [ -79.919586520860804, 43.270219192613681 ], [ -79.91952342084862, 43.270308792632513 ], [ -79.919435920827169, 43.270379992649175 ], [ -79.919385020818083, 43.270460592665785 ], [ -79.919371220821546, 43.270550492682361 ], [ -79.919357120825723, 43.270649192700439 ], [ -79.919367520838492, 43.270757492719127 ], [ -79.919377920852028, 43.270874492739345 ], [ -79.919425420874205, 43.270956092751554 ], [ -79.919460920894181, 43.271055592767503 ], [ -79.91943452089366, 43.271145292784588 ], [ -79.919420720897151, 43.271235192801115 ], [ -79.919505520930372, 43.271308092810095 ], [ -79.919590620963717, 43.271380892818961 ], [ -79.919688220999461, 43.271435892824151 ], [ -79.91971462099913, 43.271336892805387 ], [ -79.91966682097609, 43.271246592791634 ], [ -79.919766321003763, 43.271202292779201 ], [ -79.919878121034515, 43.271149392764606 ], [ -79.919892121031111, 43.271059592748053 ], [ -79.919980021051103, 43.270970092728128 ], [ -79.920079821076541, 43.270899192710907 ], [ -79.920177221112965, 43.270963192717673 ], [ -79.920287221151852, 43.271009192720676 ], [ -79.920397221190726, 43.271055392723746 ], [ -79.92048482121227, 43.270984092707053 ], [ -79.920486521204921, 43.270893992691022 ], [ -79.920561621221665, 43.270813592673278 ], [ -79.920646621254932, 43.27088659268221 ], [ -79.920731821287518, 43.270950492689572 ], [ -79.920767021308151, 43.271058792707045 ], [ -79.920814621331161, 43.271149192720848 ], [ -79.920850321349604, 43.27123069273356 ], [ -79.920910021377239, 43.271330392748418 ], [ -79.920957821400307, 43.27142079276215 ], [ -79.921055421435966, 43.271475692767304 ], [ -79.921165321474845, 43.271521692770307 ], [ -79.921275221515245, 43.271585792776555 ], [ -79.921397821557335, 43.271623092777382 ], [ -79.921483021589921, 43.271686992784694 ], [ -79.921518221608991, 43.271777192798972 ], [ -79.921504221613176, 43.271876192817174 ], [ -79.921478021612756, 43.271965892834267 ], [ -79.921439521608391, 43.27205569285195 ], [ -79.921340121581537, 43.272108592865962 ], [ -79.921217421539453, 43.272071492865081 ], [ -79.921081421497846, 43.272088292874443 ], [ -79.920957821460959, 43.272114192884757 ], [ -79.920822021418587, 43.272121692892483 ], [ -79.920737021386088, 43.272057992885181 ], [ -79.920664321356668, 43.271985292875669 ], [ -79.920554421316268, 43.271921292869486 ], [ -79.920444621276687, 43.271866192864891 ], [ -79.920334421238508, 43.271829092863463 ], [ -79.92019962119258, 43.271791792863205 ], [ -79.920077021149723, 43.271745792860791 ], [ -79.919966921111552, 43.271708492859325 ], [ -79.919831921065551, 43.271671392859069 ], [ -79.919709421023512, 43.271634192858194 ], [ -79.919574720977508, 43.271596592857861 ], [ -79.919501720948048, 43.271524092848452 ], [ -79.919441620921901, 43.27144249283679 ], [ -79.919369020892532, 43.271369792827343 ], [ -79.919342820892112, 43.271459692844459 ], [ -79.919328720896303, 43.271558492862638 ], [ -79.919265420884074, 43.271647992881427 ], [ -79.919190320866491, 43.271719192897493 ], [ -79.919225420886306, 43.271818692913435 ], [ -79.919310420919615, 43.271891492922336 ], [ -79.919420220960021, 43.271955592928585 ], [ -79.919530920996749, 43.271974592926767 ], [ -79.919628321033144, 43.272038592933484 ], [ -79.919738621071332, 43.272075492934903 ], [ -79.919861121113442, 43.272112792935765 ], [ -79.919983221156926, 43.272167892939805 ], [ -79.920093421195077, 43.272205092941249 ], [ -79.920215821238699, 43.272260192945282 ], [ -79.920325921277566, 43.272306292948301 ], [ -79.920435821317184, 43.272361292952866 ], [ -79.920495921343417, 43.272442892964484 ], [ -79.920568621372794, 43.272515792974005 ], [ -79.920542421372346, 43.272605492991062 ], [ -79.920491621364093, 43.272695093009304 ], [ -79.920416521346539, 43.272766393025435 ], [ -79.92029312130812, 43.272774193032568 ], [ -79.920182921269202, 43.272728093029549 ], [ -79.920047721224634, 43.272708793032422 ], [ -79.919972621207151, 43.272780293048612 ], [ -79.919884821186329, 43.272860393066892 ], [ -79.919760621151596, 43.272913293082027 ], [ -79.919612221107613, 43.2729478930951 ], [ -79.919488721069996, 43.272964693103809 ], [ -79.919353021026836, 43.272963393109912 ], [ -79.919243120988028, 43.272917393106901 ], [ -79.919143520961143, 43.272970693120968 ], [ -79.919055820939576, 43.273041693137657 ], [ -79.918944120908051, 43.273085593150647 ], [ -79.918832620876572, 43.273129593163624 ], [ -79.918720720845783, 43.273182493178226 ], [ -79.918584520806419, 43.273226193192308 ], [ -79.91846042077016, 43.273261193204256 ], [ -79.918336020736945, 43.273331993222584 ], [ -79.918272720724758, 43.273421493241372 ], [ -79.918222020715717, 43.273501993258002 ], [ -79.918110420684229, 43.273545893270956 ], [ -79.917986220649524, 43.273598993286143 ], [ -79.917862220614026, 43.273642693299671 ], [ -79.917726120573988, 43.273677493312213 ], [ -79.917601920538473, 43.273721193325727 ], [ -79.917490520506263, 43.273756293337136 ], [ -79.917366820470107, 43.273790993349074 ], [ -79.917254620439223, 43.273844193363686 ], [ -79.917130920403849, 43.273888093377259 ], [ -79.917006620369122, 43.273940793392349 ], [ -79.916882620333624, 43.273984593405906 ], [ -79.916746420293549, 43.274019293418419 ], [ -79.91662252025732, 43.274054093430337 ], [ -79.916498620221901, 43.274097893443866 ], [ -79.91638702018966, 43.27413309345534 ], [ -79.916263220153439, 43.27416769346722 ], [ -79.916126920114152, 43.27421159348134 ], [ -79.91600312007715, 43.274237393491688 ], [ -79.915866520038549, 43.274290393507428 ], [ -79.915754720008522, 43.274352093523547 ], [ -79.915839720041802, 43.274424793532475 ], [ -79.915975620082605, 43.274399293521611 ], [ -79.916099420119536, 43.274373393511233 ], [ -79.916223020156437, 43.274347593500899 ], [ -79.916346920192652, 43.274312793488974 ], [ -79.916470520229524, 43.274286893478596 ], [ -79.916594520265775, 43.274251993466628 ], [ -79.916730420306578, 43.274226393455741 ], [ -79.916842020338095, 43.274182193442719 ], [ -79.916966120374369, 43.274147693430862 ], [ -79.917090120409824, 43.27410349341725 ], [ -79.917213720445929, 43.274068893405321 ], [ -79.917325520477448, 43.274024793392329 ], [ -79.917437020509709, 43.273989893380943 ], [ -79.917548720541248, 43.273945893367937 ], [ -79.91767272057831, 43.273920193357604 ], [ -79.917796220614349, 43.273885293345671 ], [ -79.91792032064987, 43.273841393332077 ], [ -79.918068520693737, 43.273806693319067 ], [ -79.918180320726108, 43.273771793307681 ], [ -79.918304020763046, 43.273745893297281 ], [ -79.918415620795315, 43.273710993285896 ], [ -79.918551820834665, 43.273667193271791 ], [ -79.918663420866935, 43.273632293260398 ], [ -79.918787320903135, 43.273597493248474 ], [ -79.918948320950321, 43.273553893233277 ], [ -79.919071920987207, 43.273527993222906 ], [ -79.919195721023414, 43.273493193210982 ], [ -79.919332721060627, 43.273422593192073 ], [ -79.919406921081801, 43.273396193183935 ], [ -79.919444321092087, 43.273378393179065 ], [ -79.919556321122954, 43.273325593164493 ], [ -79.919717421168613, 43.273263993146045 ], [ -79.919853921208031, 43.273220393131993 ], [ -79.919990221246579, 43.273167393116196 ], [ -79.920126421286668, 43.273132793103727 ], [ -79.920274821331446, 43.273107093092278 ], [ -79.920410621373009, 43.273090393082988 ], [ -79.920534221410691, 43.273073693074252 ], [ -79.920657821447577, 43.273047793063931 ], [ -79.920793821488417, 43.273022293053018 ], [ -79.920954721535594, 43.272978593037799 ], [ -79.921078521572525, 43.272952693027442 ], [ -79.921214821612665, 43.272917993014943 ], [ -79.921338621648019, 43.272874093001398 ], [ -79.921450221680345, 43.272839092989976 ], [ -79.92158612172112, 43.272813392979096 ], [ -79.921710221756584, 43.272769592965552 ], [ -79.92183402179279, 43.272734692953591 ], [ -79.921946021823658, 43.272681892939033 ], [ -79.922069821859779, 43.272646792927048 ], [ -79.922205821899823, 43.272612292914566 ], [ -79.922317621931413, 43.272568292901553 ], [ -79.922466321974696, 43.272524592886882 ], [ -79.922590222010854, 43.272489692874935 ], [ -79.92273902205342, 43.272437092858674 ], [ -79.922874722094917, 43.27242029284939 ], [ -79.922998622131132, 43.272385592837466 ], [ -79.923110322162657, 43.272341492824417 ], [ -79.923222022194167, 43.272297492811418 ], [ -79.923333922224998, 43.272244392796793 ], [ -79.923445222257172, 43.272209592785465 ], [ -79.923557222288807, 43.272165692772475 ], [ -79.923631122310724, 43.272148292765984 ], [ -79.923693222328851, 43.27213089275994 ], [ -79.92384172237287, 43.272096192746915 ], [ -79.923977822413775, 43.272070692736044 ], [ -79.924089422445206, 43.272026292722948 ], [ -79.924225622485309, 43.271991692710465 ], [ -79.924349322521437, 43.271956692698488 ], [ -79.924473322556921, 43.271912992684975 ], [ -79.924597522592393, 43.27186919267146 ], [ -79.924721022630067, 43.271852292662643 ], [ -79.92485752266947, 43.27180849264856 ], [ -79.924993522709499, 43.271773792636054 ], [ -79.925117322745649, 43.271738892624107 ], [ -79.925241122781841, 43.271703992612153 ], [ -79.92537732282274, 43.271678492601289 ], [ -79.92543872284223, 43.271678892598473 ], [ -79.925500422861063, 43.271670792594158 ], [ -79.925636122904123, 43.271671892588024 ], [ -79.92575962294103, 43.271646092577704 ], [ -79.925883422978742, 43.271629192568923 ], [ -79.925983023004861, 43.271567192553299 ], [ -79.926070623025552, 43.271486892535023 ], [ -79.92613392303781, 43.271397392516228 ], [ -79.926184423046735, 43.271316792499633 ], [ -79.926235523054302, 43.271218292479801 ], [ -79.926274323057982, 43.271119592460558 ], [ -79.926300523058401, 43.27102979244345 ], [ -79.926326623058827, 43.270940092426386 ], [ -79.926353323057839, 43.270832092406017 ], [ -79.926380123056092, 43.270715292384097 ], [ -79.926380823051588, 43.270661392374542 ], [ -79.926344623036201, 43.270615992368228 ], [ -79.926333923024885, 43.270525692352734 ], [ -79.926335623016755, 43.270426692335128 ], [ -79.926361923017254, 43.270337192318117 ], [ -79.92642502303022, 43.270256692300926 ], [ -79.926500223047768, 43.270185192284778 ], [ -79.926551123055276, 43.270086692264918 ], [ -79.926552923047183, 43.269987592247311 ], [ -79.926505023024873, 43.269906192235162 ], [ -79.926519123021464, 43.269816292218636 ], [ -79.926533023017981, 43.269726292202073 ], [ -79.926559423017736, 43.269627492183361 ], [ -79.926585723017411, 43.269528692164677 ], [ -79.926624123021725, 43.269438892146979 ], [ -79.926638423017593, 43.269340192128837 ], [ -79.926652323013329, 43.269241192110719 ], [ -79.926654123005235, 43.269141992093061 ], [ -79.926680423004925, 43.269043292074407 ], [ -79.926669822993688, 43.268953192058945 ], [ -79.926708622997367, 43.268854392039657 ], [ -79.926722722992366, 43.268746492019943 ], [ -79.926724322984256, 43.26864759200236 ], [ -79.926725922976829, 43.268557391986327 ], [ -79.92671542296489, 43.268458491969334 ], [ -79.926655322937933, 43.268367891956103 ], [ -79.926607822914903, 43.26827729194234 ], [ -79.926609522907611, 43.268187191926287 ], [ -79.926647722911881, 43.268097591908642 ], [ -79.926759622942669, 43.268044591894053 ], [ -79.926882622982504, 43.268054891890124 ], [ -79.927005823022412, 43.268064991886142 ], [ -79.927153823068664, 43.268057391877882 ], [ -79.927265423100891, 43.268022191866493 ], [ -79.927389023136996, 43.267987391854533 ], [ -79.927525023178603, 43.267970691845221 ], [ -79.927624523204713, 43.267908491829559 ], [ -79.927748223240897, 43.267873891817679 ], [ -79.927884623281003, 43.267838891805155 ], [ -79.927996523311791, 43.267785991790547 ], [ -79.928083823333239, 43.267714791773905 ], [ -79.9281221233407, 43.26766099176254 ], [ -79.92814742334555, 43.267625391755061 ], [ -79.928246923370068, 43.267545291736269 ], [ -79.928360223395046, 43.267420291708916 ], [ -79.928472923422163, 43.267322391686314 ], [ -79.928572323448222, 43.267260291670652 ], [ -79.928684423479055, 43.267207091656033 ], [ -79.928796023510571, 43.267163191643071 ], [ -79.928907523542833, 43.267128091631612 ], [ -79.929019323575204, 43.267093391620293 ], [ -79.92914282361123, 43.267058291608272 ], [ -79.929278923652888, 43.267041591599003 ], [ -79.929327923668438, 43.267041991596756 ], [ -79.929414623694399, 43.267024791589677 ], [ -79.929537923732767, 43.267017191582568 ], [ -79.929661523771216, 43.267009191575397 ], [ -79.929784523809516, 43.267001491568259 ], [ -79.929920423851058, 43.266984591558938 ], [ -79.93005622389262, 43.266967891549633 ], [ -79.930118223910739, 43.266950391543624 ], [ -79.930180723925872, 43.266896991531311 ], [ -79.93031682396591, 43.266862291518798 ], [ -79.930379323981839, 43.266817791508004 ], [ -79.930502724019448, 43.266800891499265 ], [ -79.930650524067161, 43.266811391494187 ], [ -79.93077332410769, 43.266830391491816 ], [ -79.930858524141058, 43.266903291500746 ], [ -79.930722624099531, 43.266920191510081 ], [ -79.930587024056422, 43.266918791516133 ], [ -79.930525224037623, 43.266927291520567 ], [ -79.930500124031212, 43.266945091524846 ], [ -79.930352023986543, 43.266970491536284 ], [ -79.930239823958019, 43.267050691555731 ], [ -79.930116023921045, 43.267076491566016 ], [ -79.929980423878021, 43.267075191572175 ], [ -79.929845023835782, 43.267082991579876 ], [ -79.929721223798069, 43.267099891588622 ], [ -79.929573323751853, 43.267107291596879 ], [ -79.929450023712747, 43.267106291602452 ], [ -79.929301923667282, 43.267122891612281 ], [ -79.929178223631141, 43.267157791624243 ], [ -79.92904212359025, 43.26718339163515 ], [ -79.928918023555596, 43.26723649165033 ], [ -79.928806123524808, 43.267289291664895 ], [ -79.928694323494014, 43.267342291679469 ], [ -79.92863242347596, 43.267359891685452 ], [ -79.928532823449046, 43.267412891699507 ], [ -79.928494923441718, 43.267466491710778 ], [ -79.928419423424856, 43.267546691728477 ], [ -79.928381823417624, 43.267600591739743 ], [ -79.928294223396122, 43.267671691756405 ], [ -79.9281572233605, 43.267760391778502 ], [ -79.928057523334331, 43.267822491794163 ], [ -79.927945623302747, 43.26786649180719 ], [ -79.927833923272019, 43.267919591821816 ], [ -79.927697423233369, 43.267972391837496 ], [ -79.927598223205834, 43.268016491849906 ], [ -79.927474223170364, 43.268060291863456 ], [ -79.927350323134149, 43.268095091875381 ], [ -79.927238723101894, 43.268129991886767 ], [ -79.927127123069582, 43.268164991898196 ], [ -79.927039623048884, 43.268245191916485 ], [ -79.926976623036026, 43.26832579193367 ], [ -79.926937923032369, 43.268424291952883 ], [ -79.926936223040485, 43.268523591970506 ], [ -79.926922023044682, 43.268622391988686 ], [ -79.926920523052857, 43.268721292006205 ], [ -79.926906323056215, 43.268811192022788 ], [ -79.926892023061896, 43.26892839204416 ], [ -79.926877823066036, 43.269027092062309 ], [ -79.926863623071014, 43.269135092082095 ], [ -79.926837623070597, 43.269224892099139 ], [ -79.926798823066974, 43.269323592118432 ], [ -79.926772823066599, 43.269413392135547 ], [ -79.926758523070689, 43.269512192153663 ], [ -79.926756323080255, 43.269629392174473 ], [ -79.926730123079849, 43.269719292191617 ], [ -79.926716123084034, 43.269818092209746 ], [ -79.92668972308428, 43.269916792228422 ], [ -79.926675923087799, 43.270006692244998 ], [ -79.926661723091968, 43.270105792263166 ], [ -79.926635723091593, 43.270195492280223 ], [ -79.926609123091794, 43.270294292298935 ], [ -79.926595323095313, 43.270384192315511 ], [ -79.926569223094859, 43.270473892332589 ], [ -79.926542723095125, 43.27057269235128 ], [ -79.926516323095385, 43.270671492369985 ], [ -79.926515623099135, 43.270716592378022 ], [ -79.926489123099401, 43.270815492396764 ], [ -79.926462923098967, 43.270905292413822 ], [ -79.926448823103129, 43.271004292432018 ], [ -79.926410323098821, 43.271093992449664 ], [ -79.926396123103757, 43.271201892469399 ], [ -79.926381923107883, 43.271300692487529 ], [ -79.926367923112082, 43.271399492505651 ], [ -79.926353923115542, 43.271489492522207 ], [ -79.926254223090154, 43.271560392539428 ], [ -79.926154823062532, 43.271604592551881 ], [ -79.926030823027119, 43.271648492565461 ], [ -79.925919222995603, 43.271692592578461 ], [ -79.925807822962611, 43.271718492588271 ], [ -79.92568392292641, 43.271753592600248 ], [ -79.925560522887977, 43.271761092607321 ], [ -79.925511022873081, 43.271769792611209 ], [ -79.925437022850389, 43.271778092616103 ], [ -79.925325122820311, 43.27183999263228 ], [ -79.92529882281984, 43.271929792649416 ], [ -79.925296922827926, 43.272028892667024 ], [ -79.925369822857348, 43.272101492676462 ], [ -79.925492322899444, 43.272138792677303 ], [ -79.925627522943174, 43.272149192672828 ], [ -79.9257272229693, 43.272086592657125 ], [ -79.925814822990787, 43.272015592640422 ], [ -79.925914523016985, 43.271953592624861 ], [ -79.926038923051777, 43.2719008926097 ], [ -79.926162223088539, 43.271874892599342 ], [ -79.926297723132365, 43.271885292594867 ], [ -79.926420923171506, 43.271886492589296 ], [ -79.926544323209114, 43.271869492580514 ], [ -79.926680623249212, 43.271834792568065 ], [ -79.926804523285412, 43.271799892556103 ], [ -79.926928223322349, 43.271774092545755 ], [ -79.927052123357754, 43.271730192532161 ], [ -79.927163723390066, 43.271695192520781 ], [ -79.927287823425544, 43.271651492507274 ], [ -79.927399423456208, 43.271598292492627 ], [ -79.927511523487127, 43.271545492478069 ], [ -79.927610923513967, 43.271492292463989 ], [ -79.927735023549431, 43.271448492450489 ], [ -79.927858723585516, 43.271413592438527 ], [ -79.92797032361706, 43.271369692425516 ], [ -79.928093723655465, 43.271361892418376 ], [ -79.928217223693068, 43.271344892409594 ], [ -79.928340923730019, 43.271319092399303 ], [ -79.928489123775506, 43.271302292389379 ], [ -79.928589023800939, 43.271231392372151 ], [ -79.92862662380972, 43.271195692364138 ], [ -79.928676923820959, 43.271142092352306 ], [ -79.928678623812814, 43.271043092334679 ], [ -79.928606223781998, 43.270952392322037 ], [ -79.928508823745531, 43.270888392315243 ], [ -79.928398823705862, 43.270833392310685 ], [ -79.928301623668659, 43.270760392302329 ], [ -79.928352523676963, 43.270670792284086 ], [ -79.928464423706998, 43.270608792267886 ], [ -79.92860092374643, 43.270565292253814 ], [ -79.928663823758498, 43.270475592235016 ], [ -79.928566323722762, 43.270420592229868 ], [ -79.92844262368591, 43.270446592240233 ], [ -79.928330723655037, 43.270499392254791 ], [ -79.928194823613495, 43.27051639226417 ], [ -79.928071723574405, 43.270515092269683 ], [ -79.927948723534527, 43.270504992273644 ], [ -79.927813823487767, 43.270458692271752 ], [ -79.927766223465539, 43.270377192259538 ], [ -79.927780023461295, 43.270278292241393 ], [ -79.927831323468141, 43.270170692219992 ], [ -79.927870023471741, 43.270071892200718 ], [ -79.927920923480002, 43.269982392182513 ], [ -79.927983923492931, 43.269901892165308 ], [ -79.928083723518299, 43.26983079214812 ], [ -79.928195423549894, 43.269786892135102 ], [ -79.928318723587452, 43.269770092126414 ], [ -79.928442323625902, 43.26976209211918 ], [ -79.92856572366432, 43.269754392112063 ], [ -79.928700923708817, 43.269773592109139 ], [ -79.928824123747944, 43.269774692103603 ], [ -79.928947923784108, 43.269739892091636 ], [ -79.929071623821031, 43.269713992081314 ], [ -79.929171123847908, 43.269660992067244 ], [ -79.92929512388335, 43.269617092053721 ], [ -79.929406623915625, 43.269582292042372 ], [ -79.92953062395182, 43.26954729203036 ], [ -79.929666723991119, 43.269503592016285 ], [ -79.929790624027305, 43.269468692004317 ], [ -79.9299146240635, 43.269433691992312 ], [ -79.930025924095702, 43.269398691980967 ], [ -79.930149724132647, 43.269373091970621 ], [ -79.93028562417426, 43.26935629196133 ], [ -79.930409324211126, 43.269330291950901 ], [ -79.93054472425419, 43.26933169194487 ], [ -79.930667524294705, 43.269350691942492 ], [ -79.930790324336073, 43.26937899194175 ], [ -79.930912924378148, 43.269416091942574 ], [ -79.930997924411457, 43.269488891951482 ], [ -79.931070424441558, 43.269570691962521 ], [ -79.931155424474099, 43.269634591969918 ], [ -79.931229124498316, 43.269644291968135 ], [ -79.931278424514758, 43.269653691967513 ], [ -79.931401924552347, 43.269636591958736 ], [ -79.931538024592442, 43.26960199194626 ], [ -79.931674124633261, 43.269576191935336 ], [ -79.931809924674823, 43.269559591926033 ], [ -79.931933624711746, 43.269533591915646 ], [ -79.932045024744767, 43.269507791905887 ], [ -79.932156824776314, 43.269463591892851 ], [ -79.932292624817094, 43.269437991881958 ], [ -79.932379924839253, 43.269375791866885 ], [ -79.93250312488, 43.269395191864596 ], [ -79.932627124913893, 43.269333191847828 ], [ -79.932714424936037, 43.269270791832717 ], [ -79.932838124972974, 43.26924509182237 ], [ -79.932962125008387, 43.269201191808826 ], [ -79.933073625040635, 43.269166191797446 ], [ -79.933210025080825, 43.269131291784909 ], [ -79.933333725116981, 43.269096591772986 ], [ -79.933445025149908, 43.269070491763138 ], [ -79.933568925186123, 43.269035691751213 ], [ -79.933692825221527, 43.268991991737693 ], [ -79.933816425258399, 43.268965991727292 ], [ -79.93392832529004, 43.268922091714316 ], [ -79.934064525329319, 43.268878091700181 ], [ -79.93418862536403, 43.268825591685101 ], [ -79.934312525400188, 43.268790491673116 ], [ -79.934436425436417, 43.268755791661185 ], [ -79.934510425459081, 43.268747291656183 ], [ -79.934559925474019, 43.268738891652418 ], [ -79.934671625505501, 43.268694491639316 ], [ -79.934771125532436, 43.268641791625384 ], [ -79.934895325567126, 43.268588591610133 ], [ -79.934907525571006, 43.26858909160967 ], [ -79.93503132560798, 43.268563191599341 ], [ -79.935142725640176, 43.268528091587918 ], [ -79.935217125662248, 43.268510791581377 ], [ -79.935291325684219, 43.268493491574809 ], [ -79.93541512572034, 43.268458691562891 ], [ -79.935551325759718, 43.268414991548802 ], [ -79.935675125795854, 43.268380091536855 ], [ -79.93582352584059, 43.268354391525385 ], [ -79.935947025878207, 43.268337391516589 ], [ -79.936070825915195, 43.268311591506254 ], [ -79.936194425952081, 43.268285891495943 ], [ -79.936317025993361, 43.268313891495168 ], [ -79.936316525996375, 43.268349891501508 ], [ -79.936315526001565, 43.268412991512754 ], [ -79.936289226001108, 43.268502791529869 ], [ -79.936226725984383, 43.268538191539051 ], [ -79.936140125959255, 43.268564191547689 ], [ -79.936078425940451, 43.268572791552103 ], [ -79.93596662590889, 43.268616891565095 ], [ -79.935818525864235, 43.268642491576564 ], [ -79.935694825827312, 43.268668391586949 ], [ -79.935583125795787, 43.268712291599911 ], [ -79.935422325747894, 43.268746991613568 ], [ -79.935298825710191, 43.26876359162226 ], [ -79.935162525670904, 43.268807391636372 ], [ -79.935050825639323, 43.268851191649361 ], [ -79.934976425618913, 43.268886891659115 ], [ -79.934926625604646, 43.268904191664518 ], [ -79.934802625569205, 43.268948191678085 ], [ -79.934678925533106, 43.268982891690023 ], [ -79.934542125495966, 43.269053891708957 ], [ -79.934406025455118, 43.269079691719895 ], [ -79.934294525422814, 43.2691143917312 ], [ -79.934158425382762, 43.269149291743737 ], [ -79.934034425347349, 43.269192991757244 ], [ -79.933910125313417, 43.269255091774056 ], [ -79.933848225295279, 43.269272391779992 ], [ -79.933786225277203, 43.269289791786001 ], [ -79.93364972523861, 43.269342691801704 ], [ -79.933501225195357, 43.269386291816367 ], [ -79.933389725162328, 43.269412291826171 ], [ -79.93325382512154, 43.269437991837052 ], [ -79.933118225078459, 43.269436691843197 ], [ -79.932982625035379, 43.269435391849314 ], [ -79.932956425034973, 43.269525291866408 ], [ -79.93283252499954, 43.269569091879958 ], [ -79.932721224966542, 43.269594991889697 ], [ -79.932585324925014, 43.269611891899082 ], [ -79.932523324906896, 43.269629391905049 ], [ -79.932486424895941, 43.269637791908266 ], [ -79.932399624870783, 43.269664091916965 ], [ -79.932275724835392, 43.269708091930546 ], [ -79.932163924804598, 43.269761091945114 ], [ -79.932052324772286, 43.269795991956499 ], [ -79.931915924733701, 43.269848591972192 ], [ -79.931791724697419, 43.269883691984184 ], [ -79.931668124661343, 43.269918691996189 ], [ -79.931544324625165, 43.269953292008083 ], [ -79.931420324589709, 43.269997192021606 ], [ -79.931308824557448, 43.270032092032991 ], [ -79.931234524535455, 43.270049592039562 ], [ -79.931206924529519, 43.270081992046592 ], [ -79.931196824527404, 43.270094092049185 ], [ -79.931184124525004, 43.270112092052997 ], [ -79.931231924547987, 43.270202492066723 ], [ -79.931354524590077, 43.270239692067577 ], [ -79.931502624635598, 43.270223192057728 ], [ -79.931614024667795, 43.270188092046318 ], [ -79.931726024697838, 43.270126192030148 ], [ -79.931837824729399, 43.270081992017126 ], [ -79.931961424765518, 43.270047392005232 ], [ -79.932085324802486, 43.27002139199486 ], [ -79.932208924839372, 43.269995491984474 ], [ -79.932344924880198, 43.269969791973601 ], [ -79.932394324895867, 43.269970391971356 ], [ -79.932530024938188, 43.269962491963668 ], [ -79.932665524980436, 43.26995489195599 ], [ -79.932764025013256, 43.269973691954668 ], [ -79.932812725031084, 43.270001391957322 ], [ -79.93291002506831, 43.270073991965617 ], [ -79.932958225089919, 43.270146691976208 ], [ -79.933043225121637, 43.270201491981922 ], [ -79.933116925146592, 43.270220091981791 ], [ -79.933153125161283, 43.27025669198656 ], [ -79.933213725186008, 43.270320091994932 ], [ -79.933200325187258, 43.27038299200666 ], [ -79.933175425180949, 43.270400692010959 ], [ -79.933076025154122, 43.270453992025075 ], [ -79.932976125127908, 43.270516192040695 ], [ -79.932913425113497, 43.27057839205461 ], [ -79.932862825104507, 43.270658892071239 ], [ -79.932799525092321, 43.270748392090034 ], [ -79.93278602509433, 43.270820492103425 ], [ -79.932784325101665, 43.270910292119396 ], [ -79.932770625105178, 43.271000192135908 ], [ -79.932732225099315, 43.271071992150404 ], [ -79.932707825091526, 43.271071692151466 ], [ -79.932583525056003, 43.271115392165008 ], [ -79.932459825020672, 43.271159492178612 ], [ -79.932348124989161, 43.27120359219159 ], [ -79.932224224952932, 43.271238292203535 ], [ -79.932100624915279, 43.271255192212294 ], [ -79.93193992486664, 43.271280792224346 ], [ -79.931804524822809, 43.271270492228865 ], [ -79.931681524783798, 43.271269392234395 ], [ -79.931546224739236, 43.271250192237332 ], [ -79.931386224687614, 43.271239492242906 ], [ -79.931250524645321, 43.271247192250613 ], [ -79.931175324627745, 43.271318692266767 ], [ -79.93108752460779, 43.271407992286683 ], [ -79.931011624593111, 43.27151499230915 ], [ -79.930936124576263, 43.271595492326874 ], [ -79.93092372457312, 43.271604492329068 ], [ -79.930848524555472, 43.27167559234514 ], [ -79.930736224526896, 43.271755492364512 ], [ -79.930699224515976, 43.271764292367834 ], [ -79.930612224491512, 43.271799592378116 ], [ -79.930488524455342, 43.271834392390041 ], [ -79.930377124423146, 43.271869392401456 ], [ -79.930240924383, 43.27190409241399 ], [ -79.930105424339189, 43.27189399241847 ], [ -79.929995324300322, 43.271847792415457 ], [ -79.929860224255819, 43.271828592418373 ], [ -79.929750024216872, 43.271782392415368 ], [ -79.929627224174737, 43.271745192414521 ], [ -79.92951722413666, 43.271708392413174 ], [ -79.929407224096991, 43.271653192408543 ], [ -79.929309524061253, 43.271598292403397 ], [ -79.929199724020862, 43.271534192397212 ], [ -79.929090023981303, 43.271479192392562 ], [ -79.928943323929971, 43.271423792389612 ], [ -79.928795623880688, 43.271395292391496 ], [ -79.928758523868922, 43.271394992393169 ], [ -79.928659823839183, 43.271412092400851 ], [ -79.928548223806871, 43.27144709241221 ], [ -79.928400223761429, 43.271463692422103 ], [ -79.928252023715174, 43.27147119243034 ], [ -79.928140023684364, 43.271524392444945 ], [ -79.928040823656758, 43.271568392457361 ], [ -79.927929023625978, 43.271621492471979 ], [ -79.927817223595241, 43.271674392486567 ], [ -79.92769282356123, 43.271736192503326 ], [ -79.927544123518729, 43.271788792519587 ], [ -79.927432523486431, 43.271823792530952 ], [ -79.92730882344955, 43.271849692541359 ], [ -79.927172823408711, 43.271875392552218 ], [ -79.927024723363218, 43.271891992562061 ], [ -79.926900723328586, 43.271944892577217 ], [ -79.926776523293057, 43.271988692590789 ], [ -79.926652323258338, 43.272041592605952 ], [ -79.926528023224392, 43.272103392622647 ], [ -79.926391923184312, 43.27213819263519 ], [ -79.926255723143427, 43.272163992646085 ], [ -79.926143923112633, 43.2722167926607 ], [ -79.926044323087311, 43.27228799267791 ], [ -79.925920423050385, 43.272313892688317 ], [ -79.92582092302429, 43.272376092703887 ], [ -79.925696822988812, 43.272419892717444 ], [ -79.925548422944047, 43.272445492728927 ], [ -79.925425022906424, 43.2724622927377 ], [ -79.925399722900735, 43.272489092743562 ], [ -79.925337422884937, 43.272533592754336 ], [ -79.92520132284406, 43.27255929276528 ], [ -79.925114022822626, 43.272630692781959 ], [ -79.92503852280575, 43.272710892799672 ], [ -79.925024722809283, 43.272800792816248 ], [ -79.924986122804839, 43.272890292833871 ], [ -79.92489862278336, 43.272961692850558 ], [ -79.924774722747941, 43.273005392864079 ], [ -79.924662822717934, 43.273067392880272 ], [ -79.92455102268714, 43.273120392894846 ], [ -79.924450922661663, 43.273191692912135 ], [ -79.924350622638471, 43.273289492934111 ], [ -79.924275122621609, 43.273369892951855 ], [ -79.92417542259625, 43.273441092969122 ], [ -79.924063922564784, 43.273485092982121 ], [ -79.924012822556421, 43.273574593000355 ], [ -79.924011122564551, 43.273673593017897 ], [ -79.924033822580398, 43.273772793034418 ], [ -79.9241065226106, 43.273854293045403 ], [ -79.924191522643085, 43.273918393052796 ], [ -79.924314122685971, 43.273964593055219 ], [ -79.924374622710701, 43.274028193063607 ], [ -79.924386522716091, 43.274046393066264 ], [ -79.92438472272336, 43.274136293082293 ], [ -79.924346322719074, 43.274226093099976 ], [ -79.924283122707664, 43.274324493120282 ], [ -79.92422012269472, 43.274404693137413 ], [ -79.924132522673247, 43.274476293154173 ], [ -79.924032622647829, 43.274547393171453 ], [ -79.923920722617012, 43.274600193185996 ], [ -79.923808722586969, 43.274662293202198 ], [ -79.923684722551499, 43.274706193215778 ], [ -79.923584922526132, 43.27477729323298 ], [ -79.923473022495273, 43.274830093247537 ], [ -79.923411322476454, 43.27483849325192 ], [ -79.923250922426348, 43.274846093260756 ], [ -79.923103422377892, 43.274826693264224 ], [ -79.92298052233734, 43.274807493266579 ], [ -79.922857922296032, 43.274779393267337 ], [ -79.92269812224292, 43.274750893269776 ], [ -79.922574622205246, 43.27476769327847 ], [ -79.922402022150422, 43.274765993286259 ], [ -79.922278622112017, 43.274773893293435 ], [ -79.9221305220658, 43.274781593301682 ], [ -79.92198232202108, 43.2748070933131 ], [ -79.921846221980203, 43.274832893324024 ], [ -79.921722721943368, 43.274858693334352 ], [ -79.921598321909357, 43.274920593351105 ], [ -79.92149852188399, 43.274991593368362 ], [ -79.921410621863899, 43.275080893388242 ], [ -79.921298521833847, 43.275142793404456 ], [ -79.921186821802308, 43.275186793417475 ], [ -79.921050521762936, 43.275230393431507 ], [ -79.920914521722139, 43.275256293442482 ], [ -79.920790821685216, 43.275282293452847 ], [ -79.92065502164364, 43.275298893462086 ], [ -79.920531321606745, 43.275324593472391 ], [ -79.920395321565934, 43.275350593483395 ], [ -79.920271821528246, 43.275367293492117 ], [ -79.920123921481263, 43.275365893498751 ], [ -79.92000022144353, 43.275382493507458 ], [ -79.919827821388779, 43.275381093515279 ], [ -79.91967992134181, 43.275379693521906 ], [ -79.919557221301332, 43.275360793524321 ], [ -79.919447121262365, 43.275314493521265 ], [ -79.919324521220275, 43.275277293520467 ], [ -79.919188821177201, 43.27527609352655 ], [ -79.919053021135639, 43.275292793535833 ], [ -79.918929521097994, 43.275309493544576 ], [ -79.91880592106034, 43.275326493553365 ], [ -79.918682221023403, 43.275352393563686 ], [ -79.918558520986451, 43.275377993574011 ], [ -79.918497120966165, 43.275368493575215 ], [ -79.918435520945849, 43.275359093576434 ], [ -79.918300620900595, 43.275330793577744 ], [ -79.918178020858491, 43.275293393576845 ], [ -79.918055020817903, 43.275274393579224 ], [ -79.917919720774137, 43.27526429358376 ], [ -79.917796620735032, 43.275262793589249 ], [ -79.917672720698832, 43.275297793601183 ], [ -79.917548720662566, 43.275332593613157 ], [ -79.917413120620324, 43.275340393620873 ], [ -79.91731362059339, 43.275393293634899 ], [ -79.917189420558728, 43.275446093650025 ], [ -79.91707732052862, 43.275508293666263 ], [ -79.916977720502501, 43.275570293681888 ], [ -79.916877620477791, 43.275650393700715 ], [ -79.916765920447048, 43.275703393715283 ], [ -79.916654120416254, 43.275756293729884 ], [ -79.916517120379851, 43.275836093750364 ], [ -79.91641712035441, 43.27590719376763 ], [ -79.916329720332925, 43.275978493784315 ], [ -79.916230020306784, 43.276040393799924 ], [ -79.916105020274941, 43.276129293821462 ], [ -79.916005120250304, 43.276209493840305 ], [ -79.915893320218757, 43.276253293853287 ], [ -79.915769620182616, 43.276288193865248 ], [ -79.915657520151711, 43.27634119387983 ], [ -79.915582220134908, 43.276421593897574 ], [ -79.915531220126582, 43.276511093915786 ], [ -79.915517220131576, 43.2766189939355 ], [ -79.915454120118653, 43.276699493952712 ], [ -79.915366520097109, 43.276770793969412 ], [ -79.915266720071713, 43.276841793986613 ], [ -79.915191220055618, 43.276930894005929 ], [ -79.91510362003487, 43.277011294024234 ], [ -79.915016020013368, 43.277082394040868 ], [ -79.914868419964932, 43.277063194044366 ], [ -79.914758119926731, 43.277025994042909 ], [ -79.914610719877544, 43.276997594044822 ], [ -79.914487219839927, 43.277014494053567 ], [ -79.914387619812985, 43.277067694067604 ], [ -79.914275819782205, 43.277120394082175 ], [ -79.914164019750629, 43.277164494095217 ], [ -79.914040219715261, 43.277208294108704 ], [ -79.913917319674653, 43.277189294111061 ], [ -79.913844719644501, 43.277107494100015 ], [ -79.913784519617494, 43.277016894086792 ], [ -79.913661319578338, 43.277015794092385 ], [ -79.913525519537615, 43.277041394103222 ], [ -79.91340121950202, 43.277085194116786 ], [ -79.913264919463444, 43.277137894132494 ], [ -79.913153719430511, 43.277163894142262 ], [ -79.913029419395002, 43.277207894155865 ], [ -79.91289341935493, 43.277242394168276 ], [ -79.912757019316317, 43.277295194184035 ], [ -79.912718319311935, 43.277384794201659 ], [ -79.912668419299237, 43.277420494210311 ], [ -79.912630619291122, 43.277464994219955 ], [ -79.912507019253439, 43.277481794228656 ], [ -79.912371119211898, 43.277498694238034 ], [ -79.91223551917038, 43.277515494247311 ], [ -79.912100319125074, 43.277486994248605 ], [ -79.912027819094973, 43.277405294237546 ], [ -79.912041619090672, 43.277306494219438 ], [ -79.912068519089786, 43.277198594199099 ], [ -79.912082519086368, 43.277108694182509 ], [ -79.9120347190633, 43.277018194168747 ], [ -79.911949719030787, 43.276954494161451 ], [ -79.91188931900453, 43.276872994149905 ], [ -79.911816518975087, 43.276799994140347 ], [ -79.911744218945046, 43.276718394129311 ], [ -79.9116467189085, 43.276654294122565 ], [ -79.911536918868961, 43.276599294117922 ], [ -79.911413418832055, 43.276625194128293 ], [ -79.911313818805937, 43.276687094143888 ], [ -79.911225918784368, 43.276758594160619 ], [ -79.911187518780011, 43.276847994178212 ], [ -79.911210618795181, 43.276938294193108 ], [ -79.911208918802544, 43.277028394209154 ], [ -79.911231818817726, 43.277118594224007 ], [ -79.911230318825091, 43.277208794240011 ], [ -79.911179518816837, 43.277298194258243 ], [ -79.911128418808516, 43.277387794276422 ], [ -79.911176218831528, 43.277478294290205 ], [ -79.911273318868652, 43.277551094298531 ], [ -79.911383218908355, 43.277606294303197 ], [ -79.911430918931359, 43.277696794316952 ], [ -79.911355618914527, 43.277776994334673 ], [ -79.911305818901084, 43.277803594341719 ], [ -79.911256118887636, 43.277830194348695 ], [ -79.91115871885124, 43.277766294341951 ], [ -79.911123218832046, 43.277675894327665 ], [ -79.91107571880832, 43.277576494312292 ], [ -79.911052718793115, 43.277486094297345 ], [ -79.910992818766218, 43.277395394284127 ], [ -79.910882818726549, 43.277340394279548 ], [ -79.910810318696448, 43.277258694268475 ], [ -79.910737918666342, 43.277176994257402 ], [ -79.910627818626679, 43.277121994252859 ], [ -79.910542818593342, 43.277048894243876 ], [ -79.910445218557612, 43.27699399423873 ], [ -79.910383918536539, 43.276975394238328 ], [ -79.910322718515573, 43.276956894237905 ], [ -79.910175018467882, 43.276946594242922 ], [ -79.910051918428778, 43.276945394248486 ], [ -79.909928718390404, 43.276953094255624 ], [ -79.909805018351904, 43.276961094262795 ], [ -79.909681718313536, 43.276968794269933 ], [ -79.909534118265867, 43.276958394274985 ], [ -79.9094110182252, 43.276939294277327 ], [ -79.909288318183812, 43.276910794278017 ], [ -79.909165818141787, 43.276873794277201 ], [ -79.909055218105067, 43.276854894279019 ], [ -79.908932518062983, 43.276817694278165 ], [ -79.908797518018517, 43.276798294281043 ], [ -79.908723917993569, 43.276779694281224 ], [ -79.908711417989579, 43.276779494281726 ], [ -79.908551317937906, 43.276768894287343 ], [ -79.908416117894959, 43.276767594293467 ], [ -79.908280217852621, 43.276775394301197 ], [ -79.908144217811781, 43.276801094312049 ], [ -79.908032517781024, 43.276853894326592 ], [ -79.907932817754855, 43.276915994342275 ], [ -79.907808317721603, 43.276987094360628 ], [ -79.90769601769226, 43.277057794378408 ], [ -79.907658217683363, 43.277093494386428 ], [ -79.907509017643079, 43.277173294407554 ], [ -79.907373217600764, 43.277180894415245 ], [ -79.907237817556947, 43.277170694419731 ], [ -79.907089617512199, 43.277196194431163 ], [ -79.906965117478194, 43.277258094447902 ], [ -79.906889917461399, 43.277338494465646 ], [ -79.906863417461636, 43.27743709448432 ], [ -79.906849217465791, 43.27753609450253 ], [ -79.906847717473184, 43.27762609451851 ], [ -79.9068454174827, 43.277743294539334 ], [ -79.906868517498722, 43.277842494555806 ], [ -79.906891217515351, 43.277950594573852 ], [ -79.90692641753445, 43.278041194588234 ], [ -79.906974217557504, 43.278131694602017 ], [ -79.907059217590799, 43.278204294610887 ], [ -79.907156217629478, 43.278295294622446 ], [ -79.907278017674471, 43.278368594629725 ], [ -79.907400317718029, 43.278423794633731 ], [ -79.907522517761578, 43.278478994637801 ], [ -79.907669917811546, 43.278516294637498 ], [ -79.907804617857494, 43.278553794637858 ], [ -79.907915017895689, 43.278590794639264 ], [ -79.908061717947817, 43.278655194643783 ], [ -79.908171817986769, 43.278701294646815 ], [ -79.908269018023915, 43.278774294655172 ], [ -79.908279818035197, 43.278864294670576 ], [ -79.908265618039408, 43.278963394688745 ], [ -79.908239518038968, 43.279053094705837 ], [ -79.908200518036026, 43.279160794726685 ], [ -79.908149718027744, 43.279250194744868 ], [ -79.90809861802019, 43.279348894764723 ], [ -79.908035118008684, 43.27944739478508 ], [ -79.907984717999796, 43.279527994801732 ], [ -79.907933617991432, 43.279617494819945 ], [ -79.907857717976768, 43.2797246948424 ], [ -79.907745417947382, 43.279795894860264 ], [ -79.907733217943544, 43.279795694860809 ], [ -79.907621817910481, 43.279821594870555 ], [ -79.907510217878226, 43.279856694881978 ], [ -79.907398617845914, 43.27989149489337 ], [ -79.907275017809795, 43.279926394905324 ], [ -79.907150817774266, 43.27997019491881 ], [ -79.907038817744223, 43.280032394935049 ], [ -79.906902517704054, 43.280066994947518 ], [ -79.906790817673297, 43.280119794962118 ], [ -79.906703217651824, 43.280191294978856 ], [ -79.906615617630266, 43.280262294995495 ], [ -79.906527817609501, 43.280342595013757 ], [ -79.906452617591896, 43.280413895029895 ], [ -79.906401817583614, 43.28050319504807 ], [ -79.90633891757075, 43.28058379506524 ], [ -79.906338517571371, 43.280592795066894 ], [ -79.906226417541305, 43.280654595083014 ], [ -79.906163317529106, 43.280744095101788 ], [ -79.906088017511493, 43.280815295117939 ], [ -79.905963817476803, 43.280868295133075 ], [ -79.905876317455309, 43.280939495149731 ], [ -79.905788917433028, 43.281001695164825 ], [ -79.905701317411527, 43.281072895181545 ], [ -79.905613817390034, 43.281144095198194 ], [ -79.905513517366856, 43.281242195220223 ], [ -79.905437717351447, 43.281340595241147 ], [ -79.905350417329203, 43.281402695256219 ], [ -79.905226717292265, 43.281428695266577 ], [ -79.905078717245289, 43.281427195273217 ], [ -79.904956017203915, 43.281398895273952 ], [ -79.904882117179639, 43.281389295275723 ], [ -79.904833117163307, 43.281379795276337 ], [ -79.904697417120204, 43.281378595282426 ], [ -79.904562117076424, 43.281368195286895 ], [ -79.904439317035866, 43.281349095289286 ], [ -79.90430401699129, 43.281329695292186 ], [ -79.904156216943562, 43.281319195297201 ], [ -79.904020916899796, 43.281309095301737 ], [ -79.903885416855942, 43.281298595306232 ], [ -79.903750116812972, 43.28129739531235 ], [ -79.903614716768402, 43.2812779953152 ], [ -79.903467016721464, 43.28127669532185 ], [ -79.903417116707956, 43.281303095328894 ], [ -79.903355016690625, 43.281329695336503 ], [ -79.90323121665287, 43.281346395345238 ], [ -79.903108216613774, 43.281345195350738 ], [ -79.902972816569999, 43.281334895355243 ], [ -79.902849816530107, 43.28132469535921 ], [ -79.902715116482597, 43.2812693953557 ], [ -79.902605016443701, 43.28122329535271 ], [ -79.902482216402319, 43.281195195353469 ], [ -79.902359716360266, 43.281157995352594 ], [ -79.902237116318943, 43.281129695353336 ], [ -79.902102116272914, 43.281092395352992 ], [ -79.901967216226893, 43.281055295352758 ], [ -79.90184471618484, 43.281017995351917 ], [ -79.901722516140495, 43.28095379534625 ], [ -79.901562216090355, 43.280961295355063 ], [ -79.901438516053432, 43.280986895365366 ], [ -79.901314916015778, 43.281003795374126 ], [ -79.901179315973465, 43.281011595381813 ], [ -79.901031015927941, 43.281028195391663 ], [ -79.90091951589568, 43.281062995403062 ], [ -79.900794815862355, 43.28113399542142 ], [ -79.900695015836959, 43.281205095438686 ], [ -79.900582915806837, 43.28126699545485 ], [ -79.900495515784613, 43.281329195469922 ], [ -79.900383715753804, 43.281382095484453 ], [ -79.900320415742328, 43.281480595504874 ], [ -79.900281515738641, 43.281579195524124 ], [ -79.900206215721823, 43.281659595541846 ], [ -79.900130715704947, 43.281739895559561 ], [ -79.900055515688123, 43.281820195577318 ], [ -79.899945115649913, 43.281783195575898 ], [ -79.89980911560906, 43.281808595586718 ], [ -79.89977071560395, 43.281889295602788 ], [ -79.899646415569237, 43.281942395617968 ], [ -79.899523115530016, 43.281941195623524 ], [ -79.899387015489964, 43.281975795636001 ], [ -79.8992629154545, 43.282019795649568 ], [ -79.899103515401478, 43.281991195651962 ], [ -79.898979915362972, 43.281998895659108 ], [ -79.898857015322363, 43.28197969566147 ], [ -79.898720815281479, 43.282005395672336 ], [ -79.898670215272489, 43.282086095688975 ], [ -79.898656815272943, 43.282139995699161 ], [ -79.898643815271924, 43.28217579570606 ], [ -79.898642115280069, 43.282274695723643 ], [ -79.89866481529593, 43.282373995740144 ], [ -79.898724915322177, 43.282455695751793 ], [ -79.898748215337406, 43.282545995766661 ], [ -79.898697215329108, 43.282635595784875 ], [ -79.898622015311531, 43.282706895800992 ], [ -79.898510015280678, 43.28275969581555 ], [ -79.898422715258434, 43.282821995830666 ], [ -79.898347215241557, 43.282902295848366 ], [ -79.898235215212281, 43.282973395866193 ], [ -79.898134915188251, 43.283062295886566 ], [ -79.898071915175379, 43.283142895903751 ], [ -79.898045515174815, 43.283232495920842 ], [ -79.898045215177106, 43.283259595925671 ], [ -79.89805611518608, 43.283322695936292 ], [ -79.898091415205911, 43.283421995952182 ], [ -79.898102015217233, 43.283512195967695 ], [ -79.898125115233199, 43.283611495984154 ], [ -79.898135515245954, 43.283719596002754 ], [ -79.898157715262457, 43.283827996020939 ], [ -79.898142415273369, 43.284007896053446 ], [ -79.898140715280675, 43.284097996069463 ], [ -79.898114215281709, 43.284205696089685 ], [ -79.898100215285183, 43.284295596106254 ], [ -79.898036715274458, 43.284403096128258 ], [ -79.898022715278657, 43.284501996146361 ], [ -79.898008415282803, 43.284600896164527 ], [ -79.897982215282326, 43.284690696181627 ], [ -79.897931115274773, 43.284789196201416 ], [ -79.897868315261917, 43.284869796218644 ], [ -79.89779251524493, 43.284950096236358 ], [ -79.897693015218806, 43.285012196251969 ], [ -79.89759311519262, 43.285074196267594 ], [ -79.897493415167233, 43.285145296284853 ], [ -79.89740581514566, 43.285216396301522 ], [ -79.897342615132686, 43.285296896318663 ], [ -79.897242815106509, 43.285358896334309 ], [ -79.897131115074984, 43.285402996347294 ], [ -79.896995415032677, 43.285410596354971 ], [ -79.896885414993761, 43.285364596351982 ], [ -79.896812714964341, 43.285291896342549 ], [ -79.896764914942111, 43.285210196330318 ], [ -79.896704914915148, 43.285119596317088 ], [ -79.896657014892824, 43.285038196304924 ], [ -79.896622114873054, 43.284938696288997 ], [ -79.896561614846789, 43.284857096277385 ], [ -79.89647691481359, 43.284784296268477 ], [ -79.896379414777059, 43.28472039626174 ], [ -79.896294414743792, 43.284647396252751 ], [ -79.896221814714423, 43.284574696243325 ], [ -79.896161514688131, 43.284493096231728 ], [ -79.896089114658096, 43.284411396220648 ], [ -79.896029214631184, 43.284320696207416 ], [ -79.896006014616674, 43.284239396194089 ], [ -79.896032414616428, 43.284140596175412 ], [ -79.896095714628672, 43.284051096156617 ], [ -79.896171114644702, 43.283961696137311 ], [ -79.896222114653852, 43.283881296120725 ], [ -79.896236014649631, 43.283782596102597 ], [ -79.896151214616339, 43.283709496093628 ], [ -79.896040914578151, 43.283672496092251 ], [ -79.895905614533632, 43.283653096095108 ], [ -79.895783014491528, 43.283615996094291 ], [ -79.89566081444795, 43.283560596090176 ], [ -79.895538614404401, 43.28350549608615 ], [ -79.895453214372552, 43.283450796080501 ], [ -79.895356114334604, 43.283368696070482 ], [ -79.89528371430454, 43.283286896059415 ], [ -79.895223714277577, 43.283196296046178 ], [ -79.895151714244491, 43.283078596028751 ], [ -79.895079314214371, 43.282996796017628 ], [ -79.895031514192112, 43.282915396005471 ], [ -79.895008614176973, 43.282825095990631 ], [ -79.89494861415001, 43.28273439597735 ], [ -79.894863714116752, 43.282661595968435 ], [ -79.894753914076318, 43.28259739596222 ], [ -79.894644014036714, 43.282542395957641 ], [ -79.894521713993143, 43.282487295953615 ], [ -79.894424313956677, 43.282423195946784 ], [ -79.894314813914008, 43.282332095935814 ], [ -79.894217813876907, 43.282259095927401 ], [ -79.894120513840491, 43.282195095920677 ], [ -79.894035213807058, 43.282122195911747 ], [ -79.893950313774582, 43.282058395904414 ], [ -79.89385281373734, 43.281985495896116 ], [ -79.893805213714302, 43.281894895882289 ], [ -79.893732713684997, 43.281822195872834 ], [ -79.893648013650235, 43.281731395860724 ], [ -79.89358761362395, 43.281649695849076 ], [ -79.893515213594611, 43.281576895839599 ], [ -79.893442913563774, 43.281486195826943 ], [ -79.893382713537576, 43.281404695815318 ], [ -79.893335413513086, 43.281296195798326 ], [ -79.893324713501841, 43.281205995782905 ], [ -79.893314013490539, 43.281115795767462 ], [ -79.893241513460438, 43.281034095756389 ], [ -79.893181313434212, 43.280952395744741 ], [ -79.893108813404083, 43.280870595733681 ], [ -79.893048813377945, 43.280789095722049 ], [ -79.892963813344622, 43.280716195713168 ], [ -79.892891313314522, 43.280634495702088 ], [ -79.892831313287559, 43.280543795688807 ], [ -79.892783613264541, 43.280453295675017 ], [ -79.892785613257331, 43.280363495659095 ], [ -79.892811713257743, 43.280273495641957 ], [ -79.892825613254274, 43.280183595625374 ], [ -79.892852013254753, 43.280093695608294 ], [ -79.892853513247374, 43.28000389559233 ], [ -79.892830613232235, 43.279913595577405 ], [ -79.892819813220939, 43.279823395561969 ], [ -79.892772213197944, 43.279732895548186 ], [ -79.892649713155109, 43.279686695545742 ], [ -79.89253961311617, 43.279640595542716 ], [ -79.892477713097293, 43.279648995547092 ], [ -79.892403913073849, 43.279648395550424 ], [ -79.892256213026926, 43.279646895557043 ], [ -79.892157412995559, 43.27964599556153 ], [ -79.892046612960328, 43.279644895566484 ], [ -79.891935512925841, 43.279652695573041 ], [ -79.891763012871024, 43.279650995580809 ], [ -79.891640212830438, 43.279631695583099 ], [ -79.891517112790538, 43.279621595587081 ], [ -79.891368912743459, 43.279620195593772 ], [ -79.891233812699724, 43.279609895598263 ], [ -79.891172212680203, 43.279609495601044 ], [ -79.89109801265738, 43.279617695605964 ], [ -79.891060812647169, 43.279635195610759 ], [ -79.890962212616643, 43.279643295616786 ], [ -79.890851012582033, 43.279651195623401 ], [ -79.890801712566372, 43.279650695625612 ], [ -79.8906781125295, 43.27967669563597 ], [ -79.890616212510622, 43.279684995640373 ], [ -79.890603812507464, 43.279693895642474 ], [ -79.890406112446996, 43.279718895656124 ], [ -79.890208412386556, 43.279743995669811 ], [ -79.890171212376302, 43.279761695674658 ], [ -79.89010931235822, 43.279779095680638 ], [ -79.890009512332057, 43.279841295696293 ], [ -79.889909612306582, 43.279912195713514 ], [ -79.889858812297547, 43.279992795730124 ], [ -79.889809012284871, 43.280028295738767 ], [ -79.889795612284559, 43.280073295747343 ], [ -79.889744712276311, 43.280162895765535 ], [ -79.889669312259414, 43.280243195783235 ], [ -79.889569212234704, 43.280323295802113 ], [ -79.889457612203941, 43.280375995816613 ], [ -79.889468012215104, 43.280466195832062 ], [ -79.889478612227165, 43.28056549584916 ], [ -79.889477112234545, 43.280655395865118 ], [ -79.88943841223012, 43.280745095882786 ], [ -79.889399712226492, 43.280843795902072 ], [ -79.889373212226744, 43.280942595920763 ], [ -79.889346712226967, 43.281041195939444 ], [ -79.889308012223353, 43.28114009595874 ], [ -79.889281312223531, 43.281238795977409 ], [ -79.889267612227044, 43.281328695993992 ], [ -79.889290412243767, 43.281436996012033 ], [ -79.88927611224706, 43.28152689602863 ], [ -79.889237712242746, 43.281616596046284 ], [ -79.889260512257877, 43.281706796061144 ], [ -79.88932061228482, 43.281797396074381 ], [ -79.889380212313171, 43.281906096090836 ], [ -79.889464812347967, 43.281996996102933 ], [ -79.889525012374193, 43.282078696114581 ], [ -79.889660012419455, 43.282106896113227 ], [ -79.889759712446363, 43.282053896099242 ], [ -79.889761412438219, 43.281954796081628 ], [ -79.889737412428275, 43.281927796078001 ], [ -79.889688812408906, 43.281882096072181 ], [ -79.889616312378749, 43.281800396061115 ], [ -79.889605912366832, 43.281701296044069 ], [ -79.8896567123751, 43.281611696025827 ], [ -79.889768612406684, 43.281567696012836 ], [ -79.889891012448729, 43.281604896013704 ], [ -79.890013712490827, 43.281642096014558 ], [ -79.890076912503872, 43.281561695997404 ], [ -79.890125612521686, 43.28158919599997 ], [ -79.890186512544176, 43.281625696003601 ], [ -79.890234312566449, 43.281707196015802 ], [ -79.890244812578416, 43.281806296032848 ], [ -79.89024321258583, 43.281896496048866 ], [ -79.890266412601065, 43.281986796063755 ], [ -79.890289312616176, 43.282076896078571 ], [ -79.890299912627441, 43.282167296094109 ], [ -79.890310512638663, 43.282257196109477 ], [ -79.890333412654641, 43.282356596126014 ], [ -79.890356312670548, 43.282455896142473 ], [ -79.890379212685744, 43.282546096157354 ], [ -79.890390512694822, 43.282609196168025 ], [ -79.890389612698513, 43.282654396176035 ], [ -79.890400212710517, 43.28275339619303 ], [ -79.890435312730318, 43.282852796208992 ], [ -79.890458412745488, 43.282942996223845 ], [ -79.890469012756782, 43.28303319623928 ], [ -79.890467312764869, 43.283132296256873 ], [ -79.890465512772181, 43.283222296272882 ], [ -79.890476312784301, 43.283321296289905 ], [ -79.890449712784502, 43.283420196308647 ], [ -79.890448112791859, 43.283510196324649 ], [ -79.890446512799258, 43.283600296340623 ], [ -79.890457112810495, 43.283690496356058 ], [ -79.890467712821746, 43.283780596371521 ], [ -79.890478312833778, 43.283879796388604 ], [ -79.890501412848934, 43.283969996403442 ], [ -79.890525012861971, 43.284033296413511 ], [ -79.890548512874162, 43.284087596422069 ], [ -79.890583512894764, 43.284195996439571 ], [ -79.890606412909875, 43.284286096454409 ], [ -79.890629412925861, 43.284385596470955 ], [ -79.890590612922239, 43.284484196490212 ], [ -79.890588812929522, 43.284574196506199 ], [ -79.890599612940818, 43.284664396521634 ], [ -79.890610312952106, 43.284754396537053 ], [ -79.890559312943722, 43.284843996555296 ], [ -79.890533812940376, 43.284897896565987 ], [ -79.890508512934701, 43.284924696571892 ], [ -79.890457112928658, 43.285041296594926 ], [ -79.890431612925198, 43.285094896605607 ], [ -79.890417512928622, 43.28518489662217 ], [ -79.890428112940654, 43.285284096639231 ], [ -79.890377412931656, 43.285364696655854 ], [ -79.890313912920121, 43.285462996676166 ], [ -79.890262912911808, 43.285552496694386 ], [ -79.890187412895685, 43.285641896713699 ], [ -79.890124312882733, 43.28572229673086 ], [ -79.890048912866632, 43.28581169675023 ], [ -79.889985512854381, 43.285900996768987 ], [ -79.88998371286246, 43.286000096786594 ], [ -79.889908212845597, 43.286080496804317 ], [ -79.889844912834107, 43.286178696824628 ], [ -79.889806312829748, 43.286268596842348 ], [ -79.889767712825389, 43.286358196859979 ], [ -79.889729012820951, 43.286447696877588 ], [ -79.889690312816541, 43.286537496895292 ], [ -79.889651512812833, 43.286636296914565 ], [ -79.88958871280002, 43.286716696931713 ], [ -79.889525312787697, 43.28680609695045 ], [ -79.889462412774819, 43.286886496967611 ], [ -79.889374212754689, 43.286975796987548 ], [ -79.88928641273462, 43.287064697007331 ], [ -79.889223012723164, 43.287163197027731 ], [ -79.889221312730513, 43.287253197043754 ], [ -79.8892320127418, 43.287343397059168 ], [ -79.889193412737384, 43.287433097076814 ], [ -79.889141912731304, 43.287549797099899 ], [ -79.889066212715861, 43.287647997120764 ], [ -79.889003212702974, 43.287728197137895 ], [ -79.888939812690666, 43.2878178971567 ], [ -79.888888912682418, 43.287907397174905 ], [ -79.888825712670226, 43.287996897193672 ], [ -79.888689712629358, 43.288022397204536 ], [ -79.888565612593098, 43.288057397216527 ], [ -79.8884416125576, 43.288101197230084 ], [ -79.888366412540051, 43.288172397246164 ], [ -79.888352412544236, 43.28827149726434 ], [ -79.888375112560098, 43.288370497280759 ], [ -79.888336412556455, 43.288469197300046 ], [ -79.88824851253564, 43.288549397318327 ], [ -79.888197512527341, 43.288639097336549 ], [ -79.888122212510467, 43.288719397354249 ], [ -79.888034612488937, 43.288790497370925 ], [ -79.887959512471383, 43.28886179738705 ], [ -79.887933112470847, 43.288951797404202 ], [ -79.887919012475052, 43.289050597422289 ], [ -79.887831312453486, 43.289121697438965 ], [ -79.887756212435932, 43.289193197455113 ], [ -79.887717512431507, 43.289282697472764 ], [ -79.887593612395293, 43.289317697484748 ], [ -79.887518312377679, 43.289388997500851 ], [ -79.887368512339535, 43.289495397526657 ], [ -79.887342812336072, 43.289549297537349 ], [ -79.887317312331916, 43.289594097546477 ], [ -79.88727851232828, 43.289692697565727 ], [ -79.887289512335855, 43.289739797573539 ], [ -79.887301512344237, 43.289791897582212 ], [ -79.887386212379042, 43.289882797594288 ], [ -79.887446112405968, 43.289973497607527 ], [ -79.887445312409952, 43.290022097616166 ], [ -79.887444212413968, 43.29007239762511 ], [ -79.88740561241039, 43.290171197644376 ], [ -79.887375312405908, 43.290229497656121 ], [ -79.887380212407791, 43.29023299765651 ], [ -79.887491212449859, 43.290312597665391 ], [ -79.887993412640526, 43.290672397705571 ], [ -79.888154912701822, 43.290788297718485 ], [ -79.888815612952641, 43.291261797771398 ], [ -79.891414613940285, 43.293136897981512 ], [ -79.891741114064502, 43.293373698008153 ], [ -79.892091814197812, 43.293627698036673 ], [ -79.893213914625321, 43.294449098129498 ], [ -79.894807415232378, 43.295615698261251 ], [ -79.896187215757834, 43.29662339837494 ], [ -79.896304815802651, 43.29670959838468 ], [ -79.896657515937022, 43.296968298413937 ], [ -79.900965117575225, 43.300088098764128 ], [ -79.900967617576171, 43.300089998764363 ], [ -79.903675218608498, 43.302080298989594 ], [ -79.903678018609568, 43.302082298989809 ], [ -79.912444021946797, 43.30846579970811 ], [ -79.912520321975833, 43.308521499714352 ], [ -79.912564121987188, 43.30849309970732 ], [ -79.912582021993998, 43.308505699708704 ], [ -79.912224621903079, 43.308760799770482 ], [ -79.908923121064987, 43.311135100344266 ], [ -79.904767620012308, 43.314149801071046 ], [ -79.900658318970983, 43.317127401789129 ], [ -79.900347418892224, 43.317352901843499 ], [ -79.896766517993441, 43.320047302486792 ], [ -79.895266517616221, 43.321167002754663 ], [ -79.89526601761608, 43.32116750275479 ], [ -79.892770716990057, 43.323048403203636 ], [ -79.892531716930065, 43.323228503246625 ], [ -79.88961511619344, 43.325371303761393 ], [ -79.889440316149319, 43.325499703792225 ], [ -79.888724915968652, 43.326026103918601 ], [ -79.88856151592887, 43.326162703950374 ], [ -79.888432215896074, 43.326256403972934 ], [ -79.888001715786984, 43.326568604048205 ], [ -79.88669631545622, 43.327515304276446 ], [ -79.885312115105435, 43.328519304518402 ], [ -79.88448511489635, 43.329124804663991 ], [ -79.884178314818811, 43.329349504717996 ], [ -79.884088914784996, 43.329286704711123 ], [ -79.883754414658341, 43.329051804685264 ], [ -79.883743614654207, 43.329044204684415 ], [ -79.883732614650086, 43.329036704683624 ], [ -79.883445614541429, 43.328835104661415 ], [ -79.883364514510703, 43.328777904655077 ], [ -79.883093514408145, 43.328587904634212 ], [ -79.882985314367161, 43.328511604625803 ], [ -79.882672014249195, 43.32829910460287 ], [ -79.882223814123975, 43.328491504657812 ], [ -79.881916314026938, 43.328496704673107 ], [ -79.881534313906613, 43.328505504692508 ], [ -79.881408213855408, 43.328377404675798 ], [ -79.881212913776153, 43.32817910464987 ], [ -79.880636813600461, 43.328258304690785 ], [ -79.880232313478984, 43.328335204723295 ], [ -79.880050113424161, 43.328369204737768 ], [ -79.879709213324091, 43.328460004769738 ], [ -79.879774913354254, 43.328566604785493 ], [ -79.879671513324638, 43.328602804796716 ], [ -79.879087613152947, 43.32875550485096 ], [ -79.879044013132869, 43.328684504840481 ], [ -79.878712913039493, 43.32881640487922 ], [ -79.87833341292351, 43.328865804905696 ], [ -79.877984112821636, 43.328966704939852 ], [ -79.877172612574753, 43.329085304998664 ], [ -79.87661541240567, 43.329171605039953 ], [ -79.87613301226618, 43.329325005089565 ], [ -79.875465812086134, 43.329684005184141 ], [ -79.874786611909187, 43.330121705293209 ], [ -79.874075111714006, 43.330468505387671 ], [ -79.873776711631706, 43.330609205426498 ], [ -79.872881611420453, 43.331436205614324 ], [ -79.872304811277431, 43.331890505721496 ], [ -79.872017311210101, 43.332162405782967 ], [ -79.871817611162342, 43.332339705823578 ], [ -79.871371011092279, 43.33315610598865 ], [ -79.871360811089929, 43.333165805990845 ], [ -79.871046811015106, 43.333447706055324 ], [ -79.87095241099243, 43.333531006074402 ], [ -79.869975410747784, 43.334273306251156 ], [ -79.869396310596159, 43.334638506342671 ], [ -79.868961310502542, 43.335143706452214 ], [ -79.86850671038269, 43.33542090652238 ], [ -79.868497210380227, 43.335426806523877 ], [ -79.868382310370151, 43.335727606582367 ], [ -79.868371710366119, 43.335720006581511 ], [ -79.868192910298418, 43.335593906567617 ], [ -79.868208310331354, 43.33591410662347 ], [ -79.868092810321201, 43.33621650668222 ], [ -79.86811011032961, 43.336249606687254 ], [ -79.867934610297965, 43.336523406743801 ], [ -79.867334110137307, 43.336862006831666 ], [ -79.86716881009346, 43.336960406856782 ], [ -79.866249109827933, 43.337257806952209 ], [ -79.8657580097139, 43.337732807059083 ], [ -79.865489509651809, 43.337995707118054 ], [ -79.865275809602394, 43.338205307165062 ], [ -79.865043209548645, 43.338433407216165 ], [ -79.864813309491396, 43.33861160725835 ], [ -79.864554709426983, 43.338811907305825 ], [ -79.864512209416375, 43.338844907313678 ], [ -79.864285709359962, 43.339020507355229 ], [ -79.863817609260479, 43.339578907475683 ], [ -79.86341930916825, 43.339967307562901 ], [ -79.863224109118448, 43.340105207596324 ], [ -79.86281930901518, 43.340391607665808 ], [ -79.862408908911718, 43.340695207738626 ], [ -79.862038608823923, 43.341033607815667 ], [ -79.861889108791303, 43.341201807852364 ], [ -79.861658408732367, 43.341364307891823 ], [ -79.861340808653452, 43.341612407950421 ], [ -79.8613201086537, 43.341690607965226 ], [ -79.861264708632575, 43.341649507960582 ], [ -79.861271208637532, 43.341682707966093 ], [ -79.861210208625138, 43.34176210798298 ], [ -79.861191308630254, 43.341888708006259 ], [ -79.86118880864332, 43.342046608034217 ], [ -79.86118840864512, 43.342068908038193 ], [ -79.861190008656749, 43.342195608060493 ], [ -79.861009508619915, 43.342428408110024 ], [ -79.860902208606703, 43.342665908156945 ], [ -79.860849308608806, 43.342880708197391 ], [ -79.860788908593435, 43.342923908207823 ], [ -79.860819208612568, 43.343032508225555 ], [ -79.860783608609893, 43.343130708244594 ], [ -79.860826408628512, 43.343188808252847 ], [ -79.860765308621708, 43.343331808280922 ], [ -79.860770308632581, 43.34343790829945 ], [ -79.860738208627382, 43.343494608310927 ], [ -79.860690108615785, 43.343536508320611 ], [ -79.860692208619895, 43.343575708327371 ], [ -79.860614208600296, 43.343633808341337 ], [ -79.860498208578576, 43.343805508377031 ], [ -79.860365708554511, 43.344010508419466 ], [ -79.860295208538716, 43.344085108435941 ], [ -79.86030110854766, 43.344166208449963 ], [ -79.860296508546853, 43.344173808451515 ], [ -79.860236308536727, 43.344275508472258 ], [ -79.860275408560014, 43.344399808492419 ], [ -79.860247408561577, 43.344518708514677 ], [ -79.860193308560156, 43.344698208548891 ], [ -79.860080508547725, 43.344964308601178 ], [ -79.860038208542989, 43.345063608620663 ], [ -79.859999508547801, 43.345258508656883 ], [ -79.859977608563085, 43.345511708702581 ], [ -79.859940908571048, 43.345735308743805 ], [ -79.860007208624779, 43.346108008806532 ], [ -79.859948008633594, 43.34642270886485 ], [ -79.860054908694451, 43.346730208914167 ], [ -79.860057408709949, 43.346897908943603 ], [ -79.860012408703525, 43.346987508961568 ], [ -79.860012108703501, 43.346988308961727 ], [ -79.86009300873414, 43.347045208968005 ], [ -79.860270008801407, 43.347172108982136 ], [ -79.860292808810073, 43.347188408983911 ], [ -79.860472908878606, 43.347318308998432 ], [ -79.867339811490709, 43.352271809552043 ], [ -79.867700311627843, 43.352531809581109 ], [ -79.867703611629096, 43.352534209581357 ], [ -79.867969311730192, 43.35272600960284 ], [ -79.868147511797744, 43.352851909616724 ], [ -79.868165011804393, 43.352864309618113 ], [ -79.868194211815435, 43.35288510962036 ], [ -79.868296611854376, 43.352958709628581 ], [ -79.868302511856641, 43.352962809629034 ], [ -79.868305411857762, 43.3529649096293 ], [ -79.868995812120133, 43.35345990968441 ], [ -79.870930012855155, 43.354846309838713 ], [ -79.870934412856784, 43.35484930983904 ], [ -79.875648014648107, 43.358227610214918 ], [ -79.875824614715313, 43.35835491022911 ], [ -79.876260814881221, 43.358669310264176 ], [ -79.878228615629794, 43.360088010422565 ], [ -79.8800999163402, 43.361419910570078 ], [ -79.883513617636183, 43.363849710839155 ], [ -79.88359711766789, 43.363909110845739 ], [ -79.884848618143849, 43.364809610946068 ], [ -79.884878518155233, 43.364831210948516 ], [ -79.884929018174432, 43.364867510952536 ], [ -79.885892018538939, 43.365540211026172 ], [ -79.886317918700172, 43.365837711058717 ], [ -79.886646518825458, 43.366077911085732 ], [ -79.886708718849192, 43.366123311090881 ], [ -79.886711918850409, 43.366125711091115 ], [ -79.891865020806861, 43.369792611496877 ], [ -79.892042820874423, 43.369920311511095 ], [ -79.89587982233374, 43.372678611818117 ], [ -79.904521725615325, 43.378830012498376 ], [ -79.904701425683527, 43.378957812512546 ], [ -79.906431926340716, 43.380189512648698 ], [ -79.90681492648612, 43.380461912678768 ], [ -79.907778926853908, 43.381167112757979 ], [ -79.909019427327124, 43.382074212859777 ], [ -79.910122827747458, 43.382874512949257 ], [ -79.912879828792796, 43.384816913162524 ], [ -79.915426129754778, 43.386571413352542 ], [ -79.915669129846535, 43.386738713370697 ], [ -79.915670429847026, 43.386739613370779 ], [ -79.91837473086872, 43.388602813572504 ] ] ], [ [ [ -79.885975711746653, 43.287763197285429 ], [ -79.886018011760299, 43.287765997283898 ], [ -79.886059611774002, 43.287771997283045 ], [ -79.886100211787692, 43.287781197282762 ], [ -79.886139211801094, 43.287793497283147 ], [ -79.886176311814211, 43.287808597284055 ], [ -79.886210911826737, 43.287826597285644 ], [ -79.886243011838701, 43.287846997287737 ], [ -79.886271711849744, 43.287869697290397 ], [ -79.886297211859997, 43.287894597293665 ], [ -79.886318911869253, 43.287921197297344 ], [ -79.886336811877371, 43.287949497301518 ], [ -79.886350411884266, 43.287978897306033 ], [ -79.886359811889889, 43.288009097310947 ], [ -79.886364811894154, 43.288039897316146 ], [ -79.886365311897023, 43.288070897321596 ], [ -79.8863615118985, 43.288101697327242 ], [ -79.886356311898723, 43.288122697331154 ], [ -79.886145711894642, 43.288838897467635 ], [ -79.886139711895154, 43.288867097472924 ], [ -79.886138011896932, 43.288893297477607 ], [ -79.886140211899928, 43.28891979748218 ], [ -79.886146011904103, 43.288945897486542 ], [ -79.886155511909308, 43.288971397490613 ], [ -79.886168811915638, 43.28899589749431 ], [ -79.886185411923009, 43.289019497497719 ], [ -79.886205311931221, 43.289041497500683 ], [ -79.886228211940249, 43.28906189750321 ], [ -79.88625391195005, 43.289080497505324 ], [ -79.886282211960463, 43.289097097506932 ], [ -79.886312611971348, 43.289111197507985 ], [ -79.886345011982613, 43.289123297508652 ], [ -79.886378811994177, 43.289132397508681 ], [ -79.886541612049086, 43.289170397507775 ], [ -79.886524012042827, 43.289163097507313 ], [ -79.886401911999286, 43.289107597503218 ], [ -79.886316711965947, 43.28903509749432 ], [ -79.886244011935759, 43.288953097483272 ], [ -79.886252511933463, 43.288896197472809 ], [ -79.886258511931729, 43.288854297465136 ], [ -79.886284811931361, 43.288755497446381 ], [ -79.886323611935865, 43.288665997428765 ], [ -79.886361911940909, 43.288585297412745 ], [ -79.886425311953218, 43.288495797393956 ], [ -79.886475911962208, 43.28841519737729 ], [ -79.886563611983775, 43.288343997360634 ], [ -79.886651312005327, 43.288272897343958 ], [ -79.886738612027514, 43.288210597328899 ], [ -79.886826212049073, 43.288139397312179 ], [ -79.886877312055873, 43.288031897290843 ], [ -79.886804912025767, 43.28795019727977 ], [ -79.886831212026237, 43.287860397262648 ], [ -79.886808212011061, 43.287770097247737 ], [ -79.88679761199981, 43.287679997232352 ], [ -79.886812011994934, 43.287572097212546 ], [ -79.88681371198679, 43.287472997194946 ], [ -79.886791011970928, 43.287373697178452 ], [ -79.886755611951827, 43.287283397164138 ], [ -79.886732911935155, 43.287175097146068 ], [ -79.886759411934889, 43.287076297127385 ], [ -79.886785511934534, 43.286977497108651 ], [ -79.886824811936762, 43.286860797086206 ], [ -79.886827011927267, 43.286743897065413 ], [ -79.886841211923127, 43.286644897047275 ], [ -79.88685561191744, 43.28652789702592 ], [ -79.886869811913243, 43.286428997007761 ], [ -79.886871511905184, 43.286330096990177 ], [ -79.886848711889257, 43.286230796973683 ], [ -79.886801311865497, 43.286131096958272 ], [ -79.886691211825834, 43.286076196953736 ], [ -79.886581111787649, 43.286038796952269 ], [ -79.886508511757569, 43.285957396941257 ], [ -79.886498111745581, 43.285858096924152 ], [ -79.886499911737502, 43.285759196906575 ], [ -79.88651411173332, 43.285660196888422 ], [ -79.886491011718107, 43.285569796873538 ], [ -79.886455711698218, 43.285470596857621 ], [ -79.886383311668936, 43.285397896848181 ], [ -79.886298311635628, 43.285324896839185 ], [ -79.886225811605513, 43.285243196828169 ], [ -79.886165811578536, 43.285152496814881 ], [ -79.886167711570536, 43.285053596797347 ], [ -79.886206411574165, 43.284954696778044 ], [ -79.886233211573227, 43.284846996757757 ], [ -79.886272011576082, 43.284739396736867 ], [ -79.886298511575831, 43.284640596718184 ], [ -79.886324911575585, 43.284541796699493 ], [ -79.886314311564334, 43.284451596684043 ], [ -79.886316011556204, 43.28435259666643 ], [ -79.886305411544953, 43.284262396650973 ], [ -79.886220611510126, 43.284171596638878 ], [ -79.886098911465979, 43.284107396633196 ], [ -79.885963011423556, 43.284114996640902 ], [ -79.885840111382976, 43.284095896643279 ], [ -79.885767711352869, 43.284014196632207 ], [ -79.885707511326672, 43.283932596620588 ], [ -79.885647211300423, 43.283850796608917 ], [ -79.88553711126147, 43.283804596605897 ], [ -79.88545241122749, 43.283722796595399 ], [ -79.885380011197384, 43.283641096584333 ], [ -79.885257211156002, 43.283612896585048 ], [ -79.885122111110761, 43.283584596586351 ], [ -79.884890511026143, 43.283456296574499 ], [ -79.88476731098541, 43.283437096576854 ], [ -79.884632210940865, 43.283417496579666 ], [ -79.884496610898609, 43.283425396587397 ], [ -79.884360710856186, 43.283433096595132 ], [ -79.884212210812194, 43.283467696608177 ], [ -79.884088710774506, 43.283484496616872 ], [ -79.883940210729719, 43.283510096628362 ], [ -79.883828410698925, 43.283563196642959 ], [ -79.883704310663404, 43.283606696656456 ], [ -79.883544010613278, 43.283614296665277 ], [ -79.883445410581956, 43.283613396669686 ], [ -79.883420710574114, 43.283612996670797 ], [ -79.883383810562407, 43.2836127966725 ], [ -79.88326091052096, 43.283584396673184 ], [ -79.883138410478864, 43.283547296672353 ], [ -79.8830151104397, 43.283545996677873 ], [ -79.882892310399143, 43.283526896680257 ], [ -79.882756810355289, 43.283516496684719 ], [ -79.882633210318389, 43.28354239669504 ], [ -79.882533010294409, 43.283631296715477 ], [ -79.882457410278263, 43.28372069673479 ], [ -79.882369410258164, 43.283809796754689 ], [ -79.882257610227356, 43.283862796769249 ], [ -79.882157710201938, 43.283933696786434 ], [ -79.882057510177191, 43.284013996805335 ], [ -79.881945610146374, 43.284066796819879 ], [ -79.88182171011016, 43.284101696831833 ], [ -79.88171191006974, 43.284037696825642 ], [ -79.881652110042893, 43.283946996812389 ], [ -79.88170341004971, 43.283839196790929 ], [ -79.881778910065819, 43.283749996771633 ], [ -79.881829510074823, 43.283669596755054 ], [ -79.881868810077052, 43.283552796732558 ], [ -79.881882810073648, 43.283462896716046 ], [ -79.881909210073388, 43.283363996697297 ], [ -79.881898610062123, 43.283274096681922 ], [ -79.881887810050813, 43.283183796666442 ], [ -79.881827910023901, 43.283093196653184 ], [ -79.881705109982548, 43.28306489665394 ], [ -79.881582509941239, 43.283036796654677 ], [ -79.881572009929201, 43.282937596637645 ], [ -79.881511709903009, 43.282856196626071 ], [ -79.881439109873611, 43.282783196616492 ], [ -79.881490309881258, 43.282684696596725 ], [ -79.88152720989298, 43.282684996595066 ], [ -79.881589309911107, 43.282667596589093 ], [ -79.881725109952683, 43.282650896579803 ], [ -79.881848909989657, 43.282625096569454 ], [ -79.881960710020465, 43.282572296554918 ], [ -79.882035910038027, 43.282500896538743 ], [ -79.882099210050285, 43.28241149652002 ], [ -79.882211110080291, 43.282349396503768 ], [ -79.882299110101201, 43.282269296485509 ], [ -79.882350110108788, 43.282170896465715 ], [ -79.882437810129559, 43.282090696447469 ], [ -79.88252531015101, 43.28201939643079 ], [ -79.882588610164049, 43.281938996413615 ], [ -79.882676010186302, 43.281876696398491 ], [ -79.882726910195402, 43.281796296381906 ], [ -79.882753010195827, 43.281706396364797 ], [ -79.882791510200235, 43.281616896347181 ], [ -79.882830310204653, 43.281527196329506 ], [ -79.882856510205087, 43.281437596312415 ], [ -79.882907710212706, 43.281338696292522 ], [ -79.882958610221038, 43.28124929627436 ], [ -79.883071110249674, 43.281169096254921 ], [ -79.883207610288324, 43.28111649623925 ], [ -79.883331410324502, 43.281081796227305 ], [ -79.883455610359249, 43.281028896212199 ], [ -79.883568210387907, 43.280949096192806 ], [ -79.88369211042334, 43.28090519617929 ], [ -79.883840710467396, 43.280870596166238 ], [ -79.883952710497468, 43.280808596150045 ], [ -79.884052810522192, 43.28072869613122 ], [ -79.884067110517307, 43.280620596111476 ], [ -79.88399451048717, 43.280539096100419 ], [ -79.883884410448985, 43.280501796098982 ], [ -79.883799310415696, 43.280429196090104 ], [ -79.883663610373361, 43.280436696097745 ], [ -79.88354041033422, 43.280435496103287 ], [ -79.88341671029724, 43.280461296113629 ], [ -79.883293010260346, 43.28048719612395 ], [ -79.883168610226349, 43.280549096140703 ], [ -79.883069310199517, 43.280601996154701 ], [ -79.882956710170802, 43.280681996174145 ], [ -79.882881010155387, 43.280780296195047 ], [ -79.882817710143172, 43.280869696213784 ], [ -79.882741810128493, 43.280976996236319 ], [ -79.882690710120116, 43.281066496254532 ], [ -79.88263961011333, 43.281174196275963 ], [ -79.882600910108891, 43.281263696293614 ], [ -79.882537810095954, 43.281344096310768 ], [ -79.88248691008765, 43.281433896329041 ], [ -79.882411410071555, 43.281523196348317 ], [ -79.882348110059311, 43.281612596367111 ], [ -79.882272610043202, 43.281701896386373 ], [ -79.882209110030871, 43.281791296405189 ], [ -79.882133710013989, 43.281871496422909 ], [ -79.882033809989366, 43.281951496441685 ], [ -79.881934109962415, 43.282004796455759 ], [ -79.881858509947051, 43.282102996476652 ], [ -79.881819709942619, 43.282192696494327 ], [ -79.881744609925832, 43.282272896512019 ], [ -79.881656809904214, 43.282344096528696 ], [ -79.881532609869453, 43.282396896543837 ], [ -79.881408509834756, 43.282449696559013 ], [ -79.881296609803158, 43.282493696571947 ], [ -79.881172409768411, 43.282546596587132 ], [ -79.881072809741482, 43.282599396601078 ], [ -79.880972809716042, 43.282670596618395 ], [ -79.880885209694469, 43.282741796635051 ], [ -79.880773109665142, 43.282812696652826 ], [ -79.88062350962548, 43.282901296675448 ], [ -79.880536309603286, 43.282963396690548 ], [ -79.880436309577831, 43.283034496707749 ], [ -79.880311709544543, 43.28310529672607 ], [ -79.880199509515151, 43.283176296743875 ], [ -79.880087309485035, 43.283238196760088 ], [ -79.879974809456357, 43.283318096779425 ], [ -79.879887509434184, 43.283380396794527 ], [ -79.879775409404047, 43.283442196810718 ], [ -79.879675509378586, 43.283513296827891 ], [ -79.879563609348565, 43.283575196844069 ], [ -79.879476209326256, 43.283637296859162 ], [ -79.879376509300144, 43.283699696874848 ], [ -79.879264109270693, 43.283770396892585 ], [ -79.879164009245969, 43.283850496911455 ], [ -79.879076609223731, 43.283912696926471 ], [ -79.878976909197519, 43.283974596942109 ], [ -79.878828609152791, 43.284000296953572 ], [ -79.87880040914439, 43.284006096955906 ], [ -79.878704809115845, 43.284026096963913 ], [ -79.87855550907544, 43.284105596984908 ], [ -79.878480609056396, 43.284158796997829 ], [ -79.878368009027696, 43.28423879701726 ], [ -79.878255908998355, 43.284309797035036 ], [ -79.878168608976168, 43.284371997050108 ], [ -79.878020308930573, 43.284388397059914 ], [ -79.877896408893548, 43.284414197070269 ], [ -79.877784108864219, 43.284485297088104 ], [ -79.877708708848118, 43.284574397107328 ], [ -79.87759630881952, 43.284654497126745 ], [ -79.877459708780023, 43.284698197140834 ], [ -79.877348208748543, 43.284742197153818 ], [ -79.877260608726999, 43.284813497170518 ], [ -79.87719730871477, 43.284902797189275 ], [ -79.877109908692518, 43.284964897204311 ], [ -79.87698570865777, 43.285017697219487 ], [ -79.876849308618347, 43.285061597233607 ], [ -79.876737208588253, 43.285123297249747 ], [ -79.876661908570625, 43.285194597265864 ], [ -79.876598708557623, 43.285274997283018 ], [ -79.876523308540754, 43.285355497300763 ], [ -79.876399208506015, 43.285407997315865 ], [ -79.876275208468968, 43.285433797326228 ], [ -79.876175308444303, 43.285513997345028 ], [ -79.87610000842669, 43.285585297361138 ], [ -79.876024508409799, 43.285665597378902 ], [ -79.875900208376606, 43.285736397397216 ], [ -79.875800508349641, 43.285789597411259 ], [ -79.875676508314925, 43.285842197426348 ], [ -79.875552108279365, 43.285885797439875 ], [ -79.875440108249322, 43.285947997456105 ], [ -79.875340508222379, 43.286001097470162 ], [ -79.875337308221532, 43.28600309747064 ], [ -79.875240708196145, 43.28606309748573 ], [ -79.875175008179397, 43.286109697497047 ], [ -79.875128208167453, 43.286142797505086 ], [ -79.875040608146747, 43.286223197523384 ], [ -79.874965008129806, 43.286303497541084 ], [ -79.874902208116907, 43.286383897558252 ], [ -79.874905208117681, 43.286381897557753 ], [ -79.876721608805724, 43.2876670977003 ], [ -79.876899608873103, 43.287793097714243 ], [ -79.877069408937459, 43.287913197727569 ], [ -79.877292709005303, 43.287880297711311 ], [ -79.877518809075269, 43.287860797697306 ], [ -79.877746309146815, 43.28785469768566 ], [ -79.878618209423308, 43.287856897645355 ], [ -79.880680710077385, 43.287862197550034 ], [ -79.881170910234061, 43.287877397529847 ], [ -79.881823610446503, 43.287941697510732 ], [ -79.883606311032878, 43.288186597470876 ], [ -79.88371401106788, 43.288197097467659 ], [ -79.883822311102406, 43.288199397463025 ], [ -79.883930411136177, 43.288193397456929 ], [ -79.884037011168701, 43.288179097449422 ], [ -79.88414111119971, 43.288156697440598 ], [ -79.884241611228944, 43.288126397430567 ], [ -79.884273011237809, 43.288114497426989 ], [ -79.88430581124716, 43.288102097423256 ], [ -79.88436761126431, 43.28807469741551 ], [ -79.884383311268621, 43.288067097413418 ], [ -79.884396711272302, 43.288060597411679 ], [ -79.884486911297046, 43.28801689739975 ], [ -79.884524811307472, 43.287998697394755 ], [ -79.884712011359952, 43.287920297372146 ], [ -79.884878111408042, 43.287868197355181 ], [ -79.885051011459396, 43.287829097340214 ], [ -79.885228311513345, 43.287803297327379 ], [ -79.88535401155228, 43.287793397319753 ], [ -79.885930911732473, 43.287763697287602 ], [ -79.885959911741637, 43.287762897286107 ], [ -79.885975711746653, 43.287763197285429 ] ] ] ] } },
{ "type": "Feature", "properties": { "OGF_ID": 319586013, "MUNICIPAL_TYPE": "Single Tier Municipality", "MUNICIPAL_TYPE_FR": "Municipalités à palier unique", "MUNICIPAL_NAME": "CITY OF WINDSOR", "MUNICIPAL_NAME_FR": "CITÉ DE WINDSOR", "MUNID": "37039", "MAH_CODE": "45101", "MUNICIPAL_AREA_EXTENT_TYPE": "Mainland", "MUNICIPAL_AREA_EXTENT_TYPE_FR": "Terre ferme", "ASSESSMENT_CODE": "3739", "MUNICIPAL_NAME_PREFIX": "CITY OF", "MUNICIPAL_NAME_PREFIX_FR": "CITÉ DE", "MUNICIPAL_NAME_SHORTFORM": "WINDSOR", "MUNICIPAL_NAME_SHORTFORM_FR": "WINDSOR", "UPPER_TIER_ASSESSMENT_CODE": null, "UPPER_TIER_MUNICIPALITY": null, "UPPER_TIER_MUNICIPALITY_FR": null, "EFFECTIVE_DATETIME": "2024-02-15T10:26:33Z", "SYSTEM_DATETIME": "2024-02-15T19:24:59Z", "OBJECTID": 9665, "SHAPEAREA": 0, "SHAPELEN": 0 }, "geometry": { "type": "Polygon", "coordinates": [ [ [ -82.896719567252944, 42.335626383234782 ], [ -82.897702167553859, 42.335610283182987 ], [ -82.897483767413547, 42.334803283050803 ], [ -82.899619068067366, 42.334767982938139 ], [ -82.901450968628268, 42.334737482841476 ], [ -82.901582668663693, 42.334681282824917 ], [ -82.901620968681115, 42.334743782834103 ], [ -82.902045368810278, 42.334727782810099 ], [ -82.903254369204049, 42.334968882792566 ], [ -82.904389969573742, 42.335193182775726 ], [ -82.904400469571286, 42.335129882763972 ], [ -82.904472769592601, 42.335119682758595 ], [ -82.90447536960157, 42.335209682774412 ], [ -82.906502470261316, 42.335608382744034 ], [ -82.909127971116519, 42.336131882705914 ], [ -82.911496871886612, 42.336587982668661 ], [ -82.912900872343357, 42.336861482647123 ], [ -82.913047472391526, 42.336895282645784 ], [ -82.913096072406432, 42.336894482643217 ], [ -82.913120072413761, 42.336894082641969 ], [ -82.9131069724057, 42.336849282634667 ], [ -82.913080772392718, 42.336795482626449 ], [ -82.913067972386372, 42.336768682622335 ], [ -82.913103472394766, 42.336741182615704 ], [ -82.913211572424629, 42.336703382603588 ], [ -82.913344372462845, 42.33667398259179 ], [ -82.91348987250737, 42.336671482584045 ], [ -82.913562572529599, 42.336670282580236 ], [ -82.913599572542608, 42.336687882581529 ], [ -82.913637772559198, 42.336741382589089 ], [ -82.913651872569218, 42.336804182599529 ], [ -82.913689172583901, 42.336839382603877 ], [ -82.91372577259591, 42.336847682603505 ], [ -82.913763072609768, 42.336874282606381 ], [ -82.913811272623718, 42.336864282602235 ], [ -82.913896472650649, 42.336872082599356 ], [ -82.9140063726867, 42.336897182598349 ], [ -82.914068172708852, 42.33693208260145 ], [ -82.914106072725403, 42.336985482608966 ], [ -82.914143772740175, 42.33702108261344 ], [ -82.914265972780868, 42.337055082613361 ], [ -82.914436972835688, 42.337079182609131 ], [ -82.914583172882857, 42.337103682606156 ], [ -82.914730472932888, 42.337155282607981 ], [ -82.91478027295139, 42.337190382611702 ], [ -82.91481697296426, 42.337207882612994 ], [ -82.914901972990265, 42.337206682608482 ], [ -82.914987173017138, 42.337214182605607 ], [ -82.915158773074609, 42.337265182606082 ], [ -82.915342473136519, 42.337325082607521 ], [ -82.915440173168051, 42.337341482605559 ], [ -82.91556147320523, 42.337339382599112 ], [ -82.915754573261069, 42.337300282582575 ], [ -82.915851273289832, 42.337289682575879 ], [ -82.915923873311257, 42.33727948257043 ], [ -82.915985573333415, 42.337314382573538 ], [ -82.916047673356474, 42.337358382578252 ], [ -82.916158473395313, 42.33741058258201 ], [ -82.916258173434002, 42.337498782592661 ], [ -82.91633367346526, 42.337587782604672 ], [ -82.916420373496692, 42.33764028260962 ], [ -82.916555773543891, 42.337701182613657 ], [ -82.916862473648351, 42.337813082618233 ], [ -82.917070973718751, 42.337881682619951 ], [ -82.917169773753884, 42.337934182624366 ], [ -82.917267873787154, 42.337968382625483 ], [ -82.917426573838199, 42.337992882621982 ], [ -82.917548373877906, 42.338017782620284 ], [ -82.917622773904782, 42.338061582624363 ], [ -82.91768447392694, 42.33809668262748 ], [ -82.917708973935234, 42.338104982627719 ], [ -82.917746173949098, 42.338131582630588 ], [ -82.917749873950115, 42.338130382630212 ], [ -82.917818573969612, 42.338112382623571 ], [ -82.917975274015163, 42.338082782610513 ], [ -82.918108974056068, 42.338080282603421 ], [ -82.918256074105983, 42.338131882605225 ], [ -82.91861287422995, 42.338288182615102 ], [ -82.918772974286256, 42.338366482621012 ], [ -82.918919974335353, 42.338408982621218 ], [ -82.919054874381544, 42.338461082623738 ], [ -82.919474674531287, 42.338687882642951 ], [ -82.919944274700327, 42.338959282667652 ], [ -82.920340074844319, 42.339204882691412 ], [ -82.920612574944116, 42.339380582708941 ], [ -82.920737574992955, 42.339495482723088 ], [ -82.920788375015846, 42.33957568273479 ], [ -82.92080347502862, 42.339665382749914 ], [ -82.920818175041276, 42.339755182765117 ], [ -82.920870275067855, 42.33987138278308 ], [ -82.920944975096461, 42.339933282790298 ], [ -82.921030475124198, 42.339949682788948 ], [ -82.921188075172481, 42.339947082780668 ], [ -82.921382275231934, 42.339943682770347 ], [ -82.921600375297885, 42.339931182757226 ], [ -82.921794875358259, 42.339936882748582 ], [ -82.922097875450163, 42.339922782730966 ], [ -82.92224337549473, 42.339920282723298 ], [ -82.922450075559624, 42.339934982715548 ], [ -82.922631975614522, 42.339922982704358 ], [ -82.92282447566852, 42.33986558268461 ], [ -82.922992075713296, 42.339790682662944 ], [ -82.923124475750598, 42.339752482649573 ], [ -82.923305375802698, 42.339713482633663 ], [ -82.923389875826928, 42.339693882625937 ], [ -82.923425175835263, 42.339666282619291 ], [ -82.923448275838282, 42.339620982610093 ], [ -82.923447475835587, 42.339593882605371 ], [ -82.923410875823564, 42.339585482605699 ], [ -82.923374975814227, 42.3396042826108 ], [ -82.923363775814025, 42.339640282617751 ], [ -82.923352075811266, 42.339649682619992 ], [ -82.923267375786153, 42.339660082626082 ], [ -82.923218475770383, 42.339651882627045 ], [ -82.923206075765762, 42.339642982626067 ], [ -82.923265775780806, 42.339606082616562 ], [ -82.923361175805056, 42.339550382601963 ], [ -82.923432775823741, 42.339513282591795 ], [ -82.923698575901838, 42.339472582571311 ], [ -82.924170976043996, 42.339437782541616 ], [ -82.924813076238095, 42.339399982502911 ], [ -82.925758776525143, 42.339357082448089 ], [ -82.92624367667193, 42.339330982419334 ], [ -82.926364776708994, 42.339328782412849 ], [ -82.926438676734918, 42.33936378241539 ], [ -82.926464876748625, 42.33942638242516 ], [ -82.926502976765221, 42.339479682432682 ], [ -82.926564176785547, 42.339496782432704 ], [ -82.926624276802329, 42.339477582426312 ], [ -82.926672376815375, 42.339458782420557 ], [ -82.926707276822, 42.339413282410767 ], [ -82.926717876820391, 42.339359082400598 ], [ -82.92671637681579, 42.339313882392673 ], [ -82.926739976820585, 42.33928658238667 ], [ -82.926787976834461, 42.339276682382504 ], [ -82.926921576875401, 42.339274682375489 ], [ -82.927017776938271, 42.339642082435816 ], [ -82.927027576941455, 42.339644082435669 ], [ -82.927665177149507, 42.339775282427112 ], [ -82.92770727717955, 42.339963682458404 ], [ -82.930632078148307, 42.340724882447375 ], [ -82.930642178145703, 42.340661782435646 ], [ -82.927803477206538, 42.339935182448578 ], [ -82.927704877135511, 42.339486382373956 ], [ -82.930331977922606, 42.339253282201589 ], [ -82.930302777898916, 42.339091382174345 ], [ -82.93029747788178, 42.338920482144317 ], [ -82.930540777957916, 42.338934382134639 ], [ -82.930618577997222, 42.339104182160881 ], [ -82.930778778089518, 42.339578682236954 ], [ -82.930996678154571, 42.339557182222279 ], [ -82.930999178162679, 42.339638082236483 ], [ -82.930817578107934, 42.339650082247644 ], [ -82.930820778118715, 42.339758282266644 ], [ -82.931038678183739, 42.339736382251942 ], [ -82.931052878194663, 42.339808382263961 ], [ -82.930859978138869, 42.339847582280534 ], [ -82.931043178270045, 42.340673082417673 ], [ -82.931092478287567, 42.340699282419827 ], [ -82.931129778302278, 42.340734582424219 ], [ -82.931156378316956, 42.340806182435585 ], [ -82.931693478491169, 42.340905382426392 ], [ -82.9316507784593, 42.340698782391897 ], [ -82.931541478425814, 42.340700582397687 ], [ -82.931527378414998, 42.340628882385701 ], [ -82.931635778446548, 42.340609182376802 ], [ -82.931441978316201, 42.339828882248199 ], [ -82.931695878391494, 42.339797482229955 ], [ -82.931665578364232, 42.33960008219649 ], [ -82.93192197844678, 42.339640382190865 ], [ -82.931955378484787, 42.339946382243362 ], [ -82.93262627870071, 42.340051882228622 ], [ -82.932663578714653, 42.340078482231469 ], [ -82.932689278726556, 42.340122982238078 ], [ -82.932719078752001, 42.340302582268393 ], [ -82.932762678786617, 42.340536082307615 ], [ -82.932802478809378, 42.34065258232625 ], [ -82.932801478841711, 42.34101268239008 ], [ -82.932240278660956, 42.340922982402205 ], [ -82.932189678639759, 42.340860882393741 ], [ -82.932032478592461, 42.340872582403669 ], [ -82.93210957862911, 42.341015282425069 ], [ -82.932976578910868, 42.341180882411159 ], [ -82.933009978876186, 42.340684982321669 ], [ -82.932906078823976, 42.340461482287246 ], [ -82.9335122790079, 42.340433382251994 ], [ -82.933685479143378, 42.341340082403981 ], [ -82.933286279024443, 42.341382782431459 ], [ -82.933274679022531, 42.341400982435275 ], [ -82.933275079024284, 42.341419182438521 ], [ -82.933335879042829, 42.341417882435266 ], [ -82.933435879082481, 42.341515382447525 ], [ -82.933461479094376, 42.341559782454077 ], [ -82.933498879108299, 42.341586382456939 ], [ -82.933608779144365, 42.341611482455917 ], [ -82.933754879190715, 42.341626982451402 ], [ -82.933864479225107, 42.34163418244718 ], [ -82.933974679262107, 42.341668282447706 ], [ -82.934023879278783, 42.341685482448312 ], [ -82.934041179227762, 42.341063782337287 ], [ -82.933984579186699, 42.340803582294065 ], [ -82.934057579209096, 42.340802382290164 ], [ -82.934042879197236, 42.340721682276637 ], [ -82.934284979269691, 42.340699582260612 ], [ -82.934289679285044, 42.34085248228746 ], [ -82.934522579363616, 42.34092958228949 ], [ -82.93450207943981, 42.341839482451746 ], [ -82.934748579526683, 42.341961282460986 ], [ -82.935117479654323, 42.342117282470234 ], [ -82.9352283796932, 42.342169382473941 ], [ -82.93538817974779, 42.342229882476694 ], [ -82.935499579788456, 42.342300082483547 ], [ -82.935561179810563, 42.342334982486676 ], [ -82.935647079839285, 42.342360482486903 ], [ -82.935757479877211, 42.342403782489072 ], [ -82.935868879917805, 42.342473882495959 ], [ -82.93594237994192, 42.342490682495217 ], [ -82.936051679976202, 42.342497782491037 ], [ -82.936173380014267, 42.342504882486217 ], [ -82.936282380046819, 42.34249398247885 ], [ -82.936330580060812, 42.342484282474707 ], [ -82.936390380076602, 42.342455982466703 ], [ -82.936413780081352, 42.342428682460707 ], [ -82.936437780087886, 42.342419382457877 ], [ -82.936475180101766, 42.342445482460647 ], [ -82.936550080131198, 42.34251648246947 ], [ -82.936636280161636, 42.342559882472848 ], [ -82.93680668021544, 42.342575082467036 ], [ -82.937026080285108, 42.342598482460261 ], [ -82.937232980350856, 42.342621982454119 ], [ -82.937452280420445, 42.342645182447249 ], [ -82.937634780477111, 42.342651182439191 ], [ -82.937768780520585, 42.342675882436929 ], [ -82.937989180592936, 42.342726382434861 ], [ -82.938245980678076, 42.342794082434025 ], [ -82.938587680788388, 42.342851182427076 ], [ -82.938855480872775, 42.342873682417704 ], [ -82.939013080921015, 42.342870882409315 ], [ -82.939098080947076, 42.342869682404896 ], [ -82.93913508096, 42.342887082406129 ], [ -82.939172280973821, 42.342913282408887 ], [ -82.939197280983933, 42.342939982412403 ], [ -82.939234480996959, 42.34295738241363 ], [ -82.939368081038694, 42.342964182408153 ], [ -82.939525781086957, 42.342961482399822 ], [ -82.939720781149049, 42.342985082394229 ], [ -82.939830481184316, 42.34300138239167 ], [ -82.939915481210278, 42.342999882387176 ], [ -82.94004758124666, 42.342952582372192 ], [ -82.940237881293442, 42.342823182339778 ], [ -82.940428181341062, 42.342702782308926 ], [ -82.940534881365565, 42.342611082287384 ], [ -82.940714281413179, 42.342527182263566 ], [ -82.940822181442087, 42.342480082249828 ], [ -82.940845781447635, 42.342461682245393 ], [ -82.940857481449598, 42.342443482241592 ], [ -82.940856181445923, 42.34240758223531 ], [ -82.940842981438621, 42.342371782229577 ], [ -82.940853781437895, 42.342326582221034 ], [ -82.940852581434257, 42.342290482214729 ], [ -82.940876981441704, 42.342290182213439 ], [ -82.940902781453673, 42.34233458222004 ], [ -82.940914881458198, 42.342343482220976 ], [ -82.940939581466566, 42.342352282221363 ], [ -82.940988081481464, 42.342351382218745 ], [ -82.941083581505779, 42.342295682204089 ], [ -82.941264081556938, 42.342247682186581 ], [ -82.941505081625763, 42.342189582164266 ], [ -82.941686281678813, 42.342159382149902 ], [ -82.941807281715015, 42.342148382141886 ], [ -82.941855181728044, 42.342129382136129 ], [ -82.941927281747624, 42.342101282127537 ], [ -82.9419870817635, 42.342073182119641 ], [ -82.942047881782898, 42.34208118211798 ], [ -82.942109181803346, 42.342098282117931 ], [ -82.942146181816312, 42.342115682119179 ], [ -82.942170381823686, 42.342115182117887 ], [ -82.942207281835792, 42.342123382117514 ], [ -82.942219281839428, 42.34212328211688 ], [ -82.942230981841391, 42.342104982113078 ], [ -82.94225378184511, 42.342068582105505 ], [ -82.942265481847087, 42.342050382101696 ], [ -82.942276881848116, 42.34202318209627 ], [ -82.942385181877981, 42.34198528208416 ], [ -82.942614481944901, 42.341945682065713 ], [ -82.942735081980175, 42.341925382056083 ], [ -82.942819982006156, 42.341923982051618 ], [ -82.943039282075745, 42.3419473820448 ], [ -82.943283282154511, 42.341988082039819 ], [ -82.943429282199986, 42.341994682033707 ], [ -82.943550782238049, 42.342001882028953 ], [ -82.943611482256557, 42.342000682025677 ], [ -82.943635282262221, 42.341982282021227 ], [ -82.94364668226406, 42.341963882017417 ], [ -82.943706882280878, 42.341945082011073 ], [ -82.94385278232636, 42.341951582004967 ], [ -82.943961982359781, 42.341949681999154 ], [ -82.944106682401625, 42.341920181986715 ], [ -82.94415538241654, 42.341919481984185 ], [ -82.94425258244712, 42.341926781980611 ], [ -82.944373982484223, 42.341924681974177 ], [ -82.944410182494508, 42.341915081970676 ], [ -82.944446782506503, 42.341923481970341 ], [ -82.944472182517558, 42.341958981975324 ], [ -82.944605282557461, 42.341947781966738 ], [ -82.94461638255757, 42.341911481959713 ], [ -82.945525082832447, 42.341860081905239 ], [ -82.945542582853349, 42.342030981934634 ], [ -82.946655783184198, 42.341903981856625 ], [ -82.946666383184223, 42.341867781849658 ], [ -82.94664068317141, 42.341814081841385 ], [ -82.94661568316215, 42.341796581839603 ], [ -82.946615283159602, 42.341769581834775 ], [ -82.946614283157658, 42.341751581831694 ], [ -82.946650483167076, 42.34173298182656 ], [ -82.946674583174484, 42.341732681825285 ], [ -82.946710883185588, 42.341731681823305 ], [ -82.946760283203133, 42.341758081825546 ], [ -82.946820683220778, 42.341747881820702 ], [ -82.94689298324127, 42.341728681813692 ], [ -82.947024483275825, 42.341663481795585 ], [ -82.947156283312083, 42.341616181780623 ], [ -82.9472401833345, 42.341578781769819 ], [ -82.947360683368103, 42.341540781757089 ], [ -82.947481183402573, 42.341511681745942 ], [ -82.947541483420196, 42.341501781741158 ], [ -82.947565683427555, 42.341501181739822 ], [ -82.94759038343679, 42.341518781741748 ], [ -82.947639283452546, 42.341526881740677 ], [ -82.947687583466518, 42.341517181736585 ], [ -82.947735683479607, 42.341498281730836 ], [ -82.947783383492549, 42.341479481725109 ], [ -82.947952483541869, 42.341449681711417 ], [ -82.94810958358751, 42.341419881698293 ], [ -82.94813688360486, 42.341518681714412 ], [ -82.948187383626831, 42.341589681724471 ], [ -82.948274283659131, 42.341651281731025 ], [ -82.948371983690691, 42.341667681729092 ], [ -82.948432783709279, 42.34166678172587 ], [ -82.948503483725233, 42.341602381710956 ], [ -82.94851378372266, 42.34153928169922 ], [ -82.948524383721804, 42.341493981690732 ], [ -82.948471383692535, 42.341350881668006 ], [ -82.948381583650331, 42.341190181643995 ], [ -82.94831758362092, 42.341083081628227 ], [ -82.948316183616456, 42.341038181620362 ], [ -82.948315683614666, 42.341020281617169 ], [ -82.948339283620214, 42.341001781612761 ], [ -82.948387383633317, 42.340982881606969 ], [ -82.948348583614887, 42.340911681596317 ], [ -82.948408183629908, 42.340874581586775 ], [ -82.948508483670381, 42.34098098160063 ], [ -82.948593383696348, 42.340979381596078 ], [ -82.948708083746965, 42.341148781620376 ], [ -82.949222783884039, 42.340914681553187 ], [ -82.948817583710223, 42.340372181477328 ], [ -82.948919483720189, 42.340136381430497 ], [ -82.949263183836834, 42.340256681434639 ], [ -82.94944798386561, 42.33994728137062 ], [ -82.949190383743499, 42.339474281299687 ], [ -82.949599683858978, 42.339359481258896 ], [ -82.949635783869184, 42.339349781255372 ], [ -82.949671683878549, 42.339331181250316 ], [ -82.949705483881516, 42.339249581234164 ], [ -82.949727783882622, 42.339185881221766 ], [ -82.949750383884691, 42.339131781211051 ], [ -82.94979828389684, 42.339103681203682 ], [ -82.949869983916329, 42.339075581195111 ], [ -82.949977883945294, 42.33902858118141 ], [ -82.950062183969465, 42.339009381173803 ], [ -82.950086683976934, 42.339008881172497 ], [ -82.95012278398795, 42.33900808117054 ], [ -82.950171184001988, 42.338998281166397 ], [ -82.950206684010425, 42.338970781159716 ], [ -82.950276284021911, 42.33886168113694 ], [ -82.95047278405346, 42.338542981070674 ], [ -82.950730884107131, 42.338259481007555 ], [ -82.950836284128741, 42.338140480981238 ], [ -82.95094258415233, 42.338039680958026 ], [ -82.95102518417103, 42.337966080940916 ], [ -82.951072284180583, 42.337911380928858 ], [ -82.95111808418639, 42.33782058091046 ], [ -82.951234884209882, 42.33768358088038 ], [ -82.950966084086005, 42.337228680813183 ], [ -82.951024484097346, 42.337155680797345 ], [ -82.951071184105913, 42.337091880783738 ], [ -82.95112838411282, 42.336973880759949 ], [ -82.951184984118697, 42.336846780734625 ], [ -82.951289184136712, 42.336691880701991 ], [ -82.951382384152964, 42.33655528067311 ], [ -82.951524184185729, 42.336435680644847 ], [ -82.951606684203654, 42.336353180626091 ], [ -82.951678284222297, 42.336316080615958 ], [ -82.951726584236212, 42.336306180611764 ], [ -82.951811284261325, 42.336295780605745 ], [ -82.95190918429374, 42.336320980605315 ], [ -82.952008384330668, 42.336391480612839 ], [ -82.952046684348076, 42.336453880621981 ], [ -82.95213308437863, 42.336497380625381 ], [ -82.952182084395261, 42.336514580625987 ], [ -82.952218784407307, 42.336522980625666 ], [ -82.952279084424916, 42.33651298062086 ], [ -82.952373684446542, 42.336430280601519 ], [ -82.95297238457097, 42.33577178045492 ], [ -82.952562884382729, 42.335085180353722 ], [ -82.952682784416169, 42.335047180340979 ], [ -82.953112784599185, 42.335607180418741 ], [ -82.953218284620064, 42.335479280390814 ], [ -82.953311684638052, 42.335360680365156 ], [ -82.953392984652282, 42.335242180340103 ], [ -82.953473284662962, 42.335087780308768 ], [ -82.953577884681948, 42.334941880277697 ], [ -82.953637484696912, 42.334904880268141 ], [ -82.953660584700671, 42.334868480260525 ], [ -82.953647384693397, 42.334832680254884 ], [ -82.953646484690651, 42.334805680250142 ], [ -82.953657984692555, 42.334787280246331 ], [ -82.953705984704797, 42.334759480238993 ], [ -82.95375408471871, 42.334749680234829 ], [ -82.953882484744099, 42.334594280200903 ], [ -82.954034484773445, 42.334402780159365 ], [ -82.954009284762492, 42.33436728015436 ], [ -82.95525648510251, 42.333886580006912 ], [ -82.955140085044818, 42.333645479970023 ], [ -82.955223785067162, 42.33360797995919 ], [ -82.955332085097879, 42.333579079948699 ], [ -82.955440185127671, 42.333541179936581 ], [ -82.955500685145381, 42.333531079931774 ], [ -82.955695985209204, 42.33357297992945 ], [ -82.955830085251904, 42.333588679925526 ], [ -82.955866585263038, 42.333587979923536 ], [ -82.955890785270469, 42.333587479922251 ], [ -82.955914185275148, 42.333560079916253 ], [ -82.955888185262296, 42.333506479908067 ], [ -82.955784785211875, 42.333301179876848 ], [ -82.955758785199052, 42.333247779868664 ], [ -82.955721585185216, 42.333221179865802 ], [ -82.955732785186171, 42.333193779860416 ], [ -82.955803985203076, 42.33313877984709 ], [ -82.955887585224531, 42.333092179834715 ], [ -82.956031885265489, 42.333053779820688 ], [ -82.956188885311022, 42.333024179807623 ], [ -82.956309385346302, 42.333004079798016 ], [ -82.956477985393803, 42.332956279781115 ], [ -82.95661068543194, 42.332926879769317 ], [ -82.956889185515521, 42.33290417975136 ], [ -82.957070485568536, 42.332873879736951 ], [ -82.957216385614856, 42.332889679732475 ], [ -82.957289485638029, 42.332897279730183 ], [ -82.957326085650038, 42.332905679729812 ], [ -82.957327385653713, 42.332941679736152 ], [ -82.957328485657342, 42.332977779742471 ], [ -82.957378385676648, 42.333021879747818 ], [ -82.957426985692365, 42.33303007974682 ], [ -82.957523885721187, 42.333019279740078 ], [ -82.957715185807487, 42.333322179784197 ], [ -82.959258586251991, 42.332989679648229 ], [ -82.959219586232692, 42.332909379635986 ], [ -82.959181886217081, 42.332865079630004 ], [ -82.959155986204266, 42.332811379621759 ], [ -82.95915488620065, 42.332775379615462 ], [ -82.959166486202548, 42.332757179611669 ], [ -82.959190286209022, 42.332747679608772 ], [ -82.95927638623867, 42.332782079610553 ], [ -82.959362386268197, 42.332816879612466 ], [ -82.959423586288565, 42.332833679612364 ], [ -82.959448386297808, 42.332851479614291 ], [ -82.959498586318091, 42.3329045796212 ], [ -82.960088786485613, 42.332750479564396 ], [ -82.960354086561907, 42.332691779540745 ], [ -82.960583086627878, 42.332642879520691 ], [ -82.960897186720686, 42.33260147949769 ], [ -82.96111678679118, 42.332633679492389 ], [ -82.961481586905236, 42.332654379477844 ], [ -82.961676086966364, 42.332669179470798 ], [ -82.961797387003514, 42.332666979464342 ], [ -82.961881787027721, 42.332647779456757 ], [ -82.961929787040759, 42.332628779450964 ], [ -82.961977787053812, 42.33261007944526 ], [ -82.962002487062989, 42.332627579447085 ], [ -82.962065487088807, 42.332698579456562 ], [ -82.962102887102702, 42.33272497945935 ], [ -82.962127587111866, 42.332742479461238 ], [ -82.962163887123012, 42.332741979459321 ], [ -82.962150587115644, 42.332706179453673 ], [ -82.962161887116679, 42.332678879448217 ], [ -82.962173187117656, 42.33265157944281 ], [ -82.962197187124204, 42.332642379440031 ], [ -82.962233887136236, 42.332650479439629 ], [ -82.962259187147268, 42.332686179444693 ], [ -82.962271887152809, 42.332704079447211 ], [ -82.962332887172252, 42.332712079445564 ], [ -82.962428987198379, 42.332674379434096 ], [ -82.962549387232784, 42.332645179422933 ], [ -82.962633287255997, 42.332616779413698 ], [ -82.962779687302429, 42.33263217940911 ], [ -82.962926187350575, 42.332665879407777 ], [ -82.963049387393923, 42.33272657941238 ], [ -82.963098987411556, 42.332752879414578 ], [ -82.963232487453226, 42.332759479409077 ], [ -82.963354487492168, 42.332775379405788 ], [ -82.963402787506141, 42.33276567940166 ], [ -82.963414387508053, 42.332747479397845 ], [ -82.963413087503625, 42.332702479389951 ], [ -82.963411787499936, 42.332666379383639 ], [ -82.963448187511077, 42.332665879381715 ], [ -82.963508687528744, 42.332655779376907 ], [ -82.963580987550046, 42.3326454793715 ], [ -82.963618687564846, 42.332680979375858 ], [ -82.963668787585092, 42.332734179382818 ], [ -82.963705887598863, 42.332760379385583 ], [ -82.963742987611909, 42.33277787938686 ], [ -82.963791687627619, 42.332786179385892 ], [ -82.963815487633255, 42.332767679381412 ], [ -82.96381428762966, 42.332731679375122 ], [ -82.963826387632508, 42.332722379372825 ], [ -82.963886887650162, 42.332712379368047 ], [ -82.963910887657519, 42.332712079366793 ], [ -82.963960187675042, 42.332738079368923 ], [ -82.963984887683452, 42.332746579369243 ], [ -82.96406938770852, 42.332736279363154 ], [ -82.964238687758666, 42.332715479351052 ], [ -82.964310587778186, 42.332687079342421 ], [ -82.9644183878071, 42.332640179328742 ], [ -82.964622387862974, 42.332564679305136 ], [ -82.964791187911345, 42.332525779289824 ], [ -82.964899887943787, 42.332514879282478 ], [ -82.964960787962468, 42.332513779279267 ], [ -82.964985187970726, 42.332522379279588 ], [ -82.965011387984447, 42.332585079289387 ], [ -82.965072988005772, 42.33261097929087 ], [ -82.965243188059446, 42.332626179285064 ], [ -82.965328188085465, 42.332624579280527 ], [ -82.965400588106021, 42.332605579273519 ], [ -82.965435888114328, 42.332577679266862 ], [ -82.96544748811624, 42.332559579263048 ], [ -82.965470788120925, 42.332532079257021 ], [ -82.965546588152279, 42.332620979269045 ], [ -82.965610988182632, 42.332736879286301 ], [ -82.965662888208286, 42.332844079302703 ], [ -82.965777188258784, 42.333013179326962 ], [ -82.966293288400379, 42.33282417926771 ], [ -82.966389788428287, 42.332804779259426 ], [ -82.966486788457928, 42.332802879254274 ], [ -82.966596888494095, 42.332828079253225 ], [ -82.966658688516233, 42.332862979256326 ], [ -82.966733888546614, 42.332942679266715 ], [ -82.966877788585762, 42.332886279249522 ], [ -82.966775888540695, 42.3327348792278 ], [ -82.967424088718602, 42.332498579153594 ], [ -82.96750818874186, 42.332470179144345 ], [ -82.967690188797548, 42.332467179134724 ], [ -82.967909388867056, 42.332490279127889 ], [ -82.967970388886556, 42.332498279126249 ], [ -82.968018788901333, 42.332497379123623 ], [ -82.96803068890415, 42.332488079121418 ], [ -82.968065988911718, 42.332451579113204 ], [ -82.9680894889173, 42.332433279108777 ], [ -82.96811328892295, 42.332414779104305 ], [ -82.968161488936843, 42.332404779100152 ], [ -82.968259888971048, 42.332448179102883 ], [ -82.968345889000574, 42.332482779104744 ], [ -82.968528189057182, 42.332488579096648 ], [ -82.968650789097978, 42.332522679096556 ], [ -82.968772889137753, 42.332547379094883 ], [ -82.968954789193447, 42.33254437908527 ], [ -82.969547689369946, 42.332479979044216 ], [ -82.96980118944424, 42.332439679024453 ], [ -82.970056789524904, 42.332462479015682 ], [ -82.970118989548027, 42.33250647902036 ], [ -82.970168389565558, 42.332532579022548 ], [ -82.970240989587779, 42.332531379018718 ], [ -82.970349589619389, 42.332511279009708 ], [ -82.970348589615824, 42.332475379003398 ], [ -82.970347289612164, 42.332439478997102 ], [ -82.97034618960852, 42.332403378990769 ], [ -82.970394089620768, 42.332375678983489 ], [ -82.970827789745258, 42.332278078944555 ], [ -82.971008889797417, 42.332238878928557 ], [ -82.971031589800276, 42.33219357891938 ], [ -82.971042989801305, 42.332166278913995 ], [ -82.971066289805989, 42.332138878907998 ], [ -82.971126789823643, 42.332128778903126 ], [ -82.971199389845864, 42.332127478899345 ], [ -82.971225089857853, 42.33217217890595 ], [ -82.971262889873472, 42.332216378911887 ], [ -82.971287789882766, 42.332234178913829 ], [ -82.971336289897593, 42.332233378911248 ], [ -82.971505189946839, 42.332203478897497 ], [ -82.971709390003582, 42.332136878875467 ], [ -82.97184179004077, 42.332098378862092 ], [ -82.971913890060421, 42.33207037885348 ], [ -82.971962490076095, 42.332078378852508 ], [ -82.97199989008999, 42.332104678855302 ], [ -82.972038090107404, 42.332167078864444 ], [ -82.972063790119336, 42.332211878871107 ], [ -82.972112990135997, 42.332228878871675 ], [ -82.972185790158264, 42.332227678867781 ], [ -82.97231859019729, 42.332207378857582 ], [ -82.972595390276226, 42.332139478831714 ], [ -82.972656090293995, 42.332129478826943 ], [ -82.972763390321958, 42.332073678811639 ], [ -82.973014890389081, 42.33196117877916 ], [ -82.973193990435675, 42.331868078753757 ], [ -82.973313590467384, 42.331811978737875 ], [ -82.973361190479508, 42.331784278730538 ], [ -82.973384890485093, 42.331765678726093 ], [ -82.97335989047501, 42.33173917872265 ], [ -82.973322490460305, 42.331703778718243 ], [ -82.973321690458405, 42.331685678715047 ], [ -82.973345290463214, 42.331658378709029 ], [ -82.973500790505085, 42.331592778689682 ], [ -82.973584790527525, 42.33155527867882 ], [ -82.973620590536811, 42.33153657867372 ], [ -82.973669290552522, 42.331544878672759 ], [ -82.973729990571073, 42.331543678669512 ], [ -82.973813790593482, 42.331506278658701 ], [ -82.973849690602833, 42.331487578653615 ], [ -82.973836690596372, 42.331460678649471 ], [ -82.973860290601991, 42.331442478645059 ], [ -82.973968590632623, 42.331413378634501 ], [ -82.974052390655018, 42.33137597862369 ], [ -82.974113090672788, 42.331365978618919 ], [ -82.974149790685658, 42.33138337862016 ], [ -82.974186690698573, 42.331400678621399 ], [ -82.974199090703181, 42.331409378622283 ], [ -82.974222890708788, 42.331390978617847 ], [ -82.974282390723758, 42.331354178608336 ], [ -82.974378590750774, 42.331325378598414 ], [ -82.974498890784275, 42.331287178585633 ], [ -82.974559190801898, 42.331277278580913 ], [ -82.97459459081027, 42.33124957857423 ], [ -82.974641890820678, 42.331203878563763 ], [ -82.9746773908291, 42.331176178557129 ], [ -82.974737790846746, 42.331165978552278 ], [ -82.974798190864405, 42.331156078547501 ], [ -82.974833890873711, 42.331137378542394 ], [ -82.974869490882128, 42.331109778535726 ], [ -82.97491749089518, 42.331090978530035 ], [ -82.97497799091289, 42.331080878525221 ], [ -82.975086990946195, 42.331079078519458 ], [ -82.975195590977791, 42.331058978510441 ], [ -82.975340791020628, 42.331038678499574 ], [ -82.975473191058668, 42.331009278487805 ], [ -82.975642391108821, 42.330988478475646 ], [ -82.97583669116824, 42.330985078465318 ], [ -82.975981791211808, 42.33097357845606 ], [ -82.976235891287104, 42.330942278437831 ], [ -82.976488991360455, 42.330892778416441 ], [ -82.976597291391101, 42.330863978405887 ], [ -82.976657891408863, 42.330853778401078 ], [ -82.976740591427642, 42.330780478383979 ], [ -82.976859291456563, 42.330697278363296 ], [ -82.976906891468687, 42.330669278355977 ], [ -82.977063491513306, 42.330630778341309 ], [ -82.977219691556996, 42.330582978325033 ], [ -82.977328291588606, 42.33056297831606 ], [ -82.977472691629515, 42.33052447830201 ], [ -82.977604891666701, 42.330486278288689 ], [ -82.977689691691808, 42.330475778282562 ], [ -82.977750691710483, 42.330474778279346 ], [ -82.977823091732645, 42.330473478275493 ], [ -82.977883191749399, 42.330454678269206 ], [ -82.977954291766267, 42.330399378255805 ], [ -82.977999591770256, 42.330290278234237 ], [ -82.97803069176426, 42.330118778202298 ], [ -82.978120591771372, 42.329891978157619 ], [ -82.978215791795577, 42.329836378143007 ], [ -82.978323891825411, 42.329798478130897 ], [ -82.97845689186444, 42.329777978120617 ], [ -82.978615091914477, 42.32979337811544 ], [ -82.978762491965284, 42.329853778118789 ], [ -82.978885292006936, 42.329896878120302 ], [ -82.978958592030978, 42.329913578119609 ], [ -82.979032092055078, 42.329930178118865 ], [ -82.979080492069912, 42.329929378116297 ], [ -82.979165292095018, 42.329918978110257 ], [ -82.979260692120135, 42.329872278097184 ], [ -82.979416992163891, 42.329824678080989 ], [ -82.97961019221971, 42.329785078064283 ], [ -82.979778692267985, 42.329746278049036 ], [ -82.979887592300472, 42.329735578041657 ], [ -82.979972592326476, 42.329733978037126 ], [ -82.980020792340383, 42.329724078032967 ], [ -82.980056192348769, 42.329696478026335 ], [ -82.980067592349812, 42.32966927802093 ], [ -82.982027392898686, 42.329076977818112 ], [ -82.982101592925488, 42.329120777822183 ], [ -82.982305892983092, 42.329063177801793 ], [ -82.982255692961999, 42.329001077793251 ], [ -82.982399693001938, 42.328953477777681 ], [ -82.982462393026836, 42.329015477785482 ], [ -82.984342493566899, 42.328595877617254 ], [ -82.984239893519103, 42.328417277590773 ], [ -82.984112593463053, 42.328230577564021 ], [ -82.984060793438218, 42.328132277549201 ], [ -82.984059093431981, 42.32806927753812 ], [ -82.984067693424834, 42.327961077518509 ], [ -82.984101993429576, 42.327897377505515 ], [ -82.984149393440774, 42.327860577496665 ], [ -82.984209693457615, 42.327841477490225 ], [ -82.98426969347436, 42.327822477483849 ], [ -82.984378693507651, 42.327820577478093 ], [ -82.984487993541123, 42.327818777472316 ], [ -82.98456069356331, 42.327817277468441 ], [ -82.984633193584713, 42.327807177463029 ], [ -82.984850093646983, 42.32775837744353 ], [ -82.985006993692508, 42.327728577430435 ], [ -82.985166093745264, 42.327770777429954 ], [ -82.985265093781265, 42.327832277435931 ], [ -82.985340193810771, 42.32790297744468 ], [ -82.985390093830148, 42.32794717745 ], [ -82.98545259385412, 42.328000077456274 ], [ -82.985502293873452, 42.328044377461644 ], [ -82.985539093885492, 42.328052677461272 ], [ -82.985587293899457, 42.328042877457136 ], [ -82.985658793918049, 42.328005577446937 ], [ -82.985693393922915, 42.327941977433959 ], [ -82.985722293910513, 42.327707177390877 ], [ -82.985743993908983, 42.327616877373835 ], [ -82.98577889391558, 42.327571277363987 ], [ -82.985826493927647, 42.327543377356655 ], [ -82.985898893948999, 42.327533077351234 ], [ -82.985960193969404, 42.32754997735114 ], [ -82.986046593999902, 42.327593477354554 ], [ -82.986107694019395, 42.32760147735295 ], [ -82.98620369404712, 42.327581877344649 ], [ -82.986348994089965, 42.32756117733372 ], [ -82.98644649412141, 42.327577577331752 ], [ -82.986519194143625, 42.327576477327916 ], [ -82.986544594154694, 42.327612077332994 ], [ -82.986571494170292, 42.327692577345871 ], [ -82.986597594183948, 42.327755177355712 ], [ -82.986646694200616, 42.32777227735626 ], [ -82.98668379421359, 42.327789777357516 ], [ -82.987180294362986, 42.327753877326352 ], [ -82.987178494357593, 42.32769997731689 ], [ -82.987201294360446, 42.327654677307713 ], [ -82.987236994368928, 42.327626977301037 ], [ -82.987309894391259, 42.32762577729715 ], [ -82.987358694406993, 42.327633877296144 ], [ -82.987408194425385, 42.327668977299943 ], [ -82.987457994443886, 42.32770417730363 ], [ -82.98748269445305, 42.327721777305563 ], [ -82.987543294471635, 42.327720677302317 ], [ -82.987627594495748, 42.32770107729467 ], [ -82.987711894519933, 42.327681677286982 ], [ -82.987796294544111, 42.327662277279337 ], [ -82.987880794568341, 42.327642777271642 ], [ -82.987904094572968, 42.327615277265643 ], [ -82.987927394577667, 42.327588077259669 ], [ -82.987926394574075, 42.327551877253299 ], [ -82.987949994579694, 42.327533577248865 ], [ -82.987997794591863, 42.327505677241561 ], [ -82.98810679462521, 42.327503777235755 ], [ -82.988386994714148, 42.327534877227258 ], [ -82.989265694998451, 42.327690977211041 ], [ -82.991632695727404, 42.327703677095002 ], [ -82.994418496567206, 42.327520176923322 ], [ -82.996405197167519, 42.327404476803594 ], [ -82.996439997174079, 42.327358976793789 ], [ -82.996475197180757, 42.32731317678391 ], [ -82.996522797192824, 42.327285376776608 ], [ -82.996558797202226, 42.32726677677153 ], [ -82.996703597244874, 42.327246176760617 ], [ -82.996741497260544, 42.327290576766579 ], [ -82.996754397266955, 42.32731757677076 ], [ -82.996778797275255, 42.327325976770986 ], [ -82.996803397282747, 42.327325676769753 ], [ -82.996827397290062, 42.327325176768476 ], [ -82.996826897288301, 42.327307176765302 ], [ -82.996826297286503, 42.327289176762115 ], [ -82.996861897294949, 42.32726157675544 ], [ -82.996897297303306, 42.327233776748756 ], [ -82.996932697310854, 42.327197076740475 ], [ -82.996943997311874, 42.327170276735167 ], [ -82.996991797324853, 42.327151276729396 ], [ -82.997185797383381, 42.327138676717482 ], [ -82.997343397431564, 42.327136076709181 ], [ -82.997477397474171, 42.327151676705256 ], [ -82.997586897508498, 42.327158876701006 ], [ -82.997635697524231, 42.327166876700026 ], [ -82.997695897541831, 42.327156876695213 ], [ -82.99774449755671, 42.327155976692644 ], [ -82.997816897578005, 42.327145676687223 ], [ -82.997866597596513, 42.327180976690975 ], [ -82.997929597622345, 42.327252076700425 ], [ -82.997968597642398, 42.327341376714251 ], [ -82.998031097666441, 42.327394376720569 ], [ -82.998104997692309, 42.327428976722992 ], [ -82.998166897714512, 42.327463976726065 ], [ -82.998196397724485, 42.327474076726446 ], [ -82.998243497748561, 42.327579676742772 ], [ -82.998195497735523, 42.327598576748507 ], [ -82.998234397754743, 42.327678676760748 ], [ -82.998427397810545, 42.32763947674416 ], [ -82.99838809779034, 42.327550176730327 ], [ -82.998339797776353, 42.327559776734454 ], [ -82.998274297742441, 42.327407976710809 ], [ -82.99846939780457, 42.327431876705276 ], [ -82.998615397850855, 42.327447076700679 ], [ -82.998724997885176, 42.327454176696463 ], [ -82.998882297932482, 42.327442476686571 ], [ -82.999016097974248, 42.327449176681043 ], [ -82.999149498015015, 42.327446676673937 ], [ -82.999271198053066, 42.327453576669093 ], [ -82.999417198099351, 42.32746917666455 ], [ -82.999538498136502, 42.327467076658102 ], [ -82.999648098171619, 42.327483176655498 ], [ -82.999770198210598, 42.327498976652187 ], [ -82.999928398260593, 42.327514076646928 ], [ -82.999989998281947, 42.32754017664849 ], [ -83.000026698294761, 42.327557776649755 ], [ -83.000041198305738, 42.327629376661726 ], [ -83.001314498694327, 42.327598176592595 ], [ -83.002272398986506, 42.327572476540126 ], [ -83.002442299038464, 42.327569576531161 ], [ -83.002454499042202, 42.32756927653049 ], [ -83.003182399264844, 42.327556476491871 ], [ -83.00455269968306, 42.327523576417555 ], [ -83.005899400095728, 42.327508976347623 ], [ -83.006809100373957, 42.327492976299354 ], [ -83.007075700454664, 42.327479376283641 ], [ -83.007366700542846, 42.327465276266558 ], [ -83.007705300643977, 42.327432476243828 ], [ -83.008104700763653, 42.327398376217836 ], [ -83.00857600090292, 42.327336176183266 ], [ -83.008999101028181, 42.32728357615278 ], [ -83.009422101152637, 42.327222076120748 ], [ -83.009904901293737, 42.327141676082363 ], [ -83.010388001435743, 42.327070176045559 ], [ -83.010919201590852, 42.326979776003014 ], [ -83.010904001577188, 42.326880875986248 ], [ -83.012183801952247, 42.326678375886424 ], [ -83.013161602238171, 42.326517275808989 ], [ -83.014284802566905, 42.326335175720629 ], [ -83.014985002772079, 42.326223875665903 ], [ -83.014995302770316, 42.326169575655761 ], [ -83.015103402800094, 42.326131875643682 ], [ -83.015163302815935, 42.326103675635657 ], [ -83.015272102848414, 42.326092775628283 ], [ -83.015658602961693, 42.326031975598234 ], [ -83.015694502971854, 42.326022375594739 ], [ -83.01575470298863, 42.326003175588333 ], [ -83.015863303020168, 42.325983375579369 ], [ -83.015960703050808, 42.325990675575781 ], [ -83.016324103161125, 42.325975175554923 ], [ -83.016530003223238, 42.325962575542349 ], [ -83.016711603277997, 42.325950475531144 ], [ -83.016989103358711, 42.325900375508368 ], [ -83.017326603455388, 42.32582247547775 ], [ -83.018398103760177, 42.325551575376174 ], [ -83.018500203806099, 42.325711775399419 ], [ -83.018560303822824, 42.32569267539305 ], [ -83.018482903786065, 42.325549975371636 ], [ -83.019156803976614, 42.325366775305504 ], [ -83.019674704124341, 42.325240775257342 ], [ -83.020144804259957, 42.325142575216404 ], [ -83.02068720441595, 42.32502477516843 ], [ -83.021399204623876, 42.324904075111441 ], [ -83.021664704700939, 42.324854575089404 ], [ -83.021821504746441, 42.32482477507628 ], [ -83.022315004886721, 42.324699075029358 ], [ -83.022893205052071, 42.324562674976306 ], [ -83.023639205262967, 42.324360374903158 ], [ -83.024493905506318, 42.324147174822649 ], [ -83.025312505739436, 42.323943574745684 ], [ -83.026070905954967, 42.323750074673477 ], [ -83.026769206153773, 42.323575574607638 ], [ -83.02758780638608, 42.323363074529084 ], [ -83.028779506725073, 42.323062774416321 ], [ -83.029658106974907, 42.322840074332959 ], [ -83.030886007324156, 42.322530174216652 ], [ -83.032129807688875, 42.322336874120182 ], [ -83.032128907686143, 42.322309974115498 ], [ -83.033145307989557, 42.32221097404711 ], [ -83.033132107983036, 42.322184074043037 ], [ -83.033374108055412, 42.322161774026974 ], [ -83.033384008051897, 42.322089574013653 ], [ -83.033527808090966, 42.322033173996488 ], [ -83.0336840081346, 42.321985173980174 ], [ -83.034057808243176, 42.321915373949111 ], [ -83.034323208320245, 42.321865873927109 ], [ -83.034913308488385, 42.32172017387181 ], [ -83.035454708641595, 42.321575373819023 ], [ -83.035948408782716, 42.321458673773698 ], [ -83.036526008946197, 42.32130427371748 ], [ -83.037139909120796, 42.321149173659279 ], [ -83.037249309155058, 42.321156373655107 ], [ -83.037358609189312, 42.321163473650898 ], [ -83.037516609238438, 42.321169773644115 ], [ -83.037734609303456, 42.32114777362932 ], [ -83.037742009293424, 42.321012773605041 ], [ -83.037790409307419, 42.32100267360083 ], [ -83.03785050932494, 42.320992473595993 ], [ -83.037983009362193, 42.320954173582614 ], [ -83.038066509383654, 42.320907673570133 ], [ -83.038209109419057, 42.32081507354664 ], [ -83.038303209439633, 42.320723473525696 ], [ -83.03892070962516, 42.320676473486493 ], [ -83.039715409851695, 42.320482073412315 ], [ -83.040015909936258, 42.320395773382003 ], [ -83.040516110097315, 42.320476873371383 ], [ -83.040877110199489, 42.320380273336205 ], [ -83.041142010275536, 42.320321573312555 ], [ -83.041418810353619, 42.320244773285111 ], [ -83.041755610449229, 42.320157673252815 ], [ -83.042080710542038, 42.320079573222728 ], [ -83.042345210616404, 42.320003073195963 ], [ -83.042850310758539, 42.319859073145167 ], [ -83.043343610897907, 42.319724173096631 ], [ -83.043788611024127, 42.319608073053786 ], [ -83.04428181116343, 42.31947317300525 ], [ -83.044376511185831, 42.319399672987444 ], [ -83.045207511423484, 42.319204472911373 ], [ -83.045220011428142, 42.319213172912249 ], [ -83.046882311904355, 42.318832472761677 ], [ -83.046869811899725, 42.318823572760699 ], [ -83.048062212241305, 42.318550172652671 ], [ -83.048036912230302, 42.318514672647623 ], [ -83.048542212373263, 42.318379372598372 ], [ -83.048491812353006, 42.318326372591542 ], [ -83.048539712365979, 42.318307472585794 ], [ -83.048635812392092, 42.318269872574341 ], [ -83.048780312432967, 42.318231172560253 ], [ -83.048936612477476, 42.31819227254551 ], [ -83.049081312519277, 42.31816267253307 ], [ -83.049154112542368, 42.318170472530802 ], [ -83.049238912567418, 42.318159872524689 ], [ -83.049347312598144, 42.318130872514075 ], [ -83.049443012624096, 42.318093072502641 ], [ -83.049526912647281, 42.318064672493385 ], [ -83.049623512675183, 42.318044972485069 ], [ -83.049707712699302, 42.318025572477438 ], [ -83.049852312741024, 42.317995772464911 ], [ -83.04993611276339, 42.317958172454034 ], [ -83.050008512783862, 42.317939072447047 ], [ -83.050056312796826, 42.317920072441282 ], [ -83.050141612823765, 42.317927672438387 ], [ -83.050177812834832, 42.317926972436467 ], [ -83.050299212871892, 42.317924872429991 ], [ -83.050359312888659, 42.317905572423612 ], [ -83.050419212905339, 42.31788657241723 ], [ -83.050515812934037, 42.31787587241049 ], [ -83.050576612952611, 42.317874872407273 ], [ -83.050660912976753, 42.317855272399555 ], [ -83.050732812996259, 42.317826972390961 ], [ -83.050805113016722, 42.317807772383922 ], [ -83.050901813045499, 42.317797072377239 ], [ -83.050962813064913, 42.317804772375517 ], [ -83.051011113079696, 42.31780417237303 ], [ -83.05108331310096, 42.317793672367522 ], [ -83.051168313126965, 42.317792272363043 ], [ -83.051241613150182, 42.31779987236073 ], [ -83.051314313172369, 42.317798572356857 ], [ -83.051374913190855, 42.317797272353602 ], [ -83.051422613203044, 42.317769572346265 ], [ -83.051483213221545, 42.317768472343083 ], [ -83.051507213228064, 42.317759172340239 ], [ -83.051918913352225, 42.317733672315072 ], [ -83.051915013340434, 42.317616672294569 ], [ -83.051588013241286, 42.317631572313545 ], [ -83.051635613253396, 42.317603672306277 ], [ -83.051708013274734, 42.317593372300784 ], [ -83.051841213314617, 42.31758197229216 ], [ -83.052070113380452, 42.317532772271967 ], [ -83.05233521345663, 42.317474172248325 ], [ -83.052419513480714, 42.31745447224062 ], [ -83.052492213502987, 42.317453372236763 ], [ -83.05260161353722, 42.317460372232574 ], [ -83.052698913566957, 42.317458672227367 ], [ -83.052783113591047, 42.317439072219713 ], [ -83.052794013591111, 42.317402772212702 ], [ -83.053193913712533, 42.317386772189899 ], [ -83.05317871369887, 42.317287772173088 ], [ -83.052996213642288, 42.317282172181223 ], [ -83.053104413672074, 42.317244072169082 ], [ -83.053176813693398, 42.317233772163654 ], [ -83.053345413741667, 42.317194972148314 ], [ -83.053514513790887, 42.317164772134547 ], [ -83.05364751383074, 42.317153472125888 ], [ -83.053840713887325, 42.317122772110764 ], [ -83.053937513916111, 42.317112172104046 ], [ -83.054082613959608, 42.317100472094715 ], [ -83.054324114030138, 42.317060272075508 ], [ -83.054493214080225, 42.317039072063288 ], [ -83.054503514078462, 42.316985072053228 ], [ -83.054623914112824, 42.316955772042022 ], [ -83.054852214176876, 42.316888672018699 ], [ -83.055369714323589, 42.31675327196885 ], [ -83.055466014351381, 42.316733571960498 ], [ -83.055694914416392, 42.316675371938771 ], [ -83.056103314530603, 42.316550871896254 ], [ -83.056584614667059, 42.316425171849907 ], [ -83.057258314858259, 42.316251071785381 ], [ -83.057667214973449, 42.316135771744513 ], [ -83.05812481510425, 42.316028571702617 ], [ -83.058413315185078, 42.315942271672931 ], [ -83.058617715242661, 42.315884571652475 ], [ -83.058809915295683, 42.315817871631069 ], [ -83.058940915329941, 42.315752371612909 ], [ -83.059107815372798, 42.31565967158808 ], [ -83.059202815396091, 42.315594771571853 ], [ -83.059262915412859, 42.315575671565483 ], [ -83.059358715438862, 42.315537871553985 ], [ -83.059442415461191, 42.315500471543167 ], [ -83.059526315484362, 42.315471871533887 ], [ -83.059694715531748, 42.315423871516977 ], [ -83.059898715588375, 42.315357171494959 ], [ -83.06011481564785, 42.31528117147073 ], [ -83.060283215695236, 42.315233071453761 ], [ -83.060474515746321, 42.315148671429249 ], [ -83.060666315798386, 42.315073271406284 ], [ -83.060834015843952, 42.315007271386207 ], [ -83.061109615919165, 42.314903071353932 ], [ -83.061253215958132, 42.314846371336699 ], [ -83.06146931601765, 42.314770671312495 ], [ -83.061648516065034, 42.314686271288608 ], [ -83.06181631611058, 42.314620171268473 ], [ -83.061971816152379, 42.314554471249053 ], [ -83.062115216190477, 42.314488771230252 ], [ -83.062354616254652, 42.314385371199975 ], [ -83.062474116286253, 42.314329271184057 ], [ -83.06260541632065, 42.314263671165826 ], [ -83.062689316343025, 42.31422617115502 ], [ -83.062881516396885, 42.314168771135243 ], [ -83.062868916391409, 42.314151071132756 ], [ -83.0629287164072, 42.314122971124768 ], [ -83.06302341643044, 42.314058071108541 ], [ -83.063201216473288, 42.313928871076754 ], [ -83.063343316507712, 42.313827271051672 ], [ -83.063424616521957, 42.313708771026576 ], [ -83.063637116570519, 42.313524770983364 ], [ -83.063826716617001, 42.313395370950957 ], [ -83.064041916673801, 42.313292470921972 ], [ -83.064160816703591, 42.313218170902871 ], [ -83.064340416751904, 42.313142870880547 ], [ -83.064471716786329, 42.313077370862381 ], [ -83.064579516815158, 42.313030570848689 ], [ -83.064746516858847, 42.312946270825371 ], [ -83.065021816933168, 42.31283337079163 ], [ -83.065177216974078, 42.312758270770551 ], [ -83.065416817039122, 42.312664170741883 ], [ -83.065740117126524, 42.312532270702349 ], [ -83.065979017188894, 42.312410870668877 ], [ -83.066313717278902, 42.312269770627132 ], [ -83.06642321731232, 42.31226777062129 ], [ -83.066496417336353, 42.312284470620597 ], [ -83.066604817366994, 42.312255370610025 ], [ -83.066736217402237, 42.312199070593493 ], [ -83.066892817446856, 42.312160270578815 ], [ -83.067290717562742, 42.312090170546469 ], [ -83.067519417627679, 42.312031770524676 ], [ -83.067868317726138, 42.311935670490193 ], [ -83.068083917784648, 42.311850770464389 ], [ -83.068190317809851, 42.311767670444361 ], [ -83.068249117822873, 42.311712470431623 ], [ -83.068355917849004, 42.311638570413159 ], [ -83.068534117892824, 42.311518270382948 ], [ -83.068627817912429, 42.311417470360418 ], [ -83.068842217967344, 42.311296770328276 ], [ -83.069019718009272, 42.311158170294853 ], [ -83.069103018029836, 42.311102970280942 ], [ -83.069246018067005, 42.311028070260505 ], [ -83.069426218117158, 42.310970870241334 ], [ -83.069556518148758, 42.310878370218433 ], [ -83.069734318191664, 42.310749170186654 ], [ -83.070007318258689, 42.310563970140223 ], [ -83.070149818294126, 42.310471570116711 ], [ -83.070184218298905, 42.310407970103739 ], [ -83.070194818298063, 42.310362670095174 ], [ -83.070266418316592, 42.31032517008493 ], [ -83.070314418329616, 42.310306270079188 ], [ -83.070409818354719, 42.310259670066188 ], [ -83.070589118402168, 42.310175370042266 ], [ -83.070720318436514, 42.310109970024136 ], [ -83.070983918508048, 42.310006069992539 ], [ -83.07115131855268, 42.309931069970837 ], [ -83.071378718614014, 42.309836869942792 ], [ -83.071606218675342, 42.309742669914755 ], [ -83.071737818710616, 42.309686269898179 ], [ -83.07183311873483, 42.309630569883517 ], [ -83.071904918754313, 42.309602269874922 ], [ -83.072013718786778, 42.309591269867504 ], [ -83.072098018810848, 42.309571569859791 ], [ -83.072442718963671, 42.310087769933951 ], [ -83.072490418976585, 42.310068869928244 ], [ -83.07215851882853, 42.309561569855013 ], [ -83.072218918847, 42.309560469851768 ], [ -83.072255118857242, 42.309550769848286 ], [ -83.072291018866594, 42.309532169843152 ], [ -83.072325718873103, 42.309486469833345 ], [ -83.072503818916886, 42.309366369803158 ], [ -83.072587618939252, 42.309328769792323 ], [ -83.072707618972601, 42.309290469779491 ], [ -83.072802318994988, 42.309216769761719 ], [ -83.072847919001589, 42.309134969744939 ], [ -83.072930619020298, 42.30906116972772 ], [ -83.073024919040932, 42.308969569706818 ], [ -83.073190319080041, 42.308840469675644 ], [ -83.073296419104267, 42.308748469654041 ], [ -83.073415719134985, 42.308683369636576 ], [ -83.073594519181469, 42.308590069611093 ], [ -83.073739519224105, 42.308569369600185 ], [ -83.073824819251016, 42.308576869597204 ], [ -83.073982619300054, 42.308583069590391 ], [ -83.074139819347266, 42.308571069580431 ], [ -83.074260219381614, 42.308542069569292 ], [ -83.074355919406727, 42.308495069556173 ], [ -83.074486019437472, 42.308393769531683 ], [ -83.074556919454253, 42.30833836951831 ], [ -83.074663719480313, 42.308264469499917 ], [ -83.074793819511115, 42.308163169475428 ], [ -83.07491051953366, 42.308016869443698 ], [ -83.074979819545845, 42.307916669422454 ], [ -83.075002619548741, 42.307871269413297 ], [ -83.075000319541473, 42.307799169400631 ], [ -83.074985519529619, 42.307718369387082 ], [ -83.074971219519469, 42.307655469376655 ], [ -83.07494561950756, 42.307610969370053 ], [ -83.074883419484436, 42.307566969365389 ], [ -83.074819919456928, 42.307478169352819 ], [ -83.074817419449559, 42.307406069340161 ], [ -83.074838819447947, 42.307315669323117 ], [ -83.074847719441692, 42.307216469305061 ], [ -83.074870119443602, 42.307162069294307 ], [ -83.074904419448345, 42.307098369281292 ], [ -83.074926519449392, 42.307035069269027 ], [ -83.074983619457029, 42.306925969246805 ], [ -83.075125119488817, 42.306797469216995 ], [ -83.07521881950845, 42.306696469194399 ], [ -83.075290419527065, 42.306659069184192 ], [ -83.075351019545579, 42.30665806918099 ], [ -83.075495619587301, 42.306628469168508 ], [ -83.075688319642097, 42.306579769150254 ], [ -83.075747319656017, 42.306533769139151 ], [ -83.075758819657921, 42.306515569135364 ], [ -83.075721319643179, 42.306480369130981 ], [ -83.075720319640411, 42.306453169126179 ], [ -83.075756019648878, 42.306425569119554 ], [ -83.075839919672035, 42.306396969110281 ], [ -83.075960319706411, 42.306367869099098 ], [ -83.076093119746119, 42.306356469090439 ], [ -83.076166519769373, 42.306364069088112 ], [ -83.076252519798956, 42.306398669089923 ], [ -83.076386819842426, 42.30642306908755 ], [ -83.076606919915406, 42.306482169086983 ], [ -83.076742119961608, 42.306533769089363 ], [ -83.076827019987547, 42.306532269084862 ], [ -83.076910320008935, 42.306485669072423 ], [ -83.076992920027607, 42.306412169055285 ], [ -83.077099120051898, 42.306320269033662 ], [ -83.077228020078991, 42.306182769002852 ], [ -83.077346420107006, 42.306090668980588 ], [ -83.07741592012006, 42.30599926896096 ], [ -83.077497920136963, 42.305907768940656 ], [ -83.077651220171489, 42.30576976890854 ], [ -83.077745720193803, 42.305696068890747 ], [ -83.077805820210585, 42.305677068884343 ], [ -83.077854020223654, 42.305658168878608 ], [ -83.077925420242195, 42.305620568868378 ], [ -83.077959920247835, 42.305566268857049 ], [ -83.078088620274059, 42.305419668824648 ], [ -83.078205320297442, 42.305282568794503 ], [ -83.078309120314472, 42.305118668760265 ], [ -83.078462120348121, 42.304971568726558 ], [ -83.078555720367675, 42.304870868704022 ], [ -83.078566220366, 42.304816568693887 ], [ -83.078552520357718, 42.304771868686665 ], [ -83.078539320350387, 42.304735868680915 ], [ -83.078582920350655, 42.304591168653161 ], [ -83.078638320352866, 42.304427968621432 ], [ -83.078672020355768, 42.304346468605353 ], [ -83.078741320370511, 42.304274268589069 ], [ -83.078742420370773, 42.30427316858885 ], [ -83.078870620396003, 42.304117268554791 ], [ -83.078881220394365, 42.304063468544726 ], [ -83.078855420382382, 42.304018868538151 ], [ -83.078830720374029, 42.30401036853786 ], [ -83.078810520367156, 42.304003368537636 ], [ -83.07880642036578, 42.304001668537559 ], [ -83.078769620353711, 42.303993468537932 ], [ -83.07869892033294, 42.304003768543261 ], [ -83.078697320332438, 42.304003768543353 ], [ -83.078685620330532, 42.304022168547185 ], [ -83.078604920317318, 42.304149568573841 ], [ -83.078003920114853, 42.303953368569175 ], [ -83.078474220184148, 42.303125368398952 ], [ -83.079614920568659, 42.303500968408372 ], [ -83.079673020579889, 42.303428168392585 ], [ -83.079707820586378, 42.30338216838269 ], [ -83.079731920589779, 42.303337968373668 ], [ -83.079742220591143, 42.303318268369665 ], [ -83.079800620602441, 42.303245168353776 ], [ -83.079972720628874, 42.30295406829358 ], [ -83.08004152063927, 42.302835668269218 ], [ -83.080052720639415, 42.302799368262178 ], [ -83.080015820626514, 42.302782068260989 ], [ -83.079967020610781, 42.302773968262002 ], [ -83.079880820581181, 42.302739468260164 ], [ -83.079746120535944, 42.302696968259369 ], [ -83.079550020470265, 42.302637468258702 ], [ -83.079292520383433, 42.302552068256475 ], [ -83.07912012032422, 42.302483068252883 ], [ -83.07893612026146, 42.30241436824987 ], [ -83.078801220216135, 42.302371968249126 ], [ -83.078555720132925, 42.302286168246198 ], [ -83.07834722006271, 42.30221796824457 ], [ -83.078285420040586, 42.302183068241462 ], [ -83.078272120033219, 42.302147268235807 ], [ -83.07827082002953, 42.302111168229501 ], [ -83.078281920029639, 42.302075068222507 ], [ -83.078292520028796, 42.302029868213971 ], [ -83.078351320041889, 42.301974768201262 ], [ -83.078423120061359, 42.301946368192638 ], [ -83.07849602008362, 42.301945268188831 ], [ -83.078581420111391, 42.301961668187438 ], [ -83.07869142014745, 42.301986568186329 ], [ -83.078777120176085, 42.302012068186606 ], [ -83.078912520223156, 42.302072768190534 ], [ -83.079071420274957, 42.302105768188454 ], [ -83.07924312033316, 42.302165868190492 ], [ -83.079366020374806, 42.30220866819193 ], [ -83.079452420405246, 42.302251868195256 ], [ -83.079526020430208, 42.302277568196111 ], [ -83.079661420476526, 42.302329168198483 ], [ -83.079771720514287, 42.302372368200601 ], [ -83.079894320555823, 42.302415168202053 ], [ -83.080053220607681, 42.302448168199973 ], [ -83.080175420647436, 42.302473168198297 ], [ -83.080249620674195, 42.302516468202221 ], [ -83.080273720681589, 42.302516168201009 ], [ -83.080297520687239, 42.30249776819651 ], [ -83.080320920691918, 42.302470468190499 ], [ -83.080438720718902, 42.302369168166685 ], [ -83.080497520731129, 42.30230516815238 ], [ -83.080506220724814, 42.302205868134386 ], [ -83.080477020701949, 42.302053268108821 ], [ -83.08043822068359, 42.301981968098147 ], [ -83.080389020666942, 42.301964868097528 ], [ -83.080278320628977, 42.301921768095475 ], [ -83.080155920587529, 42.301878968094016 ], [ -83.08004512054957, 42.301835868091928 ], [ -83.079836720479335, 42.301767568090256 ], [ -83.07965332041924, 42.301725868092063 ], [ -83.079506020369308, 42.301674668090335 ], [ -83.079334020310256, 42.301605868086753 ], [ -83.079149620247335, 42.301537068083832 ], [ -83.078990520193798, 42.301485768082649 ], [ -83.078854920146682, 42.301425268078759 ], [ -83.078744920110623, 42.301400368079825 ], [ -83.078634020071846, 42.301348368076177 ], [ -83.078571920048759, 42.301304368071499 ], [ -83.078570920045976, 42.301277268066713 ], [ -83.078580120040641, 42.30118716805034 ], [ -83.078613420041805, 42.301087568031022 ], [ -83.078647420045684, 42.301014768016437 ], [ -83.07877652007366, 42.300886367987182 ], [ -83.078859820094991, 42.300839867974773 ], [ -83.078909020111681, 42.300856967975392 ], [ -83.078958420129212, 42.30088306797748 ], [ -83.079068720166177, 42.300917067978034 ], [ -83.079240720225314, 42.300986067981626 ], [ -83.079326220253094, 42.301002667980264 ], [ -83.079374820267873, 42.301001567977693 ], [ -83.079422920281772, 42.30099166797352 ], [ -83.079422820280911, 42.300982767971938 ], [ -83.07940982027452, 42.300955967967845 ], [ -83.079384520264327, 42.300929367964372 ], [ -83.079358420251424, 42.300875767956178 ], [ -83.079345920246027, 42.300858267953764 ], [ -83.079370720255227, 42.30087566795558 ], [ -83.079420020272735, 42.300901667957724 ], [ -83.079469320290258, 42.300927867959864 ], [ -83.079494820301306, 42.300963367964911 ], [ -83.079507620306828, 42.300981067967413 ], [ -83.079543420316938, 42.300971567963906 ], [ -83.07960392033462, 42.300961367959097 ], [ -83.079664020351331, 42.300942367952715 ], [ -83.079700320362477, 42.300941767950768 ], [ -83.079774020387404, 42.300967367951635 ], [ -83.07995802044934, 42.301027167952988 ], [ -83.080227520539054, 42.301103267952989 ], [ -83.08057052065449, 42.301213967955469 ], [ -83.080743120714587, 42.301291967960637 ], [ -83.080890320764496, 42.301343467962369 ], [ -83.08112372084392, 42.301429167965871 ], [ -83.081257020884678, 42.301426767958809 ], [ -83.081340920907849, 42.301398267949573 ], [ -83.081375920914468, 42.301352567939674 ], [ -83.081375620913363, 42.301341367937752 ], [ -83.081375420912693, 42.301334667936558 ], [ -83.081362320906237, 42.301307767932464 ], [ -83.081324720891431, 42.301272467928072 ], [ -83.081249820862865, 42.301210767920878 ], [ -83.081296020870411, 42.301137767905651 ], [ -83.081602120972107, 42.301222367905289 ], [ -83.08231582111901, 42.300425867728521 ], [ -83.082266921102431, 42.300408867727931 ], [ -83.082193321078336, 42.300391967728622 ], [ -83.082183621075345, 42.300392167729143 ], [ -83.082120621056092, 42.30039326773251 ], [ -83.082083621043139, 42.300376067731314 ], [ -83.08196132100251, 42.300342267731473 ], [ -83.081763020929699, 42.300210767718092 ], [ -83.081407920812183, 42.300118267719476 ], [ -83.080537120518343, 42.299827667711554 ], [ -83.079997620337167, 42.299657467708386 ], [ -83.079714720239267, 42.299536367701073 ], [ -83.07961642020517, 42.299493267698395 ], [ -83.079578320189398, 42.299448967692435 ], [ -83.07957722018584, 42.299413067686125 ], [ -83.079575920181341, 42.29936806767823 ], [ -83.079586720181339, 42.299331767671283 ], [ -83.079658920202618, 42.299321367665812 ], [ -83.079865620266574, 42.299326667656423 ], [ -83.080037420324771, 42.299386667658467 ], [ -83.080368520436593, 42.299497767661549 ], [ -83.080625220520702, 42.299555967659032 ], [ -83.080835320596321, 42.29967816767018 ], [ -83.081007020653743, 42.299729467670659 ], [ -83.081116720688868, 42.299745167667957 ], [ -83.08123812072678, 42.299751867663048 ], [ -83.08134742076021, 42.299750167657294 ], [ -83.081444720790742, 42.299757267653696 ], [ -83.081579820836893, 42.299808867656076 ], [ -83.081740320894099, 42.299896067663489 ], [ -83.081973220972628, 42.299972767665381 ], [ -83.082192221041197, 42.299986967656949 ], [ -83.082265421065159, 42.300003567656184 ], [ -83.082315321083684, 42.300038667659969 ], [ -83.082364521101169, 42.300064867662115 ], [ -83.082449321126276, 42.300054267655987 ], [ -83.082532821148533, 42.300016667645181 ], [ -83.082602621161612, 42.299925267625461 ], [ -83.082637321167326, 42.299870667614059 ], [ -83.082660121170235, 42.299825367604882 ], [ -83.082791721205496, 42.299768767588276 ], [ -83.082996021263838, 42.299720167569433 ], [ -83.083090721286254, 42.299646367551617 ], [ -83.083266421322776, 42.299454167508841 ], [ -83.083394321346276, 42.299280567471641 ], [ -83.083487321364061, 42.299161867445974 ], [ -83.083544221370801, 42.299043567422174 ], [ -83.08361322138208, 42.298934367399383 ], [ -83.083694521397092, 42.298824867375899 ], [ -83.083739921401985, 42.298724967355938 ], [ -83.083773521404879, 42.29864316733979 ], [ -83.083782921400413, 42.298561967324915 ], [ -83.083731521376507, 42.298472867311695 ], [ -83.083643421340653, 42.298375567298855 ], [ -83.083593321321231, 42.2983314672936 ], [ -83.083580221314776, 42.298304567289449 ], [ -83.083567621309257, 42.298286867286954 ], [ -83.083579621312126, 42.298277567284714 ], [ -83.083615821323178, 42.298276767282772 ], [ -83.083701021350038, 42.298284367279855 ], [ -83.08383382138895, 42.298263967269591 ], [ -83.084026521444542, 42.298224367252885 ], [ -83.084254421507652, 42.298148167228028 ], [ -83.084432321550537, 42.298018767196154 ], [ -83.084669721609174, 42.297861467156444 ], [ -83.084810521639099, 42.297714867123432 ], [ -83.084904721660507, 42.297632067104033 ], [ -83.084974921675439, 42.297558767087523 ], [ -83.085055121686807, 42.297413267057777 ], [ -83.085089421691592, 42.297349467044725 ], [ -83.085123421695428, 42.297277067030173 ], [ -83.085170321705689, 42.297230967019715 ], [ -83.085205421712317, 42.297185267009816 ], [ -83.085275921728126, 42.297120966994925 ], [ -83.085369721747796, 42.297020266972375 ], [ -83.085511821782205, 42.296918566947227 ], [ -83.085605421800992, 42.296808666923098 ], [ -83.085674721813191, 42.296708466901855 ], [ -83.085731921820795, 42.29659936687969 ], [ -83.085752921818241, 42.296499966861013 ], [ -83.085674621778793, 42.296330266834865 ], [ -83.08564912176854, 42.296303666831463 ], [ -83.085648721767015, 42.296288566828764 ], [ -83.085648621766751, 42.296285566828246 ], [ -83.08493662152469, 42.296028466818328 ], [ -83.084926921523163, 42.296043866821549 ], [ -83.084913721521019, 42.296064966825973 ], [ -83.084840721497827, 42.296057166828263 ], [ -83.084631721426632, 42.295979966825016 ], [ -83.084215221287181, 42.295852566823292 ], [ -83.0837989211485, 42.2957339668231 ], [ -83.083210520950786, 42.295546666819376 ], [ -83.082669620765074, 42.295331366808313 ], [ -83.08246092069399, 42.295254066805022 ], [ -83.082423920681009, 42.295236666803802 ], [ -83.082386820668049, 42.29521926680259 ], [ -83.082373920661652, 42.295192466798497 ], [ -83.082348820651518, 42.295165966795054 ], [ -83.08236072065435, 42.295156766792793 ], [ -83.082421020671973, 42.295146666788 ], [ -83.082469720687655, 42.295154766787007 ], [ -83.082494120695145, 42.295154266785687 ], [ -83.082517220699714, 42.295126966779698 ], [ -83.082528520700748, 42.295099666774291 ], [ -83.082404620655524, 42.295020866766556 ], [ -83.082318020624143, 42.294968366761616 ], [ -83.08229302061487, 42.294950866759748 ], [ -83.082292120612166, 42.294923866755006 ], [ -83.08231572061689, 42.294896466748952 ], [ -83.082339420622532, 42.29487796674448 ], [ -83.082449120657699, 42.294894066741833 ], [ -83.082767420763929, 42.29498726674246 ], [ -83.083295220943128, 42.295175766749423 ], [ -83.083969821170456, 42.295397666754951 ], [ -83.084595221381178, 42.295602366759972 ], [ -83.085074421545542, 42.295791866769527 ], [ -83.085294721618567, 42.29585076676895 ], [ -83.08542872166116, 42.295866466765034 ], [ -83.0855257216908, 42.29586476675987 ], [ -83.085598021712045, 42.295854166754374 ], [ -83.085646321725989, 42.295844566750276 ], [ -83.085694821740802, 42.295843566747678 ], [ -83.085768021764764, 42.295860266746985 ], [ -83.085940021823063, 42.295920266748958 ], [ -83.086013521847946, 42.295945866749832 ], [ -83.086062421863744, 42.295954066748862 ], [ -83.086158321890593, 42.295925266738919 ], [ -83.086277321920377, 42.295850966719797 ], [ -83.086477921966932, 42.295685266680429 ], [ -83.086845822057228, 42.29543526661773 ], [ -83.08713012212614, 42.295232066567458 ], [ -83.087484822209163, 42.294946566499185 ], [ -83.087804322285479, 42.294706466440672 ], [ -83.088208422386828, 42.294455966376013 ], [ -83.088362322423251, 42.294335966347063 ], [ -83.088538322461446, 42.294161766307397 ], [ -83.088643222482034, 42.294033766279455 ], [ -83.088690922494195, 42.294005966272138 ], [ -83.088785522516559, 42.293932066254349 ], [ -83.088880422539788, 42.293867366238146 ], [ -83.088927822551042, 42.293830566229225 ], [ -83.088951122555628, 42.293802966223161 ], [ -83.088950122552902, 42.293776066218477 ], [ -83.088900822535365, 42.293749866216267 ], [ -83.088875322524331, 42.293714466211263 ], [ -83.088874222520758, 42.29367846620498 ], [ -83.088920822529232, 42.293614566191337 ], [ -83.088943822533807, 42.293587066185275 ], [ -83.088967622539442, 42.293568666180832 ], [ -83.089016522555212, 42.293576466179751 ], [ -83.089089122577406, 42.293575366175972 ], [ -83.089138022593133, 42.293583466174951 ], [ -83.089186322607048, 42.293573466170734 ], [ -83.089221422614514, 42.293536966162563 ], [ -83.089314322632291, 42.293418166136803 ], [ -83.08936072264072, 42.293354366123211 ], [ -83.08943172265748, 42.293298866109794 ], [ -83.089569322693251, 42.293227166090233 ], [ -83.089574822694658, 42.29322426608941 ], [ -83.08958622269742, 42.293215966087381 ], [ -83.08958902269805, 42.293213466086804 ], [ -83.089775922743058, 42.293076666053189 ], [ -83.089927722772217, 42.292884766011611 ], [ -83.090169822812669, 42.292510865933266 ], [ -83.090319522836324, 42.292264965882218 ], [ -83.090400922852211, 42.292164565860332 ], [ -83.09045882286253, 42.292082365842866 ], [ -83.090493222867323, 42.292018865829938 ], [ -83.090515122867473, 42.291946365815967 ], [ -83.09051352286204, 42.291892365806497 ], [ -83.090500722857328, 42.291883565805591 ], [ -83.090391722824037, 42.291885565811398 ], [ -83.090307122799018, 42.291896065817461 ], [ -83.090210622770329, 42.291906965824239 ], [ -83.090112022736108, 42.291863665821481 ], [ -83.089961822678021, 42.291731265805559 ], [ -83.089899522653241, 42.291669365797716 ], [ -83.089885822644945, 42.291624565790457 ], [ -83.089920722651541, 42.291578965780651 ], [ -83.090016022675741, 42.291523265765996 ], [ -83.090269122748992, 42.291473665744526 ], [ -83.090461322803606, 42.291424865726277 ], [ -83.090568722831506, 42.291369065711038 ], [ -83.090661622849225, 42.291250165685298 ], [ -83.09082652288572, 42.291094165649397 ], [ -83.090896222898806, 42.291002765629742 ], [ -83.090942022905452, 42.290920865612932 ], [ -83.090926622891757, 42.290822065596224 ], [ -83.090775322829202, 42.290644665572323 ], [ -83.090600922762874, 42.290503865556111 ], [ -83.090171222616874, 42.290349765550332 ], [ -83.089826822498608, 42.290211665543083 ], [ -83.089642122433986, 42.290124965536961 ], [ -83.089409822357297, 42.290066165538207 ], [ -83.089139022263964, 42.289954165531903 ], [ -83.088586622075582, 42.289748065523014 ], [ -83.08781252181133, 42.289455865509979 ], [ -83.087200221606281, 42.289268865507452 ], [ -83.086979721532387, 42.289200965506474 ], [ -83.086745721451138, 42.289097165499818 ], [ -83.086484221352435, 42.28889486547704 ], [ -83.086159721227162, 42.288612465443244 ], [ -83.086008321165394, 42.288444065420961 ], [ -83.08596912114524, 42.288354865407129 ], [ -83.085979721144383, 42.288309565398571 ], [ -83.086051021162064, 42.288263165386802 ], [ -83.086089621180392, 42.288334665397521 ], [ -83.086203521227503, 42.288467865415413 ], [ -83.086327221272626, 42.288546365423116 ], [ -83.086659621388065, 42.288693465432544 ], [ -83.08693162148586, 42.288850665446837 ], [ -83.087103621544898, 42.288919465450384 ], [ -83.087386421641952, 42.289031465456063 ], [ -83.087729121755601, 42.289124265455364 ], [ -83.088220021922723, 42.289304465462784 ], [ -83.088600222050303, 42.289423665464838 ], [ -83.089177322247082, 42.289638365474026 ], [ -83.089508122357898, 42.289740265475523 ], [ -83.089716222427214, 42.28979956547559 ], [ -83.089826722464238, 42.289833565476123 ], [ -83.089925022498349, 42.289876865478817 ], [ -83.090000522528754, 42.289956665489235 ], [ -83.090111722569304, 42.290026565496021 ], [ -83.09023502261185, 42.290078265499027 ], [ -83.090332922644222, 42.290103565498633 ], [ -83.0905784227282, 42.290198065503063 ], [ -83.090848322818786, 42.290283065504632 ], [ -83.091067722889093, 42.290315365499367 ], [ -83.091237522941768, 42.290321265491926 ], [ -83.09136962297886, 42.290282665478443 ], [ -83.091476223004051, 42.290199665458445 ], [ -83.091591723023782, 42.290026465421981 ], [ -83.091695523040812, 42.289862465387685 ], [ -83.091698523041842, 42.289863665387784 ], [ -83.091744423057335, 42.289879465388253 ], [ -83.091781223069447, 42.289887965387905 ], [ -83.091818023081473, 42.289896165387532 ], [ -83.09182942308334, 42.289878065383782 ], [ -83.091780123065817, 42.289851965381608 ], [ -83.091767723061224, 42.289843265380661 ], [ -83.09176702305939, 42.289825265377559 ], [ -83.091778923062179, 42.289815765375245 ], [ -83.091827823078745, 42.289833065375888 ], [ -83.091839923082489, 42.289832865375196 ], [ -83.091851823085264, 42.289823765373001 ], [ -83.091897923092802, 42.289750665357793 ], [ -83.091873423084508, 42.28974206535748 ], [ -83.091872823082682, 42.289724265354337 ], [ -83.091872223080912, 42.289706365351215 ], [ -83.09190892309293, 42.289714465350805 ], [ -83.091933323101188, 42.289723165351091 ], [ -83.09194512310394, 42.289713865348865 ], [ -83.091967923106012, 42.289659365338089 ], [ -83.091990623109666, 42.289622965330508 ], [ -83.092014323115322, 42.289604565326073 ], [ -83.091989723106948, 42.289595865325758 ], [ -83.091915923081146, 42.289561165323285 ], [ -83.091899223074932, 42.289549265322009 ], [ -83.091891123071932, 42.28954376532144 ], [ -83.091947223076787, 42.289407365294494 ], [ -83.09197042308061, 42.289371165286909 ], [ -83.091992423081606, 42.289307665274535 ], [ -83.092038723090042, 42.289243865260907 ], [ -83.092084323095818, 42.28915296524255 ], [ -83.092092823088564, 42.289044765222961 ], [ -83.092232023113965, 42.28885306518201 ], [ -83.092324823130852, 42.288725265154724 ], [ -83.092441823155141, 42.288596965126125 ], [ -83.092499023162759, 42.288487965103947 ], [ -83.092529323155716, 42.288307265070422 ], [ -83.092539423153084, 42.288244165058742 ], [ -83.092544423153925, 42.288236565057154 ], [ -83.09275882318984, 42.287906764987966 ], [ -83.092965723256285, 42.28793906498337 ], [ -83.093194023285974, 42.287493764893007 ], [ -83.093083223248072, 42.287450564890925 ], [ -83.093083823248108, 42.287449364890691 ], [ -83.093105923250931, 42.287405264881755 ], [ -83.093116223249154, 42.287351064871608 ], [ -83.093102823240955, 42.287306164864354 ], [ -83.09307692322902, 42.287261864857776 ], [ -83.093075223224332, 42.287216564849828 ], [ -83.09311032323096, 42.287170864839986 ], [ -83.093169423245001, 42.287125164828943 ], [ -83.093239223258109, 42.287033364809183 ], [ -83.093309023272042, 42.286951164791098 ], [ -83.093388423280771, 42.286778664756611 ], [ -83.093467723289478, 42.286606064722029 ], [ -83.093499523286937, 42.286470464696428 ], [ -83.093520123283398, 42.286361964676168 ], [ -83.09358872329291, 42.286234564650151 ], [ -83.093728523320081, 42.286060964612432 ], [ -83.093819523331533, 42.285879064575596 ], [ -83.093840623329029, 42.28577986455695 ], [ -83.093898423339311, 42.285697864539564 ], [ -83.093934423349495, 42.28568796453601 ], [ -83.093969323356077, 42.285642364526154 ], [ -83.09397912335254, 42.285570264512941 ], [ -83.093954023342377, 42.285543564509432 ], [ -83.093867923312843, 42.28550916450763 ], [ -83.093818123294355, 42.285474064503916 ], [ -83.09379292328336, 42.285438464498874 ], [ -83.09380242327974, 42.285366264485582 ], [ -83.09384932328912, 42.28531116447347 ], [ -83.093884123295709, 42.285265564463685 ], [ -83.093967423317054, 42.285219064451269 ], [ -83.094064123345817, 42.285208464444558 ], [ -83.094160023372609, 42.285179664434672 ], [ -83.09423072338852, 42.285115264419673 ], [ -83.094326223413574, 42.285068364406619 ], [ -83.094349923419173, 42.285050064402157 ], [ -83.094386423430336, 42.285049364400216 ], [ -83.094423223443172, 42.285066564401447 ], [ -83.094428423444469, 42.2850627644005 ], [ -83.094435123446019, 42.285057564399274 ], [ -83.09521032354877, 42.28356636409621 ], [ -83.095148523526603, 42.283531564093146 ], [ -83.095063123498875, 42.283514864094457 ], [ -83.094922523456717, 42.283526164103478 ], [ -83.094917923455341, 42.28352666410381 ], [ -83.094834123432207, 42.283555064113045 ], [ -83.094762223412701, 42.283583664121707 ], [ -83.094567623351637, 42.28356906412882 ], [ -83.094371323285102, 42.283500664126557 ], [ -83.094259123241869, 42.283403664114992 ], [ -83.094219323220742, 42.283305164099502 ], [ -83.094262723220069, 42.283151164070027 ], [ -83.094355023235195, 42.283005564039598 ], [ -83.094486123269505, 42.282940164021475 ], [ -83.09461902330851, 42.282919764011226 ], [ -83.094727823340889, 42.282908764003807 ], [ -83.094796623351286, 42.282790463979403 ], [ -83.094955123369445, 42.282454263911902 ], [ -83.095012223377083, 42.282345063889707 ], [ -83.095105523395787, 42.282235563865626 ], [ -83.095176823413453, 42.282188963853834 ], [ -83.095173623403511, 42.282090063836471 ], [ -83.095217623404693, 42.281954163810141 ], [ -83.09535492342458, 42.281708563759778 ], [ -83.09545702343695, 42.281499463717594 ], [ -83.095549123451221, 42.281344763685581 ], [ -83.095742923476863, 42.280971863609786 ], [ -83.095387223356809, 42.280852363606435 ], [ -83.095467423368234, 42.280706863576619 ], [ -83.095882223502258, 42.280780163568835 ], [ -83.095960823509927, 42.280598863532774 ], [ -83.096168523544733, 42.28027986346585 ], [ -83.095821923451936, 42.280430063509833 ], [ -83.095783823435454, 42.28037706350235 ], [ -83.096153623532004, 42.280189863450666 ], [ -83.096235723549768, 42.28010736343191 ], [ -83.096352323573086, 42.279970063401798 ], [ -83.096403323585193, 42.279930463392184 ], [ -83.096411323587049, 42.279924163390689 ], [ -83.096447523597305, 42.279914463387179 ], [ -83.096802923717277, 42.280033963390558 ], [ -83.09642532366243, 42.280707363528784 ], [ -83.096533923693954, 42.280687363519796 ], [ -83.097370223816981, 42.279212963216644 ], [ -83.09728402378741, 42.279178863214916 ], [ -83.096904623727099, 42.279797863343624 ], [ -83.096833423709398, 42.279844163355421 ], [ -83.096798323701975, 42.279881063363696 ], [ -83.096503723602225, 42.279778363360229 ], [ -83.096666523599652, 42.279198963249399 ], [ -83.096892323623635, 42.278699663149624 ], [ -83.096997023643368, 42.278562563120076 ], [ -83.0970515236437, 42.278381563085269 ], [ -83.097059423633794, 42.278246063060855 ], [ -83.097205523647389, 42.277901362992452 ], [ -83.097375323666569, 42.277537862919516 ], [ -83.097488423679039, 42.277292762870459 ], [ -83.097639423707193, 42.277091862827305 ], [ -83.097816323748148, 42.276944562792323 ], [ -83.097967423776339, 42.276743562749147 ], [ -83.098054223775037, 42.276435762690262 ], [ -83.098176523782215, 42.276100362624703 ], [ -83.098279423796484, 42.275909362585672 ], [ -83.098358623805936, 42.275745962552733 ], [ -83.098526623818856, 42.275319462468737 ], [ -83.098614823822103, 42.275056762417826 ], [ -83.098647823823171, 42.274957062398478 ], [ -83.098822023855135, 42.274719662347685 ], [ -83.098926623874874, 42.274582762318225 ], [ -83.099039523887271, 42.274337462269074 ], [ -83.099056023871086, 42.2741030622267 ], [ -83.099088723871219, 42.273994262205747 ], [ -83.09922842389841, 42.273820762168043 ], [ -83.099308523909798, 42.273675162138233 ], [ -83.099290823888879, 42.273504462108853 ], [ -83.099367923891165, 42.273268662063224 ], [ -83.099517523915594, 42.273031862013731 ], [ -83.099692823951187, 42.272830561969279 ], [ -83.099834723984699, 42.272720061942628 ], [ -83.099845323983885, 42.272674661934019 ], [ -83.099818723969236, 42.272603261922733 ], [ -83.099780623953464, 42.272558661916712 ], [ -83.099813323952844, 42.272441161894264 ], [ -83.099869323957719, 42.272304961867313 ], [ -83.099961823973729, 42.272168261838424 ], [ -83.100056523996074, 42.272094461820622 ], [ -83.100104024008118, 42.272066461813282 ], [ -83.100116124011819, 42.272066361812634 ], [ -83.100190624039527, 42.272119161818274 ], [ -83.100181524044899, 42.272209361834754 ], [ -83.100173024052069, 42.272317461854314 ], [ -83.100103824040758, 42.27242686187715 ], [ -83.100033924027613, 42.272518261896877 ], [ -83.100027524040328, 42.272680261925899 ], [ -83.100044524059427, 42.27283316195215 ], [ -83.100070824073185, 42.272895761961955 ], [ -83.100144424098048, 42.272921361962766 ], [ -83.100168224104522, 42.27291206195995 ], [ -83.10020382411291, 42.272884161953201 ], [ -83.100296824130751, 42.272765461927534 ], [ -83.100434824152487, 42.272537961880317 ], [ -83.100524724160309, 42.272320161837193 ], [ -83.100579024159742, 42.272130061800773 ], [ -83.100635724166423, 42.272011661776979 ], [ -83.100706024181363, 42.271938361760483 ], [ -83.10082572421382, 42.271891261746113 ], [ -83.100896624230586, 42.271835861732747 ], [ -83.100919324233431, 42.27179046172359 ], [ -83.100952924236339, 42.27170886170741 ], [ -83.100999424244819, 42.271644861693787 ], [ -83.101060324264253, 42.271652661692116 ], [ -83.101120924282768, 42.271651661688914 ], [ -83.101133624288281, 42.271669361691401 ], [ -83.101146324289473, 42.271639961685537 ], [ -83.101403524313525, 42.271034161565289 ], [ -83.095094922235006, 42.269474561604397 ], [ -83.095087222234156, 42.26949096160773 ], [ -83.095061122231243, 42.269547361618983 ], [ -83.095038022227413, 42.269583661626605 ], [ -83.094782222145227, 42.269543361632238 ], [ -83.094549122066681, 42.269466461630266 ], [ -83.094279621976213, 42.269381361628668 ], [ -83.093961621870918, 42.269296961629621 ], [ -83.0937395217925, 42.269183961620691 ], [ -83.093603521743617, 42.269105461613556 ], [ -83.093529621717792, 42.26907096161117 ], [ -83.093501221697665, 42.268945361590333 ], [ -83.093507921685017, 42.26878306156123 ], [ -83.09351532167419, 42.268638861535258 ], [ -83.093537221674353, 42.268566261521315 ], [ -83.09356032167814, 42.268530061513708 ], [ -83.093588221686673, 42.268529461512252 ], [ -83.093608721692931, 42.268529061511124 ], [ -83.093669921713271, 42.268546061511081 ], [ -83.093743621738184, 42.268571561511912 ], [ -83.100601623996738, 42.270256161467515 ], [ -83.10192712438112, 42.270006761356981 ], [ -83.102499424430917, 42.26861836108224 ], [ -83.102398324397058, 42.268587361081828 ], [ -83.102389124393952, 42.268584461081744 ], [ -83.102377924393039, 42.268611861087173 ], [ -83.102317024373619, 42.268603861088835 ], [ -83.102241924344142, 42.268533061080035 ], [ -83.102142624307263, 42.268463061072538 ], [ -83.101946624241705, 42.268403361071805 ], [ -83.101848224207572, 42.268360161069083 ], [ -83.101822824196518, 42.268324661064028 ], [ -83.10185642419944, 42.268243161047899 ], [ -83.101880124205067, 42.268224561043425 ], [ -83.101941124225291, 42.26824146104336 ], [ -83.102147224288217, 42.268237561032343 ], [ -83.10226562431707, 42.268154461011711 ], [ -83.102346024329378, 42.268018060983529 ], [ -83.102458524340037, 42.26775466093121 ], [ -83.102537324347765, 42.26757316089509 ], [ -83.102610224337383, 42.267211560827349 ], [ -83.102653824337608, 42.267066660799465 ], [ -83.102697924338827, 42.266930760773185 ], [ -83.102791224357546, 42.266821160749053 ], [ -83.1028729243735, 42.266720360727099 ], [ -83.102906624377226, 42.266647760712544 ], [ -83.102915824371891, 42.266557560696121 ], [ -83.102925824369223, 42.266494560684443 ], [ -83.102961824379392, 42.266484660680881 ], [ -83.103033124397101, 42.266438360669085 ], [ -83.103091924410137, 42.266383160656396 ], [ -83.103125724413957, 42.266310560641827 ], [ -83.103160024417861, 42.266237760627206 ], [ -83.10316922441335, 42.266156560612345 ], [ -83.10314362440144, 42.266112060605735 ], [ -83.103055324365471, 42.266014560592886 ], [ -83.103004824344367, 42.26595256058441 ], [ -83.10295422432317, 42.265890360575909 ], [ -83.102869224295588, 42.265874060577246 ], [ -83.10273422425027, 42.265831360576435 ], [ -83.102671624226289, 42.265778660570241 ], [ -83.10258392419135, 42.265690160558947 ], [ -83.102592424184124, 42.265581860539285 ], [ -83.102600224175063, 42.265455760516573 ], [ -83.102621224172495, 42.265356160497866 ], [ -83.102748824195928, 42.265182860460783 ], [ -83.102817524206344, 42.265064360436284 ], [ -83.102898624220472, 42.264945860411245 ], [ -83.102942624221654, 42.26480986038495 ], [ -83.103023624234979, 42.264682260358292 ], [ -83.103105324252539, 42.264599860339587 ], [ -83.103150724258271, 42.264508860321186 ], [ -83.103148424251017, 42.2644368603085 ], [ -83.103133924240055, 42.264365160296535 ], [ -83.103167824243869, 42.264292360281928 ], [ -83.103356624287642, 42.26413586024475 ], [ -83.103531624322329, 42.263925660198758 ], [ -83.103867124414961, 42.26381126016166 ], [ -83.104036824466803, 42.263808160152614 ], [ -83.104144724496464, 42.263770160140496 ], [ -83.104191524506689, 42.263724260129997 ], [ -83.104238724517003, 42.263678560119544 ], [ -83.104247724511566, 42.263588260103077 ], [ -83.10433862452301, 42.263406260066269 ], [ -83.104404324523486, 42.263189160024503 ], [ -83.104564624547123, 42.262906959966458 ], [ -83.104725724573484, 42.262652059913165 ], [ -83.104781924579143, 42.262524559887815 ], [ -83.104884024590788, 42.262306659844072 ], [ -83.104997424604164, 42.262070459796512 ], [ -83.105126224631192, 42.261932759765671 ], [ -83.105346924672489, 42.261640759702857 ], [ -83.105636524725014, 42.261239059617161 ], [ -83.105854024757178, 42.260857059538537 ], [ -83.106162124798942, 42.260274559419855 ], [ -83.10630082482335, 42.26007435937742 ], [ -83.106391424833873, 42.259883359339 ], [ -83.106470624842572, 42.259710759304454 ], [ -83.106500524833692, 42.259512159267771 ], [ -83.106544224834821, 42.259376559241524 ], [ -83.106566624835949, 42.259312859229105 ], [ -83.106587924834315, 42.259222559212013 ], [ -83.106548724814985, 42.25914195919971 ], [ -83.106166924681261, 42.258960059186514 ], [ -83.105543024475267, 42.258800459189459 ], [ -83.105310324396825, 42.258723559187473 ], [ -83.105198424354526, 42.258635659177493 ], [ -83.105107924312193, 42.258475059153511 ], [ -83.105094324303963, 42.258430259146238 ], [ -83.105105924305875, 42.258412059142451 ], [ -83.105165524321635, 42.258384259134537 ], [ -83.105226224340157, 42.258382859131267 ], [ -83.10532462437429, 42.25842605913401 ], [ -83.105473724429601, 42.258531459145232 ], [ -83.105778824529253, 42.25859775914175 ], [ -83.106230724677076, 42.258697559136827 ], [ -83.106634224810051, 42.258798359134502 ], [ -83.106755324847015, 42.258796059128038 ], [ -83.106791524857243, 42.258786359124478 ], [ -83.106837524864773, 42.258713459109281 ], [ -83.106883324871418, 42.258631659092451 ], [ -83.106866724854115, 42.258496859069425 ], [ -83.106942724853624, 42.258234159019032 ], [ -83.107080224874395, 42.257997558970217 ], [ -83.107114224878259, 42.257924958955648 ], [ -83.107124724876556, 42.257870658945507 ], [ -83.10708762486361, 42.257853358944267 ], [ -83.107027424846038, 42.257863458949053 ], [ -83.106957824832918, 42.2579546589687 ], [ -83.106877324820616, 42.258091358997014 ], [ -83.106842224813178, 42.258128059005223 ], [ -83.106821124814857, 42.258218359022301 ], [ -83.106726624793396, 42.258301359041759 ], [ -83.106570424748966, 42.258340159056424 ], [ -83.106447824707445, 42.25829745905498 ], [ -83.106311124656742, 42.258200859044692 ], [ -83.10615162460229, 42.258140859042058 ], [ -83.106055124574453, 42.258160559050381 ], [ -83.105946724543017, 42.258180659059335 ], [ -83.105885924523605, 42.258172759061026 ], [ -83.105861424515297, 42.25816405906069 ], [ -83.105859924510753, 42.258118959052744 ], [ -83.105845124498117, 42.258029259037585 ], [ -83.105841924488914, 42.257939159021795 ], [ -83.105777324458629, 42.257823359004497 ], [ -83.105738524440227, 42.257752058993795 ], [ -83.105724524431082, 42.257698258984973 ], [ -83.105759824438579, 42.25766165897668 ], [ -83.105855424463684, 42.257614758963591 ], [ -83.10591562448127, 42.257604658958805 ], [ -83.106060724524752, 42.257593158949469 ], [ -83.106206524570879, 42.257608358944879 ], [ -83.106316624606947, 42.25763315894379 ], [ -83.106389924631017, 42.257650258943116 ], [ -83.106498524662513, 42.257630158934163 ], [ -83.106618024694939, 42.257582758919746 ], [ -83.106773224735804, 42.257507958898721 ], [ -83.106906324776403, 42.257505358891656 ], [ -83.107039724817952, 42.257512058886135 ], [ -83.107100524836511, 42.25751075888288 ], [ -83.10718442485971, 42.257482458873646 ], [ -83.107253524871027, 42.25737305885081 ], [ -83.107261524862821, 42.257255658829578 ], [ -83.1072711248584, 42.257174558814718 ], [ -83.1073175248669, 42.257110658801089 ], [ -83.107365024878945, 42.257082858793787 ], [ -83.107425024895605, 42.257063758787353 ], [ -83.107559924941711, 42.257115258789781 ], [ -83.107805225023924, 42.257191758791066 ], [ -83.108307525192842, 42.257353558794627 ], [ -83.108384125219331, 42.257386558796675 ], [ -83.108467325248114, 42.257422758798896 ], [ -83.108504525261111, 42.257439958800099 ], [ -83.108677925292014, 42.257193658747781 ], [ -83.108641625280114, 42.257185358748075 ], [ -83.108580525260663, 42.257177358749722 ], [ -83.108545325249253, 42.257170858750364 ], [ -83.108153525122148, 42.257095358756544 ], [ -83.107285724836728, 42.256886158762875 ], [ -83.106902624699359, 42.256667658743282 ], [ -83.10678802464885, 42.256498858719084 ], [ -83.106585224562465, 42.256232558682001 ], [ -83.106439624484537, 42.25586585862429 ], [ -83.106309224419448, 42.25558925858175 ], [ -83.106277224388464, 42.255355658541923 ], [ -83.106194124335332, 42.255051158492051 ], [ -83.106152024306169, 42.254871758462379 ], [ -83.106114324291369, 42.254836258457942 ], [ -83.106110924281325, 42.254737158440548 ], [ -83.106108324273237, 42.254656158426343 ], [ -83.106105524264223, 42.254566258410499 ], [ -83.106114424258791, 42.254476058394069 ], [ -83.106113024254242, 42.254430958386166 ], [ -83.106111824250647, 42.254395158379857 ], [ -83.106122624250645, 42.254358858372917 ], [ -83.106122124248841, 42.254340658369713 ], [ -83.106120824245181, 42.254304758363403 ], [ -83.106143624248091, 42.254259258354196 ], [ -83.106142724245402, 42.254232458349492 ], [ -83.106153324244531, 42.254187058340875 ], [ -83.106163924243688, 42.254141958332376 ], [ -83.10617522424468, 42.254114658326969 ], [ -83.106161924237384, 42.254078958321301 ], [ -83.106149024231783, 42.254061058318783 ], [ -83.106147924228182, 42.254025158312473 ], [ -83.1061594242301, 42.254007058308652 ], [ -83.106145824221812, 42.253962158301384 ], [ -83.106168924225642, 42.253925758293768 ], [ -83.106179324223916, 42.253871458283633 ], [ -83.106201924226681, 42.253825958274447 ], [ -83.106211024225146, 42.253778158265511 ], [ -83.106212124224939, 42.253771858264344 ], [ -83.106213924224633, 42.253762258262554 ], [ -83.102612023036755, 42.252855758281868 ], [ -83.101130222548122, 42.25248385829007 ], [ -83.093908320166193, 42.250664658328489 ], [ -83.09122291928044, 42.249988158342724 ], [ -83.090872919165022, 42.249899858344534 ], [ -83.090436019020871, 42.249789258346723 ], [ -83.090086618905673, 42.249701958348744 ], [ -83.076718014496265, 42.246333958419285 ], [ -83.076710514502437, 42.246427958436328 ], [ -83.076473914817754, 42.250714659208612 ], [ -83.076367014953462, 42.252576159544112 ], [ -83.076343914965122, 42.252783559582092 ], [ -83.076115314884731, 42.252670659573518 ], [ -83.076054414862853, 42.252635959570384 ], [ -83.071766513353552, 42.250507059406971 ], [ -83.071209313157681, 42.250233259386221 ], [ -83.071118113125308, 42.250185559382345 ], [ -83.070935113276846, 42.252480759798623 ], [ -83.070782413395307, 42.254307360130277 ], [ -83.070683313471022, 42.255479860343186 ], [ -83.070507713412894, 42.255433260343693 ], [ -83.069698813146687, 42.255236360349173 ], [ -83.069347913031351, 42.255152560351824 ], [ -83.068780912844062, 42.255007560354457 ], [ -83.068394212716399, 42.254908660356207 ], [ -83.06795921257293, 42.254799460358576 ], [ -83.066311512029671, 42.254387860367885 ], [ -83.066197211991877, 42.254358360368371 ], [ -83.066082311953963, 42.254328860368894 ], [ -83.06525391168077, 42.254121160373387 ], [ -83.064122011307489, 42.253837460379593 ], [ -83.063885511229557, 42.253778660381002 ], [ -83.06313761098275, 42.253589360384801 ], [ -83.062786610866965, 42.253501160386698 ], [ -83.062382410733733, 42.253400460388995 ], [ -83.062039010620296, 42.253312160390472 ], [ -83.061558410462084, 42.253194660393632 ], [ -83.061474510433968, 42.253169160393306 ], [ -83.061123610318603, 42.253085260395963 ], [ -83.061115910317909, 42.253103360399535 ], [ -83.061054710298833, 42.253100160402028 ], [ -83.060955810266151, 42.253074760402434 ], [ -83.06061201015298, 42.25299096040478 ], [ -83.060368210080171, 42.253013260420865 ], [ -83.059994309964338, 42.253002060437595 ], [ -83.060002109961005, 42.252938960425965 ], [ -83.060009609957149, 42.252871160413619 ], [ -83.060006109956078, 42.252871060413753 ], [ -83.059932109933143, 42.252868560417021 ], [ -83.059843709905692, 42.252865660420888 ], [ -83.059755209878233, 42.252862560424795 ], [ -83.059666509850729, 42.252859460428667 ], [ -83.059606709832224, 42.252857660431303 ], [ -83.059578009823298, 42.252856660432585 ], [ -83.059574709822257, 42.252856560432704 ], [ -83.05949080979623, 42.252853660436422 ], [ -83.05948940979583, 42.252853560436442 ], [ -83.05940080976832, 42.252850660440387 ], [ -83.059399209767804, 42.252850560440422 ], [ -83.059382809762738, 42.252850060441148 ], [ -83.059312209740881, 42.25284766044426 ], [ -83.059223609713371, 42.252844660448119 ], [ -83.059134209685681, 42.252841860452101 ], [ -83.059045709658221, 42.252838760456015 ], [ -83.058957109630725, 42.252835860459875 ], [ -83.058868609603266, 42.252832860463784 ], [ -83.058780109575835, 42.252829860467664 ], [ -83.058691609548362, 42.252826860471565 ], [ -83.058603009520908, 42.252823760475437 ], [ -83.058514509493477, 42.252820960479355 ], [ -83.058426009466018, 42.252817960483249 ], [ -83.058337509438545, 42.252814860487099 ], [ -83.05824890941112, 42.25281196049103 ], [ -83.05816040938366, 42.252808960494932 ], [ -83.058071909356201, 42.252805860498789 ], [ -83.057983309328705, 42.252803060502728 ], [ -83.057894809301246, 42.252799960506572 ], [ -83.057785809267429, 42.25279626051136 ], [ -83.057542309191959, 42.252788160522094 ], [ -83.057457609165695, 42.252785260525798 ], [ -83.057368909138162, 42.252782160529726 ], [ -83.057280409110717, 42.252779260533586 ], [ -83.057191909083272, 42.252776360537524 ], [ -83.057103309055762, 42.252773260541382 ], [ -83.057014809028317, 42.252770260545269 ], [ -83.056926209000849, 42.252767260549163 ], [ -83.056837708973404, 42.252764260553015 ], [ -83.056749208945973, 42.252761460556933 ], [ -83.056660708918528, 42.252758460560827 ], [ -83.056594208897877, 42.252756160563735 ], [ -83.056572108891018, 42.252755560564765 ], [ -83.05648350886355, 42.252752460568622 ], [ -83.056395008836105, 42.25274946057251 ], [ -83.056306408808581, 42.252746460576439 ], [ -83.056217808781142, 42.252743360580283 ], [ -83.056171008766611, 42.252741860582354 ], [ -83.056129208753646, 42.252740560584215 ], [ -83.056040808726237, 42.252737560588088 ], [ -83.055952308698792, 42.252734560591996 ], [ -83.055863808671347, 42.25273156059589 ], [ -83.055775208643894, 42.252728560599785 ], [ -83.055686608616384, 42.252725460603642 ], [ -83.055598108588924, 42.252722660607567 ], [ -83.05551310856255, 42.252719760611271 ], [ -83.055372908519089, 42.252714960617411 ], [ -83.055269608487009, 42.252711460621953 ], [ -83.0551847084607, 42.252708660625693 ], [ -83.055096208433241, 42.252705660629587 ], [ -83.055007508405751, 42.252702660633489 ], [ -83.054918908378298, 42.252699760637448 ], [ -83.054830508350847, 42.252696860641315 ], [ -83.054814708345972, 42.252696260641962 ], [ -83.054742008323373, 42.252693760645165 ], [ -83.054653508295928, 42.252690860649096 ], [ -83.054564908268503, 42.252687960652977 ], [ -83.054476308240979, 42.252684960656865 ], [ -83.05438770821354, 42.252682060660824 ], [ -83.054299208186094, 42.252679060664654 ], [ -83.054210608158598, 42.252676160668592 ], [ -83.054122008131145, 42.252673160672487 ], [ -83.054033608103722, 42.252670060676344 ], [ -83.053945108076306, 42.252667360680306 ], [ -83.053856508048781, 42.25266416068412 ], [ -83.053767908021328, 42.252661160688035 ], [ -83.053679307993832, 42.25265836069196 ], [ -83.053590807966373, 42.252655360695847 ], [ -83.053502307938928, 42.252652360699756 ], [ -83.053413707911488, 42.252649460703672 ], [ -83.053325207884029, 42.252646460707524 ], [ -83.053240107857604, 42.252643560711277 ], [ -83.053084307809328, 42.252638360718109 ], [ -83.052996507782069, 42.252635360721968 ], [ -83.052911707755754, 42.252632560725694 ], [ -83.052823307728346, 42.252629660729632 ], [ -83.052734807700901, 42.252626660733526 ], [ -83.052646107673397, 42.25262366073742 ], [ -83.052557607645952, 42.252620760741294 ], [ -83.052469007618456, 42.252617760745203 ], [ -83.052380507591039, 42.252614760749083 ], [ -83.052291807563478, 42.252611760752991 ], [ -83.052203307536047, 42.252608960756909 ], [ -83.05211480750863, 42.252605860760774 ], [ -83.052026307481199, 42.252602960764648 ], [ -83.051937807453754, 42.252600060768586 ], [ -83.051849207426244, 42.252597060772473 ], [ -83.051760607398791, 42.252594160776354 ], [ -83.051672107371346, 42.252591160780256 ], [ -83.051583507343835, 42.252588160784136 ], [ -83.051494907316396, 42.252585260788031 ], [ -83.051406407288937, 42.252582260791925 ], [ -83.051317907261463, 42.252579260795819 ], [ -83.051229307233967, 42.252576260799721 ], [ -83.051140707206528, 42.252573360803652 ], [ -83.051052107179018, 42.252570260807516 ], [ -83.050967207152695, 42.252567460811257 ], [ -83.050723707077168, 42.252559360821976 ], [ -83.050638907050896, 42.252556560825703 ], [ -83.050550307023386, 42.252553460829574 ], [ -83.050461706995932, 42.252550560833505 ], [ -83.050373206968487, 42.252547660837401 ], [ -83.050284606940977, 42.252544560841244 ], [ -83.050196106913546, 42.252541660845196 ], [ -83.050107506886079, 42.252538760849063 ], [ -83.050030006862016, 42.252536060852457 ], [ -83.050019006858619, 42.252535560852941 ], [ -83.049930406831123, 42.252532760856852 ], [ -83.049841906803678, 42.252529860860783 ], [ -83.049753206776174, 42.252526760864654 ], [ -83.049664806748765, 42.252523760868542 ], [ -83.049653706745346, 42.252523560869079 ], [ -83.04957620672127, 42.252520960872474 ], [ -83.04948770669381, 42.252517960876368 ], [ -83.049399106666371, 42.252515060880242 ], [ -83.049310606638898, 42.2525119608841 ], [ -83.049221906611407, 42.252509060888038 ], [ -83.049133506583971, 42.252506160891912 ], [ -83.049111306577089, 42.252505360892918 ], [ -83.049044906556503, 42.252503060895826 ], [ -83.048956406529058, 42.252500160899693 ], [ -83.048867806501548, 42.252497260903638 ], [ -83.048779306474088, 42.252494160907489 ], [ -83.048693006447365, 42.252491360911307 ], [ -83.048449406371773, 42.252483060922003 ], [ -83.048364606345487, 42.252480160925693 ], [ -83.048276006317977, 42.252477160929608 ], [ -83.048187406290538, 42.252474160933488 ], [ -83.048098806263027, 42.252471160937397 ], [ -83.048010406235619, 42.252468160941277 ], [ -83.047921906208174, 42.252465260945158 ], [ -83.0478334061807, 42.252462160949008 ], [ -83.047744706153225, 42.252459260952939 ], [ -83.047656206125751, 42.252456160956797 ], [ -83.047567706098292, 42.252453160960705 ], [ -83.04747910607081, 42.252450260964572 ], [ -83.047390506043328, 42.252447160968494 ], [ -83.047301906015818, 42.252444160972395 ], [ -83.047213505988438, 42.252441260976276 ], [ -83.047125005960979, 42.252438260980156 ], [ -83.047036405933525, 42.252435260984051 ], [ -83.046947805906015, 42.252432260987959 ], [ -83.046859305878556, 42.252429260991846 ], [ -83.046770705851117, 42.252426260995684 ], [ -83.046725805837127, 42.25242466099769 ], [ -83.046682205823643, 42.252423160999591 ], [ -83.046593605796133, 42.252420261003493 ], [ -83.046505105768688, 42.252417261007388 ], [ -83.046420205742365, 42.252414361011084 ], [ -83.046269905695766, 42.252409261017718 ], [ -83.046176605666815, 42.252406061021773 ], [ -83.046091805640486, 42.252403161025519 ], [ -83.046003305613027, 42.2524002610294 ], [ -83.045914805585554, 42.252396961033227 ], [ -83.045826305558109, 42.252394061037165 ], [ -83.045737805530663, 42.252391161041032 ], [ -83.045649105503145, 42.252388061044968 ], [ -83.045560605475686, 42.252385161048835 ], [ -83.045472005448232, 42.2523820610527 ], [ -83.045383405420722, 42.252379061056594 ], [ -83.045294805393283, 42.252376061060495 ], [ -83.045206305365824, 42.252373061064382 ], [ -83.045117905338358, 42.25237006106827 ], [ -83.045029405310899, 42.252367061072164 ], [ -83.044972105293141, 42.252365161074671 ], [ -83.044940805283446, 42.252364061076008 ], [ -83.04485220525595, 42.252361161079961 ], [ -83.04476370522849, 42.252358161083833 ], [ -83.044675105201037, 42.252355161087735 ], [ -83.044586505173527, 42.252352061091585 ], [ -83.044498005146067, 42.252349161095459 ], [ -83.044409505118679, 42.252346161099375 ], [ -83.044320905091155, 42.252343161103255 ], [ -83.04423240506371, 42.252340161107149 ], [ -83.044147505037387, 42.252337261110839 ], [ -83.044032105001548, 42.252333361115944 ], [ -83.043904004961831, 42.252329061121586 ], [ -83.043819204935502, 42.252326161125275 ], [ -83.043730604908049, 42.252323161129169 ], [ -83.043642104880576, 42.252320061133034 ], [ -83.04355350485308, 42.252317161136958 ], [ -83.043465004825677, 42.252314061140815 ], [ -83.043376404798167, 42.252311061144717 ], [ -83.043287804770671, 42.252308161148655 ], [ -83.043199204743203, 42.252305061152512 ], [ -83.043110804715795, 42.252302061156399 ], [ -83.043022204688299, 42.252299061160294 ], [ -83.04293370466084, 42.252296061164124 ], [ -83.042845104633386, 42.252293161168069 ], [ -83.042756604605927, 42.252290061171934 ], [ -83.042668004578402, 42.252286961175777 ], [ -83.042579404550949, 42.252283961179664 ], [ -83.042490904523518, 42.252281161183603 ], [ -83.04240240449603, 42.252277961187474 ], [ -83.042313904468585, 42.252274961191354 ], [ -83.042225404441126, 42.252272061195242 ], [ -83.042136804413616, 42.252268961199142 ], [ -83.042048204386177, 42.252266061203031 ], [ -83.041959704358717, 42.252263061206918 ], [ -83.041874804332366, 42.252260061210627 ], [ -83.041631304256839, 42.252251961221354 ], [ -83.04154650423051, 42.252249061225044 ], [ -83.041457904203043, 42.252245961228958 ], [ -83.041369404175612, 42.252243061232825 ], [ -83.041280704148093, 42.25224016123677 ], [ -83.041192304120628, 42.252236961240591 ], [ -83.041103704093175, 42.252234061244522 ], [ -83.041015204065715, 42.252230961248372 ], [ -83.040926604038191, 42.252227961252267 ], [ -83.04083810401076, 42.252224961256161 ], [ -83.040749503983292, 42.252221861260026 ], [ -83.040661003955833, 42.2522189612639 ], [ -83.040572403928309, 42.252215861267807 ], [ -83.040483803900855, 42.252212861271715 ], [ -83.040395203873373, 42.252210061275626 ], [ -83.040306803845951, 42.25220686127944 ], [ -83.040218303818492, 42.25220386128332 ], [ -83.040129703791052, 42.252200961287272 ], [ -83.040041203763593, 42.252197961291095 ], [ -83.039952603736083, 42.252194961295004 ], [ -83.039864103708624, 42.252191961298898 ], [ -83.039775503681156, 42.252188961302799 ], [ -83.03968690365366, 42.252185961306679 ], [ -83.039602003627337, 42.252183061310383 ], [ -83.039358603551833, 42.252174761321058 ], [ -83.039356503551147, 42.252174561321162 ], [ -83.035675002409107, 42.252049561482693 ], [ -83.035225002269527, 42.252034361502503 ], [ -83.035214102264618, 42.252017261499972 ], [ -83.035187302252965, 42.251979461494621 ], [ -83.03516070224137, 42.251941661489219 ], [ -83.035145402234235, 42.251914961485269 ], [ -83.034954602148659, 42.251616561441828 ], [ -83.034885802107681, 42.251397161406331 ], [ -83.034809602073437, 42.251276861388781 ], [ -83.034794402066339, 42.251250061384802 ], [ -83.034702602032596, 42.251188861378502 ], [ -83.034687602025954, 42.251166561375278 ], [ -83.034649702009887, 42.251117661368532 ], [ -83.034618901996012, 42.251068661361323 ], [ -83.034550201966084, 42.25097096134747 ], [ -83.034474001934228, 42.250877661334698 ], [ -83.034435801918079, 42.250828861327946 ], [ -83.034422001911878, 42.250806761324682 ], [ -83.034405501904345, 42.250779761320722 ], [ -83.034336801874417, 42.250681961306817 ], [ -83.034260301842508, 42.250588761294104 ], [ -83.034176501808318, 42.250495661281754 ], [ -83.034166201804197, 42.250484661280346 ], [ -83.034092601774574, 42.250407161270246 ], [ -83.034001001738005, 42.250314161258309 ], [ -83.033909501701899, 42.250225661247171 ], [ -83.033817701665711, 42.25013726123607 ], [ -83.033733801633161, 42.250062261226901 ], [ -83.033642501597527, 42.249978261216619 ], [ -83.033535601556736, 42.249890161206267 ], [ -83.033360001490067, 42.249749061189995 ], [ -83.033138901407014, 42.249581961171373 ], [ -83.033020901363443, 42.249500861162851 ], [ -83.032940501333798, 42.249445961157136 ], [ -83.03289450131696, 42.249416061154115 ], [ -83.032825901291829, 42.24937136114962 ], [ -83.032658101230396, 42.24926186113855 ], [ -83.032459701159212, 42.249148261128319 ], [ -83.032261501088456, 42.249039161118837 ], [ -83.032086001026286, 42.248947761111388 ], [ -83.032048001013422, 42.248934761110952 ], [ -83.031980600990309, 42.248907961109566 ], [ -83.03191810096888, 42.248883261108304 ], [ -83.031780800922419, 42.248835961106764 ], [ -83.031651000877929, 42.248784361104065 ], [ -83.031521500833861, 42.248737061102133 ], [ -83.031452900810422, 42.248711161100992 ], [ -83.031418600798759, 42.248698361100388 ], [ -83.031384400787076, 42.248685561099862 ], [ -83.03125440074291, 42.248638261097938 ], [ -83.031139900703451, 42.248590661095193 ], [ -83.03091890062818, 42.24850906109176 ], [ -83.030521900493014, 42.248362961085625 ], [ -83.029934700292856, 42.248143761076037 ], [ -83.029636700191233, 42.248031961071035 ], [ -83.029560800165186, 42.248001761069482 ], [ -83.029484400138969, 42.247971561067914 ], [ -83.0293470000925, 42.247924661066477 ], [ -83.028858799925857, 42.247739561057976 ], [ -83.028164599689333, 42.24748176104687 ], [ -83.027943299613966, 42.247400061043393 ], [ -83.027813399569396, 42.247348361040665 ], [ -83.027683899525329, 42.247300961038754 ], [ -83.02745489944725, 42.247215161034923 ], [ -83.027317699400456, 42.247163461032621 ], [ -83.027256699379365, 42.247137561031039 ], [ -83.02663109916621, 42.246905761021125 ], [ -83.02651639912709, 42.246862461019141 ], [ -83.026409799090871, 42.246823761017644 ], [ -83.025204298679782, 42.246372360997633 ], [ -83.025162298665492, 42.246357160997022 ], [ -83.025120298651288, 42.246342260996471 ], [ -83.024899098575986, 42.246260760993067 ], [ -83.024822498549312, 42.246225960990692 ], [ -83.024510198442854, 42.246109760985654 ], [ -83.024372698396391, 42.246062760984181 ], [ -83.02224419767029, 42.245262960948352 ], [ -83.022197997661877, 42.245326660961958 ], [ -83.02111479729264, 42.244922360944265 ], [ -83.021008297256444, 42.244883860942721 ], [ -83.020924297227467, 42.244849060940744 ], [ -83.020794597183396, 42.24480216093886 ], [ -83.020656997136498, 42.244750360936528 ], [ -83.020527497092431, 42.244703160934641 ], [ -83.020397997047965, 42.244651460931884 ], [ -83.020115396951866, 42.244548460927753 ], [ -83.019985796907349, 42.244496660925002 ], [ -83.019703696811391, 42.244393460920733 ], [ -83.019565996764427, 42.244341760918402 ], [ -83.019436496720388, 42.244294660916552 ], [ -83.019306796675849, 42.244242760913792 ], [ -83.019169296629372, 42.244195760912312 ], [ -83.019039896584971, 42.244144060909534 ], [ -83.01891009654085, 42.244096760907624 ], [ -83.018558896420913, 42.243963360901482 ], [ -83.018383396361173, 42.243898960898811 ], [ -83.014309594972303, 42.242376560831694 ], [ -83.013966194855598, 42.2422519608267 ], [ -83.012570194379791, 42.241731660803929 ], [ -83.011707794085737, 42.24140906078965 ], [ -83.010921993817533, 42.241112160776112 ], [ -83.010586393703619, 42.240992060771518 ], [ -83.01025809359146, 42.24086716076571 ], [ -83.00993009347988, 42.240746860760694 ], [ -83.009602393367928, 42.240621960754865 ], [ -83.009266593253486, 42.240497060749412 ], [ -83.008923193136397, 42.240368260743693 ], [ -83.008396592957169, 42.240174760735584 ], [ -83.008091292852853, 42.240058560730184 ], [ -83.007793992751417, 42.239946560725123 ], [ -83.007504292652726, 42.239839160720507 ], [ -83.007274992574523, 42.239753160716639 ], [ -83.007038692494206, 42.23966726071319 ], [ -83.006611292348524, 42.239508060706186 ], [ -83.006176692200299, 42.239344760698856 ], [ -83.005894492103877, 42.239236960693816 ], [ -83.005459191955808, 42.23907796068729 ], [ -83.0051769918594, 42.238970360682224 ], [ -83.004742291711466, 42.238811260675668 ], [ -83.004315091565473, 42.238647560667864 ], [ -83.004024991466707, 42.238540260663299 ], [ -83.003589991318691, 42.238381260656752 ], [ -83.003162991172729, 42.238217560648948 ], [ -83.002880591076732, 42.23811436064468 ], [ -83.002712791019718, 42.23805436064243 ], [ -83.002171290835108, 42.237852060633479 ], [ -83.001835490720751, 42.237727360628057 ], [ -83.001370090562204, 42.237555360620682 ], [ -83.000286590192871, 42.237151060602933 ], [ -82.998111889451906, 42.236342460567698 ], [ -82.998112289452393, 42.236346960568461 ], [ -82.998104789452555, 42.23637406057366 ], [ -82.997341589202648, 42.236202660581235 ], [ -82.997097689122796, 42.236148460583813 ], [ -82.997105289108063, 42.235959260549798 ], [ -82.996947089056093, 42.235921760551015 ], [ -82.996944989055393, 42.235921260551024 ], [ -82.996510288912418, 42.235816560554092 ], [ -82.99634228885698, 42.23577436055497 ], [ -82.996075188769268, 42.235711460557113 ], [ -82.993443287903133, 42.235072860574839 ], [ -82.993092087787659, 42.234988760577423 ], [ -82.992588487622371, 42.234871560581652 ], [ -82.99192488740411, 42.234711960586409 ], [ -82.990772787030451, 42.234493360604951 ], [ -82.990422086916737, 42.234427360610745 ], [ -82.990238486861031, 42.23443516062126 ], [ -82.988026286190163, 42.234531860748596 ], [ -82.987966486170279, 42.234514760748567 ], [ -82.987804886116407, 42.234468160748342 ], [ -82.987255685932908, 42.234304660746666 ], [ -82.986790285777431, 42.234166160745247 ], [ -82.986070185587721, 42.234514960843057 ], [ -82.98572968549793, 42.234679760889279 ], [ -82.98504318532872, 42.235142061005597 ], [ -82.984943885304475, 42.23521126102284 ], [ -82.9836774849921, 42.236061761236954 ], [ -82.982304084653123, 42.236981661468747 ], [ -82.981831084536552, 42.237300461548919 ], [ -82.978272083657998, 42.23968326214932 ], [ -82.976895283318129, 42.240605162381641 ], [ -82.975651283011302, 42.241441762592189 ], [ -82.975597782998221, 42.241478462601314 ], [ -82.975407282951323, 42.241607962633822 ], [ -82.975193882898324, 42.241746662669065 ], [ -82.97498018284557, 42.241890062705188 ], [ -82.974926782832497, 42.241927162714418 ], [ -82.974919082830979, 42.241936162716435 ], [ -82.973965082595328, 42.242573862877158 ], [ -82.973751682542257, 42.242712662912453 ], [ -82.973080282376841, 42.243165563026324 ], [ -82.972752182295622, 42.243382763081264 ], [ -82.971989282107884, 42.243900163211109 ], [ -82.971936182094495, 42.243932663219546 ], [ -82.971798382060499, 42.244025063242809 ], [ -82.971195881909182, 42.244400263339443 ], [ -82.970547281739755, 42.244731063430464 ], [ -82.969860681555033, 42.245022063516338 ], [ -82.969532481464839, 42.245140363553674 ], [ -82.968807681262319, 42.245364363629555 ], [ -82.96865508121887, 42.24540286364401 ], [ -82.967083380771641, 42.24579916379264 ], [ -82.967014880752316, 42.245818263799471 ], [ -82.964909080152779, 42.246345363997939 ], [ -82.964275879972988, 42.246509164058551 ], [ -82.963344979707855, 42.246741464146154 ], [ -82.963306979697052, 42.246751164149778 ], [ -82.963055179625314, 42.246813864173461 ], [ -82.963017179614539, 42.246823464177055 ], [ -82.960949379026133, 42.247345164372639 ], [ -82.96095717904069, 42.247480164396229 ], [ -82.960984179085798, 42.247888464467387 ], [ -82.961003079117305, 42.248172764516909 ], [ -82.961056079204567, 42.248959864654061 ], [ -82.961086979249387, 42.249351264722037 ], [ -82.961097379267457, 42.249516164750816 ], [ -82.961102079275506, 42.249589464763602 ], [ -82.961132379322137, 42.250003264835556 ], [ -82.961147779354064, 42.250304664888311 ], [ -82.961231679486943, 42.251491965094942 ], [ -82.961247079508325, 42.25167646512692 ], [ -82.96126237953618, 42.251932765171659 ], [ -82.959744078887084, 42.249909864888089 ], [ -82.959095478626182, 42.249227564799227 ], [ -82.958454878435575, 42.249297064843461 ], [ -82.956783877932736, 42.249415664947726 ], [ -82.955502177518483, 42.24918986497142 ], [ -82.954380577134856, 42.248758664950707 ], [ -82.953480276818567, 42.248319264917505 ], [ -82.952633576541359, 42.248130964926219 ], [ -82.942638873182844, 42.244950664858848 ], [ -82.935513270806794, 42.242887264846864 ], [ -82.930332669189866, 42.242614465056114 ], [ -82.905757861584405, 42.242045666177013 ], [ -82.90574276159434, 42.242208166206616 ], [ -82.905715661619411, 42.242579366273922 ], [ -82.905399761981045, 42.247673867194784 ], [ -82.905378562005282, 42.248015267256477 ], [ -82.904997762344621, 42.253082668175672 ], [ -82.904967462371573, 42.25348516824868 ], [ -82.90449936276778, 42.259479269336659 ], [ -82.904359962885735, 42.261263869660553 ], [ -82.904357962887588, 42.261291169665498 ], [ -82.904353462891891, 42.261354169676871 ], [ -82.904368862896675, 42.261354769676238 ], [ -82.904394762904687, 42.261355569675096 ], [ -82.90439286290659, 42.261382969680014 ], [ -82.904434362919488, 42.261384369678225 ], [ -82.904429762923755, 42.261447469689656 ], [ -82.904427762925607, 42.261474869694631 ], [ -82.904019063283741, 42.266841370667962 ], [ -82.904017063285806, 42.266871770673475 ], [ -82.9037156635423, 42.270743671375961 ], [ -82.903597463642654, 42.272259671651042 ], [ -82.903591363648673, 42.272347271666874 ], [ -82.903803763714691, 42.272354971657712 ], [ -82.904842064225136, 42.27447417198227 ], [ -82.897745062155067, 42.275720272556576 ], [ -82.897778262172423, 42.275799272568968 ], [ -82.898030062303917, 42.276398572662835 ], [ -82.897668362197095, 42.27644797268961 ], [ -82.897668862197406, 42.276449772689865 ], [ -82.897752662254618, 42.27679787274748 ], [ -82.898611962839709, 42.2803541733361 ], [ -82.89886786301139, 42.281384673506309 ], [ -82.899123463182931, 42.282415073676475 ], [ -82.89937916335461, 42.283445773846708 ], [ -82.899635163526312, 42.284476174016852 ], [ -82.89988956369713, 42.285501874186252 ], [ -82.899900463704469, 42.285545874193538 ], [ -82.900004663774396, 42.285965374262844 ], [ -82.900188163902357, 42.286757974394312 ], [ -82.900022663854074, 42.286786774407723 ], [ -82.900010463850506, 42.286788874408664 ], [ -82.90001116385092, 42.286791174409046 ], [ -82.900403864120491, 42.288439174681976 ], [ -82.900310964091716, 42.288437374686275 ], [ -82.895940562740009, 42.288353674888967 ], [ -82.895949762746184, 42.288391274895162 ], [ -82.896010062789401, 42.288664174940578 ], [ -82.896902863392327, 42.292301375541662 ], [ -82.897669863910323, 42.295425376057857 ], [ -82.897920864079822, 42.296447276226694 ], [ -82.898051864168337, 42.296981176314915 ], [ -82.898085864191316, 42.297119476337762 ], [ -82.897945764157399, 42.297221176362747 ], [ -82.897869864139025, 42.297276376376338 ], [ -82.897869864206143, 42.298019476508216 ], [ -82.897801164209525, 42.298290776559782 ], [ -82.897740164220139, 42.298616076620519 ], [ -82.897282364190232, 42.299843876861125 ], [ -82.896892964152357, 42.300750877041423 ], [ -82.896488864125089, 42.301824677252078 ], [ -82.896259864099349, 42.302319377351232 ], [ -82.895390063916039, 42.303252177560026 ], [ -82.895054563839793, 42.303550577629686 ], [ -82.895283264004206, 42.304591277802899 ], [ -82.895681764121463, 42.30453267777267 ], [ -82.895842864230701, 42.305193277881848 ], [ -82.895923864285024, 42.305518377935499 ], [ -82.895954164305508, 42.30564207795593 ], [ -82.895997764334936, 42.305819477985231 ], [ -82.896012964345218, 42.305881577995471 ], [ -82.896028164355513, 42.305943578005724 ], [ -82.896043364365809, 42.306005778016022 ], [ -82.896058564376105, 42.306067778026261 ], [ -82.896073864386381, 42.306129778036492 ], [ -82.896096164401456, 42.306220678051496 ], [ -82.896118364416509, 42.306311578066548 ], [ -82.89613356442679, 42.306373678076788 ], [ -82.896148964437131, 42.306435778087007 ], [ -82.896205164475219, 42.306665678125029 ], [ -82.896228564490968, 42.306760578140718 ], [ -82.896293064534575, 42.307023478184149 ], [ -82.896308264544857, 42.307085578194382 ], [ -82.896330264559722, 42.30717507820917 ], [ -82.896352464574775, 42.307266178224232 ], [ -82.896367764585136, 42.307328378234509 ], [ -82.896383064595426, 42.307390478244727 ], [ -82.896398264605708, 42.307452478255001 ], [ -82.896413564616068, 42.307514678265264 ], [ -82.896428664626299, 42.307576578275487 ], [ -82.896451064641411, 42.307667778290543 ], [ -82.896473064656263, 42.307757278305324 ], [ -82.896488264666502, 42.307818878315473 ], [ -82.896503364676818, 42.30788097832577 ], [ -82.896572264723332, 42.308161578372129 ], [ -82.897179665134033, 42.310638378781221 ], [ -82.897206265152008, 42.310746478799032 ], [ -82.897218065159919, 42.310794278806931 ], [ -82.897366665260449, 42.311400078907006 ], [ -82.897475165333759, 42.311842378980025 ], [ -82.897482165338559, 42.311871278984817 ], [ -82.897489265343367, 42.311900178989539 ], [ -82.897499465350293, 42.311942478996578 ], [ -82.897515665361254, 42.312008479007467 ], [ -82.897531465371969, 42.312073079018113 ], [ -82.897545465381427, 42.312130379027622 ], [ -82.897559365390919, 42.312188179037143 ], [ -82.897787865545851, 42.313123679191719 ], [ -82.897876365605839, 42.313486679251689 ], [ -82.897099065359754, 42.3134094792767 ], [ -82.896732865243607, 42.313370479287997 ], [ -82.896358765124972, 42.313331779299808 ], [ -82.895611364888055, 42.313253979323186 ], [ -82.894886564658421, 42.313180379346228 ], [ -82.894497664535265, 42.313141679358772 ], [ -82.894131064418943, 42.313102779370084 ], [ -82.893383564181988, 42.313025279393585 ], [ -82.893208164126662, 42.313009879399601 ], [ -82.89284186401045, 42.312970879410898 ], [ -82.892513863906345, 42.312935879421055 ], [ -82.892223763814727, 42.31290927943077 ], [ -82.891643963630685, 42.312846779448535 ], [ -82.891140763471327, 42.312796079464633 ], [ -82.891828563974983, 42.316027080003416 ], [ -82.891830163976095, 42.316033680004509 ], [ -82.891866464000458, 42.316179980028629 ], [ -82.891879364009156, 42.316232380037306 ], [ -82.89188646401395, 42.316260980042017 ], [ -82.891903464025404, 42.316329580053385 ], [ -82.89193346404555, 42.316450680073345 ], [ -82.891978564075899, 42.316632480103301 ], [ -82.891997064088343, 42.316707180115642 ], [ -82.892064664133798, 42.316980380160722 ], [ -82.892104464160596, 42.317141080187291 ], [ -82.892147364189427, 42.317314180215817 ], [ -82.892215764235431, 42.317590480261408 ], [ -82.89223546424877, 42.317670480274586 ], [ -82.892267564270398, 42.317800280296026 ], [ -82.892317464303915, 42.318001580329252 ], [ -82.892381064346793, 42.318259080371746 ], [ -82.892407564364561, 42.318365580389312 ], [ -82.892432564381437, 42.318467080406037 ], [ -82.892499464426436, 42.318737380450671 ], [ -82.892542764455584, 42.318912280479502 ], [ -82.892683364550223, 42.319480380573268 ], [ -82.892712364569661, 42.319596880592485 ], [ -82.892832964650836, 42.3200841806729 ], [ -82.89286756467412, 42.320224080696015 ], [ -82.892916064706753, 42.320420080728326 ], [ -82.892983664752279, 42.320693280773433 ], [ -82.893009564769727, 42.320797680790655 ], [ -82.893037164788225, 42.320908780808963 ], [ -82.893088164822601, 42.32111478084294 ], [ -82.893152064865589, 42.321372980885542 ], [ -82.893176164881808, 42.321470180901557 ], [ -82.893207464902829, 42.321596180922377 ], [ -82.89324526492824, 42.321748980947611 ], [ -82.893290964958936, 42.321933080977935 ], [ -82.893350164998807, 42.322172281017416 ], [ -82.893507665104792, 42.322808381122364 ], [ -82.893543965129268, 42.322955081146581 ], [ -82.89365836520625, 42.32341748122289 ], [ -82.893695765231385, 42.323568081247707 ], [ -82.893696265231711, 42.323570081248036 ], [ -82.893701365235174, 42.323590881251491 ], [ -82.893722365249289, 42.323675481265411 ], [ -82.893727865252984, 42.32369768126906 ], [ -82.893744165263968, 42.32376338127996 ], [ -82.893784565291185, 42.323927081306941 ], [ -82.893791565295899, 42.32395548131165 ], [ -82.89381646531271, 42.324056381328305 ], [ -82.893820565315437, 42.324072381330886 ], [ -82.893833165323954, 42.324123781339409 ], [ -82.893849965335207, 42.324191281350522 ], [ -82.893857365340153, 42.324220781355379 ], [ -82.893874965352026, 42.324292481367259 ], [ -82.893894765365388, 42.324372681380446 ], [ -82.893895065365598, 42.324373781380636 ], [ -82.893907665374044, 42.324424381389001 ], [ -82.893933365391263, 42.324527581406016 ], [ -82.893940465396071, 42.324556581410796 ], [ -82.893970465416345, 42.324678181430876 ], [ -82.894001565437307, 42.324803981451602 ], [ -82.894003365438451, 42.324811081452772 ], [ -82.894017565448038, 42.324868681462277 ], [ -82.894036765460939, 42.324945981475075 ], [ -82.894069265482813, 42.325076981496629 ], [ -82.894070165483456, 42.325081081497324 ], [ -82.894085565493867, 42.32514408150773 ], [ -82.894103465505921, 42.325215781519525 ], [ -82.894141765531671, 42.325370581545094 ], [ -82.894166065548006, 42.325468481561266 ], [ -82.89418076555792, 42.325527781571004 ], [ -82.894184565560479, 42.325543281573587 ], [ -82.894217165582447, 42.32567528159538 ], [ -82.894235465594733, 42.325749181607577 ], [ -82.894253365606787, 42.325821081619402 ], [ -82.894253465606837, 42.32582168161953 ], [ -82.894287265629615, 42.325958681642135 ], [ -82.894319865651596, 42.326090081663793 ], [ -82.894327865656933, 42.326122181669085 ], [ -82.894336765662956, 42.326158381675071 ], [ -82.894352965673889, 42.326223981685871 ], [ -82.894364465681562, 42.326270181693531 ], [ -82.894386565696436, 42.326359181708213 ], [ -82.894399965705489, 42.32641368171717 ], [ -82.894410365712503, 42.326455681724127 ], [ -82.894417965717579, 42.326486481729184 ], [ -82.89443836573146, 42.326569981742985 ], [ -82.894443965735235, 42.326592581746695 ], [ -82.894476965757448, 42.326726381768772 ], [ -82.894493465768576, 42.326792981779789 ], [ -82.894499865772943, 42.326819081784059 ], [ -82.894515565783465, 42.326882781794566 ], [ -82.894523965789119, 42.326916581800184 ], [ -82.894533765795799, 42.326957181806875 ], [ -82.894554065809487, 42.327039181820417 ], [ -82.894620665854433, 42.327309281864949 ], [ -82.89463376586329, 42.327362781873809 ], [ -82.894648665873319, 42.327423081883751 ], [ -82.894654465877281, 42.327446981887711 ], [ -82.894657865879566, 42.327460481889915 ], [ -82.894674665890861, 42.327528481901133 ], [ -82.894688965900542, 42.327586581910758 ], [ -82.894695265904758, 42.327611881914883 ], [ -82.894709965914643, 42.327671681924777 ], [ -82.894732565929914, 42.327763281939916 ], [ -82.894736765932734, 42.327780381942716 ], [ -82.894744565938026, 42.327811781947901 ], [ -82.894759965948438, 42.327874581958241 ], [ -82.894769865955141, 42.327914781964886 ], [ -82.894772065956616, 42.327923781966398 ], [ -82.89477516595872, 42.32793628196842 ], [ -82.894805665979248, 42.328059881988807 ], [ -82.894806765979979, 42.328063981989494 ], [ -82.894807165980282, 42.328066181989847 ], [ -82.894840866003008, 42.328202482012344 ], [ -82.894844466005438, 42.328217482014836 ], [ -82.894868366021555, 42.328314182030773 ], [ -82.894876766027267, 42.328348482036475 ], [ -82.894878766028569, 42.32835628203776 ], [ -82.894881866030644, 42.328369082039842 ], [ -82.894902866044816, 42.328454282053904 ], [ -82.894919166055843, 42.328520382064838 ], [ -82.894925566060181, 42.328546282069091 ], [ -82.89493006606321, 42.328564582072111 ], [ -82.8949444660729, 42.328622782081723 ], [ -82.894956466080998, 42.328671882089836 ], [ -82.894957566081757, 42.328676282090541 ], [ -82.894959566083102, 42.328684282091842 ], [ -82.89498966610347, 42.328807082112156 ], [ -82.894993266105899, 42.32882148211452 ], [ -82.894993766106211, 42.32882338211482 ], [ -82.895029766130477, 42.328969382138915 ], [ -82.895031166131403, 42.328974682139794 ], [ -82.895033266132856, 42.328983282141209 ], [ -82.895050066144165, 42.329051582152488 ], [ -82.895063166152966, 42.329104382161205 ], [ -82.895068466156573, 42.329126182164806 ], [ -82.895082766166269, 42.329184382174361 ], [ -82.895105766181786, 42.329277482189759 ], [ -82.895112666186463, 42.329305682194381 ], [ -82.895115566188366, 42.329317282196342 ], [ -82.895120866191974, 42.329338982199921 ], [ -82.895143066206941, 42.329428982214765 ], [ -82.895145766208813, 42.329440182216587 ], [ -82.89514826621047, 42.329450082218223 ], [ -82.895159566218084, 42.329495882225785 ], [ -82.895181066232581, 42.329582982240183 ], [ -82.895214366255033, 42.329718082262445 ], [ -82.895224166261599, 42.329757482268938 ], [ -82.895247466277411, 42.329852882284705 ], [ -82.895276766297144, 42.329971482304273 ], [ -82.89530206631423, 42.330073982321146 ], [ -82.895302366314397, 42.330074882321327 ], [ -82.895339866339796, 42.330227782346547 ], [ -82.895361566354396, 42.33031538236105 ], [ -82.895398966379588, 42.330466682385946 ], [ -82.895414466390136, 42.33053028239646 ], [ -82.895436266404815, 42.330618282410967 ], [ -82.895466366425111, 42.330740782431199 ], [ -82.895473466429905, 42.330769582435963 ], [ -82.895478966433657, 42.330791782439618 ], [ -82.895499666447591, 42.330875582453451 ], [ -82.895517166459371, 42.330946082465076 ], [ -82.895533566470462, 42.331012982476096 ], [ -82.895556066485639, 42.331104182491146 ], [ -82.895566066492393, 42.331144982497889 ], [ -82.89559986651517, 42.331281982520494 ], [ -82.895614066524772, 42.331339582529992 ], [ -82.895618366527671, 42.331357082532875 ], [ -82.895654566552111, 42.331503982557138 ], [ -82.895703066584829, 42.331700582589541 ], [ -82.89570326658496, 42.331701582589709 ], [ -82.895751866617772, 42.331898682622267 ], [ -82.895794466646578, 42.332071782650821 ], [ -82.895836866675111, 42.332243182679079 ], [ -82.895837266675372, 42.332244882679348 ], [ -82.895884466707315, 42.332436882711043 ], [ -82.895914966727346, 42.332554882730449 ], [ -82.895964566760014, 42.332746982762011 ], [ -82.895981066770872, 42.332810782772512 ], [ -82.895991666774123, 42.332810682771949 ], [ -82.896028966787966, 42.332837082774795 ], [ -82.896054066798911, 42.332872582779807 ], [ -82.896069166811685, 42.332962482795025 ], [ -82.896070966817959, 42.333025482806057 ], [ -82.896060066818677, 42.333070682814657 ], [ -82.89606176682409, 42.33312478282415 ], [ -82.896100366842461, 42.333196082834888 ], [ -82.896117066861436, 42.333348982861146 ], [ -82.89613366688036, 42.333501682887388 ], [ -82.896190466922206, 42.333771182932338 ], [ -82.89624866696937, 42.334094182986675 ], [ -82.896304567008499, 42.334336383026823 ], [ -82.896334567034799, 42.334525283058809 ], [ -82.896375767062068, 42.334686483085314 ], [ -82.896719567252944, 42.335626383234782 ] ] ] } },
{ "type": "Feature", "properties": { "OGF_ID": 319586147, "MUNICIPAL_TYPE": "Single Tier Municipality", "MUNICIPAL_TYPE_FR": "Municipalités à palier unique", "MUNICIPAL_NAME": "CITY OF BARRIE", "MUNICIPAL_NAME_FR": "CITÉ DE BARRIE", "MUNID": "43042", "MAH_CODE": "70101", "MUNICIPAL_AREA_EXTENT_TYPE": "Mainland", "MUNICIPAL_AREA_EXTENT_TYPE_FR": "Terre ferme", "ASSESSMENT_CODE": "4342", "MUNICIPAL_NAME_PREFIX": "CITY OF", "MUNICIPAL_NAME_PREFIX_FR": "CITÉ DE", "MUNICIPAL_NAME_SHORTFORM": "BARRIE", "MUNICIPAL_NAME_SHORTFORM_FR": "BARRIE", "UPPER_TIER_ASSESSMENT_CODE": null, "UPPER_TIER_MUNICIPALITY": null, "UPPER_TIER_MUNICIPALITY_FR": null, "EFFECTIVE_DATETIME": "2024-02-15T10:26:33Z", "SYSTEM_DATETIME": "2024-02-15T19:24:59Z", "OBJECTID": 9745, "SHAPEAREA": 0, "SHAPELEN": 0 }, "geometry": { "type": "Polygon", "coordinates": [ [ [ -79.646032436903241, 44.415341704990389 ], [ -79.646159936945281, 44.415353704986323 ], [ -79.656142040235281, 44.41629920467205 ], [ -79.656039740260297, 44.41692190478372 ], [ -79.655553140379396, 44.419883005314666 ], [ -79.655520140387509, 44.420083905350737 ], [ -79.655653140431369, 44.420096705346559 ], [ -79.657674141097218, 44.420285605282473 ], [ -79.658981941528126, 44.420408005241029 ], [ -79.659252241617168, 44.420433105232384 ], [ -79.660335241974011, 44.420534505198056 ], [ -79.66033444197636, 44.420562605202932 ], [ -79.671615945694157, 44.421627004846655 ], [ -79.673611046252589, 44.420750004600997 ], [ -79.675592846807234, 44.419879204356995 ], [ -79.675807946867437, 44.419784204330455 ], [ -79.682530048747012, 44.41681190349972 ], [ -79.683590449218613, 44.418226003691515 ], [ -79.68417964938206, 44.417951103616211 ], [ -79.685723450030892, 44.419603403825683 ], [ -79.686032650162545, 44.419952503870746 ], [ -79.686176050223636, 44.420114603891683 ], [ -79.686276950266617, 44.420228603906395 ], [ -79.686377950309591, 44.420342503921134 ], [ -79.686478750352492, 44.420456503935874 ], [ -79.686583050396933, 44.420574303951071 ], [ -79.686687450441369, 44.420692003966217 ], [ -79.686791850485832, 44.420809903981493 ], [ -79.686896050530223, 44.420927603996624 ], [ -79.686999350574197, 44.421044404011717 ], [ -79.687102450618085, 44.421160804026776 ], [ -79.687205550661986, 44.421277404041845 ], [ -79.687309150706113, 44.421394204056924 ], [ -79.687413350750447, 44.421511804072061 ], [ -79.687517950795041, 44.421630004087348 ], [ -79.687588950825258, 44.421710104097663 ], [ -79.689900451808953, 44.424314204433529 ], [ -79.690197651891978, 44.424181804396653 ], [ -79.690534651986084, 44.424031504354794 ], [ -79.690700952032529, 44.423957504334119 ], [ -79.690860852077179, 44.423886104314271 ], [ -79.691020852121866, 44.423814704294365 ], [ -79.69118385216737, 44.423742204274163 ], [ -79.691386252223865, 44.423652004249028 ], [ -79.691755252326942, 44.423487504203166 ], [ -79.691855152354805, 44.423442904190779 ], [ -79.692183452446514, 44.423296704150005 ], [ -79.692430952515622, 44.423186404119249 ], [ -79.692604852564173, 44.423108904097681 ], [ -79.692769952610277, 44.423035204077181 ], [ -79.692935252656426, 44.422961504056623 ], [ -79.693100452702581, 44.422887904036102 ], [ -79.693265752748729, 44.422814204015602 ], [ -79.693431052794878, 44.422740503995037 ], [ -79.693596352841027, 44.422666803974522 ], [ -79.693761552887182, 44.422593203954001 ], [ -79.69392685293333, 44.422519403933471 ], [ -79.694091952979434, 44.422445803912929 ], [ -79.694257253025569, 44.422372103892378 ], [ -79.694491453090933, 44.422267703863291 ], [ -79.694757453165224, 44.422149203830273 ], [ -79.694991753230639, 44.422044703801205 ], [ -79.69525825330507, 44.421926003768085 ], [ -79.695649453414319, 44.421751603719493 ], [ -79.695859553472985, 44.421658003693395 ], [ -79.696170353559722, 44.421519203654739 ], [ -79.696544653664276, 44.42135250360829 ], [ -79.696965153781647, 44.421165003556027 ], [ -79.696968253782515, 44.421163503555633 ], [ -79.697000253791487, 44.421149203551671 ], [ -79.69710585382073, 44.42109960353811 ], [ -79.700096355107135, 44.424615503997735 ], [ -79.707294357110513, 44.421339803092096 ], [ -79.707019556992748, 44.421021403050638 ], [ -79.722095261213639, 44.41443460120059 ], [ -79.719836960237814, 44.411731000845165 ], [ -79.719965660274028, 44.411676600829672 ], [ -79.720127460319162, 44.411604300809529 ], [ -79.72028726036379, 44.411533000789674 ], [ -79.72044696040831, 44.411461500769775 ], [ -79.720615160455267, 44.41138640074886 ], [ -79.720774960499853, 44.411314900728975 ], [ -79.720934860544446, 44.411243400709076 ], [ -79.721094660589031, 44.41117200068917 ], [ -79.721280960641025, 44.411088800666057 ], [ -79.72147896069626, 44.411000100641317 ], [ -79.721687460754424, 44.410907000615424 ], [ -79.721912260817149, 44.41080640058744 ], [ -79.722318060930391, 44.410625100536919 ], [ -79.722531060989795, 44.410529900510404 ], [ -79.723164061166443, 44.410246800431587 ], [ -79.723311361207507, 44.410180900413252 ], [ -79.723520461265878, 44.410087600387257 ], [ -79.723660661304962, 44.410024900369812 ], [ -79.723788461340646, 44.409967700353874 ], [ -79.723916361376325, 44.409910600337973 ], [ -79.724044261412004, 44.409853300322048 ], [ -79.72427016147499, 44.409752300293896 ], [ -79.724554461554348, 44.409625200258525 ], [ -79.724963461668452, 44.409442400207624 ], [ -79.725228161742308, 44.409324100174686 ], [ -79.725331261771046, 44.409277900161833 ], [ -79.725806461903588, 44.409065400102655 ], [ -79.725951961944247, 44.409000500084574 ], [ -79.726750062166886, 44.40864359998524 ], [ -79.727425462355313, 44.408341899901174 ], [ -79.727532862385303, 44.408294299887842 ], [ -79.726792562067942, 44.407434399775894 ], [ -79.726853762078122, 44.407333099755625 ], [ -79.726863362079726, 44.407317199752377 ], [ -79.728114762287774, 44.4052423993368 ], [ -79.732738463507062, 44.402417398631307 ], [ -79.732368463350312, 44.402007398578696 ], [ -79.730914862728923, 44.400337798361974 ], [ -79.730454862533222, 44.399819898295185 ], [ -79.732652163155578, 44.398938098038869 ], [ -79.733731363459668, 44.398488197910062 ], [ -79.735366463920343, 44.397806397714938 ], [ -79.735714664020662, 44.397684797677428 ], [ -79.737902164629972, 44.396697497403494 ], [ -79.7379173646342, 44.39669059740158 ], [ -79.738161664702119, 44.396579297370799 ], [ -79.738188164709499, 44.396567397367484 ], [ -79.738906664910033, 44.396247397278252 ], [ -79.739066564954669, 44.396176097258362 ], [ -79.739226464999277, 44.396104797238472 ], [ -79.73925416500704, 44.396092597235047 ], [ -79.739386065043803, 44.396033397218588 ], [ -79.739513765079408, 44.39597609720267 ], [ -79.739641465115028, 44.395918897186739 ], [ -79.739792565157131, 44.395851197167907 ], [ -79.740005465216527, 44.395755797141348 ], [ -79.740152165257442, 44.395690097123051 ], [ -79.740279765292982, 44.395632697107104 ], [ -79.740407465328602, 44.395575597091216 ], [ -79.740567165373136, 44.395504097071317 ], [ -79.740726665417583, 44.395432497051409 ], [ -79.740886365462089, 44.395360897031537 ], [ -79.741045965506601, 44.395289397011581 ], [ -79.741205665551121, 44.395217796991702 ], [ -79.741365165595639, 44.395146196971794 ], [ -79.741541965644899, 44.39506699694973 ], [ -79.741718565694171, 44.394987796927687 ], [ -79.741801765717369, 44.394950496917325 ], [ -79.741908565747124, 44.394902596903989 ], [ -79.742102165801072, 44.394815796879868 ], [ -79.742296065855143, 44.394728896855632 ], [ -79.742427365891757, 44.394669796839246 ], [ -79.74255886592843, 44.394610996822898 ], [ -79.742690165965001, 44.394551996806477 ], [ -79.742821666001674, 44.394493096790086 ], [ -79.742953066038268, 44.394433996773671 ], [ -79.743084466074961, 44.394375296757318 ], [ -79.743215866111584, 44.39431619674091 ], [ -79.743347366148257, 44.394257296724497 ], [ -79.743378366156861, 44.394243396720626 ], [ -79.74354806620228, 44.394146696695913 ], [ -79.743758366258561, 44.39402709666539 ], [ -79.743763466259978, 44.394024796664738 ], [ -79.744036566335978, 44.393900696630404 ], [ -79.744228866389463, 44.393813296606176 ], [ -79.744419566442531, 44.393726596582191 ], [ -79.744610366495607, 44.393639896558184 ], [ -79.744905266577632, 44.393505896521084 ], [ -79.745169666651222, 44.393385596487818 ], [ -79.745312266690846, 44.393320796469872 ], [ -79.745352966702157, 44.393302296464803 ], [ -79.74236686542946, 44.38991099602606 ], [ -79.742122265233121, 44.38864329582038 ], [ -79.741863064545129, 44.382140494717341 ], [ -79.741858564533175, 44.382027394698142 ], [ -79.74197796456636, 44.381972494683005 ], [ -79.741981864567407, 44.381970694682565 ], [ -79.742423764690386, 44.381770094626987 ], [ -79.744039065139489, 44.381032594423189 ], [ -79.744695265321909, 44.380732994340399 ], [ -79.744801865351562, 44.380684594327043 ], [ -79.740761763619744, 44.375984493713929 ], [ -79.740866963648799, 44.375934393700305 ], [ -79.741912963940067, 44.375461293569074 ], [ -79.742036763974525, 44.375405293553577 ], [ -79.742142664004064, 44.3753581935404 ], [ -79.7420230639528, 44.375218993522282 ], [ -79.740832863442535, 44.373832993341352 ], [ -79.740405563321474, 44.374003893391112 ], [ -79.740176563227351, 44.37378079336375 ], [ -79.740527563324733, 44.373617993319037 ], [ -79.74030676323197, 44.373381593289089 ], [ -79.74011596317483, 44.373424393305498 ], [ -79.740016963133755, 44.373324293293066 ], [ -79.739779763062117, 44.373370993312413 ], [ -79.739596962980357, 44.373121693278421 ], [ -79.739177062860009, 44.373274493324672 ], [ -79.738819262681346, 44.372586293223698 ], [ -79.738689062643246, 44.372625293236624 ], [ -79.738422362506469, 44.372073293154692 ], [ -79.738101762412185, 44.372164293185627 ], [ -79.737498862112957, 44.371023393018675 ], [ -79.737239262036169, 44.371092293042885 ], [ -79.736934461883408, 44.370499292955714 ], [ -79.736751261829085, 44.37054679297264 ], [ -79.736568361737255, 44.370189092919986 ], [ -79.73627816165066, 44.370258092945704 ], [ -79.736018861522084, 44.369768992874121 ], [ -79.735682561378454, 44.369382592823925 ], [ -79.736186961527196, 44.369244192776037 ], [ -79.735789661357657, 44.368789592717057 ], [ -79.73595796140674, 44.368737592700057 ], [ -79.735622361264987, 44.36836919265285 ], [ -79.736483761505482, 44.367986992546093 ], [ -79.735751361195184, 44.367173192441435 ], [ -79.734248860776589, 44.367849892629451 ], [ -79.73385406066653, 44.368027592678786 ], [ -79.732626160141962, 44.366616592495298 ], [ -79.731579659694603, 44.365410592338321 ], [ -79.731510659665091, 44.365330792327924 ], [ -79.732472559952896, 44.365110792244195 ], [ -79.735070860730346, 44.364516692018015 ], [ -79.736218561073755, 44.364254491918217 ], [ -79.736444361141338, 44.364202791898499 ], [ -79.738046861620774, 44.363836091758991 ], [ -79.738920661882219, 44.363636091682885 ], [ -79.740499662354623, 44.363274691545321 ], [ -79.745619963886583, 44.362104191099633 ], [ -79.745388463730876, 44.361226490960057 ], [ -79.744603163202981, 44.358252490487118 ], [ -79.744559063173369, 44.358085390460538 ], [ -79.742086761511175, 44.348714888969965 ], [ -79.741010060786067, 44.344618488317941 ], [ -79.738901459365607, 44.336588187039489 ], [ -79.735720257172446, 44.323922885015428 ], [ -79.735719157171744, 44.323918785014754 ], [ -79.734853456578008, 44.320503584469208 ], [ -79.734520656349815, 44.319190384259358 ], [ -79.734256256169701, 44.318160884095093 ], [ -79.734252956167438, 44.318147984093045 ], [ -79.734202156132852, 44.317950184061445 ], [ -79.732746755141648, 44.312280283156333 ], [ -79.729468352909834, 44.299509681117009 ], [ -79.729030652611286, 44.29779738084342 ], [ -79.727951551885823, 44.29368978018843 ], [ -79.727948451884885, 44.29369048018868 ], [ -79.727773851832822, 44.29373188020417 ], [ -79.727623151787739, 44.293766580217294 ], [ -79.727053751617504, 44.29389768026703 ], [ -79.727040451613561, 44.293900780268203 ], [ -79.725435751134512, 44.294277580409528 ], [ -79.723751750628537, 44.294638280551879 ], [ -79.722110150137055, 44.295009080694001 ], [ -79.720832149754045, 44.29529288080375 ], [ -79.720814649748775, 44.295296580805186 ], [ -79.720776849737362, 44.295304480808355 ], [ -79.720746649728326, 44.295310880810916 ], [ -79.720537449665343, 44.295354780828426 ], [ -79.720511649657581, 44.295360180830606 ], [ -79.718772549134954, 44.295731880977435 ], [ -79.716814648546872, 44.296153381143327 ], [ -79.71320034746492, 44.296971481456382 ], [ -79.7059352452805, 44.298514182068097 ], [ -79.701799244043414, 44.299463082428453 ], [ -79.698621243092802, 44.3001919827053 ], [ -79.691339640914535, 44.30186178333954 ], [ -79.691097540842023, 44.301916883360541 ], [ -79.684333738817244, 44.303454183947245 ], [ -79.683483338562652, 44.303647284020954 ], [ -79.681664838016388, 44.304040584175283 ], [ -79.680940737798835, 44.304197084236698 ], [ -79.680216537581316, 44.304353684298107 ], [ -79.680114437548426, 44.304351684302631 ], [ -79.678907037188353, 44.304641284409996 ], [ -79.678595537095447, 44.304716084437679 ], [ -79.676471836462071, 44.305225584626449 ], [ -79.676404036441212, 44.305234484631228 ], [ -79.669222834282323, 44.306771885237701 ], [ -79.669019134221159, 44.306815985254957 ], [ -79.668293834003251, 44.306972885316497 ], [ -79.66798763391138, 44.307040485342689 ], [ -79.666549333480077, 44.307360185466202 ], [ -79.664663532915768, 44.307792885630413 ], [ -79.661905032090218, 44.308424185870344 ], [ -79.661748932043409, 44.308459285883806 ], [ -79.654658929919435, 44.310061686496994 ], [ -79.654585629897483, 44.31007828650332 ], [ -79.65455562988852, 44.310084986505927 ], [ -79.654512329875601, 44.310095586509803 ], [ -79.654429029850832, 44.310116186517298 ], [ -79.656013630893526, 44.315908687438117 ], [ -79.657261531750905, 44.320861188230388 ], [ -79.65822153238625, 44.324406888794343 ], [ -79.658826332799151, 44.326776989173041 ], [ -79.659291033116418, 44.328598089463966 ], [ -79.659159533077016, 44.328627789475355 ], [ -79.657763232658738, 44.328944089596249 ], [ -79.651938130913749, 44.33026379010056 ], [ -79.651899230902032, 44.330272590103924 ], [ -79.651513330785647, 44.330351190135801 ], [ -79.645714229050711, 44.331690990642258 ], [ -79.640032227351, 44.333007291139054 ], [ -79.634251625620124, 44.334328991641456 ], [ -79.62884382399956, 44.335552392109179 ], [ -79.624375322662644, 44.336587192499728 ], [ -79.620455721488923, 44.337484892840557 ], [ -79.615190919912564, 44.338693493298813 ], [ -79.611363618765623, 44.339561793630203 ], [ -79.605528617019019, 44.340907694139098 ], [ -79.602711516173969, 44.341538794381542 ], [ -79.598856915019113, 44.342417294715872 ], [ -79.594536613723633, 44.34339139508878 ], [ -79.590729612581399, 44.344242895416166 ], [ -79.585910211135996, 44.345327995831823 ], [ -79.586813411757859, 44.348925996407431 ], [ -79.587418612171334, 44.351301996787051 ], [ -79.587758612438179, 44.35301079706462 ], [ -79.588864213182291, 44.357227497736744 ], [ -79.589738013749113, 44.360329498228275 ], [ -79.590536314290333, 44.363414898720514 ], [ -79.590537214291984, 44.363429998723056 ], [ -79.590435114261425, 44.363453698731973 ], [ -79.589234913902118, 44.363731498836785 ], [ -79.589101913861128, 44.363749598846248 ], [ -79.589297113993808, 44.364507698967202 ], [ -79.589567214176611, 44.365547999133106 ], [ -79.589580114186717, 44.365612399143551 ], [ -79.590117114549656, 44.367675399472454 ], [ -79.590675614927108, 44.369820599814418 ], [ -79.597350416930752, 44.36833479924163 ], [ -79.60256941850011, 44.367203498798943 ], [ -79.604332719030296, 44.366821298649327 ], [ -79.605258319307396, 44.366607998568654 ], [ -79.605637919421923, 44.366529498537119 ], [ -79.61303212163773, 44.364847397896177 ], [ -79.6201186237614, 44.363236897282185 ], [ -79.620420223851752, 44.363168197255973 ], [ -79.620452223871482, 44.363270197272001 ], [ -79.620464323877755, 44.363296097275907 ], [ -79.620473623884877, 44.363340997283153 ], [ -79.620476023885644, 44.363340597282985 ], [ -79.620492123896511, 44.363402497292839 ], [ -79.620846524119017, 44.364579097478106 ], [ -79.621397024499643, 44.366784997830784 ], [ -79.621766824755312, 44.368265698067518 ], [ -79.621999824916401, 44.36919899821671 ], [ -79.622683025121376, 44.369046098157909 ], [ -79.622860525174644, 44.369007198142789 ], [ -79.623271725453336, 44.370592998395558 ], [ -79.623333725495371, 44.37083219843371 ], [ -79.623538525634117, 44.37162149855952 ], [ -79.62355142564283, 44.371670998567396 ], [ -79.623575425650813, 44.371674098566785 ], [ -79.623629525668832, 44.371681198565447 ], [ -79.623630625669165, 44.37168129856537 ], [ -79.623631825669548, 44.371681498565337 ], [ -79.623769225716288, 44.371710198563747 ], [ -79.623906625763823, 44.371747898563676 ], [ -79.624055925816052, 44.371794698564635 ], [ -79.624192625865064, 44.371850598567711 ], [ -79.62434212591819, 44.371906298570138 ], [ -79.624465825963838, 44.371970698575275 ], [ -79.624602626013669, 44.372035598579956 ], [ -79.62472672605864, 44.372090998583573 ], [ -79.624851326102075, 44.37212849858404 ], [ -79.625101826184348, 44.372149398575722 ], [ -79.625317726243807, 44.37204399854734 ], [ -79.625394926261151, 44.371964098529951 ], [ -79.625446826270348, 44.37188359851362 ], [ -79.62549922627889, 44.371794098495748 ], [ -79.625551826286653, 44.371695798476395 ], [ -79.625604326294365, 44.371597398456963 ], [ -79.625644426298066, 44.371498698438089 ], [ -79.625709526309876, 44.371400498418133 ], [ -79.625799826328972, 44.371293698395476 ], [ -79.625889526349482, 44.371204698375919 ], [ -79.62601742638148, 44.371107298353138 ], [ -79.626132226410931, 44.371027598333967 ], [ -79.626247126441186, 44.370956798316335 ], [ -79.626374026475361, 44.370886398298161 ], [ -79.626513526514458, 44.370824998280995 ], [ -79.62666532655912, 44.370781898266394 ], [ -79.626791726595627, 44.370738298252853 ], [ -79.626943426640281, 44.370695098238208 ], [ -79.627082526680894, 44.370651898224189 ], [ -79.627221526721456, 44.37060849821011 ], [ -79.627360326762783, 44.370574198197573 ], [ -79.627473826796802, 44.370548498187787 ], [ -79.627726426872258, 44.370488398165428 ], [ -79.627915526928945, 44.370445598149068 ], [ -79.62810462698647, 44.370412098134345 ], [ -79.628230327026102, 44.370404498127023 ], [ -79.628393527077762, 44.370397398118044 ], [ -79.628544627124697, 44.370381298108029 ], [ -79.62868292716837, 44.370373898100226 ], [ -79.628846527219352, 44.370357798089621 ], [ -79.629022627273571, 44.370332998077018 ], [ -79.629174127318961, 44.370298998063944 ], [ -79.62935032737316, 44.37027409805129 ], [ -79.629514427422606, 44.370239798037574 ], [ -79.629665627468782, 44.370214498026009 ], [ -79.629816827514944, 44.370189498014518 ], [ -79.629955427557064, 44.370164198003565 ], [ -79.630131227611983, 44.370148197992471 ], [ -79.630270127654981, 44.370131897983043 ], [ -79.630421027701857, 44.370115597973026 ], [ -79.630571927748761, 44.370099497963075 ], [ -79.630722827795651, 44.370083397953145 ], [ -79.630861727837853, 44.370057897942161 ], [ -79.630999927880666, 44.370041697932777 ], [ -79.631151227927703, 44.370025397922767 ], [ -79.631302027974527, 44.370009097912799 ], [ -79.631465828024744, 44.369984197900692 ], [ -79.631629528074953, 44.369959097888625 ], [ -79.631880228156433, 44.369971197878748 ], [ -79.632105428232222, 44.370009897874667 ], [ -79.632267928286211, 44.370029697870287 ], [ -79.632357428308353, 44.36995879785389 ], [ -79.632472928335531, 44.369852297830072 ], [ -79.632563128355343, 44.369754197808945 ], [ -79.6326656283792, 44.369656397787253 ], [ -79.632780828407917, 44.369567697766556 ], [ -79.632752928409744, 44.369684497787937 ], [ -79.632675728393281, 44.369773597806876 ], [ -79.632598228376622, 44.369862397825848 ], [ -79.632533428364127, 44.369952097844326 ], [ -79.632443728342764, 44.37003189786234 ], [ -79.632378428331791, 44.370139197883837 ], [ -79.63256622839306, 44.370150497876828 ], [ -79.632656428412886, 44.370052497855724 ], [ -79.632658628405267, 44.369962497840156 ], [ -79.632811028446767, 44.369883197819284 ], [ -79.633025028513174, 44.369858797804874 ], [ -79.633237528584019, 44.369888297799854 ], [ -79.633461828662874, 44.369962997801984 ], [ -79.633586528706374, 44.370000697802524 ], [ -79.633711328749825, 44.370037997802946 ], [ -79.633835528793981, 44.370084597805047 ], [ -79.633972628842287, 44.370131197806558 ], [ -79.634122228894597, 44.370178097807447 ], [ -79.634259028942765, 44.370224697808943 ], [ -79.63439632899032, 44.370262497808859 ], [ -79.634533329037708, 44.370299897808771 ], [ -79.634695729093281, 44.370337997807603 ], [ -79.634833429139263, 44.370357397804362 ], [ -79.634970629185929, 44.370386197802759 ], [ -79.635120629236724, 44.370415297800626 ], [ -79.635270729287498, 44.370443797798345 ], [ -79.635432929342983, 44.370481697797118 ], [ -79.635670329423547, 44.370529497794031 ], [ -79.635832729478338, 44.370558497791315 ], [ -79.635970229525086, 44.370587197789668 ], [ -79.636108029570266, 44.370597897784968 ], [ -79.636245529616161, 44.370617497781737 ], [ -79.636383529660577, 44.37061919777544 ], [ -79.636546329713809, 44.370630297769644 ], [ -79.636784929790565, 44.370633097758699 ], [ -79.63694782984382, 44.370643897752849 ], [ -79.636960429847875, 44.370644097752262 ], [ -79.637086129887493, 44.370636597745005 ], [ -79.637236229937457, 44.3706563977412 ], [ -79.63747333001875, 44.370713197739711 ], [ -79.637585730057438, 44.370741497739203 ], [ -79.637823030138776, 44.370798397737673 ], [ -79.637947830181432, 44.370826897736606 ], [ -79.63808513022812, 44.370855597734959 ], [ -79.638334830313497, 44.370912497732846 ], [ -79.638546330389033, 44.370995897737089 ], [ -79.638757530465369, 44.371088697742955 ], [ -79.638918030527847, 44.371207597755749 ], [ -79.63906593058546, 44.371317397767569 ], [ -79.639176430631025, 44.37142689778112 ], [ -79.639236730660386, 44.37153549779687 ], [ -79.639246230675909, 44.371670497819608 ], [ -79.639206030672156, 44.371769097838467 ], [ -79.639066830632387, 44.3718214978541 ], [ -79.638940430595056, 44.371855997866021 ], [ -79.63892783059184, 44.371864897868164 ], [ -79.638662830512416, 44.371924797891076 ], [ -79.638627430492676, 44.371834397877244 ], [ -79.638564330474054, 44.371851597883207 ], [ -79.638611430500845, 44.371978197902699 ], [ -79.638964330608559, 44.37191939787575 ], [ -79.638988830618175, 44.371937697877755 ], [ -79.639114730656985, 44.371920897868847 ], [ -79.639266030703169, 44.371895997857386 ], [ -79.639417430748537, 44.371861797844275 ], [ -79.639556730788357, 44.371809297828648 ], [ -79.639682930826467, 44.371783797818267 ], [ -79.639858030884469, 44.371803897813329 ], [ -79.639981230933302, 44.371904397824757 ], [ -79.640067030969263, 44.37199559783631 ], [ -79.640189631019553, 44.372114097850798 ], [ -79.640312431070754, 44.372241597866861 ], [ -79.640409231115214, 44.372386597887136 ], [ -79.640518631164582, 44.372541097908446 ], [ -79.640679631225566, 44.372641997918109 ], [ -79.640815531277667, 44.372733697927366 ], [ -79.6409013313136, 44.372824597938923 ], [ -79.640986031353336, 44.37296079795825 ], [ -79.641083731394815, 44.373069997972344 ], [ -79.641194931438093, 44.373152297981214 ], [ -79.641255731465179, 44.373234097992331 ], [ -79.641153531440636, 44.373322898012468 ], [ -79.641014331400029, 44.373366298026539 ], [ -79.640877231352533, 44.373328298026522 ], [ -79.640988031395736, 44.37341099803546 ], [ -79.641126231440182, 44.373412498029118 ], [ -79.641253131475182, 44.373351098012542 ], [ -79.641404331521343, 44.373325898001028 ], [ -79.641328131500131, 44.373360998010675 ], [ -79.641401531531272, 44.373442798021195 ], [ -79.641477331553972, 44.373425698014664 ], [ -79.641504331555169, 44.373345097999547 ], [ -79.641504831553647, 44.37332709799643 ], [ -79.64161623159535, 44.373391398002177 ], [ -79.641752331646629, 44.373474098009893 ], [ -79.641912531709906, 44.373602098024207 ], [ -79.642036231757146, 44.373684398032466 ], [ -79.642233931833289, 44.373821898046636 ], [ -79.642394831893441, 44.373913898054781 ], [ -79.642481731926381, 44.373968798060069 ], [ -79.642505331938992, 44.37402309806825 ], [ -79.64259153197257, 44.374087198075124 ], [ -79.642628531987754, 44.374123498079626 ], [ -79.642690432011079, 44.374160298082977 ], [ -79.642739532031015, 44.374205898088476 ], [ -79.642776432046205, 44.37424239809301 ], [ -79.642800732057353, 44.374278598098023 ], [ -79.642849732077295, 44.374324298103588 ], [ -79.642911832099827, 44.37435209810539 ], [ -79.642961532118264, 44.3743794981077 ], [ -79.643048132151208, 44.374434798113114 ], [ -79.643109732175176, 44.374480398117953 ], [ -79.643171832198462, 44.374517298121347 ], [ -79.643233332222437, 44.374562898126264 ], [ -79.643320332253779, 44.37459989812843 ], [ -79.643407532285167, 44.374636998130676 ], [ -79.643506832321279, 44.37468319813388 ], [ -79.643593832352607, 44.374720098136052 ], [ -79.643681132383236, 44.374748398136745 ], [ -79.643780932417826, 44.374776498136811 ], [ -79.643867832449132, 44.374813598139042 ], [ -79.643954932479687, 44.374841598139682 ], [ -79.644067232518339, 44.374869998139218 ], [ -79.644179932556256, 44.374889298137184 ], [ -79.644292332594063, 44.37490869813513 ], [ -79.644380132623994, 44.374927698134222 ], [ -79.644466932654382, 44.374955698134876 ], [ -79.644616632706743, 44.375002498135792 ], [ -79.644741332750215, 44.375040098136296 ], [ -79.644853932788138, 44.375059398134248 ], [ -79.644941332817936, 44.375078498133341 ], [ -79.645028432848434, 44.375106498134038 ], [ -79.645153332891127, 44.375135098132951 ], [ -79.645277732935341, 44.375181598135001 ], [ -79.645389532975457, 44.375227698137607 ], [ -79.645489133010855, 44.375264798139206 ], [ -79.645614033053562, 44.375293398138169 ], [ -79.645751533100295, 44.375322098136579 ], [ -79.645863433139681, 44.375359398137633 ], [ -79.645950633171068, 44.375396498139821 ], [ -79.645987933183875, 44.375405898139675 ], [ -79.646062533210397, 44.375433798140918 ], [ -79.646100133223314, 44.375443298140738 ], [ -79.646162633245126, 44.375462198141037 ], [ -79.646275033282933, 44.375481498138967 ], [ -79.646337633303915, 44.375490998137643 ], [ -79.646350033307911, 44.375491198137077 ], [ -79.646437633337754, 44.375510298136149 ], [ -79.646473833354406, 44.375564698143776 ], [ -79.646523233374509, 44.37561029814929 ], [ -79.646622533409783, 44.37564749815094 ], [ -79.646734833449258, 44.375684798151958 ], [ -79.646846833488638, 44.375722198153035 ], [ -79.646996833539362, 44.375750898150855 ], [ -79.647146633590935, 44.375788798150218 ], [ -79.647284133636845, 44.375808398146987 ], [ -79.647396633674717, 44.375827898144976 ], [ -79.64754663372544, 44.37585649814276 ], [ -79.647621333752014, 44.375884398143945 ], [ -79.647733833790724, 44.375912898143518 ], [ -79.647883633841388, 44.37594149814128 ], [ -79.648071533903533, 44.375961798135769 ], [ -79.648259633964074, 44.37596409812722 ], [ -79.648422634017336, 44.375974898121328 ], [ -79.648597834076213, 44.376003998117923 ], [ -79.648773034134265, 44.376024098113056 ], [ -79.648973734199657, 44.376035398105422 ], [ -79.649249534288458, 44.376038798092878 ], [ -79.649388134331346, 44.376022398083457 ], [ -79.649501134367711, 44.37602389807833 ], [ -79.6496143344025, 44.376007098070012 ], [ -79.649727834437329, 44.375990298061758 ], [ -79.649828334468836, 44.375982698055658 ], [ -79.649966234514068, 44.375993298050886 ], [ -79.650053434544617, 44.376021298051533 ], [ -79.650116234565203, 44.376026498049413 ], [ -79.650178734585737, 44.376031698047349 ], [ -79.650553434712961, 44.376107998042571 ], [ -79.650640734743604, 44.376136298043264 ], [ -79.650703134765337, 44.376154898043524 ], [ -79.650790434795056, 44.376173998042624 ], [ -79.650890134829638, 44.376202098042683 ], [ -79.651002634868377, 44.376230698042257 ], [ -79.65110223490376, 44.376267798043848 ], [ -79.651201734939065, 44.376304798045481 ], [ -79.65130153497374, 44.376333098045585 ], [ -79.651439435018077, 44.376334798039288 ], [ -79.651602835069838, 44.376327698030259 ], [ -79.651728635108626, 44.376311198021419 ], [ -79.651842735141173, 44.376267398008487 ], [ -79.651944135169643, 44.376223597996123 ], [ -79.652070835205421, 44.376171297981124 ], [ -79.652172935231562, 44.376100197964021 ], [ -79.652287635262638, 44.376038797948027 ], [ -79.652389135289454, 44.375976797932537 ], [ -79.652490935316351, 44.375914897917056 ], [ -79.652580335339266, 44.375853197902195 ], [ -79.652681935366942, 44.375800297888262 ], [ -79.652783435395449, 44.375756297875867 ], [ -79.652909235434251, 44.375739897867049 ], [ -79.653047835477167, 44.375723397857598 ], [ -79.653198835523298, 44.375698397846122 ], [ -79.653350035569417, 44.37567299783457 ], [ -79.653488735611532, 44.37564759782358 ], [ -79.653639935657694, 44.375622497812024 ], [ -79.653790935704606, 44.375606197802057 ], [ -79.653954735754809, 44.375581097789919 ], [ -79.654093335796858, 44.375555797778979 ], [ -79.654232235838222, 44.375521297766461 ], [ -79.654370835881181, 44.375504997757012 ], [ -79.654521935927264, 44.375479797745513 ], [ -79.654622735958014, 44.375462997737792 ], [ -79.654723435989581, 44.375455097731667 ], [ -79.65485863604394, 44.375573797745588 ], [ -79.655085136114309, 44.375549497730617 ], [ -79.655125436116435, 44.375432797708676 ], [ -79.655138036120491, 44.375432997708103 ], [ -79.65525163615456, 44.375407297698281 ], [ -79.655339236182726, 44.375408397694272 ], [ -79.655377236194113, 44.375399697690987 ], [ -79.65540263620143, 44.375391097688301 ], [ -79.655491136227411, 44.375365097679627 ], [ -79.655579336254092, 44.375348097672486 ], [ -79.655654836277606, 44.375340097667532 ], [ -79.655742836305095, 44.375332197661969 ], [ -79.655778336324801, 44.375422397675742 ], [ -79.65597963638794, 44.375406997663511 ], [ -79.656108736415263, 44.375255297631298 ], [ -79.656133936423416, 44.375255697630159 ], [ -79.656247036458126, 44.375239297621938 ], [ -79.656335136485637, 44.375231097616371 ], [ -79.656423136513112, 44.375222897610726 ], [ -79.656536436547896, 44.375206297602496 ], [ -79.656662336586734, 44.375189797593656 ], [ -79.656800636630422, 44.375182497585818 ], [ -79.656951236678026, 44.375175297577357 ], [ -79.657064736713693, 44.375167497570615 ], [ -79.657190036753988, 44.375169197564986 ], [ -79.657328436797684, 44.375161397556994 ], [ -79.657466236842026, 44.375163097550754 ], [ -79.657579436879288, 44.375173597547132 ], [ -79.657678636913744, 44.375201897547242 ], [ -79.657752936942657, 44.375256797553156 ], [ -79.657801936963423, 44.37531149756024 ], [ -79.65785083698411, 44.375365797567198 ], [ -79.65788763699932, 44.375402297571675 ], [ -79.657938837011613, 44.375357997561672 ], [ -79.657939937007797, 44.375312897553862 ], [ -79.657967037008191, 44.375223297537218 ], [ -79.658030537026107, 44.375196897529641 ], [ -79.658106137048719, 44.37517989752309 ], [ -79.658193737077767, 44.375189797520619 ], [ -79.658306237115639, 44.375209297518623 ], [ -79.658468537171203, 44.375247197517382 ], [ -79.65863073722754, 44.375294097517674 ], [ -79.658730737261408, 44.375313297516257 ], [ -79.658856137302578, 44.375323597512015 ], [ -79.658994337346186, 44.375316397504172 ], [ -79.659132837388256, 44.375290997493231 ], [ -79.659258837427146, 44.37527459748442 ], [ -79.659372137461929, 44.37525779747611 ], [ -79.659497337502984, 44.375268097471888 ], [ -79.659609937540111, 44.375278697468332 ], [ -79.65972253757883, 44.3753067974678 ], [ -79.659847337621457, 44.375335297466769 ], [ -79.659984737668196, 44.375363997465122 ], [ -79.660134337719654, 44.375401697464468 ], [ -79.660297137774521, 44.37543049746165 ], [ -79.660447237824485, 44.37545039745789 ], [ -79.660597337874435, 44.375470197454135 ], [ -79.660734737921175, 44.375498797452508 ], [ -79.660884837971935, 44.375527497450243 ], [ -79.661009938013876, 44.375547197447652 ], [ -79.661122338051712, 44.375566297445616 ], [ -79.661259838097621, 44.375585897442406 ], [ -79.661385338139624, 44.375605397439763 ], [ -79.661497938176723, 44.375615797436176 ], [ -79.661609838216037, 44.375652997437236 ], [ -79.661721938256306, 44.375699497439868 ], [ -79.661859138303768, 44.375737097439774 ], [ -79.661983638348033, 44.37578359744181 ], [ -79.662095438388121, 44.375829797444389 ], [ -79.662219838433174, 44.375885397448059 ], [ -79.662319038469263, 44.375931497451205 ], [ -79.662430838510261, 44.375986797455361 ], [ -79.662530238546424, 44.376032897458558 ], [ -79.662642038586526, 44.376079397461183 ], [ -79.662754238626007, 44.376116697462287 ], [ -79.662866338665381, 44.376153997463305 ], [ -79.663016238716111, 44.376182797461098 ], [ -79.663190738778098, 44.376247697463896 ], [ -79.663290138813437, 44.376284997465575 ], [ -79.663402638852119, 44.376313197465045 ], [ -79.663502338886687, 44.376341597465178 ], [ -79.663614538925316, 44.376369697464646 ], [ -79.663739538968031, 44.376398497463633 ], [ -79.663852039005874, 44.376417597461518 ], [ -79.663964639043797, 44.376436897459492 ], [ -79.664064639077608, 44.376456097458018 ], [ -79.664189739118683, 44.376466497453833 ], [ -79.664302239156555, 44.376485897451779 ], [ -79.664377439181592, 44.376495697449855 ], [ -79.664415039193685, 44.376496297448199 ], [ -79.664527939230879, 44.376506497444602 ], [ -79.664653239271175, 44.376507997438871 ], [ -79.664665839275216, 44.376508197438284 ], [ -79.664778839311566, 44.376509497433119 ], [ -79.664904339351978, 44.376510997427381 ], [ -79.665029839392304, 44.376512397421607 ], [ -79.665142739428674, 44.3765137974165 ], [ -79.665268539468286, 44.376506297409243 ], [ -79.665394039507859, 44.376498697401921 ], [ -79.66550723954343, 44.376490997395194 ], [ -79.665607939574969, 44.376483197389042 ], [ -79.66568333959836, 44.376474897384043 ], [ -79.665733739613771, 44.376466497380179 ], [ -79.665758839621887, 44.376466997379083 ], [ -79.665821939641333, 44.376458897374683 ], [ -79.665884639660632, 44.376450197370168 ], [ -79.66596043968336, 44.376433197363667 ], [ -79.666049039708568, 44.376398497353485 ], [ -79.666124639732047, 44.376390197348449 ], [ -79.666237939767612, 44.37638249734168 ], [ -79.666249139776241, 44.376436697350499 ], [ -79.666374039818919, 44.37646499734938 ], [ -79.66644933984314, 44.376465997345967 ], [ -79.666498939860773, 44.37648449734678 ], [ -79.666586539889835, 44.376494697344313 ], [ -79.666687139922175, 44.376495697339685 ], [ -79.666824839967305, 44.376506297334991 ], [ -79.666962940011757, 44.376507997328687 ], [ -79.667088440052098, 44.376509497322942 ], [ -79.667201240089227, 44.376519797319325 ], [ -79.667313540127864, 44.376547997318831 ], [ -79.667438840169012, 44.376558697314657 ], [ -79.667563940210059, 44.376568897310456 ], [ -79.66770204025535, 44.376579597305735 ], [ -79.667814840291626, 44.376580797300534 ], [ -79.667915040324743, 44.376591097297521 ], [ -79.668015840356318, 44.376583297291361 ], [ -79.668091640378179, 44.376557097283275 ], [ -79.668155540393727, 44.376503897271071 ], [ -79.668219640409347, 44.376450497258837 ], [ -79.66825874041524, 44.376379097244737 ], [ -79.668297840421957, 44.376316397232117 ], [ -79.668349440432735, 44.37625409721894 ], [ -79.668401340443594, 44.376191697205755 ], [ -79.668452540455021, 44.376138197194159 ], [ -79.668516640469846, 44.376075997180415 ], [ -79.66856834048059, 44.376013397167178 ], [ -79.668619940491354, 44.375951197154023 ], [ -79.668672240499816, 44.375861597136179 ], [ -79.668673240495977, 44.3758166971284 ], [ -79.668673340495204, 44.375807797126839 ], [ -79.668724340508248, 44.375772297118353 ], [ -79.668775440521344, 44.375736797109788 ], [ -79.668827240531343, 44.375665497095071 ], [ -79.668891640545411, 44.375594197079771 ], [ -79.668943840553837, 44.375504797061943 ], [ -79.669008240567848, 44.375433497046636 ], [ -79.669059740577765, 44.375361997031916 ], [ -79.669111840587874, 44.375290597017162 ], [ -79.669176540601995, 44.375219397001871 ], [ -79.669265440624727, 44.375157396986978 ], [ -79.669354540647518, 44.375095296972077 ], [ -79.669444040670456, 44.375033296957163 ], [ -79.66954604069663, 44.374962596940165 ], [ -79.669661140725324, 44.37487379691941 ], [ -79.669750440747322, 44.374802796902969 ], [ -79.669852840772762, 44.374723096884395 ], [ -79.66996734080297, 44.374652396866814 ], [ -79.67006904083064, 44.374599596852903 ], [ -79.670183040863137, 44.374555796839942 ], [ -79.670283640893814, 44.374539096832265 ], [ -79.670396840929442, 44.374531296825538 ], [ -79.670496940963318, 44.374550496824043 ], [ -79.670596840997078, 44.374569696822576 ], [ -79.670672041022129, 44.374579596820681 ], [ -79.670759641051148, 44.374589496818231 ], [ -79.670859941083435, 44.374590796813614 ], [ -79.670985641123039, 44.37458319680632 ], [ -79.671136641170747, 44.374575996797894 ], [ -79.671287341218388, 44.37456859678943 ], [ -79.671425641261237, 44.374552496780083 ], [ -79.671589141312964, 44.374545196771031 ], [ -79.671764941368693, 44.374538196761421 ], [ -79.671915541417135, 44.374539996754528 ], [ -79.67206594146549, 44.374541596747648 ], [ -79.672254041526841, 44.37455289674061 ], [ -79.672417241579382, 44.374554796733158 ], [ -79.672580641631072, 44.37454769672415 ], [ -79.67274414168206, 44.374531696713568 ], [ -79.672907441733727, 44.374524396704551 ], [ -79.673070741785438, 44.37451749669556 ], [ -79.673233841837899, 44.374519196688105 ], [ -79.673447441905793, 44.37451279667679 ], [ -79.673610641958263, 44.374514696669323 ], [ -79.673786442014006, 44.374507796659799 ], [ -79.673974942073784, 44.374500896649586 ], [ -79.674150742129527, 44.374493896640018 ], [ -79.674326642185278, 44.374486996630409 ], [ -79.674502842240273, 44.374471096619288 ], [ -79.674741642315382, 44.374455596605209 ], [ -79.674917542370352, 44.374439796594146 ], [ -79.675093742425375, 44.374423896582996 ], [ -79.675269642481112, 44.374416996573409 ], [ -79.675420642528039, 44.374400696563399 ], [ -79.675596742582982, 44.374384796552263 ], [ -79.675797942646014, 44.374368896539949 ], [ -79.675961842695429, 44.374334896526292 ], [ -79.67613824274882, 44.374300996512055 ], [ -79.676327142807096, 44.374275996498767 ], [ -79.67649074285805, 44.374259896488148 ], [ -79.67665384291054, 44.374261896480704 ], [ -79.676842142970273, 44.374255196470607 ], [ -79.677005243023558, 44.374265896464685 ], [ -79.677168143076784, 44.374276996458804 ], [ -79.677343643134066, 44.374287796452272 ], [ -79.677531743194578, 44.374289996443657 ], [ -79.677682443243057, 44.374291696436806 ], [ -79.677845543295533, 44.374293696429341 ], [ -79.678008743348016, 44.374295496421865 ], [ -79.678171643401257, 44.374306396415925 ], [ -79.678347243457736, 44.374308596407971 ], [ -79.678522443515774, 44.374328696403026 ], [ -79.67867264356741, 44.374366196402313 ], [ -79.678809743614877, 44.374403896402249 ], [ -79.678934043658174, 44.374441296402743 ], [ -79.679084843707486, 44.374451896397368 ], [ -79.679248343758488, 44.374436196386853 ], [ -79.679399243806159, 44.37442859637833 ], [ -79.679537243849708, 44.374421296370514 ], [ -79.679687943897378, 44.374414096362038 ], [ -79.679851243949088, 44.374407196353111 ], [ -79.679989543993543, 44.374408496346746 ], [ -79.680140444041243, 44.374401296338284 ], [ -79.680291244088053, 44.37438489632828 ], [ -79.680467244143003, 44.374368896317115 ], [ -79.680592944182621, 44.374361596309882 ], [ -79.680844344261857, 44.374346496295303 ], [ -79.680982544305436, 44.374338896287391 ], [ -79.681095644341852, 44.374340296282206 ], [ -79.681221144382192, 44.374341896276512 ], [ -79.681371644430627, 44.374343496269617 ], [ -79.681497144470939, 44.37434489626385 ], [ -79.681609844508074, 44.374355196260225 ], [ -79.681735344548414, 44.374356696254495 ], [ -79.681810544572642, 44.374357696251067 ], [ -79.681861144588922, 44.374358096248741 ], [ -79.682011844634829, 44.374332896237242 ], [ -79.682111744670323, 44.374369896238797 ], [ -79.682211544704131, 44.37438899623735 ], [ -79.682274444723504, 44.374380696232926 ], [ -79.682451544775446, 44.37432889621553 ], [ -79.682615144825576, 44.374303796203463 ], [ -79.682878744909516, 44.374297796189801 ], [ -79.683016644955572, 44.374317396186626 ], [ -79.68322894502802, 44.374364796184608 ], [ -79.68332954505955, 44.374357096178507 ], [ -79.683468545100055, 44.374313596164406 ], [ -79.683556545127544, 44.374305696158828 ], [ -79.683844445222647, 44.374335996150286 ], [ -79.684346445384165, 44.374341896127341 ], [ -79.684522745438343, 44.374316896114657 ], [ -79.684674045483675, 44.374282396101485 ], [ -79.684775245513734, 44.37425669609226 ], [ -79.685243645646864, 44.374073096038366 ], [ -79.685748745796758, 44.373943595992031 ], [ -79.685937345854953, 44.37391889597879 ], [ -79.686276445963202, 44.37391389596177 ], [ -79.686687946106389, 44.374035495962993 ], [ -79.686849946164358, 44.374100595966404 ], [ -79.687010646225204, 44.374201295976043 ], [ -79.687354746365969, 44.374529396015923 ], [ -79.687723946514822, 44.374857796054691 ], [ -79.687736146520436, 44.37487599605722 ], [ -79.687760946529181, 44.374885096057582 ], [ -79.687808946554696, 44.374993696073957 ], [ -79.687807646560117, 44.375056796084841 ], [ -79.68775644654697, 44.375092296093399 ], [ -79.68768084652433, 44.375109396099923 ], [ -79.687542146482258, 44.375134896110907 ], [ -79.687365446429567, 44.37517769612672 ], [ -79.68726364640267, 44.375239296142119 ], [ -79.687274546412851, 44.375311796154037 ], [ -79.687299446421704, 44.375320996154457 ], [ -79.687473746483604, 44.375386196157308 ], [ -79.687466446511337, 44.375710096213275 ], [ -79.687465746513624, 44.375737096217918 ], [ -79.687539046545538, 44.375827896230028 ], [ -79.687638346582503, 44.375883196234774 ], [ -79.68783794665174, 44.375939496234935 ], [ -79.687988246701721, 44.375959196231143 ], [ -79.688163946757413, 44.375952296221556 ], [ -79.688541646873887, 44.375902496194961 ], [ -79.688554146878758, 44.375911596195934 ], [ -79.688579146886795, 44.375911996194795 ], [ -79.688591546891629, 44.375921096195739 ], [ -79.688488446868504, 44.37602799621903 ], [ -79.688461146869741, 44.376135696238812 ], [ -79.688379646869407, 44.376413896290479 ], [ -79.688276246848687, 44.37654769631839 ], [ -79.688019546789533, 44.376796696373376 ], [ -79.687967746780359, 44.376877296389679 ], [ -79.687978646790526, 44.376949196401526 ], [ -79.688051346824821, 44.377067296418275 ], [ -79.688062546833393, 44.377121296427035 ], [ -79.688062246835017, 44.377139296430151 ], [ -79.688099346849455, 44.377166896433081 ], [ -79.68812294686289, 44.377230096442794 ], [ -79.688257346921162, 44.377393796464503 ], [ -79.688306546941135, 44.377439296469966 ], [ -79.688432046980694, 44.377431796462716 ], [ -79.688469146995956, 44.377468196467177 ], [ -79.688441746996304, 44.377566796485404 ], [ -79.688439147006378, 44.377683896505573 ], [ -79.688450047016573, 44.377755996517458 ], [ -79.688498447039635, 44.37783759652914 ], [ -79.688545647067329, 44.37797319655018 ], [ -79.68872754715261, 44.378263396591294 ], [ -79.68882264720493, 44.378498496627095 ], [ -79.688834847210543, 44.378516696629653 ], [ -79.688818847219594, 44.378669596656643 ], [ -79.688792047218485, 44.378750296671789 ], [ -79.688753647208671, 44.378776996678234 ], [ -79.688676947189805, 44.378838896692507 ], [ -79.688601247167156, 44.378856096699067 ], [ -79.68851304713958, 44.378864196704676 ], [ -79.688375747093787, 44.378844596707843 ], [ -79.688175047028338, 44.378833296715506 ], [ -79.688024746978371, 44.378813596719304 ], [ -79.68789874694032, 44.378839096729685 ], [ -79.687860446929676, 44.378856596734522 ], [ -79.687847646928034, 44.378883396739738 ], [ -79.687871646939996, 44.378928796746351 ], [ -79.687933546962398, 44.378956496748188 ], [ -79.688649147191754, 44.378955996713941 ], [ -79.688661147198118, 44.378982896717957 ], [ -79.688686447206265, 44.378983196716803 ], [ -79.68871094721581, 44.379001496718814 ], [ -79.688736147223892, 44.379001696717623 ], [ -79.688760147235797, 44.379047096724236 ], [ -79.688782847253947, 44.379164396743292 ], [ -79.68881594728299, 44.379362796775737 ], [ -79.688839747295631, 44.379416896783901 ], [ -79.689053147416942, 44.37998659687149 ], [ -79.689134047472223, 44.380302696921909 ], [ -79.689145747478506, 44.380329896925993 ], [ -79.689202847521102, 44.380591596968202 ], [ -79.689224747541502, 44.380735996991945 ], [ -79.689232847562508, 44.380934097025523 ], [ -79.689219447561527, 44.380969997032338 ], [ -79.689241147635343, 44.381690297154911 ], [ -79.68923244766853, 44.382077397221771 ], [ -79.689166447659844, 44.382211697247932 ], [ -79.689088047647971, 44.382354797276243 ], [ -79.689036347638037, 44.382426497291036 ], [ -79.688933447615, 44.38253309731423 ], [ -79.688806647580037, 44.382594697330831 ], [ -79.688705447550788, 44.382629597341676 ], [ -79.688415047464929, 44.382707297368874 ], [ -79.688376647455087, 44.382733897375282 ], [ -79.688325547441991, 44.382769297383803 ], [ -79.688309147453424, 44.382948997415419 ], [ -79.68829454745709, 44.383038897431511 ], [ -79.688279947460742, 44.383128997447692 ], [ -79.68827794746845, 44.383218897463202 ], [ -79.688276047476208, 44.383308797478747 ], [ -79.688273947483879, 44.383398797494301 ], [ -79.688259347487573, 44.383488797510431 ], [ -79.688244647491189, 44.383578497526514 ], [ -79.688242847498955, 44.383668497542047 ], [ -79.688228347502687, 44.383758397558147 ], [ -79.688226347510408, 44.383848397573679 ], [ -79.688224347518073, 44.383938397589226 ], [ -79.688234947529835, 44.384028597604186 ], [ -79.688258247544013, 44.384100797615488 ], [ -79.688295647557737, 44.384119397616885 ], [ -79.688333347569014, 44.384110797613602 ], [ -79.688358847575557, 44.384093097609338 ], [ -79.688372447575802, 44.384048197601011 ], [ -79.688387047572135, 44.383958397584891 ], [ -79.688401447568381, 44.38386849756882 ], [ -79.688416147564766, 44.383778497552662 ], [ -79.688418047557008, 44.383688697537146 ], [ -79.688420047549243, 44.383598297521559 ], [ -79.688434947545701, 44.383508697505455 ], [ -79.688436847538, 44.383418897489946 ], [ -79.688439047529457, 44.383319497472762 ], [ -79.688440947521755, 44.38322969745731 ], [ -79.688455447518038, 44.38313989744119 ], [ -79.688494547524797, 44.383077197428562 ], [ -79.688545947536269, 44.383023897416983 ], [ -79.688647747563209, 44.382961997401438 ], [ -79.688724247581959, 44.382899997387199 ], [ -79.688775047596607, 44.38288249738175 ], [ -79.688850647620072, 44.382874197376744 ], [ -79.688976147659645, 44.382866597369429 ], [ -79.68910184770003, 44.382868097363676 ], [ -79.689226847741935, 44.382887597361069 ], [ -79.689352447783179, 44.382897997356856 ], [ -79.68947764782429, 44.382908397352622 ], [ -79.689602647865314, 44.382918997348533 ], [ -79.689728347905742, 44.3829202973427 ], [ -79.689853747946088, 44.382921797336962 ], [ -79.689979647986604, 44.382923297331274 ], [ -79.690104348028385, 44.382942597328579 ], [ -79.690229748069569, 44.382953097324439 ], [ -79.690317148100192, 44.382981297325067 ], [ -79.690316548101691, 44.382998997328123 ], [ -79.690315248107112, 44.383062097338986 ], [ -79.690264348093237, 44.383088797346041 ], [ -79.690327248217102, 44.38420559753466 ], [ -79.690290748305713, 44.385285497721753 ], [ -79.690044248312532, 44.386209997892138 ], [ -79.689817848241333, 44.386225397905591 ], [ -79.689903448278102, 44.386325397918654 ], [ -79.689801848249559, 44.386369397931041 ], [ -79.689714248221392, 44.386368297935078 ], [ -79.689689548211817, 44.386350097933139 ], [ -79.68964064819103, 44.386295497926106 ], [ -79.68956694816066, 44.386222497917053 ], [ -79.689480448126162, 44.386149697908692 ], [ -79.689394048092495, 44.386085397901823 ], [ -79.689320248062018, 44.386012497892814 ], [ -79.689259248035754, 44.385939897883269 ], [ -79.689198448008639, 44.385858097872152 ], [ -79.689174947993564, 44.385776997859317 ], [ -79.689176547988254, 44.385713997848477 ], [ -79.689178447980467, 44.385623897832907 ], [ -79.689180347972751, 44.385533897817361 ], [ -79.689195047969136, 44.385444197801284 ], [ -79.689197047961386, 44.385353897785677 ], [ -79.689211447957675, 44.385264197769615 ], [ -79.689226047954008, 44.385174397753488 ], [ -79.689240647950342, 44.385084597737375 ], [ -79.689255247946718, 44.384994697721282 ], [ -79.689269747942973, 44.38490479770519 ], [ -79.689284247939298, 44.38481489768904 ], [ -79.689286347931628, 44.384724997673516 ], [ -79.689288247923855, 44.384634897657946 ], [ -79.68930294792024, 44.384545097641819 ], [ -79.689317347916514, 44.384455297625777 ], [ -79.68933224791293, 44.384365297609627 ], [ -79.6893341479052, 44.38427519759405 ], [ -79.689336047897442, 44.384185297578554 ], [ -79.689337947889655, 44.384095297563015 ], [ -79.689340047881998, 44.384005297547461 ], [ -79.689342147874328, 44.383915297531935 ], [ -79.689344047866555, 44.383825297516395 ], [ -79.689321047850797, 44.383734897501945 ], [ -79.689296447841258, 44.383716697499977 ], [ -79.689258447829872, 44.383725397503326 ], [ -79.689245247828083, 44.383751897508496 ], [ -79.689244147831943, 44.383796997516306 ], [ -79.689242047840466, 44.38389619753341 ], [ -79.689240047848187, 44.383986197548943 ], [ -79.689238247855954, 44.384075997564445 ], [ -79.689236047863616, 44.384166097580035 ], [ -79.689233947871301, 44.384256197595562 ], [ -79.689219447874947, 44.384345897611645 ], [ -79.689204747878591, 44.384435897627782 ], [ -79.689177747878261, 44.384525497644475 ], [ -79.689175847886048, 44.38461559765998 ], [ -79.689161247889672, 44.384705597676131 ], [ -79.689159147897414, 44.384795497691684 ], [ -79.689144647901074, 44.384885397707777 ], [ -79.689129947904689, 44.384975197723911 ], [ -79.689115647908466, 44.385064997740017 ], [ -79.689088447908048, 44.385154797756734 ], [ -79.689073647911684, 44.385244697772833 ], [ -79.68907184791945, 44.385334597788329 ], [ -79.689069847927172, 44.385424597803855 ], [ -79.689042747926791, 44.385514297820599 ], [ -79.689028347930531, 44.385604297836736 ], [ -79.689026147938222, 44.385694297852282 ], [ -79.689049947950892, 44.385748597860456 ], [ -79.689048347957026, 44.385820497872842 ], [ -79.689071647972909, 44.385910897887257 ], [ -79.689107747990349, 44.385974197896367 ], [ -79.689143348010163, 44.3860646979102 ], [ -79.689142048016421, 44.386136697922652 ], [ -79.689139848024084, 44.386226697938206 ], [ -79.689137748032593, 44.386325697955272 ], [ -79.689135748040314, 44.386415597970753 ], [ -79.689133648048028, 44.386505697986351 ], [ -79.689119148051702, 44.386595598002437 ], [ -79.689117748057143, 44.386658598013327 ], [ -79.689117148059424, 44.386685498017997 ], [ -79.689102548063104, 44.386775398034111 ], [ -79.689100348070724, 44.386865498049694 ], [ -79.689123648085754, 44.386946798062503 ], [ -79.689146748101564, 44.387036898076886 ], [ -79.689083248085311, 44.387081398087545 ], [ -79.689058248076421, 44.387071898087072 ], [ -79.688932748036052, 44.387070598092897 ], [ -79.68893224803756, 44.387088598095964 ], [ -79.68894394804552, 44.38713389810318 ], [ -79.688992848066277, 44.387188298110217 ], [ -79.689041248089367, 44.387269998121909 ], [ -79.689102248115674, 44.387342598131475 ], [ -79.689163448142907, 44.3874244981426 ], [ -79.688883048069414, 44.387601198186303 ], [ -79.688895148074977, 44.387619398188846 ], [ -79.688882348072553, 44.387637198192479 ], [ -79.688831748057922, 44.387654698197913 ], [ -79.68833044784148, 44.387054598118915 ], [ -79.68834524783621, 44.386946998099702 ], [ -79.688257947806477, 44.386927898100602 ], [ -79.688204847801927, 44.387062198126216 ], [ -79.688743348031949, 44.387680598206607 ], [ -79.688388747931285, 44.387820498247507 ], [ -79.688376347926464, 44.387811498246585 ], [ -79.688302547896029, 44.387738598237569 ], [ -79.688216447861677, 44.387665598229184 ], [ -79.688142647831242, 44.387592698220168 ], [ -79.688068947800815, 44.387519698211158 ], [ -79.687995247770445, 44.387446898202199 ], [ -79.687934347743337, 44.387365298191121 ], [ -79.687872947716855, 44.387292498181559 ], [ -79.68779924768647, 44.387219598172571 ], [ -79.687725947655366, 44.387137698162014 ], [ -79.687663847632919, 44.387110098160221 ], [ -79.68765154762724, 44.387091798157712 ], [ -79.687626347619982, 44.387100498160372 ], [ -79.687512547586721, 44.387135398171807 ], [ -79.687448647570363, 44.387179598182428 ], [ -79.687359247548244, 44.387250598198925 ], [ -79.687307447538288, 44.387322098213652 ], [ -79.687255447529921, 44.387411398231421 ], [ -79.687228047529459, 44.387501198248145 ], [ -79.687201347528415, 44.387581898263285 ], [ -79.68718664753203, 44.387671798279378 ], [ -79.687160047530185, 44.387743698293008 ], [ -79.687122047518812, 44.387751998296245 ], [ -79.687046547496152, 44.387769098302819 ], [ -79.686996647478466, 44.38775059830202 ], [ -79.686884247439764, 44.387722298302528 ], [ -79.686772447399676, 44.387676098299892 ], [ -79.686660047360121, 44.387638698298879 ], [ -79.686548047320741, 44.387601298297781 ], [ -79.686472647296483, 44.387600598301283 ], [ -79.686371747266577, 44.387626398310523 ], [ -79.686258047232471, 44.387652098320345 ], [ -79.686157747200184, 44.38765079832497 ], [ -79.686056847169425, 44.38766769833267 ], [ -79.686006047155587, 44.387694198339638 ], [ -79.685904047128659, 44.387755998355082 ], [ -79.685814947105825, 44.387817998369989 ], [ -79.685725847082992, 44.387880098384876 ], [ -79.685636547060156, 44.387941998399818 ], [ -79.685571847046873, 44.388022298416658 ], [ -79.685507447032805, 44.388093598431979 ], [ -79.685418147010793, 44.388164498448411 ], [ -79.685391947007361, 44.388218298458895 ], [ -79.685353646996745, 44.388235898463712 ], [ -79.6853288469879, 44.388226498463283 ], [ -79.685303546980606, 44.388235298465979 ], [ -79.685265046971551, 44.388270898473991 ], [ -79.685189046949631, 44.388296998482041 ], [ -79.685113546926132, 44.388304998487065 ], [ -79.684987346888903, 44.388339498498972 ], [ -79.684961646883124, 44.388366298504785 ], [ -79.684960746886205, 44.388402398511033 ], [ -79.684921246881004, 44.388482898526746 ], [ -79.684883046870397, 44.388500598531614 ], [ -79.684820246851061, 44.388508798536044 ], [ -79.684731546825006, 44.388534998544749 ], [ -79.684718146824011, 44.388570698551547 ], [ -79.684705046823979, 44.388615498559851 ], [ -79.6846902468276, 44.388705398575972 ], [ -79.684663346826468, 44.388786098591112 ], [ -79.684637946819166, 44.388794798593771 ], [ -79.684512546778819, 44.388793398599553 ], [ -79.684386846739187, 44.388800998606861 ], [ -79.684261046699589, 44.388808398614138 ], [ -79.684135546659192, 44.38880699861987 ], [ -79.684009946618758, 44.388805298625599 ], [ -79.683884346579219, 44.388812998632872 ], [ -79.683758846538836, 44.388811598638661 ], [ -79.683633346498482, 44.388810098644399 ], [ -79.683507846458099, 44.388808698650131 ], [ -79.683382246417693, 44.388807298655905 ], [ -79.683256646377288, 44.38880579866165 ], [ -79.683130646338412, 44.388822398670499 ], [ -79.683005346298955, 44.388829898677741 ], [ -79.682879646258499, 44.388828498683537 ], [ -79.682754146218102, 44.388826998689275 ], [ -79.682628346177623, 44.388825398694991 ], [ -79.682502746138113, 44.388833298702352 ], [ -79.682377346098605, 44.388840798709602 ], [ -79.682251546058083, 44.388839298715347 ], [ -79.682125846018536, 44.388846998722698 ], [ -79.68200024597806, 44.388845298728441 ], [ -79.681874545938513, 44.388852998735715 ], [ -79.681749145898181, 44.388851598741489 ], [ -79.681623345858483, 44.388858998748717 ], [ -79.681560645838331, 44.388858398751658 ], [ -79.681535445830235, 44.388858098752785 ], [ -79.68148534581411, 44.38885749875508 ], [ -79.681284045751013, 44.388873198767364 ], [ -79.681020445666221, 44.388870198779458 ], [ -79.68076934558627, 44.388876298792503 ], [ -79.680429345481045, 44.388917198815733 ], [ -79.680164945400207, 44.388959398835581 ], [ -79.679938145329714, 44.388983498850571 ], [ -79.679711545259366, 44.38900799886558 ], [ -79.679460045180917, 44.389032198881722 ], [ -79.679157545088628, 44.389082698904893 ], [ -79.678817544984256, 44.389132698929686 ], [ -79.678452044872543, 44.389191498957196 ], [ -79.678073244759844, 44.38928619899157 ], [ -79.677695044644864, 44.389353799021187 ], [ -79.677417144562128, 44.389422699046293 ], [ -79.677201744502014, 44.389519199073121 ], [ -79.676873544403932, 44.389596399102047 ], [ -79.676481244290272, 44.38972689914312 ], [ -79.6761019441808, 44.389857499183684 ], [ -79.675646344048445, 44.390005399230809 ], [ -79.675215343926467, 44.390180199281339 ], [ -79.674785243803129, 44.390337399328821 ], [ -79.674442543707883, 44.390495499372342 ], [ -79.674187843641036, 44.390654799411848 ], [ -79.673908443564486, 44.390795499449304 ], [ -79.673629243488051, 44.390936199486802 ], [ -79.673362843414012, 44.391059199520569 ], [ -79.673007943313209, 44.391199199561605 ], [ -79.672729243234429, 44.391312899594396 ], [ -79.672463443157241, 44.391399799621979 ], [ -79.672096243052465, 44.391539899663556 ], [ -79.671818142970537, 44.391617499690142 ], [ -79.671578142899975, 44.391686599713466 ], [ -79.671413442852838, 44.391747999731862 ], [ -79.671248842805682, 44.391808799750116 ], [ -79.67102064274151, 44.391905399777592 ], [ -79.670881442702566, 44.391966599794735 ], [ -79.670767142669987, 44.392010499807711 ], [ -79.670678342645587, 44.392054599819538 ], [ -79.670653342637536, 44.392053999820618 ], [ -79.67052714259944, 44.39207959983105 ], [ -79.670514642595435, 44.392079499831596 ], [ -79.670413042566921, 44.392123199844001 ], [ -79.670210842507686, 44.392184099864089 ], [ -79.670008642448451, 44.392244399884042 ], [ -79.669780542383435, 44.39233219991003 ], [ -79.6695528423177, 44.392410399934327 ], [ -79.669451142289958, 44.392463099948209 ], [ -79.66930004224389, 44.39248869995982 ], [ -79.669199442211522, 44.392487299964351 ], [ -79.669174942201124, 44.392459899960834 ], [ -79.669138742183634, 44.392396599951688 ], [ -79.669126742177298, 44.392369399947626 ], [ -79.669063542158611, 44.392386599953589 ], [ -79.66903834215131, 44.392395399956285 ], [ -79.669037142155929, 44.392449299965612 ], [ -79.669048742163838, 44.392494399972762 ], [ -79.6690724421765, 44.39254899998101 ], [ -79.669046142173855, 44.392611399992951 ], [ -79.668982942154372, 44.392619699997425 ], [ -79.668895242126155, 44.392618800001436 ], [ -79.66881924210422, 44.392644800009521 ], [ -79.668730042081393, 44.392706800024413 ], [ -79.6685646420365, 44.392794900047463 ], [ -79.668438541998455, 44.39282050005783 ], [ -79.668261841945778, 44.392863400073665 ], [ -79.66809674190101, 44.392951500096629 ], [ -79.66794484185634, 44.392995000111341 ], [ -79.667767541805944, 44.39306470013176 ], [ -79.667615941761369, 44.393108100146449 ], [ -79.667527241735343, 44.393134100155152 ], [ -79.667363241686701, 44.393177000170326 ], [ -79.667136041618605, 44.393228300189961 ], [ -79.666959241566744, 44.393280500207375 ], [ -79.666707041489772, 44.393322400226602 ], [ -79.666556041442874, 44.393338900236643 ], [ -79.666316941367612, 44.393354000250639 ], [ -79.666153241317474, 44.39337910026277 ], [ -79.665951741255142, 44.393403700276579 ], [ -79.665762741198449, 44.39344640029298 ], [ -79.66558624114333, 44.393462400304102 ], [ -79.665321741062428, 44.393504300323904 ], [ -79.665132741004101, 44.393529200337213 ], [ -79.664918640938552, 44.393562600353171 ], [ -79.664855140920608, 44.393588900360712 ], [ -79.664679340864083, 44.393586900368767 ], [ -79.664315640747034, 44.39358280038541 ], [ -79.664114640682328, 44.393580300394582 ], [ -79.663963540635422, 44.393596600404557 ], [ -79.663736540566532, 44.393638700422642 ], [ -79.663560840510002, 44.393636800430677 ], [ -79.663334840437287, 44.393634200441063 ], [ -79.663183540391927, 44.393668500454126 ], [ -79.663008240333866, 44.393648300459049 ], [ -79.662946240310546, 44.393611600455699 ], [ -79.662807740267681, 44.393628000465114 ], [ -79.662594140199786, 44.393634500476402 ], [ -79.662393340134315, 44.393623100484071 ], [ -79.662305740105325, 44.393613300486543 ], [ -79.662066940029277, 44.393619300499005 ], [ -79.661866439963916, 44.393608000506582 ], [ -79.661741439922054, 44.393588400509216 ], [ -79.66160323987755, 44.393586900515551 ], [ -79.661402139813717, 44.39359360052628 ], [ -79.661251839764489, 44.393582800531604 ], [ -79.661063539703051, 44.393571500538656 ], [ -79.66088833964416, 44.393542500542011 ], [ -79.660713439585393, 44.39351340054543 ], [ -79.660638139560348, 44.393503600547284 ], [ -79.660362539469986, 44.393482400556792 ], [ -79.660185539418023, 44.393534400574154 ], [ -79.65994663934282, 44.393549400588135 ], [ -79.659881239321578, 44.393546400590751 ], [ -79.659683039257175, 44.393537400598689 ], [ -79.659507539200703, 44.393535600606754 ], [ -79.659432839174187, 44.393507500605487 ], [ -79.659157539082244, 44.393468100611877 ], [ -79.658919039005468, 44.393465300622772 ], [ -79.658693138932804, 44.393462700633094 ], [ -79.658530438877918, 44.393433800635869 ], [ -79.658355938816726, 44.393377700634581 ], [ -79.658131538738701, 44.393312000634012 ], [ -79.657994838688865, 44.393247400629477 ], [ -79.657796038616524, 44.393155100623112 ], [ -79.657559838531299, 44.393053200616905 ], [ -79.657373238463805, 44.392970200611536 ], [ -79.657312138437391, 44.39289730060198 ], [ -79.657301638425707, 44.392807200587008 ], [ -79.657214138395858, 44.392788100587865 ], [ -79.657162438385896, 44.392859600602648 ], [ -79.657048738352657, 44.392894300613982 ], [ -79.656936738312424, 44.392847900611393 ], [ -79.656925738302249, 44.39277580059953 ], [ -79.656851838272601, 44.392712000592155 ], [ -79.656676838213755, 44.392682800595466 ], [ -79.656476738146054, 44.392644500598472 ], [ -79.656301138089503, 44.392642300606397 ], [ -79.656162938045043, 44.39264070061278 ], [ -79.656124738034421, 44.392658300617605 ], [ -79.656098838029465, 44.392694000624971 ], [ -79.656123638039077, 44.392712400626934 ], [ -79.656248538081769, 44.392740700625822 ], [ -79.656411538135089, 44.392751700619932 ], [ -79.656536938176288, 44.39276210061572 ], [ -79.656649538214168, 44.392781600613702 ], [ -79.656724738238381, 44.392782500610316 ], [ -79.656774338256866, 44.392810000612648 ], [ -79.65670903824585, 44.392917200634137 ], [ -79.656682238243903, 44.39298890064773 ], [ -79.656654538244979, 44.393096500667532 ], [ -79.656653238250456, 44.393159500678344 ], [ -79.656640238248798, 44.393186800683665 ], [ -79.656402038169588, 44.393156600689863 ], [ -79.65623903811634, 44.39314580069582 ], [ -79.656189238099472, 44.393136200696553 ], [ -79.656163638092863, 44.393153800700759 ], [ -79.656150838090454, 44.393171700704443 ], [ -79.65602523804921, 44.393161300708634 ], [ -79.655925238016167, 44.393151100711705 ], [ -79.655850137991152, 44.393141000713555 ], [ -79.655824837983019, 44.393140800714669 ], [ -79.655826337977643, 44.393077800703828 ], [ -79.655853137979562, 44.393006000690235 ], [ -79.65589313798327, 44.392907600671428 ], [ -79.655907537980383, 44.392826700656876 ], [ -79.655908137978088, 44.392799800652199 ], [ -79.655921037980562, 44.392781800648478 ], [ -79.655958937992764, 44.392782300646765 ], [ -79.656010138004206, 44.392729000635192 ], [ -79.655972937991464, 44.392719600635324 ], [ -79.655872237959045, 44.392718400639936 ], [ -79.655808637942712, 44.392762600650542 ], [ -79.655806937948839, 44.392834500662985 ], [ -79.655779537949272, 44.392933200681242 ], [ -79.655753037946539, 44.39299610069331 ], [ -79.655751937949589, 44.393032300699581 ], [ -79.65573833795105, 44.393095000710993 ], [ -79.6557375379533, 44.393122000715643 ], [ -79.655687337937096, 44.393121300717894 ], [ -79.655674937933114, 44.393121100718446 ], [ -79.655648637928806, 44.393165700727387 ], [ -79.65561073791747, 44.393174400730658 ], [ -79.655485637875543, 44.393154900733322 ], [ -79.655311037815181, 44.393107700733509 ], [ -79.655111537745157, 44.393042500731845 ], [ -79.654874237663776, 44.392985500733417 ], [ -79.654673737598429, 44.392974300741031 ], [ -79.654422937516031, 44.392953300749404 ], [ -79.654236637448591, 44.392870200744035 ], [ -79.653912237336655, 44.392785300744954 ], [ -79.653749737281046, 44.392747400746167 ], [ -79.653662737249675, 44.392710200743977 ], [ -79.653550837209451, 44.392663900741347 ], [ -79.653363337144981, 44.392616800742189 ], [ -79.653139237066156, 44.392542300740118 ], [ -79.652888636983846, 44.392521000748424 ], [ -79.652701236918546, 44.392465000747784 ], [ -79.652489136846086, 44.392417200749669 ], [ -79.652314136787282, 44.392388300753048 ], [ -79.652125536727411, 44.392395000763173 ], [ -79.651962536674148, 44.392384200769094 ], [ -79.651661436577228, 44.392380600782836 ], [ -79.651372536485098, 44.392386100797594 ], [ -79.651183936425241, 44.392392900807764 ], [ -79.650918736345758, 44.392452900830662 ], [ -79.650667236267324, 44.392476800846794 ], [ -79.650431236190187, 44.392461500855383 ], [ -79.650328636156672, 44.392454800859163 ], [ -79.650323436154949, 44.392453900859223 ], [ -79.650069136197232, 44.393788701100469 ], [ -79.649982536213599, 44.394264801186246 ], [ -79.649967936216413, 44.394345501200796 ], [ -79.64909623638269, 44.399150202066807 ], [ -79.648882336422332, 44.400316702277124 ], [ -79.648663436453774, 44.401411802475479 ], [ -79.648100536531203, 44.40419140297918 ], [ -79.648023236544162, 44.404598003052584 ], [ -79.647588736616626, 44.406879603464702 ], [ -79.647401436647883, 44.4078632036424 ], [ -79.647207136683065, 44.408913703831821 ], [ -79.646718236771775, 44.411557804308693 ], [ -79.646124836886642, 44.41484360490054 ], [ -79.646032436903241, 44.415341704990389 ] ] ] } },
{ "type": "Feature", "properties": { "OGF_ID": 319585784, "MUNICIPAL_TYPE": "Lower Tier Municipality", "MUNICIPAL_TYPE_FR": "Municipalités de palier inférieur", "MUNICIPAL_NAME": "CITY OF MISSISSAUGA", "MUNICIPAL_NAME_FR": "CITÉ DE MISSISSAUGA", "MUNID": "21005", "MAH_CODE": "21102", "MUNICIPAL_AREA_EXTENT_TYPE": "Mainland", "MUNICIPAL_AREA_EXTENT_TYPE_FR": "Terre ferme", "ASSESSMENT_CODE": "2105", "MUNICIPAL_NAME_PREFIX": "CITY OF", "MUNICIPAL_NAME_PREFIX_FR": "CITÉ DE", "MUNICIPAL_NAME_SHORTFORM": "MISSISSAUGA", "MUNICIPAL_NAME_SHORTFORM_FR": "MISSISSAUGA", "UPPER_TIER_ASSESSMENT_CODE": null, "UPPER_TIER_MUNICIPALITY": "REGIONAL MUNICIPALITY OF PEEL", "UPPER_TIER_MUNICIPALITY_FR": "MUNICIPALITÉ RÉGIONALE DE PEEL", "EFFECTIVE_DATETIME": "2024-02-15T10:26:33Z", "SYSTEM_DATETIME": "2024-02-15T19:24:59Z", "OBJECTID": 10769, "SHAPEAREA": 0, "SHAPELEN": 0 }, "geometry": { "type": "Polygon", "coordinates": [ [ [ -79.63017326996615, 43.735351487961786 ], [ -79.630175569966866, 43.735350987961574 ], [ -79.630292570001657, 43.735323387951269 ], [ -79.630568370083793, 43.735258587927007 ], [ -79.630822270159413, 43.735198987904703 ], [ -79.630999370212152, 43.735157387889146 ], [ -79.631141070254387, 43.735124287876666 ], [ -79.631282870296616, 43.735090987864218 ], [ -79.631424570338766, 43.73505768785175 ], [ -79.63156637038108, 43.735024587839355 ], [ -79.631707970423179, 43.73499118782685 ], [ -79.631849670465414, 43.734958087814434 ], [ -79.63205237052577, 43.734910387796603 ], [ -79.632189270566599, 43.734878487784613 ], [ -79.632210970573027, 43.734873287782648 ], [ -79.632257770584204, 43.734831187773125 ], [ -79.632389170615568, 43.734713387746361 ], [ -79.632482870637944, 43.734629487727318 ], [ -79.632650870678091, 43.734478787693064 ], [ -79.632806970715322, 43.734338687661243 ], [ -79.633165970801059, 43.73401668758811 ], [ -79.633335970841685, 43.733864287553509 ], [ -79.633689670926174, 43.733547187481449 ], [ -79.634045571011157, 43.733228287408977 ], [ -79.634124771030102, 43.7331573873929 ], [ -79.634482271167514, 43.733421187422259 ], [ -79.636654372002567, 43.735023487600742 ], [ -79.63938707305276, 43.737034387824409 ], [ -79.639465573071561, 43.736964187808503 ], [ -79.639645873114588, 43.736802787771801 ], [ -79.639648273115199, 43.7368006877713 ], [ -79.639829373158491, 43.736638687734498 ], [ -79.640048473210825, 43.736442587689929 ], [ -79.64011947322777, 43.736378787675413 ], [ -79.640250073258983, 43.736262187648904 ], [ -79.640326673277272, 43.736193587633366 ], [ -79.640399273294619, 43.736128687618617 ], [ -79.640471973312046, 43.736063687603838 ], [ -79.640544673329401, 43.73599868758906 ], [ -79.640617173346683, 43.735933587574245 ], [ -79.640642973352868, 43.735910787569047 ], [ -79.640690073364141, 43.735868587559459 ], [ -79.640762873381561, 43.735803787544754 ], [ -79.640835673398968, 43.735738787529961 ], [ -79.640908373416337, 43.735673987515199 ], [ -79.640981173433758, 43.73560908750045 ], [ -79.641054073451215, 43.735544087485685 ], [ -79.641126973468687, 43.735479187470915 ], [ -79.641199773486136, 43.735414487456183 ], [ -79.641272673503522, 43.735349387441367 ], [ -79.641345373520934, 43.735284587426605 ], [ -79.641418173538355, 43.735219587411841 ], [ -79.641490873555711, 43.73515468739707 ], [ -79.641563773573196, 43.735089887382358 ], [ -79.641636573590588, 43.735024887367558 ], [ -79.64170947360806, 43.734959987352752 ], [ -79.641782273625481, 43.734895087338003 ], [ -79.641836573638443, 43.734846587326992 ], [ -79.641855273642946, 43.734830187323261 ], [ -79.64192857366055, 43.734765587308495 ], [ -79.642001873678154, 43.734701087293772 ], [ -79.642075173695758, 43.734636487279083 ], [ -79.642152173714223, 43.734568687263589 ], [ -79.642248273737323, 43.734483987244268 ], [ -79.642361273764436, 43.73438438722156 ], [ -79.642502873798477, 43.734259687193095 ], [ -79.642702973846568, 43.734083587152938 ], [ -79.642714973849408, 43.734072887150504 ], [ -79.642854673882994, 43.733949787122427 ], [ -79.643038773927159, 43.733787487085401 ], [ -79.643139773951461, 43.733698587065149 ], [ -79.643237073974845, 43.733613187045655 ], [ -79.64331397399333, 43.733545687030251 ], [ -79.643386274010709, 43.733482187015738 ], [ -79.643458574028131, 43.733418787001277 ], [ -79.643530774045431, 43.733355086986748 ], [ -79.643602974062816, 43.733291586972264 ], [ -79.643675174080144, 43.733228086957745 ], [ -79.643747374097529, 43.73316468694329 ], [ -79.643819574114858, 43.733101286928829 ], [ -79.643891874132251, 43.733037786914331 ], [ -79.643964074149565, 43.732974286899839 ], [ -79.644039874167845, 43.732907786884653 ], [ -79.644112074185173, 43.732844286870126 ], [ -79.644184374202567, 43.732780886855664 ], [ -79.644242774216593, 43.732729586843973 ], [ -79.644256574219895, 43.732717286841194 ], [ -79.644328774237238, 43.732653486826628 ], [ -79.644401074254645, 43.732590286812176 ], [ -79.644473374272053, 43.732526986797687 ], [ -79.644545574289367, 43.732463486783253 ], [ -79.644617774306752, 43.732399986768762 ], [ -79.644698374326111, 43.732329186752587 ], [ -79.644744774337255, 43.7322884867433 ], [ -79.644733074332819, 43.7322801867424 ], [ -79.644855074361871, 43.732170186717447 ], [ -79.644950074384511, 43.732084586697987 ], [ -79.645044874407134, 43.731999286678651 ], [ -79.645139774429779, 43.731913886659278 ], [ -79.64523457445236, 43.731828286639832 ], [ -79.645329574475014, 43.731742886620459 ], [ -79.645424474497673, 43.73165738660105 ], [ -79.645566774531574, 43.731529186571954 ], [ -79.64572617456956, 43.731385686539397 ], [ -79.645916074614846, 43.731214786500594 ], [ -79.645996674634048, 43.731142086484091 ], [ -79.646248674694121, 43.730915186432611 ], [ -79.64638337472627, 43.730793786405044 ], [ -79.64653757476303, 43.730654786373513 ], [ -79.646677874796481, 43.730528486344873 ], [ -79.64677277481907, 43.730443086325458 ], [ -79.646867674841701, 43.73035748630604 ], [ -79.646962574864347, 43.730271986286631 ], [ -79.64705747488695, 43.730186586267244 ], [ -79.647152374909609, 43.730101186247879 ], [ -79.647247174932204, 43.730015686228469 ], [ -79.647342174954829, 43.72993008620908 ], [ -79.647436974977424, 43.729844686189658 ], [ -79.647531975000078, 43.729759286170271 ], [ -79.647626775022658, 43.729673786150862 ], [ -79.647721675045332, 43.729588486131519 ], [ -79.647816575067907, 43.729502886112066 ], [ -79.647911575090617, 43.729417386092706 ], [ -79.648006275113161, 43.729331986073284 ], [ -79.648101275135801, 43.729246486053917 ], [ -79.648196075158381, 43.729160986034508 ], [ -79.648355575196405, 43.729017486001901 ], [ -79.648521575236018, 43.728867785967985 ], [ -79.64869947527842, 43.728707585931573 ], [ -79.649279975416817, 43.728184785812914 ], [ -79.649989175585901, 43.727545985667959 ], [ -79.649991575586427, 43.72754368566742 ], [ -79.650169575628865, 43.72738338563105 ], [ -79.650323975665202, 43.727238985598547 ], [ -79.650499175706614, 43.727077185562031 ], [ -79.650501475707145, 43.727074985561551 ], [ -79.650735675762533, 43.726858785512739 ], [ -79.650862075792389, 43.726741985486392 ], [ -79.650957675815022, 43.726653885466511 ], [ -79.651076775843123, 43.726543785441642 ], [ -79.651144575859163, 43.726481285427582 ], [ -79.65121467587575, 43.726416585412984 ], [ -79.651284675892271, 43.726351785398343 ], [ -79.65133537590431, 43.726304985387785 ], [ -79.651354775908871, 43.72628718538374 ], [ -79.651424875925443, 43.726222385369155 ], [ -79.651495075942037, 43.726157685354551 ], [ -79.651565175958638, 43.726093085339933 ], [ -79.651635275975153, 43.726028185325312 ], [ -79.651705275991702, 43.725963585310701 ], [ -79.651775376008274, 43.725898785296131 ], [ -79.651845576024868, 43.725834085281512 ], [ -79.65191567604144, 43.725769385266922 ], [ -79.651985776058027, 43.725704685252303 ], [ -79.65205577607459, 43.725640185237744 ], [ -79.652125976091156, 43.725575185223072 ], [ -79.652196076107728, 43.725510485208474 ], [ -79.652266076124263, 43.725445785193877 ], [ -79.652336276140858, 43.725381185179273 ], [ -79.652503876180447, 43.725226185144294 ], [ -79.652504576180675, 43.725225785144218 ], [ -79.652580476198608, 43.725155985128431 ], [ -79.652721676232119, 43.725026785099217 ], [ -79.652839276260011, 43.724919185074917 ], [ -79.652956476287741, 43.724811585050531 ], [ -79.653149676333555, 43.724634585010506 ], [ -79.653238276354514, 43.72455338499222 ], [ -79.653376676387353, 43.724426684963554 ], [ -79.653447176404057, 43.724362184948944 ], [ -79.653517676420776, 43.724297584934313 ], [ -79.653587976437422, 43.72423298491973 ], [ -79.653658376454132, 43.724168584905193 ], [ -79.653677876458744, 43.724150584901111 ], [ -79.653730076471248, 43.72410458489064 ], [ -79.653801776488436, 43.724040784876102 ], [ -79.653873676505668, 43.723977184861617 ], [ -79.653945676522909, 43.723913384847073 ], [ -79.654017376540111, 43.723849784832616 ], [ -79.654876476745983, 43.723088484659129 ], [ -79.655195076822594, 43.722808784595244 ], [ -79.655381476867433, 43.722645284557927 ], [ -79.6560305770235, 43.72207598442791 ], [ -79.65595727699295, 43.721995084417188 ], [ -79.656013577006505, 43.721945384405885 ], [ -79.656199677051106, 43.72178098436838 ], [ -79.656406877100792, 43.721597484326573 ], [ -79.656487477120123, 43.721526284310357 ], [ -79.656595277145996, 43.721430684288556 ], [ -79.656667277163265, 43.721367284274052 ], [ -79.656739277180534, 43.721303684259588 ], [ -79.656811277197804, 43.721240084245117 ], [ -79.656883077214999, 43.721176384230603 ], [ -79.656955077232269, 43.721112784216061 ], [ -79.657027077249566, 43.72104918420159 ], [ -79.657099077266835, 43.720985584187048 ], [ -79.657170977284053, 43.720921984172577 ], [ -79.6572428773013, 43.720858084158046 ], [ -79.657314977318606, 43.720794484143504 ], [ -79.657386877335824, 43.720730984129013 ], [ -79.657458777353085, 43.720667384114549 ], [ -79.657530677370346, 43.720603684100034 ], [ -79.657602677387601, 43.720539984085512 ], [ -79.657674677404856, 43.720476484071028 ], [ -79.65774647742208, 43.720412884056543 ], [ -79.657818777439459, 43.720349284042001 ], [ -79.657890577456641, 43.720285584027501 ], [ -79.65796257747391, 43.720221884012986 ], [ -79.658033877491008, 43.72015878399862 ], [ -79.658185977527467, 43.720024283967959 ], [ -79.658261877545698, 43.719957283952674 ], [ -79.658461877593666, 43.719780383912372 ], [ -79.658545877613832, 43.719706183895418 ], [ -79.658624877632732, 43.719636083879443 ], [ -79.658744477661401, 43.719530183855319 ], [ -79.658864077690097, 43.719424583831248 ], [ -79.658979277718871, 43.719335683810307 ], [ -79.659094377747635, 43.719246783789337 ], [ -79.659180977769324, 43.719180083773601 ], [ -79.659250477786671, 43.719126383760994 ], [ -79.659329077806319, 43.719065883746715 ], [ -79.659345377810368, 43.719053183743711 ], [ -79.659428977834438, 43.719023983734708 ], [ -79.659499077854562, 43.718999883727186 ], [ -79.659573577872365, 43.718932683711934 ], [ -79.659642277888707, 43.718870583697822 ], [ -79.659713477905669, 43.718806583683332 ], [ -79.659784577922636, 43.718742583668792 ], [ -79.659855677939575, 43.718678283654199 ], [ -79.659926877956536, 43.71861428363966 ], [ -79.659999077973765, 43.718549183624887 ], [ -79.660069177990451, 43.718486083610543 ], [ -79.660140378007441, 43.718421883595973 ], [ -79.660211478024337, 43.718357783581467 ], [ -79.660285178041917, 43.718291083566349 ], [ -79.660401078069526, 43.718186883542678 ], [ -79.660527178099613, 43.718073083516849 ], [ -79.660661978131699, 43.717951783489312 ], [ -79.660711978143652, 43.717906583479085 ], [ -79.660714178144147, 43.717904383478547 ], [ -79.660892378186617, 43.717743983442155 ], [ -79.661188778271054, 43.717631383408552 ], [ -79.671462180717938, 43.708359081304536 ], [ -79.673161781122701, 43.706824980956426 ], [ -79.672858480756688, 43.703800180441284 ], [ -79.67277028065034, 43.70292158029163 ], [ -79.67257128041031, 43.700937879953784 ], [ -79.672872480472151, 43.700554579872559 ], [ -79.672921180482135, 43.70049267985943 ], [ -79.673977480698909, 43.699148279574629 ], [ -79.674125580729282, 43.698959679534674 ], [ -79.677083881336316, 43.695194378736907 ], [ -79.676865881252482, 43.695032178718719 ], [ -79.676846381244943, 43.695017478717041 ], [ -79.677038281286286, 43.694795078669131 ], [ -79.677056681289883, 43.694769778663833 ], [ -79.677087981296012, 43.694726778654839 ], [ -79.677089881296368, 43.694724278654327 ], [ -79.677604381397273, 43.694016878506353 ], [ -79.678214581486671, 43.692837378271285 ], [ -79.678268881494645, 43.692732778250473 ], [ -79.678288881497537, 43.692693678242634 ], [ -79.678312281500936, 43.692648478233629 ], [ -79.678327281503201, 43.692619978227953 ], [ -79.678332681503932, 43.692609278225817 ], [ -79.678443481520205, 43.692395478183201 ], [ -79.678463381523059, 43.69235657817547 ], [ -79.678509181529776, 43.692268078157831 ], [ -79.678750881565193, 43.691800978064698 ], [ -79.678804481573039, 43.691697178044038 ], [ -79.679073281612432, 43.691177877940525 ], [ -79.679282381643034, 43.690773577859915 ], [ -79.679369981655853, 43.690604277826182 ], [ -79.679832281723606, 43.689710977648168 ], [ -79.680125581766575, 43.689144177535177 ], [ -79.680434581811781, 43.688546677416063 ], [ -79.680565281830923, 43.688293977365717 ], [ -79.680595381835332, 43.688235777354102 ], [ -79.680909881881405, 43.687627977232935 ], [ -79.681187081922019, 43.687092077126138 ], [ -79.681587081980553, 43.68631887697196 ], [ -79.681750982004587, 43.686002076908821 ], [ -79.682806182159112, 43.683962276502214 ], [ -79.682950682180319, 43.683683076446528 ], [ -79.682979482184521, 43.683627276435438 ], [ -79.683581182272661, 43.682464176203581 ], [ -79.683624382278978, 43.682380576186944 ], [ -79.683843182310611, 43.681953376101831 ], [ -79.683848182311777, 43.681948776100846 ], [ -79.683849882312074, 43.681945476100175 ], [ -79.683907682320509, 43.68183377607793 ], [ -79.684442482399064, 43.68080197587215 ], [ -79.685089582493731, 43.67955017562263 ], [ -79.685750382590399, 43.678271575367731 ], [ -79.68598578262484, 43.677815975276907 ], [ -79.686951882766223, 43.675946674904239 ], [ -79.689698583167896, 43.670629273844234 ], [ -79.689749483176072, 43.670539273826087 ], [ -79.689845183194208, 43.670400273797256 ], [ -79.68995838321851, 43.67026817376879 ], [ -79.690087883248708, 43.670144073740992 ], [ -79.690214883279268, 43.67003337371564 ], [ -79.690436183350826, 43.670045473707383 ], [ -79.690752983431395, 43.669817173652561 ], [ -79.690411283299795, 43.669560273623546 ], [ -79.690367483282898, 43.669527273619842 ], [ -79.690296283255421, 43.669473773613845 ], [ -79.690297583255642, 43.669471573613343 ], [ -79.690318283258648, 43.669431273605348 ], [ -79.690366583265728, 43.66933787358672 ], [ -79.690697283314137, 43.668698073459147 ], [ -79.691223783440321, 43.668231373352725 ], [ -79.69159418352902, 43.667903273277908 ], [ -79.691878183597083, 43.667651573220482 ], [ -79.691917483606531, 43.667616773212558 ], [ -79.692162183665161, 43.667399973163143 ], [ -79.692446183733168, 43.667148273105717 ], [ -79.692730283801282, 43.666896573048312 ], [ -79.693956984095109, 43.665809072800364 ], [ -79.695900284560423, 43.664083772407004 ], [ -79.696156884622113, 43.663858572355579 ], [ -79.696507084706013, 43.663548272284764 ], [ -79.696983984819326, 43.663114572186458 ], [ -79.697685784986234, 43.662478972042216 ], [ -79.698880785272493, 43.661419471800613 ], [ -79.699836085501502, 43.660574871607885 ], [ -79.700549185672344, 43.659942971463721 ], [ -79.700551485672904, 43.659940971463278 ], [ -79.700590585682264, 43.659906471455422 ], [ -79.700749885720441, 43.65976547142327 ], [ -79.701613585927063, 43.658996471248031 ], [ -79.701715585951405, 43.658905271227283 ], [ -79.701832685979383, 43.658800371203419 ], [ -79.70259998616261, 43.658113871047213 ], [ -79.70378058644468, 43.657058970807014 ], [ -79.704956886725071, 43.656000970566502 ], [ -79.706007886975243, 43.655051270350896 ], [ -79.706053886992564, 43.655081270353961 ], [ -79.706155587016937, 43.654991270333426 ], [ -79.70642888708241, 43.654748970278206 ], [ -79.706806887172874, 43.654413570201683 ], [ -79.707184887263395, 43.654078170125196 ], [ -79.707562987353953, 43.653742470048684 ], [ -79.707647187374121, 43.653667870031661 ], [ -79.708014187472557, 43.653460969978234 ], [ -79.70848598759909, 43.653194769909476 ], [ -79.708957887725589, 43.652928369840645 ], [ -79.709588587894729, 43.652572769748794 ], [ -79.709991788006192, 43.652382869696623 ], [ -79.710267888082527, 43.652252969660921 ], [ -79.710769388221138, 43.652016569595979 ], [ -79.71119508833884, 43.65181626954093 ], [ -79.711672388470788, 43.651591469479207 ], [ -79.71183118851468, 43.651516569458629 ], [ -79.712575388720467, 43.651166269362342 ], [ -79.712614588731313, 43.651147769357287 ], [ -79.712652688741812, 43.651129769352359 ], [ -79.713249488906811, 43.650848969275188 ], [ -79.713471488968139, 43.650743969246371 ], [ -79.716379989745363, 43.649072968817244 ], [ -79.716968789902694, 43.648734668730349 ], [ -79.719521190584715, 43.647267868353673 ], [ -79.719082390480054, 43.647661368443181 ], [ -79.726145692373791, 43.643676067413715 ], [ -79.726393392440215, 43.643536667377631 ], [ -79.726442592453438, 43.643508767370442 ], [ -79.726489992466128, 43.643482267363581 ], [ -79.726652192509661, 43.643390667339908 ], [ -79.72671949252765, 43.643352667330142 ], [ -79.726786692545701, 43.643314767320334 ], [ -79.726853792563659, 43.643276767310518 ], [ -79.728189992921955, 43.642523267115855 ], [ -79.728302392952045, 43.642459667099402 ], [ -79.730008093409339, 43.641497366850821 ], [ -79.730094993432616, 43.641448366838098 ], [ -79.730162093450616, 43.641410466828333 ], [ -79.730229293468639, 43.641372666818583 ], [ -79.730296493486648, 43.641334666808746 ], [ -79.730363693504657, 43.64129696679899 ], [ -79.730430793522657, 43.64125886678918 ], [ -79.730497893540687, 43.64122116677941 ], [ -79.730565093558681, 43.641183166769579 ], [ -79.73064859358108, 43.641136066757468 ], [ -79.7306905935923, 43.641112366751287 ], [ -79.730732093603422, 43.641088966745265 ], [ -79.73079929362143, 43.641051066735486 ], [ -79.730866393639459, 43.641013266725679 ], [ -79.730933393657395, 43.64097526671592 ], [ -79.731000593675404, 43.640937366706133 ], [ -79.731033893684312, 43.640918566701252 ], [ -79.731067693693419, 43.640899566696319 ], [ -79.731134893711427, 43.640861666686554 ], [ -79.731201993729442, 43.640823866676804 ], [ -79.731278693749971, 43.640780566665612 ], [ -79.731285293751739, 43.640776866664666 ], [ -79.731368693774115, 43.640729966652508 ], [ -79.731435993792161, 43.64069196664267 ], [ -79.731502993810139, 43.640654166632935 ], [ -79.731570293828156, 43.640615966623059 ], [ -79.731637393846142, 43.640578366613354 ], [ -79.731704493864129, 43.640540366603531 ], [ -79.731771493882107, 43.640502566593788 ], [ -79.731838593900036, 43.640464666583952 ], [ -79.731921993922427, 43.640417766571851 ], [ -79.732067593961503, 43.640335566550611 ], [ -79.732136493979937, 43.640296666540571 ], [ -79.732205393998385, 43.640257766530532 ], [ -79.732274194016838, 43.64021906652053 ], [ -79.732342894035298, 43.640180166510476 ], [ -79.732411694053695, 43.640141466500481 ], [ -79.732499194077164, 43.640092166487726 ], [ -79.732515894081629, 43.640082566485262 ], [ -79.732567994095589, 43.640053166477657 ], [ -79.732616194108573, 43.640026166470676 ], [ -79.732738994141471, 43.639956766452784 ], [ -79.732941994195883, 43.639842166423165 ], [ -79.73306099422777, 43.63977496640581 ], [ -79.733063994228573, 43.639773366405393 ], [ -79.733069594230059, 43.639770066404523 ], [ -79.733052894223675, 43.639757966403195 ], [ -79.733283594279129, 43.639555566356925 ], [ -79.733722294384478, 43.639170566268838 ], [ -79.735458494801563, 43.637646565920363 ], [ -79.736891395142692, 43.636354865626764 ], [ -79.736945595155589, 43.636306265615694 ], [ -79.736959495157606, 43.636279265610334 ], [ -79.736967895158912, 43.636263765607247 ], [ -79.736973495159759, 43.636253065605089 ], [ -79.737097095187636, 43.636124265576697 ], [ -79.737162295206701, 43.636105365570344 ], [ -79.7377812953562, 43.635570865447612 ], [ -79.737808595362722, 43.63554646544209 ], [ -79.738393195502326, 43.635024665323215 ], [ -79.738543895537276, 43.634878165290452 ], [ -79.739128495677704, 43.634365065173121 ], [ -79.74151519625525, 43.632318564702494 ], [ -79.743001296604106, 43.630923964388373 ], [ -79.743224896655619, 43.630702664339083 ], [ -79.743946496830389, 43.630085464197023 ], [ -79.745432297181921, 43.628722063888361 ], [ -79.745537597206507, 43.628621463865798 ], [ -79.745958397305998, 43.628234663778258 ], [ -79.74681499750902, 43.627452163600964 ], [ -79.746868197521636, 43.627403463589893 ], [ -79.747081997572252, 43.627207863545593 ], [ -79.747143997587003, 43.627151563532834 ], [ -79.747347097635071, 43.626965863490724 ], [ -79.747614997698633, 43.626721363435287 ], [ -79.747812197745304, 43.626541063394434 ], [ -79.747949397777816, 43.626415563366024 ], [ -79.748050797801866, 43.626322963345018 ], [ -79.748121497818616, 43.626258563330431 ], [ -79.74819199783532, 43.626194063315808 ], [ -79.748262597852047, 43.626129563301191 ], [ -79.748333197868803, 43.626065163286597 ], [ -79.748403797885501, 43.626000663271967 ], [ -79.748474197902183, 43.625936163257343 ], [ -79.748544697918888, 43.625871763242763 ], [ -79.748615597935753, 43.625807263228118 ], [ -79.748685897952328, 43.62574286321356 ], [ -79.748756597969148, 43.625678363198929 ], [ -79.74882709798581, 43.625613763184269 ], [ -79.74889769800258, 43.625549563169713 ], [ -79.748968298019278, 43.625485063155139 ], [ -79.749038798036011, 43.625420463140479 ], [ -79.74910939805271, 43.625356063125885 ], [ -79.749179998069451, 43.625291563111269 ], [ -79.74925049808617, 43.625227263096669 ], [ -79.74926369808928, 43.625214963093917 ], [ -79.749427398128503, 43.625070463060915 ], [ -79.74944679813315, 43.625052863056894 ], [ -79.749498298145383, 43.625006363046339 ], [ -79.749569398162308, 43.624942163031754 ], [ -79.749640398179181, 43.624877863017126 ], [ -79.74971149819612, 43.624813663002527 ], [ -79.749782498212994, 43.624749562987994 ], [ -79.749853498229868, 43.624685262973365 ], [ -79.749924598246793, 43.624621162958832 ], [ -79.749995398263607, 43.624556862944225 ], [ -79.750066598280554, 43.624492662929612 ], [ -79.750137698297479, 43.624428562915085 ], [ -79.750208698314353, 43.624364362900494 ], [ -79.75027959833119, 43.624300162885923 ], [ -79.7503506983481, 43.624235862871288 ], [ -79.750421898365076, 43.62417156285666 ], [ -79.750470598376651, 43.62412756284666 ], [ -79.75049289838195, 43.624107562842092 ], [ -79.750563898398838, 43.624043362827514 ], [ -79.750634898415711, 43.623979162812951 ], [ -79.750705898432585, 43.623914862798387 ], [ -79.750840098464479, 43.623793462770784 ], [ -79.751000498502677, 43.623648762737879 ], [ -79.751096398525476, 43.623561862718155 ], [ -79.751267198566097, 43.623407662683121 ], [ -79.751418798602131, 43.623270662651997 ], [ -79.751427198604148, 43.62326306265026 ], [ -79.751554798634473, 43.623147662624014 ], [ -79.751630498652503, 43.62307916260847 ], [ -79.751706498670586, 43.623010862592928 ], [ -79.75181729869692, 43.622910362570131 ], [ -79.751997298739738, 43.622747762533159 ], [ -79.752212998791023, 43.622552562488806 ], [ -79.752281898807396, 43.622490462474751 ], [ -79.752454598848502, 43.62233456243932 ], [ -79.752652598895594, 43.622155562398653 ], [ -79.752880798949846, 43.62194916235174 ], [ -79.752901798954838, 43.621930262347441 ], [ -79.752933398962355, 43.62190176234099 ], [ -79.75310089900222, 43.621750262306541 ], [ -79.753124699007842, 43.621728762301657 ], [ -79.753165999017696, 43.621691562293194 ], [ -79.753652099133248, 43.62125186219329 ], [ -79.753693499143083, 43.621214362184816 ], [ -79.753735099153033, 43.6211769621763 ], [ -79.753785899165095, 43.621130962165864 ], [ -79.753856799181975, 43.621066862151274 ], [ -79.753927699198812, 43.621002762136726 ], [ -79.753998599215677, 43.620938662122143 ], [ -79.754069499232514, 43.620874562107595 ], [ -79.75414039924938, 43.620810262092981 ], [ -79.754211299266217, 43.620746162078454 ], [ -79.754282299283091, 43.620682062063842 ], [ -79.75449199933297, 43.620492362020798 ], [ -79.754535299343289, 43.620453162011884 ], [ -79.754584599354999, 43.620408562001721 ], [ -79.754543599339272, 43.620378361998391 ], [ -79.754592899351053, 43.620334361988355 ], [ -79.754595299351593, 43.620332261987848 ], [ -79.754831299407954, 43.620121261939822 ], [ -79.754833799408559, 43.620119261939308 ], [ -79.755207299497755, 43.619785361863258 ], [ -79.756020399691792, 43.619058561697706 ], [ -79.758181400207647, 43.617127261257764 ], [ -79.759400200498519, 43.616037361009489 ], [ -79.759417600502644, 43.616021461005886 ], [ -79.759442500508612, 43.615999261000781 ], [ -79.759583400542255, 43.615873160972079 ], [ -79.759764600585157, 43.615707260934464 ], [ -79.75992150062271, 43.615568560902808 ], [ -79.759941700627635, 43.615551560898858 ], [ -79.75998160063709, 43.61551536089069 ], [ -79.761029100885779, 43.614563760674692 ], [ -79.761031000886305, 43.614563260674522 ], [ -79.765094502070241, 43.61333996026945 ], [ -79.765186602097103, 43.613312360260281 ], [ -79.775814405193273, 43.610114259200927 ], [ -79.776250205320295, 43.609983259157502 ], [ -79.776500005393004, 43.609907959132585 ], [ -79.776563305411486, 43.609889159126311 ], [ -79.776825905487968, 43.609810059100113 ], [ -79.778064505848789, 43.609437158976604 ], [ -79.779348606183987, 43.608613058771866 ], [ -79.779353506185217, 43.608609858771075 ], [ -79.779672906268615, 43.608404858720171 ], [ -79.780715206540648, 43.607735758553879 ], [ -79.781674206790882, 43.607120158400939 ], [ -79.782076806896015, 43.606861758336791 ], [ -79.783114107166725, 43.606195758171296 ], [ -79.78316050717882, 43.606166058163879 ], [ -79.783330607223206, 43.606056758136766 ], [ -79.783390107238759, 43.606018658127319 ], [ -79.783892007369701, 43.605695958047143 ], [ -79.783903407372691, 43.605688758045325 ], [ -79.783948907384556, 43.605659458038062 ], [ -79.783977607392004, 43.605640758033424 ], [ -79.785901507894152, 43.604406257726701 ], [ -79.787437808295081, 43.603420157481665 ], [ -79.787724608369942, 43.60323585743587 ], [ -79.789643908870715, 43.602002757129576 ], [ -79.789931508945742, 43.601818057083655 ], [ -79.78792130817591, 43.600348056920197 ], [ -79.788082808225838, 43.600332056909792 ], [ -79.788084508226348, 43.60033185690969 ], [ -79.790705909036831, 43.600071556741035 ], [ -79.791316709222286, 43.599972756695081 ], [ -79.791954409414657, 43.599855956644653 ], [ -79.79258320960345, 43.59973015659304 ], [ -79.793212109790645, 43.599586456538347 ], [ -79.793832009974182, 43.59943355648241 ], [ -79.794442810153257, 43.599263056423879 ], [ -79.795044710328682, 43.599083356364119 ], [ -79.795646610503312, 43.598894756302791 ], [ -79.796396110717097, 43.598618256219083 ], [ -79.796401210718557, 43.598616256218506 ], [ -79.796625810782757, 43.598535456193801 ], [ -79.796631410784357, 43.598533256193186 ], [ -79.796760510820789, 43.598481456178042 ], [ -79.797326410979991, 43.598247756110467 ], [ -79.797892411138406, 43.598005356041405 ], [ -79.798440411289491, 43.597744955970008 ], [ -79.798979311436952, 43.597475455897445 ], [ -79.799509411580729, 43.597196755823653 ], [ -79.800021411718021, 43.59690945574927 ], [ -79.800524411850802, 43.596604055672096 ], [ -79.801018511979933, 43.596289655593736 ], [ -79.801494612102587, 43.595966255514703 ], [ -79.801961712220802, 43.595624855432874 ], [ -79.802410912333272, 43.595283455351947 ], [ -79.802842212439302, 43.594933255270263 ], [ -79.8032733125428, 43.594555855183842 ], [ -79.808221313721802, 43.590119754173465 ], [ -79.808300313740915, 43.590051654157776 ], [ -79.808383713761032, 43.589979854141262 ], [ -79.810101114172923, 43.588470753795981 ], [ -79.810099614169971, 43.588442953791159 ], [ -79.810085714156259, 43.588338253773443 ], [ -79.810074414142122, 43.58821945375314 ], [ -79.810026214107438, 43.588001253717117 ], [ -79.809955714060834, 43.58772905367271 ], [ -79.80988621401886, 43.587505053636647 ], [ -79.809468413806115, 43.586605953498527 ], [ -79.809125313647982, 43.586053853417766 ], [ -79.808687013459405, 43.5854994533411 ], [ -79.807872313130233, 43.584709153240674 ], [ -79.807382212939288, 43.584313953194332 ], [ -79.806524112607718, 43.58365195311849 ], [ -79.805203512101386, 43.582678353009634 ], [ -79.803848611581543, 43.581674552897113 ], [ -79.802472611054085, 43.580660752783793 ], [ -79.80111941053562, 43.579667052672932 ], [ -79.799751010011477, 43.578663152560985 ], [ -79.798331109467057, 43.577614852443595 ], [ -79.797139109010089, 43.576735752345265 ], [ -79.795738108474708, 43.575721652232993 ], [ -79.794578008033255, 43.574903652143867 ], [ -79.793491707625051, 43.574195252070496 ], [ -79.792244107156662, 43.573386251986989 ], [ -79.791121006735892, 43.572667651913513 ], [ -79.790229006399173, 43.57206875185021 ], [ -79.789652106178863, 43.571652751804265 ], [ -79.788694005812062, 43.570951251726086 ], [ -79.787716805429525, 43.570140851629596 ], [ -79.786613704996327, 43.569210351517988 ], [ -79.785416604527768, 43.568217951399866 ], [ -79.783752903885883, 43.566943651254171 ], [ -79.782572703434241, 43.566081551158149 ], [ -79.781220102916649, 43.565093051047974 ], [ -79.779973102438817, 43.564175150945267 ], [ -79.778599601913271, 43.563172250833539 ], [ -79.777346701434126, 43.562259950732084 ], [ -79.776088100953046, 43.561345950630546 ], [ -79.774867800486419, 43.560457850531783 ], [ -79.773548199980766, 43.559485350422825 ], [ -79.772303299504046, 43.558571550320714 ], [ -79.771177099073071, 43.557748050228817 ], [ -79.769889398583203, 43.556839350129515 ], [ -79.768927998223575, 43.556229650067493 ], [ -79.768325197999104, 43.555858450030506 ], [ -79.766893197474133, 43.555071249959333 ], [ -79.766174197211072, 43.554681749924619 ], [ -79.764993696771725, 43.553957949852737 ], [ -79.763811996328315, 43.553193149773726 ], [ -79.762832495957767, 43.552525249702278 ], [ -79.762543395846848, 43.55231014967805 ], [ -79.762036095652192, 43.551932849635499 ], [ -79.761339895382037, 43.551381049571184 ], [ -79.760699795131458, 43.550849649507803 ], [ -79.75973759475076, 43.550003749404247 ], [ -79.758602394298578, 43.548972249276162 ], [ -79.757602593900486, 43.548065249163635 ], [ -79.757297393778245, 43.547780549127907 ], [ -79.756361793409525, 43.546974549030075 ], [ -79.755156692943473, 43.546036948921774 ], [ -79.753883392456913, 43.545112748818994 ], [ -79.752656191987356, 43.544214448718556 ], [ -79.751275891459343, 43.54320564860592 ], [ -79.749997090970282, 43.542272748501837 ], [ -79.748549790416916, 43.541217948384173 ], [ -79.747291989936215, 43.540303748282362 ], [ -79.746120389488809, 43.5394554481881 ], [ -79.744759788974847, 43.53853434808984 ], [ -79.743176888385747, 43.537562847993151 ], [ -79.741747487862355, 43.536782347922873 ], [ -79.740578587437668, 43.536181347871882 ], [ -79.739220286940281, 43.535439947805095 ], [ -79.737761286409892, 43.534685947740769 ], [ -79.737101586171136, 43.534357647713925 ], [ -79.735838885711175, 43.533694947656471 ], [ -79.735116385448521, 43.533321647624646 ], [ -79.73496298539294, 43.5332442476182 ], [ -79.734914885375062, 43.533215247615367 ], [ -79.734710985300566, 43.533106047605671 ], [ -79.734378785180283, 43.532939947591991 ], [ -79.734175885106652, 43.53283634758327 ], [ -79.73405948506479, 43.532781547579098 ], [ -79.733922285014941, 43.532710847573092 ], [ -79.7335842848927, 43.532543547559442 ], [ -79.733323984799043, 43.532419747549874 ], [ -79.733216784760216, 43.532366147545467 ], [ -79.733032484693979, 43.532279447538841 ], [ -79.732772084600796, 43.532161847530332 ], [ -79.732362784454097, 43.531974147516493 ], [ -79.731848984271011, 43.531750747501199 ], [ -79.731506084149231, 43.531605847491811 ], [ -79.731055583989388, 43.531417647479756 ], [ -79.730779783891734, 43.531304647472787 ], [ -79.730626983837737, 43.531243547469202 ], [ -79.730418783764691, 43.531165547465186 ], [ -79.73004468363429, 43.531036147459929 ], [ -79.729882783577906, 43.530980147457683 ], [ -79.729797083548249, 43.530952747456865 ], [ -79.72969808351364, 43.530917647455325 ], [ -79.729573883470422, 43.530875047453613 ], [ -79.729372383400062, 43.530803547450461 ], [ -79.72929018337112, 43.530771947448748 ], [ -79.729273783365542, 43.530767747448806 ], [ -79.728980283263652, 43.530670547445411 ], [ -79.728672283158147, 43.530584747444749 ], [ -79.728488883096077, 43.530542347445838 ], [ -79.728305483034475, 43.530504847447858 ], [ -79.7280657829549, 43.530466747452309 ], [ -79.727933182910789, 43.530444247454533 ], [ -79.727785682862233, 43.530425747458246 ], [ -79.727554982786458, 43.530397947464152 ], [ -79.727547882784151, 43.530397347464351 ], [ -79.724821681728301, 43.528255347215165 ], [ -79.716084778404934, 43.522070246535705 ], [ -79.715900778335637, 43.521947746522791 ], [ -79.697445471266988, 43.508318544986835 ], [ -79.697354971232372, 43.508252244979452 ], [ -79.69727857121454, 43.508325744995929 ], [ -79.694138170470495, 43.511213245650509 ], [ -79.691045669740916, 43.514092146301358 ], [ -79.687936369006295, 43.516975246953649 ], [ -79.684827568271231, 43.519851847604798 ], [ -79.681747367542854, 43.522701048249665 ], [ -79.681675167525825, 43.522768048264837 ], [ -79.681673067525011, 43.522766648264707 ], [ -79.681490367454842, 43.522629448249113 ], [ -79.681395667418585, 43.522559448241161 ], [ -79.680747567170258, 43.522080548187212 ], [ -79.680539967091136, 43.521931748170694 ], [ -79.680211466965957, 43.521696148144557 ], [ -79.676813565666208, 43.519207747865302 ], [ -79.671370163584797, 43.515227947418992 ], [ -79.670996663442239, 43.514957447388824 ], [ -79.670993663441124, 43.514955347388572 ], [ -79.670700263329095, 43.514742947364873 ], [ -79.669878263014581, 43.514139347297004 ], [ -79.669865163009561, 43.514129947295963 ], [ -79.668596262524119, 43.513198447191222 ], [ -79.668593862523153, 43.513196647191023 ], [ -79.667810762223553, 43.512621647126316 ], [ -79.667011161917642, 43.512034747060341 ], [ -79.663821260697944, 43.509701346798408 ], [ -79.663626360623581, 43.509561246782837 ], [ -79.663261060484345, 43.509298746753629 ], [ -79.662362960141394, 43.508646446680672 ], [ -79.662360260140375, 43.508644446680464 ], [ -79.660728359517165, 43.50745924654796 ], [ -79.659205758935343, 43.506348946423458 ], [ -79.658707258744812, 43.505985446382695 ], [ -79.657478058275132, 43.505088946282157 ], [ -79.655980557703145, 43.503999946160263 ], [ -79.655976457701556, 43.5039968461599 ], [ -79.655428557492371, 43.503598846115409 ], [ -79.655425357491112, 43.503596546115148 ], [ -79.654531957149956, 43.502947346042497 ], [ -79.654374057089555, 43.502831146029358 ], [ -79.653375656707453, 43.502096345946534 ], [ -79.651367155940846, 43.500641045783858 ], [ -79.651014355805316, 43.500375745753615 ], [ -79.648170154719395, 43.498310345522469 ], [ -79.648165954717754, 43.49830734552215 ], [ -79.647557354485613, 43.497867645473058 ], [ -79.646432154055589, 43.497045545380722 ], [ -79.645853653834479, 43.496623045333259 ], [ -79.645594853735574, 43.496433545311952 ], [ -79.645403253662266, 43.496293445296203 ], [ -79.645131653558366, 43.496093345273586 ], [ -79.644937053483901, 43.49595004525743 ], [ -79.644807153434144, 43.495854245246598 ], [ -79.64248185254452, 43.49414444505377 ], [ -79.640998651977085, 43.493053744930805 ], [ -79.639673551470651, 43.492084844821818 ], [ -79.637956650814459, 43.490829644680694 ], [ -79.634444049470858, 43.488247944389464 ], [ -79.629027347399003, 43.484266943940298 ], [ -79.628510647201338, 43.483886643897328 ], [ -79.627944946984897, 43.483470543850352 ], [ -79.627859746952169, 43.483406343843001 ], [ -79.627823246938206, 43.483379043839903 ], [ -79.627660146876266, 43.483264343827251 ], [ -79.627640746868934, 43.483250843825807 ], [ -79.6276269468636, 43.483240543824643 ], [ -79.625066345883525, 43.481349943610653 ], [ -79.62506594588335, 43.481349643610599 ], [ -79.625063745890969, 43.48144434362743 ], [ -79.625038145885924, 43.481479843634844 ], [ -79.625000545876304, 43.481506443641294 ], [ -79.625000245877004, 43.481515443642863 ], [ -79.624948645868429, 43.48160484366106 ], [ -79.624923345862726, 43.481631643666944 ], [ -79.62489784585776, 43.481667343674445 ], [ -79.624859245850985, 43.481729843687198 ], [ -79.62482154584211, 43.481765443695288 ], [ -79.624795045836834, 43.481801143702761 ], [ -79.624731845822197, 43.481863343716661 ], [ -79.624703645820276, 43.481944143732235 ], [ -79.624665645812144, 43.48198864374185 ], [ -79.624600945796246, 43.482041943754233 ], [ -79.624525845775437, 43.482077043763915 ], [ -79.62446214575985, 43.482130343776241 ], [ -79.624435345756837, 43.482193043788541 ], [ -79.624426045757858, 43.482238143796948 ], [ -79.62428944571478, 43.482242543804055 ], [ -79.624274445706263, 43.482200043797249 ], [ -79.624225745687596, 43.48216344379307 ], [ -79.624165145666709, 43.482144843792646 ], [ -79.624091045642288, 43.482135043794379 ], [ -79.624054945627506, 43.482098243789544 ], [ -79.624055745624645, 43.482062443783221 ], [ -79.624082445628432, 43.482008543772452 ], [ -79.624083545624018, 43.481954643762911 ], [ -79.624046845611588, 43.481945343762995 ], [ -79.623971945590043, 43.48197154377106 ], [ -79.623920545578358, 43.482024743782866 ], [ -79.623893445576016, 43.482096443796728 ], [ -79.623929545591551, 43.482142043803101 ], [ -79.623978145610963, 43.482187643808835 ], [ -79.624002145620977, 43.482214843812557 ], [ -79.623987945619575, 43.482250543819511 ], [ -79.623962545614674, 43.482286443827022 ], [ -79.623912045602523, 43.482330743837117 ], [ -79.623873245594098, 43.482375443846855 ], [ -79.623835045585835, 43.482419943856463 ], [ -79.623706945559988, 43.482589443892266 ], [ -79.623607345530573, 43.482615243901456 ], [ -79.623555845518908, 43.482668643913264 ], [ -79.623553445527577, 43.482776643932418 ], [ -79.623375445486602, 43.482954743972051 ], [ -79.623135245427335, 43.483149844017568 ], [ -79.622894345370995, 43.483381044069553 ], [ -79.622641745310986, 43.483611944121982 ], [ -79.622240045204109, 43.483850244182626 ], [ -79.621825645093267, 43.484088444243888 ], [ -79.621562245024251, 43.484256244285675 ], [ -79.621372444980238, 43.484443144327464 ], [ -79.621171344928726, 43.484584744361754 ], [ -79.621022144884307, 43.484619144374705 ], [ -79.620812544815834, 43.484598544380859 ], [ -79.620675144775973, 43.484641844394886 ], [ -79.620499044732398, 43.48478384442808 ], [ -79.620333744697859, 43.484989144471939 ], [ -79.620080044641412, 43.485265144532356 ], [ -79.619939844613228, 43.485452244571832 ], [ -79.619913244611823, 43.485532944587312 ], [ -79.619912544615573, 43.485577944595271 ], [ -79.619812844586122, 43.485603944604463 ], [ -79.619700044556481, 43.485674544622185 ], [ -79.619522844514179, 43.485834444658565 ], [ -79.61941014448449, 43.485905144676288 ], [ -79.619324344454, 43.485868144673752 ], [ -79.619190344404117, 43.48578544466541 ], [ -79.619091244373308, 43.485793244671363 ], [ -79.619065144371248, 43.485864844685217 ], [ -79.619149044406726, 43.485965044699 ], [ -79.619245744446303, 43.486065344712145 ], [ -79.619169344430603, 43.486163544732968 ], [ -79.619043944397689, 43.486242944752782 ], [ -79.618958444366456, 43.48619684474869 ], [ -79.618885644338491, 43.486141944742393 ], [ -79.618773444305859, 43.48617674475372 ], [ -79.618758244311266, 43.486293444775015 ], [ -79.61889234436201, 43.486385244784962 ], [ -79.618915044376322, 43.486466544798191 ], [ -79.618876144371029, 43.486547044814166 ], [ -79.618687144324909, 43.48670694485115 ], [ -79.618562144290593, 43.486768344867755 ], [ -79.618426644244963, 43.486739544869003 ], [ -79.618266744190777, 43.486701744869819 ], [ -79.618080944133084, 43.48671764488126 ], [ -79.617792944055395, 43.486876244922556 ], [ -79.617643044013889, 43.486946344941892 ], [ -79.617604644006377, 43.486999844953075 ], [ -79.61759034400896, 43.487080744967983 ], [ -79.617452843971407, 43.487151044986767 ], [ -79.617412543970374, 43.487285745012372 ], [ -79.617323443954547, 43.48742864504171 ], [ -79.61712174390523, 43.487597445080851 ], [ -79.616835843820326, 43.487665945106215 ], [ -79.616561343742234, 43.487770745137418 ], [ -79.616324043676002, 43.487875745166974 ], [ -79.616037643592506, 43.487962245195554 ], [ -79.615715543492101, 43.487985345214561 ], [ -79.615445643398061, 43.487892145210715 ], [ -79.61531214334596, 43.48778244519761 ], [ -79.615165543292093, 43.487699645189792 ], [ -79.614984943215546, 43.487481445159766 ], [ -79.61474034312721, 43.487361545150058 ], [ -79.614581143070893, 43.487296445145972 ], [ -79.614458943026349, 43.48723194514028 ], [ -79.614374642990796, 43.487131845126569 ], [ -79.61410644289019, 43.486957345108337 ], [ -79.613728642749095, 43.486718845083871 ], [ -79.61341184262983, 43.486507945061433 ], [ -79.61310704251683, 43.48632444504328 ], [ -79.612950142451709, 43.486151245020054 ], [ -79.612853742411488, 43.486041945005262 ], [ -79.612682042351977, 43.48598584500337 ], [ -79.612471942284131, 43.485974345011158 ], [ -79.612313642224123, 43.4858642449991 ], [ -79.611584241943987, 43.485315144936266 ], [ -79.611268541821957, 43.48506824490746 ], [ -79.610927541692618, 43.484829944881369 ], [ -79.610757641626549, 43.48469284486508 ], [ -79.610663241579033, 43.484493644834387 ], [ -79.610631841547743, 43.484250144792938 ], [ -79.610636341531787, 43.484052044757846 ], [ -79.610650141530641, 43.48398924474612 ], [ -79.610601641511224, 43.483943544740328 ], [ -79.610357541421521, 43.483805544727375 ], [ -79.610040641302987, 43.483603644706498 ], [ -79.609904941258137, 43.483584044709382 ], [ -79.609803941234603, 43.483681544731247 ], [ -79.609626541193776, 43.483859844770926 ], [ -79.609474441160259, 43.484028944807768 ], [ -79.609509841177868, 43.48410134481891 ], [ -79.609594941210531, 43.484165444826225 ], [ -79.609911141331153, 43.484394444851858 ], [ -79.610616041602697, 43.484934344914237 ], [ -79.611357841886786, 43.485483544976468 ], [ -79.611953442115521, 43.485931845027771 ], [ -79.612208542214319, 43.48613324505137 ], [ -79.612231242229427, 43.486223445066244 ], [ -79.612328342267531, 43.486305645076172 ], [ -79.612449642314914, 43.486406145088267 ], [ -79.612753942430984, 43.486625845112826 ], [ -79.612802042451051, 43.486680545120187 ], [ -79.612862442475844, 43.486744345128628 ], [ -79.612996442525713, 43.48682694513694 ], [ -79.613227142615955, 43.487018945160074 ], [ -79.613567242747322, 43.48728404519094 ], [ -79.613798542835426, 43.487449145209261 ], [ -79.614127842957828, 43.487651045229569 ], [ -79.614298243022489, 43.487770245242594 ], [ -79.614468043089289, 43.487916445260474 ], [ -79.614649843161544, 43.488080745280961 ], [ -79.614783043214288, 43.488199445295642 ], [ -79.615220843382474, 43.488528745333312 ], [ -79.615330443423744, 43.48860224534117 ], [ -79.615377643447474, 43.488701745356444 ], [ -79.615413243464332, 43.488765145366038 ], [ -79.615411643470196, 43.488837345378784 ], [ -79.615435243481642, 43.48888254538565 ], [ -79.615558943521108, 43.48888384538013 ], [ -79.615632643546235, 43.488902845380053 ], [ -79.615669543559591, 43.488921245381576 ], [ -79.615631743549883, 43.48894794538807 ], [ -79.615582143534056, 43.488947345390244 ], [ -79.615544943522949, 43.488955945393499 ], [ -79.615519443517996, 43.488991645400972 ], [ -79.615469043505897, 43.48903614541117 ], [ -79.615442443503696, 43.48910764542498 ], [ -79.61538944350103, 43.489269145455886 ], [ -79.615362243501806, 43.48937684547613 ], [ -79.615335143501824, 43.489475445494755 ], [ -79.615307843503388, 43.489592245516612 ], [ -79.615280643503439, 43.489691145535296 ], [ -79.615253343505785, 43.489816745558699 ], [ -79.6152263435051, 43.489906645575758 ], [ -79.615213343504067, 43.489942345582655 ], [ -79.615199743504476, 43.489996045592783 ], [ -79.615197843510956, 43.490077145607138 ], [ -79.61522134352326, 43.49013154561564 ], [ -79.615282243546631, 43.490177245620849 ], [ -79.615318043562766, 43.490231745628762 ], [ -79.615317143565662, 43.490267745635173 ], [ -79.615303843564547, 43.490303645642093 ], [ -79.615252843554615, 43.490375045657082 ], [ -79.615226843551056, 43.490428645667677 ], [ -79.615200843548308, 43.490491445679972 ], [ -79.615161743542913, 43.490572045695977 ], [ -79.615109443537293, 43.490697445720485 ], [ -79.615056543533811, 43.490849845749807 ], [ -79.61500434352746, 43.490966245772768 ], [ -79.614939343518571, 43.491100545799441 ], [ -79.614925843518989, 43.491154445809578 ], [ -79.614899343516839, 43.491225945823381 ], [ -79.614910643525249, 43.491280445832452 ], [ -79.614895943529234, 43.491379145850537 ], [ -79.614870043525684, 43.49143294586122 ], [ -79.614831743518238, 43.491486545872434 ], [ -79.614780343508926, 43.491566945888984 ], [ -79.614741543502845, 43.491638545903427 ], [ -79.614678143488931, 43.491709545918859 ], [ -79.614638843485125, 43.49180834593809 ], [ -79.61463794348559, 43.4918172459397 ], [ -79.614610943484905, 43.491906945956742 ], [ -79.6145843434835, 43.491987645972209 ], [ -79.614505843475087, 43.492175946009027 ], [ -79.614466943469765, 43.492256246024958 ], [ -79.614427743465185, 43.492346046042606 ], [ -79.61440164346314, 43.492417646056438 ], [ -79.614362243458487, 43.492507246074041 ], [ -79.614297843448213, 43.492623546097519 ], [ -79.61423384343567, 43.49271264611621 ], [ -79.614195143429669, 43.492784446130671 ], [ -79.614043043395313, 43.492944546165951 ], [ -79.613991643386058, 43.493024946182494 ], [ -79.613890243363187, 43.49313194620602 ], [ -79.613789443338149, 43.493211646224765 ], [ -79.613714143318802, 43.493264746237628 ], [ -79.613700943317809, 43.493300646244542 ], [ -79.613637943301626, 43.493344846255262 ], [ -79.613574743287003, 43.493407246269186 ], [ -79.613461443257933, 43.493486646288446 ], [ -79.613361043232999, 43.4935665463072 ], [ -79.613260343207173, 43.493637446324392 ], [ -79.612984143134867, 43.493814146368351 ], [ -79.61287154310368, 43.493866946382887 ], [ -79.612783243082646, 43.493946846401073 ], [ -79.612670443052167, 43.494008446417155 ], [ -79.612582343029558, 43.494070446432175 ], [ -79.612482443002406, 43.494123146446135 ], [ -79.61237024296976, 43.494157746457439 ], [ -79.61227044294111, 43.494192646468221 ], [ -79.612133442901353, 43.494236246482259 ], [ -79.612008542866221, 43.494288546497273 ], [ -79.61189624283432, 43.494332146510196 ], [ -79.611808842809594, 43.494367146520389 ], [ -79.611709242780194, 43.494393046529616 ], [ -79.611646842761886, 43.494410246535558 ], [ -79.611560342734265, 43.494409146539354 ], [ -79.611337542664728, 43.494424546552438 ], [ -79.611262642643169, 43.494450546560543 ], [ -79.611150542610602, 43.494485246571827 ], [ -79.611050642582669, 43.494529046584212 ], [ -79.610962842559388, 43.494582146597644 ], [ -79.610762442504907, 43.494687546625514 ], [ -79.610674042483822, 43.494767546643743 ], [ -79.610573942456654, 43.494820446657677 ], [ -79.610536342446991, 43.494847146664149 ], [ -79.610448742423003, 43.494890946675902 ], [ -79.610298642381423, 43.494960946695272 ], [ -79.610098942324015, 43.495030646716828 ], [ -79.609974542287489, 43.495065346728744 ], [ -79.609837542247703, 43.49510844674267 ], [ -79.609701042206538, 43.495133946753491 ], [ -79.609564042165914, 43.49516824676595 ], [ -79.609402542116769, 43.495193346777832 ], [ -79.609290342084932, 43.495237046790749 ], [ -79.609227742068143, 43.495272346799915 ], [ -79.609152942046634, 43.495298346807964 ], [ -79.609065142023326, 43.495351246821379 ], [ -79.608964841996098, 43.495404246835356 ], [ -79.608889941974539, 43.495430246843405 ], [ -79.608803341947663, 43.495438146848841 ], [ -79.6087411419294, 43.495455546854814 ], [ -79.60865384190393, 43.49548124686342 ], [ -79.608554141875274, 43.495516246874189 ], [ -79.60846664185128, 43.495560046885977 ], [ -79.608416441837662, 43.495586546892973 ], [ -79.608316641808997, 43.495621346903732 ], [ -79.608241641788169, 43.49565654691343 ], [ -79.608166641768207, 43.495700546924674 ], [ -79.607966641712295, 43.495788246949409 ], [ -79.607854041681065, 43.495840846963908 ], [ -79.607778941661095, 43.49588494697521 ], [ -79.607603541612988, 43.495972846998818 ], [ -79.607479241576485, 43.496007347010654 ], [ -79.607391441553204, 43.496060247024069 ], [ -79.607303441530618, 43.496122147039053 ], [ -79.607128241482627, 43.496210147062705 ], [ -79.607015441452219, 43.496271947078846 ], [ -79.606927641428911, 43.496324747092238 ], [ -79.606865141412115, 43.496360047101341 ], [ -79.606789841392029, 43.496404147112642 ], [ -79.606752241382438, 43.496430747119085 ], [ -79.606664341359078, 43.496483647132443 ], [ -79.606614041346191, 43.496519047141014 ], [ -79.605797541040602, 43.495995947086897 ], [ -79.604688440625011, 43.495280047012344 ], [ -79.604018440372528, 43.494830546964309 ], [ -79.603861040310392, 43.494693546947516 ], [ -79.603973340342307, 43.494649946934636 ], [ -79.603937840324619, 43.494577446923529 ], [ -79.603801240283445, 43.494602746934284 ], [ -79.60375314026254, 43.494539146925348 ], [ -79.603778140268929, 43.494521446921063 ], [ -79.603694740231262, 43.494394346902581 ], [ -79.603645240215471, 43.494393746904755 ], [ -79.603502440148588, 43.494148946868307 ], [ -79.603539940158939, 43.49413144686347 ], [ -79.603456940119059, 43.49397734684014 ], [ -79.603407240104744, 43.493994846845553 ], [ -79.603277340039611, 43.493722946803729 ], [ -79.603327040054637, 43.493714546799914 ], [ -79.603231340011504, 43.493569546778794 ], [ -79.603194140000411, 43.49357794678204 ], [ -79.603051139934252, 43.493342046747102 ], [ -79.603101039948555, 43.493324646741719 ], [ -79.603017239910798, 43.493197646723246 ], [ -79.603005039906876, 43.493197446723777 ], [ -79.602838039830701, 43.492934246685181 ], [ -79.60285273982592, 43.492826446665546 ], [ -79.602816439811164, 43.492790046660815 ], [ -79.602780039797139, 43.492762346657592 ], [ -79.602694239766663, 43.492725446655086 ], [ -79.602669539758736, 43.492725146656177 ], [ -79.602632339747643, 43.492733746659418 ], [ -79.602606639743399, 43.492778246668465 ], [ -79.602617739750897, 43.492823646675966 ], [ -79.602652639770724, 43.492923046691864 ], [ -79.602699939793723, 43.493013646705599 ], [ -79.602737339804861, 43.493005046702322 ], [ -79.602843639857767, 43.493222346735699 ], [ -79.60280613984736, 43.493239946740516 ], [ -79.602877339881914, 43.493375946761176 ], [ -79.602926839896909, 43.49336764675742 ], [ -79.603081539968457, 43.493621646794942 ], [ -79.603044239958109, 43.493639046799743 ], [ -79.603115039993355, 43.493784146822073 ], [ -79.603164740008367, 43.493775546818242 ], [ -79.603295440070639, 43.494011346853682 ], [ -79.603258140059552, 43.494019946856938 ], [ -79.6033285400962, 43.49418284688231 ], [ -79.603366040107389, 43.494174246879062 ], [ -79.603554640201565, 43.494563846938917 ], [ -79.603579340209421, 43.494564046937839 ], [ -79.603614640227818, 43.494645446950528 ], [ -79.603639440235753, 43.494645846949453 ], [ -79.603674540254062, 43.494727446962166 ], [ -79.604259340474684, 43.495121747004454 ], [ -79.604977940745059, 43.495598647055012 ], [ -79.605964941115346, 43.496240847122237 ], [ -79.606342241258702, 43.496506747151507 ], [ -79.606427441290634, 43.496561747157273 ], [ -79.606375141284957, 43.496687247181782 ], [ -79.606209241251818, 43.496910447228807 ], [ -79.605981341199595, 43.497141547280087 ], [ -79.605827541170243, 43.497364847326608 ], [ -79.605611241124961, 43.497632447383758 ], [ -79.605394241081754, 43.49792694744572 ], [ -79.605178441035022, 43.498176347499722 ], [ -79.604972940997897, 43.498497947565923 ], [ -79.60484424097578, 43.498712447609655 ], [ -79.604766740964507, 43.498864547640089 ], [ -79.604674040957804, 43.499124647690188 ], [ -79.604504540936929, 43.499500747764301 ], [ -79.604375940914821, 43.499715347808063 ], [ -79.604282940909641, 43.499993447861378 ], [ -79.604216340907385, 43.50020864790239 ], [ -79.604108240906825, 43.500594347975323 ], [ -79.60401204091329, 43.501016348054129 ], [ -79.603891540909601, 43.501411348129331 ], [ -79.603807940919253, 43.501824248205899 ], [ -79.603767340919759, 43.501976848234676 ], [ -79.60366564089756, 43.502092748259805 ], [ -79.603650440903763, 43.502218448282655 ], [ -79.603620340914716, 43.502452348325242 ], [ -79.60356444092136, 43.502730748376891 ], [ -79.603482340925993, 43.503080848442366 ], [ -79.603401940923277, 43.503341148491913 ], [ -79.603398440935578, 43.503494048518988 ], [ -79.603355940942549, 43.503727648562126 ], [ -79.603277740932612, 43.503897748595691 ], [ -79.603137440905215, 43.504094148636803 ], [ -79.603047240889865, 43.504246048667781 ], [ -79.603032740893198, 43.504336048684308 ], [ -79.603066540916586, 43.504480348708142 ], [ -79.603074340936487, 43.504678748742705 ], [ -79.603056040953547, 43.504939648789481 ], [ -79.602988040955537, 43.505208848840056 ], [ -79.602958440964258, 43.505415448877827 ], [ -79.602930840966593, 43.505541348901282 ], [ -79.602839340956351, 43.505756248943371 ], [ -79.602770840959778, 43.506043548997127 ], [ -79.602669440936907, 43.506150349020672 ], [ -79.602544940900287, 43.506184849032564 ], [ -79.602432640868386, 43.506228449045445 ], [ -79.602443240878884, 43.506309649059254 ], [ -79.602380040863466, 43.506363049071602 ], [ -79.602242040826553, 43.506442349091962 ], [ -79.602151840811985, 43.506603249124524 ], [ -79.602186440832511, 43.506711749141957 ], [ -79.602194040853107, 43.506918849178099 ], [ -79.602139540854722, 43.507134349218603 ], [ -79.602121440871059, 43.507386349263818 ], [ -79.602076140888215, 43.507745949329177 ], [ -79.602033140896651, 43.507997349375479 ], [ -79.601966840892089, 43.508185649411722 ], [ -79.601887840885027, 43.508391849451748 ], [ -79.601795840877031, 43.508633949498616 ], [ -79.601703840868197, 43.508866749543905 ], [ -79.601564140837866, 43.509027149578657 ], [ -79.601486940824273, 43.509152249604263 ], [ -79.60140884081359, 43.509313449636252 ], [ -79.601293840791129, 43.509474049669905 ], [ -79.601177440772901, 43.509688649713091 ], [ -79.601125040768082, 43.509823049739182 ], [ -79.601145840789712, 43.509994549768429 ], [ -79.601155040804514, 43.510129549791763 ], [ -79.601224640844933, 43.510337549825131 ], [ -79.601343240901798, 43.510555349858002 ], [ -79.601414440936338, 43.510690949878516 ], [ -79.601448440958251, 43.51081754989923 ], [ -79.601505940993221, 43.511007249929975 ], [ -79.601513041015266, 43.511232549969328 ], [ -79.601543541051058, 43.511529850020239 ], [ -79.601574041085371, 43.511809650068081 ], [ -79.601615841127909, 43.512143150124878 ], [ -79.601670441173013, 43.512459050177902 ], [ -79.601715341204795, 43.512657650210805 ], [ -79.601735941227162, 43.512838050241577 ], [ -79.601793141262817, 43.51303685027397 ], [ -79.601777541270508, 43.513180650299979 ], [ -79.601798541290663, 43.513334050326009 ], [ -79.601832841312657, 43.513460450346663 ], [ -79.601879841337151, 43.513569150363622 ], [ -79.601911841366316, 43.513785550400215 ], [ -79.601954241407569, 43.514101250453869 ], [ -79.60199684144726, 43.514399050504316 ], [ -79.602016741471758, 43.514606250539842 ], [ -79.602050041497478, 43.514777750568506 ], [ -79.602023641495336, 43.514849450582332 ], [ -79.601970841490356, 43.514983750608451 ], [ -79.601917941486903, 43.515136250637767 ], [ -79.601928241498086, 43.515226450653145 ], [ -79.601974441524732, 43.515361950674844 ], [ -79.602033341555398, 43.515497750696035 ], [ -79.602030741564064, 43.515605950715191 ], [ -79.602015541570267, 43.515731750738041 ], [ -79.602021541595917, 43.516002050785346 ], [ -79.602024541633284, 43.516416150858106 ], [ -79.602053641672597, 43.516758650917026 ], [ -79.602057541705506, 43.517119050980277 ], [ -79.602050841729479, 43.51741585103283 ], [ -79.602011341726367, 43.517523651053679 ], [ -79.601998141725289, 43.517559451060556 ], [ -79.601996641730352, 43.517622351071751 ], [ -79.602057041755174, 43.517686251080171 ], [ -79.602092341773542, 43.517767651092868 ], [ -79.602101341789094, 43.517911751117786 ], [ -79.602119941818742, 43.518182051164544 ], [ -79.602139341844705, 43.518407551203325 ], [ -79.602169141882754, 43.518732051259036 ], [ -79.602173641913438, 43.519065251317478 ], [ -79.602191941943772, 43.519344551365776 ], [ -79.602148841952996, 43.51960525141368 ], [ -79.602098241941562, 43.519658551425408 ], [ -79.602108841951264, 43.519730751437663 ], [ -79.602107141957077, 43.519802751450392 ], [ -79.602116441972711, 43.519947051475356 ], [ -79.60218704200868, 43.520100751499143 ], [ -79.602246642035624, 43.520191551512347 ], [ -79.602244042045854, 43.520317651534647 ], [ -79.602252442062778, 43.520479851562783 ], [ -79.602222342072949, 43.520704551603778 ], [ -79.602208342075627, 43.520785351618628 ], [ -79.602219942081689, 43.520812451622888 ], [ -79.602242442097591, 43.520911851639333 ], [ -79.60225134211305, 43.521056051664274 ], [ -79.602222342120427, 43.521244851698839 ], [ -79.602230042141116, 43.521452051734968 ], [ -79.602212442155235, 43.521676851775375 ], [ -79.60224504218381, 43.521884251810327 ], [ -79.602266542202571, 43.522019851833242 ], [ -79.602202742189363, 43.52210005185033 ], [ -79.602188842191268, 43.522171951863584 ], [ -79.60223634221353, 43.522253451875741 ], [ -79.602235142217907, 43.52230745188529 ], [ -79.602219142226232, 43.522460351912947 ], [ -79.602190842230669, 43.522613051941136 ], [ -79.602237942255144, 43.522721551958035 ], [ -79.602297642282139, 43.522812451971284 ], [ -79.602258942276109, 43.522884051985656 ], [ -79.602256242285549, 43.523001052006421 ], [ -79.602240542293984, 43.523153952034043 ], [ -79.602249642308749, 43.523289052057365 ], [ -79.602260042319216, 43.523370352071211 ], [ -79.60227014233115, 43.523469652088231 ], [ -79.602256342332296, 43.523532352099899 ], [ -79.602229942330169, 43.523604052113718 ], [ -79.602202542331668, 43.52372065213553 ], [ -79.602151342321719, 43.523792252150528 ], [ -79.602087342309957, 43.523890352170781 ], [ -79.602086142314334, 43.523944452180352 ], [ -79.602133942335129, 43.524007952189301 ], [ -79.602144242346327, 43.524098152204701 ], [ -79.602115642352217, 43.524268852236098 ], [ -79.602074042355582, 43.524457352271178 ], [ -79.602020442354316, 43.524636852305264 ], [ -79.601992942355849, 43.524753752327136 ], [ -79.601978142360565, 43.52486135234674 ], [ -79.601926042356595, 43.525004952374452 ], [ -79.601846242354881, 43.525274052425551 ], [ -79.601770242340876, 43.525390252449519 ], [ -79.601694942320819, 43.525434452460793 ], [ -79.601780742354521, 43.525507252469616 ], [ -79.601766142358599, 43.525606252487734 ], [ -79.601723942364927, 43.52583095252924 ], [ -79.601656842360086, 43.526019152565446 ], [ -79.601604542351311, 43.526108452583614 ], [ -79.60155374233986, 43.526161952595366 ], [ -79.6016127423634, 43.526216652602265 ], [ -79.601612342364874, 43.526234652605474 ], [ -79.601599842364095, 43.526270552612374 ], [ -79.601594942369616, 43.526351452626848 ], [ -79.601608242378589, 43.526405652635731 ], [ -79.601606742384462, 43.526477752648496 ], [ -79.601641842403552, 43.526568052662761 ], [ -79.60162744240688, 43.526658052679274 ], [ -79.601612342412366, 43.526774852700534 ], [ -79.601647642429938, 43.526847352711627 ], [ -79.601580942426878, 43.527053652751057 ], [ -79.601537942436096, 43.527314352798939 ], [ -79.60147394242442, 43.527412552819229 ], [ -79.601374242394925, 43.527438152828324 ], [ -79.601335742388159, 43.527500752841178 ], [ -79.60138224241409, 43.52762745286131 ], [ -79.601466642448941, 43.52771875287339 ], [ -79.601476342462334, 43.527835652893543 ], [ -79.601410942454933, 43.527987952923418 ], [ -79.601393942466913, 43.528185852959034 ], [ -79.601324142475491, 43.528536153023893 ], [ -79.601207742457305, 43.528750853067116 ], [ -79.601016742416931, 43.528982653116778 ], [ -79.600964442410529, 43.529099053139674 ], [ -79.600934142422247, 43.529341753183786 ], [ -79.600777142405377, 43.529718253257357 ], [ -79.600608242381526, 43.530058153325079 ], [ -79.60048914237278, 43.530389753388945 ], [ -79.600280542347335, 43.530855453480605 ], [ -79.600123142330375, 43.531231753554117 ], [ -79.599956542299338, 43.531481853605904 ], [ -79.599725542257204, 43.531839153679542 ], [ -79.599658342255552, 43.532063353722108 ], [ -79.599529242234951, 43.532295953769058 ], [ -79.599552642247929, 43.53235915377909 ], [ -79.599521542261755, 43.532629053828003 ], [ -79.599520642265475, 43.532674153835991 ], [ -79.599501542284727, 43.532961953887494 ], [ -79.599411442268604, 43.533104953916897 ], [ -79.599369442274167, 43.533320353956753 ], [ -79.599302842271101, 43.533526753996149 ], [ -79.599236542266596, 43.533715054032406 ], [ -79.599121742243412, 43.533866754064384 ], [ -79.599019542222649, 43.534000654092736 ], [ -79.599091942252116, 43.534073454102163 ], [ -79.599225642305072, 43.534192154116809 ], [ -79.599223442312322, 43.534282254132776 ], [ -79.599158042304865, 43.534434554162587 ], [ -79.5990667422939, 43.5346404542031 ], [ -79.599001042287171, 43.534801554234519 ], [ -79.598925042269272, 43.534872754250564 ], [ -79.598850942245619, 43.534871854253886 ], [ -79.59880224222691, 43.53483525424965 ], [ -79.598764942215766, 43.534843754252933 ], [ -79.598739342210735, 43.534879354260376 ], [ -79.59859204215978, 43.534832654259041 ], [ -79.598480042126411, 43.534858354268742 ], [ -79.598453442124239, 43.534930054282562 ], [ -79.598538442157718, 43.535003154291481 ], [ -79.598673342205558, 43.535058654295007 ], [ -79.598768642249453, 43.535213054317708 ], [ -79.598690842238028, 43.535365054348105 ], [ -79.598588342219571, 43.53552595438115 ], [ -79.598421642188498, 43.535775854432913 ], [ -79.598297742148944, 43.535774454438389 ], [ -79.598149742100148, 43.535754754441825 ], [ -79.598149142102287, 43.535781554446565 ], [ -79.598209642126406, 43.535836554453461 ], [ -79.598269742152695, 43.535918354465025 ], [ -79.598241742156461, 43.536062154491638 ], [ -79.598139242136355, 43.536204754521499 ], [ -79.597990642089698, 43.536211954529705 ], [ -79.598038242112054, 43.536293654541865 ], [ -79.597975342096731, 43.536346854554132 ], [ -79.59796054210068, 43.536445754572227 ], [ -79.597733242045535, 43.536640954617148 ], [ -79.597608242009599, 43.53668435463058 ], [ -79.597436241950703, 43.536637354630329 ], [ -79.597387841931265, 43.536591654624544 ], [ -79.597338941913321, 43.536564154622006 ], [ -79.597165141860188, 43.536589054634447 ], [ -79.597138941857381, 43.536651754646698 ], [ -79.597161441872487, 43.536742154661589 ], [ -79.597170641888113, 43.536886254686522 ], [ -79.59704164186671, 43.537109854731838 ], [ -79.596941441839434, 43.537162554745805 ], [ -79.596853441816094, 43.537215454759156 ], [ -79.596691441769124, 43.537267554775866 ], [ -79.596488941721873, 43.537463054819696 ], [ -79.596437141713295, 43.537552754837883 ], [ -79.596334541694773, 43.537713254870887 ], [ -79.596304441705755, 43.537947054913424 ], [ -79.596226341695868, 43.538117154947038 ], [ -79.596088841656723, 43.538169554962607 ], [ -79.59601554162937, 43.538123654957957 ], [ -79.59591724159641, 43.538104454959161 ], [ -79.595890041596419, 43.538203354977838 ], [ -79.595999541638477, 43.538285454987175 ], [ -79.595958541639632, 43.538447055017528 ], [ -79.595744041587025, 43.538624555058739 ], [ -79.59549234152324, 43.538810455103125 ], [ -79.59517884143898, 43.538986855148742 ], [ -79.594927141374484, 43.539163855191589 ], [ -79.594689241308799, 43.539277655222719 ], [ -79.594362941222059, 43.539471955272113 ], [ -79.594027041121919, 43.539548955301264 ], [ -79.593753841038634, 43.539590355321245 ], [ -79.593703241026418, 43.539634755331448 ], [ -79.593541140979426, 43.539686955348138 ], [ -79.593280040900822, 43.539737755369238 ], [ -79.592932940792366, 43.539760555389414 ], [ -79.592562840670226, 43.539710855397914 ], [ -79.592391540608418, 43.539627555391192 ], [ -79.592119740519237, 43.539597255398533 ], [ -79.592021840484023, 43.539551155394953 ], [ -79.591986040467859, 43.539496655387062 ], [ -79.591802740400624, 43.539395355377785 ], [ -79.591470940285149, 43.539283255373476 ], [ -79.59111244016988, 43.539269855387815 ], [ -79.590453539971406, 43.539396755440798 ], [ -79.590229939903168, 43.539430155457083 ], [ -79.590092239865527, 43.539500355475816 ], [ -79.589927039829391, 43.539687555516466 ], [ -79.589823239814464, 43.539893155557507 ], [ -79.589735439790374, 43.539937155569255 ], [ -79.589658339776861, 43.540062355594884 ], [ -79.589517139751592, 43.540285755640809 ], [ -79.589389139726521, 43.54046415567813 ], [ -79.589289739696355, 43.540480955685688 ], [ -79.589202939668624, 43.540479855689568 ], [ -79.589116039642462, 43.540496655696543 ], [ -79.588955039591852, 43.540503755705295 ], [ -79.588794339538964, 43.540483655709252 ], [ -79.588731739522132, 43.540519055718391 ], [ -79.588543639470785, 43.540615955744144 ], [ -79.588331339410885, 43.540702855769368 ], [ -79.588242439391252, 43.540801155790788 ], [ -79.588076439357209, 43.541015155836128 ], [ -79.587985939343355, 43.541185155870274 ], [ -79.587832439313388, 43.541399355915132 ], [ -79.587630639263196, 43.541558955952546 ], [ -79.587254439162066, 43.541770456007306 ], [ -79.587078639114608, 43.541867256032496 ], [ -79.586702639013581, 43.542078656087199 ], [ -79.586576338981928, 43.542176156110209 ], [ -79.586313338910642, 43.542316956147211 ], [ -79.586087638849605, 43.542440156179424 ], [ -79.585974038822073, 43.542537756201874 ], [ -79.585961538818069, 43.542537756202464 ], [ -79.585735138759262, 43.542687956239362 ], [ -79.585471738688611, 43.542837856278048 ], [ -79.585245738629112, 43.542979056313371 ], [ -79.58504763856584, 43.542976656322139 ], [ -79.585046838568744, 43.543012756328586 ], [ -79.585294138648493, 43.543024656319169 ], [ -79.585263738660174, 43.543267556363297 ], [ -79.585071238624835, 43.543562156424066 ], [ -79.584815738573297, 43.543901056495585 ], [ -79.584661238546204, 43.5441514565468 ], [ -79.58463233855278, 43.54433105657975 ], [ -79.584730638586521, 43.544359256580123 ], [ -79.584803438615324, 43.544423356588041 ], [ -79.584924538664296, 43.544541856603239 ], [ -79.585205438767474, 43.544698356617708 ], [ -79.585155138755368, 43.544742756627898 ], [ -79.585016738719062, 43.544831056649826 ], [ -79.584904238687088, 43.54487475666275 ], [ -79.584781938643303, 43.544819156658662 ], [ -79.584611938577169, 43.544681956642442 ], [ -79.584453038518475, 43.544589956633665 ], [ -79.58429493845766, 43.544470856620059 ], [ -79.584136638397666, 43.544360956608124 ], [ -79.58400333834399, 43.544233256591831 ], [ -79.583821438272423, 43.54407795657297 ], [ -79.583651238206244, 43.543940956556774 ], [ -79.583493138145428, 43.54382175654321 ], [ -79.583311238073122, 43.543657356522736 ], [ -79.583042837972329, 43.543483056504506 ], [ -79.582847137901894, 43.543390556497364 ], [ -79.582848737896896, 43.54332755648619 ], [ -79.582799337880289, 43.543317856486809 ], [ -79.582761537870624, 43.543344456493266 ], [ -79.582650537832805, 43.543316056493417 ], [ -79.582477337778286, 43.543322956502706 ], [ -79.582464237777273, 43.543358756509591 ], [ -79.582548737812189, 43.54344975652166 ], [ -79.582708437867936, 43.543505856524106 ], [ -79.582965437960269, 43.5436261565333 ], [ -79.58312243802466, 43.543790156554891 ], [ -79.583268938079385, 43.543881856564184 ], [ -79.583390338126875, 43.543982556576267 ], [ -79.583523738179764, 43.544101356590978 ], [ -79.583656138236265, 43.54426505661359 ], [ -79.583664038255435, 43.544454156646466 ], [ -79.583599238245014, 43.544570356669922 ], [ -79.583508438232698, 43.544758456707228 ], [ -79.583331138191895, 43.544936256746773 ], [ -79.583030538108545, 43.545076456785452 ], [ -79.582743538025596, 43.545172056815581 ], [ -79.58264413799543, 43.545188856823195 ], [ -79.582608337979281, 43.545134356815282 ], [ -79.582548137953708, 43.545061656805274 ], [ -79.58244833792422, 43.545087256814433 ], [ -79.582434637925388, 43.545150256826176 ], [ -79.582494637951683, 43.545231956837711 ], [ -79.58248013795496, 43.545321856854201 ], [ -79.582428337947135, 43.545420256873953 ], [ -79.582438837957568, 43.545501356887719 ], [ -79.58246073797649, 43.54563675691049 ], [ -79.582420737973223, 43.545744356931323 ], [ -79.582430437986616, 43.545861456951421 ], [ -79.58236673797262, 43.545932756966955 ], [ -79.582365137978414, 43.54600475697972 ], [ -79.582313637969108, 43.546085156996256 ], [ -79.582186337941906, 43.546236757028844 ], [ -79.582035837901785, 43.54632485705131 ], [ -79.581858937858698, 43.546475657086091 ], [ -79.581792937852683, 43.546646057119148 ], [ -79.581776337863232, 43.546825857151553 ], [ -79.58170023784605, 43.546905957169166 ], [ -79.581562737807701, 43.546967257186338 ], [ -79.581414037760993, 43.546974357194507 ], [ -79.58145283776706, 43.546902857180122 ], [ -79.581491937771617, 43.546813257162519 ], [ -79.581419737741456, 43.546731357151479 ], [ -79.581294937705522, 43.546774757164954 ], [ -79.581219137686873, 43.5468368571794 ], [ -79.580468737569944, 43.548223157458146 ], [ -79.578340936887273, 43.548160957546251 ], [ -79.576472736288252, 43.548110557624298 ], [ -79.576446836284688, 43.548164157634936 ], [ -79.576470336296936, 43.548218357643343 ], [ -79.576977036461173, 43.548251957625737 ], [ -79.578832637056948, 43.548310957549745 ], [ -79.579674237324937, 43.548312457510839 ], [ -79.580106737466224, 43.548353857498043 ], [ -79.580303537533851, 43.548410357498788 ], [ -79.5804239375842, 43.548546857517209 ], [ -79.580556537639978, 43.54870145753825 ], [ -79.580627837673845, 43.548828457557242 ], [ -79.580761137727507, 43.548956157573507 ], [ -79.580918537790424, 43.549102157591896 ], [ -79.581002937825303, 43.549193357604004 ], [ -79.580975837825321, 43.549291857622556 ], [ -79.581036337850193, 43.549355557630953 ], [ -79.581084837869668, 43.549401357636754 ], [ -79.581046537861411, 43.549445957646405 ], [ -79.58096103783015, 43.549399857642257 ], [ -79.580910937816512, 43.549426257649259 ], [ -79.579948837497398, 43.549279257668147 ], [ -79.579341237354001, 43.549848057796474 ], [ -79.579265337335343, 43.549909957810868 ], [ -79.579900737569119, 43.550269057844503 ], [ -79.579976637587819, 43.55020685783002 ], [ -79.5800131376011, 43.550225457831566 ], [ -79.579936837583801, 43.5503055578492 ], [ -79.58005913762922, 43.550378857856401 ], [ -79.580147937649656, 43.550290157836677 ], [ -79.580196637667598, 43.550317657839287 ], [ -79.580120937649738, 43.550388757855266 ], [ -79.582392138489951, 43.551722657984229 ], [ -79.582239738455542, 43.551882858019482 ], [ -79.582288438474251, 43.551919458023633 ], [ -79.582249338468912, 43.552000058039681 ], [ -79.582160838448559, 43.552088958059421 ], [ -79.582084238432003, 43.552177958078637 ], [ -79.582008138414821, 43.55225805809625 ], [ -79.581894638387311, 43.552355758118743 ], [ -79.581807138361711, 43.552381558127372 ], [ -79.581709738325074, 43.552317458120598 ], [ -79.5816000382829, 43.552234958111164 ], [ -79.581500438254267, 43.552269858121946 ], [ -79.581374838220484, 43.552340258140198 ], [ -79.581250738182462, 43.552356858148876 ], [ -79.581152638147941, 43.552319358146875 ], [ -79.581043338104294, 43.552218958134304 ], [ -79.580822938025221, 43.552117458126688 ], [ -79.580553737928142, 43.551987858116419 ], [ -79.580064937748332, 43.551711858090634 ], [ -79.579649037597264, 43.551499458072627 ], [ -79.579393137500489, 43.551325258053893 ], [ -79.579197137429958, 43.551232858046724 ], [ -79.578855637302681, 43.551021458025481 ], [ -79.578574037200852, 43.550882858014191 ], [ -79.577915136955554, 43.550478357973695 ], [ -79.577683036869544, 43.550340557960254 ], [ -79.577536036817094, 43.550275757955681 ], [ -79.577059436642685, 43.550017757932494 ], [ -79.576631836484765, 43.549769257908693 ], [ -79.576534536447312, 43.549695957900319 ], [ -79.576179936318226, 43.549511357884342 ], [ -79.576175936332007, 43.549682157914539 ], [ -79.576346836395317, 43.549783657924472 ], [ -79.576591636483812, 43.549903957934255 ], [ -79.576860336583081, 43.550060057949146 ], [ -79.577177936699499, 43.550235057965182 ], [ -79.577470536809642, 43.550428057985542 ], [ -79.577629636867584, 43.550511057992757 ], [ -79.577860836955651, 43.550675758010932 ], [ -79.57848513718119, 43.550980758035564 ], [ -79.578814237305295, 43.551200958058992 ], [ -79.579278637475014, 43.551449958081179 ], [ -79.579780037658921, 43.551726258106441 ], [ -79.580219737820698, 43.551974758129688 ], [ -79.580585937956684, 43.552195558151432 ], [ -79.580781238029317, 43.552314858163321 ], [ -79.581025638119257, 43.552453058176297 ], [ -79.581158738172874, 43.552580658192532 ], [ -79.581094638161147, 43.552678958212802 ], [ -79.580968638128809, 43.552767458234221 ], [ -79.580760638053661, 43.552665658226019 ], [ -79.580587637996828, 43.552645758230604 ], [ -79.580574037997252, 43.552699558240668 ], [ -79.580671138035385, 43.552781758250617 ], [ -79.580879338110563, 43.552883358258796 ], [ -79.580938938137521, 43.552974158272001 ], [ -79.580811038112515, 43.553152858309375 ], [ -79.580634338069558, 43.553303558344098 ], [ -79.580571238053395, 43.553347858354783 ], [ -79.580436738004082, 43.55327405834808 ], [ -79.580386837989735, 43.55329165835353 ], [ -79.580373737988708, 43.553327458360407 ], [ -79.58043413801353, 43.553390958368787 ], [ -79.580382438004975, 43.553480458386929 ], [ -79.580193037958722, 43.553640158423818 ], [ -79.580102837942604, 43.55378315845315 ], [ -79.580051137934774, 43.553881558472867 ], [ -79.579937637906468, 43.553970258493749 ], [ -79.579836137882751, 43.554067758515643 ], [ -79.579661737831842, 43.554119758532899 ], [ -79.579436137770074, 43.554234058563502 ], [ -79.579248437718007, 43.554321758587669 ], [ -79.579064237653668, 43.554256558584768 ], [ -79.578942437607623, 43.55417375857585 ], [ -79.578908037586345, 43.554056358556842 ], [ -79.578823937549956, 43.553947358541556 ], [ -79.57866033750804, 43.554062358569404 ], [ -79.578333337423373, 43.554283358623493 ], [ -79.578006537337217, 43.554486158674401 ], [ -79.577731337260403, 43.554609058708806 ], [ -79.577319537141548, 43.554747858752329 ], [ -79.5770458370597, 43.554807558775579 ], [ -79.576896637014414, 43.554832758786993 ], [ -79.576811636980906, 43.554759558778031 ], [ -79.576663236933527, 43.554757758784611 ], [ -79.576649236934628, 43.554820558796344 ], [ -79.576522736904508, 43.554936258822551 ], [ -79.576396636872957, 43.555033658845574 ], [ -79.576321136853593, 43.555086558858406 ], [ -79.576246536831391, 43.555103958864926 ], [ -79.576170736812657, 43.555165958879371 ], [ -79.57610753679721, 43.555219058891645 ], [ -79.576045636778261, 43.555227358895984 ], [ -79.576137336802205, 43.555167358881157 ], [ -79.576045736776791, 43.555209958892931 ], [ -79.573731736135315, 43.556290959190726 ], [ -79.570888735480921, 43.559138959823869 ], [ -79.568024934895973, 43.562852060610119 ], [ -79.560785832964001, 43.567086661691505 ], [ -79.55757983206658, 43.568488062087091 ], [ -79.551904630710112, 43.573606863251101 ], [ -79.547070629444619, 43.576717364022819 ], [ -79.546521729337144, 43.577481764182764 ], [ -79.546518729336483, 43.577485764183599 ], [ -79.546514329335636, 43.577491664184798 ], [ -79.545018429042642, 43.579574964620662 ], [ -79.543783128744479, 43.580656864868303 ], [ -79.543380328647288, 43.581009564949042 ], [ -79.543370928646027, 43.581029464952955 ], [ -79.543348528644032, 43.581088164964328 ], [ -79.543330228643782, 43.581150964976239 ], [ -79.543309228643437, 43.581223164989865 ], [ -79.543284828641561, 43.581290565002909 ], [ -79.543244328634273, 43.581353665015854 ], [ -79.543216828632197, 43.581430065030595 ], [ -79.543200528633747, 43.581506565044769 ], [ -79.543189828638276, 43.581596665061127 ], [ -79.543141128629117, 43.581668565075987 ], [ -79.543101228623954, 43.581754165092939 ], [ -79.543061528619219, 43.581844165110596 ], [ -79.543016628613231, 43.581938765129323 ], [ -79.542969928607889, 43.582046965150511 ], [ -79.542915428599258, 43.582145865170389 ], [ -79.542872228594547, 43.582249265190597 ], [ -79.542828228590508, 43.582361865212434 ], [ -79.542806528593459, 43.582474365233217 ], [ -79.542762328588907, 43.582582465254262 ], [ -79.542701428579392, 43.582694765276848 ], [ -79.542651428574217, 43.582816665300626 ], [ -79.542588728564553, 43.582933665324092 ], [ -79.542538828558961, 43.58305086534704 ], [ -79.542484728551628, 43.583163165369257 ], [ -79.542344228529075, 43.583415465420153 ], [ -79.542277528519335, 43.583545865446204 ], [ -79.542190628503164, 43.583676265473166 ], [ -79.542079528478482, 43.583798165499758 ], [ -79.541966328449575, 43.583879065519248 ], [ -79.541856128422793, 43.583973565540973 ], [ -79.54174702839633, 43.584068065562647 ], [ -79.54164802837316, 43.584162565583853 ], [ -79.541576828355687, 43.584221565597559 ], [ -79.543004528851384, 43.584687965613121 ], [ -79.54321392892227, 43.584735665611753 ], [ -79.54339852898525, 43.584783065611518 ], [ -79.543595829051455, 43.584821665609098 ], [ -79.543767429112606, 43.584895865614193 ], [ -79.543914129166637, 43.58497866562189 ], [ -79.544060529221355, 43.585070665631271 ], [ -79.544219429279309, 43.585153765638459 ], [ -79.544353829329381, 43.585236465646737 ], [ -79.544487629380868, 43.585337165658238 ], [ -79.544634229434834, 43.585420065665986 ], [ -79.544780629489566, 43.585511965675352 ], [ -79.544889329534598, 43.585630465691104 ], [ -79.544985229576298, 43.585757565708967 ], [ -79.54505622961166, 43.585902665731169 ], [ -79.54510162964128, 43.586074365759252 ], [ -79.545121829664382, 43.586263765791621 ], [ -79.545167229693917, 43.58643526581961 ], [ -79.545212629723522, 43.586607065847716 ], [ -79.545270629756303, 43.586769765873584 ], [ -79.545353929794857, 43.586905965893642 ], [ -79.54551312985285, 43.58698906590088 ], [ -79.545697529916566, 43.587045465902222 ], [ -79.545958029998189, 43.587030665887461 ], [ -79.546155230064386, 43.587069265885049 ], [ -79.546301630119089, 43.587161165894422 ], [ -79.546448130173872, 43.587252965903751 ], [ -79.546569430222135, 43.587362565917346 ], [ -79.546665630263163, 43.587480865933649 ], [ -79.546761730304979, 43.587608165951586 ], [ -79.546759530312229, 43.58769816596751 ], [ -79.546682230298615, 43.587823165993058 ], [ -79.546479430250457, 43.588009666035298 ], [ -79.546402430236128, 43.58812576605925 ], [ -79.546299830216043, 43.588268566089177 ], [ -79.546235530204257, 43.588366866109418 ], [ -79.546197330196009, 43.588411366119033 ], [ -79.546182530199971, 43.58851026613705 ], [ -79.546217730218359, 43.588591766149754 ], [ -79.546253630234602, 43.588646166157638 ], [ -79.546380230264731, 43.588530666131476 ], [ -79.546538030327071, 43.588667866148228 ], [ -79.546574730340382, 43.588686166149756 ], [ -79.546695530390082, 43.588813866166603 ], [ -79.546707630394749, 43.588823066167606 ], [ -79.546719730399403, 43.588832266168687 ], [ -79.546719630400176, 43.588841166170269 ], [ -79.546732030404158, 43.588841266169673 ], [ -79.546731830404823, 43.588850266171299 ], [ -79.546768230418905, 43.588877766174427 ], [ -79.546792430429008, 43.588905166178087 ], [ -79.546828930442999, 43.588932566181221 ], [ -79.546865330457024, 43.588960066184349 ], [ -79.546901930471137, 43.58898756618747 ], [ -79.546925930481976, 43.589023866192761 ], [ -79.546962330495958, 43.589051166195866 ], [ -79.546998630510743, 43.589087866200629 ], [ -79.547010930514645, 43.589087966200047 ], [ -79.54701073051541, 43.589097066201653 ], [ -79.547023130519349, 43.589097066201077 ], [ -79.547059630533411, 43.589124566204262 ], [ -79.54708373054352, 43.589151966207915 ], [ -79.547120030558276, 43.589188466212654 ], [ -79.547156530572337, 43.589215966215789 ], [ -79.547193130585612, 43.589234466217341 ], [ -79.547229930599713, 43.589261766220417 ], [ -79.547266330613724, 43.589289266223545 ], [ -79.547302830627785, 43.589316766226673 ], [ -79.547327030637888, 43.589344066230339 ], [ -79.547363430651899, 43.589371666233525 ], [ -79.547400030665969, 43.589399066236652 ], [ -79.547424030676012, 43.589426366240318 ], [ -79.547460530690088, 43.589453866243453 ], [ -79.547496930704085, 43.589481366246581 ], [ -79.547533530718141, 43.589508766249708 ], [ -79.547570030732203, 43.589536266252829 ], [ -79.547606730745542, 43.589554766254373 ], [ -79.547643230759533, 43.589582166257465 ], [ -79.547679730773623, 43.589609866260666 ], [ -79.547716430786934, 43.589628166262194 ], [ -79.547826430827655, 43.589692566268383 ], [ -79.548010230893524, 43.589776066274538 ], [ -79.548022430898186, 43.589785166275547 ], [ -79.548034730902145, 43.589785366275009 ], [ -79.54805933091076, 43.589794666275473 ], [ -79.548071530915465, 43.58980386627654 ], [ -79.548108430928039, 43.589813166276464 ], [ -79.548145130941379, 43.589831766277989 ], [ -79.548181830954704, 43.589850266279555 ], [ -79.548218630968023, 43.589868666281056 ], [ -79.54825523098134, 43.589887166282622 ], [ -79.548304530997896, 43.589896866282039 ], [ -79.548341131011952, 43.589924266285138 ], [ -79.548377731025226, 43.589942666286696 ], [ -79.548389831030676, 43.589960966289311 ], [ -79.548401731036051, 43.589979066291974 ], [ -79.548413731041506, 43.589997166294587 ], [ -79.548438031050821, 43.590015566296664 ], [ -79.548450031056262, 43.590033666299334 ], [ -79.548474531064883, 43.590043066299785 ], [ -79.548486631069522, 43.590052066300849 ], [ -79.548498831074241, 43.590061366301896 ], [ -79.548523431082899, 43.590070566302387 ], [ -79.548547931091534, 43.590079966302852 ], [ -79.548572531100135, 43.590089166303351 ], [ -79.548609031114211, 43.590116766306508 ], [ -79.548621431118193, 43.590116966305978 ], [ -79.548633531122832, 43.59012596630695 ], [ -79.548645931126799, 43.590126166306455 ], [ -79.548658331130753, 43.590126266305873 ], [ -79.548831431187637, 43.590146566301392 ], [ -79.549040731258501, 43.590194266300024 ], [ -79.549102131279753, 43.590212966300449 ], [ -79.549188431308878, 43.590232066299812 ], [ -79.549286931342778, 43.59026046630018 ], [ -79.549384931378029, 43.590306566303745 ], [ -79.549482231415467, 43.590379866312098 ], [ -79.549566131452593, 43.59049806632899 ], [ -79.549565931453316, 43.590507066330559 ], [ -79.549565631454016, 43.590516066332142 ], [ -79.54957783145872, 43.590525266333223 ], [ -79.549577531459391, 43.590534166334798 ], [ -79.549589631464855, 43.590552466337421 ], [ -79.549589031466283, 43.590570466340615 ], [ -79.549601131471732, 43.590588466343227 ], [ -79.549600531473089, 43.590606366346414 ], [ -79.549612631478539, 43.590624666349065 ], [ -79.54961223148004, 43.590642766352246 ], [ -79.549624131485416, 43.590660766354873 ], [ -79.549635831491486, 43.590687966359084 ], [ -79.549635431492973, 43.590706066362316 ], [ -79.5496477314977, 43.59071526636334 ], [ -79.549646831500596, 43.590751266369722 ], [ -79.549646531501295, 43.590760266371291 ], [ -79.54965873150519, 43.590760366370766 ], [ -79.549658431506657, 43.590778266373903 ], [ -79.549657931508094, 43.590796366377162 ], [ -79.549657631509575, 43.590814366380265 ], [ -79.549657431510326, 43.59082336638189 ], [ -79.549657031511003, 43.590832266383501 ], [ -79.549656831511697, 43.590841366385099 ], [ -79.549644431507744, 43.590841266385645 ], [ -79.549669131516453, 43.590850466386115 ], [ -79.549681131521865, 43.590868766388752 ], [ -79.54969323152649, 43.590877766389809 ], [ -79.549693031527241, 43.590886766391357 ], [ -79.549705031532682, 43.590905066394072 ], [ -79.549716931538086, 43.590923166396657 ], [ -79.549716631539553, 43.590941166399858 ], [ -79.549728631544141, 43.590950266400881 ], [ -79.549728131546388, 43.590977366405681 ], [ -79.549739831551733, 43.590995566408345 ], [ -79.549738931555424, 43.591040466416239 ], [ -79.549738531556059, 43.591049466417829 ], [ -79.5497505315615, 43.591067666420471 ], [ -79.549750231562996, 43.591085666423638 ], [ -79.549749931563667, 43.591094566425227 ], [ -79.549749531565155, 43.59111266642843 ], [ -79.549761531570553, 43.591130766431064 ], [ -79.549773431575929, 43.591148966433714 ], [ -79.549773031577431, 43.591167066436896 ], [ -79.549772831578167, 43.591176066438514 ], [ -79.549772331579589, 43.591194066441659 ], [ -79.549784531584237, 43.591203066442702 ], [ -79.549784331584988, 43.591212166444329 ], [ -79.549796131590313, 43.591230366446972 ], [ -79.549796131591123, 43.591239366448526 ], [ -79.549807931596504, 43.591257466451196 ], [ -79.549807831597235, 43.591266366452771 ], [ -79.549831831607307, 43.591293866456475 ], [ -79.549830931610202, 43.591329766462827 ], [ -79.549842831616374, 43.591356866467031 ], [ -79.549854531622472, 43.591384166471293 ], [ -79.549853831624631, 43.591411066476013 ], [ -79.5498409316221, 43.591428966479747 ], [ -79.549839731626491, 43.591482966489338 ], [ -79.549839431627959, 43.591500866492488 ], [ -79.549826531625442, 43.591518866496259 ], [ -79.54982573162755, 43.591545866501029 ], [ -79.549825431629031, 43.59156386650421 ], [ -79.549824831630445, 43.591581766507389 ], [ -79.54981223162801, 43.591599566511114 ], [ -79.549811731629447, 43.59161766651431 ], [ -79.549811331630877, 43.591635666517497 ], [ -79.549811231631665, 43.591644666519073 ], [ -79.549810531632971, 43.591662566522231 ], [ -79.549822831637755, 43.59167186652332 ], [ -79.549835031642459, 43.591680966524358 ], [ -79.549846931647792, 43.591699166527015 ], [ -79.549846731648529, 43.591708166528576 ], [ -79.549859131652511, 43.591708366528017 ], [ -79.549858931653233, 43.591717366529643 ], [ -79.54985843165467, 43.591735266532808 ], [ -79.549858031656143, 43.591753266535996 ], [ -79.549857631657574, 43.591771266539119 ], [ -79.549844831655093, 43.591789166542931 ], [ -79.549831831652511, 43.591807066546657 ], [ -79.549819131650011, 43.591824766550367 ], [ -79.549806531646794, 43.591833666552461 ], [ -79.549793731644314, 43.591851466556207 ], [ -79.54978093164182, 43.591869366559962 ], [ -79.5497804316432, 43.591887466563179 ], [ -79.549767531640711, 43.591905166566896 ], [ -79.549767231642193, 43.591923166570027 ], [ -79.549754231639611, 43.591941166573811 ], [ -79.549754131640398, 43.591950166575423 ], [ -79.549741431637912, 43.591967966579098 ], [ -79.549740831639284, 43.591985866582277 ], [ -79.549740731640085, 43.591994866583882 ], [ -79.549728331636118, 43.591994766584435 ], [ -79.549728231636863, 43.592003866586033 ], [ -79.549727931637548, 43.592012866587666 ], [ -79.549739131645083, 43.592057866595049 ], [ -79.54975053165272, 43.592103166602428 ], [ -79.549699931640504, 43.592147466612573 ], [ -79.549663031627915, 43.592137966612654 ], [ -79.549649331628288, 43.59219186662277 ], [ -79.549635331630142, 43.592263866636074 ], [ -79.549697131649921, 43.592264566633297 ], [ -79.549709031655297, 43.592282666635924 ], [ -79.549707931658901, 43.592327566643888 ], [ -79.549695631655013, 43.59232756664445 ], [ -79.549683231651031, 43.592327366645009 ], [ -79.549683031651767, 43.592336366646578 ], [ -79.549682631652416, 43.592345366648146 ], [ -79.5496703316485, 43.592345266648749 ], [ -79.549670131649236, 43.592354266650311 ], [ -79.549669731650667, 43.592372266653513 ], [ -79.549656831648122, 43.592390066657259 ], [ -79.549656731648923, 43.592399066658835 ], [ -79.549643931646372, 43.59241686666256 ], [ -79.549631031643841, 43.592434766666301 ], [ -79.549618231641347, 43.592452666670027 ], [ -79.549605631638144, 43.592461466672155 ], [ -79.549592831635664, 43.592479366675882 ], [ -79.549579931633119, 43.592497166679642 ], [ -79.549567031631369, 43.592523966684936 ], [ -79.549554131628838, 43.592541866688684 ], [ -79.549541331626273, 43.592559666692431 ], [ -79.549515831620525, 43.592586366698299 ], [ -79.549490631614859, 43.592612866704108 ], [ -79.549439731603343, 43.592666466715905 ], [ -79.549401631594336, 43.5927018667239 ], [ -79.549376231588596, 43.592728666729791 ], [ -79.549338431578917, 43.592755166736168 ], [ -79.549312831573886, 43.592790766743661 ], [ -79.549300231570669, 43.59279966674579 ], [ -79.549300031571406, 43.592808766747375 ], [ -79.549287431568203, 43.592817566749567 ], [ -79.549274831564915, 43.592826466751674 ], [ -79.549261531563843, 43.592862166758579 ], [ -79.549236131558132, 43.59288886676449 ], [ -79.549210531553115, 43.59292466677195 ], [ -79.549172531544116, 43.592960066779938 ], [ -79.549159431542336, 43.592986966785297 ], [ -79.549134031536568, 43.593013666791137 ], [ -79.549108331531542, 43.593049366798652 ], [ -79.549083331525139, 43.593067066802924 ], [ -79.549070631521872, 43.593075966805024 ], [ -79.549058231517904, 43.593075766805576 ], [ -79.549058031518655, 43.593084766807202 ], [ -79.549045331515373, 43.59309366680931 ], [ -79.549032431512828, 43.593111366813012 ], [ -79.549019531511092, 43.593138366818415 ], [ -79.549006531509349, 43.593165166823738 ], [ -79.548993731506798, 43.593182966827392 ], [ -79.548980831504252, 43.593200766831153 ], [ -79.548955231499292, 43.593236566838641 ], [ -79.548930031492802, 43.593254266842912 ], [ -79.548929831493524, 43.593263166844501 ], [ -79.548917131490256, 43.593271966846608 ], [ -79.548903931489249, 43.593307966853601 ], [ -79.548890731488186, 43.593343666860477 ], [ -79.548877231487836, 43.593388766868998 ], [ -79.548876431490726, 43.593424566875363 ], [ -79.548875731492899, 43.593451566880134 ], [ -79.548875231494335, 43.593469666883308 ], [ -79.548874131498721, 43.593523666892885 ], [ -79.548873431500084, 43.59354156689605 ], [ -79.548885531505533, 43.593559866898666 ], [ -79.548885031506956, 43.593577766901888 ], [ -79.548884631508457, 43.593595866905069 ], [ -79.54888403151061, 43.593622766909839 ], [ -79.548870831508765, 43.593649666915155 ], [ -79.548870031511711, 43.593685466921499 ], [ -79.54885713150999, 43.593712566926826 ], [ -79.548856231512829, 43.593748466933185 ], [ -79.54884303151178, 43.593784366940099 ], [ -79.548842331513953, 43.593811366944927 ], [ -79.548841431516848, 43.593847266951279 ], [ -79.548841131518344, 43.593865366954439 ], [ -79.548840631519766, 43.593883366957641 ], [ -79.548840331520452, 43.593892366959203 ], [ -79.54883993152194, 43.593910366962412 ], [ -79.548851731528075, 43.593937466966629 ], [ -79.548851231529511, 43.593955566969818 ], [ -79.548850931530993, 43.593973566972991 ], [ -79.548838231527682, 43.593982266975154 ], [ -79.548813231520498, 43.593990966977792 ], [ -79.548800431518018, 43.594008866981525 ], [ -79.548787731514736, 43.59401766698371 ], [ -79.548762631508296, 43.594035466987982 ], [ -79.54875013150513, 43.594044366990133 ], [ -79.548736931503271, 43.594071166995448 ], [ -79.548724131500791, 43.594088966999138 ], [ -79.548723931501527, 43.594097967000778 ], [ -79.548723731502207, 43.59410696700234 ], [ -79.548723531502958, 43.594115967003965 ], [ -79.548723031504394, 43.59413406700714 ], [ -79.548709831503331, 43.594169767014051 ], [ -79.548696531502273, 43.594205667020979 ], [ -79.548695631505183, 43.594241767027363 ], [ -79.548682431504133, 43.594277567034233 ], [ -79.54868223150487, 43.594286467035808 ], [ -79.548682131505615, 43.594295567037427 ], [ -79.548669731501633, 43.594295367037965 ], [ -79.548668831504543, 43.594331367044354 ], [ -79.548655531503442, 43.59436726705129 ], [ -79.548654431507032, 43.594412267059262 ], [ -79.548653531509942, 43.594448167065607 ], [ -79.548665131516813, 43.594484367071374 ], [ -79.54867653152364, 43.594520567077211 ], [ -79.548700531534493, 43.594556967082504 ], [ -79.548712031541342, 43.594592967088303 ], [ -79.548711431543509, 43.594619967093081 ], [ -79.548723331548928, 43.594638267095746 ], [ -79.548722931550387, 43.594656267098891 ], [ -79.548722431551823, 43.594674167102106 ], [ -79.54870983154855, 43.594683067104206 ], [ -79.548709631549286, 43.594692067105846 ], [ -79.548709431550023, 43.594700967107421 ], [ -79.54870883155219, 43.594727967112178 ], [ -79.548708131554363, 43.594755067116985 ], [ -79.548719731560453, 43.594782267121211 ], [ -79.548731631566625, 43.594809367125414 ], [ -79.548743331572766, 43.594836567129633 ], [ -79.548755131578901, 43.594863667133858 ], [ -79.548779231589009, 43.594891067137574 ], [ -79.548790931595121, 43.594918167141785 ], [ -79.548814631606646, 43.594963467148609 ], [ -79.548825931614218, 43.59500866715608 ], [ -79.548849931625057, 43.595044967161314 ], [ -79.548886331639068, 43.595072467164428 ], [ -79.548898531643772, 43.595081567165458 ], [ -79.548910931647754, 43.595081867164957 ], [ -79.548923331651721, 43.595081967164418 ], [ -79.54893533165631, 43.595091167165435 ], [ -79.548960031665032, 43.595100367165948 ], [ -79.548984731672917, 43.595100667164843 ], [ -79.549009531680838, 43.595100967163695 ], [ -79.54903413168951, 43.59511026716423 ], [ -79.549071031702098, 43.595119867164193 ], [ -79.549107931714687, 43.595129267164076 ], [ -79.549144931727255, 43.595138667164015 ], [ -79.549181731739864, 43.595148267163999 ], [ -79.549218831752484, 43.595157767163968 ], [ -79.549255731765086, 43.595167267163887 ], [ -79.549305031781628, 43.595176867163296 ], [ -79.54935433179817, 43.595186367162704 ], [ -79.549403731814778, 43.595196067162078 ], [ -79.549453031831334, 43.595205667161466 ], [ -79.549502431847074, 43.595206367159335 ], [ -79.549551831863681, 43.595215867158679 ], [ -79.549601431879537, 43.595216567156477 ], [ -79.549650931895357, 43.595217267154283 ], [ -79.549700531911228, 43.595217867152094 ], [ -79.549749931926954, 43.595218467149927 ], [ -79.549799631942889, 43.595219067147674 ], [ -79.549849131958709, 43.595219767145487 ], [ -79.549911031978482, 43.595220567142746 ], [ -79.549960831993602, 43.595212067138966 ], [ -79.55001053200867, 43.59520386713519 ], [ -79.55006033202379, 43.595195367131403 ], [ -79.550097432035685, 43.595195867129753 ], [ -79.550122232043563, 43.595196167128677 ], [ -79.550159432055452, 43.59519666712702 ], [ -79.55019673206661, 43.595188067123772 ], [ -79.550233832078462, 43.595188667122173 ], [ -79.550283232095055, 43.595198167121524 ], [ -79.550320432106901, 43.595198667119888 ], [ -79.550357532118809, 43.595199267118275 ], [ -79.55038223212668, 43.595199467117148 ], [ -79.550394632130633, 43.595199567116559 ], [ -79.550407032134601, 43.595199767116057 ], [ -79.550444232146518, 43.595200367114394 ], [ -79.550481232159072, 43.59520966711429 ], [ -79.550518132171675, 43.595219167114273 ], [ -79.55055503218432, 43.59522876711425 ], [ -79.550579632192921, 43.595237967114741 ], [ -79.550604132201556, 43.595247467115257 ], [ -79.550628832209483, 43.595247667114123 ], [ -79.550666032221329, 43.595248167112487 ], [ -79.550678432225297, 43.595248267111934 ], [ -79.550703132233224, 43.595248567110858 ], [ -79.550728032241139, 43.595248967109733 ], [ -79.550740432245121, 43.595249067109194 ], [ -79.550789932260926, 43.595249767107006 ], [ -79.550839232277482, 43.595259367106408 ], [ -79.550888532294024, 43.595268867105752 ], [ -79.550937932310617, 43.595278467105132 ], [ -79.550975032322469, 43.595278967103496 ], [ -79.551024432339076, 43.595288667102928 ], [ -79.551073932354896, 43.595289367100733 ], [ -79.551111032366705, 43.595289667099067 ], [ -79.551148232378623, 43.595290267097468 ], [ -79.551185632389775, 43.595281667094213 ], [ -79.551222732401612, 43.59528226709255 ], [ -79.55126003241358, 43.59528266709092 ], [ -79.551309432429349, 43.595283367088726 ], [ -79.551359032445177, 43.595283867086515 ], [ -79.551408532460997, 43.595284467084333 ], [ -79.551458132476853, 43.595285167082153 ], [ -79.551507732491928, 43.595276767078346 ], [ -79.551557432507792, 43.595277467076123 ], [ -79.551606832523603, 43.595278067073956 ], [ -79.55165643253946, 43.59527866707176 ], [ -79.551706032555316, 43.595279267069536 ], [ -79.551755532571121, 43.595279867067362 ], [ -79.551805132586992, 43.595280567065167 ], [ -79.55184223259883, 43.595280967063495 ], [ -79.551879232611469, 43.595290467063471 ], [ -79.551916332623307, 43.59529086706177 ], [ -79.551953232635896, 43.59530036706176 ], [ -79.551990132648484, 43.595309967061723 ], [ -79.552027332660373, 43.595310367060037 ], [ -79.552039732664355, 43.595310567059514 ], [ -79.552076832676192, 43.59531106705785 ], [ -79.552126232692729, 43.595320567057264 ], [ -79.552175732708591, 43.59532126705507 ], [ -79.55222523272441, 43.595321967052875 ], [ -79.55226223273705, 43.595331367052808 ], [ -79.552311732752869, 43.595332067050606 ], [ -79.552361132769391, 43.595341567050014 ], [ -79.552410632785254, 43.595342167047775 ], [ -79.552472332805721, 43.595352067046647 ], [ -79.552521932821577, 43.595352567044436 ], [ -79.552571232838147, 43.595362267043875 ], [ -79.552645532861874, 43.59536316704056 ], [ -79.552682432874462, 43.595372767040523 ], [ -79.552719732886416, 43.595373267038866 ], [ -79.552769132902156, 43.595373767036648 ], [ -79.55280613291481, 43.595383367036611 ], [ -79.552855532931403, 43.595392967035998 ], [ -79.552904632947858, 43.595402567035393 ], [ -79.552942132959856, 43.595403067033736 ], [ -79.552978832972386, 43.595412567033726 ], [ -79.553015832985025, 43.595421867033636 ], [ -79.553040332993646, 43.595431167034114 ], [ -79.553089633010202, 43.595440967033582 ], [ -79.553139033026739, 43.595450467032926 ], [ -79.553175933039327, 43.595460067032896 ], [ -79.553225233055869, 43.595469667032297 ], [ -79.553249833064527, 43.595478867032782 ], [ -79.553286933076393, 43.595479467031126 ], [ -79.553324033089027, 43.595488967031095 ], [ -79.553348433097653, 43.595498267031594 ], [ -79.553385233110959, 43.595516567033059 ], [ -79.553409733119565, 43.595525867033579 ], [ -79.553446633132225, 43.595535367033513 ], [ -79.553471033141577, 43.595553767035611 ], [ -79.553495533150198, 43.595563067036132 ], [ -79.553507633154837, 43.595572267037163 ], [ -79.553532033164259, 43.595590567039267 ], [ -79.553544233168893, 43.595599667040283 ], [ -79.55356863317833, 43.595618067042381 ], [ -79.553605533190918, 43.595627467042327 ], [ -79.553629833200276, 43.595645867044411 ], [ -79.55366673321366, 43.595664267045912 ], [ -79.553727633236278, 43.595701167049562 ], [ -79.553752033245686, 43.595719367051636 ], [ -79.553788733258955, 43.595737867053181 ], [ -79.553813133268378, 43.595756167055271 ], [ -79.553825033273782, 43.595774367057935 ], [ -79.553849333283111, 43.595792567060002 ], [ -79.553861333288523, 43.595810867062603 ], [ -79.553885533298612, 43.595838067066296 ], [ -79.553909533308669, 43.595865467069956 ], [ -79.553933633318763, 43.595892767073622 ], [ -79.553957533329623, 43.5959291670789 ], [ -79.553981833339762, 43.59595646708258 ], [ -79.553993233346517, 43.595992567088445 ], [ -79.554004933352658, 43.596019667092598 ], [ -79.554016533359544, 43.596055967098479 ], [ -79.554028033366407, 43.596091967104236 ], [ -79.554039533373242, 43.596128267110103 ], [ -79.554038633376138, 43.596164267116443 ], [ -79.554050433382287, 43.596191467120725 ], [ -79.554049533385182, 43.596227367127057 ], [ -79.554061433391396, 43.596254567131247 ], [ -79.554060533394249, 43.59629056713765 ], [ -79.554059633397145, 43.596326567143969 ], [ -79.554059333397831, 43.596335567145609 ], [ -79.554059133398567, 43.596344567147192 ], [ -79.554058533400735, 43.596371567151948 ], [ -79.554057933402902, 43.59639846715671 ], [ -79.554044733401909, 43.596434467163675 ], [ -79.554043933404031, 43.596461467168467 ], [ -79.554030733402968, 43.596497267175323 ], [ -79.554029833405878, 43.596533267181719 ], [ -79.554028733409481, 43.596578367189657 ], [ -79.554027933412385, 43.596614367196047 ], [ -79.554014833410577, 43.596641167201362 ], [ -79.554014033413495, 43.596677067207729 ], [ -79.554000833411649, 43.596704067213061 ], [ -79.554000033414624, 43.59674006721945 ], [ -79.553999133417477, 43.596776067225782 ], [ -79.55398603341645, 43.596811767232666 ], [ -79.553985133419332, 43.596847867239042 ], [ -79.55397193341831, 43.596883567245946 ], [ -79.553970833421928, 43.596928767253921 ], [ -79.553957533420856, 43.596964567260876 ], [ -79.55395673342376, 43.597000567267202 ], [ -79.553943233423411, 43.597045367275719 ], [ -79.553943033424147, 43.597054467277317 ], [ -79.553942833424898, 43.597063467278936 ], [ -79.553929733423089, 43.597090267284273 ], [ -79.553928933425993, 43.597126167290597 ], [ -79.553915633424879, 43.597162067297532 ], [ -79.553902433423872, 43.597197867304416 ], [ -79.553901533426739, 43.597233967310778 ], [ -79.553889033423573, 43.59724286731295 ], [ -79.553888733424259, 43.597251867314498 ], [ -79.55388853342501, 43.59726086731613 ], [ -79.553887633427863, 43.59729686732247 ], [ -79.553886833430781, 43.597332867328859 ], [ -79.553873233430394, 43.59737756733734 ], [ -79.553860033429359, 43.597413567344297 ], [ -79.553859633430832, 43.597431467347448 ], [ -79.553846833428338, 43.597449367351174 ], [ -79.553821633421848, 43.597467167355511 ], [ -79.553821233423321, 43.597485067358669 ], [ -79.553795533418253, 43.597520767366127 ], [ -79.553782333417246, 43.597556667373055 ], [ -79.553755833415082, 43.597628267386817 ], [ -79.553742533414038, 43.597664167393738 ], [ -79.553741933416177, 43.597691067398529 ], [ -79.553728633415147, 43.597727067405508 ], [ -79.553715633413333, 43.597753767410779 ], [ -79.553690433406899, 43.597771467415072 ], [ -79.55367753340434, 43.597789267418818 ], [ -79.553652433397886, 43.597806967423097 ], [ -79.553639633395434, 43.597824967426796 ], [ -79.553639433396157, 43.597833867428385 ], [ -79.553626433393561, 43.597851667432145 ], [ -79.553613733391131, 43.597869567435865 ], [ -79.553600933388594, 43.597887367439611 ], [ -79.553588133386114, 43.59790536744331 ], [ -79.553587333388236, 43.597932267448122 ], [ -79.553574533386552, 43.597959167453467 ], [ -79.553573833388668, 43.597986167458224 ], [ -79.553573133390842, 43.598013167462994 ], [ -79.553572833392295, 43.598031067466124 ], [ -79.553559733390514, 43.598058067471484 ], [ -79.553559233391937, 43.598075967474692 ], [ -79.553558833393424, 43.598093967477823 ], [ -79.553571033398086, 43.598103167478897 ], [ -79.553583133402782, 43.59811236747997 ], [ -79.553607533412148, 43.59813066748201 ], [ -79.553619633416815, 43.598139867483098 ], [ -79.553619233418289, 43.598157867486286 ], [ -79.553618833419705, 43.59817576748943 ], [ -79.553618633420427, 43.598184767490999 ], [ -79.553630533425846, 43.598202967493648 ], [ -79.553629933427999, 43.598229867498425 ], [ -79.553641833433389, 43.598248167501055 ], [ -79.553653533439544, 43.59827536750533 ], [ -79.553678133448201, 43.598284567505758 ], [ -79.553690533452183, 43.598284767505255 ], [ -79.553690333452906, 43.598293767506831 ], [ -79.553690033453606, 43.598302767508386 ], [ -79.553689633455022, 43.598320667511615 ], [ -79.553701833459726, 43.598329867512639 ], [ -79.55371363346589, 43.59835716751688 ], [ -79.553725333472016, 43.598384267521077 ], [ -79.553737133478137, 43.598411367525323 ], [ -79.553748833484278, 43.59843846752954 ], [ -79.553748633485014, 43.598447467531109 ], [ -79.553748233485706, 43.598456567532729 ], [ -79.553748033486386, 43.598465567534291 ], [ -79.553760433490368, 43.598465767533817 ], [ -79.553760133491835, 43.598483667536961 ], [ -79.553772033497225, 43.598501867539589 ], [ -79.55378403350268, 43.598519967542188 ], [ -79.553783333504853, 43.598547067547003 ], [ -79.553795333510266, 43.598565267549631 ], [ -79.55379463351241, 43.598592167554415 ], [ -79.553794233513926, 43.59861036755764 ], [ -79.553793633516065, 43.598637167562359 ], [ -79.553793433516816, 43.598646167563949 ], [ -79.553805533521469, 43.598655467564996 ], [ -79.553805233522141, 43.598664367566585 ], [ -79.553805133522886, 43.598673367568153 ], [ -79.553817333527604, 43.598682467569169 ], [ -79.553829333532263, 43.598691767570308 ], [ -79.553841633536948, 43.598700867571331 ], [ -79.553854033540929, 43.598701067570786 ], [ -79.553890833554249, 43.598719467572288 ], [ -79.553927433567551, 43.598737867573803 ], [ -79.553964433580163, 43.598747467573745 ], [ -79.553988633589526, 43.598765767575863 ], [ -79.554013133598929, 43.598784067577959 ], [ -79.554024933604268, 43.598802167580573 ], [ -79.554049633612948, 43.59881156758108 ], [ -79.554061533618324, 43.598829667583686 ], [ -79.5540980336324, 43.598857167586807 ], [ -79.554134633646456, 43.598884567589934 ], [ -79.554171133660532, 43.598912067593055 ], [ -79.554207633674565, 43.598939667596234 ], [ -79.554244133688613, 43.598967067599361 ], [ -79.554280833701938, 43.598985467600869 ], [ -79.554317233715963, 43.599013067604027 ], [ -79.554354033729282, 43.599031567605564 ], [ -79.554390433743293, 43.599058867608669 ], [ -79.554439633760637, 43.599077667609663 ], [ -79.554476433773957, 43.599096067611157 ], [ -79.554525533791249, 43.599114667612163 ], [ -79.554574633808556, 43.59913336761317 ], [ -79.554611733821176, 43.599142867613082 ], [ -79.554660833838469, 43.59916146761411 ], [ -79.554709933855705, 43.599180067615059 ], [ -79.554758933872989, 43.599198567616035 ], [ -79.554795733885513, 43.599207967615996 ], [ -79.554845233902128, 43.599217667615342 ], [ -79.55489453391867, 43.59922736761478 ], [ -79.554943933935277, 43.599236967614161 ], [ -79.554980533948566, 43.599255567615764 ], [ -79.555029733965839, 43.599274067616676 ], [ -79.555066433979164, 43.599292567618235 ], [ -79.555115533996457, 43.599311167619256 ], [ -79.555152134009717, 43.599329667620744 ], [ -79.555201234027024, 43.599348367621758 ], [ -79.555250434044311, 43.599366867622713 ], [ -79.555287134057636, 43.599385367624272 ], [ -79.555336534074243, 43.599395067623703 ], [ -79.555385634091536, 43.599413767624689 ], [ -79.555422334104804, 43.599432167626205 ], [ -79.555471834121462, 43.599441767625585 ], [ -79.555520834138704, 43.599460367626541 ], [ -79.555569934155997, 43.599479067627534 ], [ -79.555606634169266, 43.599497567629093 ], [ -79.555655734186544, 43.599516067630063 ], [ -79.555680234195179, 43.599525467630585 ], [ -79.555704634204588, 43.599543667632659 ], [ -79.555729034213954, 43.59956216763478 ], [ -79.555765734227265, 43.599580567636288 ], [ -79.555790334235965, 43.599590067636775 ], [ -79.555814934244609, 43.599599167637237 ], [ -79.555839634252493, 43.599599467636139 ], [ -79.555863934261851, 43.599617767638257 ], [ -79.55588853427048, 43.599627167638779 ], [ -79.555913134279137, 43.599636367639214 ], [ -79.555937634287773, 43.599645767639728 ], [ -79.555949534293163, 43.599663967642364 ], [ -79.555973534303988, 43.599700167647619 ], [ -79.555972634306912, 43.599736267654009 ], [ -79.555959334305783, 43.599772067660894 ], [ -79.555970934312668, 43.599808267666717 ], [ -79.555982434319546, 43.599844367672567 ], [ -79.555994134325687, 43.599871567676786 ], [ -79.556005734332558, 43.599907767682616 ], [ -79.55602983434261, 43.599934967686245 ], [ -79.556042234346577, 43.599935167685693 ], [ -79.55604193434732, 43.599944267687313 ], [ -79.556054134351982, 43.599953367688322 ], [ -79.556066534355935, 43.599953467687797 ], [ -79.556077934362762, 43.599989767693629 ], [ -79.55608963436967, 43.600025767699407 ], [ -79.556088734372551, 43.600061867705797 ], [ -79.556087834375461, 43.600097867712194 ], [ -79.556087534376147, 43.600106867713762 ], [ -79.55608743437692, 43.60011576771533 ], [ -79.556087234377628, 43.600124867716943 ], [ -79.556087034378365, 43.600133867718512 ], [ -79.556098534385242, 43.600169967724348 ], [ -79.556097634388109, 43.600206167730711 ], [ -79.556109034395718, 43.600251167738087 ], [ -79.556108134398627, 43.600287267744527 ], [ -79.556107934399378, 43.600296267746089 ], [ -79.55609533439609, 43.600305067748216 ], [ -79.556095134396841, 43.600314067749849 ], [ -79.556094734397519, 43.600322967751381 ], [ -79.556082134394302, 43.600331967753569 ], [ -79.556069634391065, 43.600340667755638 ], [ -79.55606953439181, 43.600349767757258 ], [ -79.556057034387862, 43.600349667757861 ], [ -79.556043834386799, 43.600385467764745 ], [ -79.556055334393676, 43.600421567770525 ], [ -79.55607923440445, 43.600457967775824 ], [ -79.556103134415295, 43.600494167781065 ], [ -79.556102334418213, 43.600530267787434 ], [ -79.556113834425034, 43.600566367793284 ], [ -79.556125334431911, 43.600602567799072 ], [ -79.556136934438783, 43.600638667804894 ], [ -79.55613603444165, 43.600674767811284 ], [ -79.556122134442774, 43.600737667822969 ], [ -79.556133534449572, 43.600773667828783 ], [ -79.556132834452541, 43.600809667835108 ], [ -79.556144434459426, 43.600845867840938 ], [ -79.556143434462271, 43.600881867847335 ], [ -79.556155034469157, 43.600918067853094 ], [ -79.556166534476034, 43.600954367858982 ], [ -79.556165634478887, 43.600990267865335 ], [ -79.556177134485765, 43.601026467871158 ], [ -79.55618873449265, 43.601062567876951 ], [ -79.556200634498026, 43.601080667879565 ], [ -79.556212634503439, 43.60109896788223 ], [ -79.556224334509565, 43.601125967886425 ], [ -79.556224034511047, 43.601144067889599 ], [ -79.556236034515692, 43.601153167890629 ], [ -79.556223734511732, 43.601153067891225 ], [ -79.556223534512469, 43.6011619678928 ], [ -79.556235534517128, 43.601171267893861 ], [ -79.55623523451861, 43.60118926789707 ], [ -79.556247334523263, 43.601198367898093 ], [ -79.556259334528704, 43.601216467900691 ], [ -79.556259034529404, 43.601225467902253 ], [ -79.556270834535539, 43.601252767906509 ], [ -79.556257934533789, 43.601279467911837 ], [ -79.556257434535226, 43.601297567915019 ], [ -79.556256734537399, 43.601324567919768 ], [ -79.556256134539566, 43.601351567924603 ], [ -79.55625533454247, 43.601387467930941 ], [ -79.556267034548611, 43.601414667935153 ], [ -79.556266034551456, 43.601450667941549 ], [ -79.556278334556225, 43.601459767942572 ], [ -79.556277934557656, 43.601477867945746 ], [ -79.556277434559078, 43.601495867948941 ], [ -79.556277234559843, 43.601504967950547 ], [ -79.556288734566635, 43.601540967956325 ], [ -79.556288034569619, 43.601577067962729 ], [ -79.556287034572463, 43.601613067969055 ], [ -79.556286134575387, 43.601648967975422 ], [ -79.556272534575754, 43.601702867985523 ], [ -79.556271834577913, 43.601729867990286 ], [ -79.556283634584119, 43.601757067994548 ], [ -79.556282934586221, 43.601783967999275 ], [ -79.556282534587709, 43.601802068002513 ], [ -79.55629423459385, 43.601829268006718 ], [ -79.556293734596068, 43.601856168011501 ], [ -79.556280334594973, 43.601892168018402 ], [ -79.556267134593909, 43.6019278680253 ], [ -79.556241534588892, 43.601963668032759 ], [ -79.556228234587849, 43.601999568039695 ], [ -79.556227334590702, 43.602035568046055 ], [ -79.556214534588221, 43.602053368049816 ], [ -79.556213934590389, 43.602080368054587 ], [ -79.55621303459327, 43.602116268060939 ], [ -79.556212234596188, 43.602152368067301 ], [ -79.556224034602323, 43.602179468071526 ], [ -79.55622333460451, 43.602206468076275 ], [ -79.556235034610651, 43.60223366808048 ], [ -79.55625903462068, 43.602260968084167 ], [ -79.556283334630862, 43.602288368087891 ], [ -79.556319734644859, 43.602315768091017 ], [ -79.556356234658864, 43.602343168094102 ], [ -79.556380434669023, 43.602370568097804 ], [ -79.556392034675909, 43.602406668103605 ], [ -79.556415834686689, 43.602442968108889 ], [ -79.556427434693575, 43.60247926811472 ], [ -79.556438934700381, 43.60251526812052 ], [ -79.556450634706536, 43.602542568124761 ], [ -79.556475034715888, 43.602560868126822 ], [ -79.556486734722014, 43.602587868130996 ], [ -79.556510834732123, 43.602615368134742 ], [ -79.556535034742225, 43.602642668138429 ], [ -79.556571534756287, 43.602670068141506 ], [ -79.556608234769627, 43.602688568143051 ], [ -79.556644734783632, 43.602716068146172 ], [ -79.556681234797679, 43.602743468149292 ], [ -79.55673043481498, 43.602762068150255 ], [ -79.556766934829056, 43.60278966815342 ], [ -79.556816034846349, 43.602808268154426 ], [ -79.556852734859618, 43.602826768155929 ], [ -79.556901634877661, 43.602854368158503 ], [ -79.556938334890987, 43.602872868160063 ], [ -79.556987534908259, 43.602891368161025 ], [ -79.557036734925632, 43.602910068162025 ], [ -79.557073134939628, 43.602937568165139 ], [ -79.557122134956884, 43.602956268166139 ], [ -79.557171334974171, 43.602974768167115 ], [ -79.557208134987533, 43.60299326816866 ], [ -79.557244635001553, 43.603020768171767 ], [ -79.557293835018896, 43.60303946817276 ], [ -79.557330235032907, 43.603066768175879 ], [ -79.557366835046182, 43.603085268177431 ], [ -79.557452835076859, 43.603122468179961 ], [ -79.557501935094095, 43.603140968180945 ], [ -79.557538435108157, 43.603168468184052 ], [ -79.557587535125435, 43.603186968185021 ], [ -79.557673235156813, 43.603233268189115 ], [ -79.557709935170138, 43.603251768190681 ], [ -79.557795735200699, 43.603288868193168 ], [ -79.557832235214775, 43.603316368196367 ], [ -79.559081235713165, 43.604457468338609 ], [ -79.559519835880323, 43.604769168372954 ], [ -79.559531935885033, 43.604778368374014 ], [ -79.559544235889746, 43.604787568375016 ], [ -79.559556435894464, 43.604796668376061 ], [ -79.559690535945222, 43.604888468385944 ], [ -79.559885936017977, 43.605007968397828 ], [ -79.559971336050083, 43.605062968403537 ], [ -79.560008336061884, 43.605063468401887 ], [ -79.560033636068383, 43.605045868397646 ], [ -79.560071036079549, 43.605037368394377 ], [ -79.560095436088943, 43.605055668396481 ], [ -79.560107536093582, 43.605064668397468 ], [ -79.560131936102962, 43.605083068399566 ], [ -79.560144136107667, 43.605092268400625 ], [ -79.560168436117038, 43.605110568402743 ], [ -79.560180336122428, 43.605128768405379 ], [ -79.5602049361311, 43.605137968405806 ], [ -79.560216936136484, 43.605156068408462 ], [ -79.560253436150546, 43.605183568411583 ], [ -79.56028993616458, 43.605211168414733 ], [ -79.560326436178642, 43.605238668417847 ], [ -79.560350836187993, 43.605256868419936 ], [ -79.560399736206051, 43.605284568422476 ], [ -79.560448636224052, 43.605312068425086 ], [ -79.560497436242045, 43.605339768427655 ], [ -79.560546236260762, 43.605376368431784 ], [ -79.560570436270922, 43.605403768435494 ], [ -79.560594436280951, 43.605430968439137 ], [ -79.560630936294984, 43.605458568442288 ], [ -79.560667736308375, 43.605477068443847 ], [ -79.560680136312328, 43.605477168443258 ], [ -79.560692136316931, 43.605486268444281 ], [ -79.560704636320935, 43.605486368443721 ], [ -79.56072913632957, 43.605495768444264 ], [ -79.560753736338242, 43.605505068444728 ], [ -79.560778436346922, 43.60551446844525 ], [ -79.560802836356288, 43.60553276844734 ], [ -79.560826836366374, 43.605559968450983 ], [ -79.560851136375675, 43.605578268453094 ], [ -79.560887936389065, 43.605596868454619 ], [ -79.560912236398423, 43.605615068456665 ], [ -79.560949236411005, 43.605624668456649 ], [ -79.560986036423586, 43.605633968456559 ], [ -79.561010736432252, 43.605643368457066 ], [ -79.561072236453512, 43.605662168457528 ], [ -79.561121536470097, 43.605671868456888 ], [ -79.561170636487375, 43.605690468457915 ], [ -79.561219736504597, 43.605708968458877 ], [ -79.56126883652189, 43.605727568459834 ], [ -79.561318036539234, 43.605746268460834 ], [ -79.561354736552502, 43.605764768462379 ], [ -79.56140363657056, 43.605792468464948 ], [ -79.561452936587102, 43.605801968464334 ], [ -79.561502136604375, 43.60582056846529 ], [ -79.561538836617714, 43.605839168466879 ], [ -79.561587936635007, 43.605857668467799 ], [ -79.561624736648326, 43.605876168469351 ], [ -79.561661436661666, 43.605894668470903 ], [ -79.56171033667971, 43.605922368473458 ], [ -79.561747036693021, 43.605940668474986 ], [ -79.56178353670704, 43.605968268478158 ], [ -79.561820336720416, 43.605986668479645 ], [ -79.561856836734435, 43.60601416848278 ], [ -79.561893336748497, 43.606041668485943 ], [ -79.56194213676649, 43.606069368488519 ], [ -79.561978736780532, 43.60609666849161 ], [ -79.562015236794608, 43.60612416849473 ], [ -79.562051636809414, 43.606160668499456 ], [ -79.56208823682347, 43.60618806850254 ], [ -79.56212463683751, 43.606215668505705 ], [ -79.562161036852316, 43.60625216851043 ], [ -79.562184936862295, 43.606279468514117 ], [ -79.562209236872462, 43.606306768517769 ], [ -79.562220936878617, 43.606333968521987 ], [ -79.56223263688473, 43.606360968526225 ], [ -79.562354236932336, 43.606461668538216 ], [ -79.562366336936989, 43.606470768539246 ], [ -79.562390736946341, 43.606489168541323 ], [ -79.562415236954962, 43.606498368541814 ], [ -79.56242743695968, 43.606507568542895 ], [ -79.562463736974479, 43.606543968547598 ], [ -79.562475536980628, 43.606571268551839 ], [ -79.562487636985267, 43.606580268552847 ], [ -79.562487536986012, 43.606589368554438 ], [ -79.562499536990671, 43.606598468555475 ], [ -79.562499336991422, 43.606607568557081 ], [ -79.562511336996806, 43.606625768559731 ], [ -79.562523337002247, 43.606643868562379 ], [ -79.562535337007645, 43.606661968564964 ], [ -79.562572037020971, 43.606680468566537 ], [ -79.562621137038278, 43.606699168567523 ], [ -79.56267013705552, 43.60671776856848 ], [ -79.562707237068153, 43.606727268568456 ], [ -79.562756537084709, 43.606736868567836 ], [ -79.562818437104511, 43.606737568565073 ], [ -79.562867837121075, 43.606747168564461 ], [ -79.562917337136881, 43.606747768562279 ], [ -79.56295433714952, 43.606757368562235 ], [ -79.563003637166062, 43.606766968561615 ], [ -79.563052737183369, 43.606785568562586 ], [ -79.563089737195952, 43.606794968562518 ], [ -79.563138937212514, 43.606804668561892 ], [ -79.563188637228379, 43.606805368559748 ], [ -79.563237937244921, 43.606814968559142 ], [ -79.563287537260777, 43.606815568556897 ], [ -79.563349237281287, 43.606825268555745 ], [ -79.563398737297092, 43.606825868553578 ], [ -79.563448337312963, 43.606826468551333 ], [ -79.563498037328031, 43.606818168547555 ], [ -79.563523037335216, 43.60680956854489 ], [ -79.56354793734242, 43.606800868542187 ], [ -79.563572937349605, 43.606792168539513 ], [ -79.56359803735684, 43.606783368536817 ], [ -79.563622937363974, 43.606774668534101 ], [ -79.56364783737196, 43.60677506853304 ], [ -79.563672837379144, 43.606766368530323 ], [ -79.563697837386329, 43.606757568527634 ], [ -79.563747337402134, 43.606758268525425 ], [ -79.563796837417954, 43.606758968523224 ], [ -79.56384643743381, 43.606759468521012 ], [ -79.563895737450366, 43.6067690685204 ], [ -79.563945137466973, 43.606778768519824 ], [ -79.563994237484266, 43.606797468520824 ], [ -79.564031137496855, 43.606806868520785 ], [ -79.564080337514142, 43.60682546852172 ], [ -79.564129537530633, 43.606835068521107 ], [ -79.564178737547991, 43.606853768522093 ], [ -79.564215737560573, 43.60686326852209 ], [ -79.564264737577872, 43.606881868523047 ], [ -79.564301737590455, 43.606891368523016 ], [ -79.564326137599863, 43.606909568525076 ], [ -79.56435033760917, 43.606927968527174 ], [ -79.564387437621804, 43.606937468527086 ], [ -79.564411937630425, 43.606946768527571 ], [ -79.564448937643064, 43.606956168527496 ], [ -79.564473437651685, 43.606965568528011 ], [ -79.564498037660371, 43.606974868528496 ], [ -79.564510437664325, 43.606974968527958 ], [ -79.564571937685514, 43.606993668528375 ], [ -79.564608637698853, 43.607012168529927 ], [ -79.564657837716197, 43.607030768530883 ], [ -79.564694637729531, 43.607049368532465 ], [ -79.564743337747458, 43.607076968534976 ], [ -79.564780137760835, 43.607095468536542 ], [ -79.564816937774154, 43.607113768538071 ], [ -79.564865837792183, 43.607141468540632 ], [ -79.564902437805458, 43.607159868542134 ], [ -79.564926337816317, 43.607196268547426 ], [ -79.564962937830373, 43.607223668550539 ], [ -79.564987037840481, 43.607251168554249 ], [ -79.56501103785132, 43.60728736855949 ], [ -79.565022737857404, 43.607314468563715 ], [ -79.565034537863596, 43.607341668567926 ], [ -79.565033837865727, 43.607368868572777 ], [ -79.565033237867937, 43.607395668577496 ], [ -79.565032637870118, 43.607422768582303 ], [ -79.565019337869046, 43.607458468589158 ], [ -79.564993937863292, 43.607485268595049 ], [ -79.564980937861563, 43.607512168600387 ], [ -79.564955537855809, 43.607538868606248 ], [ -79.564929837850784, 43.607574568613728 ], [ -79.564892037841062, 43.607601068620134 ], [ -79.564866437836088, 43.607636668627556 ], [ -79.564841137830371, 43.607663368633482 ], [ -79.564815437825303, 43.60769906864094 ], [ -79.564777537815601, 43.607725668647333 ], [ -79.564752137809876, 43.607752368653237 ], [ -79.564726737804122, 43.607778968659119 ], [ -79.564701337798411, 43.607805568664915 ], [ -79.564688537795874, 43.607823568668685 ], [ -79.564675337794043, 43.607850468674059 ], [ -79.564662637791585, 43.607868168677747 ], [ -79.564674537796989, 43.60788646868037 ], [ -79.564673937799171, 43.607913368685146 ], [ -79.564685937804626, 43.607931668687833 ], [ -79.564685037807479, 43.607967668694151 ], [ -79.56469663781435, 43.608003768699945 ], [ -79.564720737824445, 43.608031068703625 ], [ -79.56473233783133, 43.608067168709454 ], [ -79.564768837845406, 43.608094668712589 ], [ -79.564792637856144, 43.608131068717881 ], [ -79.564829137870205, 43.608158568720981 ], [ -79.564865737884276, 43.608185868724071 ], [ -79.564902437897615, 43.608204468725589 ], [ -79.564939037911671, 43.608231968728767 ], [ -79.564975737925025, 43.608250468730255 ], [ -79.565012237939072, 43.608277868733403 ], [ -79.565048737953092, 43.608305468736539 ], [ -79.565085437966417, 43.608323768738089 ], [ -79.56512203798053, 43.608351168741152 ], [ -79.565158537994535, 43.60837866874428 ], [ -79.565195038008611, 43.60840626874743 ], [ -79.565231738021936, 43.608424568748951 ], [ -79.565268338036006, 43.608452068752058 ], [ -79.565304838050025, 43.608479568755186 ], [ -79.565341638063401, 43.608498068756738 ], [ -79.565365738073496, 43.60852526876036 ], [ -79.565389838083561, 43.608552768764113 ], [ -79.565426338097623, 43.60858016876719 ], [ -79.565450938106295, 43.608589468767725 ], [ -79.56547553811491, 43.608598768768211 ], [ -79.565500038123545, 43.608608168768704 ], [ -79.565524738132268, 43.608617368769139 ], [ -79.565549438140138, 43.608617768768099 ], [ -79.56558653815199, 43.608618168766426 ], [ -79.565611438159181, 43.60860946876371 ], [ -79.565648738171078, 43.608609968762067 ], [ -79.56566133817428, 43.608601068759945 ], [ -79.56568643818153, 43.608592368757229 ], [ -79.565698838185497, 43.608592568756684 ], [ -79.565711338188663, 43.60858366875452 ], [ -79.565748438200572, 43.608584168752891 ], [ -79.565773238208493, 43.608584468751772 ], [ -79.565810438220339, 43.608585068750195 ], [ -79.565835238228274, 43.608585268749025 ], [ -79.565860538234787, 43.60856766874479 ], [ -79.565873338236514, 43.608540668739479 ], [ -79.565898638242999, 43.608522968735201 ], [ -79.565911438245493, 43.608505168731448 ], [ -79.565949138255178, 43.608478668725034 ], [ -79.565986538266316, 43.608470068721786 ], [ -79.566024238276796, 43.608452668716971 ], [ -79.566049738282558, 43.608425968711074 ], [ -79.566049838281828, 43.608416968709498 ], [ -79.566050038281077, 43.60840796870788 ], [ -79.566062638284293, 43.608399068705779 ], [ -79.566075238287524, 43.608390268703609 ], [ -79.566087538291427, 43.608390268703026 ], [ -79.566112538299478, 43.608390768701952 ], [ -79.566124838303381, 43.608390868701427 ], [ -79.566149838310565, 43.608382168698753 ], [ -79.56616243831381, 43.608373368696583 ], [ -79.566187438320981, 43.608364568693887 ], [ -79.56619973832494, 43.608364668693341 ], [ -79.566249338340754, 43.60836536869116 ], [ -79.566285938354071, 43.608383768692661 ], [ -79.566334938372123, 43.608411568695274 ], [ -79.566383838390095, 43.608439068697813 ], [ -79.566420738403465, 43.60845746869937 ], [ -79.566457338416797, 43.608476068700888 ], [ -79.566506338434834, 43.608503568703426 ], [ -79.56654303844816, 43.608522068704971 ], [ -79.566616238475504, 43.608568068709637 ], [ -79.566665438492805, 43.608586768710616 ], [ -79.566702038506108, 43.608605068712166 ], [ -79.566738738520257, 43.608632668715316 ], [ -79.566775138534254, 43.608660168718444 ], [ -79.566824338551555, 43.608678768719379 ], [ -79.566860838565631, 43.608706268722571 ], [ -79.566897638578936, 43.608724668724065 ], [ -79.566934038592962, 43.608752068727142 ], [ -79.566970638607032, 43.608779668730278 ], [ -79.567007038621057, 43.608807168733428 ], [ -79.567031238631202, 43.608834368737099 ], [ -79.56705513864199, 43.608870768742371 ], [ -79.567079238652099, 43.608898068746051 ], [ -79.567103138662873, 43.608934268751312 ], [ -79.567151238683834, 43.608997868760206 ], [ -79.567199138705476, 43.609070568770719 ], [ -79.567210838711603, 43.60909776877498 ], [ -79.567235038721705, 43.609125168778682 ], [ -79.567246438728517, 43.609161168784446 ], [ -79.567258038735417, 43.609197368790277 ], [ -79.567269638742289, 43.609233568796107 ], [ -79.567281138749181, 43.609269768801944 ], [ -79.567292638756058, 43.60930596880771 ], [ -79.567304238762944, 43.609342068813568 ], [ -79.567315838769034, 43.609369268817773 ], [ -79.567327038777307, 43.609423368826754 ], [ -79.567338938782726, 43.609441568829389 ], [ -79.567418238835913, 43.609757668881237 ], [ -79.567417138839488, 43.609802568889144 ], [ -79.567428738846388, 43.609838868894968 ], [ -79.567427838849298, 43.609874868901336 ], [ -79.56742713885221, 43.609910768907682 ], [ -79.567426138855083, 43.609946768914071 ], [ -79.56741293885409, 43.609982768920979 ], [ -79.567412038856929, 43.610018668927324 ], [ -79.56739883885588, 43.610054468934258 ], [ -79.567397738859555, 43.610099568942189 ], [ -79.567384538858505, 43.61013546894911 ], [ -79.567376738857888, 43.610156568953215 ], [ -79.567371238857433, 43.610171268956051 ], [ -79.567370438860351, 43.610207168962404 ], [ -79.567369938861773, 43.610225168965535 ], [ -79.567369338863955, 43.610252268970335 ], [ -79.567381038870096, 43.610279468974596 ], [ -79.567393038875466, 43.610297468977166 ], [ -79.567405338879453, 43.610297668976663 ], [ -79.567417538884115, 43.610306968977703 ], [ -79.567430038888119, 43.610307068977114 ], [ -79.567429738888819, 43.610316068978754 ], [ -79.567441738894274, 43.610334268981383 ], [ -79.567441538895011, 43.610343168982965 ], [ -79.567441138896427, 43.610361168986117 ], [ -79.567440638897864, 43.610379268989334 ], [ -79.567464138910125, 43.610433368997732 ], [ -79.567451538906909, 43.610442268999918 ], [ -79.567438938903692, 43.610451169001998 ], [ -79.567413538897924, 43.610477869007902 ], [ -79.567400338896931, 43.6105136690148 ], [ -79.567387138895882, 43.610549569021728 ], [ -79.567373838894781, 43.610585469028642 ], [ -79.567361038892301, 43.610603269032381 ], [ -79.567348138889756, 43.610621069036078 ], [ -79.567335338887275, 43.610639069039856 ], [ -79.567322238885424, 43.610665869045171 ], [ -79.567309538882995, 43.610683669048903 ], [ -79.567309038884446, 43.610701769052085 ], [ -79.567308638885876, 43.610719769055272 ], [ -79.567295838883382, 43.610737569059026 ], [ -79.567270438877614, 43.610764169064829 ], [ -79.567232638867964, 43.610790769071279 ], [ -79.567194838858214, 43.610817269077685 ], [ -79.56714493884391, 43.610834669083054 ], [ -79.567095038828739, 43.610843169086898 ], [ -79.567045138814393, 43.610860369092251 ], [ -79.566995538798551, 43.610859969094463 ], [ -79.566945538784168, 43.610877169099822 ], [ -79.5669331387802, 43.610877069100418 ], [ -79.566908138772959, 43.610885769103064 ], [ -79.566895938769107, 43.610885669103652 ], [ -79.566883238765826, 43.610894469105773 ], [ -79.566833238751443, 43.610911769111119 ], [ -79.566795438741707, 43.610938269117568 ], [ -79.566769938735959, 43.610965069123473 ], [ -79.56673213872628, 43.61099156912988 ], [ -79.566706738720512, 43.611018269135741 ], [ -79.566668738711556, 43.611053869143724 ], [ -79.566630938701863, 43.611080269150165 ], [ -79.566605538696109, 43.611106969156012 ], [ -79.566567638686394, 43.611133669162498 ], [ -79.566529838676715, 43.611160169168919 ], [ -79.566504538671012, 43.611186869174752 ], [ -79.566466438662019, 43.611222369182777 ], [ -79.566428638652297, 43.611248869189183 ], [ -79.5664032386466, 43.611275569195044 ], [ -79.566365338636871, 43.611302169201501 ], [ -79.566339838631848, 43.611337869208953 ], [ -79.566302038622183, 43.611364369215366 ], [ -79.566276538616421, 43.611390969221226 ], [ -79.566251038610659, 43.611417669227087 ], [ -79.566213138601739, 43.611453269235156 ], [ -79.566187638595935, 43.61148006924104 ], [ -79.566149938586307, 43.611506569247446 ], [ -79.566124538580553, 43.6115332692533 ], [ -79.566086638570809, 43.611559669259712 ], [ -79.566023438555405, 43.611613069272003 ], [ -79.565985538545647, 43.611639369278372 ], [ -79.56594783853599, 43.611665969284829 ], [ -79.56591003852634, 43.611692669291308 ], [ -79.565872338515845, 43.611710069296123 ], [ -79.565859838512637, 43.611718969298281 ], [ -79.565822238502207, 43.611736469303061 ], [ -79.565784638491806, 43.611754069307928 ], [ -79.565747038481348, 43.611771669312745 ], [ -79.565697138467016, 43.611788969318141 ], [ -79.565647138452576, 43.611806269323466 ], [ -79.565597138438207, 43.611823769328879 ], [ -79.565577238432283, 43.61182826933058 ], [ -79.565559638427032, 43.611832169332125 ], [ -79.565509738412672, 43.611849669337531 ], [ -79.565501238410334, 43.611853569338585 ], [ -79.56547203840222, 43.611867269342362 ], [ -79.565434738391104, 43.611875769345552 ], [ -79.565422138387817, 43.6118844693477 ], [ -79.5654095383846, 43.611893469349852 ], [ -79.565384538377401, 43.611902069352517 ], [ -79.565372038374235, 43.611910869354638 ], [ -79.565347338366308, 43.611910669355765 ], [ -79.565347438365563, 43.611901669354211 ], [ -79.56533503836161, 43.611901569354742 ], [ -79.565322838356892, 43.611892269353689 ], [ -79.565285738345054, 43.611891869355375 ], [ -79.565235738330671, 43.611909169360707 ], [ -79.565185538316982, 43.611935669367703 ], [ -79.565147838306501, 43.611953069372539 ], [ -79.565097938292183, 43.611970469377916 ], [ -79.565060238282513, 43.611997069384309 ], [ -79.565022538272046, 43.61201466938919 ], [ -79.564984638262331, 43.612041069395559 ], [ -79.564946938252646, 43.612067769402032 ], [ -79.564909338242245, 43.612085269406869 ], [ -79.564871538232509, 43.612111769413289 ], [ -79.564821338218877, 43.612138169420213 ], [ -79.564783738208462, 43.61215566942505 ], [ -79.564733738194036, 43.612173069430426 ], [ -79.564696138183621, 43.612190669435307 ], [ -79.564646138169238, 43.612207969440632 ], [ -79.564608538158822, 43.612225369445433 ], [ -79.564558338145133, 43.612251869452471 ], [ -79.564520538135454, 43.612278369458878 ], [ -79.564482938125039, 43.612295869463736 ], [ -79.564433138109919, 43.612304369467509 ], [ -79.564383138095494, 43.612321669472834 ], [ -79.564333438080425, 43.612330069476648 ], [ -79.564295838070024, 43.61234766948153 ], [ -79.564258538058837, 43.61235606948469 ], [ -79.564233538051667, 43.612364769487407 ], [ -79.564196138040515, 43.612373369490669 ], [ -79.564183238037984, 43.612391269494395 ], [ -79.564157838032216, 43.612417969500299 ], [ -79.564144638031209, 43.612453769507177 ], [ -79.564131138030859, 43.612498669515666 ], [ -79.564117838029802, 43.612534469522622 ], [ -79.564116938032669, 43.612570569528984 ], [ -79.564103738031605, 43.612606369535847 ], [ -79.564090538030626, 43.612642269542789 ], [ -79.564077338029549, 43.612677969549672 ], [ -79.564064538027068, 43.61269586955342 ], [ -79.564063838029213, 43.612722969558199 ], [ -79.564050938026668, 43.61274076956196 ], [ -79.564050438028872, 43.612767669566679 ], [ -79.56404953803181, 43.612803769573098 ], [ -79.564061138038682, 43.612839869578892 ], [ -79.564085138049521, 43.612876269584156 ], [ -79.564109038059584, 43.612903569587829 ], [ -79.564120538066405, 43.612939669593615 ], [ -79.564144638077309, 43.612976069598901 ], [ -79.564168738087346, 43.613003269602544 ], [ -79.564205038102159, 43.613039769607276 ], [ -79.564229438111539, 43.61305816960936 ], [ -79.564278538128818, 43.613076669610322 ], [ -79.564315438141406, 43.613086169610256 ], [ -79.564352138154746, 43.613104769611844 ], [ -79.564401338172033, 43.613123369612786 ], [ -79.564450438189326, 43.6131419696138 ], [ -79.564487438201965, 43.613151469613726 ], [ -79.564536538219258, 43.613170069614739 ], [ -79.564585638236494, 43.613188669615695 ], [ -79.564622438249884, 43.61320716961724 ], [ -79.564671538267177, 43.613225769618204 ], [ -79.564720638284399, 43.613244269619166 ], [ -79.564769938300969, 43.613254069618563 ], [ -79.564819338317562, 43.61326366961795 ], [ -79.564868638334119, 43.613273269617331 ], [ -79.564917838351406, 43.6132917696183 ], [ -79.564967138367948, 43.613301469617745 ], [ -79.565016438384518, 43.613311269617157 ], [ -79.565053438397143, 43.613320569617052 ], [ -79.56510253841445, 43.613339169618044 ], [ -79.565151938430986, 43.613348769617438 ], [ -79.565201238447543, 43.613358469616813 ], [ -79.565250538464099, 43.613368069616193 ], [ -79.565300138479969, 43.613368769614041 ], [ -79.56534973849584, 43.61336936961181 ], [ -79.565399238511645, 43.613369969609636 ], [ -79.565448838527487, 43.613370569607383 ], [ -79.56549853854257, 43.613362169603661 ], [ -79.565535738554473, 43.61336266960199 ], [ -79.565573338564874, 43.613345069597138 ], [ -79.565610738576027, 43.613336469593868 ], [ -79.565648138587179, 43.61332796959065 ], [ -79.565697638603041, 43.613328569588468 ], [ -79.565747438618175, 43.613320269584626 ], [ -79.565796938633966, 43.613320869582473 ], [ -79.565846538649836, 43.613321469580264 ], [ -79.565896138665636, 43.613322069578054 ], [ -79.565945538681447, 43.613322669575872 ], [ -79.565995238697312, 43.613323369573664 ], [ -79.566057138717156, 43.613324069570893 ], [ -79.566106638732961, 43.613324769568756 ], [ -79.566156238748832, 43.613325569566527 ], [ -79.566205838764631, 43.613325969564343 ], [ -79.566255438780487, 43.61332656956214 ], [ -79.566304938796307, 43.613327369559919 ], [ -79.566354238812863, 43.613336969559313 ], [ -79.566416138833489, 43.613346769558184 ], [ -79.566465538849229, 43.613347269555973 ], [ -79.5665151388651, 43.613347869553735 ], [ -79.566564538881707, 43.613357569553159 ], [ -79.566614038897512, 43.613358169550985 ], [ -79.566663338914069, 43.613367869550352 ], [ -79.566700038927394, 43.613386269551846 ], [ -79.566749238944681, 43.613404969552846 ], [ -79.566798338961974, 43.613423569553852 ], [ -79.566835038975313, 43.613441969555375 ], [ -79.566884438991849, 43.613451569554748 ], [ -79.566933739008419, 43.613461269554172 ], [ -79.566982839025698, 43.613479769555163 ], [ -79.567019839038338, 43.613489269555068 ], [ -79.567069139054894, 43.613498869554455 ], [ -79.567106139067477, 43.613508469554418 ], [ -79.567143039080051, 43.613517669554341 ], [ -79.567192439096672, 43.61352746955373 ], [ -79.567229139109983, 43.613545969555297 ], [ -79.567278339127284, 43.613564569556239 ], [ -79.567314939140559, 43.613582969557754 ], [ -79.567364139157888, 43.613601569558782 ], [ -79.567401139170499, 43.613611169558709 ], [ -79.567450239187778, 43.61362976955968 ], [ -79.567499539204334, 43.613639469559097 ], [ -79.567548839221686, 43.613657969560066 ], [ -79.567585539234216, 43.613667569560043 ], [ -79.567634739251517, 43.613686169560992 ], [ -79.567683939268875, 43.613704769561998 ], [ -79.567720539282135, 43.613723169563507 ], [ -79.567769639299428, 43.613741869564507 ], [ -79.567806239313498, 43.613769369567621 ], [ -79.567842839327568, 43.61379676957074 ], [ -79.56787933934163, 43.61382416957381 ], [ -79.567903939350259, 43.613833569574332 ], [ -79.567916139354978, 43.613842769575406 ], [ -79.567940439364321, 43.613861069577467 ], [ -79.56795263936904, 43.613870169578483 ], [ -79.567952439369748, 43.613879069580072 ], [ -79.567952139370448, 43.613888069581634 ], [ -79.567951839371148, 43.613897069583253 ], [ -79.567964239375115, 43.613897269582701 ], [ -79.567976539379828, 43.613906469583767 ], [ -79.567988539385283, 43.613924669586396 ], [ -79.56808613942205, 43.613988969593116 ], [ -79.568110739430637, 43.613998169593607 ], [ -79.568147339443968, 43.614016669595173 ], [ -79.568184039458089, 43.614044069598222 ], [ -79.568208239467424, 43.614062469600363 ], [ -79.568244539482166, 43.614098969605053 ], [ -79.568268839492319, 43.614126169608731 ], [ -79.568292639503127, 43.614162569614017 ], [ -79.568329239517197, 43.614190069617123 ], [ -79.568365739531259, 43.614217469620186 ], [ -79.568402239545279, 43.614244869623334 ], [ -79.568438939558604, 43.614263369624879 ], [ -79.568463139568763, 43.614290669628545 ], [ -79.568475139574161, 43.614308969631224 ], [ -79.568499439583519, 43.614327169633285 ], [ -79.568511739588217, 43.614336369634302 ], [ -79.568511239589654, 43.614354369637489 ], [ -79.56852263959648, 43.614390469643283 ], [ -79.568509539595496, 43.61442646965024 ], [ -79.568496239594424, 43.614462069657101 ], [ -79.568483239592638, 43.614489169662484 ], [ -79.568469839591529, 43.614524869669381 ], [ -79.568444239586512, 43.614560669676834 ], [ -79.568418839581625, 43.614596369684286 ], [ -79.568405639579751, 43.614622969689599 ], [ -79.568392439578716, 43.61465906969655 ], [ -79.568379339577717, 43.614694869703406 ], [ -79.568365939576609, 43.614730669710291 ], [ -79.568352739575545, 43.614766469717239 ], [ -79.568339439574515, 43.614802369724174 ], [ -79.568326239573452, 43.614838269731095 ], [ -79.568312939572408, 43.614874169738002 ], [ -79.568299939570622, 43.614900969743317 ], [ -79.568286739569572, 43.61493686975021 ], [ -79.568273539567713, 43.614963669755575 ], [ -79.568273339568464, 43.614972669757137 ], [ -79.568260039568202, 43.615017469765625 ], [ -79.568259139571069, 43.615053569771987 ], [ -79.568245939570062, 43.615089369778921 ], [ -79.568245039572943, 43.615125469785298 ], [ -79.56823183957188, 43.615161269792161 ], [ -79.568230939574775, 43.615197169798527 ], [ -79.568217739573754, 43.615233169805478 ], [ -79.568204439572682, 43.61526886981239 ], [ -79.568204039574127, 43.61528696981555 ], [ -79.568203639575614, 43.615304969818744 ], [ -79.568190339574556, 43.615340769825636 ], [ -79.568177539572019, 43.615358669829355 ], [ -79.568164139571707, 43.615403469837865 ], [ -79.568163639573143, 43.615421469841053 ], [ -79.5681506395714, 43.615448369846412 ], [ -79.568150039573581, 43.615475369851161 ], [ -79.56814933957574, 43.615502369855925 ], [ -79.568136339573968, 43.615529269861284 ], [ -79.568123039572896, 43.615564969868124 ], [ -79.568096639570811, 43.615636869882003 ], [ -79.568083339569753, 43.615672569888901 ], [ -79.568070139568704, 43.615708469895814 ], [ -79.568069339571608, 43.61574446990214 ], [ -79.568068439574532, 43.615780369908506 ], [ -79.568067539577385, 43.615816369914874 ], [ -79.568054439575604, 43.615843369920213 ], [ -79.568054339576406, 43.615852369921839 ], [ -79.568053739577778, 43.615870369924977 ], [ -79.568041039575292, 43.61588806992868 ], [ -79.568028039573548, 43.615915069934012 ], [ -79.568027639574993, 43.615933069937213 ], [ -79.568014539573213, 43.615959969942551 ], [ -79.56801423957387, 43.615968769944125 ], [ -79.568001539571398, 43.615986669947837 ], [ -79.568001139572871, 43.616004669951025 ], [ -79.568000639574308, 43.616022769954206 ], [ -79.568000439575059, 43.616031769955825 ], [ -79.568000239575809, 43.616040769957394 ], [ -79.568000039576489, 43.616049669958976 ], [ -79.567999839577226, 43.616058669960545 ], [ -79.567999439578713, 43.616076769963769 ], [ -79.56799873958083, 43.616103669968503 ], [ -79.567998339582317, 43.616121769971727 ], [ -79.56799773958447, 43.616148669976454 ], [ -79.567996839587408, 43.616184769982873 ], [ -79.567995939590318, 43.616220669989232 ], [ -79.567982739589269, 43.616256569996132 ], [ -79.567969539588219, 43.616292370003016 ], [ -79.567969239588891, 43.616301370004585 ], [ -79.567968739590341, 43.616319470007817 ], [ -79.567956239587176, 43.616328370009981 ], [ -79.56795603958787, 43.616337370011543 ], [ -79.567967539594733, 43.616373370017349 ], [ -79.56796563960124, 43.616454370031626 ], [ -79.568012039628044, 43.616590170053328 ], [ -79.568023739634185, 43.616617270057546 ], [ -79.568022939637089, 43.616653170063891 ], [ -79.568022039639956, 43.616689270070253 ], [ -79.568021439642195, 43.616716370075046 ], [ -79.56800813964108, 43.616752170081924 ], [ -79.567982739635383, 43.616778870087835 ], [ -79.567944939625647, 43.616805370094248 ], [ -79.56791953961995, 43.616832070100102 ], [ -79.567894039614188, 43.61685867010597 ], [ -79.56786863960842, 43.61688537011181 ], [ -79.567856039605189, 43.616894270113981 ], [ -79.567830839598756, 43.616912070118303 ], [ -79.567805639592237, 43.616929570122565 ], [ -79.567792639590522, 43.616956670127877 ], [ -79.567779839587985, 43.616974370131587 ], [ -79.567766939585454, 43.61699227013537 ], [ -79.567766739586176, 43.617001270136939 ], [ -79.567754139582959, 43.617009970139073 ], [ -79.567728439577948, 43.617045770146539 ], [ -79.567703139572245, 43.617072470152387 ], [ -79.567690339569694, 43.617090270156126 ], [ -79.567677439567163, 43.617108070159823 ], [ -79.567652239560715, 43.617125770164101 ], [ -79.567639139558949, 43.617152870169498 ], [ -79.56763903955968, 43.617161770171052 ], [ -79.567626639555712, 43.617161570171604 ], [ -79.567626539556485, 43.6171704701732 ], [ -79.567626239557185, 43.617179470174776 ], [ -79.567613839553218, 43.617179370175307 ], [ -79.567613639553969, 43.61718837017694 ], [ -79.567601239549987, 43.617188170177492 ], [ -79.567600939550687, 43.617197170179061 ], [ -79.567588439547464, 43.617206070181211 ], [ -79.567588239548201, 43.617215070182773 ], [ -79.567575739544239, 43.617214870183346 ], [ -79.567575539544919, 43.617223870184894 ], [ -79.567563139541022, 43.617223770185518 ], [ -79.567550639537785, 43.617232570187618 ], [ -79.567538139533781, 43.617232470188156 ], [ -79.567525839529864, 43.617232370188738 ], [ -79.567525639530615, 43.617241370190321 ], [ -79.567513239526647, 43.617241170190873 ], [ -79.567500739522629, 43.617241070191405 ], [ -79.567488639517961, 43.617231870190395 ], [ -79.567476239514008, 43.617231770190919 ], [ -79.567463639510791, 43.617240570193069 ], [ -79.567451239506809, 43.617240370193613 ], [ -79.567438939502892, 43.617240270194202 ], [ -79.567426439498874, 43.617240070194697 ], [ -79.567401539491726, 43.617248670197377 ], [ -79.567389039487722, 43.617248570197965 ], [ -79.567376739483819, 43.617248370198517 ], [ -79.567364139480588, 43.617257270200625 ], [ -79.567351739476621, 43.617257070201177 ], [ -79.567339439472661, 43.617256970201773 ], [ -79.566669839306371, 43.617788870326365 ], [ -79.566665439305481, 43.617794970327587 ], [ -79.566657039303877, 43.617806670330047 ], [ -79.566656839304542, 43.617815570331636 ], [ -79.566656539305285, 43.617824570333212 ], [ -79.566656539306109, 43.617833670334811 ], [ -79.566656139306744, 43.617842670336437 ], [ -79.566668239311383, 43.61785177033746 ], [ -79.566668139312185, 43.617860770339036 ], [ -79.566680339316903, 43.617870070340075 ], [ -79.566680039317603, 43.617879070341722 ], [ -79.566679739318275, 43.617888070343291 ], [ -79.566679639319005, 43.617896970344859 ], [ -79.566679439319756, 43.617906070346464 ], [ -79.566679139320456, 43.61791507034804 ], [ -79.566678939321179, 43.617924070349666 ], [ -79.566678839321924, 43.617933070351235 ], [ -79.56667863932266, 43.61794197035281 ], [ -79.566678439323411, 43.617950970354364 ], [ -79.566678039324117, 43.617960070355984 ], [ -79.566677939324862, 43.61796907035761 ], [ -79.56667773932557, 43.617977970359185 ], [ -79.566677439326284, 43.617986970360761 ], [ -79.566689639330988, 43.617996170361828 ], [ -79.566689539331733, 43.618005170363411 ], [ -79.566689239332419, 43.618014170364965 ], [ -79.566689039333156, 43.618023170366591 ], [ -79.566688739333841, 43.618032170368174 ], [ -79.566701139337809, 43.618032270367635 ], [ -79.566701039338611, 43.618041370369248 ], [ -79.56670083933929, 43.618050270370809 ], [ -79.566700639340027, 43.618059270372385 ], [ -79.566700339340727, 43.618068270373961 ], [ -79.566700139341464, 43.618077270375579 ], [ -79.5666999393422, 43.618086370377185 ], [ -79.566699839342959, 43.61809537037874 ], [ -79.566699439343637, 43.618104370380387 ], [ -79.566699339344382, 43.618113370381934 ], [ -79.566711639349151, 43.618122570383008 ], [ -79.566711239349772, 43.618131470384547 ], [ -79.566711039350523, 43.618140470386173 ], [ -79.566723239355213, 43.618149570387196 ], [ -79.566723039355978, 43.618158570388758 ], [ -79.566722839356657, 43.618167670390378 ], [ -79.566735239360625, 43.618167770389825 ], [ -79.566735139361441, 43.618176870391416 ], [ -79.566734739362062, 43.618185870393013 ], [ -79.566746939366766, 43.618194970394036 ], [ -79.566746739367517, 43.618203970395655 ], [ -79.566758939372207, 43.618213070396692 ], [ -79.566758639372907, 43.618222070398254 ], [ -79.566758239374337, 43.618240170401428 ], [ -79.566758039375074, 43.618249170403054 ], [ -79.566770139379727, 43.618258270404098 ], [ -79.566769939380478, 43.618267270405653 ], [ -79.566769839381294, 43.618276470407302 ], [ -79.566769639381974, 43.618285370408884 ], [ -79.566781939385933, 43.618285470408289 ], [ -79.566781739386599, 43.618294370409878 ], [ -79.56678153938735, 43.618303370411446 ], [ -79.566769039383388, 43.618303270412035 ], [ -79.566768939384119, 43.618312270413597 ], [ -79.566768739384869, 43.618321370415231 ], [ -79.566768539385635, 43.618330370416835 ], [ -79.566768239386306, 43.618339370418418 ], [ -79.566768139387051, 43.61834847042001 ], [ -79.566780439391025, 43.618348470419441 ], [ -79.56678023939169, 43.618357370421023 ], [ -79.566792739395723, 43.618357670420501 ], [ -79.566792439396394, 43.618366570422033 ], [ -79.566804839400376, 43.618366770421538 ], [ -79.566804639401113, 43.618375670423049 ], [ -79.566816839405817, 43.618384870424137 ], [ -79.566816539406517, 43.618393970425728 ], [ -79.566816439407248, 43.618402870427332 ], [ -79.566828439411893, 43.618412070428342 ], [ -79.566828039413338, 43.618430170431566 ], [ -79.566828039414133, 43.61843917043312 ], [ -79.566827739414833, 43.61844817043476 ], [ -79.566839739419464, 43.618457170435761 ], [ -79.566839639420223, 43.618466270437359 ], [ -79.566839439420974, 43.618475270438921 ], [ -79.566851639425678, 43.618484370439965 ], [ -79.56685133942635, 43.618493370441591 ], [ -79.566851239427166, 43.618502470443175 ], [ -79.566863539431068, 43.618502570442601 ], [ -79.566863339431819, 43.61851157044422 ], [ -79.566863139432499, 43.618520570445781 ], [ -79.566875339437217, 43.618529770446855 ], [ -79.56687513943794, 43.618538670448437 ], [ -79.566874939438691, 43.618547670450006 ], [ -79.566874639439376, 43.618556670451575 ], [ -79.566861939436095, 43.618565470453774 ], [ -79.56686183943691, 43.618574670455352 ], [ -79.566861639437604, 43.618583670456964 ], [ -79.566861439438341, 43.618592670458533 ], [ -79.566861139439027, 43.618601670460102 ], [ -79.566861039439829, 43.61861067046172 ], [ -79.566873239444476, 43.618619670462714 ], [ -79.566872939445219, 43.618628770464326 ], [ -79.566872739445913, 43.618637770465959 ], [ -79.566872539446649, 43.6186467704675 ], [ -79.566872339447386, 43.618655670469096 ], [ -79.566872139448137, 43.618664670470672 ], [ -79.566871939448873, 43.61867377047227 ], [ -79.566884039453527, 43.618682970473358 ], [ -79.566883839454277, 43.618691970474913 ], [ -79.566883639454957, 43.618700870476502 ], [ -79.566896039458911, 43.618700970475963 ], [ -79.566895939459741, 43.618710070477562 ], [ -79.566895639460398, 43.618719070479131 ], [ -79.566907939464315, 43.618719170478599 ], [ -79.566907739465066, 43.618728170480168 ], [ -79.566907539465802, 43.618737170481744 ], [ -79.566919739470521, 43.61874647048284 ], [ -79.566919539471201, 43.618755470484416 ], [ -79.566919239471957, 43.618764470485985 ], [ -79.566919139472702, 43.618773470487604 ], [ -79.566931539476656, 43.618773470487021 ], [ -79.566931339477392, 43.618782570488627 ], [ -79.566931039478078, 43.618791470490223 ], [ -79.566930639479509, 43.618809470493353 ], [ -79.566930439480245, 43.618818470494958 ], [ -79.566930239480996, 43.618827570496585 ], [ -79.566917839477043, 43.618827370497158 ], [ -79.566917539477714, 43.618836470498749 ], [ -79.566929839482484, 43.618845570499758 ], [ -79.566929539483169, 43.61885457050132 ], [ -79.566929339483906, 43.61886347050293 ], [ -79.566928939485351, 43.61888157050609 ], [ -79.566928739486087, 43.61889057050773 ], [ -79.566928539486838, 43.618899570509285 ], [ -79.566928039488261, 43.618917470512436 ], [ -79.566927839488997, 43.618926570514041 ], [ -79.566927639489677, 43.61893547051563 ], [ -79.566927239490383, 43.618944470517206 ], [ -79.566927139491128, 43.618953470518818 ], [ -79.566927039491915, 43.618962470520401 ], [ -79.566926839492609, 43.618971570521985 ], [ -79.566926439493287, 43.618980570523618 ], [ -79.566926239494038, 43.618989570525194 ], [ -79.566926139494782, 43.61899857052677 ], [ -79.566925939495519, 43.619007570528389 ], [ -79.566925439496941, 43.619025470531525 ], [ -79.566925339497686, 43.619034470533094 ], [ -79.566925139498437, 43.619043570534721 ], [ -79.566912339495161, 43.619052370536892 ], [ -79.566912139495898, 43.619061370538461 ], [ -79.566912039496657, 43.619070470540066 ], [ -79.566911839497394, 43.619079470541628 ], [ -79.566911739498138, 43.619088470543254 ], [ -79.566911339498816, 43.619097370544843 ], [ -79.566911139499553, 43.619106370546412 ], [ -79.56689863949633, 43.619115170548525 ], [ -79.56689833949703, 43.619124370550175 ], [ -79.566898139497781, 43.619133370551744 ], [ -79.566897939498503, 43.619142370553369 ], [ -79.566885339495286, 43.61915117055549 ], [ -79.566897639499999, 43.619160370556507 ], [ -79.56689723950069, 43.619169370558133 ], [ -79.566897139501421, 43.619178270559708 ], [ -79.566896939502172, 43.61918727056127 ], [ -79.566896739502909, 43.619196270562831 ], [ -79.566884039499627, 43.61920507056503 ], [ -79.566883839500377, 43.619214070566599 ], [ -79.566883639501071, 43.619223070568161 ], [ -79.566895939505841, 43.619232370569257 ], [ -79.566895639506527, 43.619241370570833 ], [ -79.566895439507277, 43.619250370572409 ], [ -79.566895139507949, 43.619259270574005 ], [ -79.56689503950868, 43.619268370575583 ], [ -79.566894639509385, 43.61927737057723 ], [ -79.56689453951013, 43.619286370578784 ], [ -79.566894139511604, 43.619304270581935 ], [ -79.566894039512349, 43.619313370583541 ], [ -79.56689363951304, 43.619322370585166 ], [ -79.566881039509823, 43.619331170587294 ], [ -79.566880839510503, 43.619340070588862 ], [ -79.566880639511226, 43.619349070590445 ], [ -79.566880439511991, 43.619358170592058 ], [ -79.566867839508745, 43.619366970594179 ], [ -79.56686743951019, 43.619385070597396 ], [ -79.566867139510933, 43.619394070598986 ], [ -79.566866939511627, 43.619403070600541 ], [ -79.566866739512363, 43.619412070602166 ], [ -79.566866439513049, 43.619420970603748 ], [ -79.566866339513837, 43.619429970605317 ], [ -79.566865939515282, 43.619448070608485 ], [ -79.566865739516018, 43.619456970610059 ], [ -79.566865439516704, 43.619465970611706 ], [ -79.566852739513479, 43.6194748706138 ], [ -79.566852639514224, 43.619483870615412 ], [ -79.56685243951496, 43.619492770617022 ], [ -79.566852139515646, 43.619501770618591 ], [ -79.566864439520373, 43.619510970619658 ], [ -79.566864239521095, 43.619519970621205 ], [ -79.566863939521809, 43.619529070622832 ], [ -79.566876139526514, 43.619538270623899 ], [ -79.56687593952725, 43.619547170625417 ], [ -79.566875739527987, 43.61955617062705 ], [ -79.566875539528695, 43.619565270628655 ], [ -79.566875339529432, 43.619574270630224 ], [ -79.566875139530168, 43.619583170631799 ], [ -79.566874839530854, 43.619592270633412 ], [ -79.566874639531591, 43.619601170634972 ], [ -79.566874439532342, 43.619610270636606 ], [ -79.566874239533092, 43.619619270638175 ], [ -79.566874039533772, 43.619628270639794 ], [ -79.566873839534509, 43.61963727064137 ], [ -79.56687363953526, 43.619646270642924 ], [ -79.56687333953596, 43.619655270644557 ], [ -79.566873139536682, 43.619664170646139 ], [ -79.566872539538849, 43.619691170650896 ], [ -79.566884739543553, 43.619700370651898 ], [ -79.566884339545041, 43.619718370655107 ], [ -79.566884039545741, 43.619727370656733 ], [ -79.566883839546477, 43.61973627065823 ], [ -79.566883639547171, 43.619745370659849 ], [ -79.566883439547894, 43.619754370661475 ], [ -79.566883239548659, 43.619763370663044 ], [ -79.566883039549396, 43.619772270664633 ], [ -79.566882739550081, 43.619781270666202 ], [ -79.566882539550818, 43.619790270667814 ], [ -79.566882339551512, 43.619799370669426 ], [ -79.566881939552999, 43.619817370672621 ], [ -79.566894139557704, 43.619826470673644 ], [ -79.566893839558404, 43.61983547067522 ], [ -79.56689363955914, 43.619844570676825 ], [ -79.566893439559891, 43.619853570678416 ], [ -79.566893239560571, 43.619862470679976 ], [ -79.566893039561322, 43.619871470681602 ], [ -79.566892839562058, 43.619880570683215 ], [ -79.566892639562809, 43.619889570684769 ], [ -79.566892039564166, 43.619907370687962 ], [ -79.566891739565662, 43.619925470691108 ], [ -79.566879339561709, 43.619925370691668 ], [ -79.566879139562445, 43.619934470693266 ], [ -79.566879039563247, 43.619943470694885 ], [ -79.566878739563933, 43.619952470696461 ], [ -79.56689093956858, 43.619961570697477 ], [ -79.566890639569323, 43.61997057069911 ], [ -79.566890539570068, 43.619979570700671 ], [ -79.566890239570739, 43.619988570702255 ], [ -79.56689003957149, 43.619997470703836 ], [ -79.566889839572227, 43.620006470705455 ], [ -79.566889639572963, 43.620015470707031 ], [ -79.566901739577631, 43.620024770708078 ], [ -79.566901539578382, 43.620033770709711 ], [ -79.566901339579061, 43.620042770711265 ], [ -79.566900939580549, 43.620060770714467 ], [ -79.5669007395813, 43.620069770716029 ], [ -79.566900539582022, 43.620078670717618 ], [ -79.566900339582716, 43.620087670719165 ], [ -79.566900039583402, 43.620096670720805 ], [ -79.566899839584153, 43.620105670722367 ], [ -79.566899639584889, 43.62011477072398 ], [ -79.56689943958564, 43.620123770725598 ], [ -79.566899339586385, 43.62013277072716 ], [ -79.566899039587057, 43.620141670728749 ], [ -79.566898839587793, 43.620150670730318 ], [ -79.566898639588558, 43.620159770731924 ], [ -79.566898339589244, 43.620168770733564 ], [ -79.566898139589981, 43.620177770735125 ], [ -79.566897939590717, 43.62018677073668 ], [ -79.566897739591454, 43.620195670738276 ], [ -79.566897639592213, 43.620204770739875 ], [ -79.56689723959289, 43.620213770741515 ], [ -79.566897039593556, 43.620222570743053 ], [ -79.566896839594335, 43.620231670744658 ], [ -79.566909239598289, 43.620231770744049 ], [ -79.566908939598989, 43.620240970745719 ], [ -79.566908739599739, 43.620249970747267 ], [ -79.566908539600476, 43.620258970748907 ], [ -79.566920939604429, 43.620259070748318 ], [ -79.56692073960518, 43.620268070749923 ], [ -79.566932939609842, 43.62027727075094 ], [ -79.566945039614481, 43.620286370751977 ], [ -79.566944939615283, 43.620295470753568 ], [ -79.566957339619265, 43.620295570753036 ], [ -79.566957139619973, 43.62030447075464 ], [ -79.56696913962459, 43.620313670755635 ], [ -79.566969139625385, 43.620322670757261 ], [ -79.566968839626071, 43.620331670758844 ], [ -79.566980939630739, 43.620340870759904 ], [ -79.566980839631526, 43.620349870761451 ], [ -79.566992639636879, 43.620368070764108 ], [ -79.566992439637616, 43.620377070765727 ], [ -79.5670047396423, 43.620386070766727 ], [ -79.567004439643057, 43.620395070768296 ], [ -79.567004239643751, 43.620404070769908 ], [ -79.567016539648506, 43.620413370770969 ], [ -79.56701623964922, 43.62042237077253 ], [ -79.567016039649957, 43.620431370774163 ], [ -79.567015739650643, 43.620440370775725 ], [ -79.567028039655355, 43.620449570776806 ], [ -79.567027839656078, 43.620458470778381 ], [ -79.5670273396575, 43.620476370781532 ], [ -79.567027139658251, 43.620485470783123 ], [ -79.567026939659016, 43.620494570784729 ], [ -79.567039139663663, 43.62050367078578 ], [ -79.567038939664386, 43.620512670787335 ], [ -79.567038739665151, 43.62052167078896 ], [ -79.567038639665881, 43.620530670790529 ], [ -79.567038239666559, 43.620539570792126 ], [ -79.56703803966731, 43.620548570793687 ], [ -79.567037839667989, 43.620557570795313 ], [ -79.56703763966874, 43.620566570796861 ], [ -79.567037439669477, 43.62057557079843 ], [ -79.567024839666274, 43.620584470800587 ], [ -79.567024539666946, 43.6205935708022 ], [ -79.567024439667691, 43.620602570803833 ], [ -79.567024239668442, 43.620611570805394 ], [ -79.567023939669127, 43.62062047080699 ], [ -79.567023639669884, 43.620629570808596 ], [ -79.567023539670615, 43.620638570810158 ], [ -79.567010939667384, 43.620647370812272 ], [ -79.567010739668135, 43.620656370813911 ], [ -79.567010439668834, 43.62066537081548 ], [ -79.567022939672782, 43.620665570814914 ], [ -79.567022639673525, 43.620674470816503 ], [ -79.567022439674204, 43.620683570818123 ], [ -79.567022239674969, 43.620692570819742 ], [ -79.567009839670988, 43.62069237082023 ], [ -79.567009539671673, 43.620701270821826 ], [ -79.56700933967241, 43.620710270823437 ], [ -79.567009239673226, 43.620719270825006 ], [ -79.567021639677108, 43.620719470824454 ], [ -79.567021439677873, 43.620728470826073 ], [ -79.567033539682527, 43.620737770827141 ], [ -79.567033439683328, 43.620746770828688 ], [ -79.567033139684014, 43.620755770830321 ], [ -79.567045339688732, 43.620764870831344 ], [ -79.567045139689455, 43.620773870832927 ], [ -79.567032539686181, 43.620782670835034 ], [ -79.567032339686918, 43.62079157083663 ], [ -79.567031939687624, 43.620800670838243 ], [ -79.567019139685087, 43.620818470841989 ], [ -79.567019039685889, 43.620827570843581 ], [ -79.567006439682672, 43.620836470845681 ], [ -79.567006239683352, 43.620845470847314 ], [ -79.567005939684094, 43.620854470848883 ], [ -79.567005839684839, 43.620863370850465 ], [ -79.566993239681594, 43.620872170852572 ], [ -79.566992939682279, 43.620881170854211 ], [ -79.566980739678371, 43.620881070854743 ], [ -79.566980339679063, 43.620890070856333 ], [ -79.566967739675846, 43.620898870858497 ], [ -79.56696753967654, 43.62090797086011 ], [ -79.566955139672615, 43.620907670860618 ], [ -79.566954939673323, 43.620916870862217 ], [ -79.566942339670092, 43.620925670864409 ], [ -79.566942139670829, 43.620934670865942 ], [ -79.566929539667612, 43.62094337086809 ], [ -79.566916939664381, 43.620952270870205 ], [ -79.566916639665067, 43.62096127087181 ], [ -79.566904139661858, 43.620970170873981 ], [ -79.566891539658627, 43.620979070876075 ], [ -79.566879039655461, 43.620987870878245 ], [ -79.566878639656096, 43.620996870879829 ], [ -79.566853439649648, 43.621014570884114 ], [ -79.566840739646366, 43.621023370886242 ], [ -79.566840539647089, 43.621032270887824 ], [ -79.566815639639913, 43.621041070890499 ], [ -79.566815539640714, 43.621050070892146 ], [ -79.566803139636733, 43.621049870892641 ], [ -79.566790439633465, 43.621058770894798 ], [ -79.566777839630248, 43.621067570896919 ], [ -79.566765239627031, 43.621076470899069 ], [ -79.5667526396238, 43.621085370901248 ], [ -79.5667523396245, 43.62109437090281 ], [ -79.566739839621263, 43.621103070904951 ], [ -79.56672743961731, 43.621103070905527 ], [ -79.566727139617981, 43.621112070907095 ], [ -79.566714639614815, 43.62112087090928 ], [ -79.566702239610848, 43.621120670909768 ], [ -79.56668953960758, 43.621129470911967 ], [ -79.566664639600432, 43.621138170914612 ], [ -79.566652039597159, 43.621147070916777 ], [ -79.56662723958928, 43.621146770917875 ], [ -79.566614539586013, 43.621155670920025 ], [ -79.56660203958279, 43.621164470922146 ], [ -79.566589539578814, 43.621164370922678 ], [ -79.566577039575591, 43.62117317092487 ], [ -79.566564639571638, 43.621173070925387 ], [ -79.566551939568342, 43.621181870927529 ], [ -79.566539539564374, 43.621181670928081 ], [ -79.566527039561208, 43.621190470930181 ], [ -79.56651453955719, 43.621190370930769 ], [ -79.566502039554024, 43.621199170932918 ], [ -79.566489639550042, 43.62119897093347 ], [ -79.566464639542872, 43.621207770936159 ], [ -79.56645193953959, 43.621216670938317 ], [ -79.566439539535622, 43.621216470938826 ], [ -79.566414439529183, 43.621234170943104 ], [ -79.566402039525215, 43.6212340709437 ], [ -79.566389439521984, 43.621242870945821 ], [ -79.566376939518022, 43.62124267094638 ], [ -79.5663644395148, 43.621251570948537 ], [ -79.566352039510832, 43.621251370949039 ], [ -79.56635193951162, 43.621260270950621 ], [ -79.566339439507601, 43.621260170951217 ], [ -79.566327139503684, 43.621259970951712 ], [ -79.566314539500411, 43.621268870953855 ], [ -79.566302039496435, 43.621268670954429 ], [ -79.566301839497186, 43.62127767095599 ], [ -79.566289439493218, 43.621277570956586 ], [ -79.566276839490001, 43.621286370958707 ], [ -79.566264339486779, 43.621295270960857 ], [ -79.566251939482825, 43.621295170961396 ], [ -79.56623933947958, 43.621303970963531 ], [ -79.566226839475576, 43.621303870964105 ], [ -79.566214539471659, 43.621303570964635 ], [ -79.56620203946764, 43.621303470965167 ], [ -79.565914739384596, 43.621398970995315 ], [ -79.565914539385332, 43.621407870996912 ], [ -79.565902139381365, 43.621407770997493 ], [ -79.565889539378148, 43.621416670999594 ], [ -79.565876839374852, 43.621425471001785 ], [ -79.565864539370892, 43.621425271002273 ], [ -79.565851939367676, 43.621434171004438 ], [ -79.565839639363745, 43.621433971004983 ], [ -79.565827239359791, 43.621433771005549 ], [ -79.565802039353343, 43.621451571009807 ], [ -79.565789539349325, 43.621451471010424 ], [ -79.565777039346159, 43.621460271012523 ], [ -79.565764639342206, 43.621460171013084 ], [ -79.565752039338918, 43.621468971015254 ], [ -79.565739639334993, 43.621468771015742 ], [ -79.565727239331039, 43.621468571016294 ], [ -79.565727039331719, 43.621477571017913 ], [ -79.565714339328508, 43.62148647102002 ], [ -79.565714139329188, 43.621495471021639 ], [ -79.565713939329939, 43.621504571023266 ], [ -79.565701439326759, 43.621513271025329 ], [ -79.565701139327444, 43.621522271026947 ], [ -79.565688539324228, 43.62153117102914 ], [ -79.565675939321011, 43.621540071031227 ], [ -79.565663339317723, 43.621548871033404 ], [ -79.565663139318474, 43.621557871034966 ], [ -79.565650539315257, 43.621566771037124 ], [ -79.56565033931598, 43.6215757710387 ], [ -79.565650139316745, 43.621584771040318 ], [ -79.565649839317416, 43.621593671041843 ], [ -79.565649639318167, 43.621602671043462 ], [ -79.565649339318853, 43.621611671045045 ], [ -79.565649239319583, 43.621620671046664 ], [ -79.565648939320283, 43.621629771048276 ], [ -79.565648839321085, 43.621638771049838 ], [ -79.565660939325738, 43.621647871050875 ], [ -79.565660739326475, 43.621656871052437 ], [ -79.565660539327169, 43.62166597105405 ], [ -79.565660339327906, 43.621674971055661 ], [ -79.56567253933261, 43.621683971056669 ], [ -79.565672339333346, 43.62169297105828 ], [ -79.565672139334097, 43.621701971059863 ], [ -79.565671839334797, 43.621711071061469 ], [ -79.565659239331566, 43.621719971063612 ], [ -79.565659039332246, 43.621728971065181 ], [ -79.565658739332989, 43.621737971066814 ], [ -79.565658539333668, 43.621746871068346 ], [ -79.56565843933447, 43.621755871069965 ], [ -79.565658239335235, 43.621764971071563 ], [ -79.565658039335915, 43.621773971073132 ], [ -79.565657739336672, 43.621782971074758 ], [ -79.565670139340568, 43.621783071074169 ], [ -79.565682339345258, 43.621792171075207 ], [ -79.565694539349991, 43.62180137107628 ], [ -79.565694439350722, 43.621810371077821 ], [ -79.565694139351464, 43.621819371079461 ], [ -79.565706139356067, 43.621828571080471 ], [ -79.565706039356812, 43.621837571082096 ], [ -79.565705839357548, 43.621846471083629 ], [ -79.56570553935822, 43.621855471085254 ], [ -79.565705339358971, 43.621864471086816 ], [ -79.565692839355791, 43.62187327108893 ], [ -79.565680439351851, 43.621873271089513 ], [ -79.565668039347884, 43.621873071090064 ], [ -79.565668239347133, 43.621864071088496 ], [ -79.565655839343165, 43.621863971089034 ], [ -79.565655939342435, 43.621854871087436 ], [ -79.565643539338467, 43.621854671087995 ], [ -79.56563103933523, 43.621863571090145 ], [ -79.565630839335995, 43.621872671091744 ], [ -79.565643239339948, 43.621872771091155 ], [ -79.565643039340685, 43.621881771092767 ], [ -79.565655139345353, 43.621890971093798 ], [ -79.565667339350057, 43.621900071094828 ], [ -79.565667139350737, 43.621908971096403 ], [ -79.565666939351487, 43.621917971098036 ], [ -79.565666739352224, 43.621927071099634 ], [ -79.565679139356178, 43.621927171099045 ], [ -79.565678939356928, 43.621936271100651 ], [ -79.565678739357622, 43.621945271102284 ], [ -79.565690939362341, 43.621954471103294 ], [ -79.565702839367731, 43.62197257110595 ], [ -79.565702639368467, 43.621981571107526 ], [ -79.565714739373121, 43.621990671108549 ], [ -79.565714639373866, 43.621999671110103 ], [ -79.565714239374557, 43.62200877111173 ], [ -79.56572653937927, 43.622017871112746 ], [ -79.565726339380006, 43.622026871114365 ], [ -79.565726139380743, 43.622035871115955 ], [ -79.565738539384725, 43.622035971115395 ], [ -79.565738239385411, 43.622045071117014 ], [ -79.565737839386884, 43.622062971120165 ], [ -79.565737639387578, 43.622071971121734 ], [ -79.56573733938832, 43.62208097112336 ], [ -79.565749839392296, 43.622081271122831 ], [ -79.565749639393033, 43.622090271124399 ], [ -79.565749439393784, 43.622099271125975 ], [ -79.565761539398409, 43.622108271127026 ], [ -79.565761339399174, 43.622117271128594 ], [ -79.565761139399868, 43.622126371130193 ], [ -79.565773339404572, 43.622135571131281 ], [ -79.565773139405309, 43.622144471132842 ], [ -79.565773039406039, 43.622153471134418 ], [ -79.565772739406796, 43.622162571136016 ], [ -79.565784739411384, 43.62217167113706 ], [ -79.565784639412186, 43.622180571138628 ], [ -79.565796839416848, 43.62218987113971 ], [ -79.565809239420815, 43.62219007113913 ], [ -79.565809039421552, 43.622198971140719 ], [ -79.56582113942622, 43.622208171141786 ], [ -79.565833339430924, 43.622217371142803 ], [ -79.565845739434877, 43.62221737114222 ], [ -79.565857939439582, 43.622226471143264 ], [ -79.565857839440341, 43.622235571144856 ], [ -79.565870139444229, 43.622235671144317 ], [ -79.565869839444986, 43.622244771145922 ], [ -79.565882139448902, 43.622244871145355 ], [ -79.565882039449647, 43.62225387114696 ], [ -79.565881839450384, 43.622262871148529 ], [ -79.565881639451121, 43.62227187115014 ], [ -79.565881339451821, 43.622280971151753 ], [ -79.565881139452571, 43.622289971153343 ], [ -79.565881039453316, 43.622298971154905 ], [ -79.565893339457276, 43.622299171154395 ], [ -79.56589313945797, 43.622308071155942 ], [ -79.565905539461923, 43.62230827115544 ], [ -79.565905239462609, 43.622317171156958 ], [ -79.565917739466627, 43.622317371156448 ], [ -79.565917539467378, 43.622326371158032 ], [ -79.565929939471332, 43.622326471157493 ], [ -79.565929739472082, 43.622335471159062 ], [ -79.565941939476744, 43.622344771160101 ], [ -79.565941739477495, 43.622353771161727 ], [ -79.565941439478166, 43.622362771163303 ], [ -79.56595353948282, 43.622371871164333 ], [ -79.565953439483621, 43.622380871165888 ], [ -79.565953239484358, 43.622389771167477 ], [ -79.565952739484985, 43.622398771169109 ], [ -79.565952639485744, 43.622407771170678 ], [ -79.565952539486489, 43.622416871172291 ], [ -79.565952339487225, 43.622425871173839 ], [ -79.565964739491193, 43.622426071173351 ], [ -79.565964439491893, 43.622435071174927 ], [ -79.565964239492629, 43.622444071176488 ], [ -79.565976739496648, 43.622444271175986 ], [ -79.565976539497328, 43.622453271177569 ], [ -79.565988639502038, 43.622462371178578 ], [ -79.565988439502718, 43.622471271180153 ], [ -79.565988339503519, 43.622480271181729 ], [ -79.565988039504219, 43.622489371183356 ], [ -79.565987839504956, 43.622498371184953 ], [ -79.56599973951036, 43.622516471187552 ], [ -79.56599953951104, 43.622525571189165 ], [ -79.565998939513278, 43.622552471193934 ], [ -79.56599863951395, 43.62256147119551 ], [ -79.565998439514715, 43.622570671197167 ], [ -79.565998239515451, 43.622579571198742 ], [ -79.565998039516145, 43.622588571200325 ], [ -79.565997839516868, 43.622597571201879 ], [ -79.565997639517619, 43.622606571203498 ], [ -79.565997439518355, 43.622615571205074 ], [ -79.565997239519092, 43.622624471206649 ], [ -79.565984639515833, 43.6226334712088 ], [ -79.565984339516561, 43.622642371210389 ], [ -79.565984139517241, 43.622651271211964 ], [ -79.565983939517992, 43.622660271213547 ], [ -79.565983739518728, 43.622669271215166 ], [ -79.565995939523447, 43.622678571216206 ], [ -79.565995739524212, 43.622687571217774 ], [ -79.565995439524883, 43.622696571219407 ], [ -79.565995239525549, 43.622705471220989 ], [ -79.566007439530281, 43.622714671221999 ], [ -79.566007239531018, 43.622723671223632 ], [ -79.566007139531763, 43.622732671225194 ], [ -79.566006839532506, 43.622741671226748 ], [ -79.566012039534485, 43.622745671227207 ], [ -79.566018939537173, 43.622750871227851 ], [ -79.566018739537895, 43.622759871229384 ], [ -79.566018639538655, 43.622768871230996 ], [ -79.566018439539391, 43.622777871232593 ], [ -79.566030439543994, 43.622787071233667 ], [ -79.566030339544781, 43.622795971235234 ], [ -79.566030139545475, 43.622804971236796 ], [ -79.566029739546153, 43.622813971238372 ], [ -79.566029539546903, 43.622822971239991 ], [ -79.566029439547634, 43.622831971241567 ], [ -79.566016939543672, 43.622831771242133 ], [ -79.56601703954405, 43.622836171242916 ], [ -79.566016939544468, 43.622840771243673 ], [ -79.566016639545168, 43.6228498712453 ], [ -79.566016439545905, 43.622858871246912 ], [ -79.566016239546585, 43.622867771248508 ], [ -79.566016039547335, 43.62287677125007 ], [ -79.566003339544054, 43.622885671252234 ], [ -79.56600313954479, 43.62289467125381 ], [ -79.565990539541573, 43.622903471255924 ], [ -79.565990339542324, 43.622912571257515 ], [ -79.565990139543061, 43.622921571259155 ], [ -79.565977539539844, 43.622930471261256 ], [ -79.565977339540524, 43.622939471262875 ], [ -79.565977139541275, 43.622948371264471 ], [ -79.565964739537307, 43.622948171264959 ], [ -79.565964439537979, 43.622957171266584 ], [ -79.565964239538729, 43.622966171268168 ], [ -79.56596403953948, 43.622975271269759 ], [ -79.565963839540217, 43.62298427127137 ], [ -79.565963539540917, 43.622993271272946 ], [ -79.565963339541653, 43.623002371274566 ], [ -79.565963239542398, 43.623011271276134 ], [ -79.565963039543135, 43.623020271277703 ], [ -79.56596263954377, 43.623029171279292 ], [ -79.565950039540539, 43.623038071281464 ], [ -79.565949939541341, 43.623047071283025 ], [ -79.565949739542035, 43.623056071284637 ], [ -79.565937139538804, 43.623064871286772 ], [ -79.565936939539554, 43.623073871288334 ], [ -79.565936739540291, 43.623082971289932 ], [ -79.565924039537819, 43.623100871293666 ], [ -79.565923739538491, 43.623109771295262 ], [ -79.565923439539247, 43.62311877129688 ], [ -79.565923239539941, 43.623127871298493 ], [ -79.565910639536696, 43.623136571300577 ], [ -79.565910439537447, 43.623145571302189 ], [ -79.565910239538198, 43.623154671303801 ], [ -79.565910039538949, 43.62316367130537 ], [ -79.565909839539628, 43.623172671306939 ], [ -79.565909539540314, 43.623181671308558 ], [ -79.565909339541051, 43.623190671310127 ], [ -79.565909139541802, 43.623199671311752 ], [ -79.565908939542553, 43.623208671313314 ], [ -79.565908739543275, 43.623217571314903 ], [ -79.565895939540752, 43.62323547131863 ], [ -79.565895739541475, 43.623244471320191 ], [ -79.565895439542189, 43.623253571321804 ], [ -79.56589523954294, 43.623262671323417 ], [ -79.565895039543662, 43.623271471325012 ], [ -79.565882439540445, 43.623280271327133 ], [ -79.565882139541131, 43.623289271328709 ], [ -79.565882039541862, 43.62329827133032 ], [ -79.565881839542612, 43.623307371331926 ], [ -79.565881639543363, 43.623316471333538 ], [ -79.565881239544012, 43.623325471335107 ], [ -79.565868639540781, 43.623334271337249 ], [ -79.565868339542249, 43.623352171340379 ], [ -79.565868039543005, 43.623361271341992 ], [ -79.565867739543705, 43.623370271343617 ], [ -79.565855339540519, 43.623379071345731 ], [ -79.565855239541264, 43.623388071347293 ], [ -79.565854639542692, 43.623406071350495 ], [ -79.565854439543386, 43.623415171352107 ], [ -79.565854339544174, 43.623424171353719 ], [ -79.56585403954486, 43.623433071355237 ], [ -79.565853839545611, 43.62344207135687 ], [ -79.565853639546347, 43.623451071358431 ], [ -79.565853439547027, 43.623459971360035 ], [ -79.565853139547798, 43.623469171361677 ], [ -79.565852939548478, 43.623478171363246 ], [ -79.565852739549214, 43.623487171364808 ], [ -79.565852339550702, 43.623505171367995 ], [ -79.565852139551453, 43.623514171369621 ], [ -79.565851439553555, 43.623541071374355 ], [ -79.565851239554291, 43.623550071375966 ], [ -79.565851039555056, 43.623559171377579 ], [ -79.565850739556538, 43.623577171380688 ], [ -79.565850439557224, 43.623586171382314 ], [ -79.565849939558646, 43.623604071385479 ], [ -79.565849839559448, 43.623613171387078 ], [ -79.565861939564101, 43.623622271388129 ], [ -79.565861539565518, 43.623640171391273 ], [ -79.565848439563737, 43.623667171396612 ], [ -79.565848339564525, 43.623676071398179 ], [ -79.565848139565219, 43.623685071399805 ], [ -79.565847839565976, 43.623694071401381 ], [ -79.565847439567406, 43.623712171404556 ], [ -79.565847239568143, 43.623721171406181 ], [ -79.565846539570316, 43.623748071410887 ], [ -79.565846139571761, 43.623766171414125 ], [ -79.565845939572469, 43.6237750714157 ], [ -79.56583353956853, 43.623774971416246 ], [ -79.565833339569267, 43.623783971417808 ], [ -79.565832839570689, 43.62380197142101 ], [ -79.56583263957144, 43.623811071422622 ], [ -79.565832439572134, 43.623820071424241 ], [ -79.565819839568903, 43.623828771426325 ], [ -79.56581943957039, 43.623846771429513 ], [ -79.565805939570026, 43.62389167143801 ], [ -79.565792839568232, 43.623918471443311 ], [ -79.565780539564315, 43.623918271443856 ], [ -79.565780339565066, 43.623927271445496 ], [ -79.565780239565825, 43.623936471447081 ], [ -79.565767439562535, 43.623945271449202 ], [ -79.565767239563229, 43.623954271450827 ], [ -79.56576703956398, 43.623963271452389 ], [ -79.565766839564702, 43.623972271454022 ], [ -79.5657542395615, 43.623981071456136 ], [ -79.565754039562208, 43.623989971457718 ], [ -79.565753839562888, 43.62399887145925 ], [ -79.565753639563653, 43.624008071460906 ], [ -79.565741039560422, 43.624016971463057 ], [ -79.565740739561122, 43.624025971464626 ], [ -79.565740539561872, 43.624034971466251 ], [ -79.565727839558591, 43.624043771468365 ], [ -79.565727639559327, 43.624052771469934 ], [ -79.565727539560072, 43.624061771471574 ], [ -79.56571503955611, 43.62406167147212 ], [ -79.565714939556841, 43.624070671473667 ], [ -79.565702439553661, 43.624079371475808 ], [ -79.565702139554375, 43.624088471477421 ], [ -79.565689739550393, 43.62408837147796 ], [ -79.565689539551158, 43.624097371479571 ], [ -79.565677139547176, 43.62409717148013 ], [ -79.565676839547862, 43.624106171481699 ], [ -79.565676639548613, 43.624115171483254 ], [ -79.565676239550029, 43.624133171486456 ], [ -79.56567603955078, 43.624142171488074 ], [ -79.565675839551531, 43.624151071489599 ], [ -79.565675739552262, 43.624160071491232 ], [ -79.565675439552948, 43.62416907149278 ], [ -79.565663039549037, 43.62416897149339 ], [ -79.565662839549731, 43.624177971494952 ], [ -79.565662539550473, 43.624186971496528 ], [ -79.565650139546506, 43.624186771497072 ], [ -79.565649839547191, 43.624195771498641 ], [ -79.565637339543969, 43.624204671500806 ], [ -79.565624739540752, 43.624213471502927 ], [ -79.565624639541497, 43.624222571504525 ], [ -79.565612239537529, 43.624222471505135 ], [ -79.565611939538286, 43.62423147150669 ], [ -79.565611739538951, 43.624240371508286 ], [ -79.565611439539708, 43.624249371509855 ], [ -79.565598939536486, 43.624258271512005 ], [ -79.565598739537208, 43.624267171513594 ], [ -79.565598239538645, 43.624285171516789 ], [ -79.565597839540075, 43.624303271519956 ], [ -79.565597639540812, 43.624312171521545 ], [ -79.565597439541563, 43.624321171523114 ], [ -79.565597239542299, 43.624330171524733 ], [ -79.565596939542999, 43.624339271526345 ], [ -79.565584339539782, 43.624348171528496 ], [ -79.565584139540533, 43.624357171530058 ], [ -79.565571539537245, 43.6243659715322 ], [ -79.565571239537988, 43.624374971533832 ], [ -79.565571139538719, 43.62438397153538 ], [ -79.565558539535502, 43.624392771537515 ], [ -79.565558339536238, 43.624401771539112 ], [ -79.565545639532957, 43.624410571541254 ], [ -79.565533139529734, 43.624419471543405 ], [ -79.565532839530505, 43.624428571545025 ], [ -79.565532739531236, 43.624437571546586 ], [ -79.565520039527939, 43.624446271548713 ], [ -79.56551983952869, 43.624455371550333 ], [ -79.565507239525473, 43.624464271552441 ], [ -79.565494339522914, 43.624481971556143 ], [ -79.565481839519705, 43.624490871558308 ], [ -79.565469239516489, 43.624499671560422 ], [ -79.565456739513309, 43.624508471562592 ], [ -79.565456439514008, 43.624517471564161 ], [ -79.565444039510027, 43.624517371564693 ], [ -79.565418839503536, 43.624535171569022 ], [ -79.565406239500305, 43.624543971571136 ], [ -79.56539353949708, 43.624552771573278 ], [ -79.565380939493807, 43.624561571575455 ], [ -79.565380839494622, 43.62457067157704 ], [ -79.565368439490655, 43.624570471577549 ], [ -79.565355739487359, 43.624579271579741 ], [ -79.565343339483391, 43.62457917158028 ], [ -79.56533073948016, 43.624587971582386 ], [ -79.565318139476943, 43.624596771584521 ], [ -79.565305539473741, 43.624605771586715 ], [ -79.565293139469759, 43.624605571587203 ], [ -79.565280539466542, 43.624614471589382 ], [ -79.565267939463254, 43.624623271591503 ], [ -79.565255339460023, 43.624632071593673 ], [ -79.565230239452859, 43.624640771596326 ], [ -79.565217939448871, 43.624640571596892 ], [ -79.565205539444932, 43.624640571597467 ], [ -79.565193039441752, 43.624649371599588 ], [ -79.565180539437705, 43.624648971600124 ], [ -79.565168239433817, 43.624648971600692 ], [ -79.565155639430586, 43.624657771602799 ], [ -79.565118439418697, 43.624657471604472 ], [ -79.565093339411447, 43.624666171607203 ], [ -79.565080839408225, 43.624674971609316 ], [ -79.565056039400346, 43.624674571610427 ], [ -79.565043639396379, 43.624674471610966 ], [ -79.565018839388443, 43.624674171612057 ], [ -79.565006439384476, 43.624674071612645 ], [ -79.564981639376555, 43.624673671613706 ], [ -79.564932139360721, 43.624672971615894 ], [ -79.564895139348096, 43.62466367161602 ], [ -79.564845939330809, 43.62464497161502 ], [ -79.5648091393182, 43.624635471615022 ], [ -79.564784539309613, 43.624626271614595 ], [ -79.564759739301664, 43.624625971615679 ], [ -79.56474753929696, 43.624616771614619 ], [ -79.564722939288288, 43.624607471614148 ], [ -79.56471083928362, 43.624598271613081 ], [ -79.564685939275677, 43.624597871614185 ], [ -79.564673739270972, 43.624588771613155 ], [ -79.564661639266319, 43.624579671612132 ], [ -79.564649339262346, 43.624579371612626 ], [ -79.564637139257698, 43.624570271611603 ], [ -79.564624939252994, 43.624561071610593 ], [ -79.56461253924904, 43.624561071611161 ], [ -79.564600239244314, 43.624551771610051 ], [ -79.564588039239624, 43.624542771609086 ], [ -79.564576139235001, 43.624533571607984 ], [ -79.564563839230303, 43.624524371606995 ], [ -79.564551439226349, 43.624524271607541 ], [ -79.564526839217663, 43.624514871606991 ], [ -79.564514439213681, 43.624514671607571 ], [ -79.564502339209042, 43.624505671606585 ], [ -79.564489939205075, 43.624505471607073 ], [ -79.564465139197139, 43.624505071608191 ], [ -79.564452839192427, 43.624495871607103 ], [ -79.56444033918919, 43.624504771609274 ], [ -79.564427839185186, 43.624504671609884 ], [ -79.564415539181283, 43.624504571610409 ], [ -79.564402939178052, 43.62451337161253 ], [ -79.564402839178797, 43.624522371614141 ], [ -79.564390339174835, 43.624522271614701 ], [ -79.564377939170853, 43.624521971615202 ], [ -79.564378139170131, 43.62451307161362 ], [ -79.564365939165413, 43.62450387161261 ], [ -79.56435363916151, 43.624503771613142 ], [ -79.564353739160765, 43.624494771611587 ], [ -79.564341439156777, 43.624494471612095 ], [ -79.564341539156047, 43.624485571610506 ], [ -79.564329239152073, 43.624485371611065 ], [ -79.564055339069341, 43.624536071632697 ], [ -79.56404273906611, 43.624544871634882 ], [ -79.564042539066847, 43.6245537716364 ], [ -79.564029939063573, 43.624562671638579 ], [ -79.564017339060356, 43.624571571640722 ], [ -79.56401693906183, 43.624589571643916 ], [ -79.564004439058621, 43.624598471646081 ], [ -79.563991439056068, 43.624616271649764 ], [ -79.563991239056762, 43.624625271651389 ], [ -79.563978439054267, 43.624642971655092 ], [ -79.563965839051065, 43.624651971657251 ], [ -79.563953239047819, 43.624660671659385 ], [ -79.56395273904927, 43.62467877166258 ], [ -79.563927839042066, 43.624687471665275 ], [ -79.563914939039535, 43.624705271668958 ], [ -79.563902139037054, 43.624723071672705 ], [ -79.563889539033838, 43.624731971674876 ], [ -79.563876639031292, 43.624749671678522 ], [ -79.563851339025604, 43.62477657168445 ], [ -79.563838739022373, 43.624785471686607 ], [ -79.563825839019827, 43.624803171690296 ], [ -79.563813039017305, 43.624821071694051 ], [ -79.563800439014074, 43.624829971696201 ], [ -79.563787539011543, 43.624847771699905 ], [ -79.563774739009858, 43.624874671705228 ], [ -79.563761939006582, 43.624883471707349 ], [ -79.563761739007276, 43.624892471708989 ], [ -79.563749139004059, 43.624901371711097 ], [ -79.563748939004796, 43.624910371712723 ], [ -79.563736439000763, 43.624910171713275 ], [ -79.563736339001565, 43.624919171714843 ], [ -79.563736139002316, 43.624928171716405 ], [ -79.56373593900301, 43.624937171718031 ], [ -79.563723538999042, 43.624937071718563 ], [ -79.563723338999765, 43.624945971720145 ], [ -79.563710638996483, 43.624954771722273 ], [ -79.563710538997285, 43.624963871723878 ], [ -79.563710338998035, 43.624972871725518 ], [ -79.563733239012493, 43.625054171738697 ], [ -79.563745139017882, 43.625072271741288 ], [ -79.563744639019319, 43.62509037174452 ], [ -79.5637440390215, 43.625117371749269 ], [ -79.563743439023725, 43.625144371754025 ], [ -79.563742739025841, 43.625171271758795 ], [ -79.563729739024097, 43.625198171764112 ], [ -79.563729239025534, 43.625216171767292 ], [ -79.563729039026271, 43.625225171768925 ], [ -79.563728639027715, 43.625243271772078 ], [ -79.56372803902994, 43.625270271776849 ], [ -79.563740139034579, 43.625279271777899 ], [ -79.563739939035315, 43.625288271779453 ], [ -79.56373983903606, 43.625297271781029 ], [ -79.563739339037483, 43.625315271784224 ], [ -79.56373863903967, 43.625342271788988 ], [ -79.56373843904035, 43.625351371790593 ], [ -79.563738039041866, 43.625369471793825 ], [ -79.563724939040057, 43.625396271799133 ], [ -79.563711639038942, 43.625432071806017 ], [ -79.563711339040495, 43.625450071809198 ], [ -79.563710539042617, 43.625477171814012 ], [ -79.563710439043376, 43.62548627181561 ], [ -79.563709939044799, 43.625504171818761 ], [ -79.563709739045521, 43.625513071820343 ], [ -79.563709039047708, 43.625540071825114 ], [ -79.563708739049204, 43.625558171828281 ], [ -79.563720739054588, 43.62557627183093 ], [ -79.563720239056011, 43.625594171834081 ], [ -79.563719839057512, 43.625612271837262 ], [ -79.563719439059, 43.62563027184045 ], [ -79.563719039060416, 43.625648171843601 ], [ -79.563718539061853, 43.625666271846825 ], [ -79.563718139063326, 43.62568417184999 ], [ -79.563717639064777, 43.625702171853163 ], [ -79.563704939062291, 43.625720171856941 ], [ -79.563704239064478, 43.625747171861697 ], [ -79.5637037390659, 43.625765171864892 ], [ -79.563703539066637, 43.625774171866468 ], [ -79.563690139066324, 43.625818971874949 ], [ -79.563689839067806, 43.6258368718781 ], [ -79.563688439072109, 43.625891071887722 ], [ -79.563675839068878, 43.625899871889835 ], [ -79.563675639069629, 43.625908871891397 ], [ -79.563674939071802, 43.625935871896161 ], [ -79.563662139069251, 43.6259536718999 ], [ -79.563661539071504, 43.625980771904693 ], [ -79.563648639068944, 43.62599847190841 ], [ -79.563648039071126, 43.626025471913167 ], [ -79.563635439067909, 43.626034371915331 ], [ -79.56363523906866, 43.626043471916923 ], [ -79.563634739070082, 43.626061471920124 ], [ -79.563621939067545, 43.626079171923841 ], [ -79.563621439068982, 43.626097271927009 ], [ -79.563608639067297, 43.626124171932354 ], [ -79.563607839069419, 43.62615117193711 ], [ -79.563595039066939, 43.626168971940814 ], [ -79.563594639068356, 43.626186871944014 ], [ -79.563581839065876, 43.626204771947741 ], [ -79.563581339067326, 43.626222871950908 ], [ -79.563567939066999, 43.626267571959374 ], [ -79.563567439068436, 43.626285671962613 ], [ -79.563554639065913, 43.626303571966346 ], [ -79.563554239067386, 43.62632147196949 ], [ -79.563565839074272, 43.626357571975269 ], [ -79.563565339075694, 43.626375571978478 ], [ -79.563564939077196, 43.626393671981681 ], [ -79.563552039074651, 43.626411471985385 ], [ -79.563551539076087, 43.626429571988616 ], [ -79.563551239077583, 43.626447571991747 ], [ -79.563538339075038, 43.626465371995501 ], [ -79.563525839071815, 43.626474271997651 ], [ -79.563513239068584, 43.626482971999735 ], [ -79.563500439066118, 43.626500972003505 ], [ -79.563500139066804, 43.626509972005081 ], [ -79.563499739068277, 43.626527972008269 ], [ -79.563499339069722, 43.626545972011456 ], [ -79.563498639071881, 43.626572872016226 ], [ -79.563498239073382, 43.626590872019378 ], [ -79.563497839074799, 43.626608972022588 ], [ -79.563509739080203, 43.626627072025201 ], [ -79.56350953908094, 43.626636072026827 ], [ -79.563521539086338, 43.626654272029469 ], [ -79.563521339087075, 43.626663172030973 ], [ -79.563533539091807, 43.626672472032077 ], [ -79.563533239092479, 43.626681472033646 ], [ -79.563545239097934, 43.626699572036323 ], [ -79.563557039103273, 43.626717672038922 ], [ -79.563569139108722, 43.626735772041513 ], [ -79.563568939109473, 43.626744872043119 ], [ -79.563760339196094, 43.62703547208524 ], [ -79.563867939244773, 43.627198772108883 ], [ -79.563903439262532, 43.627271372119978 ], [ -79.563901639268309, 43.627343372132685 ], [ -79.563901539269054, 43.627352372134247 ], [ -79.56390133926979, 43.627361272135843 ], [ -79.563913539274481, 43.62737037213688 ], [ -79.563912839276668, 43.627397372141616 ], [ -79.56390023927338, 43.62740627214378 ], [ -79.563900039274145, 43.627415372145393 ], [ -79.563899839274882, 43.627424372146955 ], [ -79.563899439276355, 43.627442272150169 ], [ -79.563899139277041, 43.627451272151738 ], [ -79.563898739278486, 43.627469372154913 ], [ -79.563898539279222, 43.62747827215648 ], [ -79.56389813928071, 43.627496372159719 ], [ -79.563897939281446, 43.62750527216123 ], [ -79.563897439282883, 43.627523272164439 ], [ -79.563897239283563, 43.627532272166057 ], [ -79.563909239289032, 43.62755057216868 ], [ -79.563909039289769, 43.627559572170313 ], [ -79.563908539291219, 43.627577572173493 ], [ -79.563908339291899, 43.627586572175069 ], [ -79.563907939293372, 43.627604472178206 ], [ -79.563895339290156, 43.627613372180384 ], [ -79.563895139290878, 43.627622272181952 ], [ -79.563894839291592, 43.627631372183586 ], [ -79.563882539287619, 43.627631272184111 ], [ -79.563882139288296, 43.6276401721857 ], [ -79.563869539285079, 43.627649072187857 ], [ -79.56386913928651, 43.627666972191015 ], [ -79.563881439291279, 43.627676272192062 ], [ -79.563880939292702, 43.627694172195213 ], [ -79.563880739293452, 43.627703172196831 ], [ -79.563880239294875, 43.627721272200013 ], [ -79.563892539299587, 43.627730372201043 ], [ -79.563892139301018, 43.627748272204173 ], [ -79.563891539303256, 43.627775272208936 ], [ -79.563903639307895, 43.627784472210024 ], [ -79.563903439308646, 43.627793472211572 ], [ -79.56391533931405, 43.627811672214214 ], [ -79.563915139314787, 43.627820672215847 ], [ -79.563927339319434, 43.627829872216914 ], [ -79.563927139320185, 43.627838872218483 ], [ -79.563939239324853, 43.62784797221952 ], [ -79.563951439329557, 43.62785717222058 ], [ -79.563976039338229, 43.627866372221014 ], [ -79.563988239342891, 43.627875672222046 ], [ -79.564012639352285, 43.627893872224128 ], [ -79.564024739356952, 43.627903172225238 ], [ -79.564049339365639, 43.627912472225695 ], [ -79.564061539370286, 43.627921572226725 ], [ -79.564073739374976, 43.62793067222777 ], [ -79.564098239383597, 43.627939972228241 ], [ -79.56411043938833, 43.627949172229307 ], [ -79.564122639393034, 43.627958372230331 ], [ -79.564147139401655, 43.627967672230795 ], [ -79.564159139407067, 43.627985872233438 ], [ -79.564171439411822, 43.627995072234498 ], [ -79.564195939420429, 43.628004272235003 ], [ -79.564207939425032, 43.62801347223602 ], [ -79.564232939433012, 43.628013672234871 ], [ -79.56425743944169, 43.628022972235414 ], [ -79.564269639446351, 43.62803227223646 ], [ -79.564294139454972, 43.628041472236966 ], [ -79.564343539471565, 43.628051072236332 ], [ -79.564355639476261, 43.628060472237372 ], [ -79.564367839480965, 43.628069472238415 ], [ -79.564392639488901, 43.628069872237305 ], [ -79.564404839493534, 43.628078972238342 ], [ -79.564417239497502, 43.628079172237804 ], [ -79.564454239510141, 43.628088572237722 ], [ -79.564466539514058, 43.628088672237197 ], [ -79.564491339521979, 43.628088972236093 ], [ -79.564503539526726, 43.62809837223714 ], [ -79.564528339534633, 43.628098472236026 ], [ -79.564540539539337, 43.628107572237056 ], [ -79.56457773955124, 43.62810817223545 ], [ -79.564589739555828, 43.628117272236487 ], [ -79.564614539563792, 43.628117672235383 ], [ -79.56462703956781, 43.62811777223483 ], [ -79.564639539571758, 43.62811787223422 ], [ -79.564651939575725, 43.628118072233733 ], [ -79.564664239579642, 43.628118172233144 ], [ -79.564676639583595, 43.628118272232598 ], [ -79.564689039587577, 43.628118572232083 ], [ -79.564701339591551, 43.628118772231531 ], [ -79.564726139599472, 43.628118972230389 ], [ -79.564738339604119, 43.628128072231441 ], [ -79.564763139612069, 43.628128472230323 ], [ -79.564775539616036, 43.628128672229835 ], [ -79.564800139624708, 43.628137972230299 ], [ -79.564812439628625, 43.628138172229733 ], [ -79.564837039636501, 43.628138472228663 ], [ -79.564861839645218, 43.628147772229127 ], [ -79.564899039657121, 43.628148172227434 ], [ -79.564923739665019, 43.628148572226387 ], [ -79.564935939669709, 43.628157672227424 ], [ -79.564960739677645, 43.628157972226333 ], [ -79.564985439685529, 43.628158272225171 ], [ -79.564997739690227, 43.628167372226216 ], [ -79.565022539698148, 43.628167672225125 ], [ -79.565047239706047, 43.628168072224071 ], [ -79.56507193971396, 43.62816827222295 ], [ -79.565084339717941, 43.628168472222391 ], [ -79.565096839721889, 43.628168572221838 ], [ -79.565121439730589, 43.628177972222353 ], [ -79.565133839734528, 43.628177972221771 ], [ -79.565146139738459, 43.628178272221206 ], [ -79.565171039746446, 43.628178672220159 ], [ -79.565183339750362, 43.628178772219556 ], [ -79.565208139758269, 43.628178972218493 ], [ -79.565220539762251, 43.628179172217934 ], [ -79.565232839766182, 43.628179472217425 ], [ -79.565245139770155, 43.628179572216837 ], [ -79.565270139778107, 43.628179772215688 ], [ -79.565282539782075, 43.628179972215186 ], [ -79.565294939786057, 43.628180072214612 ], [ -79.565307539789274, 43.628171272212484 ], [ -79.565319939793241, 43.628171372211931 ], [ -79.565332339797223, 43.628171672211373 ], [ -79.565344439801862, 43.628180772212403 ], [ -79.56535683980583, 43.628180872211878 ], [ -79.565369339809791, 43.628181072211305 ], [ -79.565394039817733, 43.628181472210258 ], [ -79.5654064398217, 43.628181472209675 ], [ -79.565431239829564, 43.628181772208578 ], [ -79.56545623983682, 43.628173172205905 ], [ -79.565468539840737, 43.628173372205353 ], [ -79.565493139849394, 43.628182572205787 ], [ -79.565517939857273, 43.628182872204697 ], [ -79.565542739865222, 43.628183272203643 ], [ -79.56555513986919, 43.628183372203054 ], [ -79.565579939877111, 43.62818367220197 ], [ -79.565592339881093, 43.628183972201448 ], [ -79.565617139889028, 43.628184172200307 ], [ -79.565629339892922, 43.628184272199782 ], [ -79.565654239900852, 43.628184672198692 ], [ -79.565666639904833, 43.628184872198112 ], [ -79.565691439912769, 43.628185072196985 ], [ -79.565703839916736, 43.628185272196497 ], [ -79.565728539924621, 43.628185672195379 ], [ -79.565753439932593, 43.628185972194295 ], [ -79.565765839936546, 43.628185972193698 ], [ -79.565790539944445, 43.628186372192602 ], [ -79.565815639951694, 43.628177772189936 ], [ -79.565827939955597, 43.62817787218939 ], [ -79.565852739963503, 43.628177972188269 ], [ -79.565877539971467, 43.628178372187158 ], [ -79.565902339979388, 43.628178772186054 ], [ -79.565914739983356, 43.628178872185522 ], [ -79.565939539991291, 43.628179172184417 ], [ -79.565964239999175, 43.628179572183306 ], [ -79.566013640015782, 43.628189272182745 ], [ -79.566025940019699, 43.628189372182149 ], [ -79.566050840027671, 43.628189572181064 ], [ -79.566075640035535, 43.628189772179951 ], [ -79.566100340043491, 43.628190272178863 ], [ -79.566112640047407, 43.628190472178332 ], [ -79.566125040051361, 43.628190472177749 ], [ -79.566149740060055, 43.628199972178301 ], [ -79.566162140064009, 43.628200072177705 ], [ -79.566174540067976, 43.628200272177139 ], [ -79.566199240075903, 43.628200472176076 ], [ -79.566211640079871, 43.62820057217548 ], [ -79.566224040083782, 43.628200872174965 ], [ -79.566248840091717, 43.628201172173867 ], [ -79.566261240095699, 43.628201272173278 ], [ -79.566285840104371, 43.628210672173807 ], [ -79.566323040116245, 43.628210972172127 ], [ -79.56634764012415, 43.628211472171053 ], [ -79.56636004012806, 43.628211572170521 ], [ -79.566384940136032, 43.628211872169359 ], [ -79.566409740143982, 43.628212172168276 ], [ -79.566422140147935, 43.628212372167717 ], [ -79.566434440151852, 43.628212472167185 ], [ -79.566459340159838, 43.62821277216608 ], [ -79.566471740163806, 43.628212872165548 ], [ -79.566509140174972, 43.628204472162324 ], [ -79.566533840182828, 43.628204772161226 ], [ -79.56654624018681, 43.628204772160665 ], [ -79.566570840195482, 43.628214172161108 ], [ -79.566595640203431, 43.628214572160033 ], [ -79.56660804020737, 43.628214572159457 ], [ -79.566632840215263, 43.628214972158368 ], [ -79.566645140219237, 43.628215172157816 ], [ -79.566669940227158, 43.628215472156732 ], [ -79.566694940234342, 43.628206672154036 ], [ -79.566719740242291, 43.628207072152932 ], [ -79.566732140246259, 43.628207272152423 ], [ -79.566757140253429, 43.628198472149663 ], [ -79.566769540257397, 43.628198572149124 ], [ -79.56678194026135, 43.628198772148579 ], [ -79.566794340265332, 43.62819897214807 ], [ -79.566806740269314, 43.628199172147518 ], [ -79.566819140273211, 43.628199372146966 ], [ -79.566831540277178, 43.628199372146369 ], [ -79.566831640276433, 43.628190472144823 ], [ -79.566844140280452, 43.62819057214427 ], [ -79.566856740283683, 43.628181672142098 ], [ -79.566869140287636, 43.628181872141553 ], [ -79.566881440291553, 43.628182072141001 ], [ -79.566894140294835, 43.628173172138879 ], [ -79.566906440298737, 43.628173372138335 ], [ -79.566931340306724, 43.628173572137207 ], [ -79.56694364031064, 43.628173772136655 ], [ -79.566968640317825, 43.628165072133996 ], [ -79.566980940321756, 43.628165372133431 ], [ -79.566993540325043, 43.62815647213133 ], [ -79.567018340332964, 43.628156772130176 ], [ -79.567030840336926, 43.628156972129673 ], [ -79.567055840344111, 43.628148272126957 ], [ -79.567068340348129, 43.628148472126391 ], [ -79.56708064035206, 43.628148572125866 ], [ -79.56709284035675, 43.628157772126876 ], [ -79.567105440359981, 43.628148872124783 ], [ -79.567117740363898, 43.628149072124238 ], [ -79.567130040367871, 43.628149172123635 ], [ -79.567142740371096, 43.6281403721215 ], [ -79.567155040375056, 43.628140372120932 ], [ -79.567167640378273, 43.628131572118825 ], [ -79.567180440381534, 43.628122672116632 ], [ -79.567192740385522, 43.628122972116124 ], [ -79.567205340388753, 43.628114172113996 ], [ -79.567217840392715, 43.628114272113457 ], [ -79.567230240395872, 43.628105472111301 ], [ -79.56724264039984, 43.628105572110769 ], [ -79.567255040403822, 43.628105672110216 ], [ -79.567255340403122, 43.628096672108597 ], [ -79.567267940406325, 43.628087672106453 ], [ -79.567268240405653, 43.628078872104908 ], [ -79.56728084040887, 43.62807007210273 ], [ -79.567281240407453, 43.628051972099534 ], [ -79.567293840410656, 43.628043072097384 ], [ -79.567294040409919, 43.628034072095836 ], [ -79.567306840413195, 43.628025272093687 ], [ -79.5673068404124, 43.62801627209209 ], [ -79.567319240416367, 43.628016372091544 ], [ -79.567319640414951, 43.6279984720884 ], [ -79.567332340418162, 43.627989672086201 ], [ -79.567332540417468, 43.627980472084616 ], [ -79.567345140420699, 43.627971672082502 ], [ -79.567357740423915, 43.627962872080317 ], [ -79.567357940423179, 43.627953872078756 ], [ -79.567370540426396, 43.627945072076628 ], [ -79.567370740425702, 43.627935972075043 ], [ -79.567370940424951, 43.627926972073404 ], [ -79.567371440423543, 43.627909072070246 ], [ -79.567371840422055, 43.627891072067051 ], [ -79.567372140421369, 43.627882072065489 ], [ -79.567384640424592, 43.62787327206339 ], [ -79.567384840423856, 43.627864272061764 ], [ -79.567385040423105, 43.627855272060174 ], [ -79.567385340422419, 43.627846172058568 ], [ -79.567397940425636, 43.627837372056447 ], [ -79.567398040424891, 43.627828372054829 ], [ -79.567398540423468, 43.627810372051691 ], [ -79.567411140426685, 43.627801572049506 ], [ -79.567411340425949, 43.627792572047952 ], [ -79.567411440425204, 43.627783472046353 ], [ -79.567424140428415, 43.627774572044189 ], [ -79.567424340427735, 43.62776557204262 ], [ -79.567424740426247, 43.627747672039469 ], [ -79.567425040425576, 43.627738672037829 ], [ -79.567425240424797, 43.627729572036245 ], [ -79.567425640423323, 43.62771167203308 ], [ -79.567438240426611, 43.627702772030922 ], [ -79.56743844042586, 43.627693772029374 ], [ -79.567438940424438, 43.627675872026202 ], [ -79.567451540427655, 43.627666972024045 ], [ -79.567451740426918, 43.627657972022419 ], [ -79.567452140425488, 43.627639972019303 ], [ -79.567464840428727, 43.627631172017111 ], [ -79.567465040428033, 43.627622272015572 ], [ -79.567477740430434, 43.627604172011793 ], [ -79.567477940429754, 43.62759527201019 ], [ -79.567490640432979, 43.627586472008069 ], [ -79.567490840432299, 43.6275774720065 ], [ -79.567516040438747, 43.627559772002222 ], [ -79.567516240437996, 43.627550772000653 ], [ -79.567528840441213, 43.627541871998481 ], [ -79.56752904044049, 43.627532971996921 ], [ -79.567541740443744, 43.627524071994749 ], [ -79.567541940443022, 43.627515071993166 ], [ -79.56755444044623, 43.627506171991023 ], [ -79.567554640445493, 43.627497271989441 ], [ -79.567554940444793, 43.627488271987865 ], [ -79.567567540448024, 43.627479371985714 ], [ -79.567567640447294, 43.627470371984131 ], [ -79.567580040451247, 43.62747047198355 ], [ -79.567580240450511, 43.627461571981968 ], [ -79.567580540449825, 43.627452571980385 ], [ -79.56759324045305, 43.62744367197822 ], [ -79.567593440452356, 43.627434671976658 ], [ -79.567593640451619, 43.627425671975033 ], [ -79.567606140454785, 43.627416871972919 ], [ -79.567606440454099, 43.627407871971336 ], [ -79.567619040457316, 43.627398971969193 ], [ -79.567619440456681, 43.627389971967602 ], [ -79.567631840459853, 43.627381171965446 ], [ -79.567631940459066, 43.627372171963884 ], [ -79.567644540462339, 43.627363271961713 ], [ -79.567644740461589, 43.627354271960165 ], [ -79.56765744046487, 43.627345371957986 ], [ -79.567670340467345, 43.62732757195424 ], [ -79.567670540466651, 43.627318571952671 ], [ -79.567683140469882, 43.627309671950506 ], [ -79.567683340469145, 43.627300771948924 ], [ -79.567695940472348, 43.627291771946794 ], [ -79.567696240471676, 43.627282871945198 ], [ -79.567708740474899, 43.627274071943077 ], [ -79.567708940474148, 43.627264971941472 ], [ -79.567721440477314, 43.627256071939307 ], [ -79.567734340479845, 43.627238271935617 ], [ -79.567734640479159, 43.627229271933999 ], [ -79.56774724048239, 43.627220471931878 ], [ -79.567760040484927, 43.627202571928137 ], [ -79.567772640488158, 43.627193871926018 ], [ -79.567772840487407, 43.627184871924428 ], [ -79.567785440490638, 43.627175971922291 ], [ -79.567785640489873, 43.627166871920664 ], [ -79.567798040493855, 43.627167171920178 ], [ -79.56779814049311, 43.627158071918565 ], [ -79.567798540492419, 43.627149071916925 ], [ -79.567810740496341, 43.6271491719164 ], [ -79.567811140495692, 43.627140171914832 ], [ -79.567823740498923, 43.62713137191264 ], [ -79.567836340502154, 43.627122571910533 ], [ -79.567849040505436, 43.627113771908398 ], [ -79.567849140504634, 43.627104771906836 ], [ -79.567861740507851, 43.627095871904672 ], [ -79.567874240511074, 43.627087071902565 ], [ -79.567874440510337, 43.627078171900983 ], [ -79.567886940514342, 43.627078171900401 ], [ -79.567887140513619, 43.627069171898825 ], [ -79.567899740516822, 43.627060371896661 ], [ -79.567912440520104, 43.627051471894539 ], [ -79.567912540519302, 43.627042371892919 ], [ -79.567925240522584, 43.62703357189077 ], [ -79.567937840525815, 43.627024871888686 ], [ -79.567938040525121, 43.627015771887073 ], [ -79.567950440529103, 43.627015871886485 ], [ -79.567963040532305, 43.62700707188435 ], [ -79.567975640535536, 43.626998171882185 ], [ -79.567988140538702, 43.626989371880086 ], [ -79.568000840541984, 43.626980471877914 ], [ -79.568013440545201, 43.626971671875786 ], [ -79.568026040548432, 43.626962771873615 ], [ -79.568038540551655, 43.626954071871566 ], [ -79.568038740550918, 43.626945071869933 ], [ -79.568051240554951, 43.62694517186938 ], [ -79.568051440554186, 43.626936171867825 ], [ -79.568063840558153, 43.62693627186723 ], [ -79.568076240562107, 43.626936371866684 ], [ -79.568076040562872, 43.626945471868268 ], [ -79.568088440566825, 43.626945671867738 ], [ -79.568100940570815, 43.626945871867171 ], [ -79.568113440574024, 43.626936971865021 ], [ -79.56812594057719, 43.626928171862907 ], [ -79.568138640580472, 43.626919271860729 ], [ -79.568139040579041, 43.626901271857605 ], [ -79.568151440582952, 43.626901471857046 ], [ -79.568151640582258, 43.62689247185542 ], [ -79.568164240585475, 43.626883571853327 ], [ -79.568189440591922, 43.626865871849056 ], [ -79.568201940595159, 43.626857071846871 ], [ -79.568227340601652, 43.626839371842628 ], [ -79.568240140604175, 43.626821371838858 ], [ -79.568277840613803, 43.626794971832446 ], [ -79.568315540624269, 43.626777371827622 ], [ -79.56835324063394, 43.626750771821193 ], [ -79.568390940644406, 43.626733371816378 ], [ -79.568441140658095, 43.626706971809377 ], [ -79.56847894066776, 43.626680371802941 ], [ -79.568516440678181, 43.626662871798167 ], [ -79.568566340693309, 43.626654471794353 ], [ -79.568591340701303, 43.626654871793235 ], [ -79.568615640709865, 43.626664071793755 ], [ -79.568628140713869, 43.626664171793209 ], [ -79.568652640722505, 43.626673571793667 ], [ -79.568702040739112, 43.626683271793077 ], [ -79.568751240756413, 43.626701871794033 ], [ -79.568788140769001, 43.626711371793995 ], [ -79.568837140786243, 43.626729971794973 ], [ -79.568874240798863, 43.626739371794883 ], [ -79.568911140811437, 43.626748771794837 ], [ -79.568935740820137, 43.626758171795352 ], [ -79.56897294083204, 43.626758571793651 ], [ -79.569021940849282, 43.626777271794658 ], [ -79.569071440865883, 43.626786871794032 ], [ -79.56912074088244, 43.62679657179347 ], [ -79.569169940899798, 43.626815171794412 ], [ -79.569206840912386, 43.626824671794395 ], [ -79.569255940929679, 43.626843271795352 ], [ -79.569305140946966, 43.626861871796343 ], [ -79.56934214095962, 43.626871471796306 ], [ -79.569391540976156, 43.626880871795606 ], [ -79.569440840992712, 43.626890571795045 ], [ -79.56949004100926, 43.626900071794374 ], [ -79.569539441025825, 43.626909771793798 ], [ -79.569588841042432, 43.626919371793178 ], [ -79.569638341058251, 43.626920071790977 ], [ -79.569687741074844, 43.626929671790379 ], [ -79.569737141091409, 43.626939271789738 ], [ -79.569774341103312, 43.626939771788095 ], [ -79.569786641107214, 43.62693987178757 ], [ -79.569799041111182, 43.626940071787018 ], [ -79.569811241115886, 43.626949271788078 ], [ -79.569823641119868, 43.626949371787482 ], [ -79.569836041123821, 43.62694957178698 ], [ -79.569848441127789, 43.626949671786399 ], [ -79.569860841131757, 43.626949971785884 ], [ -79.569873241135724, 43.626949971785287 ], [ -79.569885641139692, 43.626950171784742 ], [ -79.569898041143659, 43.62695037178419 ], [ -79.569910441147627, 43.62695047178363 ], [ -79.569935241155491, 43.62695077178256 ], [ -79.569947341160201, 43.626959871783598 ], [ -79.569959741164169, 43.626959971783002 ], [ -79.569972141168137, 43.626960171782493 ], [ -79.569984541172033, 43.626960271781904 ], [ -79.570009341179983, 43.626960571780799 ], [ -79.57002174118395, 43.626960771780269 ], [ -79.570034141187904, 43.626960971779766 ], [ -79.570046641191141, 43.626952171777596 ], [ -79.570059041195108, 43.62695237177708 ], [ -79.570071441199076, 43.626952571776535 ], [ -79.570084141202358, 43.62694367177437 ], [ -79.570096541206254, 43.626943771773824 ], [ -79.570108941210236, 43.626943971773272 ], [ -79.570121541213496, 43.626935071771115 ], [ -79.570146341220592, 43.626926471768456 ], [ -79.570158841224597, 43.626926471767852 ], [ -79.570171441227814, 43.626917671765746 ], [ -79.570183941231832, 43.62691777176515 ], [ -79.57020884123898, 43.62690917176247 ], [ -79.570221441242211, 43.626900371760364 ], [ -79.570233841246164, 43.626900471759818 ], [ -79.570258841253349, 43.626891671757122 ], [ -79.570271241257331, 43.626891871756548 ], [ -79.570296241264558, 43.626883171753846 ], [ -79.570308541268489, 43.626883371753294 ], [ -79.57032124127177, 43.626874571751166 ], [ -79.570346041279706, 43.626874871750076 ], [ -79.570358541282872, 43.626866071747962 ], [ -79.570371241286139, 43.626857171745797 ], [ -79.570383641290093, 43.626857371745238 ], [ -79.570396341293375, 43.626848471743131 ], [ -79.570408841296555, 43.626839671740953 ], [ -79.570421441299771, 43.626830771738859 ], [ -79.570434141303053, 43.626821971736668 ], [ -79.570434241302323, 43.62681297173512 ], [ -79.570446741305474, 43.626804071732955 ], [ -79.570446941304738, 43.626795171731366 ], [ -79.570459741308056, 43.626786171729215 ], [ -79.57045994130732, 43.626777271727626 ], [ -79.570472341311302, 43.626777371727087 ], [ -79.570484941314504, 43.626768471724937 ], [ -79.570497341318486, 43.626768771724421 ], [ -79.570510041321754, 43.62675987172225 ], [ -79.57052234132567, 43.626760071721712 ], [ -79.570534641329644, 43.626760171721166 ], [ -79.570547241332861, 43.626751371719045 ], [ -79.570572041340796, 43.626751571717904 ], [ -79.570584441344749, 43.626751671717315 ], [ -79.570597041347966, 43.626742871715187 ], [ -79.570609341351911, 43.62674327171473 ], [ -79.570634441359132, 43.626734371711983 ], [ -79.570647041362349, 43.626725471709833 ], [ -79.570659441366317, 43.626725671709266 ], [ -79.570672041369548, 43.626716771707102 ], [ -79.570709341380649, 43.626708371703941 ], [ -79.570722041383917, 43.62669947170177 ], [ -79.57073444138787, 43.626699571701252 ], [ -79.570771841399051, 43.626691171697992 ], [ -79.570784341402273, 43.626682271695842 ], [ -79.570796841406235, 43.62668247169529 ], [ -79.570809441409523, 43.626673571693125 ], [ -79.570821841413419, 43.626673671692586 ], [ -79.570834341416642, 43.626664771690436 ], [ -79.570859341423841, 43.626656071687776 ], [ -79.570871841427859, 43.626656271687224 ], [ -79.570884441431076, 43.626647471685096 ], [ -79.570896841435044, 43.62664767168453 ], [ -79.570909441438275, 43.626638871682424 ], [ -79.570921941441497, 43.626629971680252 ], [ -79.570946841449427, 43.626630271679169 ], [ -79.570959341452664, 43.626621471676998 ], [ -79.570972041455875, 43.626612571674876 ], [ -79.570984441459842, 43.626612771674324 ], [ -79.570997041463073, 43.626603871672167 ], [ -79.571009441467027, 43.626603971671621 ], [ -79.571021941470249, 43.626595071669463 ], [ -79.571034441474268, 43.626595271668911 ], [ -79.571047041477499, 43.626586471666783 ], [ -79.571059441481466, 43.626586671666239 ], [ -79.571072041484683, 43.626577871664118 ], [ -79.571096941491817, 43.626569171661394 ], [ -79.57110934149577, 43.626569171660833 ], [ -79.571121941499015, 43.626560371658698 ], [ -79.571134641502283, 43.626551571656577 ], [ -79.571146941506257, 43.626551771656025 ], [ -79.571159641509468, 43.626542871653868 ], [ -79.57117184151339, 43.626543071653373 ], [ -79.571184441516635, 43.626534271651188 ], [ -79.571196941520626, 43.626534271650598 ], [ -79.571209541523857, 43.626525471648485 ], [ -79.571222041527804, 43.626525571647953 ], [ -79.571234541531069, 43.626516971645849 ], [ -79.571246941535009, 43.626516971645266 ], [ -79.571259341538976, 43.626517171644714 ], [ -79.571271941542193, 43.626508271642557 ], [ -79.571284341546161, 43.626508371642039 ], [ -79.571294641549429, 43.626508471641529 ], [ -79.571296741550128, 43.626508471641436 ], [ -79.571298041550449, 43.626507471641197 ], [ -79.57130944155341, 43.626499671639301 ], [ -79.571321741557341, 43.626499971638779 ], [ -79.571325241558426, 43.62649997163863 ], [ -79.57133414156128, 43.626499971638211 ], [ -79.571340341562902, 43.626495671637173 ], [ -79.571346741564525, 43.62649127163607 ], [ -79.571355641567379, 43.626491371635716 ], [ -79.571359141568479, 43.626491371635552 ], [ -79.571371541572432, 43.626491471634999 ], [ -79.571382741575334, 43.626483671633117 ], [ -79.571396741578894, 43.626473871630708 ], [ -79.571417241585451, 43.626474071629772 ], [ -79.571433941590783, 43.626474271629064 ], [ -79.571445841593871, 43.62646607162705 ], [ -79.571446641594065, 43.626465471626943 ], [ -79.57144774159444, 43.626465471626894 ], [ -79.571458941597967, 43.626465671626399 ], [ -79.571483841605172, 43.626456971623682 ], [ -79.57149624160914, 43.626457071623143 ], [ -79.571508841612356, 43.626448271621022 ], [ -79.571521541615638, 43.626439371618844 ], [ -79.571534141618855, 43.626430671616703 ], [ -79.571546541622837, 43.626430671616134 ], [ -79.57155894162679, 43.626430771615603 ], [ -79.571571241630693, 43.626430871615007 ], [ -79.571583741633916, 43.626422071612893 ], [ -79.571596241637877, 43.626422171612354 ], [ -79.571608841641094, 43.626413371610241 ], [ -79.571621341645127, 43.626413671609662 ], [ -79.57164624165226, 43.626404871606972 ], [ -79.571658641656228, 43.626404971606419 ], [ -79.571671241659502, 43.626396171604306 ], [ -79.571696041667437, 43.626396471603151 ], [ -79.571708741670662, 43.626387671601016 ], [ -79.57172114167463, 43.626387771600484 ], [ -79.571733641677852, 43.62637887159832 ], [ -79.57174604168182, 43.626379171597833 ], [ -79.571758641685051, 43.626370371595712 ], [ -79.571770941688953, 43.626370371595115 ], [ -79.571796341695517, 43.62635277159081 ], [ -79.571821041703373, 43.626352971589739 ], [ -79.571833641706618, 43.626344271587591 ], [ -79.571846041710572, 43.626344271587023 ], [ -79.571858741713854, 43.626335471584895 ], [ -79.571871041717756, 43.626335571584313 ], [ -79.571896041724969, 43.626327071581663 ], [ -79.571908441728922, 43.626327071581095 ], [ -79.571921041732139, 43.626318271578981 ], [ -79.571933641735427, 43.62630947157686 ], [ -79.571946041739409, 43.626309671576308 ], [ -79.571958641742611, 43.626300771574144 ], [ -79.571971241745842, 43.626291871571986 ], [ -79.571983841749059, 43.626283071569873 ], [ -79.571996241753027, 43.626283271569321 ], [ -79.572008841756244, 43.626274371567135 ], [ -79.57202144175946, 43.626265471565034 ], [ -79.572046441766645, 43.626256771562339 ], [ -79.572058841770627, 43.626256971561759 ], [ -79.5720714417739, 43.626248071559615 ], [ -79.572084041777131, 43.626239271557473 ], [ -79.572096741780413, 43.626230471555367 ], [ -79.57210904178433, 43.626230671554815 ], [ -79.572121641787533, 43.626221671552663 ], [ -79.572134141790769, 43.62621297155053 ], [ -79.572146541794737, 43.626213071549991 ], [ -79.572159241797962, 43.626204371547857 ], [ -79.572196641809114, 43.626195671544615 ], [ -79.572209141812337, 43.626186871542494 ], [ -79.572221741815554, 43.626177971540322 ], [ -79.572246541823475, 43.626178271539231 ], [ -79.572259241826757, 43.626169371537053 ], [ -79.572271841829988, 43.626160571534953 ], [ -79.57228414183389, 43.626160671534365 ], [ -79.572309141841089, 43.626152071531692 ], [ -79.572321841844371, 43.626143271529571 ], [ -79.572334241848324, 43.626143371529018 ], [ -79.572346841851555, 43.626134571526848 ], [ -79.572359441854772, 43.62612567152474 ], [ -79.572371941858009, 43.626116871522576 ], [ -79.572384341861977, 43.626117071522067 ], [ -79.572397041865244, 43.626108171519896 ], [ -79.572409441869198, 43.626108271519321 ], [ -79.572421741873114, 43.626108371518775 ], [ -79.572434441876382, 43.626099571516647 ], [ -79.572446641880234, 43.626099571516079 ], [ -79.572459141884295, 43.626099971515544 ], [ -79.572484141891465, 43.626091271512884 ], [ -79.572496541895418, 43.626091271512301 ], [ -79.5725089418994, 43.626091471511756 ], [ -79.572521641902668, 43.626082671509636 ], [ -79.57253394190657, 43.626082771509047 ], [ -79.572546541909816, 43.626074071506963 ], [ -79.572558941913769, 43.626074171506353 ], [ -79.572571441917006, 43.626065371504239 ], [ -79.572583941920968, 43.626065471503694 ], [ -79.572596441924972, 43.626065571503105 ], [ -79.572608641928895, 43.626065771502617 ], [ -79.572633741936087, 43.626057071499886 ], [ -79.572658541944008, 43.62605737149881 ], [ -79.572683341951958, 43.626057771497699 ], [ -79.572695841955181, 43.626048871495527 ], [ -79.572708241959148, 43.626049071495032 ], [ -79.572733041967069, 43.626049271493912 ], [ -79.572745541971031, 43.626049371493302 ], [ -79.572758041974268, 43.626040571491188 ], [ -79.57277034197817, 43.62604087149068 ], [ -79.572782741982138, 43.626040971490148 ], [ -79.572795441985434, 43.626032171487957 ], [ -79.572820241993341, 43.626032371486879 ], [ -79.57284504200129, 43.626032771485761 ], [ -79.572857442005187, 43.626032871485229 ], [ -79.572870042008475, 43.626024071483108 ], [ -79.572894842016396, 43.626024271481981 ], [ -79.572907142020313, 43.626024371481385 ], [ -79.572931842028197, 43.626024871480318 ], [ -79.572944442031414, 43.626015871478181 ], [ -79.572956942035447, 43.62601617147768 ], [ -79.572969342039386, 43.626016171477112 ], [ -79.572981742043353, 43.626016371476531 ], [ -79.572994242047329, 43.626016471475985 ], [ -79.57301894205527, 43.626016871474874 ], [ -79.573043742063192, 43.626017071473754 ], [ -79.573080942075038, 43.626017571472097 ], [ -79.573105642082979, 43.62601797147105 ], [ -79.573142842094853, 43.626018371469371 ], [ -79.573167542102766, 43.626018771468253 ], [ -79.573180042106699, 43.626018871467721 ], [ -79.573192442110681, 43.626018971467182 ], [ -79.57320474211464, 43.626019171466631 ], [ -79.573229342123284, 43.626028571467153 ], [ -79.573241742127237, 43.62602867146655 ], [ -79.573266542135144, 43.626028871465479 ], [ -79.573278942139126, 43.626029071464906 ], [ -79.573291542142343, 43.626020171462756 ], [ -79.573316342150278, 43.626020571461645 ], [ -79.573328642154252, 43.626020671461127 ], [ -79.573341042158219, 43.626020871460561 ], [ -79.573365842166112, 43.626021271459493 ], [ -79.573415642181217, 43.626012771455656 ], [ -79.573428342184499, 43.626003871453499 ], [ -79.573453242191675, 43.625995171450832 ], [ -79.573503042206809, 43.625986971447041 ], [ -79.573552842221929, 43.625978571443241 ], [ -79.573602542236983, 43.625970071439447 ], [ -79.573640042248215, 43.625961671436215 ], [ -79.573665042254603, 43.625943871431964 ], [ -79.573690142261825, 43.625935171429248 ], [ -79.573715142269009, 43.625926471426581 ], [ -79.57374024227542, 43.625908871422297 ], [ -79.573777942285886, 43.625891171417415 ], [ -79.573815842295588, 43.625864671411009 ], [ -79.573865842310042, 43.625847371405619 ], [ -79.573903442320457, 43.625829871400832 ], [ -79.573941242330122, 43.625803271394382 ], [ -79.573978742340529, 43.625785671389565 ], [ -79.574029042354212, 43.625759271382591 ], [ -79.574066842363948, 43.625732871376165 ], [ -79.574104442374349, 43.62571517137129 ], [ -79.574142142384034, 43.625688671364905 ], [ -79.574180042393749, 43.625662271358529 ], [ -79.574217642404165, 43.625644671353655 ], [ -79.574230242407381, 43.62563577135149 ], [ -79.574242842410612, 43.625626871349382 ], [ -79.574255442413886, 43.625618071347205 ], [ -79.574268042417089, 43.625609171345118 ], [ -79.574280642420334, 43.625600371342912 ], [ -79.574293042424287, 43.625600471342388 ], [ -79.574305542427481, 43.625591771340254 ], [ -79.574318142430741, 43.62558287133816 ], [ -79.574330542434708, 43.625582971337572 ], [ -79.574343242437948, 43.625574271335459 ], [ -79.57435584244115, 43.625565271333272 ], [ -79.574368242445132, 43.625565571332757 ], [ -79.574385242450461, 43.625564571331786 ], [ -79.574387642442503, 43.625465471314286 ], [ -79.574524842483157, 43.625431171301884 ], [ -79.574710642542541, 43.625433471293633 ], [ -79.57487184259324, 43.625426571284905 ], [ -79.575020342641523, 43.625437371279844 ], [ -79.575206042701652, 43.625448671273205 ], [ -79.575391142763991, 43.625487071271316 ], [ -79.575588142831762, 43.625543571272004 ], [ -79.57582174291278, 43.625618471274294 ], [ -79.576005542979487, 43.625710771281923 ], [ -79.576164743037509, 43.62579377128904 ], [ -79.576336143100235, 43.625885871297235 ], [ -79.57647104314816, 43.625941571300743 ], [ -79.576642443210901, 43.626033871308955 ], [ -79.576826043278288, 43.626135071318117 ], [ -79.576948743322291, 43.626190671322149 ], [ -79.577195043406604, 43.626256771322304 ], [ -79.577589343540552, 43.626351771320564 ], [ -79.577897343646185, 43.626436671321095 ], [ -79.578070043703775, 43.62646587131821 ], [ -79.578255143766057, 43.626504071316283 ], [ -79.578464543837768, 43.626560671316454 ], [ -79.57861174389042, 43.626625671321015 ], [ -79.578956844007877, 43.626710971319852 ], [ -79.579142244068677, 43.626731171314809 ], [ -79.579398344154654, 43.626781071311576 ], [ -79.579438344168111, 43.626789071311102 ], [ -79.579684344253891, 43.626873071314392 ], [ -79.579806544299331, 43.626946571321575 ], [ -79.579916344340745, 43.627019971329361 ], [ -79.580049544395308, 43.627156771347167 ], [ -79.580170444445031, 43.627284171363875 ], [ -79.580304244497356, 43.627393871376896 ], [ -79.580682644639793, 43.627641771402793 ], [ -79.580829844692403, 43.627706571407266 ], [ -79.58101494475477, 43.627744971405377 ], [ -79.581162344806657, 43.627800871408319 ], [ -79.581298444850916, 43.627811571403875 ], [ -79.581446944899199, 43.627822371398821 ], [ -79.581521244922939, 43.627823271395549 ], [ -79.58168194497587, 43.627843271391562 ], [ -79.581953545066654, 43.62789157138733 ], [ -79.582213145152011, 43.627921871380579 ], [ -79.582349045197063, 43.627941571377704 ], [ -79.582571145271203, 43.627980371374129 ], [ -79.58267014530368, 43.627990671371293 ], [ -79.582746245328551, 43.62799777136901 ], [ -79.58278144533999, 43.628000871367924 ], [ -79.582979745403406, 43.628003371359107 ], [ -79.583053545428584, 43.628022371359009 ], [ -79.583126845455979, 43.628068371363646 ], [ -79.583261445506196, 43.62815107137191 ], [ -79.583433845565267, 43.628198171372148 ], [ -79.583593845620356, 43.628245071372888 ], [ -79.58377844568416, 43.628301471374193 ], [ -79.583963245747185, 43.628348671373821 ], [ -79.584135245807687, 43.628413871377255 ], [ -79.584295345862856, 43.628460971378068 ], [ -79.584442745914743, 43.628516771380987 ], [ -79.584602745969846, 43.628563771381813 ], [ -79.58475084601956, 43.628592571379947 ], [ -79.584959846092715, 43.628667371383322 ], [ -79.585119446149307, 43.628732171387206 ], [ -79.585303546214533, 43.628806571391706 ], [ -79.585450646267901, 43.628880471397828 ], [ -79.585597346322757, 43.6289722714071 ], [ -79.585681746357679, 43.629063371419122 ], [ -79.585754446388066, 43.629145371430134 ], [ -79.585826146420558, 43.629254271445902 ], [ -79.585874246441449, 43.629317871454845 ], [ -79.585934246467815, 43.629399671466373 ], [ -79.58598254648804, 43.629454371473756 ], [ -79.586005946501061, 43.62951767148374 ], [ -79.586003346509827, 43.629625671502801 ], [ -79.586014646517398, 43.62967077151022 ], [ -79.586038446528988, 43.629716171517046 ], [ -79.586050246535137, 43.629743271521249 ], [ -79.586024346530053, 43.629778871528728 ], [ -79.585961346514708, 43.629832271541055 ], [ -79.585884646498911, 43.629930271561797 ], [ -79.585806746487549, 43.630082471592132 ], [ -79.585703546469745, 43.630252171626751 ], [ -79.585638046462336, 43.630404471656512 ], [ -79.585508646441681, 43.630636971703382 ], [ -79.58544454642913, 43.630726271722054 ], [ -79.585353546415945, 43.63090507175761 ], [ -79.585319246412084, 43.630984771773228 ], [ -79.585288146408601, 43.631057371787421 ], [ -79.585234746405064, 43.631209871816694 ], [ -79.585168646399893, 43.631389171851204 ], [ -79.58513814641158, 43.631631771895229 ], [ -79.585121546422229, 43.631811771927602 ], [ -79.585130446437816, 43.631955871952457 ], [ -79.585152846454505, 43.632064171970391 ], [ -79.585138246457802, 43.632154071986882 ], [ -79.585149246466884, 43.632217271997469 ], [ -79.585197746486344, 43.63226287200316 ], [ -79.585209346493286, 43.63229907200899 ], [ -79.585277746537415, 43.632551972050194 ], [ -79.585336146569617, 43.632705772074424 ], [ -79.585394646601074, 43.632850572097148 ], [ -79.58547824663971, 43.632986572117119 ], [ -79.585513546658134, 43.633068072129738 ], [ -79.585572546688155, 43.633194972149248 ], [ -79.585632846713779, 43.633267772159208 ], [ -79.585705046744849, 43.633358672171823 ], [ -79.585765346770458, 43.633431372181761 ], [ -79.585825146798371, 43.633531272196493 ], [ -79.585846946815636, 43.633648472216088 ], [ -79.585843246828816, 43.633810572244663 ], [ -79.585751446818563, 43.634025472286638 ], [ -79.585649546796361, 43.63414137231176 ], [ -79.585571346785727, 43.634302372343654 ], [ -79.585581046799135, 43.634419572363733 ], [ -79.5856280468237, 43.634528172380627 ], [ -79.58571294685801, 43.634610372391116 ], [ -79.58581014689625, 43.634692472400978 ], [ -79.585881846928714, 43.634801472416768 ], [ -79.585941646956599, 43.634901272431463 ], [ -79.586013246989864, 43.635019272448829 ], [ -79.586034647009413, 43.635163472473145 ], [ -79.586043947023526, 43.635289772494858 ], [ -79.586064247047545, 43.635487972528679 ], [ -79.586012047040398, 43.63559547254998 ], [ -79.58592004703091, 43.635819472593596 ], [ -79.585816347015282, 43.636016272632993 ], [ -79.585776947010643, 43.636105672650494 ], [ -79.585685946997486, 43.636284672686138 ], [ -79.58566474699461, 43.636328472694814 ], [ -79.585575446982872, 43.636517572732167 ], [ -79.585542546978743, 43.63658897274621 ], [ -79.585464746966593, 43.636732172774984 ], [ -79.585411446963903, 43.636893672805812 ], [ -79.585371346961438, 43.637010072828062 ], [ -79.585330446962686, 43.637171672858344 ], [ -79.585364246986259, 43.637316172882144 ], [ -79.585447347026331, 43.637470172905232 ], [ -79.585568647075448, 43.637588772920395 ], [ -79.585665047116635, 43.637707172936679 ], [ -79.585668947118293, 43.63771157293732 ], [ -79.585832847186865, 43.637896872962159 ], [ -79.585858147197456, 43.637925672966041 ], [ -79.585918847222445, 43.637989372974388 ], [ -79.585942247234655, 43.638043572982767 ], [ -79.586001847263304, 43.638152372999102 ], [ -79.586098447302973, 43.638252773012226 ], [ -79.586208047345934, 43.6383441730231 ], [ -79.586305047384869, 43.638435273034588 ], [ -79.586389647419907, 43.638526373046638 ], [ -79.58650764747992, 43.638780073085648 ], [ -79.586592247515711, 43.638880173099238 ], [ -79.586651747543499, 43.638979873113982 ], [ -79.58669884756813, 43.639088473130798 ], [ -79.586795647607815, 43.639188673143892 ], [ -79.586867947638893, 43.639279573156443 ], [ -79.586939747671408, 43.639388673172263 ], [ -79.587011147705326, 43.639515473191146 ], [ -79.587058447729248, 43.639615273206431 ], [ -79.587044247731853, 43.639696073221316 ], [ -79.587041747740614, 43.639803973240369 ], [ -79.587076047761954, 43.639921473259371 ], [ -79.587122647787965, 43.640048073279381 ], [ -79.587217947832769, 43.640211373303586 ], [ -79.587278447858495, 43.640284173313525 ], [ -79.587326647878655, 43.640338773320906 ], [ -79.587398147911927, 43.640456773338265 ], [ -79.587469647945923, 43.640583773357172 ], [ -79.587540847980591, 43.64071957337768 ], [ -79.587613348010919, 43.640801573388707 ], [ -79.587734948058554, 43.640902173400683 ], [ -79.587820048092169, 43.640975273409538 ], [ -79.587867048116735, 43.641083873426382 ], [ -79.587975648162569, 43.641211173443679 ], [ -79.588060148198366, 43.64131137345727 ], [ -79.588204748259713, 43.641484173480876 ], [ -79.588276748292273, 43.641593073496601 ], [ -79.588311948310704, 43.641674573509277 ], [ -79.588334548325932, 43.641764973524069 ], [ -79.588344448338589, 43.641873073542534 ], [ -79.588329848342696, 43.641971873560593 ], [ -79.588315748344584, 43.642043773573839 ], [ -79.588300848349377, 43.64215157359348 ], [ -79.588310848361331, 43.642250873610408 ], [ -79.588406548405473, 43.642405073632993 ], [ -79.588441148426099, 43.642513573650419 ], [ -79.588500548454633, 43.642622273666703 ], [ -79.588573248484224, 43.642695273676111 ], [ -79.588658348517825, 43.642768273684929 ], [ -79.58871944854053, 43.642805173688551 ], [ -79.588792948567189, 43.642842073691597 ], [ -79.588928248614437, 43.642888773693535 ], [ -79.589100348675004, 43.642953873696889 ], [ -79.589161448697766, 43.642990673700517 ], [ -79.589210148716475, 43.643027173704617 ], [ -79.589246248732792, 43.643081673712516 ], [ -79.589281848749764, 43.643145273721991 ], [ -79.589342348774665, 43.643208973730346 ], [ -79.589428048806042, 43.6432549737344 ], [ -79.589562248856879, 43.643346673744269 ], [ -79.589684448903157, 43.643429373753044 ], [ -79.589867248972737, 43.643557673767035 ], [ -79.590025349034391, 43.643685673782137 ], [ -79.590196549098692, 43.643795773793428 ], [ -79.590391249174459, 43.643951173811587 ], [ -79.590587349245098, 43.644043773818687 ], [ -79.590857449341812, 43.64416407382717 ], [ -79.59102944940237, 43.64422917383061 ], [ -79.591189749456817, 43.644267273829783 ], [ -79.591263749482039, 43.644286173829627 ], [ -79.591350549509755, 43.644287273825803 ], [ -79.591375249517696, 43.644287573824705 ], [ -79.5914370495382, 43.644297273823497 ], [ -79.591497949561642, 43.644343073828693 ], [ -79.591595849597738, 43.644398273833822 ], [ -79.591668949625884, 43.644453273840043 ], [ -79.591754849656525, 43.644490373842523 ], [ -79.591865249696625, 43.644545573847083 ], [ -79.592025249751728, 43.644592573847845 ], [ -79.592186049804724, 43.644612573843851 ], [ -79.592396149874276, 43.644642273839295 ], [ -79.592619849943375, 43.644617973824595 ], [ -79.592770049985816, 43.644556873806806 ], [ -79.593045350064244, 43.644452073775597 ], [ -79.593233050117036, 43.644373373753034 ], [ -79.593396450160512, 43.644276373728388 ], [ -79.593634650227074, 43.644171173698815 ], [ -79.593809750276677, 43.644101373678403 ], [ -79.593985150325551, 43.644022573656414 ], [ -79.594135350367978, 43.64396137363866 ], [ -79.594286150408976, 43.643882173617719 ], [ -79.594374650430098, 43.643802273599576 ], [ -79.594500850462481, 43.643713773578142 ], [ -79.594613950492274, 43.64364317356052 ], [ -79.594739850525343, 43.643563673540683 ], [ -79.594865850557611, 43.643475073519276 ], [ -79.595004850592517, 43.643368773494132 ], [ -79.595167750637387, 43.643289873472675 ], [ -79.595271150668623, 43.643270673464485 ], [ -79.595504150738563, 43.643221973445087 ], [ -79.595540250748783, 43.643207573440861 ], [ -79.595679450788182, 43.643152073424609 ], [ -79.595940950867003, 43.643101173403508 ], [ -79.596214750950523, 43.643059573383411 ], [ -79.5964256510171, 43.643053173372408 ], [ -79.59656215105997, 43.643045773364783 ], [ -79.596649351086228, 43.643028773357734 ], [ -79.596810751136999, 43.643021773348998 ], [ -79.596947151179819, 43.643014473341346 ], [ -79.597108251232072, 43.643025573335763 ], [ -79.597281151289707, 43.643054573332769 ], [ -79.597417151334028, 43.643065373328291 ], [ -79.597565651382254, 43.643076173323237 ], [ -79.597751451442448, 43.643087473316598 ], [ -79.598035751536514, 43.64312687331023 ], [ -79.598208451594843, 43.643165073308872 ], [ -79.598393751656516, 43.643194373305356 ], [ -79.59854165170691, 43.643232173305059 ], [ -79.598664751749496, 43.643269673305902 ], [ -79.598824451806109, 43.64333477330991 ], [ -79.598884851830974, 43.643398473318264 ], [ -79.598994151874706, 43.643498773330734 ], [ -79.599079451907514, 43.643562973338007 ], [ -79.599214351956249, 43.643627673343047 ], [ -79.599435552034109, 43.643711373347422 ], [ -79.599657552109008, 43.643759173345444 ], [ -79.599892452186481, 43.64378907333974 ], [ -79.600201252289978, 43.643846773335405 ], [ -79.600472952379974, 43.643886073329625 ], [ -79.600707352459693, 43.64394307332865 ], [ -79.600991352554388, 43.643991473323929 ], [ -79.601213852627922, 43.644021273318735 ], [ -79.601411652693542, 43.644050673314695 ], [ -79.60164615277165, 43.644089573310566 ], [ -79.601781952817461, 43.644118273309225 ], [ -79.601880052852792, 43.644164473312792 ], [ -79.60199055289209, 43.64421077331572 ], [ -79.6020638529195, 43.644256673320363 ], [ -79.602149552950877, 43.644302773324462 ], [ -79.602222852978286, 43.644348673329084 ], [ -79.602295653007943, 43.644421673338471 ], [ -79.602368753036089, 43.644476473344653 ], [ -79.602466453072921, 43.644540773351387 ], [ -79.602614053124853, 43.644596673354307 ], [ -79.602737553165895, 43.644616073351926 ], [ -79.602873353210896, 43.644635773349044 ], [ -79.602997153251252, 43.644646273345145 ], [ -79.603059153271076, 43.644647073342384 ], [ -79.60318325330995, 43.644639673335284 ], [ -79.603294753345565, 43.644640873330282 ], [ -79.603394453375856, 43.644624073322703 ], [ -79.603506553409261, 43.644598573312997 ], [ -79.603619253441337, 43.644554873300024 ], [ -79.603781253489927, 43.644520873286524 ], [ -79.603992953553558, 43.64447837326918 ], [ -79.604154553603621, 43.644462273258839 ], [ -79.604329053656215, 43.64442857324476 ], [ -79.604356253664605, 43.644425673242957 ], [ -79.604564953729209, 43.644404273229476 ], [ -79.604850153820365, 43.644407773216756 ], [ -79.604973953860721, 43.644418373212851 ], [ -79.605060053890597, 43.644446473213755 ], [ -79.605108753909391, 43.644482973217912 ], [ -79.605157353928931, 43.64452867322364 ], [ -79.605229853959244, 43.644610573234615 ], [ -79.605241853964642, 43.644628673237229 ], [ -79.605302953987405, 43.644665473240842 ], [ -79.605339554001489, 43.644692873243905 ], [ -79.605388554019513, 43.644720473246466 ], [ -79.605474654049416, 43.644748673247427 ], [ -79.605548754073894, 43.644758573245717 ], [ -79.605598154090501, 43.644768173245104 ], [ -79.605759254142015, 43.644770173237916 ], [ -79.605784254149185, 43.644761373235212 ], [ -79.605871254176193, 43.644753373229705 ], [ -79.605958454202465, 43.644736473222679 ], [ -79.606057854233455, 43.644728673216669 ], [ -79.606219554282717, 43.644703673204752 ], [ -79.606344154320141, 43.644678173194471 ], [ -79.606742454441076, 43.644611073164086 ], [ -79.606903254494, 43.644630973160062 ], [ -79.60705155454302, 43.64465067315659 ], [ -79.607224254601419, 43.644688973155255 ], [ -79.607298254626642, 43.644707773155119 ], [ -79.607408954665203, 43.644745173156508 ], [ -79.607494854695844, 43.644782173158944 ], [ -79.607580754727323, 43.64482837316308 ], [ -79.607629154746746, 43.644873973168785 ], [ -79.60771465477886, 43.644928973174451 ], [ -79.607799754812419, 43.645002073183271 ], [ -79.607872254842817, 43.645083973194239 ], [ -79.607920054864394, 43.645156573204758 ], [ -79.607942854879681, 43.645246973219592 ], [ -79.607953654889542, 43.645319073231732 ], [ -79.60801295491882, 43.645436773249585 ], [ -79.608047554939446, 43.645545373266998 ], [ -79.608083354956463, 43.645608873276466 ], [ -79.608106454970226, 43.645680973288052 ], [ -79.608129754983267, 43.645744273298092 ], [ -79.608165255001012, 43.645816773309129 ], [ -79.608188955012565, 43.645862073315968 ], [ -79.608225255028131, 43.645907573322262 ], [ -79.608260955045125, 43.645971073331694 ], [ -79.608332755077654, 43.646079973347476 ], [ -79.608356255089944, 43.646134373355935 ], [ -79.608416455116355, 43.646216073367412 ], [ -79.60846525513513, 43.646252573371534 ], [ -79.608588255177636, 43.646290373372409 ], [ -79.608708955224984, 43.646390773384375 ], [ -79.608790255256878, 43.646458573392472 ], [ -79.608711655238125, 43.646529373408583 ], [ -79.607410354927282, 43.647699373674534 ], [ -79.606447954697813, 43.648570073872193 ], [ -79.601635353548843, 43.652905274857183 ], [ -79.599430753025246, 43.6549221753138 ], [ -79.598670552844453, 43.655614975470741 ], [ -79.594146751770083, 43.659755376408008 ], [ -79.589482750662782, 43.664028777375002 ], [ -79.588960550537976, 43.664498377481685 ], [ -79.588823950505571, 43.664623177509988 ], [ -79.589587950860022, 43.66587657769405 ], [ -79.589975251041736, 43.666534677791283 ], [ -79.590412851248544, 43.66729527790423 ], [ -79.590887251472779, 43.668120178026669 ], [ -79.591193451617542, 43.668652678105687 ], [ -79.592156452072118, 43.670319578352938 ], [ -79.593151452541349, 43.672036878607464 ], [ -79.594909853370794, 43.675073379057537 ], [ -79.601757256572782, 43.686573480752664 ], [ -79.602267056811868, 43.687437180880167 ], [ -79.602366756858643, 43.687606080905105 ], [ -79.602471156907612, 43.68778298093121 ], [ -79.602889257104536, 43.688500781037419 ], [ -79.60392535759253, 43.69027868130042 ], [ -79.604400957816523, 43.691094381421038 ], [ -79.604896358050624, 43.691953281548365 ], [ -79.605387558282786, 43.692805281674644 ], [ -79.605588058377577, 43.693153081726166 ], [ -79.606087058613369, 43.6940178818543 ], [ -79.606317858722477, 43.694418381913657 ], [ -79.606466158792514, 43.694675281951739 ], [ -79.606842758970672, 43.695329682048715 ], [ -79.608298259658312, 43.697849982422071 ], [ -79.60868905984303, 43.698526882522359 ], [ -79.609045660011333, 43.699142582613462 ], [ -79.6101496605325, 43.701048682895618 ], [ -79.61072026080187, 43.702033983041488 ], [ -79.612334561564069, 43.704821383454032 ], [ -79.612598161688481, 43.705276383521337 ], [ -79.612802661785011, 43.705629283573565 ], [ -79.613943662323777, 43.707599183865071 ], [ -79.615629863118912, 43.710498584293831 ], [ -79.616256763414398, 43.711574884452837 ], [ -79.6164304634963, 43.711873384496961 ], [ -79.617401563954061, 43.713540484743355 ], [ -79.618257864357659, 43.715010284960542 ], [ -79.618935364677043, 43.716173585132459 ], [ -79.620125265240105, 43.718239385438295 ], [ -79.620461165398936, 43.718821485524479 ], [ -79.621465965871607, 43.720534885777255 ], [ -79.622368066295877, 43.722071386003904 ], [ -79.624047767085031, 43.724922886424231 ], [ -79.624309367207943, 43.725366986489661 ], [ -79.626244968119835, 43.728679686978673 ], [ -79.628205369040245, 43.731998787467511 ], [ -79.62890096936755, 43.733183987642256 ], [ -79.629459069630101, 43.734134487782356 ], [ -79.629581669687752, 43.73434318781311 ], [ -79.629740869762685, 43.734614887853141 ], [ -79.629800269790607, 43.734715887868077 ], [ -79.629859569818549, 43.734816887882928 ], [ -79.629918769846427, 43.734917887897858 ], [ -79.63001126988992, 43.735075187921034 ], [ -79.630101169932203, 43.735228387943621 ], [ -79.63017326996615, 43.735351487961786 ] ] ] } }
]
}
