{"type":"FeatureCollection","scaleMax":5993,"speedMin":0.2,"speedMax":104.8,"features":[{"type":"Feature","geometry":{"type":"LineString","coordinates":[[-79.788385,43.294107],[-79.815278,43.319862]]},"properties":{"PingCount":2,"AvgSpeedKmh":40.8}},{"type":"Feature","geometry":{"type":"LineString","coordinates":[[-79.788385,43.294107],[-79.830348,43.338177]]},"properties":{"PingCount":1,"AvgSpeedKmh":90.9}},{"type":"Feature","geometry":{"type":"LineString","coordinates":[[-79.807049,43.294107],[-79.815278,43.319862]]},"properties":{"PingCount":2,"AvgSpeedKmh":37.6}},{"type":"Feature","geometry":{"type":"LineString","coordinates":[[-79.807049,43.294107],[-79.830348,43.338177]]},"properties":{"PingCount":2,"AvgSpeedKmh":90.5}},{"type":"Feature","geometry":{"type":"LineString","coordinates":[[-79.863041,43.294107],[-79.887316,43.295562]]},"properties":{"PingCount":4,"AvgSpeedKmh":44.6}},{"type":"Feature","geometry":{"type":"LineString","coordinates":[[-79.863041,43.294107],[-79.844377,43.307582]]},"properties":{"PingCount":2,"AvgSpeedKmh":26.3}},{"type":"Feature","geometry":{"type":"LineString","coordinates":[[-79.863041,43.294107],[-79.865816,43.307383]]},"properties":{"PingCount":3,"AvgSpeedKmh":21.6}},{"type":"Feature","geometry":{"type":"LineString","coordinates":[[-79.887316,43.295562],[-79.865816,43.307383]]},"properties":{"PingCount":9,"AvgSpeedKmh":49.1}},{"type":"Feature","geometry":{"type":"LineString","coordinates":[[-79.887316,43.295562],[-79.844377,43.321056]]},"properties":{"PingCount":17,"AvgSpeedKmh":87.8}},{"type":"Feature","geometry":{"type":"LineString","coordinates":[[-79.887316,43.295562],[-79.854669,43.316946]]},"properties":{"PingCount":3,"AvgSpeedKmh":63.2}},{"type":"Feature","geometry":{"type":"LineString","coordinates":[[-79.887316,43.295562],[-79.840987,43.329989]]},"properties":{"PingCount":8,"AvgSpeedKmh":92.5}},{"type":"Feature","geometry":{"type":"LineString","coordinates":[[-79.803398,43.30944],[-79.815278,43.319862]]},"properties":{"PingCount":5,"AvgSpeedKmh":26.4}},{"type":"Feature","geometry":{"type":"LineString","coordinates":[[-79.803398,43.30944],[-79.825432,43.327744]]},"properties":{"PingCount":2,"AvgSpeedKmh":45.0}},{"type":"Feature","geometry":{"type":"LineString","coordinates":[[-79.803398,43.30944],[-79.830348,43.338177]]},"properties":{"PingCount":11,"AvgSpeedKmh":76.7}},{"type":"Feature","geometry":{"type":"LineString","coordinates":[[-79.803398,43.30944],[-79.840987,43.329989]]},"properties":{"PingCount":4,"AvgSpeedKmh":76.9}},{"type":"Feature","geometry":{"type":"LineString","coordinates":[[-79.803398,43.30944],[-79.820981,43.342203]]},"properties":{"PingCount":4,"AvgSpeedKmh":76.6}},{"type":"Feature","geometry":{"type":"LineString","coordinates":[[-79.844377,43.307582],[-79.865816,43.307383]]},"properties":{"PingCount":10,"AvgSpeedKmh":10.7}},{"type":"Feature","geometry":{"type":"LineString","coordinates":[[-79.865816,43.307383],[-79.881705,43.307582]]},"properties":{"PingCount":1,"AvgSpeedKmh":22.0}},{"type":"Feature","geometry":{"type":"LineString","coordinates":[[-79.865816,43.307383],[-79.825432,43.327744]]},"properties":{"PingCount":1,"AvgSpeedKmh":63.5}},{"type":"Feature","geometry":{"type":"LineString","coordinates":[[-79.865816,43.307383],[-79.844377,43.321056]]},"properties":{"PingCount":1,"AvgSpeedKmh":39.7}},{"type":"Feature","geometry":{"type":"LineString","coordinates":[[-79.865816,43.307383],[-79.854669,43.316946]]},"properties":{"PingCount":2,"AvgSpeedKmh":61.4}},{"type":"Feature","geometry":{"type":"LineString","coordinates":[[-79.865816,43.307383],[-79.830348,43.338177]]},"properties":{"PingCount":30,"AvgSpeedKmh":88.2}},{"type":"Feature","geometry":{"type":"LineString","coordinates":[[-79.865816,43.307383],[-79.840987,43.329989]]},"properties":{"PingCount":9,"AvgSpeedKmh":78.8}},{"type":"Feature","geometry":{"type":"LineString","coordinates":[[-79.865816,43.307383],[-79.816811,43.344157]]},"properties":{"PingCount":1,"AvgSpeedKmh":97.8}},{"type":"Feature","geometry":{"type":"LineString","coordinates":[[-79.865816,43.307383],[-79.820981,43.342203]]},"properties":{"PingCount":6,"AvgSpeedKmh":90.6}},{"type":"Feature","geometry":{"type":"LineString","coordinates":[[-79.865816,43.307383],[-79.992012,43.488814]]},"properties":{"PingCount":1,"AvgSpeedKmh":12.2}},{"type":"Feature","geometry":{"type":"LineString","coordinates":[[-79.865816,43.307383],[-79.95636,43.496227]]},"properties":{"PingCount":1,"AvgSpeedKmh":15.3}},{"type":"Feature","geometry":{"type":"LineString","coordinates":[[-79.881705,43.307582],[-79.844377,43.321056]]},"properties":{"PingCount":1,"AvgSpeedKmh":49.6}},{"type":"Feature","geometry":{"type":"LineString","coordinates":[[-79.881705,43.307582],[-79.854669,43.316946]]},"properties":{"PingCount":2,"AvgSpeedKmh":61.6}},{"type":"Feature","geometry":{"type":"LineString","coordinates":[[-79.881705,43.307582],[-79.840987,43.329989]]},"properties":{"PingCount":7,"AvgSpeedKmh":90.6}},{"type":"Feature","geometry":{"type":"LineString","coordinates":[[-79.815278,43.319862],[-79.825432,43.327744]]},"properties":{"PingCount":1,"AvgSpeedKmh":22.3}},{"type":"Feature","geometry":{"type":"LineString","coordinates":[[-79.815278,43.319862],[-79.844377,43.321056]]},"properties":{"PingCount":3,"AvgSpeedKmh":57.9}},{"type":"Feature","geometry":{"type":"LineString","coordinates":[[-79.815278,43.319862],[-79.807049,43.334531]]},"properties":{"PingCount":1,"AvgSpeedKmh":29.5}},{"type":"Feature","geometry":{"type":"LineString","coordinates":[[-79.815278,43.319862],[-79.830348,43.338177]]},"properties":{"PingCount":9,"AvgSpeedKmh":56.1}},{"type":"Feature","geometry":{"type":"LineString","coordinates":[[-79.815278,43.319862],[-79.840987,43.329989]]},"properties":{"PingCount":1,"AvgSpeedKmh":50.3}},{"type":"Feature","geometry":{"type":"LineString","coordinates":[[-79.815278,43.319862],[-79.816811,43.344157]]},"properties":{"PingCount":4,"AvgSpeedKmh":64.6}},{"type":"Feature","geometry":{"type":"LineString","coordinates":[[-79.815278,43.319862],[-79.820981,43.342203]]},"properties":{"PingCount":1,"AvgSpeedKmh":60.2}},{"type":"Feature","geometry":{"type":"LineString","coordinates":[[-79.825432,43.327744],[-79.844377,43.321056]]},"properties":{"PingCount":1,"AvgSpeedKmh":35.4}},{"type":"Feature","geometry":{"type":"LineString","coordinates":[[-79.825432,43.327744],[-79.854669,43.316946]]},"properties":{"PingCount":3,"AvgSpeedKmh":56.4}},{"type":"Feature","geometry":{"type":"LineString","coordinates":[[-79.825432,43.327744],[-79.830348,43.338177]]},"properties":{"PingCount":3,"AvgSpeedKmh":17.9}},{"type":"Feature","geometry":{"type":"LineString","coordinates":[[-79.825432,43.327744],[-79.840987,43.329989]]},"properties":{"PingCount":4,"AvgSpeedKmh":28.1}},{"type":"Feature","geometry":{"type":"LineString","coordinates":[[-79.825432,43.327744],[-79.816811,43.344157]]},"properties":{"PingCount":2,"AvgSpeedKmh":65.7}},{"type":"Feature","geometry":{"type":"LineString","coordinates":[[-79.825432,43.327744],[-79.697363,43.553634]]},"properties":{"PingCount":1,"AvgSpeedKmh":61.2}},{"type":"Feature","geometry":{"type":"LineString","coordinates":[[-79.825432,43.327744],[-79.561742,43.602981]]},"properties":{"PingCount":1,"AvgSpeedKmh":95.4}},{"type":"Feature","geometry":{"type":"LineString","coordinates":[[-79.844377,43.321056],[-79.854669,43.316946]]},"properties":{"PingCount":3,"AvgSpeedKmh":67.5}},{"type":"Feature","geometry":{"type":"LineString","coordinates":[[-79.844377,43.321056],[-79.830348,43.338177]]},"properties":{"PingCount":4,"AvgSpeedKmh":61.7}},{"type":"Feature","geometry":{"type":"LineString","coordinates":[[-79.844377,43.321056],[-79.840987,43.329989]]},"properties":{"PingCount":2,"AvgSpeedKmh":54.8}},{"type":"Feature","geometry":{"type":"LineString","coordinates":[[-79.844377,43.321056],[-79.816811,43.344157]]},"properties":{"PingCount":16,"AvgSpeedKmh":86.7}},{"type":"Feature","geometry":{"type":"LineString","coordinates":[[-79.844377,43.321056],[-79.820981,43.342203]]},"properties":{"PingCount":3,"AvgSpeedKmh":61.8}},{"type":"Feature","geometry":{"type":"LineString","coordinates":[[-79.844377,43.321056],[-79.825713,43.36148]]},"properties":{"PingCount":1,"AvgSpeedKmh":76.4}},{"type":"Feature","geometry":{"type":"LineString","coordinates":[[-79.844377,43.321056],[-79.844377,43.482752]]},"properties":{"PingCount":1,"AvgSpeedKmh":9.9}},{"type":"Feature","geometry":{"type":"LineString","coordinates":[[-79.844377,43.321056],[-79.71508,43.538291]]},"properties":{"PingCount":1,"AvgSpeedKmh":15.2}},{"type":"Feature","geometry":{"type":"LineString","coordinates":[[-79.854669,43.316946],[-79.830348,43.338177]]},"properties":{"PingCount":6,"AvgSpeedKmh":65.3}},{"type":"Feature","geometry":{"type":"LineString","coordinates":[[-79.854669,43.316946],[-79.840987,43.329989]]},"properties":{"PingCount":1,"AvgSpeedKmh":36.8}},{"type":"Feature","geometry":{"type":"LineString","coordinates":[[-79.854669,43.316946],[-79.816811,43.344157]]},"properties":{"PingCount":4,"AvgSpeedKmh":92.2}},{"type":"Feature","geometry":{"type":"LineString","coordinates":[[-79.854669,43.316946],[-79.820981,43.342203]]},"properties":{"PingCount":8,"AvgSpeedKmh":84.6}},{"type":"Feature","geometry":{"type":"LineString","coordinates":[[-79.854669,43.316946],[-79.825713,43.36148]]},"properties":{"PingCount":1,"AvgSpeedKmh":93.9}},{"type":"Feature","geometry":{"type":"LineString","coordinates":[[-79.854669,43.316946],[-79.992012,43.488814]]},"properties":{"PingCount":1,"AvgSpeedKmh":12.6}},{"type":"Feature","geometry":{"type":"LineString","coordinates":[[-79.788385,43.334531],[-79.788385,43.348006]]},"properties":{"PingCount":1,"AvgSpeedKmh":21.5}},{"type":"Feature","geometry":{"type":"LineString","coordinates":[[-79.788385,43.334531],[-79.816811,43.344157]]},"properties":{"PingCount":1,"AvgSpeedKmh":26.8}},{"type":"Feature","geometry":{"type":"LineString","coordinates":[[-79.807049,43.334531],[-79.830348,43.338177]]},"properties":{"PingCount":4,"AvgSpeedKmh":11.9}},{"type":"Feature","geometry":{"type":"LineString","coordinates":[[-79.807049,43.334531],[-79.816811,43.344157]]},"properties":{"PingCount":7,"AvgSpeedKmh":17.2}},{"type":"Feature","geometry":{"type":"LineString","coordinates":[[-79.830348,43.338177],[-79.840987,43.329989]]},"properties":{"PingCount":2,"AvgSpeedKmh":22.7}},{"type":"Feature","geometry":{"type":"LineString","coordinates":[[-79.830348,43.338177],[-79.816811,43.344157]]},"properties":{"PingCount":5,"AvgSpeedKmh":35.4}},{"type":"Feature","geometry":{"type":"LineString","coordinates":[[-79.830348,43.338177],[-79.820981,43.342203]]},"properties":{"PingCount":5,"AvgSpeedKmh":29.1}},{"type":"Feature","geometry":{"type":"LineString","coordinates":[[-79.830348,43.338177],[-79.825713,43.482752]]},"properties":{"PingCount":2,"AvgSpeedKmh":12.1}},{"type":"Feature","geometry":{"type":"LineString","coordinates":[[-79.830348,43.338177],[-79.844377,43.482752]]},"properties":{"PingCount":1,"AvgSpeedKmh":8.7}},{"type":"Feature","geometry":{"type":"LineString","coordinates":[[-79.830348,43.338177],[-79.718156,43.524001]]},"properties":{"PingCount":1,"AvgSpeedKmh":18.0}},{"type":"Feature","geometry":{"type":"LineString","coordinates":[[-79.830348,43.338177],[-79.725967,43.52764]]},"properties":{"PingCount":4,"AvgSpeedKmh":35.0}},{"type":"Feature","geometry":{"type":"LineString","coordinates":[[-79.830348,43.338177],[-79.71508,43.538291]]},"properties":{"PingCount":6,"AvgSpeedKmh":54.0}},{"type":"Feature","geometry":{"type":"LineString","coordinates":[[-79.830348,43.338177],[-79.721666,43.532678]]},"properties":{"PingCount":1,"AvgSpeedKmh":15.0}},{"type":"Feature","geometry":{"type":"LineString","coordinates":[[-79.830348,43.338177],[-79.697363,43.553634]]},"properties":{"PingCount":3,"AvgSpeedKmh":46.4}},{"type":"Feature","geometry":{"type":"LineString","coordinates":[[-79.830348,43.338177],[-79.709176,43.543323]]},"properties":{"PingCount":3,"AvgSpeedKmh":29.7}},{"type":"Feature","geometry":{"type":"LineString","coordinates":[[-79.830348,43.338177],[-79.586901,43.580176]]},"properties":{"PingCount":2,"AvgSpeedKmh":88.3}},{"type":"Feature","geometry":{"type":"LineString","coordinates":[[-79.830348,43.338177],[-79.608193,43.574447]]},"properties":{"PingCount":1,"AvgSpeedKmh":64.3}},{"type":"Feature","geometry":{"type":"LineString","coordinates":[[-79.830348,43.338177],[-79.579338,43.586859]]},"properties":{"PingCount":1,"AvgSpeedKmh":43.0}},{"type":"Feature","geometry":{"type":"LineString","coordinates":[[-79.830348,43.338177],[-79.561742,43.602981]]},"properties":{"PingCount":1,"AvgSpeedKmh":56.0}},{"type":"Feature","geometry":{"type":"LineString","coordinates":[[-79.840987,43.329989],[-79.816811,43.344157]]},"properties":{"PingCount":8,"AvgSpeedKmh":61.6}},{"type":"Feature","geometry":{"type":"LineString","coordinates":[[-79.840987,43.329989],[-79.820981,43.342203]]},"properties":{"PingCount":5,"AvgSpeedKmh":28.7}},{"type":"Feature","geometry":{"type":"LineString","coordinates":[[-79.840987,43.329989],[-79.825713,43.482752]]},"properties":{"PingCount":2,"AvgSpeedKmh":8.9}},{"type":"Feature","geometry":{"type":"LineString","coordinates":[[-79.840987,43.329989],[-79.844377,43.482752]]},"properties":{"PingCount":1,"AvgSpeedKmh":11.3}},{"type":"Feature","geometry":{"type":"LineString","coordinates":[[-79.840987,43.329989],[-79.844377,43.496227]]},"properties":{"PingCount":1,"AvgSpeedKmh":44.4}},{"type":"Feature","geometry":{"type":"LineString","coordinates":[[-79.840987,43.329989],[-79.725967,43.52764]]},"properties":{"PingCount":1,"AvgSpeedKmh":14.7}},{"type":"Feature","geometry":{"type":"LineString","coordinates":[[-79.840987,43.329989],[-79.71508,43.538291]]},"properties":{"PingCount":2,"AvgSpeedKmh":17.3}},{"type":"Feature","geometry":{"type":"LineString","coordinates":[[-79.840987,43.329989],[-79.721666,43.532678]]},"properties":{"PingCount":1,"AvgSpeedKmh":59.4}},{"type":"Feature","geometry":{"type":"LineString","coordinates":[[-79.840987,43.329989],[-79.709176,43.543323]]},"properties":{"PingCount":1,"AvgSpeedKmh":74.9}},{"type":"Feature","geometry":{"type":"LineString","coordinates":[[-79.788385,43.348006],[-79.816811,43.344157]]},"properties":{"PingCount":4,"AvgSpeedKmh":15.5}},{"type":"Feature","geometry":{"type":"LineString","coordinates":[[-79.788385,43.348006],[-79.579338,43.586859]]},"properties":{"PingCount":1,"AvgSpeedKmh":16.3}},{"type":"Feature","geometry":{"type":"LineString","coordinates":[[-79.816811,43.344157],[-79.820981,43.342203]]},"properties":{"PingCount":7,"AvgSpeedKmh":22.4}},{"type":"Feature","geometry":{"type":"LineString","coordinates":[[-79.816811,43.344157],[-79.825713,43.482752]]},"properties":{"PingCount":3,"AvgSpeedKmh":9.6}},{"type":"Feature","geometry":{"type":"LineString","coordinates":[[-79.816811,43.344157],[-79.844377,43.482752]]},"properties":{"PingCount":3,"AvgSpeedKmh":9.7}},{"type":"Feature","geometry":{"type":"LineString","coordinates":[[-79.816811,43.344157],[-79.844377,43.496227]]},"properties":{"PingCount":5,"AvgSpeedKmh":10.4}},{"type":"Feature","geometry":{"type":"LineString","coordinates":[[-79.816811,43.344157],[-79.718156,43.524001]]},"properties":{"PingCount":3,"AvgSpeedKmh":32.8}},{"type":"Feature","geometry":{"type":"LineString","coordinates":[[-79.816811,43.344157],[-79.71508,43.538291]]},"properties":{"PingCount":7,"AvgSpeedKmh":39.3}},{"type":"Feature","geometry":{"type":"LineString","coordinates":[[-79.816811,43.344157],[-79.697363,43.553634]]},"properties":{"PingCount":5,"AvgSpeedKmh":53.3}},{"type":"Feature","geometry":{"type":"LineString","coordinates":[[-79.816811,43.344157],[-79.709176,43.543323]]},"properties":{"PingCount":2,"AvgSpeedKmh":52.9}},{"type":"Feature","geometry":{"type":"LineString","coordinates":[[-79.816811,43.344157],[-79.586901,43.580176]]},"properties":{"PingCount":2,"AvgSpeedKmh":71.1}},{"type":"Feature","geometry":{"type":"LineString","coordinates":[[-79.816811,43.344157],[-79.619408,43.577529]]},"properties":{"PingCount":1,"AvgSpeedKmh":74.9}},{"type":"Feature","geometry":{"type":"LineString","coordinates":[[-79.816811,43.344157],[-79.579338,43.586859]]},"properties":{"PingCount":4,"AvgSpeedKmh":51.4}},{"type":"Feature","geometry":{"type":"LineString","coordinates":[[-79.820981,43.342203],[-79.844377,43.348006]]},"properties":{"PingCount":1,"AvgSpeedKmh":24.5}},{"type":"Feature","geometry":{"type":"LineString","coordinates":[[-79.820981,43.342203],[-79.825713,43.482752]]},"properties":{"PingCount":2,"AvgSpeedKmh":11.3}},{"type":"Feature","geometry":{"type":"LineString","coordinates":[[-79.820981,43.342203],[-79.844377,43.482752]]},"properties":{"PingCount":1,"AvgSpeedKmh":9.9}},{"type":"Feature","geometry":{"type":"LineString","coordinates":[[-79.820981,43.342203],[-79.844377,43.496227]]},"properties":{"PingCount":1,"AvgSpeedKmh":10.4}},{"type":"Feature","geometry":{"type":"LineString","coordinates":[[-79.820981,43.342203],[-79.718156,43.524001]]},"properties":{"PingCount":1,"AvgSpeedKmh":48.0}},{"type":"Feature","geometry":{"type":"LineString","coordinates":[[-79.820981,43.342203],[-79.71508,43.538291]]},"properties":{"PingCount":5,"AvgSpeedKmh":27.5}},{"type":"Feature","geometry":{"type":"LineString","coordinates":[[-79.820981,43.342203],[-79.697363,43.553634]]},"properties":{"PingCount":2,"AvgSpeedKmh":41.3}},{"type":"Feature","geometry":{"type":"LineString","coordinates":[[-79.820981,43.342203],[-79.709176,43.543323]]},"properties":{"PingCount":1,"AvgSpeedKmh":81.9}},{"type":"Feature","geometry":{"type":"LineString","coordinates":[[-79.820981,43.342203],[-79.619408,43.577529]]},"properties":{"PingCount":1,"AvgSpeedKmh":68.4}},{"type":"Feature","geometry":{"type":"LineString","coordinates":[[-79.820981,43.342203],[-79.564417,43.59055]]},"properties":{"PingCount":1,"AvgSpeedKmh":98.1}},{"type":"Feature","geometry":{"type":"LineString","coordinates":[[-79.820981,43.342203],[-79.579338,43.586859]]},"properties":{"PingCount":2,"AvgSpeedKmh":60.8}},{"type":"Feature","geometry":{"type":"LineString","coordinates":[[-79.820981,43.342203],[-79.561742,43.602981]]},"properties":{"PingCount":1,"AvgSpeedKmh":89.4}},{"type":"Feature","geometry":{"type":"LineString","coordinates":[[-79.825713,43.36148],[-79.721666,43.532678]]},"properties":{"PingCount":1,"AvgSpeedKmh":84.2}},{"type":"Feature","geometry":{"type":"LineString","coordinates":[[-79.825713,43.36148],[-79.751057,43.536651]]},"properties":{"PingCount":1,"AvgSpeedKmh":30.9}},{"type":"Feature","geometry":{"type":"LineString","coordinates":[[-79.863041,43.36148],[-79.725967,43.52764]]},"properties":{"PingCount":1,"AvgSpeedKmh":33.8}},{"type":"Feature","geometry":{"type":"LineString","coordinates":[[-79.863041,43.36148],[-79.639073,43.550126]]},"properties":{"PingCount":1,"AvgSpeedKmh":40.3}},{"type":"Feature","geometry":{"type":"LineString","coordinates":[[-79.863041,43.36148],[-79.632929,43.565998]]},"properties":{"PingCount":1,"AvgSpeedKmh":38.1}},{"type":"Feature","geometry":{"type":"LineString","coordinates":[[-79.844377,43.469278],[-79.844377,43.482752]]},"properties":{"PingCount":1,"AvgSpeedKmh":40.6}},{"type":"Feature","geometry":{"type":"LineString","coordinates":[[-79.844377,43.469278],[-79.881705,43.482752]]},"properties":{"PingCount":1,"AvgSpeedKmh":43.3}},{"type":"Feature","geometry":{"type":"LineString","coordinates":[[-79.825713,43.482752],[-79.844377,43.482752]]},"properties":{"PingCount":1,"AvgSpeedKmh":0.3}},{"type":"Feature","geometry":{"type":"LineString","coordinates":[[-79.825713,43.482752],[-79.825713,43.496227]]},"properties":{"PingCount":2,"AvgSpeedKmh":15.2}},{"type":"Feature","geometry":{"type":"LineString","coordinates":[[-79.825713,43.482752],[-79.844377,43.496227]]},"properties":{"PingCount":12,"AvgSpeedKmh":37.9}},{"type":"Feature","geometry":{"type":"LineString","coordinates":[[-79.825713,43.482752],[-79.807049,43.509702]]},"properties":{"PingCount":4,"AvgSpeedKmh":51.8}},{"type":"Feature","geometry":{"type":"LineString","coordinates":[[-79.844377,43.482752],[-79.844377,43.496227]]},"properties":{"PingCount":7,"AvgSpeedKmh":30.8}},{"type":"Feature","geometry":{"type":"LineString","coordinates":[[-79.844377,43.482752],[-79.807049,43.509702]]},"properties":{"PingCount":1,"AvgSpeedKmh":65.8}},{"type":"Feature","geometry":{"type":"LineString","coordinates":[[-79.844377,43.482752],[-79.863041,43.509702]]},"properties":{"PingCount":2,"AvgSpeedKmh":48.2}},{"type":"Feature","geometry":{"type":"LineString","coordinates":[[-79.881705,43.482752],[-79.863041,43.496227]]},"properties":{"PingCount":12,"AvgSpeedKmh":35.2}},{"type":"Feature","geometry":{"type":"LineString","coordinates":[[-79.881705,43.482752],[-79.881705,43.496227]]},"properties":{"PingCount":29,"AvgSpeedKmh":21.8}},{"type":"Feature","geometry":{"type":"LineString","coordinates":[[-79.881705,43.482752],[-79.900368,43.496227]]},"properties":{"PingCount":27,"AvgSpeedKmh":35.6}},{"type":"Feature","geometry":{"type":"LineString","coordinates":[[-79.881705,43.482752],[-79.863041,43.509702]]},"properties":{"PingCount":6,"AvgSpeedKmh":52.3}},{"type":"Feature","geometry":{"type":"LineString","coordinates":[[-79.881705,43.482752],[-79.881705,43.509702]]},"properties":{"PingCount":4,"AvgSpeedKmh":42.1}},{"type":"Feature","geometry":{"type":"LineString","coordinates":[[-79.881705,43.482752],[-79.900368,43.509702]]},"properties":{"PingCount":5,"AvgSpeedKmh":39.9}},{"type":"Feature","geometry":{"type":"LineString","coordinates":[[-79.992012,43.488814],[-79.95636,43.496227]]},"properties":{"PingCount":10,"AvgSpeedKmh":60.9}},{"type":"Feature","geometry":{"type":"LineString","coordinates":[[-79.992012,43.488814],[-79.98299,43.493711]]},"properties":{"PingCount":6,"AvgSpeedKmh":41.9}},{"type":"Feature","geometry":{"type":"LineString","coordinates":[[-79.992012,43.488814],[-79.984459,43.493161]]},"properties":{"PingCount":1,"AvgSpeedKmh":34.0}},{"type":"Feature","geometry":{"type":"LineString","coordinates":[[-79.992012,43.488814],[-79.937696,43.509702]]},"properties":{"PingCount":2,"AvgSpeedKmh":89.8}},{"type":"Feature","geometry":{"type":"LineString","coordinates":[[-79.992012,43.488814],[-79.95636,43.509702]]},"properties":{"PingCount":80,"AvgSpeedKmh":88.3}},{"type":"Feature","geometry":{"type":"LineString","coordinates":[[-79.788385,43.496227],[-79.751057,43.509702]]},"properties":{"PingCount":1,"AvgSpeedKmh":50.5}},{"type":"Feature","geometry":{"type":"LineString","coordinates":[[-79.788385,43.496227],[-79.769721,43.509702]]},"properties":{"PingCount":1,"AvgSpeedKmh":42.2}},{"type":"Feature","geometry":{"type":"LineString","coordinates":[[-79.825713,43.496227],[-79.807049,43.509702]]},"properties":{"PingCount":1,"AvgSpeedKmh":38.2}},{"type":"Feature","geometry":{"type":"LineString","coordinates":[[-79.825713,43.496227],[-79.807049,43.523176]]},"properties":{"PingCount":1,"AvgSpeedKmh":50.7}},{"type":"Feature","geometry":{"type":"LineString","coordinates":[[-79.844377,43.496227],[-79.863041,43.496227]]},"properties":{"PingCount":1,"AvgSpeedKmh":21.7}},{"type":"Feature","geometry":{"type":"LineString","coordinates":[[-79.844377,43.496227],[-79.844377,43.509702]]},"properties":{"PingCount":4,"AvgSpeedKmh":25.5}},{"type":"Feature","geometry":{"type":"LineString","coordinates":[[-79.844377,43.496227],[-79.863041,43.509702]]},"properties":{"PingCount":29,"AvgSpeedKmh":40.1}},{"type":"Feature","geometry":{"type":"LineString","coordinates":[[-79.844377,43.496227],[-79.881705,43.509702]]},"properties":{"PingCount":1,"AvgSpeedKmh":61.1}},{"type":"Feature","geometry":{"type":"LineString","coordinates":[[-79.844377,43.496227],[-79.881705,43.523176]]},"properties":{"PingCount":1,"AvgSpeedKmh":61.2}},{"type":"Feature","geometry":{"type":"LineString","coordinates":[[-79.863041,43.496227],[-79.881705,43.496227]]},"properties":{"PingCount":43,"AvgSpeedKmh":16.0}},{"type":"Feature","geometry":{"type":"LineString","coordinates":[[-79.863041,43.496227],[-79.844377,43.509702]]},"properties":{"PingCount":2,"AvgSpeedKmh":39.3}},{"type":"Feature","geometry":{"type":"LineString","coordinates":[[-79.863041,43.496227],[-79.863041,43.509702]]},"properties":{"PingCount":56,"AvgSpeedKmh":16.6}},{"type":"Feature","geometry":{"type":"LineString","coordinates":[[-79.881705,43.496227],[-79.900368,43.496227]]},"properties":{"PingCount":4,"AvgSpeedKmh":23.7}},{"type":"Feature","geometry":{"type":"LineString","coordinates":[[-79.881705,43.496227],[-79.863041,43.509702]]},"properties":{"PingCount":20,"AvgSpeedKmh":34.4}},{"type":"Feature","geometry":{"type":"LineString","coordinates":[[-79.881705,43.496227],[-79.881705,43.509702]]},"properties":{"PingCount":35,"AvgSpeedKmh":29.9}},{"type":"Feature","geometry":{"type":"LineString","coordinates":[[-79.881705,43.496227],[-79.900368,43.509702]]},"properties":{"PingCount":9,"AvgSpeedKmh":30.5}},{"type":"Feature","geometry":{"type":"LineString","coordinates":[[-79.900368,43.496227],[-79.881705,43.509702]]},"properties":{"PingCount":22,"AvgSpeedKmh":31.0}},{"type":"Feature","geometry":{"type":"LineString","coordinates":[[-79.900368,43.496227],[-79.900368,43.509702]]},"properties":{"PingCount":1,"AvgSpeedKmh":43.9}},{"type":"Feature","geometry":{"type":"LineString","coordinates":[[-79.95636,43.496227],[-79.98299,43.493711]]},"properties":{"PingCount":5,"AvgSpeedKmh":32.7}},{"type":"Feature","geometry":{"type":"LineString","coordinates":[[-79.95636,43.496227],[-79.984459,43.493161]]},"properties":{"PingCount":4,"AvgSpeedKmh":45.2}},{"type":"Feature","geometry":{"type":"LineString","coordinates":[[-79.95636,43.496227],[-79.95636,43.509702]]},"properties":{"PingCount":2,"AvgSpeedKmh":14.3}},{"type":"Feature","geometry":{"type":"LineString","coordinates":[[-79.95636,43.496227],[-79.901276,43.529737]]},"properties":{"PingCount":1,"AvgSpeedKmh":96.2}},{"type":"Feature","geometry":{"type":"LineString","coordinates":[[-79.95636,43.496227],[-79.910109,43.526373]]},"properties":{"PingCount":100,"AvgSpeedKmh":88.6}},{"type":"Feature","geometry":{"type":"LineString","coordinates":[[-79.95636,43.496227],[-79.937696,43.523176]]},"properties":{"PingCount":11,"AvgSpeedKmh":65.1}},{"type":"Feature","geometry":{"type":"LineString","coordinates":[[-79.98299,43.493711],[-79.984459,43.493161]]},"properties":{"PingCount":7,"AvgSpeedKmh":33.7}},{"type":"Feature","geometry":{"type":"LineString","coordinates":[[-79.98299,43.493711],[-79.937696,43.509702]]},"properties":{"PingCount":7,"AvgSpeedKmh":73.4}},{"type":"Feature","geometry":{"type":"LineString","coordinates":[[-79.98299,43.493711],[-79.95636,43.509702]]},"properties":{"PingCount":7,"AvgSpeedKmh":58.2}},{"type":"Feature","geometry":{"type":"LineString","coordinates":[[-79.98299,43.493711],[-79.910109,43.526373]]},"properties":{"PingCount":24,"AvgSpeedKmh":92.2}},{"type":"Feature","geometry":{"type":"LineString","coordinates":[[-79.98299,43.493711],[-79.937696,43.523176]]},"properties":{"PingCount":118,"AvgSpeedKmh":88.2}},{"type":"Feature","geometry":{"type":"LineString","coordinates":[[-79.98299,43.493711],[-79.710572,43.684581]]},"properties":{"PingCount":1,"AvgSpeedKmh":39.6}},{"type":"Feature","geometry":{"type":"LineString","coordinates":[[-79.984459,43.493161],[-79.937696,43.509702]]},"properties":{"PingCount":32,"AvgSpeedKmh":87.5}},{"type":"Feature","geometry":{"type":"LineString","coordinates":[[-79.984459,43.493161],[-79.95636,43.509702]]},"properties":{"PingCount":16,"AvgSpeedKmh":71.6}},{"type":"Feature","geometry":{"type":"LineString","coordinates":[[-79.984459,43.493161],[-80.012352,43.509702]]},"properties":{"PingCount":5,"AvgSpeedKmh":44.2}},{"type":"Feature","geometry":{"type":"LineString","coordinates":[[-79.984459,43.493161],[-79.937696,43.523176]]},"properties":{"PingCount":17,"AvgSpeedKmh":90.0}},{"type":"Feature","geometry":{"type":"LineString","coordinates":[[-79.984459,43.493161],[-80.031016,43.523176]]},"properties":{"PingCount":6,"AvgSpeedKmh":72.7}},{"type":"Feature","geometry":{"type":"LineString","coordinates":[[-79.751057,43.509702],[-79.71508,43.538291]]},"properties":{"PingCount":1,"AvgSpeedKmh":2.0}},{"type":"Feature","geometry":{"type":"LineString","coordinates":[[-79.751057,43.509702],[-79.721666,43.532678]]},"properties":{"PingCount":1,"AvgSpeedKmh":46.6}},{"type":"Feature","geometry":{"type":"LineString","coordinates":[[-79.751057,43.509702],[-79.788385,43.536651]]},"properties":{"PingCount":1,"AvgSpeedKmh":68.9}},{"type":"Feature","geometry":{"type":"LineString","coordinates":[[-79.769721,43.509702],[-79.725967,43.52764]]},"properties":{"PingCount":1,"AvgSpeedKmh":58.1}},{"type":"Feature","geometry":{"type":"LineString","coordinates":[[-79.807049,43.509702],[-79.788385,43.523176]]},"properties":{"PingCount":1,"AvgSpeedKmh":50.3}},{"type":"Feature","geometry":{"type":"LineString","coordinates":[[-79.807049,43.509702],[-79.807049,43.523176]]},"properties":{"PingCount":4,"AvgSpeedKmh":34.8}},{"type":"Feature","geometry":{"type":"LineString","coordinates":[[-79.807049,43.509702],[-79.788385,43.536651]]},"properties":{"PingCount":1,"AvgSpeedKmh":72.1}},{"type":"Feature","geometry":{"type":"LineString","coordinates":[[-79.844377,43.509702],[-79.863041,43.509702]]},"properties":{"PingCount":3,"AvgSpeedKmh":31.6}},{"type":"Feature","geometry":{"type":"LineString","coordinates":[[-79.844377,43.509702],[-79.825713,43.523176]]},"properties":{"PingCount":2,"AvgSpeedKmh":36.4}},{"type":"Feature","geometry":{"type":"LineString","coordinates":[[-79.844377,43.509702],[-79.844377,43.523176]]},"properties":{"PingCount":7,"AvgSpeedKmh":34.5}},{"type":"Feature","geometry":{"type":"LineString","coordinates":[[-79.844377,43.509702],[-79.825713,43.536651]]},"properties":{"PingCount":2,"AvgSpeedKmh":50.6}},{"type":"Feature","geometry":{"type":"LineString","coordinates":[[-79.863041,43.509702],[-79.881705,43.509702]]},"properties":{"PingCount":11,"AvgSpeedKmh":29.5}},{"type":"Feature","geometry":{"type":"LineString","coordinates":[[-79.863041,43.509702],[-79.844377,43.523176]]},"properties":{"PingCount":36,"AvgSpeedKmh":41.2}},{"type":"Feature","geometry":{"type":"LineString","coordinates":[[-79.863041,43.509702],[-79.881705,43.523176]]},"properties":{"PingCount":62,"AvgSpeedKmh":39.2}},{"type":"Feature","geometry":{"type":"LineString","coordinates":[[-79.863041,43.509702],[-79.844377,43.536651]]},"properties":{"PingCount":1,"AvgSpeedKmh":49.0}},{"type":"Feature","geometry":{"type":"LineString","coordinates":[[-79.881705,43.509702],[-79.900368,43.509702]]},"properties":{"PingCount":1,"AvgSpeedKmh":17.4}},{"type":"Feature","geometry":{"type":"LineString","coordinates":[[-79.881705,43.509702],[-79.881705,43.523176]]},"properties":{"PingCount":11,"AvgSpeedKmh":30.1}},{"type":"Feature","geometry":{"type":"LineString","coordinates":[[-79.881705,43.509702],[-79.881705,43.536651]]},"properties":{"PingCount":1,"AvgSpeedKmh":38.6}},{"type":"Feature","geometry":{"type":"LineString","coordinates":[[-79.900368,43.509702],[-79.901276,43.529737]]},"properties":{"PingCount":2,"AvgSpeedKmh":22.8}},{"type":"Feature","geometry":{"type":"LineString","coordinates":[[-79.937696,43.509702],[-79.901276,43.529737]]},"properties":{"PingCount":4,"AvgSpeedKmh":69.5}},{"type":"Feature","geometry":{"type":"LineString","coordinates":[[-79.937696,43.509702],[-79.910109,43.526373]]},"properties":{"PingCount":2,"AvgSpeedKmh":60.4}},{"type":"Feature","geometry":{"type":"LineString","coordinates":[[-79.937696,43.509702],[-79.881705,43.536651]]},"properties":{"PingCount":3,"AvgSpeedKmh":95.1}},{"type":"Feature","geometry":{"type":"LineString","coordinates":[[-79.937696,43.509702],[-79.90017,43.530431]]},"properties":{"PingCount":32,"AvgSpeedKmh":90.1}},{"type":"Feature","geometry":{"type":"LineString","coordinates":[[-79.95636,43.509702],[-79.901276,43.529737]]},"properties":{"PingCount":70,"AvgSpeedKmh":89.4}},{"type":"Feature","geometry":{"type":"LineString","coordinates":[[-79.95636,43.509702],[-79.910109,43.526373]]},"properties":{"PingCount":27,"AvgSpeedKmh":80.6}},{"type":"Feature","geometry":{"type":"LineString","coordinates":[[-79.95636,43.509702],[-79.937696,43.523176]]},"properties":{"PingCount":4,"AvgSpeedKmh":47.6}},{"type":"Feature","geometry":{"type":"LineString","coordinates":[[-79.95636,43.509702],[-79.90017,43.530431]]},"properties":{"PingCount":29,"AvgSpeedKmh":93.0}},{"type":"Feature","geometry":{"type":"LineString","coordinates":[[-79.95636,43.509702],[-79.919032,43.536651]]},"properties":{"PingCount":1,"AvgSpeedKmh":55.0}},{"type":"Feature","geometry":{"type":"LineString","coordinates":[[-79.95636,43.509702],[-79.937696,43.536651]]},"properties":{"PingCount":1,"AvgSpeedKmh":66.0}},{"type":"Feature","geometry":{"type":"LineString","coordinates":[[-79.95636,43.509702],[-79.857997,43.545341]]},"properties":{"PingCount":1,"AvgSpeedKmh":89.4}},{"type":"Feature","geometry":{"type":"LineString","coordinates":[[-80.012352,43.509702],[-80.031016,43.523176]]},"properties":{"PingCount":2,"AvgSpeedKmh":63.1}},{"type":"Feature","geometry":{"type":"LineString","coordinates":[[-80.012352,43.509702],[-80.04968,43.523176]]},"properties":{"PingCount":2,"AvgSpeedKmh":60.2}},{"type":"Feature","geometry":{"type":"LineString","coordinates":[[-80.012352,43.509702],[-80.04968,43.536651]]},"properties":{"PingCount":1,"AvgSpeedKmh":59.1}},{"type":"Feature","geometry":{"type":"LineString","coordinates":[[-79.718156,43.524001],[-79.695065,43.536651]]},"properties":{"PingCount":1,"AvgSpeedKmh":1.0}},{"type":"Feature","geometry":{"type":"LineString","coordinates":[[-79.718156,43.524001],[-79.71508,43.538291]]},"properties":{"PingCount":7,"AvgSpeedKmh":31.8}},{"type":"Feature","geometry":{"type":"LineString","coordinates":[[-79.718156,43.524001],[-79.697363,43.553634]]},"properties":{"PingCount":4,"AvgSpeedKmh":70.5}},{"type":"Feature","geometry":{"type":"LineString","coordinates":[[-79.718156,43.524001],[-79.709176,43.543323]]},"properties":{"PingCount":1,"AvgSpeedKmh":1.2}},{"type":"Feature","geometry":{"type":"LineString","coordinates":[[-79.718156,43.524001],[-79.676401,43.5636]]},"properties":{"PingCount":1,"AvgSpeedKmh":93.2}},{"type":"Feature","geometry":{"type":"LineString","coordinates":[[-79.718156,43.524001],[-79.69089,43.557561]]},"properties":{"PingCount":2,"AvgSpeedKmh":93.7}},{"type":"Feature","geometry":{"type":"LineString","coordinates":[[-79.725967,43.52764],[-79.721666,43.532678]]},"properties":{"PingCount":1,"AvgSpeedKmh":30.0}},{"type":"Feature","geometry":{"type":"LineString","coordinates":[[-79.725967,43.52764],[-79.697363,43.553634]]},"properties":{"PingCount":5,"AvgSpeedKmh":71.5}},{"type":"Feature","geometry":{"type":"LineString","coordinates":[[-79.725967,43.52764],[-79.769721,43.550126]]},"properties":{"PingCount":2,"AvgSpeedKmh":87.6}},{"type":"Feature","geometry":{"type":"LineString","coordinates":[[-79.725967,43.52764],[-79.69089,43.557561]]},"properties":{"PingCount":4,"AvgSpeedKmh":90.7}},{"type":"Feature","geometry":{"type":"LineString","coordinates":[[-79.751057,43.523176],[-79.769721,43.523176]]},"properties":{"PingCount":1,"AvgSpeedKmh":37.4}},{"type":"Feature","geometry":{"type":"LineString","coordinates":[[-79.751057,43.523176],[-79.721666,43.532678]]},"properties":{"PingCount":1,"AvgSpeedKmh":40.8}},{"type":"Feature","geometry":{"type":"LineString","coordinates":[[-79.769721,43.523176],[-79.788385,43.550126]]},"properties":{"PingCount":1,"AvgSpeedKmh":55.4}},{"type":"Feature","geometry":{"type":"LineString","coordinates":[[-79.788385,43.523176],[-79.788385,43.536651]]},"properties":{"PingCount":1,"AvgSpeedKmh":40.8}},{"type":"Feature","geometry":{"type":"LineString","coordinates":[[-79.807049,43.523176],[-79.825713,43.536651]]},"properties":{"PingCount":5,"AvgSpeedKmh":46.9}},{"type":"Feature","geometry":{"type":"LineString","coordinates":[[-79.825713,43.523176],[-79.825713,43.536651]]},"properties":{"PingCount":1,"AvgSpeedKmh":32.3}},{"type":"Feature","geometry":{"type":"LineString","coordinates":[[-79.825713,43.523176],[-79.844377,43.536651]]},"properties":{"PingCount":1,"AvgSpeedKmh":42.5}},{"type":"Feature","geometry":{"type":"LineString","coordinates":[[-79.844377,43.523176],[-79.825713,43.536651]]},"properties":{"PingCount":31,"AvgSpeedKmh":38.3}},{"type":"Feature","geometry":{"type":"LineString","coordinates":[[-79.844377,43.523176],[-79.844377,43.536651]]},"properties":{"PingCount":4,"AvgSpeedKmh":27.3}},{"type":"Feature","geometry":{"type":"LineString","coordinates":[[-79.844377,43.523176],[-79.863719,43.541562]]},"properties":{"PingCount":1,"AvgSpeedKmh":35.6}},{"type":"Feature","geometry":{"type":"LineString","coordinates":[[-79.844377,43.523176],[-79.807049,43.550126]]},"properties":{"PingCount":1,"AvgSpeedKmh":55.0}},{"type":"Feature","geometry":{"type":"LineString","coordinates":[[-79.844377,43.523176],[-79.825713,43.550126]]},"properties":{"PingCount":6,"AvgSpeedKmh":50.3}},{"type":"Feature","geometry":{"type":"LineString","coordinates":[[-79.881705,43.523176],[-79.901276,43.529737]]},"properties":{"PingCount":50,"AvgSpeedKmh":23.7}},{"type":"Feature","geometry":{"type":"LineString","coordinates":[[-79.881705,43.523176],[-79.910109,43.526373]]},"properties":{"PingCount":1,"AvgSpeedKmh":37.3}},{"type":"Feature","geometry":{"type":"LineString","coordinates":[[-79.881705,43.523176],[-79.881705,43.536651]]},"properties":{"PingCount":27,"AvgSpeedKmh":33.0}},{"type":"Feature","geometry":{"type":"LineString","coordinates":[[-79.901276,43.529737],[-79.910109,43.526373]]},"properties":{"PingCount":16,"AvgSpeedKmh":29.7}},{"type":"Feature","geometry":{"type":"LineString","coordinates":[[-79.901276,43.529737],[-79.937696,43.523176]]},"properties":{"PingCount":23,"AvgSpeedKmh":57.3}},{"type":"Feature","geometry":{"type":"LineString","coordinates":[[-79.901276,43.529737],[-79.863719,43.541562]]},"properties":{"PingCount":5,"AvgSpeedKmh":82.0}},{"type":"Feature","geometry":{"type":"LineString","coordinates":[[-79.901276,43.529737],[-79.881705,43.536651]]},"properties":{"PingCount":9,"AvgSpeedKmh":39.1}},{"type":"Feature","geometry":{"type":"LineString","coordinates":[[-79.901276,43.529737],[-79.90017,43.530431]]},"properties":{"PingCount":8,"AvgSpeedKmh":18.6}},{"type":"Feature","geometry":{"type":"LineString","coordinates":[[-79.901276,43.529737],[-79.919032,43.536651]]},"properties":{"PingCount":6,"AvgSpeedKmh":30.3}},{"type":"Feature","geometry":{"type":"LineString","coordinates":[[-79.901276,43.529737],[-79.849742,43.552738]]},"properties":{"PingCount":28,"AvgSpeedKmh":93.8}},{"type":"Feature","geometry":{"type":"LineString","coordinates":[[-79.901276,43.529737],[-79.857997,43.545341]]},"properties":{"PingCount":34,"AvgSpeedKmh":89.8}},{"type":"Feature","geometry":{"type":"LineString","coordinates":[[-79.901276,43.529737],[-79.710572,43.684581]]},"properties":{"PingCount":2,"AvgSpeedKmh":23.8}},{"type":"Feature","geometry":{"type":"LineString","coordinates":[[-79.910109,43.526373],[-79.937696,43.523176]]},"properties":{"PingCount":4,"AvgSpeedKmh":42.4}},{"type":"Feature","geometry":{"type":"LineString","coordinates":[[-79.910109,43.526373],[-79.863719,43.541562]]},"properties":{"PingCount":88,"AvgSpeedKmh":92.3}},{"type":"Feature","geometry":{"type":"LineString","coordinates":[[-79.910109,43.526373],[-79.881705,43.536651]]},"properties":{"PingCount":19,"AvgSpeedKmh":89.2}},{"type":"Feature","geometry":{"type":"LineString","coordinates":[[-79.910109,43.526373],[-79.90017,43.530431]]},"properties":{"PingCount":14,"AvgSpeedKmh":31.6}},{"type":"Feature","geometry":{"type":"LineString","coordinates":[[-79.910109,43.526373],[-79.919032,43.536651]]},"properties":{"PingCount":1,"AvgSpeedKmh":18.0}},{"type":"Feature","geometry":{"type":"LineString","coordinates":[[-79.910109,43.526373],[-79.857997,43.545341]]},"properties":{"PingCount":18,"AvgSpeedKmh":93.2}},{"type":"Feature","geometry":{"type":"LineString","coordinates":[[-79.937696,43.523176],[-79.863719,43.541562]]},"properties":{"PingCount":2,"AvgSpeedKmh":99.5}},{"type":"Feature","geometry":{"type":"LineString","coordinates":[[-79.937696,43.523176],[-79.881705,43.536651]]},"properties":{"PingCount":106,"AvgSpeedKmh":92.8}},{"type":"Feature","geometry":{"type":"LineString","coordinates":[[-79.937696,43.523176],[-79.90017,43.530431]]},"properties":{"PingCount":11,"AvgSpeedKmh":75.7}},{"type":"Feature","geometry":{"type":"LineString","coordinates":[[-79.937696,43.523176],[-79.919032,43.536651]]},"properties":{"PingCount":4,"AvgSpeedKmh":39.6}},{"type":"Feature","geometry":{"type":"LineString","coordinates":[[-80.031016,43.523176],[-80.04968,43.536651]]},"properties":{"PingCount":6,"AvgSpeedKmh":54.5}},{"type":"Feature","geometry":{"type":"LineString","coordinates":[[-80.031016,43.523176],[-80.068344,43.550126]]},"properties":{"PingCount":2,"AvgSpeedKmh":59.8}},{"type":"Feature","geometry":{"type":"LineString","coordinates":[[-80.04968,43.523176],[-80.068344,43.536651]]},"properties":{"PingCount":1,"AvgSpeedKmh":49.0}},{"type":"Feature","geometry":{"type":"LineString","coordinates":[[-80.04968,43.523176],[-80.068344,43.550126]]},"properties":{"PingCount":1,"AvgSpeedKmh":53.6}},{"type":"Feature","geometry":{"type":"LineString","coordinates":[[-79.676401,43.536651],[-79.676401,43.550126]]},"properties":{"PingCount":5,"AvgSpeedKmh":4.4}},{"type":"Feature","geometry":{"type":"LineString","coordinates":[[-79.676401,43.536651],[-79.697363,43.553634]]},"properties":{"PingCount":4,"AvgSpeedKmh":35.2}},{"type":"Feature","geometry":{"type":"LineString","coordinates":[[-79.676401,43.536651],[-79.69089,43.557561]]},"properties":{"PingCount":1,"AvgSpeedKmh":42.9}},{"type":"Feature","geometry":{"type":"LineString","coordinates":[[-79.676401,43.536651],[-79.586901,43.580176]]},"properties":{"PingCount":1,"AvgSpeedKmh":8.7}},{"type":"Feature","geometry":{"type":"LineString","coordinates":[[-79.695065,43.536651],[-79.71508,43.538291]]},"properties":{"PingCount":6,"AvgSpeedKmh":8.2}},{"type":"Feature","geometry":{"type":"LineString","coordinates":[[-79.695065,43.536651],[-79.676401,43.550126]]},"properties":{"PingCount":2,"AvgSpeedKmh":34.8}},{"type":"Feature","geometry":{"type":"LineString","coordinates":[[-79.695065,43.536651],[-79.697363,43.553634]]},"properties":{"PingCount":12,"AvgSpeedKmh":9.0}},{"type":"Feature","geometry":{"type":"LineString","coordinates":[[-79.695065,43.536651],[-79.709176,43.543323]]},"properties":{"PingCount":5,"AvgSpeedKmh":26.4}},{"type":"Feature","geometry":{"type":"LineString","coordinates":[[-79.71508,43.538291],[-79.721666,43.532678]]},"properties":{"PingCount":5,"AvgSpeedKmh":10.2}},{"type":"Feature","geometry":{"type":"LineString","coordinates":[[-79.71508,43.538291],[-79.697363,43.553634]]},"properties":{"PingCount":9,"AvgSpeedKmh":33.3}},{"type":"Feature","geometry":{"type":"LineString","coordinates":[[-79.71508,43.538291],[-79.709176,43.543323]]},"properties":{"PingCount":16,"AvgSpeedKmh":18.5}},{"type":"Feature","geometry":{"type":"LineString","coordinates":[[-79.71508,43.538291],[-79.732393,43.550126]]},"properties":{"PingCount":1,"AvgSpeedKmh":36.6}},{"type":"Feature","geometry":{"type":"LineString","coordinates":[[-79.71508,43.538291],[-79.676401,43.5636]]},"properties":{"PingCount":17,"AvgSpeedKmh":90.6}},{"type":"Feature","geometry":{"type":"LineString","coordinates":[[-79.71508,43.538291],[-79.69089,43.557561]]},"properties":{"PingCount":4,"AvgSpeedKmh":63.8}},{"type":"Feature","geometry":{"type":"LineString","coordinates":[[-79.71508,43.538291],[-79.667168,43.57918]]},"properties":{"PingCount":11,"AvgSpeedKmh":96.0}},{"type":"Feature","geometry":{"type":"LineString","coordinates":[[-79.721666,43.532678],[-79.751057,43.536651]]},"properties":{"PingCount":2,"AvgSpeedKmh":22.1}},{"type":"Feature","geometry":{"type":"LineString","coordinates":[[-79.721666,43.532678],[-79.709176,43.543323]]},"properties":{"PingCount":4,"AvgSpeedKmh":13.0}},{"type":"Feature","geometry":{"type":"LineString","coordinates":[[-79.721666,43.532678],[-79.732393,43.550126]]},"properties":{"PingCount":16,"AvgSpeedKmh":21.1}},{"type":"Feature","geometry":{"type":"LineString","coordinates":[[-79.721666,43.532678],[-79.751057,43.550126]]},"properties":{"PingCount":9,"AvgSpeedKmh":42.8}},{"type":"Feature","geometry":{"type":"LineString","coordinates":[[-79.721666,43.532678],[-79.769721,43.550126]]},"properties":{"PingCount":1,"AvgSpeedKmh":47.2}},{"type":"Feature","geometry":{"type":"LineString","coordinates":[[-79.721666,43.532678],[-79.69089,43.557561]]},"properties":{"PingCount":2,"AvgSpeedKmh":86.3}},{"type":"Feature","geometry":{"type":"LineString","coordinates":[[-79.721666,43.532678],[-79.732393,43.5636]]},"properties":{"PingCount":2,"AvgSpeedKmh":40.8}},{"type":"Feature","geometry":{"type":"LineString","coordinates":[[-79.721666,43.532678],[-79.769721,43.5636]]},"properties":{"PingCount":1,"AvgSpeedKmh":98.9}},{"type":"Feature","geometry":{"type":"LineString","coordinates":[[-79.751057,43.536651],[-79.751057,43.550126]]},"properties":{"PingCount":1,"AvgSpeedKmh":23.3}},{"type":"Feature","geometry":{"type":"LineString","coordinates":[[-79.751057,43.536651],[-79.769721,43.550126]]},"properties":{"PingCount":1,"AvgSpeedKmh":44.4}},{"type":"Feature","geometry":{"type":"LineString","coordinates":[[-79.751057,43.536651],[-79.788385,43.5636]]},"properties":{"PingCount":2,"AvgSpeedKmh":95.9}},{"type":"Feature","geometry":{"type":"LineString","coordinates":[[-79.751057,43.536651],[-79.788385,43.577075]]},"properties":{"PingCount":1,"AvgSpeedKmh":92.8}},{"type":"Feature","geometry":{"type":"LineString","coordinates":[[-79.788385,43.536651],[-79.807049,43.550126]]},"properties":{"PingCount":3,"AvgSpeedKmh":54.4}},{"type":"Feature","geometry":{"type":"LineString","coordinates":[[-79.825713,43.536651],[-79.863719,43.541562]]},"properties":{"PingCount":1,"AvgSpeedKmh":49.5}},{"type":"Feature","geometry":{"type":"LineString","coordinates":[[-79.825713,43.536651],[-79.807049,43.550126]]},"properties":{"PingCount":25,"AvgSpeedKmh":55.8}},{"type":"Feature","geometry":{"type":"LineString","coordinates":[[-79.825713,43.536651],[-79.825713,43.550126]]},"properties":{"PingCount":3,"AvgSpeedKmh":36.9}},{"type":"Feature","geometry":{"type":"LineString","coordinates":[[-79.825713,43.536651],[-79.788385,43.5636]]},"properties":{"PingCount":1,"AvgSpeedKmh":72.9}},{"type":"Feature","geometry":{"type":"LineString","coordinates":[[-79.825713,43.536651],[-79.807049,43.5636]]},"properties":{"PingCount":6,"AvgSpeedKmh":46.1}},{"type":"Feature","geometry":{"type":"LineString","coordinates":[[-79.825713,43.536651],[-79.834102,43.566762]]},"properties":{"PingCount":3,"AvgSpeedKmh":47.4}},{"type":"Feature","geometry":{"type":"LineString","coordinates":[[-79.844377,43.536651],[-79.863719,43.541562]]},"properties":{"PingCount":4,"AvgSpeedKmh":28.1}},{"type":"Feature","geometry":{"type":"LineString","coordinates":[[-79.844377,43.536651],[-79.807049,43.550126]]},"properties":{"PingCount":1,"AvgSpeedKmh":51.5}},{"type":"Feature","geometry":{"type":"LineString","coordinates":[[-79.844377,43.536651],[-79.834256,43.566909]]},"properties":{"PingCount":1,"AvgSpeedKmh":51.1}},{"type":"Feature","geometry":{"type":"LineString","coordinates":[[-79.863719,43.541562],[-79.881705,43.536651]]},"properties":{"PingCount":31,"AvgSpeedKmh":21.9}},{"type":"Feature","geometry":{"type":"LineString","coordinates":[[-79.863719,43.541562],[-79.90017,43.530431]]},"properties":{"PingCount":11,"AvgSpeedKmh":59.6}},{"type":"Feature","geometry":{"type":"LineString","coordinates":[[-79.863719,43.541562],[-79.849742,43.552738]]},"properties":{"PingCount":7,"AvgSpeedKmh":46.9}},{"type":"Feature","geometry":{"type":"LineString","coordinates":[[-79.863719,43.541562],[-79.857997,43.545341]]},"properties":{"PingCount":42,"AvgSpeedKmh":11.2}},{"type":"Feature","geometry":{"type":"LineString","coordinates":[[-79.863719,43.541562],[-79.881705,43.550126]]},"properties":{"PingCount":5,"AvgSpeedKmh":31.9}},{"type":"Feature","geometry":{"type":"LineString","coordinates":[[-79.863719,43.541562],[-79.900368,43.550126]]},"properties":{"PingCount":1,"AvgSpeedKmh":43.3}},{"type":"Feature","geometry":{"type":"LineString","coordinates":[[-79.863719,43.541562],[-79.834102,43.566762]]},"properties":{"PingCount":46,"AvgSpeedKmh":86.1}},{"type":"Feature","geometry":{"type":"LineString","coordinates":[[-79.863719,43.541562],[-79.834256,43.566909]]},"properties":{"PingCount":10,"AvgSpeedKmh":65.0}},{"type":"Feature","geometry":{"type":"LineString","coordinates":[[-79.863719,43.541562],[-79.825489,43.574772]]},"properties":{"PingCount":64,"AvgSpeedKmh":94.3}},{"type":"Feature","geometry":{"type":"LineString","coordinates":[[-79.881705,43.536651],[-79.90017,43.530431]]},"properties":{"PingCount":17,"AvgSpeedKmh":28.0}},{"type":"Feature","geometry":{"type":"LineString","coordinates":[[-79.881705,43.536651],[-79.919032,43.536651]]},"properties":{"PingCount":2,"AvgSpeedKmh":41.8}},{"type":"Feature","geometry":{"type":"LineString","coordinates":[[-79.881705,43.536651],[-79.849742,43.552738]]},"properties":{"PingCount":9,"AvgSpeedKmh":61.2}},{"type":"Feature","geometry":{"type":"LineString","coordinates":[[-79.881705,43.536651],[-79.857997,43.545341]]},"properties":{"PingCount":25,"AvgSpeedKmh":24.3}},{"type":"Feature","geometry":{"type":"LineString","coordinates":[[-79.881705,43.536651],[-79.834102,43.566762]]},"properties":{"PingCount":38,"AvgSpeedKmh":92.7}},{"type":"Feature","geometry":{"type":"LineString","coordinates":[[-79.881705,43.536651],[-79.834256,43.566909]]},"properties":{"PingCount":85,"AvgSpeedKmh":90.7}},{"type":"Feature","geometry":{"type":"LineString","coordinates":[[-79.90017,43.530431],[-79.919032,43.536651]]},"properties":{"PingCount":5,"AvgSpeedKmh":17.3}},{"type":"Feature","geometry":{"type":"LineString","coordinates":[[-79.90017,43.530431],[-79.849742,43.552738]]},"properties":{"PingCount":50,"AvgSpeedKmh":90.8}},{"type":"Feature","geometry":{"type":"LineString","coordinates":[[-79.90017,43.530431],[-79.857997,43.545341]]},"properties":{"PingCount":12,"AvgSpeedKmh":54.3}},{"type":"Feature","geometry":{"type":"LineString","coordinates":[[-79.90017,43.530431],[-79.881705,43.550126]]},"properties":{"PingCount":8,"AvgSpeedKmh":36.4}},{"type":"Feature","geometry":{"type":"LineString","coordinates":[[-79.90017,43.530431],[-79.900368,43.550126]]},"properties":{"PingCount":1,"AvgSpeedKmh":20.2}},{"type":"Feature","geometry":{"type":"LineString","coordinates":[[-79.90017,43.530431],[-79.834256,43.566909]]},"properties":{"PingCount":14,"AvgSpeedKmh":94.7}},{"type":"Feature","geometry":{"type":"LineString","coordinates":[[-79.919032,43.536651],[-79.937696,43.536651]]},"properties":{"PingCount":1,"AvgSpeedKmh":33.9}},{"type":"Feature","geometry":{"type":"LineString","coordinates":[[-79.919032,43.536651],[-79.881705,43.550126]]},"properties":{"PingCount":4,"AvgSpeedKmh":55.5}},{"type":"Feature","geometry":{"type":"LineString","coordinates":[[-79.919032,43.536651],[-79.95636,43.5636]]},"properties":{"PingCount":2,"AvgSpeedKmh":70.5}},{"type":"Feature","geometry":{"type":"LineString","coordinates":[[-80.04968,43.536651],[-80.068344,43.536651]]},"properties":{"PingCount":2,"AvgSpeedKmh":39.6}},{"type":"Feature","geometry":{"type":"LineString","coordinates":[[-79.639073,43.550126],[-79.632929,43.565998]]},"properties":{"PingCount":2,"AvgSpeedKmh":28.7}},{"type":"Feature","geometry":{"type":"LineString","coordinates":[[-79.657737,43.550126],[-79.676401,43.550126]]},"properties":{"PingCount":2,"AvgSpeedKmh":5.8}},{"type":"Feature","geometry":{"type":"LineString","coordinates":[[-79.676401,43.550126],[-79.697363,43.553634]]},"properties":{"PingCount":46,"AvgSpeedKmh":10.5}},{"type":"Feature","geometry":{"type":"LineString","coordinates":[[-79.676401,43.550126],[-79.676401,43.5636]]},"properties":{"PingCount":41,"AvgSpeedKmh":9.8}},{"type":"Feature","geometry":{"type":"LineString","coordinates":[[-79.676401,43.550126],[-79.69089,43.557561]]},"properties":{"PingCount":12,"AvgSpeedKmh":31.9}},{"type":"Feature","geometry":{"type":"LineString","coordinates":[[-79.676401,43.550126],[-79.713729,43.5636]]},"properties":{"PingCount":1,"AvgSpeedKmh":2.3}},{"type":"Feature","geometry":{"type":"LineString","coordinates":[[-79.676401,43.550126],[-79.586901,43.580176]]},"properties":{"PingCount":4,"AvgSpeedKmh":6.1}},{"type":"Feature","geometry":{"type":"LineString","coordinates":[[-79.676401,43.550126],[-79.667168,43.57918]]},"properties":{"PingCount":1,"AvgSpeedKmh":43.9}},{"type":"Feature","geometry":{"type":"LineString","coordinates":[[-79.676401,43.550126],[-79.579338,43.586859]]},"properties":{"PingCount":1,"AvgSpeedKmh":6.6}},{"type":"Feature","geometry":{"type":"LineString","coordinates":[[-79.676401,43.550126],[-79.554367,43.609601]]},"properties":{"PingCount":1,"AvgSpeedKmh":11.3}},{"type":"Feature","geometry":{"type":"LineString","coordinates":[[-79.697363,43.553634],[-79.709176,43.543323]]},"properties":{"PingCount":17,"AvgSpeedKmh":22.3}},{"type":"Feature","geometry":{"type":"LineString","coordinates":[[-79.697363,43.553634],[-79.676401,43.5636]]},"properties":{"PingCount":11,"AvgSpeedKmh":25.0}},{"type":"Feature","geometry":{"type":"LineString","coordinates":[[-79.697363,43.553634],[-79.69089,43.557561]]},"properties":{"PingCount":415,"AvgSpeedKmh":6.3}},{"type":"Feature","geometry":{"type":"LineString","coordinates":[[-79.697363,43.553634],[-79.713729,43.5636]]},"properties":{"PingCount":10,"AvgSpeedKmh":18.6}},{"type":"Feature","geometry":{"type":"LineString","coordinates":[[-79.697363,43.553634],[-79.586901,43.580176]]},"properties":{"PingCount":1,"AvgSpeedKmh":9.9}},{"type":"Feature","geometry":{"type":"LineString","coordinates":[[-79.697363,43.553634],[-79.667168,43.57918]]},"properties":{"PingCount":13,"AvgSpeedKmh":89.5}},{"type":"Feature","geometry":{"type":"LineString","coordinates":[[-79.697363,43.553634],[-79.667168,43.57918]]},"properties":{"PingCount":12,"AvgSpeedKmh":61.6}},{"type":"Feature","geometry":{"type":"LineString","coordinates":[[-79.697363,43.553634],[-79.659584,43.586296]]},"properties":{"PingCount":16,"AvgSpeedKmh":88.4}},{"type":"Feature","geometry":{"type":"LineString","coordinates":[[-79.697363,43.553634],[-79.553382,43.619277]]},"properties":{"PingCount":1,"AvgSpeedKmh":12.7}},{"type":"Feature","geometry":{"type":"LineString","coordinates":[[-79.697363,43.553634],[-79.629865,43.651686]]},"properties":{"PingCount":8,"AvgSpeedKmh":12.7}},{"type":"Feature","geometry":{"type":"LineString","coordinates":[[-79.709176,43.543323],[-79.732393,43.550126]]},"properties":{"PingCount":29,"AvgSpeedKmh":12.8}},{"type":"Feature","geometry":{"type":"LineString","coordinates":[[-79.709176,43.543323],[-79.676401,43.5636]]},"properties":{"PingCount":4,"AvgSpeedKmh":62.9}},{"type":"Feature","geometry":{"type":"LineString","coordinates":[[-79.709176,43.543323],[-79.69089,43.557561]]},"properties":{"PingCount":13,"AvgSpeedKmh":26.6}},{"type":"Feature","geometry":{"type":"LineString","coordinates":[[-79.709176,43.543323],[-79.713729,43.5636]]},"properties":{"PingCount":19,"AvgSpeedKmh":19.9}},{"type":"Feature","geometry":{"type":"LineString","coordinates":[[-79.709176,43.543323],[-79.732393,43.5636]]},"properties":{"PingCount":16,"AvgSpeedKmh":26.8}},{"type":"Feature","geometry":{"type":"LineString","coordinates":[[-79.709176,43.543323],[-79.667168,43.57918]]},"properties":{"PingCount":2,"AvgSpeedKmh":96.5}},{"type":"Feature","geometry":{"type":"LineString","coordinates":[[-79.709176,43.543323],[-79.667168,43.57918]]},"properties":{"PingCount":16,"AvgSpeedKmh":92.9}},{"type":"Feature","geometry":{"type":"LineString","coordinates":[[-79.709176,43.543323],[-79.695065,43.577075]]},"properties":{"PingCount":1,"AvgSpeedKmh":44.0}},{"type":"Feature","geometry":{"type":"LineString","coordinates":[[-79.732393,43.550126],[-79.751057,43.550126]]},"properties":{"PingCount":2,"AvgSpeedKmh":11.5}},{"type":"Feature","geometry":{"type":"LineString","coordinates":[[-79.732393,43.550126],[-79.713729,43.5636]]},"properties":{"PingCount":9,"AvgSpeedKmh":19.3}},{"type":"Feature","geometry":{"type":"LineString","coordinates":[[-79.732393,43.550126],[-79.732393,43.5636]]},"properties":{"PingCount":102,"AvgSpeedKmh":4.8}},{"type":"Feature","geometry":{"type":"LineString","coordinates":[[-79.732393,43.550126],[-79.751057,43.5636]]},"properties":{"PingCount":15,"AvgSpeedKmh":25.9}},{"type":"Feature","geometry":{"type":"LineString","coordinates":[[-79.732393,43.550126],[-79.732393,43.577075]]},"properties":{"PingCount":1,"AvgSpeedKmh":43.5}},{"type":"Feature","geometry":{"type":"LineString","coordinates":[[-79.732393,43.550126],[-79.751057,43.577075]]},"properties":{"PingCount":1,"AvgSpeedKmh":50.8}},{"type":"Feature","geometry":{"type":"LineString","coordinates":[[-79.751057,43.550126],[-79.751057,43.5636]]},"properties":{"PingCount":3,"AvgSpeedKmh":17.1}},{"type":"Feature","geometry":{"type":"LineString","coordinates":[[-79.751057,43.550126],[-79.769721,43.5636]]},"properties":{"PingCount":7,"AvgSpeedKmh":39.2}},{"type":"Feature","geometry":{"type":"LineString","coordinates":[[-79.751057,43.550126],[-79.788385,43.5636]]},"properties":{"PingCount":1,"AvgSpeedKmh":58.5}},{"type":"Feature","geometry":{"type":"LineString","coordinates":[[-79.751057,43.550126],[-79.788385,43.577075]]},"properties":{"PingCount":1,"AvgSpeedKmh":49.7}},{"type":"Feature","geometry":{"type":"LineString","coordinates":[[-79.769721,43.550126],[-79.769721,43.5636]]},"properties":{"PingCount":1,"AvgSpeedKmh":34.8}},{"type":"Feature","geometry":{"type":"LineString","coordinates":[[-79.769721,43.550126],[-79.788385,43.577075]]},"properties":{"PingCount":1,"AvgSpeedKmh":53.0}},{"type":"Feature","geometry":{"type":"LineString","coordinates":[[-79.769721,43.550126],[-79.815805,43.583184]]},"properties":{"PingCount":1,"AvgSpeedKmh":93.1}},{"type":"Feature","geometry":{"type":"LineString","coordinates":[[-79.769721,43.550126],[-79.80618,43.592268]]},"properties":{"PingCount":1,"AvgSpeedKmh":100.0}},{"type":"Feature","geometry":{"type":"LineString","coordinates":[[-79.788385,43.550126],[-79.834102,43.566762]]},"properties":{"PingCount":1,"AvgSpeedKmh":70.0}},{"type":"Feature","geometry":{"type":"LineString","coordinates":[[-79.807049,43.550126],[-79.807049,43.5636]]},"properties":{"PingCount":3,"AvgSpeedKmh":33.0}},{"type":"Feature","geometry":{"type":"LineString","coordinates":[[-79.807049,43.550126],[-79.834102,43.566762]]},"properties":{"PingCount":30,"AvgSpeedKmh":40.8}},{"type":"Feature","geometry":{"type":"LineString","coordinates":[[-79.807049,43.550126],[-79.834256,43.566909]]},"properties":{"PingCount":1,"AvgSpeedKmh":46.8}},{"type":"Feature","geometry":{"type":"LineString","coordinates":[[-79.807049,43.550126],[-79.788385,43.577075]]},"properties":{"PingCount":6,"AvgSpeedKmh":50.4}},{"type":"Feature","geometry":{"type":"LineString","coordinates":[[-79.825713,43.550126],[-79.788385,43.5636]]},"properties":{"PingCount":1,"AvgSpeedKmh":58.4}},{"type":"Feature","geometry":{"type":"LineString","coordinates":[[-79.825713,43.550126],[-79.807049,43.5636]]},"properties":{"PingCount":1,"AvgSpeedKmh":37.7}},{"type":"Feature","geometry":{"type":"LineString","coordinates":[[-79.825713,43.550126],[-79.834102,43.566762]]},"properties":{"PingCount":7,"AvgSpeedKmh":44.8}},{"type":"Feature","geometry":{"type":"LineString","coordinates":[[-79.849742,43.552738],[-79.857997,43.545341]]},"properties":{"PingCount":9,"AvgSpeedKmh":35.2}},{"type":"Feature","geometry":{"type":"LineString","coordinates":[[-79.849742,43.552738],[-79.881705,43.550126]]},"properties":{"PingCount":2,"AvgSpeedKmh":45.8}},{"type":"Feature","geometry":{"type":"LineString","coordinates":[[-79.849742,43.552738],[-79.834102,43.566762]]},"properties":{"PingCount":4,"AvgSpeedKmh":51.9}},{"type":"Feature","geometry":{"type":"LineString","coordinates":[[-79.849742,43.552738],[-79.834256,43.566909]]},"properties":{"PingCount":6,"AvgSpeedKmh":8.0}},{"type":"Feature","geometry":{"type":"LineString","coordinates":[[-79.849742,43.552738],[-79.815805,43.583184]]},"properties":{"PingCount":13,"AvgSpeedKmh":93.6}},{"type":"Feature","geometry":{"type":"LineString","coordinates":[[-79.849742,43.552738],[-79.825489,43.574772]]},"properties":{"PingCount":19,"AvgSpeedKmh":73.7}},{"type":"Feature","geometry":{"type":"LineString","coordinates":[[-79.849742,43.552738],[-79.80618,43.592268]]},"properties":{"PingCount":69,"AvgSpeedKmh":95.1}},{"type":"Feature","geometry":{"type":"LineString","coordinates":[[-79.849742,43.552738],[-79.710572,43.684581]]},"properties":{"PingCount":1,"AvgSpeedKmh":29.2}},{"type":"Feature","geometry":{"type":"LineString","coordinates":[[-79.857997,43.545341],[-79.881705,43.550126]]},"properties":{"PingCount":5,"AvgSpeedKmh":27.6}},{"type":"Feature","geometry":{"type":"LineString","coordinates":[[-79.857997,43.545341],[-79.834102,43.566762]]},"properties":{"PingCount":14,"AvgSpeedKmh":72.9}},{"type":"Feature","geometry":{"type":"LineString","coordinates":[[-79.857997,43.545341],[-79.834256,43.566909]]},"properties":{"PingCount":18,"AvgSpeedKmh":57.6}},{"type":"Feature","geometry":{"type":"LineString","coordinates":[[-79.857997,43.545341],[-79.825489,43.574772]]},"properties":{"PingCount":71,"AvgSpeedKmh":91.9}},{"type":"Feature","geometry":{"type":"LineString","coordinates":[[-79.857997,43.545341],[-79.844377,43.577075]]},"properties":{"PingCount":1,"AvgSpeedKmh":76.4}},{"type":"Feature","geometry":{"type":"LineString","coordinates":[[-79.620409,43.5636],[-79.619408,43.577529]]},"properties":{"PingCount":1,"AvgSpeedKmh":6.7}},{"type":"Feature","geometry":{"type":"LineString","coordinates":[[-79.620409,43.5636],[-79.667168,43.57918]]},"properties":{"PingCount":1,"AvgSpeedKmh":40.3}},{"type":"Feature","geometry":{"type":"LineString","coordinates":[[-79.632929,43.565998],[-79.608193,43.574447]]},"properties":{"PingCount":1,"AvgSpeedKmh":30.3}},{"type":"Feature","geometry":{"type":"LineString","coordinates":[[-79.632929,43.565998],[-79.619408,43.577529]]},"properties":{"PingCount":9,"AvgSpeedKmh":17.9}},{"type":"Feature","geometry":{"type":"LineString","coordinates":[[-79.632929,43.565998],[-79.639073,43.577075]]},"properties":{"PingCount":4,"AvgSpeedKmh":24.9}},{"type":"Feature","geometry":{"type":"LineString","coordinates":[[-79.632929,43.565998],[-79.667168,43.57918]]},"properties":{"PingCount":6,"AvgSpeedKmh":37.7}},{"type":"Feature","geometry":{"type":"LineString","coordinates":[[-79.657737,43.5636],[-79.676401,43.5636]]},"properties":{"PingCount":1,"AvgSpeedKmh":24.8}},{"type":"Feature","geometry":{"type":"LineString","coordinates":[[-79.657737,43.5636],[-79.667168,43.57918]]},"properties":{"PingCount":1,"AvgSpeedKmh":38.3}},{"type":"Feature","geometry":{"type":"LineString","coordinates":[[-79.676401,43.5636],[-79.69089,43.557561]]},"properties":{"PingCount":19,"AvgSpeedKmh":24.9}},{"type":"Feature","geometry":{"type":"LineString","coordinates":[[-79.676401,43.5636],[-79.713729,43.5636]]},"properties":{"PingCount":2,"AvgSpeedKmh":48.9}},{"type":"Feature","geometry":{"type":"LineString","coordinates":[[-79.676401,43.5636],[-79.667168,43.57918]]},"properties":{"PingCount":1,"AvgSpeedKmh":24.6}},{"type":"Feature","geometry":{"type":"LineString","coordinates":[[-79.676401,43.5636],[-79.667168,43.57918]]},"properties":{"PingCount":2,"AvgSpeedKmh":48.6}},{"type":"Feature","geometry":{"type":"LineString","coordinates":[[-79.676401,43.5636],[-79.648595,43.597019]]},"properties":{"PingCount":1,"AvgSpeedKmh":87.0}},{"type":"Feature","geometry":{"type":"LineString","coordinates":[[-79.676401,43.5636],[-79.659584,43.586296]]},"properties":{"PingCount":16,"AvgSpeedKmh":79.8}},{"type":"Feature","geometry":{"type":"LineString","coordinates":[[-79.676401,43.5636],[-79.676401,43.59055]]},"properties":{"PingCount":1,"AvgSpeedKmh":51.6}},{"type":"Feature","geometry":{"type":"LineString","coordinates":[[-79.676401,43.5636],[-79.635393,43.609024]]},"properties":{"PingCount":17,"AvgSpeedKmh":94.9}},{"type":"Feature","geometry":{"type":"LineString","coordinates":[[-79.69089,43.557561],[-79.713729,43.5636]]},"properties":{"PingCount":28,"AvgSpeedKmh":15.3}},{"type":"Feature","geometry":{"type":"LineString","coordinates":[[-79.69089,43.557561],[-79.667168,43.57918]]},"properties":{"PingCount":1,"AvgSpeedKmh":54.1}},{"type":"Feature","geometry":{"type":"LineString","coordinates":[[-79.69089,43.557561],[-79.667168,43.57918]]},"properties":{"PingCount":85,"AvgSpeedKmh":35.0}},{"type":"Feature","geometry":{"type":"LineString","coordinates":[[-79.69089,43.557561],[-79.695065,43.577075]]},"properties":{"PingCount":86,"AvgSpeedKmh":28.4}},{"type":"Feature","geometry":{"type":"LineString","coordinates":[[-79.69089,43.557561],[-79.713729,43.577075]]},"properties":{"PingCount":3,"AvgSpeedKmh":31.3}},{"type":"Feature","geometry":{"type":"LineString","coordinates":[[-79.69089,43.557561],[-79.659584,43.586296]]},"properties":{"PingCount":13,"AvgSpeedKmh":87.1}},{"type":"Feature","geometry":{"type":"LineString","coordinates":[[-79.69089,43.557561],[-79.676401,43.59055]]},"properties":{"PingCount":18,"AvgSpeedKmh":44.6}},{"type":"Feature","geometry":{"type":"LineString","coordinates":[[-79.69089,43.557561],[-79.635393,43.609024]]},"properties":{"PingCount":1,"AvgSpeedKmh":98.4}},{"type":"Feature","geometry":{"type":"LineString","coordinates":[[-79.69089,43.557561],[-79.652922,43.60666]]},"properties":{"PingCount":3,"AvgSpeedKmh":5.6}},{"type":"Feature","geometry":{"type":"LineString","coordinates":[[-79.69089,43.557561],[-79.636143,43.622157]]},"properties":{"PingCount":2,"AvgSpeedKmh":10.3}},{"type":"Feature","geometry":{"type":"LineString","coordinates":[[-79.69089,43.557561],[-79.620409,43.630974]]},"properties":{"PingCount":1,"AvgSpeedKmh":8.6}},{"type":"Feature","geometry":{"type":"LineString","coordinates":[[-79.69089,43.557561],[-79.642173,43.626553]]},"properties":{"PingCount":1,"AvgSpeedKmh":9.2}},{"type":"Feature","geometry":{"type":"LineString","coordinates":[[-79.69089,43.557561],[-79.666397,43.636809]]},"properties":{"PingCount":1,"AvgSpeedKmh":16.7}},{"type":"Feature","geometry":{"type":"LineString","coordinates":[[-79.69089,43.557561],[-79.667504,43.636548]]},"properties":{"PingCount":1,"AvgSpeedKmh":8.3}},{"type":"Feature","geometry":{"type":"LineString","coordinates":[[-79.69089,43.557561],[-79.636078,43.648382]]},"properties":{"PingCount":1,"AvgSpeedKmh":10.6}},{"type":"Feature","geometry":{"type":"LineString","coordinates":[[-79.69089,43.557561],[-79.668178,43.645259]]},"properties":{"PingCount":3,"AvgSpeedKmh":9.6}},{"type":"Feature","geometry":{"type":"LineString","coordinates":[[-79.69089,43.557561],[-79.629865,43.651686]]},"properties":{"PingCount":1,"AvgSpeedKmh":15.6}},{"type":"Feature","geometry":{"type":"LineString","coordinates":[[-79.69089,43.557561],[-79.683849,43.656434]]},"properties":{"PingCount":1,"AvgSpeedKmh":10.4}},{"type":"Feature","geometry":{"type":"LineString","coordinates":[[-79.69089,43.557561],[-79.690656,43.661537]]},"properties":{"PingCount":4,"AvgSpeedKmh":11.0}},{"type":"Feature","geometry":{"type":"LineString","coordinates":[[-79.69089,43.557561],[-79.57409,43.673653]]},"properties":{"PingCount":1,"AvgSpeedKmh":16.7}},{"type":"Feature","geometry":{"type":"LineString","coordinates":[[-79.69089,43.557561],[-79.676401,43.671398]]},"properties":{"PingCount":2,"AvgSpeedKmh":12.1}},{"type":"Feature","geometry":{"type":"LineString","coordinates":[[-79.69089,43.557561],[-79.710572,43.684581]]},"properties":{"PingCount":1,"AvgSpeedKmh":12.9}},{"type":"Feature","geometry":{"type":"LineString","coordinates":[[-79.69089,43.557561],[-79.657737,43.698347]]},"properties":{"PingCount":5,"AvgSpeedKmh":15.2}},{"type":"Feature","geometry":{"type":"LineString","coordinates":[[-79.69089,43.557561],[-79.676401,43.711822]]},"properties":{"PingCount":9,"AvgSpeedKmh":16.5}},{"type":"Feature","geometry":{"type":"LineString","coordinates":[[-79.69089,43.557561],[-79.52709,43.738771]]},"properties":{"PingCount":1,"AvgSpeedKmh":23.9}},{"type":"Feature","geometry":{"type":"LineString","coordinates":[[-79.713729,43.5636],[-79.732393,43.5636]]},"properties":{"PingCount":11,"AvgSpeedKmh":17.5}},{"type":"Feature","geometry":{"type":"LineString","coordinates":[[-79.713729,43.5636],[-79.695065,43.577075]]},"properties":{"PingCount":7,"AvgSpeedKmh":38.4}},{"type":"Feature","geometry":{"type":"LineString","coordinates":[[-79.713729,43.5636],[-79.713729,43.577075]]},"properties":{"PingCount":8,"AvgSpeedKmh":33.1}},{"type":"Feature","geometry":{"type":"LineString","coordinates":[[-79.713729,43.5636],[-79.732393,43.577075]]},"properties":{"PingCount":7,"AvgSpeedKmh":30.5}},{"type":"Feature","geometry":{"type":"LineString","coordinates":[[-79.713729,43.5636],[-79.732393,43.59055]]},"properties":{"PingCount":1,"AvgSpeedKmh":50.8}},{"type":"Feature","geometry":{"type":"LineString","coordinates":[[-79.713729,43.5636],[-79.751057,43.59055]]},"properties":{"PingCount":1,"AvgSpeedKmh":50.6}},{"type":"Feature","geometry":{"type":"LineString","coordinates":[[-79.732393,43.5636],[-79.751057,43.5636]]},"properties":{"PingCount":28,"AvgSpeedKmh":18.0}},{"type":"Feature","geometry":{"type":"LineString","coordinates":[[-79.732393,43.5636],[-79.732393,43.577075]]},"properties":{"PingCount":14,"AvgSpeedKmh":21.1}},{"type":"Feature","geometry":{"type":"LineString","coordinates":[[-79.732393,43.5636],[-79.751057,43.577075]]},"properties":{"PingCount":6,"AvgSpeedKmh":38.3}},{"type":"Feature","geometry":{"type":"LineString","coordinates":[[-79.732393,43.5636],[-79.751057,43.59055]]},"properties":{"PingCount":1,"AvgSpeedKmh":46.8}},{"type":"Feature","geometry":{"type":"LineString","coordinates":[[-79.751057,43.5636],[-79.769721,43.5636]]},"properties":{"PingCount":4,"AvgSpeedKmh":6.5}},{"type":"Feature","geometry":{"type":"LineString","coordinates":[[-79.751057,43.5636],[-79.732393,43.577075]]},"properties":{"PingCount":5,"AvgSpeedKmh":30.2}},{"type":"Feature","geometry":{"type":"LineString","coordinates":[[-79.751057,43.5636],[-79.751057,43.577075]]},"properties":{"PingCount":11,"AvgSpeedKmh":22.0}},{"type":"Feature","geometry":{"type":"LineString","coordinates":[[-79.751057,43.5636],[-79.769721,43.577075]]},"properties":{"PingCount":6,"AvgSpeedKmh":39.0}},{"type":"Feature","geometry":{"type":"LineString","coordinates":[[-79.751057,43.5636],[-79.769721,43.59055]]},"properties":{"PingCount":2,"AvgSpeedKmh":48.0}},{"type":"Feature","geometry":{"type":"LineString","coordinates":[[-79.769721,43.5636],[-79.788385,43.5636]]},"properties":{"PingCount":3,"AvgSpeedKmh":37.6}},{"type":"Feature","geometry":{"type":"LineString","coordinates":[[-79.769721,43.5636],[-79.807049,43.5636]]},"properties":{"PingCount":2,"AvgSpeedKmh":41.8}},{"type":"Feature","geometry":{"type":"LineString","coordinates":[[-79.769721,43.5636],[-79.769721,43.577075]]},"properties":{"PingCount":3,"AvgSpeedKmh":8.9}},{"type":"Feature","geometry":{"type":"LineString","coordinates":[[-79.769721,43.5636],[-79.788385,43.577075]]},"properties":{"PingCount":4,"AvgSpeedKmh":41.8}},{"type":"Feature","geometry":{"type":"LineString","coordinates":[[-79.769721,43.5636],[-79.80618,43.592268]]},"properties":{"PingCount":1,"AvgSpeedKmh":89.5}},{"type":"Feature","geometry":{"type":"LineString","coordinates":[[-79.788385,43.5636],[-79.807049,43.5636]]},"properties":{"PingCount":1,"AvgSpeedKmh":47.4}},{"type":"Feature","geometry":{"type":"LineString","coordinates":[[-79.788385,43.5636],[-79.834102,43.566762]]},"properties":{"PingCount":2,"AvgSpeedKmh":42.1}},{"type":"Feature","geometry":{"type":"LineString","coordinates":[[-79.788385,43.5636],[-79.769721,43.577075]]},"properties":{"PingCount":2,"AvgSpeedKmh":46.3}},{"type":"Feature","geometry":{"type":"LineString","coordinates":[[-79.788385,43.5636],[-79.788385,43.577075]]},"properties":{"PingCount":1,"AvgSpeedKmh":24.5}},{"type":"Feature","geometry":{"type":"LineString","coordinates":[[-79.788385,43.5636],[-79.78672,43.600335]]},"properties":{"PingCount":2,"AvgSpeedKmh":73.1}},{"type":"Feature","geometry":{"type":"LineString","coordinates":[[-79.807049,43.5636],[-79.834102,43.566762]]},"properties":{"PingCount":11,"AvgSpeedKmh":38.4}},{"type":"Feature","geometry":{"type":"LineString","coordinates":[[-79.807049,43.5636],[-79.834256,43.566909]]},"properties":{"PingCount":1,"AvgSpeedKmh":41.4}},{"type":"Feature","geometry":{"type":"LineString","coordinates":[[-79.807049,43.5636],[-79.788385,43.577075]]},"properties":{"PingCount":5,"AvgSpeedKmh":41.3}},{"type":"Feature","geometry":{"type":"LineString","coordinates":[[-79.834102,43.566762],[-79.834256,43.566909]]},"properties":{"PingCount":3,"AvgSpeedKmh":66.0}},{"type":"Feature","geometry":{"type":"LineString","coordinates":[[-79.834102,43.566762],[-79.825489,43.574772]]},"properties":{"PingCount":38,"AvgSpeedKmh":17.4}},{"type":"Feature","geometry":{"type":"LineString","coordinates":[[-79.834102,43.566762],[-79.844377,43.577075]]},"properties":{"PingCount":20,"AvgSpeedKmh":21.6}},{"type":"Feature","geometry":{"type":"LineString","coordinates":[[-79.834102,43.566762],[-79.80618,43.592268]]},"properties":{"PingCount":6,"AvgSpeedKmh":83.1}},{"type":"Feature","geometry":{"type":"LineString","coordinates":[[-79.834102,43.566762],[-79.78672,43.600335]]},"properties":{"PingCount":67,"AvgSpeedKmh":93.8}},{"type":"Feature","geometry":{"type":"LineString","coordinates":[[-79.834102,43.566762],[-79.80098,43.59638]]},"properties":{"PingCount":4,"AvgSpeedKmh":89.5}},{"type":"Feature","geometry":{"type":"LineString","coordinates":[[-79.834256,43.566909],[-79.825489,43.574772]]},"properties":{"PingCount":21,"AvgSpeedKmh":32.9}},{"type":"Feature","geometry":{"type":"LineString","coordinates":[[-79.834256,43.566909],[-79.844377,43.577075]]},"properties":{"PingCount":2,"AvgSpeedKmh":26.6}},{"type":"Feature","geometry":{"type":"LineString","coordinates":[[-79.834256,43.566909],[-79.80618,43.592268]]},"properties":{"PingCount":85,"AvgSpeedKmh":93.3}},{"type":"Feature","geometry":{"type":"LineString","coordinates":[[-79.834256,43.566909],[-79.78672,43.600335]]},"properties":{"PingCount":10,"AvgSpeedKmh":97.3}},{"type":"Feature","geometry":{"type":"LineString","coordinates":[[-79.834256,43.566909],[-79.80098,43.59638]]},"properties":{"PingCount":9,"AvgSpeedKmh":96.9}},{"type":"Feature","geometry":{"type":"LineString","coordinates":[[-79.95636,43.5636],[-79.975024,43.59055]]},"properties":{"PingCount":2,"AvgSpeedKmh":72.0}},{"type":"Feature","geometry":{"type":"LineString","coordinates":[[-79.586901,43.580176],[-79.545753,43.59055]]},"properties":{"PingCount":1,"AvgSpeedKmh":17.4}},{"type":"Feature","geometry":{"type":"LineString","coordinates":[[-79.586901,43.580176],[-79.564417,43.59055]]},"properties":{"PingCount":9,"AvgSpeedKmh":36.2}},{"type":"Feature","geometry":{"type":"LineString","coordinates":[[-79.586901,43.580176],[-79.579338,43.586859]]},"properties":{"PingCount":11,"AvgSpeedKmh":30.4}},{"type":"Feature","geometry":{"type":"LineString","coordinates":[[-79.586901,43.580176],[-79.554367,43.609601]]},"properties":{"PingCount":1,"AvgSpeedKmh":95.5}},{"type":"Feature","geometry":{"type":"LineString","coordinates":[[-79.586901,43.580176],[-79.561742,43.602981]]},"properties":{"PingCount":16,"AvgSpeedKmh":57.0}},{"type":"Feature","geometry":{"type":"LineString","coordinates":[[-79.586901,43.580176],[-79.554609,43.624098]]},"properties":{"PingCount":5,"AvgSpeedKmh":90.2}},{"type":"Feature","geometry":{"type":"LineString","coordinates":[[-79.608193,43.574447],[-79.619408,43.577529]]},"properties":{"PingCount":2,"AvgSpeedKmh":15.3}},{"type":"Feature","geometry":{"type":"LineString","coordinates":[[-79.608193,43.574447],[-79.564417,43.59055]]},"properties":{"PingCount":1,"AvgSpeedKmh":7.3}},{"type":"Feature","geometry":{"type":"LineString","coordinates":[[-79.608193,43.574447],[-79.579338,43.586859]]},"properties":{"PingCount":1,"AvgSpeedKmh":25.0}},{"type":"Feature","geometry":{"type":"LineString","coordinates":[[-79.608193,43.574447],[-79.620409,43.59055]]},"properties":{"PingCount":1,"AvgSpeedKmh":32.9}},{"type":"Feature","geometry":{"type":"LineString","coordinates":[[-79.608193,43.574447],[-79.561742,43.602981]]},"properties":{"PingCount":1,"AvgSpeedKmh":7.7}},{"type":"Feature","geometry":{"type":"LineString","coordinates":[[-79.619408,43.577529],[-79.639073,43.577075]]},"properties":{"PingCount":2,"AvgSpeedKmh":11.9}},{"type":"Feature","geometry":{"type":"LineString","coordinates":[[-79.619408,43.577529],[-79.60002,43.594554]]},"properties":{"PingCount":2,"AvgSpeedKmh":33.0}},{"type":"Feature","geometry":{"type":"LineString","coordinates":[[-79.619408,43.577529],[-79.620409,43.59055]]},"properties":{"PingCount":2,"AvgSpeedKmh":18.1}},{"type":"Feature","geometry":{"type":"LineString","coordinates":[[-79.639073,43.577075],[-79.667168,43.57918]]},"properties":{"PingCount":2,"AvgSpeedKmh":18.5}},{"type":"Feature","geometry":{"type":"LineString","coordinates":[[-79.639073,43.577075],[-79.648595,43.597019]]},"properties":{"PingCount":1,"AvgSpeedKmh":22.7}},{"type":"Feature","geometry":{"type":"LineString","coordinates":[[-79.639073,43.577075],[-79.659584,43.586296]]},"properties":{"PingCount":1,"AvgSpeedKmh":29.3}},{"type":"Feature","geometry":{"type":"LineString","coordinates":[[-79.667168,43.57918],[-79.667168,43.57918]]},"properties":{"PingCount":1,"AvgSpeedKmh":78.9}},{"type":"Feature","geometry":{"type":"LineString","coordinates":[[-79.667168,43.57918],[-79.648595,43.597019]]},"properties":{"PingCount":1,"AvgSpeedKmh":33.0}},{"type":"Feature","geometry":{"type":"LineString","coordinates":[[-79.667168,43.57918],[-79.659584,43.586296]]},"properties":{"PingCount":12,"AvgSpeedKmh":28.3}},{"type":"Feature","geometry":{"type":"LineString","coordinates":[[-79.667168,43.57918],[-79.676401,43.59055]]},"properties":{"PingCount":3,"AvgSpeedKmh":33.9}},{"type":"Feature","geometry":{"type":"LineString","coordinates":[[-79.667168,43.57918],[-79.635393,43.609024]]},"properties":{"PingCount":11,"AvgSpeedKmh":66.1}},{"type":"Feature","geometry":{"type":"LineString","coordinates":[[-79.667168,43.57918],[-79.636143,43.622157]]},"properties":{"PingCount":10,"AvgSpeedKmh":93.4}},{"type":"Feature","geometry":{"type":"LineString","coordinates":[[-79.667168,43.57918],[-79.695065,43.577075]]},"properties":{"PingCount":30,"AvgSpeedKmh":20.9}},{"type":"Feature","geometry":{"type":"LineString","coordinates":[[-79.667168,43.57918],[-79.659584,43.586296]]},"properties":{"PingCount":18,"AvgSpeedKmh":42.2}},{"type":"Feature","geometry":{"type":"LineString","coordinates":[[-79.667168,43.57918],[-79.676401,43.59055]]},"properties":{"PingCount":96,"AvgSpeedKmh":31.5}},{"type":"Feature","geometry":{"type":"LineString","coordinates":[[-79.667168,43.57918],[-79.695065,43.59055]]},"properties":{"PingCount":9,"AvgSpeedKmh":30.3}},{"type":"Feature","geometry":{"type":"LineString","coordinates":[[-79.667168,43.57918],[-79.635393,43.609024]]},"properties":{"PingCount":23,"AvgSpeedKmh":88.8}},{"type":"Feature","geometry":{"type":"LineString","coordinates":[[-79.667168,43.57918],[-79.636143,43.622157]]},"properties":{"PingCount":9,"AvgSpeedKmh":97.0}},{"type":"Feature","geometry":{"type":"LineString","coordinates":[[-79.667168,43.57918],[-79.636078,43.648382]]},"properties":{"PingCount":1,"AvgSpeedKmh":28.3}},{"type":"Feature","geometry":{"type":"LineString","coordinates":[[-79.667168,43.57918],[-79.676401,43.711822]]},"properties":{"PingCount":1,"AvgSpeedKmh":14.9}},{"type":"Feature","geometry":{"type":"LineString","coordinates":[[-79.695065,43.577075],[-79.713729,43.577075]]},"properties":{"PingCount":3,"AvgSpeedKmh":32.7}},{"type":"Feature","geometry":{"type":"LineString","coordinates":[[-79.695065,43.577075],[-79.659584,43.586296]]},"properties":{"PingCount":1,"AvgSpeedKmh":53.4}},{"type":"Feature","geometry":{"type":"LineString","coordinates":[[-79.695065,43.577075],[-79.676401,43.59055]]},"properties":{"PingCount":50,"AvgSpeedKmh":41.6}},{"type":"Feature","geometry":{"type":"LineString","coordinates":[[-79.695065,43.577075],[-79.695065,43.59055]]},"properties":{"PingCount":9,"AvgSpeedKmh":31.3}},{"type":"Feature","geometry":{"type":"LineString","coordinates":[[-79.695065,43.577075],[-79.713729,43.59055]]},"properties":{"PingCount":2,"AvgSpeedKmh":41.1}},{"type":"Feature","geometry":{"type":"LineString","coordinates":[[-79.695065,43.577075],[-79.652922,43.60666]]},"properties":{"PingCount":1,"AvgSpeedKmh":60.4}},{"type":"Feature","geometry":{"type":"LineString","coordinates":[[-79.713729,43.577075],[-79.732393,43.577075]]},"properties":{"PingCount":7,"AvgSpeedKmh":30.4}},{"type":"Feature","geometry":{"type":"LineString","coordinates":[[-79.713729,43.577075],[-79.732393,43.59055]]},"properties":{"PingCount":1,"AvgSpeedKmh":42.8}},{"type":"Feature","geometry":{"type":"LineString","coordinates":[[-79.732393,43.577075],[-79.751057,43.577075]]},"properties":{"PingCount":4,"AvgSpeedKmh":27.6}},{"type":"Feature","geometry":{"type":"LineString","coordinates":[[-79.732393,43.577075],[-79.713729,43.59055]]},"properties":{"PingCount":4,"AvgSpeedKmh":26.0}},{"type":"Feature","geometry":{"type":"LineString","coordinates":[[-79.732393,43.577075],[-79.732393,43.59055]]},"properties":{"PingCount":38,"AvgSpeedKmh":20.3}},{"type":"Feature","geometry":{"type":"LineString","coordinates":[[-79.732393,43.577075],[-79.751057,43.59055]]},"properties":{"PingCount":4,"AvgSpeedKmh":24.5}},{"type":"Feature","geometry":{"type":"LineString","coordinates":[[-79.732393,43.577075],[-79.738218,43.608503]]},"properties":{"PingCount":2,"AvgSpeedKmh":51.3}},{"type":"Feature","geometry":{"type":"LineString","coordinates":[[-79.751057,43.577075],[-79.769721,43.577075]]},"properties":{"PingCount":15,"AvgSpeedKmh":11.2}},{"type":"Feature","geometry":{"type":"LineString","coordinates":[[-79.751057,43.577075],[-79.732393,43.59055]]},"properties":{"PingCount":1,"AvgSpeedKmh":25.1}},{"type":"Feature","geometry":{"type":"LineString","coordinates":[[-79.751057,43.577075],[-79.751057,43.59055]]},"properties":{"PingCount":5,"AvgSpeedKmh":22.4}},{"type":"Feature","geometry":{"type":"LineString","coordinates":[[-79.751057,43.577075],[-79.769721,43.59055]]},"properties":{"PingCount":32,"AvgSpeedKmh":30.1}},{"type":"Feature","geometry":{"type":"LineString","coordinates":[[-79.751057,43.577075],[-79.78672,43.600335]]},"properties":{"PingCount":1,"AvgSpeedKmh":53.5}},{"type":"Feature","geometry":{"type":"LineString","coordinates":[[-79.769721,43.577075],[-79.788385,43.577075]]},"properties":{"PingCount":12,"AvgSpeedKmh":7.3}},{"type":"Feature","geometry":{"type":"LineString","coordinates":[[-79.769721,43.577075],[-79.769721,43.59055]]},"properties":{"PingCount":28,"AvgSpeedKmh":16.3}},{"type":"Feature","geometry":{"type":"LineString","coordinates":[[-79.769721,43.577075],[-79.788385,43.59055]]},"properties":{"PingCount":5,"AvgSpeedKmh":24.3}},{"type":"Feature","geometry":{"type":"LineString","coordinates":[[-79.769721,43.577075],[-79.676401,43.711822]]},"properties":{"PingCount":1,"AvgSpeedKmh":16.8}},{"type":"Feature","geometry":{"type":"LineString","coordinates":[[-79.788385,43.577075],[-79.769721,43.59055]]},"properties":{"PingCount":20,"AvgSpeedKmh":16.0}},{"type":"Feature","geometry":{"type":"LineString","coordinates":[[-79.788385,43.577075],[-79.788385,43.59055]]},"properties":{"PingCount":21,"AvgSpeedKmh":7.1}},{"type":"Feature","geometry":{"type":"LineString","coordinates":[[-79.788385,43.577075],[-79.80618,43.592268]]},"properties":{"PingCount":1,"AvgSpeedKmh":14.4}},{"type":"Feature","geometry":{"type":"LineString","coordinates":[[-79.788385,43.577075],[-79.78672,43.600335]]},"properties":{"PingCount":1,"AvgSpeedKmh":66.9}},{"type":"Feature","geometry":{"type":"LineString","coordinates":[[-79.815805,43.583184],[-79.773607,43.601321]]},"properties":{"PingCount":13,"AvgSpeedKmh":87.0}},{"type":"Feature","geometry":{"type":"LineString","coordinates":[[-79.815805,43.583184],[-79.788385,43.617499]]},"properties":{"PingCount":1,"AvgSpeedKmh":79.2}},{"type":"Feature","geometry":{"type":"LineString","coordinates":[[-79.825489,43.574772],[-79.844377,43.577075]]},"properties":{"PingCount":65,"AvgSpeedKmh":8.2}},{"type":"Feature","geometry":{"type":"LineString","coordinates":[[-79.825489,43.574772],[-79.863041,43.577075]]},"properties":{"PingCount":1,"AvgSpeedKmh":38.3}},{"type":"Feature","geometry":{"type":"LineString","coordinates":[[-79.825489,43.574772],[-79.80618,43.592268]]},"properties":{"PingCount":10,"AvgSpeedKmh":59.4}},{"type":"Feature","geometry":{"type":"LineString","coordinates":[[-79.825489,43.574772],[-79.825713,43.59055]]},"properties":{"PingCount":2,"AvgSpeedKmh":39.6}},{"type":"Feature","geometry":{"type":"LineString","coordinates":[[-79.825489,43.574772],[-79.863041,43.59055]]},"properties":{"PingCount":1,"AvgSpeedKmh":54.6}},{"type":"Feature","geometry":{"type":"LineString","coordinates":[[-79.825489,43.574772],[-79.773607,43.601321]]},"properties":{"PingCount":68,"AvgSpeedKmh":90.4}},{"type":"Feature","geometry":{"type":"LineString","coordinates":[[-79.825489,43.574772],[-79.78672,43.600335]]},"properties":{"PingCount":73,"AvgSpeedKmh":89.5}},{"type":"Feature","geometry":{"type":"LineString","coordinates":[[-79.825489,43.574772],[-79.80098,43.59638]]},"properties":{"PingCount":3,"AvgSpeedKmh":60.6}},{"type":"Feature","geometry":{"type":"LineString","coordinates":[[-79.844377,43.577075],[-79.80618,43.592268]]},"properties":{"PingCount":1,"AvgSpeedKmh":51.9}},{"type":"Feature","geometry":{"type":"LineString","coordinates":[[-79.844377,43.577075],[-79.863041,43.59055]]},"properties":{"PingCount":2,"AvgSpeedKmh":47.5}},{"type":"Feature","geometry":{"type":"LineString","coordinates":[[-79.844377,43.577075],[-79.881705,43.59055]]},"properties":{"PingCount":1,"AvgSpeedKmh":57.0}},{"type":"Feature","geometry":{"type":"LineString","coordinates":[[-79.863041,43.577075],[-79.881705,43.59055]]},"properties":{"PingCount":1,"AvgSpeedKmh":43.0}},{"type":"Feature","geometry":{"type":"LineString","coordinates":[[-79.545753,43.59055],[-79.554367,43.609601]]},"properties":{"PingCount":13,"AvgSpeedKmh":10.8}},{"type":"Feature","geometry":{"type":"LineString","coordinates":[[-79.564417,43.59055],[-79.579338,43.586859]]},"properties":{"PingCount":4,"AvgSpeedKmh":18.7}},{"type":"Feature","geometry":{"type":"LineString","coordinates":[[-79.564417,43.59055],[-79.561742,43.602981]]},"properties":{"PingCount":11,"AvgSpeedKmh":29.3}},{"type":"Feature","geometry":{"type":"LineString","coordinates":[[-79.564417,43.59055],[-79.505737,43.621604]]},"properties":{"PingCount":1,"AvgSpeedKmh":14.4}},{"type":"Feature","geometry":{"type":"LineString","coordinates":[[-79.564417,43.59055],[-79.517531,43.619275]]},"properties":{"PingCount":1,"AvgSpeedKmh":76.5}},{"type":"Feature","geometry":{"type":"LineString","coordinates":[[-79.564417,43.59055],[-79.554609,43.624098]]},"properties":{"PingCount":5,"AvgSpeedKmh":60.4}},{"type":"Feature","geometry":{"type":"LineString","coordinates":[[-79.564417,43.59055],[-79.554906,43.628948]]},"properties":{"PingCount":1,"AvgSpeedKmh":68.5}},{"type":"Feature","geometry":{"type":"LineString","coordinates":[[-79.564417,43.59055],[-79.557292,43.631482]]},"properties":{"PingCount":4,"AvgSpeedKmh":78.9}},{"type":"Feature","geometry":{"type":"LineString","coordinates":[[-79.579338,43.586859],[-79.60002,43.594554]]},"properties":{"PingCount":5,"AvgSpeedKmh":17.6}},{"type":"Feature","geometry":{"type":"LineString","coordinates":[[-79.579338,43.586859],[-79.554367,43.609601]]},"properties":{"PingCount":2,"AvgSpeedKmh":65.3}},{"type":"Feature","geometry":{"type":"LineString","coordinates":[[-79.579338,43.586859],[-79.561742,43.602981]]},"properties":{"PingCount":15,"AvgSpeedKmh":48.0}},{"type":"Feature","geometry":{"type":"LineString","coordinates":[[-79.579338,43.586859],[-79.584376,43.608924]]},"properties":{"PingCount":1,"AvgSpeedKmh":24.6}},{"type":"Feature","geometry":{"type":"LineString","coordinates":[[-79.579338,43.586859],[-79.554609,43.624098]]},"properties":{"PingCount":13,"AvgSpeedKmh":74.4}},{"type":"Feature","geometry":{"type":"LineString","coordinates":[[-79.60002,43.594554],[-79.620409,43.59055]]},"properties":{"PingCount":1,"AvgSpeedKmh":30.2}},{"type":"Feature","geometry":{"type":"LineString","coordinates":[[-79.60002,43.594554],[-79.584376,43.608924]]},"properties":{"PingCount":4,"AvgSpeedKmh":27.7}},{"type":"Feature","geometry":{"type":"LineString","coordinates":[[-79.60002,43.594554],[-79.593557,43.600549]]},"properties":{"PingCount":11,"AvgSpeedKmh":15.3}},{"type":"Feature","geometry":{"type":"LineString","coordinates":[[-79.60002,43.594554],[-79.620409,43.604024]]},"properties":{"PingCount":3,"AvgSpeedKmh":35.3}},{"type":"Feature","geometry":{"type":"LineString","coordinates":[[-79.620409,43.59055],[-79.648595,43.597019]]},"properties":{"PingCount":1,"AvgSpeedKmh":15.1}},{"type":"Feature","geometry":{"type":"LineString","coordinates":[[-79.620409,43.59055],[-79.701441,43.623017]]},"properties":{"PingCount":1,"AvgSpeedKmh":15.2}},{"type":"Feature","geometry":{"type":"LineString","coordinates":[[-79.648595,43.597019],[-79.659584,43.586296]]},"properties":{"PingCount":1,"AvgSpeedKmh":0.2}},{"type":"Feature","geometry":{"type":"LineString","coordinates":[[-79.648595,43.597019],[-79.620409,43.604024]]},"properties":{"PingCount":2,"AvgSpeedKmh":20.8}},{"type":"Feature","geometry":{"type":"LineString","coordinates":[[-79.648595,43.597019],[-79.635393,43.609024]]},"properties":{"PingCount":12,"AvgSpeedKmh":15.4}},{"type":"Feature","geometry":{"type":"LineString","coordinates":[[-79.648595,43.597019],[-79.666397,43.636809]]},"properties":{"PingCount":1,"AvgSpeedKmh":77.0}},{"type":"Feature","geometry":{"type":"LineString","coordinates":[[-79.659584,43.586296],[-79.676401,43.59055]]},"properties":{"PingCount":64,"AvgSpeedKmh":19.2}},{"type":"Feature","geometry":{"type":"LineString","coordinates":[[-79.659584,43.586296],[-79.635393,43.609024]]},"properties":{"PingCount":9,"AvgSpeedKmh":54.9}},{"type":"Feature","geometry":{"type":"LineString","coordinates":[[-79.659584,43.586296],[-79.652922,43.60666]]},"properties":{"PingCount":49,"AvgSpeedKmh":29.9}},{"type":"Feature","geometry":{"type":"LineString","coordinates":[[-79.659584,43.586296],[-79.676401,43.604024]]},"properties":{"PingCount":8,"AvgSpeedKmh":30.7}},{"type":"Feature","geometry":{"type":"LineString","coordinates":[[-79.659584,43.586296],[-79.620409,43.617499]]},"properties":{"PingCount":2,"AvgSpeedKmh":61.7}},{"type":"Feature","geometry":{"type":"LineString","coordinates":[[-79.659584,43.586296],[-79.636143,43.622157]]},"properties":{"PingCount":42,"AvgSpeedKmh":71.6}},{"type":"Feature","geometry":{"type":"LineString","coordinates":[[-79.659584,43.586296],[-79.663464,43.61453]]},"properties":{"PingCount":1,"AvgSpeedKmh":40.8}},{"type":"Feature","geometry":{"type":"LineString","coordinates":[[-79.659584,43.586296],[-79.642173,43.626553]]},"properties":{"PingCount":10,"AvgSpeedKmh":73.3}},{"type":"Feature","geometry":{"type":"LineString","coordinates":[[-79.659584,43.586296],[-79.666397,43.636809]]},"properties":{"PingCount":2,"AvgSpeedKmh":81.3}},{"type":"Feature","geometry":{"type":"LineString","coordinates":[[-79.659584,43.586296],[-79.629865,43.651686]]},"properties":{"PingCount":1,"AvgSpeedKmh":7.1}},{"type":"Feature","geometry":{"type":"LineString","coordinates":[[-79.676401,43.59055],[-79.695065,43.59055]]},"properties":{"PingCount":1,"AvgSpeedKmh":29.7}},{"type":"Feature","geometry":{"type":"LineString","coordinates":[[-79.676401,43.59055],[-79.635393,43.609024]]},"properties":{"PingCount":1,"AvgSpeedKmh":44.9}},{"type":"Feature","geometry":{"type":"LineString","coordinates":[[-79.676401,43.59055],[-79.652922,43.60666]]},"properties":{"PingCount":95,"AvgSpeedKmh":30.5}},{"type":"Feature","geometry":{"type":"LineString","coordinates":[[-79.676401,43.59055],[-79.676401,43.604024]]},"properties":{"PingCount":11,"AvgSpeedKmh":26.5}},{"type":"Feature","geometry":{"type":"LineString","coordinates":[[-79.676401,43.59055],[-79.695065,43.604024]]},"properties":{"PingCount":5,"AvgSpeedKmh":34.8}},{"type":"Feature","geometry":{"type":"LineString","coordinates":[[-79.676401,43.59055],[-79.629865,43.651686]]},"properties":{"PingCount":1,"AvgSpeedKmh":9.0}},{"type":"Feature","geometry":{"type":"LineString","coordinates":[[-79.676401,43.59055],[-79.657737,43.684872]]},"properties":{"PingCount":1,"AvgSpeedKmh":21.1}},{"type":"Feature","geometry":{"type":"LineString","coordinates":[[-79.676401,43.59055],[-79.657737,43.698347]]},"properties":{"PingCount":1,"AvgSpeedKmh":12.4}},{"type":"Feature","geometry":{"type":"LineString","coordinates":[[-79.695065,43.59055],[-79.713729,43.59055]]},"properties":{"PingCount":3,"AvgSpeedKmh":31.9}},{"type":"Feature","geometry":{"type":"LineString","coordinates":[[-79.695065,43.59055],[-79.695065,43.604024]]},"properties":{"PingCount":2,"AvgSpeedKmh":32.5}},{"type":"Feature","geometry":{"type":"LineString","coordinates":[[-79.695065,43.59055],[-79.713729,43.604024]]},"properties":{"PingCount":12,"AvgSpeedKmh":30.6}},{"type":"Feature","geometry":{"type":"LineString","coordinates":[[-79.713729,43.59055],[-79.732393,43.59055]]},"properties":{"PingCount":6,"AvgSpeedKmh":20.9}},{"type":"Feature","geometry":{"type":"LineString","coordinates":[[-79.713729,43.59055],[-79.695065,43.604024]]},"properties":{"PingCount":10,"AvgSpeedKmh":33.9}},{"type":"Feature","geometry":{"type":"LineString","coordinates":[[-79.713729,43.59055],[-79.713729,43.604024]]},"properties":{"PingCount":5,"AvgSpeedKmh":31.8}},{"type":"Feature","geometry":{"type":"LineString","coordinates":[[-79.732393,43.59055],[-79.751057,43.59055]]},"properties":{"PingCount":9,"AvgSpeedKmh":13.6}},{"type":"Feature","geometry":{"type":"LineString","coordinates":[[-79.732393,43.59055],[-79.769721,43.59055]]},"properties":{"PingCount":2,"AvgSpeedKmh":40.1}},{"type":"Feature","geometry":{"type":"LineString","coordinates":[[-79.732393,43.59055],[-79.713729,43.604024]]},"properties":{"PingCount":2,"AvgSpeedKmh":37.3}},{"type":"Feature","geometry":{"type":"LineString","coordinates":[[-79.732393,43.59055],[-79.738218,43.608503]]},"properties":{"PingCount":68,"AvgSpeedKmh":25.0}},{"type":"Feature","geometry":{"type":"LineString","coordinates":[[-79.732393,43.59055],[-79.757278,43.60276]]},"properties":{"PingCount":37,"AvgSpeedKmh":32.1}},{"type":"Feature","geometry":{"type":"LineString","coordinates":[[-79.732393,43.59055],[-79.706665,43.62097]]},"properties":{"PingCount":3,"AvgSpeedKmh":55.2}},{"type":"Feature","geometry":{"type":"LineString","coordinates":[[-79.732393,43.59055],[-79.732393,43.617499]]},"properties":{"PingCount":5,"AvgSpeedKmh":39.6}},{"type":"Feature","geometry":{"type":"LineString","coordinates":[[-79.732393,43.59055],[-79.751057,43.617499]]},"properties":{"PingCount":1,"AvgSpeedKmh":38.2}},{"type":"Feature","geometry":{"type":"LineString","coordinates":[[-79.751057,43.59055],[-79.769721,43.59055]]},"properties":{"PingCount":2,"AvgSpeedKmh":21.1}},{"type":"Feature","geometry":{"type":"LineString","coordinates":[[-79.751057,43.59055],[-79.738218,43.608503]]},"properties":{"PingCount":3,"AvgSpeedKmh":31.4}},{"type":"Feature","geometry":{"type":"LineString","coordinates":[[-79.751057,43.59055],[-79.757278,43.60276]]},"properties":{"PingCount":2,"AvgSpeedKmh":40.4}},{"type":"Feature","geometry":{"type":"LineString","coordinates":[[-79.751057,43.59055],[-79.751057,43.617499]]},"properties":{"PingCount":1,"AvgSpeedKmh":43.7}},{"type":"Feature","geometry":{"type":"LineString","coordinates":[[-79.769721,43.59055],[-79.788385,43.59055]]},"properties":{"PingCount":867,"AvgSpeedKmh":4.0}},{"type":"Feature","geometry":{"type":"LineString","coordinates":[[-79.769721,43.59055],[-79.80618,43.592268]]},"properties":{"PingCount":2,"AvgSpeedKmh":42.2}},{"type":"Feature","geometry":{"type":"LineString","coordinates":[[-79.769721,43.59055],[-79.757278,43.60276]]},"properties":{"PingCount":104,"AvgSpeedKmh":32.7}},{"type":"Feature","geometry":{"type":"LineString","coordinates":[[-79.769721,43.59055],[-79.773607,43.601321]]},"properties":{"PingCount":95,"AvgSpeedKmh":9.6}},{"type":"Feature","geometry":{"type":"LineString","coordinates":[[-79.769721,43.59055],[-79.78672,43.600335]]},"properties":{"PingCount":36,"AvgSpeedKmh":25.2}},{"type":"Feature","geometry":{"type":"LineString","coordinates":[[-79.769721,43.59055],[-79.751057,43.617499]]},"properties":{"PingCount":6,"AvgSpeedKmh":39.3}},{"type":"Feature","geometry":{"type":"LineString","coordinates":[[-79.769721,43.59055],[-79.732393,43.630974]]},"properties":{"PingCount":1,"AvgSpeedKmh":6.5}},{"type":"Feature","geometry":{"type":"LineString","coordinates":[[-79.769721,43.59055],[-79.705986,43.646041]]},"properties":{"PingCount":2,"AvgSpeedKmh":7.3}},{"type":"Feature","geometry":{"type":"LineString","coordinates":[[-79.769721,43.59055],[-79.629865,43.651686]]},"properties":{"PingCount":8,"AvgSpeedKmh":18.3}},{"type":"Feature","geometry":{"type":"LineString","coordinates":[[-79.769721,43.59055],[-79.690656,43.661537]]},"properties":{"PingCount":1,"AvgSpeedKmh":10.6}},{"type":"Feature","geometry":{"type":"LineString","coordinates":[[-79.769721,43.59055],[-79.723421,43.65855]]},"properties":{"PingCount":1,"AvgSpeedKmh":9.1}},{"type":"Feature","geometry":{"type":"LineString","coordinates":[[-79.769721,43.59055],[-79.676401,43.671398]]},"properties":{"PingCount":1,"AvgSpeedKmh":12.7}},{"type":"Feature","geometry":{"type":"LineString","coordinates":[[-79.769721,43.59055],[-79.657737,43.698347]]},"properties":{"PingCount":2,"AvgSpeedKmh":15.7}},{"type":"Feature","geometry":{"type":"LineString","coordinates":[[-79.769721,43.59055],[-79.676401,43.711822]]},"properties":{"PingCount":6,"AvgSpeedKmh":16.0}},{"type":"Feature","geometry":{"type":"LineString","coordinates":[[-79.788385,43.59055],[-79.80618,43.592268]]},"properties":{"PingCount":33,"AvgSpeedKmh":26.0}},{"type":"Feature","geometry":{"type":"LineString","coordinates":[[-79.788385,43.59055],[-79.757278,43.60276]]},"properties":{"PingCount":10,"AvgSpeedKmh":51.4}},{"type":"Feature","geometry":{"type":"LineString","coordinates":[[-79.788385,43.59055],[-79.773607,43.601321]]},"properties":{"PingCount":12,"AvgSpeedKmh":24.4}},{"type":"Feature","geometry":{"type":"LineString","coordinates":[[-79.788385,43.59055],[-79.78672,43.600335]]},"properties":{"PingCount":103,"AvgSpeedKmh":18.7}},{"type":"Feature","geometry":{"type":"LineString","coordinates":[[-79.788385,43.59055],[-79.80098,43.59638]]},"properties":{"PingCount":1,"AvgSpeedKmh":31.7}},{"type":"Feature","geometry":{"type":"LineString","coordinates":[[-79.788385,43.59055],[-79.751057,43.617499]]},"properties":{"PingCount":2,"AvgSpeedKmh":5.3}},{"type":"Feature","geometry":{"type":"LineString","coordinates":[[-79.788385,43.59055],[-79.769721,43.630974]]},"properties":{"PingCount":2,"AvgSpeedKmh":6.0}},{"type":"Feature","geometry":{"type":"LineString","coordinates":[[-79.788385,43.59055],[-79.705986,43.646041]]},"properties":{"PingCount":2,"AvgSpeedKmh":7.3}},{"type":"Feature","geometry":{"type":"LineString","coordinates":[[-79.788385,43.59055],[-79.769721,43.644448]]},"properties":{"PingCount":1,"AvgSpeedKmh":8.7}},{"type":"Feature","geometry":{"type":"LineString","coordinates":[[-79.788385,43.59055],[-79.723421,43.65855]]},"properties":{"PingCount":1,"AvgSpeedKmh":9.0}},{"type":"Feature","geometry":{"type":"LineString","coordinates":[[-79.788385,43.59055],[-79.676401,43.671398]]},"properties":{"PingCount":2,"AvgSpeedKmh":15.6}},{"type":"Feature","geometry":{"type":"LineString","coordinates":[[-79.788385,43.59055],[-79.735341,43.667537]]},"properties":{"PingCount":2,"AvgSpeedKmh":10.3}},{"type":"Feature","geometry":{"type":"LineString","coordinates":[[-79.788385,43.59055],[-79.710572,43.684581]]},"properties":{"PingCount":2,"AvgSpeedKmh":12.1}},{"type":"Feature","geometry":{"type":"LineString","coordinates":[[-79.788385,43.59055],[-79.657737,43.698347]]},"properties":{"PingCount":2,"AvgSpeedKmh":15.7}},{"type":"Feature","geometry":{"type":"LineString","coordinates":[[-79.788385,43.59055],[-79.695065,43.698347]]},"properties":{"PingCount":1,"AvgSpeedKmh":14.6}},{"type":"Feature","geometry":{"type":"LineString","coordinates":[[-79.788385,43.59055],[-79.676401,43.711822]]},"properties":{"PingCount":1,"AvgSpeedKmh":16.2}},{"type":"Feature","geometry":{"type":"LineString","coordinates":[[-79.80618,43.592268],[-79.757278,43.60276]]},"properties":{"PingCount":106,"AvgSpeedKmh":91.1}},{"type":"Feature","geometry":{"type":"LineString","coordinates":[[-79.80618,43.592268],[-79.773607,43.601321]]},"properties":{"PingCount":44,"AvgSpeedKmh":87.2}},{"type":"Feature","geometry":{"type":"LineString","coordinates":[[-79.80618,43.592268],[-79.78672,43.600335]]},"properties":{"PingCount":11,"AvgSpeedKmh":43.9}},{"type":"Feature","geometry":{"type":"LineString","coordinates":[[-79.80618,43.592268],[-79.80098,43.59638]]},"properties":{"PingCount":2,"AvgSpeedKmh":39.3}},{"type":"Feature","geometry":{"type":"LineString","coordinates":[[-79.80618,43.592268],[-79.706665,43.62097]]},"properties":{"PingCount":1,"AvgSpeedKmh":90.0}},{"type":"Feature","geometry":{"type":"LineString","coordinates":[[-79.80618,43.592268],[-79.751057,43.617499]]},"properties":{"PingCount":1,"AvgSpeedKmh":97.4}},{"type":"Feature","geometry":{"type":"LineString","coordinates":[[-79.80618,43.592268],[-79.769721,43.617499]]},"properties":{"PingCount":3,"AvgSpeedKmh":91.1}},{"type":"Feature","geometry":{"type":"LineString","coordinates":[[-79.80618,43.592268],[-79.788385,43.617499]]},"properties":{"PingCount":3,"AvgSpeedKmh":62.5}},{"type":"Feature","geometry":{"type":"LineString","coordinates":[[-79.825713,43.59055],[-79.78672,43.600335]]},"properties":{"PingCount":1,"AvgSpeedKmh":57.2}},{"type":"Feature","geometry":{"type":"LineString","coordinates":[[-79.825713,43.59055],[-79.788385,43.617499]]},"properties":{"PingCount":1,"AvgSpeedKmh":66.2}},{"type":"Feature","geometry":{"type":"LineString","coordinates":[[-79.863041,43.59055],[-79.881705,43.604024]]},"properties":{"PingCount":1,"AvgSpeedKmh":52.4}},{"type":"Feature","geometry":{"type":"LineString","coordinates":[[-79.863041,43.59055],[-79.900368,43.604024]]},"properties":{"PingCount":2,"AvgSpeedKmh":62.4}},{"type":"Feature","geometry":{"type":"LineString","coordinates":[[-79.881705,43.59055],[-79.881705,43.617499]]},"properties":{"PingCount":1,"AvgSpeedKmh":48.5}},{"type":"Feature","geometry":{"type":"LineString","coordinates":[[-79.881705,43.59055],[-79.900368,43.617499]]},"properties":{"PingCount":1,"AvgSpeedKmh":63.0}},{"type":"Feature","geometry":{"type":"LineString","coordinates":[[-79.975024,43.59055],[-80.012352,43.604024]]},"properties":{"PingCount":1,"AvgSpeedKmh":74.7}},{"type":"Feature","geometry":{"type":"LineString","coordinates":[[-79.975024,43.59055],[-80.012352,43.617499]]},"properties":{"PingCount":1,"AvgSpeedKmh":78.0}},{"type":"Feature","geometry":{"type":"LineString","coordinates":[[-79.52709,43.604024],[-79.554367,43.609601]]},"properties":{"PingCount":2,"AvgSpeedKmh":25.6}},{"type":"Feature","geometry":{"type":"LineString","coordinates":[[-79.52709,43.604024],[-79.505737,43.621604]]},"properties":{"PingCount":2,"AvgSpeedKmh":23.3}},{"type":"Feature","geometry":{"type":"LineString","coordinates":[[-79.52709,43.604024],[-79.517531,43.619275]]},"properties":{"PingCount":10,"AvgSpeedKmh":16.8}},{"type":"Feature","geometry":{"type":"LineString","coordinates":[[-79.554367,43.609601],[-79.561742,43.602981]]},"properties":{"PingCount":4,"AvgSpeedKmh":34.6}},{"type":"Feature","geometry":{"type":"LineString","coordinates":[[-79.554367,43.609601],[-79.554609,43.624098]]},"properties":{"PingCount":7,"AvgSpeedKmh":31.8}},{"type":"Feature","geometry":{"type":"LineString","coordinates":[[-79.554367,43.609601],[-79.557292,43.631482]]},"properties":{"PingCount":4,"AvgSpeedKmh":48.7}},{"type":"Feature","geometry":{"type":"LineString","coordinates":[[-79.554367,43.609601],[-79.560882,43.639333]]},"properties":{"PingCount":3,"AvgSpeedKmh":85.3}},{"type":"Feature","geometry":{"type":"LineString","coordinates":[[-79.561742,43.602981],[-79.584376,43.608924]]},"properties":{"PingCount":36,"AvgSpeedKmh":16.8}},{"type":"Feature","geometry":{"type":"LineString","coordinates":[[-79.561742,43.602981],[-79.517531,43.619275]]},"properties":{"PingCount":1,"AvgSpeedKmh":62.6}},{"type":"Feature","geometry":{"type":"LineString","coordinates":[[-79.561742,43.602981],[-79.554609,43.624098]]},"properties":{"PingCount":36,"AvgSpeedKmh":32.8}},{"type":"Feature","geometry":{"type":"LineString","coordinates":[[-79.561742,43.602981],[-79.553382,43.619277]]},"properties":{"PingCount":18,"AvgSpeedKmh":23.1}},{"type":"Feature","geometry":{"type":"LineString","coordinates":[[-79.561742,43.602981],[-79.557292,43.631482]]},"properties":{"PingCount":16,"AvgSpeedKmh":69.0}},{"type":"Feature","geometry":{"type":"LineString","coordinates":[[-79.561742,43.602981],[-79.560882,43.639333]]},"properties":{"PingCount":12,"AvgSpeedKmh":81.1}},{"type":"Feature","geometry":{"type":"LineString","coordinates":[[-79.584376,43.608924],[-79.593557,43.600549]]},"properties":{"PingCount":7,"AvgSpeedKmh":15.3}},{"type":"Feature","geometry":{"type":"LineString","coordinates":[[-79.584376,43.608924],[-79.554609,43.624098]]},"properties":{"PingCount":10,"AvgSpeedKmh":42.1}},{"type":"Feature","geometry":{"type":"LineString","coordinates":[[-79.584376,43.608924],[-79.553382,43.619277]]},"properties":{"PingCount":42,"AvgSpeedKmh":33.0}},{"type":"Feature","geometry":{"type":"LineString","coordinates":[[-79.584376,43.608924],[-79.583217,43.609765]]},"properties":{"PingCount":60,"AvgSpeedKmh":20.4}},{"type":"Feature","geometry":{"type":"LineString","coordinates":[[-79.584376,43.608924],[-79.601745,43.617499]]},"properties":{"PingCount":13,"AvgSpeedKmh":27.7}},{"type":"Feature","geometry":{"type":"LineString","coordinates":[[-79.584376,43.608924],[-79.557292,43.631482]]},"properties":{"PingCount":6,"AvgSpeedKmh":44.8}},{"type":"Feature","geometry":{"type":"LineString","coordinates":[[-79.584376,43.608924],[-79.636078,43.648382]]},"properties":{"PingCount":1,"AvgSpeedKmh":24.3}},{"type":"Feature","geometry":{"type":"LineString","coordinates":[[-79.593557,43.600549],[-79.620409,43.604024]]},"properties":{"PingCount":5,"AvgSpeedKmh":30.1}},{"type":"Feature","geometry":{"type":"LineString","coordinates":[[-79.593557,43.600549],[-79.583217,43.609765]]},"properties":{"PingCount":2,"AvgSpeedKmh":20.6}},{"type":"Feature","geometry":{"type":"LineString","coordinates":[[-79.593557,43.600549],[-79.601745,43.617499]]},"properties":{"PingCount":5,"AvgSpeedKmh":11.0}},{"type":"Feature","geometry":{"type":"LineString","coordinates":[[-79.593557,43.600549],[-79.620409,43.617499]]},"properties":{"PingCount":2,"AvgSpeedKmh":34.9}},{"type":"Feature","geometry":{"type":"LineString","coordinates":[[-79.620409,43.604024],[-79.635393,43.609024]]},"properties":{"PingCount":2,"AvgSpeedKmh":18.2}},{"type":"Feature","geometry":{"type":"LineString","coordinates":[[-79.620409,43.604024],[-79.620409,43.617499]]},"properties":{"PingCount":7,"AvgSpeedKmh":20.0}},{"type":"Feature","geometry":{"type":"LineString","coordinates":[[-79.620409,43.604024],[-79.636143,43.622157]]},"properties":{"PingCount":4,"AvgSpeedKmh":37.6}},{"type":"Feature","geometry":{"type":"LineString","coordinates":[[-79.620409,43.604024],[-79.642173,43.626553]]},"properties":{"PingCount":1,"AvgSpeedKmh":54.2}},{"type":"Feature","geometry":{"type":"LineString","coordinates":[[-79.635393,43.609024],[-79.652922,43.60666]]},"properties":{"PingCount":2,"AvgSpeedKmh":16.3}},{"type":"Feature","geometry":{"type":"LineString","coordinates":[[-79.635393,43.609024],[-79.620409,43.617499]]},"properties":{"PingCount":3,"AvgSpeedKmh":37.8}},{"type":"Feature","geometry":{"type":"LineString","coordinates":[[-79.635393,43.609024],[-79.636143,43.622157]]},"properties":{"PingCount":9,"AvgSpeedKmh":41.4}},{"type":"Feature","geometry":{"type":"LineString","coordinates":[[-79.635393,43.609024],[-79.642173,43.626553]]},"properties":{"PingCount":15,"AvgSpeedKmh":59.4}},{"type":"Feature","geometry":{"type":"LineString","coordinates":[[-79.635393,43.609024],[-79.666397,43.636809]]},"properties":{"PingCount":23,"AvgSpeedKmh":73.1}},{"type":"Feature","geometry":{"type":"LineString","coordinates":[[-79.635393,43.609024],[-79.636078,43.648382]]},"properties":{"PingCount":1,"AvgSpeedKmh":77.8}},{"type":"Feature","geometry":{"type":"LineString","coordinates":[[-79.635393,43.609024],[-79.652717,43.64108]]},"properties":{"PingCount":21,"AvgSpeedKmh":79.7}},{"type":"Feature","geometry":{"type":"LineString","coordinates":[[-79.652922,43.60666],[-79.676401,43.604024]]},"properties":{"PingCount":4,"AvgSpeedKmh":31.9}},{"type":"Feature","geometry":{"type":"LineString","coordinates":[[-79.652922,43.60666],[-79.636143,43.622157]]},"properties":{"PingCount":131,"AvgSpeedKmh":29.9}},{"type":"Feature","geometry":{"type":"LineString","coordinates":[[-79.652922,43.60666],[-79.663464,43.61453]]},"properties":{"PingCount":14,"AvgSpeedKmh":26.6}},{"type":"Feature","geometry":{"type":"LineString","coordinates":[[-79.652922,43.60666],[-79.670295,43.619377]]},"properties":{"PingCount":2,"AvgSpeedKmh":39.1}},{"type":"Feature","geometry":{"type":"LineString","coordinates":[[-79.652922,43.60666],[-79.642173,43.626553]]},"properties":{"PingCount":4,"AvgSpeedKmh":49.0}},{"type":"Feature","geometry":{"type":"LineString","coordinates":[[-79.652922,43.60666],[-79.657737,43.698347]]},"properties":{"PingCount":2,"AvgSpeedKmh":10.2}},{"type":"Feature","geometry":{"type":"LineString","coordinates":[[-79.652922,43.60666],[-79.676401,43.711822]]},"properties":{"PingCount":1,"AvgSpeedKmh":13.3}},{"type":"Feature","geometry":{"type":"LineString","coordinates":[[-79.676401,43.604024],[-79.695065,43.604024]]},"properties":{"PingCount":5,"AvgSpeedKmh":26.8}},{"type":"Feature","geometry":{"type":"LineString","coordinates":[[-79.676401,43.604024],[-79.670295,43.619377]]},"properties":{"PingCount":7,"AvgSpeedKmh":27.3}},{"type":"Feature","geometry":{"type":"LineString","coordinates":[[-79.676401,43.604024],[-79.701441,43.623017]]},"properties":{"PingCount":10,"AvgSpeedKmh":30.0}},{"type":"Feature","geometry":{"type":"LineString","coordinates":[[-79.676401,43.604024],[-79.694189,43.63707]]},"properties":{"PingCount":1,"AvgSpeedKmh":49.0}},{"type":"Feature","geometry":{"type":"LineString","coordinates":[[-79.695065,43.604024],[-79.713729,43.604024]]},"properties":{"PingCount":6,"AvgSpeedKmh":20.1}},{"type":"Feature","geometry":{"type":"LineString","coordinates":[[-79.695065,43.604024],[-79.670295,43.619377]]},"properties":{"PingCount":5,"AvgSpeedKmh":22.1}},{"type":"Feature","geometry":{"type":"LineString","coordinates":[[-79.695065,43.604024],[-79.701441,43.623017]]},"properties":{"PingCount":26,"AvgSpeedKmh":19.1}},{"type":"Feature","geometry":{"type":"LineString","coordinates":[[-79.695065,43.604024],[-79.706665,43.62097]]},"properties":{"PingCount":1,"AvgSpeedKmh":28.4}},{"type":"Feature","geometry":{"type":"LineString","coordinates":[[-79.713729,43.604024],[-79.738218,43.608503]]},"properties":{"PingCount":6,"AvgSpeedKmh":11.9}},{"type":"Feature","geometry":{"type":"LineString","coordinates":[[-79.713729,43.604024],[-79.701441,43.623017]]},"properties":{"PingCount":16,"AvgSpeedKmh":34.4}},{"type":"Feature","geometry":{"type":"LineString","coordinates":[[-79.713729,43.604024],[-79.706665,43.62097]]},"properties":{"PingCount":1,"AvgSpeedKmh":17.9}},{"type":"Feature","geometry":{"type":"LineString","coordinates":[[-79.713729,43.604024],[-79.732393,43.617499]]},"properties":{"PingCount":2,"AvgSpeedKmh":26.3}},{"type":"Feature","geometry":{"type":"LineString","coordinates":[[-79.738218,43.608503],[-79.757278,43.60276]]},"properties":{"PingCount":176,"AvgSpeedKmh":17.5}},{"type":"Feature","geometry":{"type":"LineString","coordinates":[[-79.738218,43.608503],[-79.773607,43.601321]]},"properties":{"PingCount":1,"AvgSpeedKmh":72.5}},{"type":"Feature","geometry":{"type":"LineString","coordinates":[[-79.738218,43.608503],[-79.78672,43.600335]]},"properties":{"PingCount":85,"AvgSpeedKmh":91.1}},{"type":"Feature","geometry":{"type":"LineString","coordinates":[[-79.738218,43.608503],[-79.80098,43.59638]]},"properties":{"PingCount":5,"AvgSpeedKmh":97.8}},{"type":"Feature","geometry":{"type":"LineString","coordinates":[[-79.738218,43.608503],[-79.701441,43.623017]]},"properties":{"PingCount":7,"AvgSpeedKmh":60.8}},{"type":"Feature","geometry":{"type":"LineString","coordinates":[[-79.738218,43.608503],[-79.706665,43.62097]]},"properties":{"PingCount":31,"AvgSpeedKmh":50.6}},{"type":"Feature","geometry":{"type":"LineString","coordinates":[[-79.738218,43.608503],[-79.732393,43.617499]]},"properties":{"PingCount":58,"AvgSpeedKmh":10.4}},{"type":"Feature","geometry":{"type":"LineString","coordinates":[[-79.738218,43.608503],[-79.751057,43.617499]]},"properties":{"PingCount":49,"AvgSpeedKmh":18.9}},{"type":"Feature","geometry":{"type":"LineString","coordinates":[[-79.738218,43.608503],[-79.769721,43.617499]]},"properties":{"PingCount":15,"AvgSpeedKmh":30.6}},{"type":"Feature","geometry":{"type":"LineString","coordinates":[[-79.738218,43.608503],[-79.667504,43.636548]]},"properties":{"PingCount":63,"AvgSpeedKmh":94.7}},{"type":"Feature","geometry":{"type":"LineString","coordinates":[[-79.738218,43.608503],[-79.694189,43.63707]]},"properties":{"PingCount":76,"AvgSpeedKmh":88.5}},{"type":"Feature","geometry":{"type":"LineString","coordinates":[[-79.738218,43.608503],[-79.636078,43.648382]]},"properties":{"PingCount":2,"AvgSpeedKmh":93.0}},{"type":"Feature","geometry":{"type":"LineString","coordinates":[[-79.738218,43.608503],[-79.652717,43.64108]]},"properties":{"PingCount":15,"AvgSpeedKmh":85.9}},{"type":"Feature","geometry":{"type":"LineString","coordinates":[[-79.738218,43.608503],[-79.576048,43.679775]]},"properties":{"PingCount":1,"AvgSpeedKmh":90.2}},{"type":"Feature","geometry":{"type":"LineString","coordinates":[[-79.738218,43.608503],[-79.710572,43.684581]]},"properties":{"PingCount":1,"AvgSpeedKmh":52.0}},{"type":"Feature","geometry":{"type":"LineString","coordinates":[[-79.757278,43.60276],[-79.773607,43.601321]]},"properties":{"PingCount":53,"AvgSpeedKmh":26.2}},{"type":"Feature","geometry":{"type":"LineString","coordinates":[[-79.757278,43.60276],[-79.78672,43.600335]]},"properties":{"PingCount":25,"AvgSpeedKmh":63.8}},{"type":"Feature","geometry":{"type":"LineString","coordinates":[[-79.757278,43.60276],[-79.80098,43.59638]]},"properties":{"PingCount":7,"AvgSpeedKmh":91.8}},{"type":"Feature","geometry":{"type":"LineString","coordinates":[[-79.757278,43.60276],[-79.701441,43.623017]]},"properties":{"PingCount":78,"AvgSpeedKmh":83.2}},{"type":"Feature","geometry":{"type":"LineString","coordinates":[[-79.757278,43.60276],[-79.706665,43.62097]]},"properties":{"PingCount":129,"AvgSpeedKmh":64.6}},{"type":"Feature","geometry":{"type":"LineString","coordinates":[[-79.757278,43.60276],[-79.732393,43.617499]]},"properties":{"PingCount":80,"AvgSpeedKmh":28.4}},{"type":"Feature","geometry":{"type":"LineString","coordinates":[[-79.757278,43.60276],[-79.751057,43.617499]]},"properties":{"PingCount":207,"AvgSpeedKmh":19.7}},{"type":"Feature","geometry":{"type":"LineString","coordinates":[[-79.757278,43.60276],[-79.769721,43.617499]]},"properties":{"PingCount":116,"AvgSpeedKmh":28.0}},{"type":"Feature","geometry":{"type":"LineString","coordinates":[[-79.757278,43.60276],[-79.666397,43.636809]]},"properties":{"PingCount":4,"AvgSpeedKmh":87.7}},{"type":"Feature","geometry":{"type":"LineString","coordinates":[[-79.757278,43.60276],[-79.667504,43.636548]]},"properties":{"PingCount":28,"AvgSpeedKmh":75.4}},{"type":"Feature","geometry":{"type":"LineString","coordinates":[[-79.757278,43.60276],[-79.694189,43.63707]]},"properties":{"PingCount":115,"AvgSpeedKmh":86.1}},{"type":"Feature","geometry":{"type":"LineString","coordinates":[[-79.757278,43.60276],[-79.713729,43.630974]]},"properties":{"PingCount":4,"AvgSpeedKmh":43.2}},{"type":"Feature","geometry":{"type":"LineString","coordinates":[[-79.757278,43.60276],[-79.732393,43.630974]]},"properties":{"PingCount":14,"AvgSpeedKmh":50.8}},{"type":"Feature","geometry":{"type":"LineString","coordinates":[[-79.757278,43.60276],[-79.751057,43.630974]]},"properties":{"PingCount":6,"AvgSpeedKmh":42.8}},{"type":"Feature","geometry":{"type":"LineString","coordinates":[[-79.757278,43.60276],[-79.769721,43.630974]]},"properties":{"PingCount":2,"AvgSpeedKmh":29.5}},{"type":"Feature","geometry":{"type":"LineString","coordinates":[[-79.757278,43.60276],[-79.652717,43.64108]]},"properties":{"PingCount":6,"AvgSpeedKmh":91.1}},{"type":"Feature","geometry":{"type":"LineString","coordinates":[[-79.757278,43.60276],[-79.705986,43.646041]]},"properties":{"PingCount":1,"AvgSpeedKmh":4.4}},{"type":"Feature","geometry":{"type":"LineString","coordinates":[[-79.757278,43.60276],[-79.710572,43.684581]]},"properties":{"PingCount":1,"AvgSpeedKmh":19.1}},{"type":"Feature","geometry":{"type":"LineString","coordinates":[[-79.757278,43.60276],[-79.657737,43.698347]]},"properties":{"PingCount":1,"AvgSpeedKmh":12.9}},{"type":"Feature","geometry":{"type":"LineString","coordinates":[[-79.757278,43.60276],[-79.676401,43.711822]]},"properties":{"PingCount":2,"AvgSpeedKmh":13.6}},{"type":"Feature","geometry":{"type":"LineString","coordinates":[[-79.773607,43.601321],[-79.78672,43.600335]]},"properties":{"PingCount":20,"AvgSpeedKmh":29.6}},{"type":"Feature","geometry":{"type":"LineString","coordinates":[[-79.773607,43.601321],[-79.706665,43.62097]]},"properties":{"PingCount":129,"AvgSpeedKmh":93.6}},{"type":"Feature","geometry":{"type":"LineString","coordinates":[[-79.773607,43.601321],[-79.732393,43.617499]]},"properties":{"PingCount":13,"AvgSpeedKmh":86.2}},{"type":"Feature","geometry":{"type":"LineString","coordinates":[[-79.773607,43.601321],[-79.751057,43.617499]]},"properties":{"PingCount":10,"AvgSpeedKmh":34.6}},{"type":"Feature","geometry":{"type":"LineString","coordinates":[[-79.773607,43.601321],[-79.769721,43.617499]]},"properties":{"PingCount":2,"AvgSpeedKmh":5.2}},{"type":"Feature","geometry":{"type":"LineString","coordinates":[[-79.773607,43.601321],[-79.788385,43.617499]]},"properties":{"PingCount":1,"AvgSpeedKmh":30.3}},{"type":"Feature","geometry":{"type":"LineString","coordinates":[[-79.773607,43.601321],[-79.629865,43.651686]]},"properties":{"PingCount":3,"AvgSpeedKmh":16.8}},{"type":"Feature","geometry":{"type":"LineString","coordinates":[[-79.773607,43.601321],[-79.676401,43.711822]]},"properties":{"PingCount":2,"AvgSpeedKmh":14.6}},{"type":"Feature","geometry":{"type":"LineString","coordinates":[[-79.78672,43.600335],[-79.80098,43.59638]]},"properties":{"PingCount":2,"AvgSpeedKmh":31.0}},{"type":"Feature","geometry":{"type":"LineString","coordinates":[[-79.78672,43.600335],[-79.706665,43.62097]]},"properties":{"PingCount":3,"AvgSpeedKmh":99.2}},{"type":"Feature","geometry":{"type":"LineString","coordinates":[[-79.78672,43.600335],[-79.732393,43.617499]]},"properties":{"PingCount":67,"AvgSpeedKmh":93.2}},{"type":"Feature","geometry":{"type":"LineString","coordinates":[[-79.78672,43.600335],[-79.788385,43.617499]]},"properties":{"PingCount":69,"AvgSpeedKmh":30.8}},{"type":"Feature","geometry":{"type":"LineString","coordinates":[[-79.78672,43.600335],[-79.807049,43.617499]]},"properties":{"PingCount":1,"AvgSpeedKmh":36.8}},{"type":"Feature","geometry":{"type":"LineString","coordinates":[[-79.78672,43.600335],[-79.751057,43.630974]]},"properties":{"PingCount":4,"AvgSpeedKmh":91.9}},{"type":"Feature","geometry":{"type":"LineString","coordinates":[[-79.78672,43.600335],[-79.769721,43.630974]]},"properties":{"PingCount":19,"AvgSpeedKmh":50.9}},{"type":"Feature","geometry":{"type":"LineString","coordinates":[[-79.78672,43.600335],[-79.751057,43.644448]]},"properties":{"PingCount":1,"AvgSpeedKmh":17.7}},{"type":"Feature","geometry":{"type":"LineString","coordinates":[[-79.78672,43.600335],[-79.751057,43.657923]]},"properties":{"PingCount":1,"AvgSpeedKmh":47.0}},{"type":"Feature","geometry":{"type":"LineString","coordinates":[[-79.80098,43.59638],[-79.788385,43.617499]]},"properties":{"PingCount":4,"AvgSpeedKmh":37.7}},{"type":"Feature","geometry":{"type":"LineString","coordinates":[[-79.80098,43.59638],[-79.769721,43.630974]]},"properties":{"PingCount":1,"AvgSpeedKmh":58.5}},{"type":"Feature","geometry":{"type":"LineString","coordinates":[[-79.881705,43.604024],[-79.881705,43.617499]]},"properties":{"PingCount":1,"AvgSpeedKmh":33.7}},{"type":"Feature","geometry":{"type":"LineString","coordinates":[[-79.900368,43.604024],[-79.919032,43.630974]]},"properties":{"PingCount":2,"AvgSpeedKmh":62.7}},{"type":"Feature","geometry":{"type":"LineString","coordinates":[[-79.49941,43.623109],[-79.554609,43.624098]]},"properties":{"PingCount":3,"AvgSpeedKmh":84.4}},{"type":"Feature","geometry":{"type":"LineString","coordinates":[[-79.49941,43.623109],[-79.476048,43.631448]]},"properties":{"PingCount":1,"AvgSpeedKmh":48.6}},{"type":"Feature","geometry":{"type":"LineString","coordinates":[[-79.49941,43.623109],[-79.452434,43.644448]]},"properties":{"PingCount":2,"AvgSpeedKmh":84.8}},{"type":"Feature","geometry":{"type":"LineString","coordinates":[[-79.505737,43.621604],[-79.517531,43.619275]]},"properties":{"PingCount":30,"AvgSpeedKmh":23.7}},{"type":"Feature","geometry":{"type":"LineString","coordinates":[[-79.505737,43.621604],[-79.554609,43.624098]]},"properties":{"PingCount":24,"AvgSpeedKmh":58.4}},{"type":"Feature","geometry":{"type":"LineString","coordinates":[[-79.505737,43.621604],[-79.476048,43.631448]]},"properties":{"PingCount":11,"AvgSpeedKmh":71.1}},{"type":"Feature","geometry":{"type":"LineString","coordinates":[[-79.505737,43.621604],[-79.486278,43.62629]]},"properties":{"PingCount":11,"AvgSpeedKmh":37.1}},{"type":"Feature","geometry":{"type":"LineString","coordinates":[[-79.505737,43.621604],[-79.508426,43.630974]]},"properties":{"PingCount":18,"AvgSpeedKmh":17.4}},{"type":"Feature","geometry":{"type":"LineString","coordinates":[[-79.505737,43.621604],[-79.52709,43.630974]]},"properties":{"PingCount":8,"AvgSpeedKmh":19.4}},{"type":"Feature","geometry":{"type":"LineString","coordinates":[[-79.505737,43.621604],[-79.557292,43.631482]]},"properties":{"PingCount":3,"AvgSpeedKmh":69.0}},{"type":"Feature","geometry":{"type":"LineString","coordinates":[[-79.505737,43.621604],[-79.452434,43.644448]]},"properties":{"PingCount":6,"AvgSpeedKmh":85.5}},{"type":"Feature","geometry":{"type":"LineString","coordinates":[[-79.505737,43.621604],[-79.476277,43.651163]]},"properties":{"PingCount":3,"AvgSpeedKmh":84.4}},{"type":"Feature","geometry":{"type":"LineString","coordinates":[[-79.517531,43.619275],[-79.554609,43.624098]]},"properties":{"PingCount":39,"AvgSpeedKmh":36.7}},{"type":"Feature","geometry":{"type":"LineString","coordinates":[[-79.517531,43.619275],[-79.553382,43.619277]]},"properties":{"PingCount":1,"AvgSpeedKmh":41.6}},{"type":"Feature","geometry":{"type":"LineString","coordinates":[[-79.517531,43.619275],[-79.476048,43.631448]]},"properties":{"PingCount":12,"AvgSpeedKmh":88.5}},{"type":"Feature","geometry":{"type":"LineString","coordinates":[[-79.517531,43.619275],[-79.486278,43.62629]]},"properties":{"PingCount":2,"AvgSpeedKmh":69.3}},{"type":"Feature","geometry":{"type":"LineString","coordinates":[[-79.517531,43.619275],[-79.508426,43.630974]]},"properties":{"PingCount":3,"AvgSpeedKmh":28.7}},{"type":"Feature","geometry":{"type":"LineString","coordinates":[[-79.517531,43.619275],[-79.52709,43.630974]]},"properties":{"PingCount":5,"AvgSpeedKmh":12.2}},{"type":"Feature","geometry":{"type":"LineString","coordinates":[[-79.517531,43.619275],[-79.557292,43.631482]]},"properties":{"PingCount":18,"AvgSpeedKmh":62.0}},{"type":"Feature","geometry":{"type":"LineString","coordinates":[[-79.517531,43.619275],[-79.535086,43.640933]]},"properties":{"PingCount":1,"AvgSpeedKmh":37.6}},{"type":"Feature","geometry":{"type":"LineString","coordinates":[[-79.517531,43.619275],[-79.560882,43.639333]]},"properties":{"PingCount":4,"AvgSpeedKmh":72.1}},{"type":"Feature","geometry":{"type":"LineString","coordinates":[[-79.517531,43.619275],[-79.59339,43.680867]]},"properties":{"PingCount":1,"AvgSpeedKmh":5.9}},{"type":"Feature","geometry":{"type":"LineString","coordinates":[[-79.554609,43.624098],[-79.553382,43.619277]]},"properties":{"PingCount":142,"AvgSpeedKmh":13.4}},{"type":"Feature","geometry":{"type":"LineString","coordinates":[[-79.554609,43.624098],[-79.486278,43.62629]]},"properties":{"PingCount":13,"AvgSpeedKmh":89.4}},{"type":"Feature","geometry":{"type":"LineString","coordinates":[[-79.554609,43.624098],[-79.508426,43.630974]]},"properties":{"PingCount":2,"AvgSpeedKmh":48.4}},{"type":"Feature","geometry":{"type":"LineString","coordinates":[[-79.554609,43.624098],[-79.52709,43.630974]]},"properties":{"PingCount":7,"AvgSpeedKmh":24.6}},{"type":"Feature","geometry":{"type":"LineString","coordinates":[[-79.554609,43.624098],[-79.554906,43.628948]]},"properties":{"PingCount":2,"AvgSpeedKmh":25.8}},{"type":"Feature","geometry":{"type":"LineString","coordinates":[[-79.554609,43.624098],[-79.557292,43.631482]]},"properties":{"PingCount":79,"AvgSpeedKmh":39.2}},{"type":"Feature","geometry":{"type":"LineString","coordinates":[[-79.554609,43.624098],[-79.560882,43.639333]]},"properties":{"PingCount":115,"AvgSpeedKmh":69.8}},{"type":"Feature","geometry":{"type":"LineString","coordinates":[[-79.554609,43.624098],[-79.568251,43.654965]]},"properties":{"PingCount":87,"AvgSpeedKmh":85.9}},{"type":"Feature","geometry":{"type":"LineString","coordinates":[[-79.553382,43.619277],[-79.583217,43.609765]]},"properties":{"PingCount":31,"AvgSpeedKmh":14.5}},{"type":"Feature","geometry":{"type":"LineString","coordinates":[[-79.553382,43.619277],[-79.508426,43.630974]]},"properties":{"PingCount":1,"AvgSpeedKmh":4.8}},{"type":"Feature","geometry":{"type":"LineString","coordinates":[[-79.553382,43.619277],[-79.554906,43.628948]]},"properties":{"PingCount":6,"AvgSpeedKmh":24.9}},{"type":"Feature","geometry":{"type":"LineString","coordinates":[[-79.553382,43.619277],[-79.557292,43.631482]]},"properties":{"PingCount":97,"AvgSpeedKmh":22.8}},{"type":"Feature","geometry":{"type":"LineString","coordinates":[[-79.553382,43.619277],[-79.583081,43.630974]]},"properties":{"PingCount":2,"AvgSpeedKmh":9.3}},{"type":"Feature","geometry":{"type":"LineString","coordinates":[[-79.553382,43.619277],[-79.560882,43.639333]]},"properties":{"PingCount":6,"AvgSpeedKmh":58.7}},{"type":"Feature","geometry":{"type":"LineString","coordinates":[[-79.553382,43.619277],[-79.568251,43.654965]]},"properties":{"PingCount":2,"AvgSpeedKmh":79.4}},{"type":"Feature","geometry":{"type":"LineString","coordinates":[[-79.553382,43.619277],[-79.43377,43.671398]]},"properties":{"PingCount":1,"AvgSpeedKmh":8.5}},{"type":"Feature","geometry":{"type":"LineString","coordinates":[[-79.553382,43.619277],[-79.59216,43.676473]]},"properties":{"PingCount":1,"AvgSpeedKmh":30.8}},{"type":"Feature","geometry":{"type":"LineString","coordinates":[[-79.553382,43.619277],[-79.510044,43.717682]]},"properties":{"PingCount":1,"AvgSpeedKmh":12.8}},{"type":"Feature","geometry":{"type":"LineString","coordinates":[[-79.553382,43.619277],[-79.555748,43.70812]]},"properties":{"PingCount":1,"AvgSpeedKmh":11.3}},{"type":"Feature","geometry":{"type":"LineString","coordinates":[[-79.553382,43.619277],[-79.480076,43.722641]]},"properties":{"PingCount":1,"AvgSpeedKmh":14.5}},{"type":"Feature","geometry":{"type":"LineString","coordinates":[[-79.553382,43.619277],[-79.52709,43.738771]]},"properties":{"PingCount":1,"AvgSpeedKmh":18.2}},{"type":"Feature","geometry":{"type":"LineString","coordinates":[[-79.553382,43.619277],[-79.545753,43.752246]]},"properties":{"PingCount":1,"AvgSpeedKmh":15.8}},{"type":"Feature","geometry":{"type":"LineString","coordinates":[[-79.553382,43.619277],[-78.985835,43.886992]]},"properties":{"PingCount":1,"AvgSpeedKmh":55.3}},{"type":"Feature","geometry":{"type":"LineString","coordinates":[[-79.583217,43.609765],[-79.601745,43.617499]]},"properties":{"PingCount":26,"AvgSpeedKmh":18.2}},{"type":"Feature","geometry":{"type":"LineString","coordinates":[[-79.583217,43.609765],[-79.557292,43.631482]]},"properties":{"PingCount":25,"AvgSpeedKmh":33.9}},{"type":"Feature","geometry":{"type":"LineString","coordinates":[[-79.583217,43.609765],[-79.583081,43.630974]]},"properties":{"PingCount":3,"AvgSpeedKmh":9.5}},{"type":"Feature","geometry":{"type":"LineString","coordinates":[[-79.583217,43.609765],[-79.601745,43.630974]]},"properties":{"PingCount":3,"AvgSpeedKmh":40.7}},{"type":"Feature","geometry":{"type":"LineString","coordinates":[[-79.601745,43.617499],[-79.601745,43.630974]]},"properties":{"PingCount":11,"AvgSpeedKmh":23.9}},{"type":"Feature","geometry":{"type":"LineString","coordinates":[[-79.601745,43.617499],[-79.620409,43.630974]]},"properties":{"PingCount":15,"AvgSpeedKmh":29.5}},{"type":"Feature","geometry":{"type":"LineString","coordinates":[[-79.620409,43.617499],[-79.636143,43.622157]]},"properties":{"PingCount":3,"AvgSpeedKmh":15.4}},{"type":"Feature","geometry":{"type":"LineString","coordinates":[[-79.620409,43.617499],[-79.601745,43.630974]]},"properties":{"PingCount":4,"AvgSpeedKmh":32.2}},{"type":"Feature","geometry":{"type":"LineString","coordinates":[[-79.620409,43.617499],[-79.620409,43.630974]]},"properties":{"PingCount":1,"AvgSpeedKmh":39.1}},{"type":"Feature","geometry":{"type":"LineString","coordinates":[[-79.620409,43.617499],[-79.642173,43.626553]]},"properties":{"PingCount":2,"AvgSpeedKmh":45.2}},{"type":"Feature","geometry":{"type":"LineString","coordinates":[[-79.620409,43.617499],[-79.666397,43.636809]]},"properties":{"PingCount":4,"AvgSpeedKmh":59.9}},{"type":"Feature","geometry":{"type":"LineString","coordinates":[[-79.620409,43.617499],[-79.652717,43.64108]]},"properties":{"PingCount":2,"AvgSpeedKmh":76.3}},{"type":"Feature","geometry":{"type":"LineString","coordinates":[[-79.636143,43.622157],[-79.663464,43.61453]]},"properties":{"PingCount":16,"AvgSpeedKmh":20.2}},{"type":"Feature","geometry":{"type":"LineString","coordinates":[[-79.636143,43.622157],[-79.620409,43.630974]]},"properties":{"PingCount":12,"AvgSpeedKmh":28.2}},{"type":"Feature","geometry":{"type":"LineString","coordinates":[[-79.636143,43.622157],[-79.642173,43.626553]]},"properties":{"PingCount":88,"AvgSpeedKmh":29.9}},{"type":"Feature","geometry":{"type":"LineString","coordinates":[[-79.636143,43.622157],[-79.666397,43.636809]]},"properties":{"PingCount":47,"AvgSpeedKmh":36.9}},{"type":"Feature","geometry":{"type":"LineString","coordinates":[[-79.636143,43.622157],[-79.667504,43.636548]]},"properties":{"PingCount":1,"AvgSpeedKmh":47.8}},{"type":"Feature","geometry":{"type":"LineString","coordinates":[[-79.636143,43.622157],[-79.636078,43.648382]]},"properties":{"PingCount":19,"AvgSpeedKmh":64.7}},{"type":"Feature","geometry":{"type":"LineString","coordinates":[[-79.636143,43.622157],[-79.652717,43.64108]]},"properties":{"PingCount":18,"AvgSpeedKmh":62.9}},{"type":"Feature","geometry":{"type":"LineString","coordinates":[[-79.636143,43.622157],[-79.668178,43.645259]]},"properties":{"PingCount":20,"AvgSpeedKmh":85.5}},{"type":"Feature","geometry":{"type":"LineString","coordinates":[[-79.636143,43.622157],[-79.620019,43.655517]]},"properties":{"PingCount":2,"AvgSpeedKmh":68.1}},{"type":"Feature","geometry":{"type":"LineString","coordinates":[[-79.636143,43.622157],[-79.683849,43.656434]]},"properties":{"PingCount":3,"AvgSpeedKmh":94.9}},{"type":"Feature","geometry":{"type":"LineString","coordinates":[[-79.636143,43.622157],[-79.657737,43.684872]]},"properties":{"PingCount":1,"AvgSpeedKmh":26.7}},{"type":"Feature","geometry":{"type":"LineString","coordinates":[[-79.636143,43.622157],[-79.676401,43.711822]]},"properties":{"PingCount":1,"AvgSpeedKmh":23.3}},{"type":"Feature","geometry":{"type":"LineString","coordinates":[[-79.663464,43.61453],[-79.670295,43.619377]]},"properties":{"PingCount":7,"AvgSpeedKmh":23.5}},{"type":"Feature","geometry":{"type":"LineString","coordinates":[[-79.663464,43.61453],[-79.642173,43.626553]]},"properties":{"PingCount":3,"AvgSpeedKmh":39.5}},{"type":"Feature","geometry":{"type":"LineString","coordinates":[[-79.663464,43.61453],[-79.666397,43.636809]]},"properties":{"PingCount":6,"AvgSpeedKmh":22.9}},{"type":"Feature","geometry":{"type":"LineString","coordinates":[[-79.663464,43.61453],[-79.667504,43.636548]]},"properties":{"PingCount":6,"AvgSpeedKmh":43.1}},{"type":"Feature","geometry":{"type":"LineString","coordinates":[[-79.663464,43.61453],[-79.668178,43.645259]]},"properties":{"PingCount":3,"AvgSpeedKmh":48.3}},{"type":"Feature","geometry":{"type":"LineString","coordinates":[[-79.670295,43.619377],[-79.701441,43.623017]]},"properties":{"PingCount":23,"AvgSpeedKmh":14.9}},{"type":"Feature","geometry":{"type":"LineString","coordinates":[[-79.670295,43.619377],[-79.666397,43.636809]]},"properties":{"PingCount":9,"AvgSpeedKmh":25.5}},{"type":"Feature","geometry":{"type":"LineString","coordinates":[[-79.670295,43.619377],[-79.667504,43.636548]]},"properties":{"PingCount":49,"AvgSpeedKmh":15.9}},{"type":"Feature","geometry":{"type":"LineString","coordinates":[[-79.670295,43.619377],[-79.694189,43.63707]]},"properties":{"PingCount":4,"AvgSpeedKmh":31.7}},{"type":"Feature","geometry":{"type":"LineString","coordinates":[[-79.670295,43.619377],[-79.652717,43.64108]]},"properties":{"PingCount":2,"AvgSpeedKmh":32.6}},{"type":"Feature","geometry":{"type":"LineString","coordinates":[[-79.701441,43.623017],[-79.706665,43.62097]]},"properties":{"PingCount":17,"AvgSpeedKmh":24.9}},{"type":"Feature","geometry":{"type":"LineString","coordinates":[[-79.701441,43.623017],[-79.732393,43.617499]]},"properties":{"PingCount":4,"AvgSpeedKmh":47.1}},{"type":"Feature","geometry":{"type":"LineString","coordinates":[[-79.701441,43.623017],[-79.751057,43.617499]]},"properties":{"PingCount":2,"AvgSpeedKmh":53.7}},{"type":"Feature","geometry":{"type":"LineString","coordinates":[[-79.701441,43.623017],[-79.667504,43.636548]]},"properties":{"PingCount":86,"AvgSpeedKmh":22.9}},{"type":"Feature","geometry":{"type":"LineString","coordinates":[[-79.701441,43.623017],[-79.694189,43.63707]]},"properties":{"PingCount":37,"AvgSpeedKmh":20.7}},{"type":"Feature","geometry":{"type":"LineString","coordinates":[[-79.701441,43.623017],[-79.713729,43.630974]]},"properties":{"PingCount":29,"AvgSpeedKmh":38.3}},{"type":"Feature","geometry":{"type":"LineString","coordinates":[[-79.701441,43.623017],[-79.636078,43.648382]]},"properties":{"PingCount":13,"AvgSpeedKmh":94.1}},{"type":"Feature","geometry":{"type":"LineString","coordinates":[[-79.701441,43.623017],[-79.652717,43.64108]]},"properties":{"PingCount":47,"AvgSpeedKmh":85.6}},{"type":"Feature","geometry":{"type":"LineString","coordinates":[[-79.701441,43.623017],[-79.668178,43.645259]]},"properties":{"PingCount":5,"AvgSpeedKmh":71.6}},{"type":"Feature","geometry":{"type":"LineString","coordinates":[[-79.701441,43.623017],[-79.705986,43.646041]]},"properties":{"PingCount":1,"AvgSpeedKmh":45.3}},{"type":"Feature","geometry":{"type":"LineString","coordinates":[[-79.701441,43.623017],[-79.620019,43.655517]]},"properties":{"PingCount":8,"AvgSpeedKmh":87.6}},{"type":"Feature","geometry":{"type":"LineString","coordinates":[[-79.701441,43.623017],[-79.683849,43.656434]]},"properties":{"PingCount":1,"AvgSpeedKmh":45.2}},{"type":"Feature","geometry":{"type":"LineString","coordinates":[[-79.701441,43.623017],[-79.690656,43.661537]]},"properties":{"PingCount":2,"AvgSpeedKmh":52.8}},{"type":"Feature","geometry":{"type":"LineString","coordinates":[[-79.701441,43.623017],[-79.69962,43.6682]]},"properties":{"PingCount":1,"AvgSpeedKmh":56.3}},{"type":"Feature","geometry":{"type":"LineString","coordinates":[[-79.706665,43.62097],[-79.732393,43.617499]]},"properties":{"PingCount":10,"AvgSpeedKmh":29.9}},{"type":"Feature","geometry":{"type":"LineString","coordinates":[[-79.706665,43.62097],[-79.751057,43.617499]]},"properties":{"PingCount":13,"AvgSpeedKmh":43.0}},{"type":"Feature","geometry":{"type":"LineString","coordinates":[[-79.706665,43.62097],[-79.666397,43.636809]]},"properties":{"PingCount":33,"AvgSpeedKmh":86.8}},{"type":"Feature","geometry":{"type":"LineString","coordinates":[[-79.706665,43.62097],[-79.667504,43.636548]]},"properties":{"PingCount":106,"AvgSpeedKmh":80.0}},{"type":"Feature","geometry":{"type":"LineString","coordinates":[[-79.706665,43.62097],[-79.694189,43.63707]]},"properties":{"PingCount":18,"AvgSpeedKmh":35.3}},{"type":"Feature","geometry":{"type":"LineString","coordinates":[[-79.706665,43.62097],[-79.713729,43.630974]]},"properties":{"PingCount":9,"AvgSpeedKmh":17.9}},{"type":"Feature","geometry":{"type":"LineString","coordinates":[[-79.706665,43.62097],[-79.732393,43.630974]]},"properties":{"PingCount":2,"AvgSpeedKmh":21.6}},{"type":"Feature","geometry":{"type":"LineString","coordinates":[[-79.706665,43.62097],[-79.636078,43.648382]]},"properties":{"PingCount":8,"AvgSpeedKmh":82.3}},{"type":"Feature","geometry":{"type":"LineString","coordinates":[[-79.706665,43.62097],[-79.652717,43.64108]]},"properties":{"PingCount":137,"AvgSpeedKmh":91.3}},{"type":"Feature","geometry":{"type":"LineString","coordinates":[[-79.706665,43.62097],[-79.668178,43.645259]]},"properties":{"PingCount":6,"AvgSpeedKmh":58.7}},{"type":"Feature","geometry":{"type":"LineString","coordinates":[[-79.706665,43.62097],[-79.608178,43.662465]]},"properties":{"PingCount":1,"AvgSpeedKmh":97.0}},{"type":"Feature","geometry":{"type":"LineString","coordinates":[[-79.706665,43.62097],[-79.620019,43.655517]]},"properties":{"PingCount":3,"AvgSpeedKmh":89.3}},{"type":"Feature","geometry":{"type":"LineString","coordinates":[[-79.706665,43.62097],[-79.683849,43.656434]]},"properties":{"PingCount":1,"AvgSpeedKmh":55.0}},{"type":"Feature","geometry":{"type":"LineString","coordinates":[[-79.706665,43.62097],[-79.690656,43.661537]]},"properties":{"PingCount":2,"AvgSpeedKmh":57.3}},{"type":"Feature","geometry":{"type":"LineString","coordinates":[[-79.732393,43.617499],[-79.751057,43.617499]]},"properties":{"PingCount":21,"AvgSpeedKmh":28.7}},{"type":"Feature","geometry":{"type":"LineString","coordinates":[[-79.732393,43.617499],[-79.769721,43.617499]]},"properties":{"PingCount":11,"AvgSpeedKmh":35.1}},{"type":"Feature","geometry":{"type":"LineString","coordinates":[[-79.732393,43.617499],[-79.666397,43.636809]]},"properties":{"PingCount":1,"AvgSpeedKmh":74.4}},{"type":"Feature","geometry":{"type":"LineString","coordinates":[[-79.732393,43.617499],[-79.667504,43.636548]]},"properties":{"PingCount":124,"AvgSpeedKmh":92.2}},{"type":"Feature","geometry":{"type":"LineString","coordinates":[[-79.732393,43.617499],[-79.694189,43.63707]]},"properties":{"PingCount":18,"AvgSpeedKmh":71.6}},{"type":"Feature","geometry":{"type":"LineString","coordinates":[[-79.732393,43.617499],[-79.713729,43.630974]]},"properties":{"PingCount":4,"AvgSpeedKmh":34.5}},{"type":"Feature","geometry":{"type":"LineString","coordinates":[[-79.732393,43.617499],[-79.732393,43.630974]]},"properties":{"PingCount":17,"AvgSpeedKmh":28.6}},{"type":"Feature","geometry":{"type":"LineString","coordinates":[[-79.732393,43.617499],[-79.751057,43.630974]]},"properties":{"PingCount":2,"AvgSpeedKmh":16.6}},{"type":"Feature","geometry":{"type":"LineString","coordinates":[[-79.732393,43.617499],[-79.636078,43.648382]]},"properties":{"PingCount":5,"AvgSpeedKmh":94.9}},{"type":"Feature","geometry":{"type":"LineString","coordinates":[[-79.732393,43.617499],[-79.652717,43.64108]]},"properties":{"PingCount":13,"AvgSpeedKmh":80.8}},{"type":"Feature","geometry":{"type":"LineString","coordinates":[[-79.732393,43.617499],[-79.668178,43.645259]]},"properties":{"PingCount":4,"AvgSpeedKmh":70.1}},{"type":"Feature","geometry":{"type":"LineString","coordinates":[[-79.732393,43.617499],[-79.620019,43.655517]]},"properties":{"PingCount":1,"AvgSpeedKmh":78.1}},{"type":"Feature","geometry":{"type":"LineString","coordinates":[[-79.732393,43.617499],[-79.683849,43.656434]]},"properties":{"PingCount":1,"AvgSpeedKmh":67.3}},{"type":"Feature","geometry":{"type":"LineString","coordinates":[[-79.751057,43.617499],[-79.769721,43.617499]]},"properties":{"PingCount":65,"AvgSpeedKmh":21.2}},{"type":"Feature","geometry":{"type":"LineString","coordinates":[[-79.751057,43.617499],[-79.694189,43.63707]]},"properties":{"PingCount":2,"AvgSpeedKmh":63.3}},{"type":"Feature","geometry":{"type":"LineString","coordinates":[[-79.751057,43.617499],[-79.713729,43.630974]]},"properties":{"PingCount":19,"AvgSpeedKmh":43.7}},{"type":"Feature","geometry":{"type":"LineString","coordinates":[[-79.751057,43.617499],[-79.732393,43.630974]]},"properties":{"PingCount":99,"AvgSpeedKmh":40.5}},{"type":"Feature","geometry":{"type":"LineString","coordinates":[[-79.751057,43.617499],[-79.751057,43.630974]]},"properties":{"PingCount":19,"AvgSpeedKmh":29.1}},{"type":"Feature","geometry":{"type":"LineString","coordinates":[[-79.751057,43.617499],[-79.769721,43.630974]]},"properties":{"PingCount":6,"AvgSpeedKmh":37.1}},{"type":"Feature","geometry":{"type":"LineString","coordinates":[[-79.751057,43.617499],[-79.705986,43.646041]]},"properties":{"PingCount":1,"AvgSpeedKmh":57.7}},{"type":"Feature","geometry":{"type":"LineString","coordinates":[[-79.751057,43.617499],[-79.629865,43.651686]]},"properties":{"PingCount":1,"AvgSpeedKmh":22.0}},{"type":"Feature","geometry":{"type":"LineString","coordinates":[[-79.751057,43.617499],[-79.720498,43.656445]]},"properties":{"PingCount":1,"AvgSpeedKmh":98.6}},{"type":"Feature","geometry":{"type":"LineString","coordinates":[[-79.751057,43.617499],[-79.676401,43.684872]]},"properties":{"PingCount":1,"AvgSpeedKmh":10.4}},{"type":"Feature","geometry":{"type":"LineString","coordinates":[[-79.751057,43.617499],[-79.676401,43.711822]]},"properties":{"PingCount":1,"AvgSpeedKmh":12.5}},{"type":"Feature","geometry":{"type":"LineString","coordinates":[[-79.769721,43.617499],[-79.788385,43.617499]]},"properties":{"PingCount":6,"AvgSpeedKmh":18.6}},{"type":"Feature","geometry":{"type":"LineString","coordinates":[[-79.769721,43.617499],[-79.751057,43.630974]]},"properties":{"PingCount":1,"AvgSpeedKmh":38.5}},{"type":"Feature","geometry":{"type":"LineString","coordinates":[[-79.769721,43.617499],[-79.769721,43.630974]]},"properties":{"PingCount":82,"AvgSpeedKmh":8.7}},{"type":"Feature","geometry":{"type":"LineString","coordinates":[[-79.769721,43.617499],[-79.788385,43.630974]]},"properties":{"PingCount":3,"AvgSpeedKmh":23.7}},{"type":"Feature","geometry":{"type":"LineString","coordinates":[[-79.769721,43.617499],[-79.732393,43.644448]]},"properties":{"PingCount":4,"AvgSpeedKmh":86.7}},{"type":"Feature","geometry":{"type":"LineString","coordinates":[[-79.769721,43.617499],[-79.751057,43.644448]]},"properties":{"PingCount":4,"AvgSpeedKmh":29.8}},{"type":"Feature","geometry":{"type":"LineString","coordinates":[[-79.769721,43.617499],[-79.769721,43.644448]]},"properties":{"PingCount":4,"AvgSpeedKmh":28.3}},{"type":"Feature","geometry":{"type":"LineString","coordinates":[[-79.769721,43.617499],[-79.723421,43.65855]]},"properties":{"PingCount":1,"AvgSpeedKmh":20.5}},{"type":"Feature","geometry":{"type":"LineString","coordinates":[[-79.769721,43.617499],[-79.710572,43.684581]]},"properties":{"PingCount":1,"AvgSpeedKmh":10.0}},{"type":"Feature","geometry":{"type":"LineString","coordinates":[[-79.788385,43.617499],[-79.769721,43.630974]]},"properties":{"PingCount":72,"AvgSpeedKmh":35.7}},{"type":"Feature","geometry":{"type":"LineString","coordinates":[[-79.788385,43.617499],[-79.732393,43.644448]]},"properties":{"PingCount":1,"AvgSpeedKmh":90.2}},{"type":"Feature","geometry":{"type":"LineString","coordinates":[[-79.788385,43.617499],[-79.769721,43.644448]]},"properties":{"PingCount":4,"AvgSpeedKmh":54.5}},{"type":"Feature","geometry":{"type":"LineString","coordinates":[[-79.807049,43.617499],[-79.825713,43.630974]]},"properties":{"PingCount":1,"AvgSpeedKmh":31.3}},{"type":"Feature","geometry":{"type":"LineString","coordinates":[[-79.881705,43.617499],[-79.881705,43.630974]]},"properties":{"PingCount":2,"AvgSpeedKmh":38.4}},{"type":"Feature","geometry":{"type":"LineString","coordinates":[[-79.900368,43.617499],[-79.937696,43.630974]]},"properties":{"PingCount":1,"AvgSpeedKmh":67.6}},{"type":"Feature","geometry":{"type":"LineString","coordinates":[[-79.452434,43.630974],[-79.476048,43.631448]]},"properties":{"PingCount":3,"AvgSpeedKmh":40.5}},{"type":"Feature","geometry":{"type":"LineString","coordinates":[[-79.452434,43.630974],[-79.486278,43.62629]]},"properties":{"PingCount":1,"AvgSpeedKmh":83.9}},{"type":"Feature","geometry":{"type":"LineString","coordinates":[[-79.452434,43.630974],[-79.452434,43.644448]]},"properties":{"PingCount":4,"AvgSpeedKmh":19.6}},{"type":"Feature","geometry":{"type":"LineString","coordinates":[[-79.452434,43.630974],[-79.35994,43.676043]]},"properties":{"PingCount":1,"AvgSpeedKmh":5.3}},{"type":"Feature","geometry":{"type":"LineString","coordinates":[[-79.452434,43.630974],[-79.359114,43.684872]]},"properties":{"PingCount":1,"AvgSpeedKmh":29.1}},{"type":"Feature","geometry":{"type":"LineString","coordinates":[[-79.452434,43.630974],[-79.34045,43.698347]]},"properties":{"PingCount":1,"AvgSpeedKmh":51.5}},{"type":"Feature","geometry":{"type":"LineString","coordinates":[[-79.452434,43.630974],[-79.359114,43.698347]]},"properties":{"PingCount":1,"AvgSpeedKmh":48.1}},{"type":"Feature","geometry":{"type":"LineString","coordinates":[[-79.476048,43.631448],[-79.486278,43.62629]]},"properties":{"PingCount":8,"AvgSpeedKmh":22.8}},{"type":"Feature","geometry":{"type":"LineString","coordinates":[[-79.476048,43.631448],[-79.508426,43.630974]]},"properties":{"PingCount":1,"AvgSpeedKmh":42.6}},{"type":"Feature","geometry":{"type":"LineString","coordinates":[[-79.476048,43.631448],[-79.43377,43.644448]]},"properties":{"PingCount":1,"AvgSpeedKmh":13.7}},{"type":"Feature","geometry":{"type":"LineString","coordinates":[[-79.476048,43.631448],[-79.452434,43.644448]]},"properties":{"PingCount":9,"AvgSpeedKmh":29.4}},{"type":"Feature","geometry":{"type":"LineString","coordinates":[[-79.476048,43.631448],[-79.476277,43.651163]]},"properties":{"PingCount":4,"AvgSpeedKmh":15.2}},{"type":"Feature","geometry":{"type":"LineString","coordinates":[[-79.476048,43.631448],[-79.485764,43.648353]]},"properties":{"PingCount":1,"AvgSpeedKmh":29.4}},{"type":"Feature","geometry":{"type":"LineString","coordinates":[[-79.476048,43.631448],[-79.43534,43.659895]]},"properties":{"PingCount":2,"AvgSpeedKmh":13.7}},{"type":"Feature","geometry":{"type":"LineString","coordinates":[[-79.476048,43.631448],[-79.35994,43.676043]]},"properties":{"PingCount":3,"AvgSpeedKmh":37.3}},{"type":"Feature","geometry":{"type":"LineString","coordinates":[[-79.476048,43.631448],[-79.359114,43.684872]]},"properties":{"PingCount":3,"AvgSpeedKmh":34.2}},{"type":"Feature","geometry":{"type":"LineString","coordinates":[[-79.476048,43.631448],[-79.359114,43.698347]]},"properties":{"PingCount":2,"AvgSpeedKmh":27.1}},{"type":"Feature","geometry":{"type":"LineString","coordinates":[[-79.486278,43.62629],[-79.508426,43.630974]]},"properties":{"PingCount":3,"AvgSpeedKmh":29.9}},{"type":"Feature","geometry":{"type":"LineString","coordinates":[[-79.486278,43.62629],[-79.452434,43.644448]]},"properties":{"PingCount":10,"AvgSpeedKmh":64.4}},{"type":"Feature","geometry":{"type":"LineString","coordinates":[[-79.486278,43.62629],[-79.476277,43.651163]]},"properties":{"PingCount":3,"AvgSpeedKmh":42.5}},{"type":"Feature","geometry":{"type":"LineString","coordinates":[[-79.486278,43.62629],[-79.35994,43.676043]]},"properties":{"PingCount":1,"AvgSpeedKmh":9.7}},{"type":"Feature","geometry":{"type":"LineString","coordinates":[[-79.486278,43.62629],[-79.359114,43.684872]]},"properties":{"PingCount":2,"AvgSpeedKmh":43.9}},{"type":"Feature","geometry":{"type":"LineString","coordinates":[[-79.486278,43.62629],[-79.359114,43.698347]]},"properties":{"PingCount":1,"AvgSpeedKmh":9.6}},{"type":"Feature","geometry":{"type":"LineString","coordinates":[[-79.508426,43.630974],[-79.52709,43.630974]]},"properties":{"PingCount":29,"AvgSpeedKmh":7.2}},{"type":"Feature","geometry":{"type":"LineString","coordinates":[[-79.508426,43.630974],[-79.535086,43.640933]]},"properties":{"PingCount":4,"AvgSpeedKmh":31.9}},{"type":"Feature","geometry":{"type":"LineString","coordinates":[[-79.508426,43.630974],[-79.375822,43.765774]]},"properties":{"PingCount":1,"AvgSpeedKmh":18.5}},{"type":"Feature","geometry":{"type":"LineString","coordinates":[[-79.52709,43.630974],[-79.554906,43.628948]]},"properties":{"PingCount":2,"AvgSpeedKmh":3.0}},{"type":"Feature","geometry":{"type":"LineString","coordinates":[[-79.52709,43.630974],[-79.535086,43.640933]]},"properties":{"PingCount":7,"AvgSpeedKmh":30.5}},{"type":"Feature","geometry":{"type":"LineString","coordinates":[[-79.554906,43.628948],[-79.557292,43.631482]]},"properties":{"PingCount":4,"AvgSpeedKmh":17.2}},{"type":"Feature","geometry":{"type":"LineString","coordinates":[[-79.554906,43.628948],[-79.535086,43.640933]]},"properties":{"PingCount":2,"AvgSpeedKmh":26.4}},{"type":"Feature","geometry":{"type":"LineString","coordinates":[[-79.554906,43.628948],[-79.560882,43.639333]]},"properties":{"PingCount":2,"AvgSpeedKmh":35.9}},{"type":"Feature","geometry":{"type":"LineString","coordinates":[[-79.554906,43.628948],[-79.568251,43.654965]]},"properties":{"PingCount":5,"AvgSpeedKmh":77.3}},{"type":"Feature","geometry":{"type":"LineString","coordinates":[[-79.557292,43.631482],[-79.583081,43.630974]]},"properties":{"PingCount":3,"AvgSpeedKmh":18.2}},{"type":"Feature","geometry":{"type":"LineString","coordinates":[[-79.557292,43.631482],[-79.560882,43.639333]]},"properties":{"PingCount":80,"AvgSpeedKmh":34.2}},{"type":"Feature","geometry":{"type":"LineString","coordinates":[[-79.557292,43.631482],[-79.568251,43.654965]]},"properties":{"PingCount":90,"AvgSpeedKmh":65.9}},{"type":"Feature","geometry":{"type":"LineString","coordinates":[[-79.557292,43.631482],[-79.57409,43.673653]]},"properties":{"PingCount":26,"AvgSpeedKmh":81.8}},{"type":"Feature","geometry":{"type":"LineString","coordinates":[[-79.557292,43.631482],[-79.59216,43.676473]]},"properties":{"PingCount":55,"AvgSpeedKmh":87.0}},{"type":"Feature","geometry":{"type":"LineString","coordinates":[[-79.557292,43.631482],[-79.684552,43.753109]]},"properties":{"PingCount":1,"AvgSpeedKmh":26.2}},{"type":"Feature","geometry":{"type":"LineString","coordinates":[[-79.557292,43.631482],[-79.204419,43.795645]]},"properties":{"PingCount":1,"AvgSpeedKmh":16.4}},{"type":"Feature","geometry":{"type":"LineString","coordinates":[[-79.601745,43.630974],[-79.620409,43.630974]]},"properties":{"PingCount":8,"AvgSpeedKmh":22.8}},{"type":"Feature","geometry":{"type":"LineString","coordinates":[[-79.601745,43.630974],[-79.583081,43.644448]]},"properties":{"PingCount":1,"AvgSpeedKmh":33.8}},{"type":"Feature","geometry":{"type":"LineString","coordinates":[[-79.601745,43.630974],[-79.629865,43.651686]]},"properties":{"PingCount":1,"AvgSpeedKmh":41.3}},{"type":"Feature","geometry":{"type":"LineString","coordinates":[[-79.620409,43.630974],[-79.642173,43.626553]]},"properties":{"PingCount":47,"AvgSpeedKmh":13.2}},{"type":"Feature","geometry":{"type":"LineString","coordinates":[[-79.620409,43.630974],[-79.629865,43.651686]]},"properties":{"PingCount":16,"AvgSpeedKmh":19.8}},{"type":"Feature","geometry":{"type":"LineString","coordinates":[[-79.620409,43.630974],[-79.636078,43.648382]]},"properties":{"PingCount":15,"AvgSpeedKmh":28.2}},{"type":"Feature","geometry":{"type":"LineString","coordinates":[[-79.620409,43.630974],[-79.620019,43.655517]]},"properties":{"PingCount":1,"AvgSpeedKmh":38.0}},{"type":"Feature","geometry":{"type":"LineString","coordinates":[[-79.620409,43.630974],[-79.591878,43.673786]]},"properties":{"PingCount":1,"AvgSpeedKmh":27.1}},{"type":"Feature","geometry":{"type":"LineString","coordinates":[[-79.642173,43.626553],[-79.666397,43.636809]]},"properties":{"PingCount":7,"AvgSpeedKmh":53.8}},{"type":"Feature","geometry":{"type":"LineString","coordinates":[[-79.642173,43.626553],[-79.667504,43.636548]]},"properties":{"PingCount":1,"AvgSpeedKmh":52.7}},{"type":"Feature","geometry":{"type":"LineString","coordinates":[[-79.642173,43.626553],[-79.694189,43.63707]]},"properties":{"PingCount":1,"AvgSpeedKmh":81.7}},{"type":"Feature","geometry":{"type":"LineString","coordinates":[[-79.642173,43.626553],[-79.629865,43.651686]]},"properties":{"PingCount":2,"AvgSpeedKmh":23.6}},{"type":"Feature","geometry":{"type":"LineString","coordinates":[[-79.642173,43.626553],[-79.636078,43.648382]]},"properties":{"PingCount":15,"AvgSpeedKmh":29.9}},{"type":"Feature","geometry":{"type":"LineString","coordinates":[[-79.642173,43.626553],[-79.652717,43.64108]]},"properties":{"PingCount":84,"AvgSpeedKmh":39.8}},{"type":"Feature","geometry":{"type":"LineString","coordinates":[[-79.642173,43.626553],[-79.668178,43.645259]]},"properties":{"PingCount":1,"AvgSpeedKmh":77.8}},{"type":"Feature","geometry":{"type":"LineString","coordinates":[[-79.642173,43.626553],[-79.620019,43.655517]]},"properties":{"PingCount":6,"AvgSpeedKmh":67.2}},{"type":"Feature","geometry":{"type":"LineString","coordinates":[[-79.642173,43.626553],[-79.629865,43.651686]]},"properties":{"PingCount":3,"AvgSpeedKmh":59.9}},{"type":"Feature","geometry":{"type":"LineString","coordinates":[[-79.642173,43.626553],[-79.657737,43.657923]]},"properties":{"PingCount":2,"AvgSpeedKmh":40.3}},{"type":"Feature","geometry":{"type":"LineString","coordinates":[[-79.642173,43.626553],[-79.683849,43.656434]]},"properties":{"PingCount":10,"AvgSpeedKmh":86.8}},{"type":"Feature","geometry":{"type":"LineString","coordinates":[[-79.642173,43.626553],[-79.690656,43.661537]]},"properties":{"PingCount":2,"AvgSpeedKmh":92.2}},{"type":"Feature","geometry":{"type":"LineString","coordinates":[[-79.666397,43.636809],[-79.667504,43.636548]]},"properties":{"PingCount":23,"AvgSpeedKmh":25.4}},{"type":"Feature","geometry":{"type":"LineString","coordinates":[[-79.666397,43.636809],[-79.694189,43.63707]]},"properties":{"PingCount":10,"AvgSpeedKmh":47.7}},{"type":"Feature","geometry":{"type":"LineString","coordinates":[[-79.666397,43.636809],[-79.713729,43.630974]]},"properties":{"PingCount":1,"AvgSpeedKmh":57.2}},{"type":"Feature","geometry":{"type":"LineString","coordinates":[[-79.666397,43.636809],[-79.636078,43.648382]]},"properties":{"PingCount":11,"AvgSpeedKmh":51.4}},{"type":"Feature","geometry":{"type":"LineString","coordinates":[[-79.666397,43.636809],[-79.652717,43.64108]]},"properties":{"PingCount":4,"AvgSpeedKmh":42.9}},{"type":"Feature","geometry":{"type":"LineString","coordinates":[[-79.666397,43.636809],[-79.668178,43.645259]]},"properties":{"PingCount":44,"AvgSpeedKmh":41.9}},{"type":"Feature","geometry":{"type":"LineString","coordinates":[[-79.666397,43.636809],[-79.705986,43.646041]]},"properties":{"PingCount":2,"AvgSpeedKmh":51.9}},{"type":"Feature","geometry":{"type":"LineString","coordinates":[[-79.666397,43.636809],[-79.608178,43.662465]]},"properties":{"PingCount":1,"AvgSpeedKmh":89.2}},{"type":"Feature","geometry":{"type":"LineString","coordinates":[[-79.666397,43.636809],[-79.620019,43.655517]]},"properties":{"PingCount":34,"AvgSpeedKmh":83.6}},{"type":"Feature","geometry":{"type":"LineString","coordinates":[[-79.666397,43.636809],[-79.629865,43.651686]]},"properties":{"PingCount":2,"AvgSpeedKmh":58.2}},{"type":"Feature","geometry":{"type":"LineString","coordinates":[[-79.666397,43.636809],[-79.683849,43.656434]]},"properties":{"PingCount":9,"AvgSpeedKmh":59.7}},{"type":"Feature","geometry":{"type":"LineString","coordinates":[[-79.666397,43.636809],[-79.690656,43.661537]]},"properties":{"PingCount":12,"AvgSpeedKmh":87.9}},{"type":"Feature","geometry":{"type":"LineString","coordinates":[[-79.666397,43.636809],[-79.591878,43.673786]]},"properties":{"PingCount":2,"AvgSpeedKmh":76.8}},{"type":"Feature","geometry":{"type":"LineString","coordinates":[[-79.666397,43.636809],[-79.69962,43.6682]]},"properties":{"PingCount":15,"AvgSpeedKmh":92.6}},{"type":"Feature","geometry":{"type":"LineString","coordinates":[[-79.666397,43.636809],[-79.710572,43.684581]]},"properties":{"PingCount":3,"AvgSpeedKmh":78.6}},{"type":"Feature","geometry":{"type":"LineString","coordinates":[[-79.666397,43.636809],[-79.676401,43.711822]]},"properties":{"PingCount":1,"AvgSpeedKmh":17.1}},{"type":"Feature","geometry":{"type":"LineString","coordinates":[[-79.667504,43.636548],[-79.694189,43.63707]]},"properties":{"PingCount":50,"AvgSpeedKmh":24.1}},{"type":"Feature","geometry":{"type":"LineString","coordinates":[[-79.667504,43.636548],[-79.713729,43.630974]]},"properties":{"PingCount":3,"AvgSpeedKmh":46.6}},{"type":"Feature","geometry":{"type":"LineString","coordinates":[[-79.667504,43.636548],[-79.629865,43.651686]]},"properties":{"PingCount":1,"AvgSpeedKmh":99.2}},{"type":"Feature","geometry":{"type":"LineString","coordinates":[[-79.667504,43.636548],[-79.636078,43.648382]]},"properties":{"PingCount":161,"AvgSpeedKmh":75.8}},{"type":"Feature","geometry":{"type":"LineString","coordinates":[[-79.667504,43.636548],[-79.652717,43.64108]]},"properties":{"PingCount":64,"AvgSpeedKmh":44.5}},{"type":"Feature","geometry":{"type":"LineString","coordinates":[[-79.667504,43.636548],[-79.668178,43.645259]]},"properties":{"PingCount":36,"AvgSpeedKmh":35.0}},{"type":"Feature","geometry":{"type":"LineString","coordinates":[[-79.667504,43.636548],[-79.705986,43.646041]]},"properties":{"PingCount":7,"AvgSpeedKmh":23.9}},{"type":"Feature","geometry":{"type":"LineString","coordinates":[[-79.667504,43.636548],[-79.608178,43.662465]]},"properties":{"PingCount":4,"AvgSpeedKmh":81.2}},{"type":"Feature","geometry":{"type":"LineString","coordinates":[[-79.667504,43.636548],[-79.620019,43.655517]]},"properties":{"PingCount":123,"AvgSpeedKmh":92.7}},{"type":"Feature","geometry":{"type":"LineString","coordinates":[[-79.667504,43.636548],[-79.629865,43.651686]]},"properties":{"PingCount":11,"AvgSpeedKmh":75.6}},{"type":"Feature","geometry":{"type":"LineString","coordinates":[[-79.667504,43.636548],[-79.683849,43.656434]]},"properties":{"PingCount":28,"AvgSpeedKmh":47.8}},{"type":"Feature","geometry":{"type":"LineString","coordinates":[[-79.667504,43.636548],[-79.690656,43.661537]]},"properties":{"PingCount":29,"AvgSpeedKmh":60.5}},{"type":"Feature","geometry":{"type":"LineString","coordinates":[[-79.667504,43.636548],[-79.591878,43.673786]]},"properties":{"PingCount":8,"AvgSpeedKmh":86.3}},{"type":"Feature","geometry":{"type":"LineString","coordinates":[[-79.667504,43.636548],[-79.69962,43.6682]]},"properties":{"PingCount":8,"AvgSpeedKmh":69.5}},{"type":"Feature","geometry":{"type":"LineString","coordinates":[[-79.667504,43.636548],[-79.705446,43.676203]]},"properties":{"PingCount":3,"AvgSpeedKmh":66.2}},{"type":"Feature","geometry":{"type":"LineString","coordinates":[[-79.667504,43.636548],[-79.639073,43.684872]]},"properties":{"PingCount":1,"AvgSpeedKmh":5.7}},{"type":"Feature","geometry":{"type":"LineString","coordinates":[[-79.667504,43.636548],[-79.710572,43.684581]]},"properties":{"PingCount":8,"AvgSpeedKmh":74.8}},{"type":"Feature","geometry":{"type":"LineString","coordinates":[[-79.667504,43.636548],[-79.562339,43.705212]]},"properties":{"PingCount":1,"AvgSpeedKmh":68.6}},{"type":"Feature","geometry":{"type":"LineString","coordinates":[[-79.694189,43.63707],[-79.713729,43.630974]]},"properties":{"PingCount":12,"AvgSpeedKmh":31.1}},{"type":"Feature","geometry":{"type":"LineString","coordinates":[[-79.694189,43.63707],[-79.636078,43.648382]]},"properties":{"PingCount":106,"AvgSpeedKmh":92.3}},{"type":"Feature","geometry":{"type":"LineString","coordinates":[[-79.694189,43.63707],[-79.652717,43.64108]]},"properties":{"PingCount":48,"AvgSpeedKmh":64.1}},{"type":"Feature","geometry":{"type":"LineString","coordinates":[[-79.694189,43.63707],[-79.668178,43.645259]]},"properties":{"PingCount":42,"AvgSpeedKmh":43.5}},{"type":"Feature","geometry":{"type":"LineString","coordinates":[[-79.694189,43.63707],[-79.705986,43.646041]]},"properties":{"PingCount":21,"AvgSpeedKmh":18.6}},{"type":"Feature","geometry":{"type":"LineString","coordinates":[[-79.694189,43.63707],[-79.705986,43.646041]]},"properties":{"PingCount":8,"AvgSpeedKmh":35.4}},{"type":"Feature","geometry":{"type":"LineString","coordinates":[[-79.694189,43.63707],[-79.732393,43.644448]]},"properties":{"PingCount":1,"AvgSpeedKmh":56.2}},{"type":"Feature","geometry":{"type":"LineString","coordinates":[[-79.694189,43.63707],[-79.608178,43.662465]]},"properties":{"PingCount":4,"AvgSpeedKmh":91.4}},{"type":"Feature","geometry":{"type":"LineString","coordinates":[[-79.694189,43.63707],[-79.620019,43.655517]]},"properties":{"PingCount":11,"AvgSpeedKmh":83.0}},{"type":"Feature","geometry":{"type":"LineString","coordinates":[[-79.694189,43.63707],[-79.629865,43.651686]]},"properties":{"PingCount":1,"AvgSpeedKmh":103.8}},{"type":"Feature","geometry":{"type":"LineString","coordinates":[[-79.694189,43.63707],[-79.683849,43.656434]]},"properties":{"PingCount":18,"AvgSpeedKmh":53.9}},{"type":"Feature","geometry":{"type":"LineString","coordinates":[[-79.694189,43.63707],[-79.690656,43.661537]]},"properties":{"PingCount":6,"AvgSpeedKmh":48.3}},{"type":"Feature","geometry":{"type":"LineString","coordinates":[[-79.694189,43.63707],[-79.69962,43.6682]]},"properties":{"PingCount":5,"AvgSpeedKmh":53.5}},{"type":"Feature","geometry":{"type":"LineString","coordinates":[[-79.694189,43.63707],[-79.705446,43.676203]]},"properties":{"PingCount":1,"AvgSpeedKmh":63.6}},{"type":"Feature","geometry":{"type":"LineString","coordinates":[[-79.694189,43.63707],[-79.710572,43.684581]]},"properties":{"PingCount":1,"AvgSpeedKmh":13.9}},{"type":"Feature","geometry":{"type":"LineString","coordinates":[[-79.713729,43.630974],[-79.732393,43.630974]]},"properties":{"PingCount":94,"AvgSpeedKmh":25.7}},{"type":"Feature","geometry":{"type":"LineString","coordinates":[[-79.713729,43.630974],[-79.751057,43.630974]]},"properties":{"PingCount":19,"AvgSpeedKmh":38.7}},{"type":"Feature","geometry":{"type":"LineString","coordinates":[[-79.713729,43.630974],[-79.652717,43.64108]]},"properties":{"PingCount":1,"AvgSpeedKmh":50.3}},{"type":"Feature","geometry":{"type":"LineString","coordinates":[[-79.713729,43.630974],[-79.668178,43.645259]]},"properties":{"PingCount":1,"AvgSpeedKmh":28.6}},{"type":"Feature","geometry":{"type":"LineString","coordinates":[[-79.713729,43.630974],[-79.705986,43.646041]]},"properties":{"PingCount":33,"AvgSpeedKmh":36.0}},{"type":"Feature","geometry":{"type":"LineString","coordinates":[[-79.713729,43.630974],[-79.705986,43.646041]]},"properties":{"PingCount":221,"AvgSpeedKmh":21.7}},{"type":"Feature","geometry":{"type":"LineString","coordinates":[[-79.713729,43.630974],[-79.732393,43.644448]]},"properties":{"PingCount":43,"AvgSpeedKmh":27.5}},{"type":"Feature","geometry":{"type":"LineString","coordinates":[[-79.713729,43.630974],[-79.629865,43.651686]]},"properties":{"PingCount":1,"AvgSpeedKmh":8.8}},{"type":"Feature","geometry":{"type":"LineString","coordinates":[[-79.713729,43.630974],[-79.690656,43.661537]]},"properties":{"PingCount":8,"AvgSpeedKmh":45.3}},{"type":"Feature","geometry":{"type":"LineString","coordinates":[[-79.713729,43.630974],[-79.723421,43.65855]]},"properties":{"PingCount":2,"AvgSpeedKmh":21.6}},{"type":"Feature","geometry":{"type":"LineString","coordinates":[[-79.713729,43.630974],[-79.676401,43.671398]]},"properties":{"PingCount":1,"AvgSpeedKmh":5.5}},{"type":"Feature","geometry":{"type":"LineString","coordinates":[[-79.713729,43.630974],[-79.614379,43.708197]]},"properties":{"PingCount":1,"AvgSpeedKmh":34.0}},{"type":"Feature","geometry":{"type":"LineString","coordinates":[[-79.732393,43.630974],[-79.751057,43.630974]]},"properties":{"PingCount":6,"AvgSpeedKmh":22.8}},{"type":"Feature","geometry":{"type":"LineString","coordinates":[[-79.732393,43.630974],[-79.705986,43.646041]]},"properties":{"PingCount":1,"AvgSpeedKmh":26.7}},{"type":"Feature","geometry":{"type":"LineString","coordinates":[[-79.732393,43.630974],[-79.705986,43.646041]]},"properties":{"PingCount":40,"AvgSpeedKmh":28.5}},{"type":"Feature","geometry":{"type":"LineString","coordinates":[[-79.732393,43.630974],[-79.732393,43.644448]]},"properties":{"PingCount":26,"AvgSpeedKmh":9.5}},{"type":"Feature","geometry":{"type":"LineString","coordinates":[[-79.732393,43.630974],[-79.690656,43.661537]]},"properties":{"PingCount":2,"AvgSpeedKmh":34.0}},{"type":"Feature","geometry":{"type":"LineString","coordinates":[[-79.751057,43.630974],[-79.769721,43.630974]]},"properties":{"PingCount":9,"AvgSpeedKmh":5.7}},{"type":"Feature","geometry":{"type":"LineString","coordinates":[[-79.751057,43.630974],[-79.705986,43.646041]]},"properties":{"PingCount":1,"AvgSpeedKmh":51.6}},{"type":"Feature","geometry":{"type":"LineString","coordinates":[[-79.751057,43.630974],[-79.751057,43.644448]]},"properties":{"PingCount":14,"AvgSpeedKmh":4.2}},{"type":"Feature","geometry":{"type":"LineString","coordinates":[[-79.751057,43.630974],[-79.769721,43.644448]]},"properties":{"PingCount":3,"AvgSpeedKmh":9.8}},{"type":"Feature","geometry":{"type":"LineString","coordinates":[[-79.751057,43.630974],[-79.720498,43.656445]]},"properties":{"PingCount":5,"AvgSpeedKmh":93.1}},{"type":"Feature","geometry":{"type":"LineString","coordinates":[[-79.751057,43.630974],[-79.69962,43.6682]]},"properties":{"PingCount":1,"AvgSpeedKmh":98.5}},{"type":"Feature","geometry":{"type":"LineString","coordinates":[[-79.769721,43.630974],[-79.788385,43.630974]]},"properties":{"PingCount":3,"AvgSpeedKmh":21.3}},{"type":"Feature","geometry":{"type":"LineString","coordinates":[[-79.769721,43.630974],[-79.751057,43.644448]]},"properties":{"PingCount":97,"AvgSpeedKmh":36.7}},{"type":"Feature","geometry":{"type":"LineString","coordinates":[[-79.769721,43.630974],[-79.769721,43.644448]]},"properties":{"PingCount":25,"AvgSpeedKmh":30.0}},{"type":"Feature","geometry":{"type":"LineString","coordinates":[[-79.769721,43.630974],[-79.788385,43.644448]]},"properties":{"PingCount":1,"AvgSpeedKmh":29.3}},{"type":"Feature","geometry":{"type":"LineString","coordinates":[[-79.769721,43.630974],[-79.807049,43.644448]]},"properties":{"PingCount":2,"AvgSpeedKmh":50.8}},{"type":"Feature","geometry":{"type":"LineString","coordinates":[[-79.769721,43.630974],[-79.723421,43.65855]]},"properties":{"PingCount":2,"AvgSpeedKmh":45.0}},{"type":"Feature","geometry":{"type":"LineString","coordinates":[[-79.769721,43.630974],[-79.751057,43.657923]]},"properties":{"PingCount":18,"AvgSpeedKmh":40.4}},{"type":"Feature","geometry":{"type":"LineString","coordinates":[[-79.769721,43.630974],[-79.735341,43.667537]]},"properties":{"PingCount":1,"AvgSpeedKmh":24.6}},{"type":"Feature","geometry":{"type":"LineString","coordinates":[[-79.769721,43.630974],[-79.695065,43.698347]]},"properties":{"PingCount":1,"AvgSpeedKmh":23.6}},{"type":"Feature","geometry":{"type":"LineString","coordinates":[[-79.769721,43.630974],[-79.676401,43.711822]]},"properties":{"PingCount":1,"AvgSpeedKmh":12.4}},{"type":"Feature","geometry":{"type":"LineString","coordinates":[[-79.788385,43.630974],[-79.769721,43.644448]]},"properties":{"PingCount":1,"AvgSpeedKmh":41.9}},{"type":"Feature","geometry":{"type":"LineString","coordinates":[[-79.788385,43.630974],[-79.788385,43.644448]]},"properties":{"PingCount":1,"AvgSpeedKmh":33.4}},{"type":"Feature","geometry":{"type":"LineString","coordinates":[[-79.788385,43.630974],[-79.807049,43.644448]]},"properties":{"PingCount":3,"AvgSpeedKmh":46.9}},{"type":"Feature","geometry":{"type":"LineString","coordinates":[[-79.788385,43.630974],[-79.807049,43.657923]]},"properties":{"PingCount":1,"AvgSpeedKmh":50.6}},{"type":"Feature","geometry":{"type":"LineString","coordinates":[[-79.825713,43.630974],[-79.844377,43.644448]]},"properties":{"PingCount":1,"AvgSpeedKmh":49.6}},{"type":"Feature","geometry":{"type":"LineString","coordinates":[[-79.881705,43.630974],[-79.880715,43.649011]]},"properties":{"PingCount":1,"AvgSpeedKmh":32.3}},{"type":"Feature","geometry":{"type":"LineString","coordinates":[[-79.881705,43.630974],[-79.903048,43.650205]]},"properties":{"PingCount":1,"AvgSpeedKmh":34.9}},{"type":"Feature","geometry":{"type":"LineString","coordinates":[[-79.919032,43.630974],[-79.937696,43.644448]]},"properties":{"PingCount":2,"AvgSpeedKmh":38.7}},{"type":"Feature","geometry":{"type":"LineString","coordinates":[[-79.937696,43.630974],[-79.951132,43.650505]]},"properties":{"PingCount":1,"AvgSpeedKmh":47.8}},{"type":"Feature","geometry":{"type":"LineString","coordinates":[[-79.415106,43.644448],[-79.43377,43.644448]]},"properties":{"PingCount":13,"AvgSpeedKmh":15.0}},{"type":"Feature","geometry":{"type":"LineString","coordinates":[[-79.415106,43.644448],[-79.383817,43.663001]]},"properties":{"PingCount":1,"AvgSpeedKmh":1.5}},{"type":"Feature","geometry":{"type":"LineString","coordinates":[[-79.415106,43.644448],[-79.396442,43.657923]]},"properties":{"PingCount":1,"AvgSpeedKmh":10.3}},{"type":"Feature","geometry":{"type":"LineString","coordinates":[[-79.415106,43.644448],[-79.418426,43.663587]]},"properties":{"PingCount":11,"AvgSpeedKmh":16.1}},{"type":"Feature","geometry":{"type":"LineString","coordinates":[[-79.43377,43.644448],[-79.452434,43.644448]]},"properties":{"PingCount":7,"AvgSpeedKmh":13.8}},{"type":"Feature","geometry":{"type":"LineString","coordinates":[[-79.43377,43.644448],[-79.418426,43.663587]]},"properties":{"PingCount":2,"AvgSpeedKmh":16.1}},{"type":"Feature","geometry":{"type":"LineString","coordinates":[[-79.43377,43.644448],[-79.43534,43.659895]]},"properties":{"PingCount":22,"AvgSpeedKmh":15.4}},{"type":"Feature","geometry":{"type":"LineString","coordinates":[[-79.43377,43.644448],[-79.452431,43.656277]]},"properties":{"PingCount":10,"AvgSpeedKmh":20.6}},{"type":"Feature","geometry":{"type":"LineString","coordinates":[[-79.43377,43.644448],[-79.35994,43.676043]]},"properties":{"PingCount":1,"AvgSpeedKmh":21.1}},{"type":"Feature","geometry":{"type":"LineString","coordinates":[[-79.43377,43.644448],[-79.359114,43.684872]]},"properties":{"PingCount":5,"AvgSpeedKmh":20.6}},{"type":"Feature","geometry":{"type":"LineString","coordinates":[[-79.43377,43.644448],[-79.34045,43.698347]]},"properties":{"PingCount":2,"AvgSpeedKmh":15.0}},{"type":"Feature","geometry":{"type":"LineString","coordinates":[[-79.452434,43.644448],[-79.476277,43.651163]]},"properties":{"PingCount":6,"AvgSpeedKmh":24.4}},{"type":"Feature","geometry":{"type":"LineString","coordinates":[[-79.452434,43.644448],[-79.383817,43.663001]]},"properties":{"PingCount":2,"AvgSpeedKmh":8.1}},{"type":"Feature","geometry":{"type":"LineString","coordinates":[[-79.452434,43.644448],[-79.43534,43.659895]]},"properties":{"PingCount":2,"AvgSpeedKmh":15.4}},{"type":"Feature","geometry":{"type":"LineString","coordinates":[[-79.452434,43.644448],[-79.452431,43.656277]]},"properties":{"PingCount":3,"AvgSpeedKmh":21.2}},{"type":"Feature","geometry":{"type":"LineString","coordinates":[[-79.452434,43.644448],[-79.46528,43.653578]]},"properties":{"PingCount":1,"AvgSpeedKmh":20.5}},{"type":"Feature","geometry":{"type":"LineString","coordinates":[[-79.452434,43.644448],[-79.35994,43.676043]]},"properties":{"PingCount":2,"AvgSpeedKmh":58.7}},{"type":"Feature","geometry":{"type":"LineString","coordinates":[[-79.452434,43.644448],[-79.370819,43.672023]]},"properties":{"PingCount":2,"AvgSpeedKmh":14.9}},{"type":"Feature","geometry":{"type":"LineString","coordinates":[[-79.452434,43.644448],[-79.34973,43.678025]]},"properties":{"PingCount":1,"AvgSpeedKmh":5.5}},{"type":"Feature","geometry":{"type":"LineString","coordinates":[[-79.452434,43.644448],[-79.359114,43.684872]]},"properties":{"PingCount":8,"AvgSpeedKmh":18.7}},{"type":"Feature","geometry":{"type":"LineString","coordinates":[[-79.452434,43.644448],[-79.393291,43.68627]]},"properties":{"PingCount":1,"AvgSpeedKmh":4.1}},{"type":"Feature","geometry":{"type":"LineString","coordinates":[[-79.452434,43.644448],[-79.359114,43.698347]]},"properties":{"PingCount":2,"AvgSpeedKmh":38.3}},{"type":"Feature","geometry":{"type":"LineString","coordinates":[[-79.476277,43.651163],[-79.418426,43.663587]]},"properties":{"PingCount":1,"AvgSpeedKmh":9.4}},{"type":"Feature","geometry":{"type":"LineString","coordinates":[[-79.476277,43.651163],[-79.46528,43.653578]]},"properties":{"PingCount":1,"AvgSpeedKmh":22.6}},{"type":"Feature","geometry":{"type":"LineString","coordinates":[[-79.476277,43.651163],[-79.489762,43.657923]]},"properties":{"PingCount":1,"AvgSpeedKmh":21.3}},{"type":"Feature","geometry":{"type":"LineString","coordinates":[[-79.476277,43.651163],[-79.35994,43.676043]]},"properties":{"PingCount":2,"AvgSpeedKmh":33.3}},{"type":"Feature","geometry":{"type":"LineString","coordinates":[[-79.476277,43.651163],[-79.359114,43.684872]]},"properties":{"PingCount":1,"AvgSpeedKmh":5.8}},{"type":"Feature","geometry":{"type":"LineString","coordinates":[[-79.485764,43.648353],[-79.46528,43.653578]]},"properties":{"PingCount":1,"AvgSpeedKmh":24.3}},{"type":"Feature","geometry":{"type":"LineString","coordinates":[[-79.485764,43.648353],[-79.489762,43.657923]]},"properties":{"PingCount":2,"AvgSpeedKmh":17.6}},{"type":"Feature","geometry":{"type":"LineString","coordinates":[[-79.535086,43.640933],[-79.52709,43.657923]]},"properties":{"PingCount":14,"AvgSpeedKmh":25.4}},{"type":"Feature","geometry":{"type":"LineString","coordinates":[[-79.560882,43.639333],[-79.583081,43.644448]]},"properties":{"PingCount":1,"AvgSpeedKmh":28.0}},{"type":"Feature","geometry":{"type":"LineString","coordinates":[[-79.560882,43.639333],[-79.568251,43.654965]]},"properties":{"PingCount":32,"AvgSpeedKmh":43.5}},{"type":"Feature","geometry":{"type":"LineString","coordinates":[[-79.560882,43.639333],[-79.57409,43.673653]]},"properties":{"PingCount":10,"AvgSpeedKmh":57.9}},{"type":"Feature","geometry":{"type":"LineString","coordinates":[[-79.560882,43.639333],[-79.59216,43.676473]]},"properties":{"PingCount":145,"AvgSpeedKmh":69.4}},{"type":"Feature","geometry":{"type":"LineString","coordinates":[[-79.560882,43.639333],[-79.591878,43.673786]]},"properties":{"PingCount":17,"AvgSpeedKmh":71.5}},{"type":"Feature","geometry":{"type":"LineString","coordinates":[[-79.560882,43.639333],[-79.570611,43.689946]]},"properties":{"PingCount":1,"AvgSpeedKmh":77.6}},{"type":"Feature","geometry":{"type":"LineString","coordinates":[[-79.560882,43.639333],[-79.576048,43.679775]]},"properties":{"PingCount":10,"AvgSpeedKmh":80.4}},{"type":"Feature","geometry":{"type":"LineString","coordinates":[[-79.560882,43.639333],[-79.59339,43.680867]]},"properties":{"PingCount":10,"AvgSpeedKmh":78.1}},{"type":"Feature","geometry":{"type":"LineString","coordinates":[[-79.601745,43.644448],[-79.629865,43.651686]]},"properties":{"PingCount":1,"AvgSpeedKmh":23.0}},{"type":"Feature","geometry":{"type":"LineString","coordinates":[[-79.601745,43.644448],[-79.583081,43.657923]]},"properties":{"PingCount":1,"AvgSpeedKmh":44.5}},{"type":"Feature","geometry":{"type":"LineString","coordinates":[[-79.629865,43.651686],[-79.636078,43.648382]]},"properties":{"PingCount":21,"AvgSpeedKmh":19.6}},{"type":"Feature","geometry":{"type":"LineString","coordinates":[[-79.629865,43.651686],[-79.652717,43.64108]]},"properties":{"PingCount":2,"AvgSpeedKmh":30.6}},{"type":"Feature","geometry":{"type":"LineString","coordinates":[[-79.629865,43.651686],[-79.668178,43.645259]]},"properties":{"PingCount":1,"AvgSpeedKmh":70.3}},{"type":"Feature","geometry":{"type":"LineString","coordinates":[[-79.629865,43.651686],[-79.608178,43.662465]]},"properties":{"PingCount":2,"AvgSpeedKmh":46.5}},{"type":"Feature","geometry":{"type":"LineString","coordinates":[[-79.629865,43.651686],[-79.620019,43.655517]]},"properties":{"PingCount":1,"AvgSpeedKmh":31.4}},{"type":"Feature","geometry":{"type":"LineString","coordinates":[[-79.629865,43.651686],[-79.629865,43.651686]]},"properties":{"PingCount":3,"AvgSpeedKmh":34.0}},{"type":"Feature","geometry":{"type":"LineString","coordinates":[[-79.629865,43.651686],[-79.59216,43.676473]]},"properties":{"PingCount":2,"AvgSpeedKmh":74.1}},{"type":"Feature","geometry":{"type":"LineString","coordinates":[[-79.629865,43.651686],[-79.591878,43.673786]]},"properties":{"PingCount":1,"AvgSpeedKmh":57.9}},{"type":"Feature","geometry":{"type":"LineString","coordinates":[[-79.636078,43.648382],[-79.652717,43.64108]]},"properties":{"PingCount":53,"AvgSpeedKmh":34.6}},{"type":"Feature","geometry":{"type":"LineString","coordinates":[[-79.636078,43.648382],[-79.668178,43.645259]]},"properties":{"PingCount":11,"AvgSpeedKmh":58.0}},{"type":"Feature","geometry":{"type":"LineString","coordinates":[[-79.636078,43.648382],[-79.608178,43.662465]]},"properties":{"PingCount":56,"AvgSpeedKmh":61.8}},{"type":"Feature","geometry":{"type":"LineString","coordinates":[[-79.636078,43.648382],[-79.620019,43.655517]]},"properties":{"PingCount":80,"AvgSpeedKmh":33.7}},{"type":"Feature","geometry":{"type":"LineString","coordinates":[[-79.636078,43.648382],[-79.629865,43.651686]]},"properties":{"PingCount":85,"AvgSpeedKmh":23.6}},{"type":"Feature","geometry":{"type":"LineString","coordinates":[[-79.636078,43.648382],[-79.657737,43.657923]]},"properties":{"PingCount":8,"AvgSpeedKmh":23.6}},{"type":"Feature","geometry":{"type":"LineString","coordinates":[[-79.636078,43.648382],[-79.683849,43.656434]]},"properties":{"PingCount":17,"AvgSpeedKmh":65.6}},{"type":"Feature","geometry":{"type":"LineString","coordinates":[[-79.636078,43.648382],[-79.690656,43.661537]]},"properties":{"PingCount":2,"AvgSpeedKmh":79.5}},{"type":"Feature","geometry":{"type":"LineString","coordinates":[[-79.636078,43.648382],[-79.59216,43.676473]]},"properties":{"PingCount":103,"AvgSpeedKmh":88.8}},{"type":"Feature","geometry":{"type":"LineString","coordinates":[[-79.636078,43.648382],[-79.591878,43.673786]]},"properties":{"PingCount":103,"AvgSpeedKmh":83.4}},{"type":"Feature","geometry":{"type":"LineString","coordinates":[[-79.636078,43.648382],[-79.639073,43.671398]]},"properties":{"PingCount":8,"AvgSpeedKmh":38.5}},{"type":"Feature","geometry":{"type":"LineString","coordinates":[[-79.636078,43.648382],[-79.657737,43.671398]]},"properties":{"PingCount":1,"AvgSpeedKmh":50.8}},{"type":"Feature","geometry":{"type":"LineString","coordinates":[[-79.636078,43.648382],[-79.570611,43.689946]]},"properties":{"PingCount":3,"AvgSpeedKmh":80.1}},{"type":"Feature","geometry":{"type":"LineString","coordinates":[[-79.636078,43.648382],[-79.576048,43.679775]]},"properties":{"PingCount":5,"AvgSpeedKmh":78.9}},{"type":"Feature","geometry":{"type":"LineString","coordinates":[[-79.636078,43.648382],[-79.60411,43.692199]]},"properties":{"PingCount":1,"AvgSpeedKmh":59.5}},{"type":"Feature","geometry":{"type":"LineString","coordinates":[[-79.652717,43.64108],[-79.668178,43.645259]]},"properties":{"PingCount":22,"AvgSpeedKmh":28.0}},{"type":"Feature","geometry":{"type":"LineString","coordinates":[[-79.652717,43.64108],[-79.608178,43.662465]]},"properties":{"PingCount":81,"AvgSpeedKmh":91.0}},{"type":"Feature","geometry":{"type":"LineString","coordinates":[[-79.652717,43.64108],[-79.620019,43.655517]]},"properties":{"PingCount":104,"AvgSpeedKmh":78.8}},{"type":"Feature","geometry":{"type":"LineString","coordinates":[[-79.652717,43.64108],[-79.629865,43.651686]]},"properties":{"PingCount":78,"AvgSpeedKmh":28.0}},{"type":"Feature","geometry":{"type":"LineString","coordinates":[[-79.652717,43.64108],[-79.657737,43.657923]]},"properties":{"PingCount":34,"AvgSpeedKmh":23.2}},{"type":"Feature","geometry":{"type":"LineString","coordinates":[[-79.652717,43.64108],[-79.683849,43.656434]]},"properties":{"PingCount":46,"AvgSpeedKmh":32.7}},{"type":"Feature","geometry":{"type":"LineString","coordinates":[[-79.652717,43.64108],[-79.690656,43.661537]]},"properties":{"PingCount":20,"AvgSpeedKmh":66.3}},{"type":"Feature","geometry":{"type":"LineString","coordinates":[[-79.652717,43.64108],[-79.59216,43.676473]]},"properties":{"PingCount":19,"AvgSpeedKmh":80.8}},{"type":"Feature","geometry":{"type":"LineString","coordinates":[[-79.652717,43.64108],[-79.591878,43.673786]]},"properties":{"PingCount":34,"AvgSpeedKmh":95.1}},{"type":"Feature","geometry":{"type":"LineString","coordinates":[[-79.652717,43.64108],[-79.676401,43.671398]]},"properties":{"PingCount":3,"AvgSpeedKmh":58.3}},{"type":"Feature","geometry":{"type":"LineString","coordinates":[[-79.652717,43.64108],[-79.69962,43.6682]]},"properties":{"PingCount":52,"AvgSpeedKmh":87.3}},{"type":"Feature","geometry":{"type":"LineString","coordinates":[[-79.652717,43.64108],[-79.705446,43.676203]]},"properties":{"PingCount":6,"AvgSpeedKmh":97.4}},{"type":"Feature","geometry":{"type":"LineString","coordinates":[[-79.652717,43.64108],[-79.576048,43.679775]]},"properties":{"PingCount":6,"AvgSpeedKmh":89.1}},{"type":"Feature","geometry":{"type":"LineString","coordinates":[[-79.652717,43.64108],[-79.710572,43.684581]]},"properties":{"PingCount":5,"AvgSpeedKmh":77.4}},{"type":"Feature","geometry":{"type":"LineString","coordinates":[[-79.652717,43.64108],[-79.717747,43.69057]]},"properties":{"PingCount":3,"AvgSpeedKmh":84.7}},{"type":"Feature","geometry":{"type":"LineString","coordinates":[[-79.652717,43.64108],[-79.738691,43.705327]]},"properties":{"PingCount":4,"AvgSpeedKmh":93.7}},{"type":"Feature","geometry":{"type":"LineString","coordinates":[[-79.668178,43.645259],[-79.705986,43.646041]]},"properties":{"PingCount":67,"AvgSpeedKmh":12.5}},{"type":"Feature","geometry":{"type":"LineString","coordinates":[[-79.668178,43.645259],[-79.705986,43.646041]]},"properties":{"PingCount":1,"AvgSpeedKmh":5.8}},{"type":"Feature","geometry":{"type":"LineString","coordinates":[[-79.668178,43.645259],[-79.620019,43.655517]]},"properties":{"PingCount":12,"AvgSpeedKmh":76.6}},{"type":"Feature","geometry":{"type":"LineString","coordinates":[[-79.668178,43.645259],[-79.629865,43.651686]]},"properties":{"PingCount":3,"AvgSpeedKmh":23.3}},{"type":"Feature","geometry":{"type":"LineString","coordinates":[[-79.668178,43.645259],[-79.657737,43.657923]]},"properties":{"PingCount":3,"AvgSpeedKmh":24.3}},{"type":"Feature","geometry":{"type":"LineString","coordinates":[[-79.668178,43.645259],[-79.683849,43.656434]]},"properties":{"PingCount":50,"AvgSpeedKmh":22.1}},{"type":"Feature","geometry":{"type":"LineString","coordinates":[[-79.668178,43.645259],[-79.690656,43.661537]]},"properties":{"PingCount":90,"AvgSpeedKmh":31.5}},{"type":"Feature","geometry":{"type":"LineString","coordinates":[[-79.668178,43.645259],[-79.720498,43.656445]]},"properties":{"PingCount":1,"AvgSpeedKmh":45.9}},{"type":"Feature","geometry":{"type":"LineString","coordinates":[[-79.668178,43.645259],[-79.676401,43.671398]]},"properties":{"PingCount":3,"AvgSpeedKmh":43.2}},{"type":"Feature","geometry":{"type":"LineString","coordinates":[[-79.668178,43.645259],[-79.69962,43.6682]]},"properties":{"PingCount":23,"AvgSpeedKmh":69.3}},{"type":"Feature","geometry":{"type":"LineString","coordinates":[[-79.668178,43.645259],[-79.705446,43.676203]]},"properties":{"PingCount":18,"AvgSpeedKmh":85.1}},{"type":"Feature","geometry":{"type":"LineString","coordinates":[[-79.668178,43.645259],[-79.710572,43.684581]]},"properties":{"PingCount":48,"AvgSpeedKmh":87.0}},{"type":"Feature","geometry":{"type":"LineString","coordinates":[[-79.668178,43.645259],[-79.657737,43.698347]]},"properties":{"PingCount":1,"AvgSpeedKmh":6.0}},{"type":"Feature","geometry":{"type":"LineString","coordinates":[[-79.668178,43.645259],[-79.717747,43.69057]]},"properties":{"PingCount":2,"AvgSpeedKmh":81.1}},{"type":"Feature","geometry":{"type":"LineString","coordinates":[[-79.668178,43.645259],[-79.738691,43.705327]]},"properties":{"PingCount":4,"AvgSpeedKmh":86.4}},{"type":"Feature","geometry":{"type":"LineString","coordinates":[[-79.668178,43.645259],[-79.72689,43.715777]]},"properties":{"PingCount":1,"AvgSpeedKmh":53.4}},{"type":"Feature","geometry":{"type":"LineString","coordinates":[[-79.705986,43.646041],[-79.705986,43.646041]]},"properties":{"PingCount":61,"AvgSpeedKmh":20.8}},{"type":"Feature","geometry":{"type":"LineString","coordinates":[[-79.705986,43.646041],[-79.732393,43.644448]]},"properties":{"PingCount":2,"AvgSpeedKmh":2.1}},{"type":"Feature","geometry":{"type":"LineString","coordinates":[[-79.705986,43.646041],[-79.683849,43.656434]]},"properties":{"PingCount":4,"AvgSpeedKmh":22.3}},{"type":"Feature","geometry":{"type":"LineString","coordinates":[[-79.705986,43.646041],[-79.690656,43.661537]]},"properties":{"PingCount":97,"AvgSpeedKmh":26.5}},{"type":"Feature","geometry":{"type":"LineString","coordinates":[[-79.705986,43.646041],[-79.720498,43.656445]]},"properties":{"PingCount":8,"AvgSpeedKmh":24.7}},{"type":"Feature","geometry":{"type":"LineString","coordinates":[[-79.705986,43.646041],[-79.676401,43.671398]]},"properties":{"PingCount":23,"AvgSpeedKmh":45.6}},{"type":"Feature","geometry":{"type":"LineString","coordinates":[[-79.705986,43.646041],[-79.732393,43.644448]]},"properties":{"PingCount":39,"AvgSpeedKmh":29.4}},{"type":"Feature","geometry":{"type":"LineString","coordinates":[[-79.705986,43.646041],[-79.690656,43.661537]]},"properties":{"PingCount":211,"AvgSpeedKmh":31.2}},{"type":"Feature","geometry":{"type":"LineString","coordinates":[[-79.705986,43.646041],[-79.720498,43.656445]]},"properties":{"PingCount":15,"AvgSpeedKmh":26.9}},{"type":"Feature","geometry":{"type":"LineString","coordinates":[[-79.705986,43.646041],[-79.723421,43.65855]]},"properties":{"PingCount":34,"AvgSpeedKmh":27.9}},{"type":"Feature","geometry":{"type":"LineString","coordinates":[[-79.705986,43.646041],[-79.676401,43.671398]]},"properties":{"PingCount":3,"AvgSpeedKmh":21.8}},{"type":"Feature","geometry":{"type":"LineString","coordinates":[[-79.705986,43.646041],[-79.69962,43.6682]]},"properties":{"PingCount":1,"AvgSpeedKmh":39.6}},{"type":"Feature","geometry":{"type":"LineString","coordinates":[[-79.705986,43.646041],[-79.657737,43.684872]]},"properties":{"PingCount":2,"AvgSpeedKmh":6.9}},{"type":"Feature","geometry":{"type":"LineString","coordinates":[[-79.705986,43.646041],[-79.676401,43.684872]]},"properties":{"PingCount":2,"AvgSpeedKmh":6.7}},{"type":"Feature","geometry":{"type":"LineString","coordinates":[[-79.705986,43.646041],[-79.657737,43.698347]]},"properties":{"PingCount":4,"AvgSpeedKmh":8.0}},{"type":"Feature","geometry":{"type":"LineString","coordinates":[[-79.705986,43.646041],[-79.676401,43.711822]]},"properties":{"PingCount":2,"AvgSpeedKmh":8.8}},{"type":"Feature","geometry":{"type":"LineString","coordinates":[[-79.732393,43.644448],[-79.751057,43.644448]]},"properties":{"PingCount":1,"AvgSpeedKmh":27.8}},{"type":"Feature","geometry":{"type":"LineString","coordinates":[[-79.732393,43.644448],[-79.629865,43.651686]]},"properties":{"PingCount":3,"AvgSpeedKmh":7.3}},{"type":"Feature","geometry":{"type":"LineString","coordinates":[[-79.732393,43.644448],[-79.690656,43.661537]]},"properties":{"PingCount":1,"AvgSpeedKmh":3.0}},{"type":"Feature","geometry":{"type":"LineString","coordinates":[[-79.732393,43.644448],[-79.723421,43.65855]]},"properties":{"PingCount":807,"AvgSpeedKmh":4.8}},{"type":"Feature","geometry":{"type":"LineString","coordinates":[[-79.732393,43.644448],[-79.751057,43.657923]]},"properties":{"PingCount":7,"AvgSpeedKmh":24.2}},{"type":"Feature","geometry":{"type":"LineString","coordinates":[[-79.732393,43.644448],[-79.676401,43.671398]]},"properties":{"PingCount":2,"AvgSpeedKmh":5.4}},{"type":"Feature","geometry":{"type":"LineString","coordinates":[[-79.732393,43.644448],[-79.69962,43.6682]]},"properties":{"PingCount":3,"AvgSpeedKmh":95.0}},{"type":"Feature","geometry":{"type":"LineString","coordinates":[[-79.732393,43.644448],[-79.657737,43.684872]]},"properties":{"PingCount":2,"AvgSpeedKmh":6.5}},{"type":"Feature","geometry":{"type":"LineString","coordinates":[[-79.732393,43.644448],[-79.676401,43.684872]]},"properties":{"PingCount":2,"AvgSpeedKmh":6.6}},{"type":"Feature","geometry":{"type":"LineString","coordinates":[[-79.732393,43.644448],[-79.695065,43.684872]]},"properties":{"PingCount":2,"AvgSpeedKmh":95.7}},{"type":"Feature","geometry":{"type":"LineString","coordinates":[[-79.732393,43.644448],[-79.657737,43.698347]]},"properties":{"PingCount":1,"AvgSpeedKmh":7.3}},{"type":"Feature","geometry":{"type":"LineString","coordinates":[[-79.732393,43.644448],[-79.676401,43.711822]]},"properties":{"PingCount":3,"AvgSpeedKmh":8.2}},{"type":"Feature","geometry":{"type":"LineString","coordinates":[[-79.751057,43.644448],[-79.769721,43.644448]]},"properties":{"PingCount":15,"AvgSpeedKmh":24.8}},{"type":"Feature","geometry":{"type":"LineString","coordinates":[[-79.751057,43.644448],[-79.723421,43.65855]]},"properties":{"PingCount":34,"AvgSpeedKmh":32.6}},{"type":"Feature","geometry":{"type":"LineString","coordinates":[[-79.751057,43.644448],[-79.751057,43.657923]]},"properties":{"PingCount":81,"AvgSpeedKmh":28.5}},{"type":"Feature","geometry":{"type":"LineString","coordinates":[[-79.751057,43.644448],[-79.769721,43.657923]]},"properties":{"PingCount":4,"AvgSpeedKmh":22.9}},{"type":"Feature","geometry":{"type":"LineString","coordinates":[[-79.751057,43.644448],[-79.735341,43.667537]]},"properties":{"PingCount":8,"AvgSpeedKmh":28.2}},{"type":"Feature","geometry":{"type":"LineString","coordinates":[[-79.751057,43.644448],[-79.676401,43.711822]]},"properties":{"PingCount":1,"AvgSpeedKmh":14.8}},{"type":"Feature","geometry":{"type":"LineString","coordinates":[[-79.769721,43.644448],[-79.723421,43.65855]]},"properties":{"PingCount":1,"AvgSpeedKmh":37.5}},{"type":"Feature","geometry":{"type":"LineString","coordinates":[[-79.769721,43.644448],[-79.751057,43.657923]]},"properties":{"PingCount":15,"AvgSpeedKmh":38.7}},{"type":"Feature","geometry":{"type":"LineString","coordinates":[[-79.769721,43.644448],[-79.695065,43.698347]]},"properties":{"PingCount":1,"AvgSpeedKmh":24.5}},{"type":"Feature","geometry":{"type":"LineString","coordinates":[[-79.788385,43.644448],[-79.807049,43.657923]]},"properties":{"PingCount":2,"AvgSpeedKmh":36.2}},{"type":"Feature","geometry":{"type":"LineString","coordinates":[[-79.807049,43.644448],[-79.807049,43.657923]]},"properties":{"PingCount":1,"AvgSpeedKmh":33.7}},{"type":"Feature","geometry":{"type":"LineString","coordinates":[[-79.807049,43.644448],[-79.825713,43.657923]]},"properties":{"PingCount":4,"AvgSpeedKmh":38.1}},{"type":"Feature","geometry":{"type":"LineString","coordinates":[[-79.844377,43.644448],[-79.880715,43.649011]]},"properties":{"PingCount":2,"AvgSpeedKmh":43.4}},{"type":"Feature","geometry":{"type":"LineString","coordinates":[[-79.844377,43.644448],[-79.863041,43.657923]]},"properties":{"PingCount":1,"AvgSpeedKmh":31.7}},{"type":"Feature","geometry":{"type":"LineString","coordinates":[[-79.844377,43.644448],[-79.821015,43.673706]]},"properties":{"PingCount":2,"AvgSpeedKmh":49.9}},{"type":"Feature","geometry":{"type":"LineString","coordinates":[[-79.858714,43.646851],[-79.880715,43.649011]]},"properties":{"PingCount":8,"AvgSpeedKmh":38.8}},{"type":"Feature","geometry":{"type":"LineString","coordinates":[[-79.858714,43.646851],[-79.903048,43.650205]]},"properties":{"PingCount":2,"AvgSpeedKmh":42.7}},{"type":"Feature","geometry":{"type":"LineString","coordinates":[[-79.858714,43.646851],[-79.825713,43.657923]]},"properties":{"PingCount":2,"AvgSpeedKmh":52.9}},{"type":"Feature","geometry":{"type":"LineString","coordinates":[[-79.858714,43.646851],[-79.839678,43.656973]]},"properties":{"PingCount":8,"AvgSpeedKmh":41.2}},{"type":"Feature","geometry":{"type":"LineString","coordinates":[[-79.880715,43.649011],[-79.903048,43.650205]]},"properties":{"PingCount":9,"AvgSpeedKmh":34.2}},{"type":"Feature","geometry":{"type":"LineString","coordinates":[[-79.880715,43.649011],[-79.900368,43.657923]]},"properties":{"PingCount":2,"AvgSpeedKmh":23.8}},{"type":"Feature","geometry":{"type":"LineString","coordinates":[[-79.903048,43.650205],[-79.916351,43.650867]]},"properties":{"PingCount":2,"AvgSpeedKmh":26.3}},{"type":"Feature","geometry":{"type":"LineString","coordinates":[[-79.903048,43.650205],[-79.919032,43.657923]]},"properties":{"PingCount":1,"AvgSpeedKmh":31.3}},{"type":"Feature","geometry":{"type":"LineString","coordinates":[[-79.903048,43.650205],[-79.92922,43.651861]]},"properties":{"PingCount":1,"AvgSpeedKmh":40.4}},{"type":"Feature","geometry":{"type":"LineString","coordinates":[[-79.916351,43.650867],[-79.92922,43.651861]]},"properties":{"PingCount":2,"AvgSpeedKmh":27.4}},{"type":"Feature","geometry":{"type":"LineString","coordinates":[[-79.937696,43.644448],[-79.92922,43.651861]]},"properties":{"PingCount":1,"AvgSpeedKmh":21.6}},{"type":"Feature","geometry":{"type":"LineString","coordinates":[[-79.937696,43.644448],[-79.951132,43.650505]]},"properties":{"PingCount":3,"AvgSpeedKmh":48.9}},{"type":"Feature","geometry":{"type":"LineString","coordinates":[[-79.383817,43.663001],[-79.396442,43.657923]]},"properties":{"PingCount":6,"AvgSpeedKmh":7.4}},{"type":"Feature","geometry":{"type":"LineString","coordinates":[[-79.383817,43.663001],[-79.35994,43.676043]]},"properties":{"PingCount":2,"AvgSpeedKmh":7.0}},{"type":"Feature","geometry":{"type":"LineString","coordinates":[[-79.383817,43.663001],[-79.370819,43.672023]]},"properties":{"PingCount":46,"AvgSpeedKmh":5.2}},{"type":"Feature","geometry":{"type":"LineString","coordinates":[[-79.383817,43.663001],[-79.394132,43.668723]]},"properties":{"PingCount":11,"AvgSpeedKmh":12.8}},{"type":"Feature","geometry":{"type":"LineString","coordinates":[[-79.383817,43.663001],[-79.359114,43.684872]]},"properties":{"PingCount":2,"AvgSpeedKmh":4.3}},{"type":"Feature","geometry":{"type":"LineString","coordinates":[[-79.383817,43.663001],[-79.393291,43.68627]]},"properties":{"PingCount":1,"AvgSpeedKmh":2.7}},{"type":"Feature","geometry":{"type":"LineString","coordinates":[[-79.383817,43.663001],[-79.34045,43.698347]]},"properties":{"PingCount":1,"AvgSpeedKmh":3.2}},{"type":"Feature","geometry":{"type":"LineString","coordinates":[[-79.383817,43.663001],[-79.359114,43.698347]]},"properties":{"PingCount":1,"AvgSpeedKmh":4.5}},{"type":"Feature","geometry":{"type":"LineString","coordinates":[[-79.383817,43.663001],[-79.321786,43.725296]]},"properties":{"PingCount":2,"AvgSpeedKmh":5.7}},{"type":"Feature","geometry":{"type":"LineString","coordinates":[[-79.383817,43.663001],[-79.34045,43.738771]]},"properties":{"PingCount":1,"AvgSpeedKmh":9.6}},{"type":"Feature","geometry":{"type":"LineString","coordinates":[[-79.383817,43.663001],[-79.305308,43.769817]]},"properties":{"PingCount":1,"AvgSpeedKmh":13.5}},{"type":"Feature","geometry":{"type":"LineString","coordinates":[[-79.383817,43.663001],[-79.226445,43.788324]]},"properties":{"PingCount":1,"AvgSpeedKmh":13.4}},{"type":"Feature","geometry":{"type":"LineString","coordinates":[[-79.383817,43.663001],[-78.977634,43.872004]]},"properties":{"PingCount":1,"AvgSpeedKmh":40.0}},{"type":"Feature","geometry":{"type":"LineString","coordinates":[[-79.383817,43.663001],[-78.959785,43.947293]]},"properties":{"PingCount":1,"AvgSpeedKmh":47.8}},{"type":"Feature","geometry":{"type":"LineString","coordinates":[[-79.396442,43.657923],[-79.418426,43.663587]]},"properties":{"PingCount":9,"AvgSpeedKmh":10.4}},{"type":"Feature","geometry":{"type":"LineString","coordinates":[[-79.396442,43.657923],[-79.35994,43.676043]]},"properties":{"PingCount":2,"AvgSpeedKmh":8.6}},{"type":"Feature","geometry":{"type":"LineString","coordinates":[[-79.396442,43.657923],[-79.370819,43.672023]]},"properties":{"PingCount":2,"AvgSpeedKmh":9.8}},{"type":"Feature","geometry":{"type":"LineString","coordinates":[[-79.396442,43.657923],[-79.394132,43.668723]]},"properties":{"PingCount":7,"AvgSpeedKmh":16.1}},{"type":"Feature","geometry":{"type":"LineString","coordinates":[[-79.396442,43.657923],[-79.359114,43.684872]]},"properties":{"PingCount":1,"AvgSpeedKmh":4.0}},{"type":"Feature","geometry":{"type":"LineString","coordinates":[[-79.418426,43.663587],[-79.43534,43.659895]]},"properties":{"PingCount":13,"AvgSpeedKmh":15.5}},{"type":"Feature","geometry":{"type":"LineString","coordinates":[[-79.418426,43.663587],[-79.35994,43.676043]]},"properties":{"PingCount":1,"AvgSpeedKmh":14.8}},{"type":"Feature","geometry":{"type":"LineString","coordinates":[[-79.418426,43.663587],[-79.370819,43.672023]]},"properties":{"PingCount":1,"AvgSpeedKmh":1.5}},{"type":"Feature","geometry":{"type":"LineString","coordinates":[[-79.418426,43.663587],[-79.394132,43.668723]]},"properties":{"PingCount":3,"AvgSpeedKmh":22.7}},{"type":"Feature","geometry":{"type":"LineString","coordinates":[[-79.418426,43.663587],[-79.411216,43.665161]]},"properties":{"PingCount":17,"AvgSpeedKmh":16.6}},{"type":"Feature","geometry":{"type":"LineString","coordinates":[[-79.418426,43.663587],[-79.359114,43.684872]]},"properties":{"PingCount":7,"AvgSpeedKmh":11.1}},{"type":"Feature","geometry":{"type":"LineString","coordinates":[[-79.418426,43.663587],[-79.34045,43.698347]]},"properties":{"PingCount":1,"AvgSpeedKmh":20.5}},{"type":"Feature","geometry":{"type":"LineString","coordinates":[[-79.418426,43.663587],[-79.359114,43.698347]]},"properties":{"PingCount":1,"AvgSpeedKmh":20.4}},{"type":"Feature","geometry":{"type":"LineString","coordinates":[[-79.418426,43.663587],[-79.452434,43.711822]]},"properties":{"PingCount":1,"AvgSpeedKmh":7.8}},{"type":"Feature","geometry":{"type":"LineString","coordinates":[[-79.418426,43.663587],[-79.423512,43.742523]]},"properties":{"PingCount":1,"AvgSpeedKmh":10.5}},{"type":"Feature","geometry":{"type":"LineString","coordinates":[[-79.418426,43.663587],[-79.452434,43.738771]]},"properties":{"PingCount":1,"AvgSpeedKmh":9.8}},{"type":"Feature","geometry":{"type":"LineString","coordinates":[[-79.418426,43.663587],[-79.325742,43.768533]]},"properties":{"PingCount":1,"AvgSpeedKmh":14.6}},{"type":"Feature","geometry":{"type":"LineString","coordinates":[[-79.418426,43.663587],[-78.977653,43.872092]]},"properties":{"PingCount":1,"AvgSpeedKmh":25.6}},{"type":"Feature","geometry":{"type":"LineString","coordinates":[[-79.43534,43.659895],[-79.452431,43.656277]]},"properties":{"PingCount":1,"AvgSpeedKmh":10.6}},{"type":"Feature","geometry":{"type":"LineString","coordinates":[[-79.43534,43.659895],[-79.43377,43.671398]]},"properties":{"PingCount":40,"AvgSpeedKmh":22.7}},{"type":"Feature","geometry":{"type":"LineString","coordinates":[[-79.43534,43.659895],[-79.359114,43.684872]]},"properties":{"PingCount":1,"AvgSpeedKmh":3.4}},{"type":"Feature","geometry":{"type":"LineString","coordinates":[[-79.43534,43.659895],[-79.545753,43.752246]]},"properties":{"PingCount":1,"AvgSpeedKmh":13.9}},{"type":"Feature","geometry":{"type":"LineString","coordinates":[[-79.43534,43.659895],[-79.011958,43.855423]]},"properties":{"PingCount":1,"AvgSpeedKmh":41.2}},{"type":"Feature","geometry":{"type":"LineString","coordinates":[[-79.452431,43.656277],[-79.46528,43.653578]]},"properties":{"PingCount":5,"AvgSpeedKmh":20.0}},{"type":"Feature","geometry":{"type":"LineString","coordinates":[[-79.452431,43.656277],[-79.452434,43.671398]]},"properties":{"PingCount":8,"AvgSpeedKmh":16.4}},{"type":"Feature","geometry":{"type":"LineString","coordinates":[[-79.452431,43.656277],[-79.471098,43.671398]]},"properties":{"PingCount":31,"AvgSpeedKmh":19.3}},{"type":"Feature","geometry":{"type":"LineString","coordinates":[[-79.452431,43.656277],[-79.226445,43.788324]]},"properties":{"PingCount":1,"AvgSpeedKmh":16.7}},{"type":"Feature","geometry":{"type":"LineString","coordinates":[[-79.452431,43.656277],[-78.97258,43.950759]]},"properties":{"PingCount":1,"AvgSpeedKmh":50.2}},{"type":"Feature","geometry":{"type":"LineString","coordinates":[[-79.46528,43.653578],[-79.489762,43.657923]]},"properties":{"PingCount":1,"AvgSpeedKmh":25.4}},{"type":"Feature","geometry":{"type":"LineString","coordinates":[[-79.46528,43.653578],[-79.471098,43.671398]]},"properties":{"PingCount":3,"AvgSpeedKmh":17.6}},{"type":"Feature","geometry":{"type":"LineString","coordinates":[[-79.489762,43.657923],[-79.489762,43.671398]]},"properties":{"PingCount":4,"AvgSpeedKmh":23.9}},{"type":"Feature","geometry":{"type":"LineString","coordinates":[[-79.508426,43.657923],[-79.52709,43.657923]]},"properties":{"PingCount":3,"AvgSpeedKmh":34.8}},{"type":"Feature","geometry":{"type":"LineString","coordinates":[[-79.508426,43.657923],[-79.489762,43.671398]]},"properties":{"PingCount":3,"AvgSpeedKmh":32.1}},{"type":"Feature","geometry":{"type":"LineString","coordinates":[[-79.52709,43.657923],[-79.52709,43.671398]]},"properties":{"PingCount":5,"AvgSpeedKmh":42.3}},{"type":"Feature","geometry":{"type":"LineString","coordinates":[[-79.52709,43.657923],[-79.545753,43.671398]]},"properties":{"PingCount":5,"AvgSpeedKmh":36.5}},{"type":"Feature","geometry":{"type":"LineString","coordinates":[[-79.52709,43.657923],[-79.545753,43.684872]]},"properties":{"PingCount":1,"AvgSpeedKmh":37.4}},{"type":"Feature","geometry":{"type":"LineString","coordinates":[[-79.568251,43.654965],[-79.608178,43.662465]]},"properties":{"PingCount":10,"AvgSpeedKmh":60.1}},{"type":"Feature","geometry":{"type":"LineString","coordinates":[[-79.568251,43.654965],[-79.620019,43.655517]]},"properties":{"PingCount":3,"AvgSpeedKmh":66.1}},{"type":"Feature","geometry":{"type":"LineString","coordinates":[[-79.568251,43.654965],[-79.57409,43.673653]]},"properties":{"PingCount":6,"AvgSpeedKmh":37.3}},{"type":"Feature","geometry":{"type":"LineString","coordinates":[[-79.568251,43.654965],[-79.59216,43.676473]]},"properties":{"PingCount":56,"AvgSpeedKmh":48.8}},{"type":"Feature","geometry":{"type":"LineString","coordinates":[[-79.568251,43.654965],[-79.591878,43.673786]]},"properties":{"PingCount":14,"AvgSpeedKmh":57.6}},{"type":"Feature","geometry":{"type":"LineString","coordinates":[[-79.568251,43.654965],[-79.570611,43.689946]]},"properties":{"PingCount":14,"AvgSpeedKmh":67.9}},{"type":"Feature","geometry":{"type":"LineString","coordinates":[[-79.568251,43.654965],[-79.576048,43.679775]]},"properties":{"PingCount":11,"AvgSpeedKmh":59.2}},{"type":"Feature","geometry":{"type":"LineString","coordinates":[[-79.568251,43.654965],[-79.59339,43.680867]]},"properties":{"PingCount":97,"AvgSpeedKmh":70.5}},{"type":"Feature","geometry":{"type":"LineString","coordinates":[[-79.568251,43.654965],[-79.562339,43.705212]]},"properties":{"PingCount":2,"AvgSpeedKmh":66.6}},{"type":"Feature","geometry":{"type":"LineString","coordinates":[[-79.568251,43.654965],[-79.575908,43.698797]]},"properties":{"PingCount":1,"AvgSpeedKmh":83.9}},{"type":"Feature","geometry":{"type":"LineString","coordinates":[[-79.568251,43.654965],[-79.60411,43.692199]]},"properties":{"PingCount":4,"AvgSpeedKmh":77.6}},{"type":"Feature","geometry":{"type":"LineString","coordinates":[[-79.583081,43.657923],[-79.608178,43.662465]]},"properties":{"PingCount":1,"AvgSpeedKmh":4.0}},{"type":"Feature","geometry":{"type":"LineString","coordinates":[[-79.583081,43.657923],[-79.59216,43.676473]]},"properties":{"PingCount":1,"AvgSpeedKmh":22.2}},{"type":"Feature","geometry":{"type":"LineString","coordinates":[[-79.583081,43.657923],[-79.591878,43.673786]]},"properties":{"PingCount":1,"AvgSpeedKmh":24.8}},{"type":"Feature","geometry":{"type":"LineString","coordinates":[[-79.608178,43.662465],[-79.620019,43.655517]]},"properties":{"PingCount":64,"AvgSpeedKmh":30.2}},{"type":"Feature","geometry":{"type":"LineString","coordinates":[[-79.608178,43.662465],[-79.629865,43.651686]]},"properties":{"PingCount":2,"AvgSpeedKmh":53.5}},{"type":"Feature","geometry":{"type":"LineString","coordinates":[[-79.608178,43.662465],[-79.57409,43.673653]]},"properties":{"PingCount":1,"AvgSpeedKmh":57.6}},{"type":"Feature","geometry":{"type":"LineString","coordinates":[[-79.608178,43.662465],[-79.59216,43.676473]]},"properties":{"PingCount":80,"AvgSpeedKmh":33.3}},{"type":"Feature","geometry":{"type":"LineString","coordinates":[[-79.608178,43.662465],[-79.591878,43.673786]]},"properties":{"PingCount":46,"AvgSpeedKmh":23.0}},{"type":"Feature","geometry":{"type":"LineString","coordinates":[[-79.608178,43.662465],[-79.620409,43.671398]]},"properties":{"PingCount":7,"AvgSpeedKmh":29.2}},{"type":"Feature","geometry":{"type":"LineString","coordinates":[[-79.608178,43.662465],[-79.570611,43.689946]]},"properties":{"PingCount":14,"AvgSpeedKmh":85.0}},{"type":"Feature","geometry":{"type":"LineString","coordinates":[[-79.608178,43.662465],[-79.576048,43.679775]]},"properties":{"PingCount":1,"AvgSpeedKmh":75.0}},{"type":"Feature","geometry":{"type":"LineString","coordinates":[[-79.608178,43.662465],[-79.59339,43.680867]]},"properties":{"PingCount":46,"AvgSpeedKmh":53.6}},{"type":"Feature","geometry":{"type":"LineString","coordinates":[[-79.608178,43.662465],[-79.562339,43.705212]]},"properties":{"PingCount":20,"AvgSpeedKmh":81.6}},{"type":"Feature","geometry":{"type":"LineString","coordinates":[[-79.608178,43.662465],[-79.60411,43.692199]]},"properties":{"PingCount":6,"AvgSpeedKmh":67.3}},{"type":"Feature","geometry":{"type":"LineString","coordinates":[[-79.608178,43.662465],[-79.614379,43.708197]]},"properties":{"PingCount":1,"AvgSpeedKmh":60.7}},{"type":"Feature","geometry":{"type":"LineString","coordinates":[[-79.620019,43.655517],[-79.629865,43.651686]]},"properties":{"PingCount":21,"AvgSpeedKmh":32.1}},{"type":"Feature","geometry":{"type":"LineString","coordinates":[[-79.620019,43.655517],[-79.683849,43.656434]]},"properties":{"PingCount":1,"AvgSpeedKmh":80.3}},{"type":"Feature","geometry":{"type":"LineString","coordinates":[[-79.620019,43.655517],[-79.57409,43.673653]]},"properties":{"PingCount":4,"AvgSpeedKmh":82.4}},{"type":"Feature","geometry":{"type":"LineString","coordinates":[[-79.620019,43.655517],[-79.59216,43.676473]]},"properties":{"PingCount":95,"AvgSpeedKmh":67.2}},{"type":"Feature","geometry":{"type":"LineString","coordinates":[[-79.620019,43.655517],[-79.591878,43.673786]]},"properties":{"PingCount":127,"AvgSpeedKmh":46.7}},{"type":"Feature","geometry":{"type":"LineString","coordinates":[[-79.620019,43.655517],[-79.620409,43.671398]]},"properties":{"PingCount":26,"AvgSpeedKmh":26.6}},{"type":"Feature","geometry":{"type":"LineString","coordinates":[[-79.620019,43.655517],[-79.639073,43.671398]]},"properties":{"PingCount":22,"AvgSpeedKmh":32.3}},{"type":"Feature","geometry":{"type":"LineString","coordinates":[[-79.620019,43.655517],[-79.657737,43.671398]]},"properties":{"PingCount":2,"AvgSpeedKmh":40.9}},{"type":"Feature","geometry":{"type":"LineString","coordinates":[[-79.620019,43.655517],[-79.570611,43.689946]]},"properties":{"PingCount":25,"AvgSpeedKmh":84.1}},{"type":"Feature","geometry":{"type":"LineString","coordinates":[[-79.620019,43.655517],[-79.576048,43.679775]]},"properties":{"PingCount":37,"AvgSpeedKmh":87.5}},{"type":"Feature","geometry":{"type":"LineString","coordinates":[[-79.620019,43.655517],[-79.59339,43.680867]]},"properties":{"PingCount":74,"AvgSpeedKmh":65.2}},{"type":"Feature","geometry":{"type":"LineString","coordinates":[[-79.620019,43.655517],[-79.639073,43.684872]]},"properties":{"PingCount":7,"AvgSpeedKmh":33.0}},{"type":"Feature","geometry":{"type":"LineString","coordinates":[[-79.620019,43.655517],[-79.562339,43.705212]]},"properties":{"PingCount":8,"AvgSpeedKmh":61.9}},{"type":"Feature","geometry":{"type":"LineString","coordinates":[[-79.620019,43.655517],[-79.204419,43.795645]]},"properties":{"PingCount":1,"AvgSpeedKmh":36.3}},{"type":"Feature","geometry":{"type":"LineString","coordinates":[[-79.629865,43.651686],[-79.657737,43.657923]]},"properties":{"PingCount":407,"AvgSpeedKmh":16.6}},{"type":"Feature","geometry":{"type":"LineString","coordinates":[[-79.629865,43.651686],[-79.683849,43.656434]]},"properties":{"PingCount":2,"AvgSpeedKmh":57.0}},{"type":"Feature","geometry":{"type":"LineString","coordinates":[[-79.629865,43.651686],[-79.723421,43.65855]]},"properties":{"PingCount":7,"AvgSpeedKmh":9.7}},{"type":"Feature","geometry":{"type":"LineString","coordinates":[[-79.629865,43.651686],[-79.59216,43.676473]]},"properties":{"PingCount":6,"AvgSpeedKmh":86.3}},{"type":"Feature","geometry":{"type":"LineString","coordinates":[[-79.629865,43.651686],[-79.591878,43.673786]]},"properties":{"PingCount":8,"AvgSpeedKmh":72.3}},{"type":"Feature","geometry":{"type":"LineString","coordinates":[[-79.629865,43.651686],[-79.620409,43.671398]]},"properties":{"PingCount":40,"AvgSpeedKmh":35.2}},{"type":"Feature","geometry":{"type":"LineString","coordinates":[[-79.629865,43.651686],[-79.639073,43.671398]]},"properties":{"PingCount":37,"AvgSpeedKmh":26.5}},{"type":"Feature","geometry":{"type":"LineString","coordinates":[[-79.629865,43.651686],[-79.657737,43.671398]]},"properties":{"PingCount":82,"AvgSpeedKmh":35.6}},{"type":"Feature","geometry":{"type":"LineString","coordinates":[[-79.629865,43.651686],[-79.676401,43.671398]]},"properties":{"PingCount":14,"AvgSpeedKmh":29.3}},{"type":"Feature","geometry":{"type":"LineString","coordinates":[[-79.629865,43.651686],[-79.735341,43.667537]]},"properties":{"PingCount":10,"AvgSpeedKmh":9.5}},{"type":"Feature","geometry":{"type":"LineString","coordinates":[[-79.629865,43.651686],[-79.676401,43.684872]]},"properties":{"PingCount":9,"AvgSpeedKmh":6.4}},{"type":"Feature","geometry":{"type":"LineString","coordinates":[[-79.629865,43.651686],[-79.710572,43.684581]]},"properties":{"PingCount":2,"AvgSpeedKmh":13.8}},{"type":"Feature","geometry":{"type":"LineString","coordinates":[[-79.629865,43.651686],[-79.732393,43.684872]]},"properties":{"PingCount":1,"AvgSpeedKmh":9.7}},{"type":"Feature","geometry":{"type":"LineString","coordinates":[[-79.629865,43.651686],[-79.657737,43.698347]]},"properties":{"PingCount":5,"AvgSpeedKmh":6.8}},{"type":"Feature","geometry":{"type":"LineString","coordinates":[[-79.629865,43.651686],[-79.676401,43.711822]]},"properties":{"PingCount":24,"AvgSpeedKmh":8.0}},{"type":"Feature","geometry":{"type":"LineString","coordinates":[[-79.629865,43.651686],[-79.695065,43.711822]]},"properties":{"PingCount":2,"AvgSpeedKmh":8.1}},{"type":"Feature","geometry":{"type":"LineString","coordinates":[[-79.657737,43.657923],[-79.683849,43.656434]]},"properties":{"PingCount":34,"AvgSpeedKmh":21.6}},{"type":"Feature","geometry":{"type":"LineString","coordinates":[[-79.657737,43.657923],[-79.639073,43.671398]]},"properties":{"PingCount":9,"AvgSpeedKmh":26.4}},{"type":"Feature","geometry":{"type":"LineString","coordinates":[[-79.657737,43.657923],[-79.657737,43.671398]]},"properties":{"PingCount":135,"AvgSpeedKmh":25.2}},{"type":"Feature","geometry":{"type":"LineString","coordinates":[[-79.657737,43.657923],[-79.676401,43.671398]]},"properties":{"PingCount":234,"AvgSpeedKmh":38.9}},{"type":"Feature","geometry":{"type":"LineString","coordinates":[[-79.657737,43.657923],[-79.657737,43.684872]]},"properties":{"PingCount":1,"AvgSpeedKmh":43.5}},{"type":"Feature","geometry":{"type":"LineString","coordinates":[[-79.657737,43.657923],[-79.676401,43.684872]]},"properties":{"PingCount":22,"AvgSpeedKmh":49.9}},{"type":"Feature","geometry":{"type":"LineString","coordinates":[[-79.657737,43.657923],[-79.676401,43.711822]]},"properties":{"PingCount":3,"AvgSpeedKmh":11.9}},{"type":"Feature","geometry":{"type":"LineString","coordinates":[[-79.683849,43.656434],[-79.690656,43.661537]]},"properties":{"PingCount":18,"AvgSpeedKmh":22.5}},{"type":"Feature","geometry":{"type":"LineString","coordinates":[[-79.683849,43.656434],[-79.657737,43.671398]]},"properties":{"PingCount":5,"AvgSpeedKmh":25.3}},{"type":"Feature","geometry":{"type":"LineString","coordinates":[[-79.683849,43.656434],[-79.676401,43.671398]]},"properties":{"PingCount":48,"AvgSpeedKmh":21.9}},{"type":"Feature","geometry":{"type":"LineString","coordinates":[[-79.683849,43.656434],[-79.69962,43.6682]]},"properties":{"PingCount":18,"AvgSpeedKmh":38.6}},{"type":"Feature","geometry":{"type":"LineString","coordinates":[[-79.683849,43.656434],[-79.705446,43.676203]]},"properties":{"PingCount":3,"AvgSpeedKmh":67.0}},{"type":"Feature","geometry":{"type":"LineString","coordinates":[[-79.683849,43.656434],[-79.695065,43.684872]]},"properties":{"PingCount":1,"AvgSpeedKmh":49.5}},{"type":"Feature","geometry":{"type":"LineString","coordinates":[[-79.683849,43.656434],[-79.710572,43.684581]]},"properties":{"PingCount":73,"AvgSpeedKmh":80.3}},{"type":"Feature","geometry":{"type":"LineString","coordinates":[[-79.683849,43.656434],[-79.657737,43.698347]]},"properties":{"PingCount":1,"AvgSpeedKmh":4.5}},{"type":"Feature","geometry":{"type":"LineString","coordinates":[[-79.683849,43.656434],[-79.695065,43.698347]]},"properties":{"PingCount":1,"AvgSpeedKmh":36.7}},{"type":"Feature","geometry":{"type":"LineString","coordinates":[[-79.683849,43.656434],[-79.717747,43.69057]]},"properties":{"PingCount":2,"AvgSpeedKmh":77.3}},{"type":"Feature","geometry":{"type":"LineString","coordinates":[[-79.683849,43.656434],[-79.738691,43.705327]]},"properties":{"PingCount":2,"AvgSpeedKmh":84.6}},{"type":"Feature","geometry":{"type":"LineString","coordinates":[[-79.683849,43.656434],[-79.72689,43.715777]]},"properties":{"PingCount":2,"AvgSpeedKmh":87.7}},{"type":"Feature","geometry":{"type":"LineString","coordinates":[[-79.690656,43.661537],[-79.720498,43.656445]]},"properties":{"PingCount":5,"AvgSpeedKmh":25.6}},{"type":"Feature","geometry":{"type":"LineString","coordinates":[[-79.690656,43.661537],[-79.657737,43.671398]]},"properties":{"PingCount":2,"AvgSpeedKmh":42.1}},{"type":"Feature","geometry":{"type":"LineString","coordinates":[[-79.690656,43.661537],[-79.676401,43.671398]]},"properties":{"PingCount":293,"AvgSpeedKmh":30.2}},{"type":"Feature","geometry":{"type":"LineString","coordinates":[[-79.690656,43.661537],[-79.69962,43.6682]]},"properties":{"PingCount":23,"AvgSpeedKmh":36.8}},{"type":"Feature","geometry":{"type":"LineString","coordinates":[[-79.690656,43.661537],[-79.705446,43.676203]]},"properties":{"PingCount":40,"AvgSpeedKmh":43.2}},{"type":"Feature","geometry":{"type":"LineString","coordinates":[[-79.690656,43.661537],[-79.735341,43.667537]]},"properties":{"PingCount":3,"AvgSpeedKmh":35.5}},{"type":"Feature","geometry":{"type":"LineString","coordinates":[[-79.690656,43.661537],[-79.657737,43.684872]]},"properties":{"PingCount":1,"AvgSpeedKmh":3.5}},{"type":"Feature","geometry":{"type":"LineString","coordinates":[[-79.690656,43.661537],[-79.676401,43.684872]]},"properties":{"PingCount":7,"AvgSpeedKmh":45.6}},{"type":"Feature","geometry":{"type":"LineString","coordinates":[[-79.690656,43.661537],[-79.695065,43.684872]]},"properties":{"PingCount":2,"AvgSpeedKmh":40.5}},{"type":"Feature","geometry":{"type":"LineString","coordinates":[[-79.690656,43.661537],[-79.710572,43.684581]]},"properties":{"PingCount":39,"AvgSpeedKmh":65.0}},{"type":"Feature","geometry":{"type":"LineString","coordinates":[[-79.690656,43.661537],[-79.657737,43.698347]]},"properties":{"PingCount":1,"AvgSpeedKmh":27.1}},{"type":"Feature","geometry":{"type":"LineString","coordinates":[[-79.690656,43.661537],[-79.717747,43.69057]]},"properties":{"PingCount":9,"AvgSpeedKmh":84.1}},{"type":"Feature","geometry":{"type":"LineString","coordinates":[[-79.690656,43.661537],[-79.738691,43.705327]]},"properties":{"PingCount":9,"AvgSpeedKmh":90.4}},{"type":"Feature","geometry":{"type":"LineString","coordinates":[[-79.690656,43.661537],[-79.72689,43.715777]]},"properties":{"PingCount":8,"AvgSpeedKmh":74.8}},{"type":"Feature","geometry":{"type":"LineString","coordinates":[[-79.690656,43.661537],[-79.773666,43.734575]]},"properties":{"PingCount":1,"AvgSpeedKmh":73.7}},{"type":"Feature","geometry":{"type":"LineString","coordinates":[[-79.720498,43.656445],[-79.723421,43.65855]]},"properties":{"PingCount":324,"AvgSpeedKmh":5.3}},{"type":"Feature","geometry":{"type":"LineString","coordinates":[[-79.720498,43.656445],[-79.676401,43.671398]]},"properties":{"PingCount":1,"AvgSpeedKmh":4.4}},{"type":"Feature","geometry":{"type":"LineString","coordinates":[[-79.720498,43.656445],[-79.705446,43.676203]]},"properties":{"PingCount":7,"AvgSpeedKmh":37.0}},{"type":"Feature","geometry":{"type":"LineString","coordinates":[[-79.720498,43.656445],[-79.735341,43.667537]]},"properties":{"PingCount":2,"AvgSpeedKmh":22.5}},{"type":"Feature","geometry":{"type":"LineString","coordinates":[[-79.720498,43.656445],[-79.676401,43.698347]]},"properties":{"PingCount":2,"AvgSpeedKmh":95.0}},{"type":"Feature","geometry":{"type":"LineString","coordinates":[[-79.720498,43.656445],[-79.695065,43.698347]]},"properties":{"PingCount":4,"AvgSpeedKmh":92.5}},{"type":"Feature","geometry":{"type":"LineString","coordinates":[[-79.720498,43.656445],[-79.676401,43.711822]]},"properties":{"PingCount":3,"AvgSpeedKmh":7.4}},{"type":"Feature","geometry":{"type":"LineString","coordinates":[[-79.723421,43.65855],[-79.751057,43.657923]]},"properties":{"PingCount":72,"AvgSpeedKmh":17.9}},{"type":"Feature","geometry":{"type":"LineString","coordinates":[[-79.723421,43.65855],[-79.676401,43.671398]]},"properties":{"PingCount":1,"AvgSpeedKmh":4.9}},{"type":"Feature","geometry":{"type":"LineString","coordinates":[[-79.723421,43.65855],[-79.705446,43.676203]]},"properties":{"PingCount":23,"AvgSpeedKmh":29.9}},{"type":"Feature","geometry":{"type":"LineString","coordinates":[[-79.723421,43.65855],[-79.735341,43.667537]]},"properties":{"PingCount":196,"AvgSpeedKmh":21.6}},{"type":"Feature","geometry":{"type":"LineString","coordinates":[[-79.723421,43.65855],[-79.746029,43.675554]]},"properties":{"PingCount":1,"AvgSpeedKmh":27.9}},{"type":"Feature","geometry":{"type":"LineString","coordinates":[[-79.723421,43.65855],[-79.657737,43.684872]]},"properties":{"PingCount":1,"AvgSpeedKmh":7.3}},{"type":"Feature","geometry":{"type":"LineString","coordinates":[[-79.723421,43.65855],[-79.710572,43.684581]]},"properties":{"PingCount":4,"AvgSpeedKmh":33.3}},{"type":"Feature","geometry":{"type":"LineString","coordinates":[[-79.723421,43.65855],[-79.657737,43.698347]]},"properties":{"PingCount":1,"AvgSpeedKmh":7.9}},{"type":"Feature","geometry":{"type":"LineString","coordinates":[[-79.723421,43.65855],[-79.738691,43.705327]]},"properties":{"PingCount":1,"AvgSpeedKmh":25.4}},{"type":"Feature","geometry":{"type":"LineString","coordinates":[[-79.723421,43.65855],[-79.676401,43.711822]]},"properties":{"PingCount":10,"AvgSpeedKmh":7.6}},{"type":"Feature","geometry":{"type":"LineString","coordinates":[[-79.751057,43.657923],[-79.769721,43.657923]]},"properties":{"PingCount":2,"AvgSpeedKmh":26.7}},{"type":"Feature","geometry":{"type":"LineString","coordinates":[[-79.751057,43.657923],[-79.735341,43.667537]]},"properties":{"PingCount":75,"AvgSpeedKmh":28.2}},{"type":"Feature","geometry":{"type":"LineString","coordinates":[[-79.751057,43.657923],[-79.769721,43.671398]]},"properties":{"PingCount":1,"AvgSpeedKmh":51.2}},{"type":"Feature","geometry":{"type":"LineString","coordinates":[[-79.751057,43.657923],[-79.710572,43.684581]]},"properties":{"PingCount":2,"AvgSpeedKmh":40.1}},{"type":"Feature","geometry":{"type":"LineString","coordinates":[[-79.769721,43.657923],[-79.788385,43.671398]]},"properties":{"PingCount":6,"AvgSpeedKmh":34.0}},{"type":"Feature","geometry":{"type":"LineString","coordinates":[[-79.807049,43.657923],[-79.825713,43.657923]]},"properties":{"PingCount":2,"AvgSpeedKmh":6.6}},{"type":"Feature","geometry":{"type":"LineString","coordinates":[[-79.807049,43.657923],[-79.821015,43.673706]]},"properties":{"PingCount":5,"AvgSpeedKmh":31.5}},{"type":"Feature","geometry":{"type":"LineString","coordinates":[[-79.807049,43.657923],[-79.844377,43.671398]]},"properties":{"PingCount":1,"AvgSpeedKmh":52.5}},{"type":"Feature","geometry":{"type":"LineString","coordinates":[[-79.825713,43.657923],[-79.839678,43.656973]]},"properties":{"PingCount":1,"AvgSpeedKmh":29.2}},{"type":"Feature","geometry":{"type":"LineString","coordinates":[[-79.825713,43.657923],[-79.821015,43.673706]]},"properties":{"PingCount":3,"AvgSpeedKmh":27.1}},{"type":"Feature","geometry":{"type":"LineString","coordinates":[[-79.825713,43.657923],[-79.808514,43.686322]]},"properties":{"PingCount":1,"AvgSpeedKmh":46.1}},{"type":"Feature","geometry":{"type":"LineString","coordinates":[[-79.825713,43.657923],[-79.844377,43.684872]]},"properties":{"PingCount":1,"AvgSpeedKmh":50.4}},{"type":"Feature","geometry":{"type":"LineString","coordinates":[[-79.839678,43.656973],[-79.821015,43.673706]]},"properties":{"PingCount":7,"AvgSpeedKmh":33.4}},{"type":"Feature","geometry":{"type":"LineString","coordinates":[[-79.863041,43.657923],[-79.881705,43.671398]]},"properties":{"PingCount":1,"AvgSpeedKmh":38.4}},{"type":"Feature","geometry":{"type":"LineString","coordinates":[[-79.919032,43.657923],[-79.92922,43.651861]]},"properties":{"PingCount":2,"AvgSpeedKmh":27.0}},{"type":"Feature","geometry":{"type":"LineString","coordinates":[[-79.919032,43.657923],[-79.900368,43.671398]]},"properties":{"PingCount":1,"AvgSpeedKmh":32.2}},{"type":"Feature","geometry":{"type":"LineString","coordinates":[[-79.92922,43.651861],[-79.951132,43.650505]]},"properties":{"PingCount":4,"AvgSpeedKmh":43.7}},{"type":"Feature","geometry":{"type":"LineString","coordinates":[[-79.347303,43.678411],[-79.35994,43.676043]]},"properties":{"PingCount":9,"AvgSpeedKmh":4.1}},{"type":"Feature","geometry":{"type":"LineString","coordinates":[[-79.347303,43.678411],[-79.34973,43.678025]]},"properties":{"PingCount":7,"AvgSpeedKmh":8.1}},{"type":"Feature","geometry":{"type":"LineString","coordinates":[[-79.35994,43.676043],[-79.370819,43.672023]]},"properties":{"PingCount":53,"AvgSpeedKmh":15.4}},{"type":"Feature","geometry":{"type":"LineString","coordinates":[[-79.35994,43.676043],[-79.394132,43.668723]]},"properties":{"PingCount":1,"AvgSpeedKmh":2.3}},{"type":"Feature","geometry":{"type":"LineString","coordinates":[[-79.35994,43.676043],[-79.34973,43.678025]]},"properties":{"PingCount":8,"AvgSpeedKmh":15.8}},{"type":"Feature","geometry":{"type":"LineString","coordinates":[[-79.35994,43.676043],[-79.359114,43.684872]]},"properties":{"PingCount":37,"AvgSpeedKmh":22.7}},{"type":"Feature","geometry":{"type":"LineString","coordinates":[[-79.35994,43.676043],[-79.377778,43.684872]]},"properties":{"PingCount":1,"AvgSpeedKmh":8.7}},{"type":"Feature","geometry":{"type":"LineString","coordinates":[[-79.35994,43.676043],[-79.34045,43.698347]]},"properties":{"PingCount":54,"AvgSpeedKmh":62.9}},{"type":"Feature","geometry":{"type":"LineString","coordinates":[[-79.35994,43.676043],[-79.359114,43.698347]]},"properties":{"PingCount":25,"AvgSpeedKmh":42.5}},{"type":"Feature","geometry":{"type":"LineString","coordinates":[[-79.35994,43.676043],[-79.34045,43.711822]]},"properties":{"PingCount":1,"AvgSpeedKmh":81.9}},{"type":"Feature","geometry":{"type":"LineString","coordinates":[[-79.35994,43.676043],[-79.004499,43.927416]]},"properties":{"PingCount":1,"AvgSpeedKmh":40.0}},{"type":"Feature","geometry":{"type":"LineString","coordinates":[[-79.35994,43.676043],[-78.911179,43.940891]]},"properties":{"PingCount":1,"AvgSpeedKmh":46.9}},{"type":"Feature","geometry":{"type":"LineString","coordinates":[[-79.35994,43.676043],[-79.004499,43.954366]]},"properties":{"PingCount":1,"AvgSpeedKmh":42.1}},{"type":"Feature","geometry":{"type":"LineString","coordinates":[[-79.370819,43.672023],[-79.394132,43.668723]]},"properties":{"PingCount":35,"AvgSpeedKmh":11.1}},{"type":"Feature","geometry":{"type":"LineString","coordinates":[[-79.370819,43.672023],[-79.359114,43.684872]]},"properties":{"PingCount":25,"AvgSpeedKmh":23.5}},{"type":"Feature","geometry":{"type":"LineString","coordinates":[[-79.370819,43.672023],[-79.377778,43.684872]]},"properties":{"PingCount":11,"AvgSpeedKmh":22.3}},{"type":"Feature","geometry":{"type":"LineString","coordinates":[[-79.370819,43.672023],[-79.393291,43.68627]]},"properties":{"PingCount":2,"AvgSpeedKmh":1.6}},{"type":"Feature","geometry":{"type":"LineString","coordinates":[[-79.370819,43.672023],[-79.359114,43.698347]]},"properties":{"PingCount":2,"AvgSpeedKmh":50.3}},{"type":"Feature","geometry":{"type":"LineString","coordinates":[[-79.370819,43.672023],[-79.23247,43.725207]]},"properties":{"PingCount":1,"AvgSpeedKmh":8.6}},{"type":"Feature","geometry":{"type":"LineString","coordinates":[[-79.370819,43.672023],[-79.321786,43.725296]]},"properties":{"PingCount":3,"AvgSpeedKmh":6.9}},{"type":"Feature","geometry":{"type":"LineString","coordinates":[[-79.370819,43.672023],[-79.305308,43.769817]]},"properties":{"PingCount":1,"AvgSpeedKmh":12.7}},{"type":"Feature","geometry":{"type":"LineString","coordinates":[[-79.370819,43.672023],[-79.375822,43.765774]]},"properties":{"PingCount":1,"AvgSpeedKmh":10.9}},{"type":"Feature","geometry":{"type":"LineString","coordinates":[[-79.370819,43.672023],[-79.187761,43.797872]]},"properties":{"PingCount":1,"AvgSpeedKmh":21.5}},{"type":"Feature","geometry":{"type":"LineString","coordinates":[[-79.370819,43.672023],[-79.122659,43.811798]]},"properties":{"PingCount":1,"AvgSpeedKmh":25.9}},{"type":"Feature","geometry":{"type":"LineString","coordinates":[[-79.370819,43.672023],[-79.16688,43.79997]]},"properties":{"PingCount":1,"AvgSpeedKmh":22.9}},{"type":"Feature","geometry":{"type":"LineString","coordinates":[[-79.370819,43.672023],[-79.022732,43.852855]]},"properties":{"PingCount":1,"AvgSpeedKmh":35.2}},{"type":"Feature","geometry":{"type":"LineString","coordinates":[[-79.370819,43.672023],[-79.050983,43.846873]]},"properties":{"PingCount":1,"AvgSpeedKmh":33.2}},{"type":"Feature","geometry":{"type":"LineString","coordinates":[[-79.370819,43.672023],[-79.011958,43.855423]]},"properties":{"PingCount":1,"AvgSpeedKmh":18.7}},{"type":"Feature","geometry":{"type":"LineString","coordinates":[[-79.370819,43.672023],[-78.957655,43.915363]]},"properties":{"PingCount":2,"AvgSpeedKmh":42.6}},{"type":"Feature","geometry":{"type":"LineString","coordinates":[[-79.370819,43.672023],[-79.004499,43.913942]]},"properties":{"PingCount":1,"AvgSpeedKmh":42.0}},{"type":"Feature","geometry":{"type":"LineString","coordinates":[[-79.370819,43.672023],[-79.004499,43.927416]]},"properties":{"PingCount":2,"AvgSpeedKmh":41.8}},{"type":"Feature","geometry":{"type":"LineString","coordinates":[[-79.370819,43.672023],[-78.911179,43.940891]]},"properties":{"PingCount":4,"AvgSpeedKmh":42.4}},{"type":"Feature","geometry":{"type":"LineString","coordinates":[[-79.370819,43.672023],[-78.929843,43.940891]]},"properties":{"PingCount":3,"AvgSpeedKmh":47.0}},{"type":"Feature","geometry":{"type":"LineString","coordinates":[[-79.370819,43.672023],[-78.959785,43.947293]]},"properties":{"PingCount":1,"AvgSpeedKmh":46.3}},{"type":"Feature","geometry":{"type":"LineString","coordinates":[[-79.394132,43.668723],[-79.411216,43.665161]]},"properties":{"PingCount":5,"AvgSpeedKmh":14.3}},{"type":"Feature","geometry":{"type":"LineString","coordinates":[[-79.394132,43.668723],[-79.377778,43.684872]]},"properties":{"PingCount":1,"AvgSpeedKmh":7.0}},{"type":"Feature","geometry":{"type":"LineString","coordinates":[[-79.394132,43.668723],[-79.393291,43.68627]]},"properties":{"PingCount":11,"AvgSpeedKmh":19.8}},{"type":"Feature","geometry":{"type":"LineString","coordinates":[[-79.394132,43.668723],[-79.43377,43.684872]]},"properties":{"PingCount":1,"AvgSpeedKmh":1.4}},{"type":"Feature","geometry":{"type":"LineString","coordinates":[[-79.394132,43.668723],[-79.359114,43.698347]]},"properties":{"PingCount":1,"AvgSpeedKmh":4.7}},{"type":"Feature","geometry":{"type":"LineString","coordinates":[[-79.394132,43.668723],[-79.43377,43.698347]]},"properties":{"PingCount":1,"AvgSpeedKmh":4.3}},{"type":"Feature","geometry":{"type":"LineString","coordinates":[[-79.394132,43.668723],[-79.25767,43.780909]]},"properties":{"PingCount":1,"AvgSpeedKmh":10.6}},{"type":"Feature","geometry":{"type":"LineString","coordinates":[[-79.394132,43.668723],[-79.226445,43.788324]]},"properties":{"PingCount":1,"AvgSpeedKmh":19.4}},{"type":"Feature","geometry":{"type":"LineString","coordinates":[[-79.394132,43.668723],[-78.985835,43.886992]]},"properties":{"PingCount":1,"AvgSpeedKmh":20.4}},{"type":"Feature","geometry":{"type":"LineString","coordinates":[[-79.394132,43.668723],[-79.005416,43.943098]]},"properties":{"PingCount":1,"AvgSpeedKmh":42.3}},{"type":"Feature","geometry":{"type":"LineString","coordinates":[[-79.411216,43.665161],[-79.43377,43.671398]]},"properties":{"PingCount":3,"AvgSpeedKmh":17.5}},{"type":"Feature","geometry":{"type":"LineString","coordinates":[[-79.411216,43.665161],[-79.415106,43.684872]]},"properties":{"PingCount":31,"AvgSpeedKmh":18.5}},{"type":"Feature","geometry":{"type":"LineString","coordinates":[[-79.43377,43.671398],[-79.452434,43.671398]]},"properties":{"PingCount":13,"AvgSpeedKmh":10.9}},{"type":"Feature","geometry":{"type":"LineString","coordinates":[[-79.43377,43.671398],[-79.43377,43.684872]]},"properties":{"PingCount":3,"AvgSpeedKmh":9.4}},{"type":"Feature","geometry":{"type":"LineString","coordinates":[[-79.43377,43.671398],[-79.452434,43.684872]]},"properties":{"PingCount":26,"AvgSpeedKmh":21.0}},{"type":"Feature","geometry":{"type":"LineString","coordinates":[[-79.452434,43.671398],[-79.471098,43.671398]]},"properties":{"PingCount":9,"AvgSpeedKmh":13.4}},{"type":"Feature","geometry":{"type":"LineString","coordinates":[[-79.452434,43.671398],[-79.43377,43.684872]]},"properties":{"PingCount":6,"AvgSpeedKmh":9.7}},{"type":"Feature","geometry":{"type":"LineString","coordinates":[[-79.452434,43.671398],[-79.452434,43.684872]]},"properties":{"PingCount":10,"AvgSpeedKmh":2.9}},{"type":"Feature","geometry":{"type":"LineString","coordinates":[[-79.471098,43.671398],[-79.489762,43.671398]]},"properties":{"PingCount":13,"AvgSpeedKmh":21.7}},{"type":"Feature","geometry":{"type":"LineString","coordinates":[[-79.471098,43.671398],[-79.471098,43.684872]]},"properties":{"PingCount":67,"AvgSpeedKmh":18.2}},{"type":"Feature","geometry":{"type":"LineString","coordinates":[[-79.471098,43.671398],[-79.489762,43.684872]]},"properties":{"PingCount":9,"AvgSpeedKmh":25.4}},{"type":"Feature","geometry":{"type":"LineString","coordinates":[[-79.489762,43.671398],[-79.489762,43.684872]]},"properties":{"PingCount":13,"AvgSpeedKmh":26.2}},{"type":"Feature","geometry":{"type":"LineString","coordinates":[[-79.489762,43.671398],[-79.508426,43.684872]]},"properties":{"PingCount":5,"AvgSpeedKmh":28.0}},{"type":"Feature","geometry":{"type":"LineString","coordinates":[[-79.52709,43.671398],[-79.545753,43.684872]]},"properties":{"PingCount":5,"AvgSpeedKmh":26.1}},{"type":"Feature","geometry":{"type":"LineString","coordinates":[[-79.545753,43.671398],[-79.57409,43.673653]]},"properties":{"PingCount":1,"AvgSpeedKmh":22.4}},{"type":"Feature","geometry":{"type":"LineString","coordinates":[[-79.545753,43.671398],[-79.59216,43.676473]]},"properties":{"PingCount":2,"AvgSpeedKmh":52.4}},{"type":"Feature","geometry":{"type":"LineString","coordinates":[[-79.545753,43.671398],[-79.52709,43.684872]]},"properties":{"PingCount":2,"AvgSpeedKmh":33.2}},{"type":"Feature","geometry":{"type":"LineString","coordinates":[[-79.545753,43.671398],[-79.545753,43.684872]]},"properties":{"PingCount":5,"AvgSpeedKmh":28.2}},{"type":"Feature","geometry":{"type":"LineString","coordinates":[[-79.545753,43.671398],[-79.545753,43.698347]]},"properties":{"PingCount":1,"AvgSpeedKmh":44.5}},{"type":"Feature","geometry":{"type":"LineString","coordinates":[[-79.57409,43.673653],[-79.59216,43.676473]]},"properties":{"PingCount":16,"AvgSpeedKmh":31.1}},{"type":"Feature","geometry":{"type":"LineString","coordinates":[[-79.57409,43.673653],[-79.545753,43.684872]]},"properties":{"PingCount":3,"AvgSpeedKmh":34.8}},{"type":"Feature","geometry":{"type":"LineString","coordinates":[[-79.57409,43.673653],[-79.570611,43.689946]]},"properties":{"PingCount":1,"AvgSpeedKmh":44.5}},{"type":"Feature","geometry":{"type":"LineString","coordinates":[[-79.57409,43.673653],[-79.59339,43.680867]]},"properties":{"PingCount":19,"AvgSpeedKmh":62.0}},{"type":"Feature","geometry":{"type":"LineString","coordinates":[[-79.57409,43.673653],[-79.562339,43.705212]]},"properties":{"PingCount":3,"AvgSpeedKmh":61.4}},{"type":"Feature","geometry":{"type":"LineString","coordinates":[[-79.57409,43.673653],[-79.575908,43.698797]]},"properties":{"PingCount":2,"AvgSpeedKmh":56.8}},{"type":"Feature","geometry":{"type":"LineString","coordinates":[[-79.57409,43.673653],[-79.60411,43.692199]]},"properties":{"PingCount":6,"AvgSpeedKmh":80.0}},{"type":"Feature","geometry":{"type":"LineString","coordinates":[[-79.57409,43.673653],[-79.52709,43.738771]]},"properties":{"PingCount":1,"AvgSpeedKmh":7.8}},{"type":"Feature","geometry":{"type":"LineString","coordinates":[[-79.59216,43.676473],[-79.591878,43.673786]]},"properties":{"PingCount":76,"AvgSpeedKmh":22.8}},{"type":"Feature","geometry":{"type":"LineString","coordinates":[[-79.59216,43.676473],[-79.570611,43.689946]]},"properties":{"PingCount":25,"AvgSpeedKmh":29.2}},{"type":"Feature","geometry":{"type":"LineString","coordinates":[[-79.59216,43.676473],[-79.576048,43.679775]]},"properties":{"PingCount":73,"AvgSpeedKmh":15.2}},{"type":"Feature","geometry":{"type":"LineString","coordinates":[[-79.59216,43.676473],[-79.59339,43.680867]]},"properties":{"PingCount":67,"AvgSpeedKmh":46.8}},{"type":"Feature","geometry":{"type":"LineString","coordinates":[[-79.59216,43.676473],[-79.710572,43.684581]]},"properties":{"PingCount":1,"AvgSpeedKmh":8.2}},{"type":"Feature","geometry":{"type":"LineString","coordinates":[[-79.59216,43.676473],[-79.562339,43.705212]]},"properties":{"PingCount":53,"AvgSpeedKmh":54.4}},{"type":"Feature","geometry":{"type":"LineString","coordinates":[[-79.59216,43.676473],[-79.575908,43.698797]]},"properties":{"PingCount":11,"AvgSpeedKmh":41.2}},{"type":"Feature","geometry":{"type":"LineString","coordinates":[[-79.59216,43.676473],[-79.60411,43.692199]]},"properties":{"PingCount":149,"AvgSpeedKmh":70.1}},{"type":"Feature","geometry":{"type":"LineString","coordinates":[[-79.59216,43.676473],[-79.609573,43.701102]]},"properties":{"PingCount":31,"AvgSpeedKmh":80.0}},{"type":"Feature","geometry":{"type":"LineString","coordinates":[[-79.59216,43.676473],[-79.555748,43.70812]]},"properties":{"PingCount":19,"AvgSpeedKmh":92.8}},{"type":"Feature","geometry":{"type":"LineString","coordinates":[[-79.59216,43.676473],[-79.556252,43.707136]]},"properties":{"PingCount":12,"AvgSpeedKmh":94.4}},{"type":"Feature","geometry":{"type":"LineString","coordinates":[[-79.59216,43.676473],[-79.614379,43.708197]]},"properties":{"PingCount":111,"AvgSpeedKmh":88.3}},{"type":"Feature","geometry":{"type":"LineString","coordinates":[[-79.59216,43.676473],[-79.625819,43.729076]]},"properties":{"PingCount":2,"AvgSpeedKmh":77.6}},{"type":"Feature","geometry":{"type":"LineString","coordinates":[[-79.59216,43.676473],[-78.929843,43.913942]]},"properties":{"PingCount":1,"AvgSpeedKmh":60.0}},{"type":"Feature","geometry":{"type":"LineString","coordinates":[[-79.591878,43.673786],[-79.620409,43.671398]]},"properties":{"PingCount":1,"AvgSpeedKmh":36.7}},{"type":"Feature","geometry":{"type":"LineString","coordinates":[[-79.591878,43.673786],[-79.570611,43.689946]]},"properties":{"PingCount":4,"AvgSpeedKmh":69.7}},{"type":"Feature","geometry":{"type":"LineString","coordinates":[[-79.591878,43.673786],[-79.576048,43.679775]]},"properties":{"PingCount":6,"AvgSpeedKmh":37.0}},{"type":"Feature","geometry":{"type":"LineString","coordinates":[[-79.591878,43.673786],[-79.59339,43.680867]]},"properties":{"PingCount":66,"AvgSpeedKmh":42.9}},{"type":"Feature","geometry":{"type":"LineString","coordinates":[[-79.591878,43.673786],[-79.562339,43.705212]]},"properties":{"PingCount":30,"AvgSpeedKmh":82.1}},{"type":"Feature","geometry":{"type":"LineString","coordinates":[[-79.591878,43.673786],[-79.575908,43.698797]]},"properties":{"PingCount":2,"AvgSpeedKmh":47.9}},{"type":"Feature","geometry":{"type":"LineString","coordinates":[[-79.591878,43.673786],[-79.60411,43.692199]]},"properties":{"PingCount":50,"AvgSpeedKmh":64.7}},{"type":"Feature","geometry":{"type":"LineString","coordinates":[[-79.591878,43.673786],[-79.510044,43.717682]]},"properties":{"PingCount":1,"AvgSpeedKmh":92.4}},{"type":"Feature","geometry":{"type":"LineString","coordinates":[[-79.591878,43.673786],[-79.614379,43.708197]]},"properties":{"PingCount":33,"AvgSpeedKmh":87.0}},{"type":"Feature","geometry":{"type":"LineString","coordinates":[[-79.591878,43.673786],[-79.625819,43.729076]]},"properties":{"PingCount":1,"AvgSpeedKmh":61.9}},{"type":"Feature","geometry":{"type":"LineString","coordinates":[[-79.620409,43.671398],[-79.639073,43.671398]]},"properties":{"PingCount":14,"AvgSpeedKmh":14.6}},{"type":"Feature","geometry":{"type":"LineString","coordinates":[[-79.620409,43.671398],[-79.657737,43.671398]]},"properties":{"PingCount":1,"AvgSpeedKmh":41.2}},{"type":"Feature","geometry":{"type":"LineString","coordinates":[[-79.620409,43.671398],[-79.639073,43.684872]]},"properties":{"PingCount":75,"AvgSpeedKmh":29.0}},{"type":"Feature","geometry":{"type":"LineString","coordinates":[[-79.639073,43.671398],[-79.657737,43.671398]]},"properties":{"PingCount":10,"AvgSpeedKmh":21.6}},{"type":"Feature","geometry":{"type":"LineString","coordinates":[[-79.639073,43.671398],[-79.676401,43.671398]]},"properties":{"PingCount":1,"AvgSpeedKmh":40.9}},{"type":"Feature","geometry":{"type":"LineString","coordinates":[[-79.639073,43.671398],[-79.639073,43.684872]]},"properties":{"PingCount":47,"AvgSpeedKmh":14.6}},{"type":"Feature","geometry":{"type":"LineString","coordinates":[[-79.657737,43.671398],[-79.676401,43.671398]]},"properties":{"PingCount":160,"AvgSpeedKmh":24.7}},{"type":"Feature","geometry":{"type":"LineString","coordinates":[[-79.657737,43.671398],[-79.657737,43.684872]]},"properties":{"PingCount":2,"AvgSpeedKmh":36.2}},{"type":"Feature","geometry":{"type":"LineString","coordinates":[[-79.657737,43.671398],[-79.676401,43.684872]]},"properties":{"PingCount":49,"AvgSpeedKmh":37.5}},{"type":"Feature","geometry":{"type":"LineString","coordinates":[[-79.657737,43.671398],[-79.695065,43.684872]]},"properties":{"PingCount":3,"AvgSpeedKmh":53.9}},{"type":"Feature","geometry":{"type":"LineString","coordinates":[[-79.676401,43.671398],[-79.69962,43.6682]]},"properties":{"PingCount":8,"AvgSpeedKmh":22.2}},{"type":"Feature","geometry":{"type":"LineString","coordinates":[[-79.676401,43.671398],[-79.657737,43.684872]]},"properties":{"PingCount":134,"AvgSpeedKmh":30.6}},{"type":"Feature","geometry":{"type":"LineString","coordinates":[[-79.676401,43.671398],[-79.676401,43.684872]]},"properties":{"PingCount":302,"AvgSpeedKmh":22.7}},{"type":"Feature","geometry":{"type":"LineString","coordinates":[[-79.676401,43.671398],[-79.695065,43.684872]]},"properties":{"PingCount":34,"AvgSpeedKmh":38.5}},{"type":"Feature","geometry":{"type":"LineString","coordinates":[[-79.676401,43.671398],[-79.710572,43.684581]]},"properties":{"PingCount":1,"AvgSpeedKmh":51.3}},{"type":"Feature","geometry":{"type":"LineString","coordinates":[[-79.676401,43.671398],[-79.657737,43.698347]]},"properties":{"PingCount":19,"AvgSpeedKmh":49.6}},{"type":"Feature","geometry":{"type":"LineString","coordinates":[[-79.676401,43.671398],[-79.676401,43.698347]]},"properties":{"PingCount":3,"AvgSpeedKmh":30.7}},{"type":"Feature","geometry":{"type":"LineString","coordinates":[[-79.676401,43.671398],[-79.695065,43.698347]]},"properties":{"PingCount":6,"AvgSpeedKmh":48.3}},{"type":"Feature","geometry":{"type":"LineString","coordinates":[[-79.676401,43.671398],[-79.676401,43.711822]]},"properties":{"PingCount":3,"AvgSpeedKmh":17.3}},{"type":"Feature","geometry":{"type":"LineString","coordinates":[[-79.69962,43.6682],[-79.705446,43.676203]]},"properties":{"PingCount":2,"AvgSpeedKmh":8.5}},{"type":"Feature","geometry":{"type":"LineString","coordinates":[[-79.69962,43.6682],[-79.676401,43.684872]]},"properties":{"PingCount":1,"AvgSpeedKmh":41.3}},{"type":"Feature","geometry":{"type":"LineString","coordinates":[[-79.69962,43.6682],[-79.695065,43.684872]]},"properties":{"PingCount":22,"AvgSpeedKmh":39.1}},{"type":"Feature","geometry":{"type":"LineString","coordinates":[[-79.69962,43.6682],[-79.710572,43.684581]]},"properties":{"PingCount":80,"AvgSpeedKmh":43.1}},{"type":"Feature","geometry":{"type":"LineString","coordinates":[[-79.69962,43.6682],[-79.695065,43.698347]]},"properties":{"PingCount":5,"AvgSpeedKmh":51.1}},{"type":"Feature","geometry":{"type":"LineString","coordinates":[[-79.69962,43.6682],[-79.717747,43.69057]]},"properties":{"PingCount":4,"AvgSpeedKmh":47.8}},{"type":"Feature","geometry":{"type":"LineString","coordinates":[[-79.69962,43.6682],[-79.738691,43.705327]]},"properties":{"PingCount":33,"AvgSpeedKmh":83.6}},{"type":"Feature","geometry":{"type":"LineString","coordinates":[[-79.69962,43.6682],[-79.676401,43.711822]]},"properties":{"PingCount":7,"AvgSpeedKmh":94.4}},{"type":"Feature","geometry":{"type":"LineString","coordinates":[[-79.69962,43.6682],[-79.72689,43.715777]]},"properties":{"PingCount":6,"AvgSpeedKmh":75.2}},{"type":"Feature","geometry":{"type":"LineString","coordinates":[[-79.69962,43.6682],[-79.759739,43.721547]]},"properties":{"PingCount":1,"AvgSpeedKmh":85.5}},{"type":"Feature","geometry":{"type":"LineString","coordinates":[[-79.705446,43.676203],[-79.735341,43.667537]]},"properties":{"PingCount":150,"AvgSpeedKmh":20.4}},{"type":"Feature","geometry":{"type":"LineString","coordinates":[[-79.705446,43.676203],[-79.710572,43.684581]]},"properties":{"PingCount":196,"AvgSpeedKmh":21.7}},{"type":"Feature","geometry":{"type":"LineString","coordinates":[[-79.705446,43.676203],[-79.732393,43.684872]]},"properties":{"PingCount":47,"AvgSpeedKmh":19.5}},{"type":"Feature","geometry":{"type":"LineString","coordinates":[[-79.705446,43.676203],[-79.695065,43.698347]]},"properties":{"PingCount":4,"AvgSpeedKmh":41.4}},{"type":"Feature","geometry":{"type":"LineString","coordinates":[[-79.705446,43.676203],[-79.717747,43.69057]]},"properties":{"PingCount":6,"AvgSpeedKmh":30.1}},{"type":"Feature","geometry":{"type":"LineString","coordinates":[[-79.705446,43.676203],[-79.738691,43.705327]]},"properties":{"PingCount":8,"AvgSpeedKmh":63.0}},{"type":"Feature","geometry":{"type":"LineString","coordinates":[[-79.705446,43.676203],[-79.676401,43.711822]]},"properties":{"PingCount":1,"AvgSpeedKmh":5.5}},{"type":"Feature","geometry":{"type":"LineString","coordinates":[[-79.705446,43.676203],[-79.72689,43.715777]]},"properties":{"PingCount":6,"AvgSpeedKmh":74.9}},{"type":"Feature","geometry":{"type":"LineString","coordinates":[[-79.705446,43.676203],[-79.676401,43.725296]]},"properties":{"PingCount":1,"AvgSpeedKmh":25.0}},{"type":"Feature","geometry":{"type":"LineString","coordinates":[[-79.735341,43.667537],[-79.746029,43.675554]]},"properties":{"PingCount":5,"AvgSpeedKmh":9.5}},{"type":"Feature","geometry":{"type":"LineString","coordinates":[[-79.735341,43.667537],[-79.676401,43.684872]]},"properties":{"PingCount":1,"AvgSpeedKmh":4.9}},{"type":"Feature","geometry":{"type":"LineString","coordinates":[[-79.735341,43.667537],[-79.710572,43.684581]]},"properties":{"PingCount":281,"AvgSpeedKmh":23.7}},{"type":"Feature","geometry":{"type":"LineString","coordinates":[[-79.735341,43.667537],[-79.732393,43.684872]]},"properties":{"PingCount":597,"AvgSpeedKmh":7.1}},{"type":"Feature","geometry":{"type":"LineString","coordinates":[[-79.735341,43.667537],[-79.751057,43.684872]]},"properties":{"PingCount":1,"AvgSpeedKmh":2.6}},{"type":"Feature","geometry":{"type":"LineString","coordinates":[[-79.735341,43.667537],[-79.657737,43.698347]]},"properties":{"PingCount":1,"AvgSpeedKmh":6.9}},{"type":"Feature","geometry":{"type":"LineString","coordinates":[[-79.735341,43.667537],[-79.676401,43.698347]]},"properties":{"PingCount":1,"AvgSpeedKmh":4.9}},{"type":"Feature","geometry":{"type":"LineString","coordinates":[[-79.735341,43.667537],[-79.695065,43.698347]]},"properties":{"PingCount":7,"AvgSpeedKmh":16.4}},{"type":"Feature","geometry":{"type":"LineString","coordinates":[[-79.735341,43.667537],[-79.717747,43.69057]]},"properties":{"PingCount":3,"AvgSpeedKmh":31.8}},{"type":"Feature","geometry":{"type":"LineString","coordinates":[[-79.735341,43.667537],[-79.676401,43.711822]]},"properties":{"PingCount":12,"AvgSpeedKmh":6.4}},{"type":"Feature","geometry":{"type":"LineString","coordinates":[[-79.735341,43.667537],[-79.695065,43.711822]]},"properties":{"PingCount":2,"AvgSpeedKmh":5.1}},{"type":"Feature","geometry":{"type":"LineString","coordinates":[[-79.746029,43.675554],[-79.769721,43.671398]]},"properties":{"PingCount":1,"AvgSpeedKmh":24.4}},{"type":"Feature","geometry":{"type":"LineString","coordinates":[[-79.746029,43.675554],[-79.732393,43.684872]]},"properties":{"PingCount":2,"AvgSpeedKmh":15.4}},{"type":"Feature","geometry":{"type":"LineString","coordinates":[[-79.746029,43.675554],[-79.751057,43.684872]]},"properties":{"PingCount":3,"AvgSpeedKmh":9.2}},{"type":"Feature","geometry":{"type":"LineString","coordinates":[[-79.769721,43.671398],[-79.788385,43.671398]]},"properties":{"PingCount":1,"AvgSpeedKmh":22.8}},{"type":"Feature","geometry":{"type":"LineString","coordinates":[[-79.769721,43.671398],[-79.769721,43.684872]]},"properties":{"PingCount":1,"AvgSpeedKmh":24.7}},{"type":"Feature","geometry":{"type":"LineString","coordinates":[[-79.788385,43.671398],[-79.807049,43.671398]]},"properties":{"PingCount":7,"AvgSpeedKmh":13.9}},{"type":"Feature","geometry":{"type":"LineString","coordinates":[[-79.788385,43.671398],[-79.808514,43.686322]]},"properties":{"PingCount":2,"AvgSpeedKmh":40.7}},{"type":"Feature","geometry":{"type":"LineString","coordinates":[[-79.807049,43.671398],[-79.821015,43.673706]]},"properties":{"PingCount":3,"AvgSpeedKmh":11.7}},{"type":"Feature","geometry":{"type":"LineString","coordinates":[[-79.807049,43.671398],[-79.808514,43.686322]]},"properties":{"PingCount":6,"AvgSpeedKmh":2.7}},{"type":"Feature","geometry":{"type":"LineString","coordinates":[[-79.821015,43.673706],[-79.844377,43.671398]]},"properties":{"PingCount":1,"AvgSpeedKmh":19.4}},{"type":"Feature","geometry":{"type":"LineString","coordinates":[[-79.821015,43.673706],[-79.808514,43.686322]]},"properties":{"PingCount":13,"AvgSpeedKmh":34.3}},{"type":"Feature","geometry":{"type":"LineString","coordinates":[[-79.821015,43.673706],[-79.844377,43.684872]]},"properties":{"PingCount":2,"AvgSpeedKmh":28.1}},{"type":"Feature","geometry":{"type":"LineString","coordinates":[[-79.844377,43.671398],[-79.844377,43.684872]]},"properties":{"PingCount":1,"AvgSpeedKmh":35.7}},{"type":"Feature","geometry":{"type":"LineString","coordinates":[[-79.844377,43.671398],[-79.863041,43.684872]]},"properties":{"PingCount":1,"AvgSpeedKmh":43.8}},{"type":"Feature","geometry":{"type":"LineString","coordinates":[[-79.881705,43.671398],[-79.863041,43.684872]]},"properties":{"PingCount":1,"AvgSpeedKmh":40.9}},{"type":"Feature","geometry":{"type":"LineString","coordinates":[[-79.900368,43.671398],[-79.863041,43.698347]]},"properties":{"PingCount":1,"AvgSpeedKmh":79.3}},{"type":"Feature","geometry":{"type":"LineString","coordinates":[[-79.303122,43.684872],[-79.323588,43.683407]]},"properties":{"PingCount":1,"AvgSpeedKmh":0.3}},{"type":"Feature","geometry":{"type":"LineString","coordinates":[[-79.303122,43.684872],[-79.303122,43.698347]]},"properties":{"PingCount":7,"AvgSpeedKmh":2.0}},{"type":"Feature","geometry":{"type":"LineString","coordinates":[[-79.303122,43.684872],[-79.321786,43.698347]]},"properties":{"PingCount":1,"AvgSpeedKmh":2.3}},{"type":"Feature","geometry":{"type":"LineString","coordinates":[[-79.323588,43.683407],[-79.34973,43.678025]]},"properties":{"PingCount":34,"AvgSpeedKmh":3.6}},{"type":"Feature","geometry":{"type":"LineString","coordinates":[[-79.323588,43.683407],[-79.321786,43.698347]]},"properties":{"PingCount":73,"AvgSpeedKmh":10.3}},{"type":"Feature","geometry":{"type":"LineString","coordinates":[[-79.323588,43.683407],[-79.34045,43.698347]]},"properties":{"PingCount":1,"AvgSpeedKmh":19.5}},{"type":"Feature","geometry":{"type":"LineString","coordinates":[[-79.34973,43.678025],[-79.359114,43.684872]]},"properties":{"PingCount":2,"AvgSpeedKmh":16.2}},{"type":"Feature","geometry":{"type":"LineString","coordinates":[[-79.34973,43.678025],[-79.284458,43.698347]]},"properties":{"PingCount":1,"AvgSpeedKmh":5.7}},{"type":"Feature","geometry":{"type":"LineString","coordinates":[[-79.34973,43.678025],[-79.321786,43.698347]]},"properties":{"PingCount":9,"AvgSpeedKmh":21.1}},{"type":"Feature","geometry":{"type":"LineString","coordinates":[[-79.34973,43.678025],[-79.34045,43.698347]]},"properties":{"PingCount":35,"AvgSpeedKmh":15.2}},{"type":"Feature","geometry":{"type":"LineString","coordinates":[[-79.34973,43.678025],[-79.359114,43.698347]]},"properties":{"PingCount":7,"AvgSpeedKmh":16.0}},{"type":"Feature","geometry":{"type":"LineString","coordinates":[[-79.34973,43.678025],[-79.23247,43.725207]]},"properties":{"PingCount":2,"AvgSpeedKmh":25.8}},{"type":"Feature","geometry":{"type":"LineString","coordinates":[[-79.359114,43.684872],[-79.377778,43.684872]]},"properties":{"PingCount":2,"AvgSpeedKmh":19.7}},{"type":"Feature","geometry":{"type":"LineString","coordinates":[[-79.359114,43.684872],[-79.34045,43.698347]]},"properties":{"PingCount":61,"AvgSpeedKmh":52.9}},{"type":"Feature","geometry":{"type":"LineString","coordinates":[[-79.359114,43.684872],[-79.359114,43.698347]]},"properties":{"PingCount":32,"AvgSpeedKmh":17.5}},{"type":"Feature","geometry":{"type":"LineString","coordinates":[[-79.359114,43.684872],[-79.377778,43.698347]]},"properties":{"PingCount":1,"AvgSpeedKmh":26.3}},{"type":"Feature","geometry":{"type":"LineString","coordinates":[[-79.359114,43.684872],[-79.321786,43.711822]]},"properties":{"PingCount":40,"AvgSpeedKmh":73.8}},{"type":"Feature","geometry":{"type":"LineString","coordinates":[[-79.359114,43.684872],[-79.34045,43.711822]]},"properties":{"PingCount":21,"AvgSpeedKmh":71.6}},{"type":"Feature","geometry":{"type":"LineString","coordinates":[[-79.359114,43.684872],[-79.269697,43.777893]]},"properties":{"PingCount":1,"AvgSpeedKmh":14.6}},{"type":"Feature","geometry":{"type":"LineString","coordinates":[[-79.377778,43.684872],[-79.393291,43.68627]]},"properties":{"PingCount":11,"AvgSpeedKmh":14.4}},{"type":"Feature","geometry":{"type":"LineString","coordinates":[[-79.377778,43.684872],[-79.34045,43.698347]]},"properties":{"PingCount":1,"AvgSpeedKmh":64.8}},{"type":"Feature","geometry":{"type":"LineString","coordinates":[[-79.377778,43.684872],[-79.359114,43.698347]]},"properties":{"PingCount":1,"AvgSpeedKmh":44.6}},{"type":"Feature","geometry":{"type":"LineString","coordinates":[[-79.377778,43.684872],[-79.377778,43.698347]]},"properties":{"PingCount":7,"AvgSpeedKmh":14.8}},{"type":"Feature","geometry":{"type":"LineString","coordinates":[[-79.393291,43.68627],[-79.415106,43.684872]]},"properties":{"PingCount":4,"AvgSpeedKmh":19.4}},{"type":"Feature","geometry":{"type":"LineString","coordinates":[[-79.393291,43.68627],[-79.377778,43.698347]]},"properties":{"PingCount":1,"AvgSpeedKmh":15.2}},{"type":"Feature","geometry":{"type":"LineString","coordinates":[[-79.393291,43.68627],[-79.39776,43.704166]]},"properties":{"PingCount":13,"AvgSpeedKmh":26.1}},{"type":"Feature","geometry":{"type":"LineString","coordinates":[[-79.393291,43.68627],[-79.423512,43.742523]]},"properties":{"PingCount":1,"AvgSpeedKmh":6.1}},{"type":"Feature","geometry":{"type":"LineString","coordinates":[[-79.393291,43.68627],[-79.325742,43.768533]]},"properties":{"PingCount":1,"AvgSpeedKmh":10.7}},{"type":"Feature","geometry":{"type":"LineString","coordinates":[[-79.393291,43.68627],[-79.357583,43.766249]]},"properties":{"PingCount":1,"AvgSpeedKmh":8.9}},{"type":"Feature","geometry":{"type":"LineString","coordinates":[[-79.393291,43.68627],[-79.28334,43.774952]]},"properties":{"PingCount":1,"AvgSpeedKmh":14.6}},{"type":"Feature","geometry":{"type":"LineString","coordinates":[[-79.393291,43.68627],[-78.929843,43.940891]]},"properties":{"PingCount":1,"AvgSpeedKmh":23.7}},{"type":"Feature","geometry":{"type":"LineString","coordinates":[[-79.393291,43.68627],[-78.959785,43.947293]]},"properties":{"PingCount":1,"AvgSpeedKmh":46.7}},{"type":"Feature","geometry":{"type":"LineString","coordinates":[[-79.415106,43.684872],[-79.43377,43.684872]]},"properties":{"PingCount":8,"AvgSpeedKmh":14.8}},{"type":"Feature","geometry":{"type":"LineString","coordinates":[[-79.415106,43.684872],[-79.415106,43.698347]]},"properties":{"PingCount":16,"AvgSpeedKmh":26.1}},{"type":"Feature","geometry":{"type":"LineString","coordinates":[[-79.415106,43.684872],[-79.43377,43.698347]]},"properties":{"PingCount":14,"AvgSpeedKmh":28.0}},{"type":"Feature","geometry":{"type":"LineString","coordinates":[[-79.415106,43.684872],[-79.43377,43.711822]]},"properties":{"PingCount":1,"AvgSpeedKmh":37.3}},{"type":"Feature","geometry":{"type":"LineString","coordinates":[[-79.43377,43.684872],[-79.452434,43.684872]]},"properties":{"PingCount":8,"AvgSpeedKmh":10.6}},{"type":"Feature","geometry":{"type":"LineString","coordinates":[[-79.43377,43.684872],[-79.43377,43.698347]]},"properties":{"PingCount":2,"AvgSpeedKmh":22.1}},{"type":"Feature","geometry":{"type":"LineString","coordinates":[[-79.43377,43.684872],[-79.452434,43.698347]]},"properties":{"PingCount":2,"AvgSpeedKmh":22.9}},{"type":"Feature","geometry":{"type":"LineString","coordinates":[[-79.43377,43.684872],[-79.405172,43.755122]]},"properties":{"PingCount":1,"AvgSpeedKmh":8.4}},{"type":"Feature","geometry":{"type":"LineString","coordinates":[[-79.43377,43.684872],[-79.375822,43.765774]]},"properties":{"PingCount":2,"AvgSpeedKmh":10.2}},{"type":"Feature","geometry":{"type":"LineString","coordinates":[[-79.43377,43.684872],[-79.011958,43.855423]]},"properties":{"PingCount":1,"AvgSpeedKmh":39.4}},{"type":"Feature","geometry":{"type":"LineString","coordinates":[[-79.452434,43.684872],[-79.471098,43.684872]]},"properties":{"PingCount":3,"AvgSpeedKmh":27.7}},{"type":"Feature","geometry":{"type":"LineString","coordinates":[[-79.452434,43.684872],[-79.43377,43.698347]]},"properties":{"PingCount":1,"AvgSpeedKmh":17.5}},{"type":"Feature","geometry":{"type":"LineString","coordinates":[[-79.452434,43.684872],[-79.452434,43.698347]]},"properties":{"PingCount":31,"AvgSpeedKmh":26.5}},{"type":"Feature","geometry":{"type":"LineString","coordinates":[[-79.452434,43.684872],[-78.985835,43.900467]]},"properties":{"PingCount":1,"AvgSpeedKmh":44.1}},{"type":"Feature","geometry":{"type":"LineString","coordinates":[[-79.471098,43.684872],[-79.489762,43.684872]]},"properties":{"PingCount":45,"AvgSpeedKmh":17.5}},{"type":"Feature","geometry":{"type":"LineString","coordinates":[[-79.471098,43.684872],[-79.471098,43.698347]]},"properties":{"PingCount":6,"AvgSpeedKmh":20.9}},{"type":"Feature","geometry":{"type":"LineString","coordinates":[[-79.471098,43.684872],[-79.489762,43.698347]]},"properties":{"PingCount":15,"AvgSpeedKmh":28.2}},{"type":"Feature","geometry":{"type":"LineString","coordinates":[[-79.489762,43.684872],[-79.508426,43.684872]]},"properties":{"PingCount":7,"AvgSpeedKmh":23.4}},{"type":"Feature","geometry":{"type":"LineString","coordinates":[[-79.489762,43.684872],[-79.489762,43.698347]]},"properties":{"PingCount":46,"AvgSpeedKmh":28.9}},{"type":"Feature","geometry":{"type":"LineString","coordinates":[[-79.489762,43.684872],[-79.508426,43.698347]]},"properties":{"PingCount":9,"AvgSpeedKmh":29.4}},{"type":"Feature","geometry":{"type":"LineString","coordinates":[[-79.489762,43.684872],[-79.500267,43.709135]]},"properties":{"PingCount":2,"AvgSpeedKmh":38.6}},{"type":"Feature","geometry":{"type":"LineString","coordinates":[[-79.489762,43.684872],[-79.510044,43.717682]]},"properties":{"PingCount":1,"AvgSpeedKmh":58.6}},{"type":"Feature","geometry":{"type":"LineString","coordinates":[[-79.508426,43.684872],[-79.52709,43.684872]]},"properties":{"PingCount":4,"AvgSpeedKmh":33.7}},{"type":"Feature","geometry":{"type":"LineString","coordinates":[[-79.508426,43.684872],[-79.545753,43.684872]]},"properties":{"PingCount":2,"AvgSpeedKmh":43.8}},{"type":"Feature","geometry":{"type":"LineString","coordinates":[[-79.508426,43.684872],[-79.508426,43.698347]]},"properties":{"PingCount":6,"AvgSpeedKmh":24.8}},{"type":"Feature","geometry":{"type":"LineString","coordinates":[[-79.52709,43.684872],[-79.545753,43.684872]]},"properties":{"PingCount":2,"AvgSpeedKmh":26.1}},{"type":"Feature","geometry":{"type":"LineString","coordinates":[[-79.545753,43.684872],[-79.545753,43.698347]]},"properties":{"PingCount":9,"AvgSpeedKmh":31.6}},{"type":"Feature","geometry":{"type":"LineString","coordinates":[[-79.545753,43.684872],[-79.555748,43.70812]]},"properties":{"PingCount":1,"AvgSpeedKmh":41.9}},{"type":"Feature","geometry":{"type":"LineString","coordinates":[[-79.570611,43.689946],[-79.576048,43.679775]]},"properties":{"PingCount":60,"AvgSpeedKmh":14.9}},{"type":"Feature","geometry":{"type":"LineString","coordinates":[[-79.570611,43.689946],[-79.59339,43.680867]]},"properties":{"PingCount":1,"AvgSpeedKmh":40.9}},{"type":"Feature","geometry":{"type":"LineString","coordinates":[[-79.570611,43.689946],[-79.562339,43.705212]]},"properties":{"PingCount":100,"AvgSpeedKmh":21.3}},{"type":"Feature","geometry":{"type":"LineString","coordinates":[[-79.570611,43.689946],[-79.575908,43.698797]]},"properties":{"PingCount":7,"AvgSpeedKmh":17.3}},{"type":"Feature","geometry":{"type":"LineString","coordinates":[[-79.570611,43.689946],[-79.535695,43.713135]]},"properties":{"PingCount":24,"AvgSpeedKmh":86.9}},{"type":"Feature","geometry":{"type":"LineString","coordinates":[[-79.570611,43.689946],[-79.555748,43.70812]]},"properties":{"PingCount":10,"AvgSpeedKmh":70.6}},{"type":"Feature","geometry":{"type":"LineString","coordinates":[[-79.570611,43.689946],[-79.556252,43.707136]]},"properties":{"PingCount":8,"AvgSpeedKmh":41.8}},{"type":"Feature","geometry":{"type":"LineString","coordinates":[[-79.570611,43.689946],[-79.583081,43.711822]]},"properties":{"PingCount":1,"AvgSpeedKmh":24.3}},{"type":"Feature","geometry":{"type":"LineString","coordinates":[[-79.576048,43.679775],[-79.59339,43.680867]]},"properties":{"PingCount":7,"AvgSpeedKmh":31.7}},{"type":"Feature","geometry":{"type":"LineString","coordinates":[[-79.576048,43.679775],[-79.562339,43.705212]]},"properties":{"PingCount":48,"AvgSpeedKmh":32.3}},{"type":"Feature","geometry":{"type":"LineString","coordinates":[[-79.576048,43.679775],[-79.575908,43.698797]]},"properties":{"PingCount":14,"AvgSpeedKmh":32.2}},{"type":"Feature","geometry":{"type":"LineString","coordinates":[[-79.576048,43.679775],[-79.535695,43.713135]]},"properties":{"PingCount":3,"AvgSpeedKmh":93.5}},{"type":"Feature","geometry":{"type":"LineString","coordinates":[[-79.576048,43.679775],[-79.555748,43.70812]]},"properties":{"PingCount":27,"AvgSpeedKmh":87.1}},{"type":"Feature","geometry":{"type":"LineString","coordinates":[[-79.576048,43.679775],[-79.556252,43.707136]]},"properties":{"PingCount":3,"AvgSpeedKmh":46.1}},{"type":"Feature","geometry":{"type":"LineString","coordinates":[[-79.59339,43.680867],[-79.611888,43.690305]]},"properties":{"PingCount":18,"AvgSpeedKmh":31.1}},{"type":"Feature","geometry":{"type":"LineString","coordinates":[[-79.59339,43.680867],[-79.562339,43.705212]]},"properties":{"PingCount":1,"AvgSpeedKmh":50.1}},{"type":"Feature","geometry":{"type":"LineString","coordinates":[[-79.59339,43.680867],[-79.575908,43.698797]]},"properties":{"PingCount":1,"AvgSpeedKmh":45.0}},{"type":"Feature","geometry":{"type":"LineString","coordinates":[[-79.59339,43.680867],[-79.60411,43.692199]]},"properties":{"PingCount":53,"AvgSpeedKmh":36.5}},{"type":"Feature","geometry":{"type":"LineString","coordinates":[[-79.59339,43.680867],[-79.609573,43.701102]]},"properties":{"PingCount":8,"AvgSpeedKmh":44.9}},{"type":"Feature","geometry":{"type":"LineString","coordinates":[[-79.59339,43.680867],[-79.639073,43.698347]]},"properties":{"PingCount":2,"AvgSpeedKmh":41.5}},{"type":"Feature","geometry":{"type":"LineString","coordinates":[[-79.59339,43.680867],[-79.614379,43.708197]]},"properties":{"PingCount":129,"AvgSpeedKmh":74.0}},{"type":"Feature","geometry":{"type":"LineString","coordinates":[[-79.59339,43.680867],[-79.625819,43.729076]]},"properties":{"PingCount":161,"AvgSpeedKmh":93.2}},{"type":"Feature","geometry":{"type":"LineString","coordinates":[[-79.59339,43.680867],[-79.628742,43.740041]]},"properties":{"PingCount":6,"AvgSpeedKmh":99.1}},{"type":"Feature","geometry":{"type":"LineString","coordinates":[[-79.59339,43.680867],[-79.629926,43.745677]]},"properties":{"PingCount":2,"AvgSpeedKmh":67.6}},{"type":"Feature","geometry":{"type":"LineString","coordinates":[[-79.59339,43.680867],[-79.684552,43.753109]]},"properties":{"PingCount":1,"AvgSpeedKmh":10.5}},{"type":"Feature","geometry":{"type":"LineString","coordinates":[[-79.611888,43.690305],[-79.562339,43.705212]]},"properties":{"PingCount":12,"AvgSpeedKmh":72.1}},{"type":"Feature","geometry":{"type":"LineString","coordinates":[[-79.611888,43.690305],[-79.575908,43.698797]]},"properties":{"PingCount":30,"AvgSpeedKmh":57.6}},{"type":"Feature","geometry":{"type":"LineString","coordinates":[[-79.611888,43.690305],[-79.60411,43.692199]]},"properties":{"PingCount":34,"AvgSpeedKmh":33.0}},{"type":"Feature","geometry":{"type":"LineString","coordinates":[[-79.611888,43.690305],[-79.609573,43.701102]]},"properties":{"PingCount":24,"AvgSpeedKmh":20.9}},{"type":"Feature","geometry":{"type":"LineString","coordinates":[[-79.611888,43.690305],[-79.639073,43.698347]]},"properties":{"PingCount":78,"AvgSpeedKmh":40.5}},{"type":"Feature","geometry":{"type":"LineString","coordinates":[[-79.611888,43.690305],[-79.614379,43.708197]]},"properties":{"PingCount":10,"AvgSpeedKmh":49.4}},{"type":"Feature","geometry":{"type":"LineString","coordinates":[[-79.611888,43.690305],[-79.639073,43.711822]]},"properties":{"PingCount":4,"AvgSpeedKmh":53.1}},{"type":"Feature","geometry":{"type":"LineString","coordinates":[[-79.611888,43.690305],[-79.625819,43.729076]]},"properties":{"PingCount":2,"AvgSpeedKmh":78.0}},{"type":"Feature","geometry":{"type":"LineString","coordinates":[[-79.657737,43.684872],[-79.676401,43.684872]]},"properties":{"PingCount":55,"AvgSpeedKmh":21.5}},{"type":"Feature","geometry":{"type":"LineString","coordinates":[[-79.657737,43.684872],[-79.639073,43.698347]]},"properties":{"PingCount":33,"AvgSpeedKmh":43.3}},{"type":"Feature","geometry":{"type":"LineString","coordinates":[[-79.657737,43.684872],[-79.657737,43.698347]]},"properties":{"PingCount":121,"AvgSpeedKmh":24.9}},{"type":"Feature","geometry":{"type":"LineString","coordinates":[[-79.657737,43.684872],[-79.676401,43.698347]]},"properties":{"PingCount":65,"AvgSpeedKmh":30.4}},{"type":"Feature","geometry":{"type":"LineString","coordinates":[[-79.657737,43.684872],[-79.695065,43.698347]]},"properties":{"PingCount":2,"AvgSpeedKmh":53.5}},{"type":"Feature","geometry":{"type":"LineString","coordinates":[[-79.657737,43.684872],[-79.639073,43.711822]]},"properties":{"PingCount":8,"AvgSpeedKmh":43.8}},{"type":"Feature","geometry":{"type":"LineString","coordinates":[[-79.657737,43.684872],[-79.676401,43.711822]]},"properties":{"PingCount":5,"AvgSpeedKmh":24.5}},{"type":"Feature","geometry":{"type":"LineString","coordinates":[[-79.657737,43.684872],[-79.629926,43.745677]]},"properties":{"PingCount":1,"AvgSpeedKmh":7.7}},{"type":"Feature","geometry":{"type":"LineString","coordinates":[[-79.657737,43.684872],[-79.632959,43.760602]]},"properties":{"PingCount":1,"AvgSpeedKmh":8.6}},{"type":"Feature","geometry":{"type":"LineString","coordinates":[[-79.657737,43.684872],[-79.676401,43.819619]]},"properties":{"PingCount":3,"AvgSpeedKmh":15.2}},{"type":"Feature","geometry":{"type":"LineString","coordinates":[[-79.676401,43.684872],[-79.695065,43.684872]]},"properties":{"PingCount":26,"AvgSpeedKmh":29.4}},{"type":"Feature","geometry":{"type":"LineString","coordinates":[[-79.676401,43.684872],[-79.710572,43.684581]]},"properties":{"PingCount":1,"AvgSpeedKmh":24.5}},{"type":"Feature","geometry":{"type":"LineString","coordinates":[[-79.676401,43.684872],[-79.639073,43.698347]]},"properties":{"PingCount":2,"AvgSpeedKmh":50.0}},{"type":"Feature","geometry":{"type":"LineString","coordinates":[[-79.676401,43.684872],[-79.657737,43.698347]]},"properties":{"PingCount":278,"AvgSpeedKmh":29.3}},{"type":"Feature","geometry":{"type":"LineString","coordinates":[[-79.676401,43.684872],[-79.676401,43.698347]]},"properties":{"PingCount":84,"AvgSpeedKmh":23.5}},{"type":"Feature","geometry":{"type":"LineString","coordinates":[[-79.676401,43.684872],[-79.695065,43.698347]]},"properties":{"PingCount":37,"AvgSpeedKmh":41.1}},{"type":"Feature","geometry":{"type":"LineString","coordinates":[[-79.676401,43.684872],[-79.676401,43.711822]]},"properties":{"PingCount":11,"AvgSpeedKmh":28.6}},{"type":"Feature","geometry":{"type":"LineString","coordinates":[[-79.676401,43.684872],[-79.695065,43.711822]]},"properties":{"PingCount":2,"AvgSpeedKmh":47.2}},{"type":"Feature","geometry":{"type":"LineString","coordinates":[[-79.695065,43.684872],[-79.710572,43.684581]]},"properties":{"PingCount":52,"AvgSpeedKmh":12.6}},{"type":"Feature","geometry":{"type":"LineString","coordinates":[[-79.695065,43.684872],[-79.695065,43.698347]]},"properties":{"PingCount":56,"AvgSpeedKmh":23.0}},{"type":"Feature","geometry":{"type":"LineString","coordinates":[[-79.695065,43.684872],[-79.717747,43.69057]]},"properties":{"PingCount":6,"AvgSpeedKmh":28.2}},{"type":"Feature","geometry":{"type":"LineString","coordinates":[[-79.695065,43.684872],[-79.676401,43.711822]]},"properties":{"PingCount":1,"AvgSpeedKmh":87.8}},{"type":"Feature","geometry":{"type":"LineString","coordinates":[[-79.695065,43.684872],[-79.695065,43.711822]]},"properties":{"PingCount":1,"AvgSpeedKmh":38.5}},{"type":"Feature","geometry":{"type":"LineString","coordinates":[[-79.695065,43.684872],[-79.676401,43.725296]]},"properties":{"PingCount":4,"AvgSpeedKmh":87.6}},{"type":"Feature","geometry":{"type":"LineString","coordinates":[[-79.695065,43.684872],[-79.022732,43.852855]]},"properties":{"PingCount":1,"AvgSpeedKmh":30.2}},{"type":"Feature","geometry":{"type":"LineString","coordinates":[[-79.710572,43.684581],[-79.732393,43.684872]]},"properties":{"PingCount":61,"AvgSpeedKmh":16.2}},{"type":"Feature","geometry":{"type":"LineString","coordinates":[[-79.710572,43.684581],[-79.562339,43.705212]]},"properties":{"PingCount":1,"AvgSpeedKmh":32.8}},{"type":"Feature","geometry":{"type":"LineString","coordinates":[[-79.710572,43.684581],[-79.676401,43.698347]]},"properties":{"PingCount":2,"AvgSpeedKmh":21.0}},{"type":"Feature","geometry":{"type":"LineString","coordinates":[[-79.710572,43.684581],[-79.695065,43.698347]]},"properties":{"PingCount":576,"AvgSpeedKmh":25.3}},{"type":"Feature","geometry":{"type":"LineString","coordinates":[[-79.710572,43.684581],[-79.717747,43.69057]]},"properties":{"PingCount":97,"AvgSpeedKmh":18.8}},{"type":"Feature","geometry":{"type":"LineString","coordinates":[[-79.710572,43.684581],[-79.738691,43.705327]]},"properties":{"PingCount":67,"AvgSpeedKmh":35.0}},{"type":"Feature","geometry":{"type":"LineString","coordinates":[[-79.710572,43.684581],[-79.676401,43.711822]]},"properties":{"PingCount":15,"AvgSpeedKmh":20.0}},{"type":"Feature","geometry":{"type":"LineString","coordinates":[[-79.710572,43.684581],[-79.695065,43.711822]]},"properties":{"PingCount":10,"AvgSpeedKmh":38.1}},{"type":"Feature","geometry":{"type":"LineString","coordinates":[[-79.710572,43.684581],[-79.72689,43.715777]]},"properties":{"PingCount":40,"AvgSpeedKmh":52.9}},{"type":"Feature","geometry":{"type":"LineString","coordinates":[[-79.710572,43.684581],[-79.747706,43.712645]]},"properties":{"PingCount":19,"AvgSpeedKmh":86.8}},{"type":"Feature","geometry":{"type":"LineString","coordinates":[[-79.710572,43.684581],[-79.676401,43.725296]]},"properties":{"PingCount":1,"AvgSpeedKmh":21.5}},{"type":"Feature","geometry":{"type":"LineString","coordinates":[[-79.710572,43.684581],[-79.717422,43.724431]]},"properties":{"PingCount":1,"AvgSpeedKmh":46.8}},{"type":"Feature","geometry":{"type":"LineString","coordinates":[[-79.710572,43.684581],[-79.758844,43.72088]]},"properties":{"PingCount":2,"AvgSpeedKmh":16.3}},{"type":"Feature","geometry":{"type":"LineString","coordinates":[[-79.710572,43.684581],[-79.759739,43.721547]]},"properties":{"PingCount":1,"AvgSpeedKmh":97.6}},{"type":"Feature","geometry":{"type":"LineString","coordinates":[[-79.710572,43.684581],[-79.339915,43.767952]]},"properties":{"PingCount":1,"AvgSpeedKmh":30.2}},{"type":"Feature","geometry":{"type":"LineString","coordinates":[[-79.710572,43.684581],[-79.375822,43.765774]]},"properties":{"PingCount":1,"AvgSpeedKmh":27.3}},{"type":"Feature","geometry":{"type":"LineString","coordinates":[[-79.710572,43.684581],[-79.713729,43.833094]]},"properties":{"PingCount":1,"AvgSpeedKmh":16.5}},{"type":"Feature","geometry":{"type":"LineString","coordinates":[[-79.710572,43.684581],[-79.713729,43.860043]]},"properties":{"PingCount":1,"AvgSpeedKmh":19.6}},{"type":"Feature","geometry":{"type":"LineString","coordinates":[[-79.710572,43.684581],[-79.005416,43.943098]]},"properties":{"PingCount":1,"AvgSpeedKmh":42.9}},{"type":"Feature","geometry":{"type":"LineString","coordinates":[[-79.732393,43.684872],[-79.751057,43.684872]]},"properties":{"PingCount":17,"AvgSpeedKmh":20.0}},{"type":"Feature","geometry":{"type":"LineString","coordinates":[[-79.732393,43.684872],[-79.738691,43.705327]]},"properties":{"PingCount":44,"AvgSpeedKmh":21.0}},{"type":"Feature","geometry":{"type":"LineString","coordinates":[[-79.732393,43.684872],[-79.751057,43.698347]]},"properties":{"PingCount":17,"AvgSpeedKmh":20.2}},{"type":"Feature","geometry":{"type":"LineString","coordinates":[[-79.732393,43.684872],[-79.676401,43.711822]]},"properties":{"PingCount":4,"AvgSpeedKmh":6.3}},{"type":"Feature","geometry":{"type":"LineString","coordinates":[[-79.751057,43.684872],[-79.751057,43.698347]]},"properties":{"PingCount":13,"AvgSpeedKmh":13.6}},{"type":"Feature","geometry":{"type":"LineString","coordinates":[[-79.751057,43.684872],[-79.777252,43.698804]]},"properties":{"PingCount":2,"AvgSpeedKmh":19.0}},{"type":"Feature","geometry":{"type":"LineString","coordinates":[[-79.769721,43.684872],[-79.788385,43.684872]]},"properties":{"PingCount":1,"AvgSpeedKmh":27.5}},{"type":"Feature","geometry":{"type":"LineString","coordinates":[[-79.769721,43.684872],[-79.751057,43.698347]]},"properties":{"PingCount":1,"AvgSpeedKmh":14.1}},{"type":"Feature","geometry":{"type":"LineString","coordinates":[[-79.769721,43.684872],[-79.777252,43.698804]]},"properties":{"PingCount":1,"AvgSpeedKmh":13.3}},{"type":"Feature","geometry":{"type":"LineString","coordinates":[[-79.788385,43.684872],[-79.7976,43.696042]]},"properties":{"PingCount":1,"AvgSpeedKmh":25.6}},{"type":"Feature","geometry":{"type":"LineString","coordinates":[[-79.808514,43.686322],[-79.795004,43.698114]]},"properties":{"PingCount":10,"AvgSpeedKmh":33.1}},{"type":"Feature","geometry":{"type":"LineString","coordinates":[[-79.808514,43.686322],[-79.7976,43.696042]]},"properties":{"PingCount":12,"AvgSpeedKmh":27.6}},{"type":"Feature","geometry":{"type":"LineString","coordinates":[[-79.808514,43.686322],[-79.825713,43.698347]]},"properties":{"PingCount":2,"AvgSpeedKmh":31.3}},{"type":"Feature","geometry":{"type":"LineString","coordinates":[[-79.844377,43.684872],[-79.863041,43.698347]]},"properties":{"PingCount":2,"AvgSpeedKmh":41.9}},{"type":"Feature","geometry":{"type":"LineString","coordinates":[[-79.863041,43.684872],[-79.844377,43.698347]]},"properties":{"PingCount":1,"AvgSpeedKmh":39.6}},{"type":"Feature","geometry":{"type":"LineString","coordinates":[[-79.863041,43.684872],[-79.863041,43.711822]]},"properties":{"PingCount":1,"AvgSpeedKmh":42.4}},{"type":"Feature","geometry":{"type":"LineString","coordinates":[[-79.284458,43.698347],[-79.303122,43.698347]]},"properties":{"PingCount":9,"AvgSpeedKmh":5.1}},{"type":"Feature","geometry":{"type":"LineString","coordinates":[[-79.284458,43.698347],[-79.321786,43.698347]]},"properties":{"PingCount":2,"AvgSpeedKmh":1.2}},{"type":"Feature","geometry":{"type":"LineString","coordinates":[[-79.284458,43.698347],[-79.265794,43.711822]]},"properties":{"PingCount":1,"AvgSpeedKmh":6.7}},{"type":"Feature","geometry":{"type":"LineString","coordinates":[[-79.284458,43.698347],[-79.284458,43.711822]]},"properties":{"PingCount":20,"AvgSpeedKmh":7.3}},{"type":"Feature","geometry":{"type":"LineString","coordinates":[[-79.284458,43.698347],[-79.303122,43.711822]]},"properties":{"PingCount":13,"AvgSpeedKmh":22.9}},{"type":"Feature","geometry":{"type":"LineString","coordinates":[[-79.303122,43.698347],[-79.321786,43.698347]]},"properties":{"PingCount":8,"AvgSpeedKmh":3.5}},{"type":"Feature","geometry":{"type":"LineString","coordinates":[[-79.303122,43.698347],[-79.303122,43.711822]]},"properties":{"PingCount":24,"AvgSpeedKmh":7.1}},{"type":"Feature","geometry":{"type":"LineString","coordinates":[[-79.303122,43.698347],[-79.303122,43.725296]]},"properties":{"PingCount":1,"AvgSpeedKmh":36.0}},{"type":"Feature","geometry":{"type":"LineString","coordinates":[[-79.321786,43.698347],[-79.34045,43.698347]]},"properties":{"PingCount":27,"AvgSpeedKmh":17.7}},{"type":"Feature","geometry":{"type":"LineString","coordinates":[[-79.321786,43.698347],[-79.303122,43.711822]]},"properties":{"PingCount":71,"AvgSpeedKmh":20.6}},{"type":"Feature","geometry":{"type":"LineString","coordinates":[[-79.321786,43.698347],[-79.321786,43.711822]]},"properties":{"PingCount":15,"AvgSpeedKmh":17.4}},{"type":"Feature","geometry":{"type":"LineString","coordinates":[[-79.321786,43.698347],[-79.321786,43.725296]]},"properties":{"PingCount":1,"AvgSpeedKmh":39.2}},{"type":"Feature","geometry":{"type":"LineString","coordinates":[[-79.34045,43.698347],[-79.359114,43.698347]]},"properties":{"PingCount":42,"AvgSpeedKmh":22.9}},{"type":"Feature","geometry":{"type":"LineString","coordinates":[[-79.34045,43.698347],[-79.321786,43.711822]]},"properties":{"PingCount":76,"AvgSpeedKmh":32.0}},{"type":"Feature","geometry":{"type":"LineString","coordinates":[[-79.34045,43.698347],[-79.34045,43.711822]]},"properties":{"PingCount":27,"AvgSpeedKmh":20.1}},{"type":"Feature","geometry":{"type":"LineString","coordinates":[[-79.34045,43.698347],[-79.321786,43.725296]]},"properties":{"PingCount":81,"AvgSpeedKmh":63.9}},{"type":"Feature","geometry":{"type":"LineString","coordinates":[[-79.34045,43.698347],[-79.34045,43.725296]]},"properties":{"PingCount":4,"AvgSpeedKmh":60.9}},{"type":"Feature","geometry":{"type":"LineString","coordinates":[[-79.34045,43.698347],[-79.321786,43.738771]]},"properties":{"PingCount":1,"AvgSpeedKmh":68.0}},{"type":"Feature","geometry":{"type":"LineString","coordinates":[[-79.34045,43.698347],[-79.34045,43.738771]]},"properties":{"PingCount":27,"AvgSpeedKmh":74.7}},{"type":"Feature","geometry":{"type":"LineString","coordinates":[[-79.34045,43.698347],[-78.911179,43.940891]]},"properties":{"PingCount":1,"AvgSpeedKmh":42.8}},{"type":"Feature","geometry":{"type":"LineString","coordinates":[[-79.359114,43.698347],[-79.377778,43.698347]]},"properties":{"PingCount":5,"AvgSpeedKmh":20.7}},{"type":"Feature","geometry":{"type":"LineString","coordinates":[[-79.359114,43.698347],[-79.321786,43.711822]]},"properties":{"PingCount":38,"AvgSpeedKmh":62.2}},{"type":"Feature","geometry":{"type":"LineString","coordinates":[[-79.359114,43.698347],[-79.34045,43.711822]]},"properties":{"PingCount":4,"AvgSpeedKmh":44.9}},{"type":"Feature","geometry":{"type":"LineString","coordinates":[[-79.359114,43.698347],[-79.359114,43.711822]]},"properties":{"PingCount":2,"AvgSpeedKmh":17.5}},{"type":"Feature","geometry":{"type":"LineString","coordinates":[[-79.359114,43.698347],[-79.321786,43.725296]]},"properties":{"PingCount":27,"AvgSpeedKmh":65.9}},{"type":"Feature","geometry":{"type":"LineString","coordinates":[[-79.359114,43.698347],[-79.130227,43.806971]]},"properties":{"PingCount":1,"AvgSpeedKmh":21.1}},{"type":"Feature","geometry":{"type":"LineString","coordinates":[[-79.359114,43.698347],[-79.103028,43.824032]]},"properties":{"PingCount":1,"AvgSpeedKmh":24.4}},{"type":"Feature","geometry":{"type":"LineString","coordinates":[[-79.359114,43.698347],[-79.004499,43.927416]]},"properties":{"PingCount":1,"AvgSpeedKmh":37.9}},{"type":"Feature","geometry":{"type":"LineString","coordinates":[[-79.359114,43.698347],[-78.929843,43.940891]]},"properties":{"PingCount":1,"AvgSpeedKmh":44.2}},{"type":"Feature","geometry":{"type":"LineString","coordinates":[[-79.377778,43.698347],[-79.39776,43.704166]]},"properties":{"PingCount":6,"AvgSpeedKmh":3.1}},{"type":"Feature","geometry":{"type":"LineString","coordinates":[[-79.377778,43.698347],[-79.359114,43.711822]]},"properties":{"PingCount":1,"AvgSpeedKmh":21.5}},{"type":"Feature","geometry":{"type":"LineString","coordinates":[[-79.377778,43.698347],[-79.377778,43.711822]]},"properties":{"PingCount":11,"AvgSpeedKmh":6.0}},{"type":"Feature","geometry":{"type":"LineString","coordinates":[[-79.377778,43.698347],[-79.397795,43.704345]]},"properties":{"PingCount":2,"AvgSpeedKmh":17.8}},{"type":"Feature","geometry":{"type":"LineString","coordinates":[[-79.39776,43.704166],[-79.415106,43.698347]]},"properties":{"PingCount":1,"AvgSpeedKmh":14.7}},{"type":"Feature","geometry":{"type":"LineString","coordinates":[[-79.39776,43.704166],[-79.397795,43.704345]]},"properties":{"PingCount":10,"AvgSpeedKmh":18.6}},{"type":"Feature","geometry":{"type":"LineString","coordinates":[[-79.39776,43.704166],[-79.415106,43.711822]]},"properties":{"PingCount":2,"AvgSpeedKmh":22.1}},{"type":"Feature","geometry":{"type":"LineString","coordinates":[[-79.415106,43.698347],[-79.43377,43.698347]]},"properties":{"PingCount":23,"AvgSpeedKmh":20.0}},{"type":"Feature","geometry":{"type":"LineString","coordinates":[[-79.415106,43.698347],[-79.397795,43.704345]]},"properties":{"PingCount":10,"AvgSpeedKmh":15.9}},{"type":"Feature","geometry":{"type":"LineString","coordinates":[[-79.415106,43.698347],[-79.415106,43.711822]]},"properties":{"PingCount":2,"AvgSpeedKmh":20.6}},{"type":"Feature","geometry":{"type":"LineString","coordinates":[[-79.415106,43.698347],[-79.43377,43.711822]]},"properties":{"PingCount":2,"AvgSpeedKmh":28.4}},{"type":"Feature","geometry":{"type":"LineString","coordinates":[[-79.43377,43.698347],[-79.452434,43.698347]]},"properties":{"PingCount":5,"AvgSpeedKmh":16.1}},{"type":"Feature","geometry":{"type":"LineString","coordinates":[[-79.43377,43.698347],[-79.43377,43.711822]]},"properties":{"PingCount":15,"AvgSpeedKmh":18.0}},{"type":"Feature","geometry":{"type":"LineString","coordinates":[[-79.43377,43.698347],[-79.452434,43.711822]]},"properties":{"PingCount":5,"AvgSpeedKmh":44.0}},{"type":"Feature","geometry":{"type":"LineString","coordinates":[[-79.43377,43.698347],[-79.441744,43.731516]]},"properties":{"PingCount":1,"AvgSpeedKmh":33.5}},{"type":"Feature","geometry":{"type":"LineString","coordinates":[[-79.43377,43.698347],[-79.446462,43.730511]]},"properties":{"PingCount":14,"AvgSpeedKmh":58.2}},{"type":"Feature","geometry":{"type":"LineString","coordinates":[[-79.43377,43.698347],[-79.004499,43.913942]]},"properties":{"PingCount":1,"AvgSpeedKmh":41.4}},{"type":"Feature","geometry":{"type":"LineString","coordinates":[[-79.452434,43.698347],[-79.471098,43.698347]]},"properties":{"PingCount":1,"AvgSpeedKmh":18.3}},{"type":"Feature","geometry":{"type":"LineString","coordinates":[[-79.452434,43.698347],[-79.452434,43.711822]]},"properties":{"PingCount":34,"AvgSpeedKmh":25.0}},{"type":"Feature","geometry":{"type":"LineString","coordinates":[[-79.452434,43.698347],[-79.446462,43.730511]]},"properties":{"PingCount":1,"AvgSpeedKmh":43.5}},{"type":"Feature","geometry":{"type":"LineString","coordinates":[[-79.452434,43.698347],[-79.411637,43.751763]]},"properties":{"PingCount":1,"AvgSpeedKmh":4.0}},{"type":"Feature","geometry":{"type":"LineString","coordinates":[[-79.452434,43.698347],[-79.204419,43.795645]]},"properties":{"PingCount":1,"AvgSpeedKmh":21.3}},{"type":"Feature","geometry":{"type":"LineString","coordinates":[[-79.452434,43.698347],[-79.226445,43.788324]]},"properties":{"PingCount":1,"AvgSpeedKmh":19.9}},{"type":"Feature","geometry":{"type":"LineString","coordinates":[[-79.452434,43.698347],[-78.957655,43.915363]]},"properties":{"PingCount":1,"AvgSpeedKmh":45.9}},{"type":"Feature","geometry":{"type":"LineString","coordinates":[[-79.471098,43.698347],[-79.471098,43.711822]]},"properties":{"PingCount":10,"AvgSpeedKmh":24.2}},{"type":"Feature","geometry":{"type":"LineString","coordinates":[[-79.471098,43.698347],[-79.480076,43.722641]]},"properties":{"PingCount":1,"AvgSpeedKmh":38.8}},{"type":"Feature","geometry":{"type":"LineString","coordinates":[[-79.471098,43.698347],[-79.481694,43.722817]]},"properties":{"PingCount":2,"AvgSpeedKmh":46.8}},{"type":"Feature","geometry":{"type":"LineString","coordinates":[[-79.489762,43.698347],[-79.500267,43.709135]]},"properties":{"PingCount":19,"AvgSpeedKmh":26.8}},{"type":"Feature","geometry":{"type":"LineString","coordinates":[[-79.489762,43.698347],[-79.510044,43.717682]]},"properties":{"PingCount":35,"AvgSpeedKmh":38.0}},{"type":"Feature","geometry":{"type":"LineString","coordinates":[[-79.489762,43.698347],[-79.535695,43.713135]]},"properties":{"PingCount":7,"AvgSpeedKmh":56.8}},{"type":"Feature","geometry":{"type":"LineString","coordinates":[[-79.489762,43.698347],[-79.321786,43.725296]]},"properties":{"PingCount":1,"AvgSpeedKmh":6.6}},{"type":"Feature","geometry":{"type":"LineString","coordinates":[[-79.489762,43.698347],[-79.545753,43.752246]]},"properties":{"PingCount":1,"AvgSpeedKmh":7.7}},{"type":"Feature","geometry":{"type":"LineString","coordinates":[[-79.508426,43.698347],[-79.52709,43.698347]]},"properties":{"PingCount":4,"AvgSpeedKmh":19.8}},{"type":"Feature","geometry":{"type":"LineString","coordinates":[[-79.508426,43.698347],[-79.545753,43.698347]]},"properties":{"PingCount":1,"AvgSpeedKmh":35.9}},{"type":"Feature","geometry":{"type":"LineString","coordinates":[[-79.508426,43.698347],[-79.510044,43.717682]]},"properties":{"PingCount":10,"AvgSpeedKmh":23.3}},{"type":"Feature","geometry":{"type":"LineString","coordinates":[[-79.52709,43.698347],[-79.545753,43.698347]]},"properties":{"PingCount":2,"AvgSpeedKmh":26.1}},{"type":"Feature","geometry":{"type":"LineString","coordinates":[[-79.52709,43.698347],[-79.535695,43.713135]]},"properties":{"PingCount":2,"AvgSpeedKmh":19.8}},{"type":"Feature","geometry":{"type":"LineString","coordinates":[[-79.545753,43.698347],[-79.562339,43.705212]]},"properties":{"PingCount":6,"AvgSpeedKmh":26.8}},{"type":"Feature","geometry":{"type":"LineString","coordinates":[[-79.545753,43.698347],[-79.535695,43.713135]]},"properties":{"PingCount":3,"AvgSpeedKmh":43.8}},{"type":"Feature","geometry":{"type":"LineString","coordinates":[[-79.545753,43.698347],[-79.555748,43.70812]]},"properties":{"PingCount":10,"AvgSpeedKmh":29.3}},{"type":"Feature","geometry":{"type":"LineString","coordinates":[[-79.562339,43.705212],[-79.575908,43.698797]]},"properties":{"PingCount":92,"AvgSpeedKmh":21.5}},{"type":"Feature","geometry":{"type":"LineString","coordinates":[[-79.562339,43.705212],[-79.60411,43.692199]]},"properties":{"PingCount":111,"AvgSpeedKmh":63.4}},{"type":"Feature","geometry":{"type":"LineString","coordinates":[[-79.562339,43.705212],[-79.609573,43.701102]]},"properties":{"PingCount":25,"AvgSpeedKmh":73.2}},{"type":"Feature","geometry":{"type":"LineString","coordinates":[[-79.562339,43.705212],[-79.639073,43.698347]]},"properties":{"PingCount":1,"AvgSpeedKmh":50.5}},{"type":"Feature","geometry":{"type":"LineString","coordinates":[[-79.562339,43.705212],[-79.510044,43.717682]]},"properties":{"PingCount":30,"AvgSpeedKmh":88.4}},{"type":"Feature","geometry":{"type":"LineString","coordinates":[[-79.562339,43.705212],[-79.535695,43.713135]]},"properties":{"PingCount":133,"AvgSpeedKmh":69.2}},{"type":"Feature","geometry":{"type":"LineString","coordinates":[[-79.562339,43.705212],[-79.555748,43.70812]]},"properties":{"PingCount":210,"AvgSpeedKmh":34.2}},{"type":"Feature","geometry":{"type":"LineString","coordinates":[[-79.562339,43.705212],[-79.556252,43.707136]]},"properties":{"PingCount":172,"AvgSpeedKmh":13.8}},{"type":"Feature","geometry":{"type":"LineString","coordinates":[[-79.562339,43.705212],[-79.583081,43.711822]]},"properties":{"PingCount":7,"AvgSpeedKmh":23.0}},{"type":"Feature","geometry":{"type":"LineString","coordinates":[[-79.562339,43.705212],[-79.614379,43.708197]]},"properties":{"PingCount":61,"AvgSpeedKmh":72.1}},{"type":"Feature","geometry":{"type":"LineString","coordinates":[[-79.562339,43.705212],[-79.50472,43.718332]]},"properties":{"PingCount":1,"AvgSpeedKmh":96.7}},{"type":"Feature","geometry":{"type":"LineString","coordinates":[[-79.562339,43.705212],[-79.564417,43.725296]]},"properties":{"PingCount":1,"AvgSpeedKmh":42.4}},{"type":"Feature","geometry":{"type":"LineString","coordinates":[[-79.562339,43.705212],[-79.625819,43.729076]]},"properties":{"PingCount":1,"AvgSpeedKmh":32.5}},{"type":"Feature","geometry":{"type":"LineString","coordinates":[[-79.562339,43.705212],[-79.629926,43.745677]]},"properties":{"PingCount":1,"AvgSpeedKmh":48.1}},{"type":"Feature","geometry":{"type":"LineString","coordinates":[[-79.562339,43.705212],[-79.657737,43.738771]]},"properties":{"PingCount":1,"AvgSpeedKmh":8.2}},{"type":"Feature","geometry":{"type":"LineString","coordinates":[[-79.562339,43.705212],[-79.530861,43.755853]]},"properties":{"PingCount":1,"AvgSpeedKmh":7.1}},{"type":"Feature","geometry":{"type":"LineString","coordinates":[[-79.562339,43.705212],[-79.684552,43.753109]]},"properties":{"PingCount":1,"AvgSpeedKmh":10.7}},{"type":"Feature","geometry":{"type":"LineString","coordinates":[[-79.562339,43.705212],[-79.011958,43.855423]]},"properties":{"PingCount":1,"AvgSpeedKmh":47.7}},{"type":"Feature","geometry":{"type":"LineString","coordinates":[[-79.562339,43.705212],[-78.985835,43.900467]]},"properties":{"PingCount":1,"AvgSpeedKmh":77.6}},{"type":"Feature","geometry":{"type":"LineString","coordinates":[[-79.562339,43.705212],[-78.929843,43.940891]]},"properties":{"PingCount":2,"AvgSpeedKmh":57.9}},{"type":"Feature","geometry":{"type":"LineString","coordinates":[[-79.575908,43.698797],[-79.60411,43.692199]]},"properties":{"PingCount":52,"AvgSpeedKmh":25.3}},{"type":"Feature","geometry":{"type":"LineString","coordinates":[[-79.575908,43.698797],[-79.609573,43.701102]]},"properties":{"PingCount":5,"AvgSpeedKmh":57.6}},{"type":"Feature","geometry":{"type":"LineString","coordinates":[[-79.575908,43.698797],[-79.535695,43.713135]]},"properties":{"PingCount":35,"AvgSpeedKmh":82.1}},{"type":"Feature","geometry":{"type":"LineString","coordinates":[[-79.575908,43.698797],[-79.555748,43.70812]]},"properties":{"PingCount":135,"AvgSpeedKmh":69.9}},{"type":"Feature","geometry":{"type":"LineString","coordinates":[[-79.575908,43.698797],[-79.556252,43.707136]]},"properties":{"PingCount":41,"AvgSpeedKmh":24.3}},{"type":"Feature","geometry":{"type":"LineString","coordinates":[[-79.575908,43.698797],[-79.583081,43.711822]]},"properties":{"PingCount":15,"AvgSpeedKmh":13.5}},{"type":"Feature","geometry":{"type":"LineString","coordinates":[[-79.575908,43.698797],[-79.595512,43.717125]]},"properties":{"PingCount":4,"AvgSpeedKmh":41.0}},{"type":"Feature","geometry":{"type":"LineString","coordinates":[[-79.575908,43.698797],[-79.614379,43.708197]]},"properties":{"PingCount":135,"AvgSpeedKmh":65.5}},{"type":"Feature","geometry":{"type":"LineString","coordinates":[[-79.575908,43.698797],[-79.625819,43.729076]]},"properties":{"PingCount":47,"AvgSpeedKmh":74.1}},{"type":"Feature","geometry":{"type":"LineString","coordinates":[[-79.575908,43.698797],[-79.628742,43.740041]]},"properties":{"PingCount":2,"AvgSpeedKmh":65.7}},{"type":"Feature","geometry":{"type":"LineString","coordinates":[[-79.575908,43.698797],[-79.629926,43.745677]]},"properties":{"PingCount":3,"AvgSpeedKmh":67.3}},{"type":"Feature","geometry":{"type":"LineString","coordinates":[[-79.60411,43.692199],[-79.609573,43.701102]]},"properties":{"PingCount":28,"AvgSpeedKmh":33.6}},{"type":"Feature","geometry":{"type":"LineString","coordinates":[[-79.60411,43.692199],[-79.639073,43.698347]]},"properties":{"PingCount":2,"AvgSpeedKmh":37.6}},{"type":"Feature","geometry":{"type":"LineString","coordinates":[[-79.60411,43.692199],[-79.555748,43.70812]]},"properties":{"PingCount":75,"AvgSpeedKmh":78.5}},{"type":"Feature","geometry":{"type":"LineString","coordinates":[[-79.60411,43.692199],[-79.556252,43.707136]]},"properties":{"PingCount":100,"AvgSpeedKmh":75.5}},{"type":"Feature","geometry":{"type":"LineString","coordinates":[[-79.60411,43.692199],[-79.614379,43.708197]]},"properties":{"PingCount":94,"AvgSpeedKmh":38.8}},{"type":"Feature","geometry":{"type":"LineString","coordinates":[[-79.60411,43.692199],[-79.625819,43.729076]]},"properties":{"PingCount":261,"AvgSpeedKmh":73.2}},{"type":"Feature","geometry":{"type":"LineString","coordinates":[[-79.60411,43.692199],[-79.628742,43.740041]]},"properties":{"PingCount":176,"AvgSpeedKmh":87.2}},{"type":"Feature","geometry":{"type":"LineString","coordinates":[[-79.60411,43.692199],[-79.629926,43.745677]]},"properties":{"PingCount":14,"AvgSpeedKmh":76.9}},{"type":"Feature","geometry":{"type":"LineString","coordinates":[[-79.60411,43.692199],[-79.614236,43.755473]]},"properties":{"PingCount":2,"AvgSpeedKmh":103.2}},{"type":"Feature","geometry":{"type":"LineString","coordinates":[[-79.60411,43.692199],[-79.629926,43.745677]]},"properties":{"PingCount":4,"AvgSpeedKmh":103.7}},{"type":"Feature","geometry":{"type":"LineString","coordinates":[[-79.60411,43.692199],[-79.632959,43.760602]]},"properties":{"PingCount":1,"AvgSpeedKmh":88.2}},{"type":"Feature","geometry":{"type":"LineString","coordinates":[[-79.60411,43.692199],[-79.63578,43.776004]]},"properties":{"PingCount":1,"AvgSpeedKmh":97.2}},{"type":"Feature","geometry":{"type":"LineString","coordinates":[[-79.609573,43.701102],[-79.639073,43.698347]]},"properties":{"PingCount":80,"AvgSpeedKmh":22.4}},{"type":"Feature","geometry":{"type":"LineString","coordinates":[[-79.609573,43.701102],[-79.657737,43.698347]]},"properties":{"PingCount":1,"AvgSpeedKmh":38.6}},{"type":"Feature","geometry":{"type":"LineString","coordinates":[[-79.609573,43.701102],[-79.614379,43.708197]]},"properties":{"PingCount":16,"AvgSpeedKmh":42.3}},{"type":"Feature","geometry":{"type":"LineString","coordinates":[[-79.609573,43.701102],[-79.639073,43.711822]]},"properties":{"PingCount":4,"AvgSpeedKmh":29.6}},{"type":"Feature","geometry":{"type":"LineString","coordinates":[[-79.609573,43.701102],[-79.657737,43.711822]]},"properties":{"PingCount":1,"AvgSpeedKmh":55.1}},{"type":"Feature","geometry":{"type":"LineString","coordinates":[[-79.609573,43.701102],[-79.625819,43.729076]]},"properties":{"PingCount":11,"AvgSpeedKmh":58.1}},{"type":"Feature","geometry":{"type":"LineString","coordinates":[[-79.609573,43.701102],[-79.628742,43.740041]]},"properties":{"PingCount":39,"AvgSpeedKmh":80.7}},{"type":"Feature","geometry":{"type":"LineString","coordinates":[[-79.609573,43.701102],[-79.629926,43.745677]]},"properties":{"PingCount":10,"AvgSpeedKmh":74.0}},{"type":"Feature","geometry":{"type":"LineString","coordinates":[[-79.609573,43.701102],[-79.629926,43.745677]]},"properties":{"PingCount":5,"AvgSpeedKmh":99.3}},{"type":"Feature","geometry":{"type":"LineString","coordinates":[[-79.639073,43.698347],[-79.657737,43.698347]]},"properties":{"PingCount":110,"AvgSpeedKmh":27.4}},{"type":"Feature","geometry":{"type":"LineString","coordinates":[[-79.639073,43.698347],[-79.614379,43.708197]]},"properties":{"PingCount":67,"AvgSpeedKmh":40.5}},{"type":"Feature","geometry":{"type":"LineString","coordinates":[[-79.639073,43.698347],[-79.639073,43.711822]]},"properties":{"PingCount":119,"AvgSpeedKmh":25.0}},{"type":"Feature","geometry":{"type":"LineString","coordinates":[[-79.639073,43.698347],[-79.657737,43.711822]]},"properties":{"PingCount":96,"AvgSpeedKmh":30.3}},{"type":"Feature","geometry":{"type":"LineString","coordinates":[[-79.639073,43.698347],[-79.676401,43.711822]]},"properties":{"PingCount":15,"AvgSpeedKmh":39.1}},{"type":"Feature","geometry":{"type":"LineString","coordinates":[[-79.639073,43.698347],[-79.625819,43.729076]]},"properties":{"PingCount":6,"AvgSpeedKmh":50.7}},{"type":"Feature","geometry":{"type":"LineString","coordinates":[[-79.639073,43.698347],[-79.657737,43.725296]]},"properties":{"PingCount":6,"AvgSpeedKmh":49.2}},{"type":"Feature","geometry":{"type":"LineString","coordinates":[[-79.657737,43.698347],[-79.676401,43.698347]]},"properties":{"PingCount":33,"AvgSpeedKmh":24.9}},{"type":"Feature","geometry":{"type":"LineString","coordinates":[[-79.657737,43.698347],[-79.695065,43.698347]]},"properties":{"PingCount":1,"AvgSpeedKmh":2.7}},{"type":"Feature","geometry":{"type":"LineString","coordinates":[[-79.657737,43.698347],[-79.614379,43.708197]]},"properties":{"PingCount":5,"AvgSpeedKmh":57.9}},{"type":"Feature","geometry":{"type":"LineString","coordinates":[[-79.657737,43.698347],[-79.639073,43.711822]]},"properties":{"PingCount":60,"AvgSpeedKmh":42.3}},{"type":"Feature","geometry":{"type":"LineString","coordinates":[[-79.657737,43.698347],[-79.657737,43.711822]]},"properties":{"PingCount":1,"AvgSpeedKmh":22.0}},{"type":"Feature","geometry":{"type":"LineString","coordinates":[[-79.657737,43.698347],[-79.676401,43.711822]]},"properties":{"PingCount":519,"AvgSpeedKmh":28.4}},{"type":"Feature","geometry":{"type":"LineString","coordinates":[[-79.657737,43.698347],[-79.676401,43.725296]]},"properties":{"PingCount":2,"AvgSpeedKmh":39.6}},{"type":"Feature","geometry":{"type":"LineString","coordinates":[[-79.676401,43.698347],[-79.695065,43.698347]]},"properties":{"PingCount":116,"AvgSpeedKmh":22.4}},{"type":"Feature","geometry":{"type":"LineString","coordinates":[[-79.676401,43.698347],[-79.676401,43.711822]]},"properties":{"PingCount":58,"AvgSpeedKmh":30.3}},{"type":"Feature","geometry":{"type":"LineString","coordinates":[[-79.676401,43.698347],[-79.695065,43.711822]]},"properties":{"PingCount":30,"AvgSpeedKmh":27.2}},{"type":"Feature","geometry":{"type":"LineString","coordinates":[[-79.676401,43.698347],[-79.676401,43.725296]]},"properties":{"PingCount":5,"AvgSpeedKmh":57.2}},{"type":"Feature","geometry":{"type":"LineString","coordinates":[[-79.676401,43.698347],[-79.657737,43.738771]]},"properties":{"PingCount":1,"AvgSpeedKmh":90.4}},{"type":"Feature","geometry":{"type":"LineString","coordinates":[[-79.695065,43.698347],[-79.717747,43.69057]]},"properties":{"PingCount":66,"AvgSpeedKmh":21.2}},{"type":"Feature","geometry":{"type":"LineString","coordinates":[[-79.695065,43.698347],[-79.738691,43.705327]]},"properties":{"PingCount":5,"AvgSpeedKmh":34.6}},{"type":"Feature","geometry":{"type":"LineString","coordinates":[[-79.695065,43.698347],[-79.676401,43.711822]]},"properties":{"PingCount":438,"AvgSpeedKmh":31.4}},{"type":"Feature","geometry":{"type":"LineString","coordinates":[[-79.695065,43.698347],[-79.695065,43.711822]]},"properties":{"PingCount":176,"AvgSpeedKmh":27.1}},{"type":"Feature","geometry":{"type":"LineString","coordinates":[[-79.695065,43.698347],[-79.72689,43.715777]]},"properties":{"PingCount":1,"AvgSpeedKmh":50.3}},{"type":"Feature","geometry":{"type":"LineString","coordinates":[[-79.695065,43.698347],[-79.676401,43.725296]]},"properties":{"PingCount":49,"AvgSpeedKmh":53.4}},{"type":"Feature","geometry":{"type":"LineString","coordinates":[[-79.717747,43.69057],[-79.738691,43.705327]]},"properties":{"PingCount":63,"AvgSpeedKmh":26.7}},{"type":"Feature","geometry":{"type":"LineString","coordinates":[[-79.717747,43.69057],[-79.751057,43.698347]]},"properties":{"PingCount":4,"AvgSpeedKmh":29.9}},{"type":"Feature","geometry":{"type":"LineString","coordinates":[[-79.717747,43.69057],[-79.676401,43.711822]]},"properties":{"PingCount":3,"AvgSpeedKmh":48.8}},{"type":"Feature","geometry":{"type":"LineString","coordinates":[[-79.717747,43.69057],[-79.695065,43.711822]]},"properties":{"PingCount":11,"AvgSpeedKmh":30.9}},{"type":"Feature","geometry":{"type":"LineString","coordinates":[[-79.717747,43.69057],[-79.713729,43.711822]]},"properties":{"PingCount":5,"AvgSpeedKmh":28.8}},{"type":"Feature","geometry":{"type":"LineString","coordinates":[[-79.717747,43.69057],[-79.72689,43.715777]]},"properties":{"PingCount":42,"AvgSpeedKmh":34.6}},{"type":"Feature","geometry":{"type":"LineString","coordinates":[[-79.717747,43.69057],[-79.747706,43.712645]]},"properties":{"PingCount":2,"AvgSpeedKmh":71.6}},{"type":"Feature","geometry":{"type":"LineString","coordinates":[[-79.717747,43.69057],[-79.717422,43.724431]]},"properties":{"PingCount":1,"AvgSpeedKmh":34.8}},{"type":"Feature","geometry":{"type":"LineString","coordinates":[[-79.717747,43.69057],[-79.759739,43.721547]]},"properties":{"PingCount":4,"AvgSpeedKmh":83.9}},{"type":"Feature","geometry":{"type":"LineString","coordinates":[[-79.717747,43.69057],[-79.693437,43.745486]]},"properties":{"PingCount":1,"AvgSpeedKmh":21.3}},{"type":"Feature","geometry":{"type":"LineString","coordinates":[[-79.738691,43.705327],[-79.751057,43.698347]]},"properties":{"PingCount":45,"AvgSpeedKmh":14.9}},{"type":"Feature","geometry":{"type":"LineString","coordinates":[[-79.738691,43.705327],[-79.713729,43.711822]]},"properties":{"PingCount":5,"AvgSpeedKmh":23.0}},{"type":"Feature","geometry":{"type":"LineString","coordinates":[[-79.738691,43.705327],[-79.72689,43.715777]]},"properties":{"PingCount":91,"AvgSpeedKmh":22.8}},{"type":"Feature","geometry":{"type":"LineString","coordinates":[[-79.738691,43.705327],[-79.747706,43.712645]]},"properties":{"PingCount":13,"AvgSpeedKmh":43.4}},{"type":"Feature","geometry":{"type":"LineString","coordinates":[[-79.738691,43.705327],[-79.717422,43.724431]]},"properties":{"PingCount":13,"AvgSpeedKmh":34.3}},{"type":"Feature","geometry":{"type":"LineString","coordinates":[[-79.738691,43.705327],[-79.721989,43.720461]]},"properties":{"PingCount":3,"AvgSpeedKmh":36.6}},{"type":"Feature","geometry":{"type":"LineString","coordinates":[[-79.738691,43.705327],[-79.758844,43.72088]]},"properties":{"PingCount":5,"AvgSpeedKmh":61.4}},{"type":"Feature","geometry":{"type":"LineString","coordinates":[[-79.738691,43.705327],[-79.759739,43.721547]]},"properties":{"PingCount":17,"AvgSpeedKmh":71.2}},{"type":"Feature","geometry":{"type":"LineString","coordinates":[[-79.738691,43.705327],[-79.706687,43.734054]]},"properties":{"PingCount":1,"AvgSpeedKmh":24.6}},{"type":"Feature","geometry":{"type":"LineString","coordinates":[[-79.738691,43.705327],[-79.773666,43.734575]]},"properties":{"PingCount":2,"AvgSpeedKmh":85.0}},{"type":"Feature","geometry":{"type":"LineString","coordinates":[[-79.738691,43.705327],[-79.780244,43.73993]]},"properties":{"PingCount":1,"AvgSpeedKmh":51.7}},{"type":"Feature","geometry":{"type":"LineString","coordinates":[[-79.751057,43.698347],[-79.777252,43.698804]]},"properties":{"PingCount":21,"AvgSpeedKmh":10.9}},{"type":"Feature","geometry":{"type":"LineString","coordinates":[[-79.751057,43.698347],[-79.72689,43.715777]]},"properties":{"PingCount":29,"AvgSpeedKmh":19.5}},{"type":"Feature","geometry":{"type":"LineString","coordinates":[[-79.751057,43.698347],[-79.747706,43.712645]]},"properties":{"PingCount":17,"AvgSpeedKmh":12.8}},{"type":"Feature","geometry":{"type":"LineString","coordinates":[[-79.751057,43.698347],[-79.776539,43.715904]]},"properties":{"PingCount":14,"AvgSpeedKmh":27.5}},{"type":"Feature","geometry":{"type":"LineString","coordinates":[[-79.751057,43.698347],[-79.717422,43.724431]]},"properties":{"PingCount":1,"AvgSpeedKmh":54.1}},{"type":"Feature","geometry":{"type":"LineString","coordinates":[[-79.777252,43.698804],[-79.795004,43.698114]]},"properties":{"PingCount":4,"AvgSpeedKmh":12.1}},{"type":"Feature","geometry":{"type":"LineString","coordinates":[[-79.777252,43.698804],[-79.747706,43.712645]]},"properties":{"PingCount":2,"AvgSpeedKmh":27.1}},{"type":"Feature","geometry":{"type":"LineString","coordinates":[[-79.777252,43.698804],[-79.776539,43.715904]]},"properties":{"PingCount":16,"AvgSpeedKmh":6.0}},{"type":"Feature","geometry":{"type":"LineString","coordinates":[[-79.777252,43.698804],[-79.779746,43.712879]]},"properties":{"PingCount":6,"AvgSpeedKmh":23.5}},{"type":"Feature","geometry":{"type":"LineString","coordinates":[[-79.795004,43.698114],[-79.7976,43.696042]]},"properties":{"PingCount":6,"AvgSpeedKmh":26.3}},{"type":"Feature","geometry":{"type":"LineString","coordinates":[[-79.795004,43.698114],[-79.776539,43.715904]]},"properties":{"PingCount":4,"AvgSpeedKmh":32.3}},{"type":"Feature","geometry":{"type":"LineString","coordinates":[[-79.795004,43.698114],[-79.779746,43.712879]]},"properties":{"PingCount":26,"AvgSpeedKmh":17.5}},{"type":"Feature","geometry":{"type":"LineString","coordinates":[[-79.7976,43.696042],[-79.825713,43.698347]]},"properties":{"PingCount":2,"AvgSpeedKmh":11.5}},{"type":"Feature","geometry":{"type":"LineString","coordinates":[[-79.7976,43.696042],[-79.779746,43.712879]]},"properties":{"PingCount":5,"AvgSpeedKmh":43.3}},{"type":"Feature","geometry":{"type":"LineString","coordinates":[[-79.825713,43.698347],[-79.802997,43.717813]]},"properties":{"PingCount":2,"AvgSpeedKmh":19.4}},{"type":"Feature","geometry":{"type":"LineString","coordinates":[[-79.844377,43.698347],[-79.863041,43.698347]]},"properties":{"PingCount":2,"AvgSpeedKmh":23.6}},{"type":"Feature","geometry":{"type":"LineString","coordinates":[[-79.844377,43.698347],[-79.825713,43.711822]]},"properties":{"PingCount":2,"AvgSpeedKmh":26.7}},{"type":"Feature","geometry":{"type":"LineString","coordinates":[[-79.844377,43.698347],[-79.844377,43.711822]]},"properties":{"PingCount":5,"AvgSpeedKmh":25.7}},{"type":"Feature","geometry":{"type":"LineString","coordinates":[[-79.863041,43.698347],[-79.844377,43.711822]]},"properties":{"PingCount":1,"AvgSpeedKmh":47.2}},{"type":"Feature","geometry":{"type":"LineString","coordinates":[[-79.24713,43.711822],[-79.265794,43.711822]]},"properties":{"PingCount":1,"AvgSpeedKmh":19.3}},{"type":"Feature","geometry":{"type":"LineString","coordinates":[[-79.24713,43.711822],[-79.284458,43.711822]]},"properties":{"PingCount":1,"AvgSpeedKmh":48.5}},{"type":"Feature","geometry":{"type":"LineString","coordinates":[[-79.24713,43.711822],[-79.23247,43.725207]]},"properties":{"PingCount":1,"AvgSpeedKmh":33.2}},{"type":"Feature","geometry":{"type":"LineString","coordinates":[[-79.24713,43.711822],[-79.236278,43.721912]]},"properties":{"PingCount":1,"AvgSpeedKmh":23.6}},{"type":"Feature","geometry":{"type":"LineString","coordinates":[[-79.265794,43.711822],[-79.284458,43.711822]]},"properties":{"PingCount":15,"AvgSpeedKmh":30.8}},{"type":"Feature","geometry":{"type":"LineString","coordinates":[[-79.265794,43.711822],[-79.23247,43.725207]]},"properties":{"PingCount":1,"AvgSpeedKmh":34.9}},{"type":"Feature","geometry":{"type":"LineString","coordinates":[[-79.265794,43.711822],[-79.236278,43.721912]]},"properties":{"PingCount":13,"AvgSpeedKmh":24.5}},{"type":"Feature","geometry":{"type":"LineString","coordinates":[[-79.265794,43.711822],[-79.265794,43.725296]]},"properties":{"PingCount":2,"AvgSpeedKmh":28.6}},{"type":"Feature","geometry":{"type":"LineString","coordinates":[[-79.265794,43.711822],[-79.284458,43.725296]]},"properties":{"PingCount":1,"AvgSpeedKmh":30.7}},{"type":"Feature","geometry":{"type":"LineString","coordinates":[[-79.265794,43.711822],[-79.24713,43.738771]]},"properties":{"PingCount":1,"AvgSpeedKmh":25.0}},{"type":"Feature","geometry":{"type":"LineString","coordinates":[[-79.284458,43.711822],[-79.303122,43.711822]]},"properties":{"PingCount":30,"AvgSpeedKmh":12.8}},{"type":"Feature","geometry":{"type":"LineString","coordinates":[[-79.284458,43.711822],[-79.236278,43.721912]]},"properties":{"PingCount":1,"AvgSpeedKmh":27.8}},{"type":"Feature","geometry":{"type":"LineString","coordinates":[[-79.284458,43.711822],[-79.265794,43.725296]]},"properties":{"PingCount":1,"AvgSpeedKmh":37.0}},{"type":"Feature","geometry":{"type":"LineString","coordinates":[[-79.284458,43.711822],[-79.284458,43.725296]]},"properties":{"PingCount":13,"AvgSpeedKmh":30.8}},{"type":"Feature","geometry":{"type":"LineString","coordinates":[[-79.284458,43.711822],[-79.303122,43.725296]]},"properties":{"PingCount":1,"AvgSpeedKmh":21.7}},{"type":"Feature","geometry":{"type":"LineString","coordinates":[[-79.303122,43.711822],[-79.321786,43.711822]]},"properties":{"PingCount":32,"AvgSpeedKmh":17.0}},{"type":"Feature","geometry":{"type":"LineString","coordinates":[[-79.303122,43.711822],[-79.303122,43.725296]]},"properties":{"PingCount":43,"AvgSpeedKmh":23.8}},{"type":"Feature","geometry":{"type":"LineString","coordinates":[[-79.303122,43.711822],[-79.321786,43.725296]]},"properties":{"PingCount":68,"AvgSpeedKmh":23.9}},{"type":"Feature","geometry":{"type":"LineString","coordinates":[[-79.321786,43.711822],[-79.34045,43.711822]]},"properties":{"PingCount":23,"AvgSpeedKmh":15.4}},{"type":"Feature","geometry":{"type":"LineString","coordinates":[[-79.321786,43.711822],[-79.321786,43.725296]]},"properties":{"PingCount":130,"AvgSpeedKmh":23.0}},{"type":"Feature","geometry":{"type":"LineString","coordinates":[[-79.321786,43.711822],[-79.34045,43.725296]]},"properties":{"PingCount":1,"AvgSpeedKmh":27.5}},{"type":"Feature","geometry":{"type":"LineString","coordinates":[[-79.321786,43.711822],[-79.34045,43.738771]]},"properties":{"PingCount":51,"AvgSpeedKmh":63.6}},{"type":"Feature","geometry":{"type":"LineString","coordinates":[[-79.321786,43.711822],[-79.34045,43.752246]]},"properties":{"PingCount":28,"AvgSpeedKmh":80.3}},{"type":"Feature","geometry":{"type":"LineString","coordinates":[[-79.321786,43.711822],[-78.929843,43.940891]]},"properties":{"PingCount":1,"AvgSpeedKmh":41.2}},{"type":"Feature","geometry":{"type":"LineString","coordinates":[[-79.34045,43.711822],[-79.359114,43.711822]]},"properties":{"PingCount":5,"AvgSpeedKmh":28.4}},{"type":"Feature","geometry":{"type":"LineString","coordinates":[[-79.34045,43.711822],[-79.377778,43.711822]]},"properties":{"PingCount":1,"AvgSpeedKmh":39.5}},{"type":"Feature","geometry":{"type":"LineString","coordinates":[[-79.34045,43.711822],[-79.321786,43.725296]]},"properties":{"PingCount":10,"AvgSpeedKmh":40.4}},{"type":"Feature","geometry":{"type":"LineString","coordinates":[[-79.34045,43.711822],[-79.34045,43.725296]]},"properties":{"PingCount":25,"AvgSpeedKmh":19.5}},{"type":"Feature","geometry":{"type":"LineString","coordinates":[[-79.34045,43.711822],[-79.34045,43.738771]]},"properties":{"PingCount":15,"AvgSpeedKmh":73.8}},{"type":"Feature","geometry":{"type":"LineString","coordinates":[[-79.34045,43.711822],[-79.34045,43.752246]]},"properties":{"PingCount":1,"AvgSpeedKmh":86.9}},{"type":"Feature","geometry":{"type":"LineString","coordinates":[[-79.34045,43.711822],[-79.339915,43.767952]]},"properties":{"PingCount":1,"AvgSpeedKmh":71.2}},{"type":"Feature","geometry":{"type":"LineString","coordinates":[[-79.359114,43.711822],[-79.377778,43.711822]]},"properties":{"PingCount":14,"AvgSpeedKmh":30.0}},{"type":"Feature","geometry":{"type":"LineString","coordinates":[[-79.359114,43.711822],[-79.397795,43.704345]]},"properties":{"PingCount":3,"AvgSpeedKmh":37.4}},{"type":"Feature","geometry":{"type":"LineString","coordinates":[[-79.359114,43.711822],[-79.321786,43.725296]]},"properties":{"PingCount":3,"AvgSpeedKmh":40.3}},{"type":"Feature","geometry":{"type":"LineString","coordinates":[[-79.359114,43.711822],[-79.34045,43.725296]]},"properties":{"PingCount":13,"AvgSpeedKmh":32.2}},{"type":"Feature","geometry":{"type":"LineString","coordinates":[[-79.359114,43.711822],[-79.359114,43.725296]]},"properties":{"PingCount":1,"AvgSpeedKmh":26.4}},{"type":"Feature","geometry":{"type":"LineString","coordinates":[[-79.377778,43.711822],[-79.397795,43.704345]]},"properties":{"PingCount":28,"AvgSpeedKmh":20.5}},{"type":"Feature","geometry":{"type":"LineString","coordinates":[[-79.377778,43.711822],[-79.377778,43.725296]]},"properties":{"PingCount":5,"AvgSpeedKmh":26.8}},{"type":"Feature","geometry":{"type":"LineString","coordinates":[[-79.377778,43.711822],[-79.377778,43.738771]]},"properties":{"PingCount":9,"AvgSpeedKmh":45.6}},{"type":"Feature","geometry":{"type":"LineString","coordinates":[[-79.377778,43.711822],[-79.25767,43.780909]]},"properties":{"PingCount":1,"AvgSpeedKmh":12.9}},{"type":"Feature","geometry":{"type":"LineString","coordinates":[[-79.377778,43.711822],[-78.929843,43.940891]]},"properties":{"PingCount":1,"AvgSpeedKmh":44.2}},{"type":"Feature","geometry":{"type":"LineString","coordinates":[[-79.397795,43.704345],[-79.415106,43.711822]]},"properties":{"PingCount":2,"AvgSpeedKmh":16.9}},{"type":"Feature","geometry":{"type":"LineString","coordinates":[[-79.397795,43.704345],[-79.402974,43.72785]]},"properties":{"PingCount":6,"AvgSpeedKmh":21.7}},{"type":"Feature","geometry":{"type":"LineString","coordinates":[[-79.397795,43.704345],[-79.40462,43.734409]]},"properties":{"PingCount":1,"AvgSpeedKmh":36.0}},{"type":"Feature","geometry":{"type":"LineString","coordinates":[[-79.415106,43.711822],[-79.415106,43.725296]]},"properties":{"PingCount":2,"AvgSpeedKmh":26.1}},{"type":"Feature","geometry":{"type":"LineString","coordinates":[[-79.43377,43.711822],[-79.441744,43.731516]]},"properties":{"PingCount":7,"AvgSpeedKmh":19.6}},{"type":"Feature","geometry":{"type":"LineString","coordinates":[[-79.43377,43.711822],[-79.446462,43.730511]]},"properties":{"PingCount":6,"AvgSpeedKmh":44.1}},{"type":"Feature","geometry":{"type":"LineString","coordinates":[[-79.43377,43.711822],[-79.480076,43.722641]]},"properties":{"PingCount":1,"AvgSpeedKmh":53.8}},{"type":"Feature","geometry":{"type":"LineString","coordinates":[[-79.43377,43.711822],[-79.423512,43.742523]]},"properties":{"PingCount":4,"AvgSpeedKmh":57.0}},{"type":"Feature","geometry":{"type":"LineString","coordinates":[[-79.452434,43.711822],[-79.441744,43.731516]]},"properties":{"PingCount":1,"AvgSpeedKmh":19.5}},{"type":"Feature","geometry":{"type":"LineString","coordinates":[[-79.452434,43.711822],[-79.446462,43.730511]]},"properties":{"PingCount":25,"AvgSpeedKmh":27.3}},{"type":"Feature","geometry":{"type":"LineString","coordinates":[[-79.452434,43.711822],[-79.480076,43.722641]]},"properties":{"PingCount":2,"AvgSpeedKmh":33.4}},{"type":"Feature","geometry":{"type":"LineString","coordinates":[[-79.452434,43.711822],[-79.481694,43.722817]]},"properties":{"PingCount":1,"AvgSpeedKmh":48.0}},{"type":"Feature","geometry":{"type":"LineString","coordinates":[[-79.452434,43.711822],[-79.423512,43.742523]]},"properties":{"PingCount":4,"AvgSpeedKmh":69.2}},{"type":"Feature","geometry":{"type":"LineString","coordinates":[[-79.452434,43.711822],[-79.423512,43.742523]]},"properties":{"PingCount":7,"AvgSpeedKmh":50.6}},{"type":"Feature","geometry":{"type":"LineString","coordinates":[[-79.452434,43.711822],[-79.452434,43.738771]]},"properties":{"PingCount":1,"AvgSpeedKmh":63.4}},{"type":"Feature","geometry":{"type":"LineString","coordinates":[[-79.452434,43.711822],[-79.471098,43.752246]]},"properties":{"PingCount":1,"AvgSpeedKmh":4.8}},{"type":"Feature","geometry":{"type":"LineString","coordinates":[[-79.452434,43.711822],[-78.911179,43.940891]]},"properties":{"PingCount":1,"AvgSpeedKmh":49.2}},{"type":"Feature","geometry":{"type":"LineString","coordinates":[[-79.452434,43.711822],[-78.929843,43.940891]]},"properties":{"PingCount":1,"AvgSpeedKmh":49.0}},{"type":"Feature","geometry":{"type":"LineString","coordinates":[[-79.471098,43.711822],[-79.500267,43.709135]]},"properties":{"PingCount":1,"AvgSpeedKmh":26.6}},{"type":"Feature","geometry":{"type":"LineString","coordinates":[[-79.471098,43.711822],[-79.510044,43.717682]]},"properties":{"PingCount":1,"AvgSpeedKmh":40.8}},{"type":"Feature","geometry":{"type":"LineString","coordinates":[[-79.471098,43.711822],[-79.446462,43.730511]]},"properties":{"PingCount":1,"AvgSpeedKmh":18.4}},{"type":"Feature","geometry":{"type":"LineString","coordinates":[[-79.471098,43.711822],[-79.480076,43.722641]]},"properties":{"PingCount":4,"AvgSpeedKmh":24.9}},{"type":"Feature","geometry":{"type":"LineString","coordinates":[[-79.471098,43.711822],[-79.481694,43.722817]]},"properties":{"PingCount":11,"AvgSpeedKmh":27.9}},{"type":"Feature","geometry":{"type":"LineString","coordinates":[[-79.500267,43.709135],[-79.510044,43.717682]]},"properties":{"PingCount":15,"AvgSpeedKmh":20.6}},{"type":"Feature","geometry":{"type":"LineString","coordinates":[[-79.500267,43.709135],[-79.535695,43.713135]]},"properties":{"PingCount":8,"AvgSpeedKmh":53.7}},{"type":"Feature","geometry":{"type":"LineString","coordinates":[[-79.500267,43.709135],[-79.555748,43.70812]]},"properties":{"PingCount":1,"AvgSpeedKmh":62.1}},{"type":"Feature","geometry":{"type":"LineString","coordinates":[[-79.500267,43.709135],[-79.446462,43.730511]]},"properties":{"PingCount":1,"AvgSpeedKmh":71.3}},{"type":"Feature","geometry":{"type":"LineString","coordinates":[[-79.500267,43.709135],[-79.480076,43.722641]]},"properties":{"PingCount":1,"AvgSpeedKmh":52.6}},{"type":"Feature","geometry":{"type":"LineString","coordinates":[[-79.500267,43.709135],[-79.481694,43.722817]]},"properties":{"PingCount":3,"AvgSpeedKmh":15.1}},{"type":"Feature","geometry":{"type":"LineString","coordinates":[[-79.500267,43.709135],[-79.523772,43.724547]]},"properties":{"PingCount":1,"AvgSpeedKmh":58.6}},{"type":"Feature","geometry":{"type":"LineString","coordinates":[[-79.510044,43.717682],[-79.535695,43.713135]]},"properties":{"PingCount":181,"AvgSpeedKmh":34.4}},{"type":"Feature","geometry":{"type":"LineString","coordinates":[[-79.510044,43.717682],[-79.555748,43.70812]]},"properties":{"PingCount":189,"AvgSpeedKmh":57.1}},{"type":"Feature","geometry":{"type":"LineString","coordinates":[[-79.510044,43.717682],[-79.556252,43.707136]]},"properties":{"PingCount":29,"AvgSpeedKmh":80.3}},{"type":"Feature","geometry":{"type":"LineString","coordinates":[[-79.510044,43.717682],[-79.446462,43.730511]]},"properties":{"PingCount":117,"AvgSpeedKmh":87.0}},{"type":"Feature","geometry":{"type":"LineString","coordinates":[[-79.510044,43.717682],[-79.480076,43.722641]]},"properties":{"PingCount":155,"AvgSpeedKmh":60.2}},{"type":"Feature","geometry":{"type":"LineString","coordinates":[[-79.510044,43.717682],[-79.481694,43.722817]]},"properties":{"PingCount":190,"AvgSpeedKmh":33.3}},{"type":"Feature","geometry":{"type":"LineString","coordinates":[[-79.510044,43.717682],[-79.50472,43.718332]]},"properties":{"PingCount":23,"AvgSpeedKmh":20.0}},{"type":"Feature","geometry":{"type":"LineString","coordinates":[[-79.510044,43.717682],[-79.523772,43.724547]]},"properties":{"PingCount":5,"AvgSpeedKmh":31.3}},{"type":"Feature","geometry":{"type":"LineString","coordinates":[[-79.510044,43.717682],[-79.52709,43.738771]]},"properties":{"PingCount":10,"AvgSpeedKmh":59.7}},{"type":"Feature","geometry":{"type":"LineString","coordinates":[[-79.510044,43.717682],[-79.530861,43.755853]]},"properties":{"PingCount":9,"AvgSpeedKmh":82.5}},{"type":"Feature","geometry":{"type":"LineString","coordinates":[[-79.510044,43.717682],[-79.284494,43.867219]]},"properties":{"PingCount":1,"AvgSpeedKmh":23.7}},{"type":"Feature","geometry":{"type":"LineString","coordinates":[[-79.535695,43.713135],[-79.555748,43.70812]]},"properties":{"PingCount":279,"AvgSpeedKmh":34.7}},{"type":"Feature","geometry":{"type":"LineString","coordinates":[[-79.535695,43.713135],[-79.556252,43.707136]]},"properties":{"PingCount":76,"AvgSpeedKmh":50.1}},{"type":"Feature","geometry":{"type":"LineString","coordinates":[[-79.535695,43.713135],[-79.446462,43.730511]]},"properties":{"PingCount":9,"AvgSpeedKmh":95.7}},{"type":"Feature","geometry":{"type":"LineString","coordinates":[[-79.535695,43.713135],[-79.480076,43.722641]]},"properties":{"PingCount":122,"AvgSpeedKmh":86.9}},{"type":"Feature","geometry":{"type":"LineString","coordinates":[[-79.535695,43.713135],[-79.481694,43.722817]]},"properties":{"PingCount":172,"AvgSpeedKmh":60.6}},{"type":"Feature","geometry":{"type":"LineString","coordinates":[[-79.535695,43.713135],[-79.50472,43.718332]]},"properties":{"PingCount":20,"AvgSpeedKmh":44.3}},{"type":"Feature","geometry":{"type":"LineString","coordinates":[[-79.535695,43.713135],[-79.523772,43.724547]]},"properties":{"PingCount":44,"AvgSpeedKmh":19.1}},{"type":"Feature","geometry":{"type":"LineString","coordinates":[[-79.535695,43.713135],[-79.545753,43.725296]]},"properties":{"PingCount":2,"AvgSpeedKmh":32.2}},{"type":"Feature","geometry":{"type":"LineString","coordinates":[[-79.535695,43.713135],[-79.52709,43.738771]]},"properties":{"PingCount":15,"AvgSpeedKmh":55.2}},{"type":"Feature","geometry":{"type":"LineString","coordinates":[[-79.535695,43.713135],[-79.530861,43.755853]]},"properties":{"PingCount":13,"AvgSpeedKmh":81.5}},{"type":"Feature","geometry":{"type":"LineString","coordinates":[[-79.535695,43.713135],[-79.545753,43.752246]]},"properties":{"PingCount":1,"AvgSpeedKmh":50.6}},{"type":"Feature","geometry":{"type":"LineString","coordinates":[[-79.535695,43.713135],[-79.339915,43.767952]]},"properties":{"PingCount":1,"AvgSpeedKmh":17.0}},{"type":"Feature","geometry":{"type":"LineString","coordinates":[[-79.535695,43.713135],[-79.357583,43.766249]]},"properties":{"PingCount":1,"AvgSpeedKmh":15.3}},{"type":"Feature","geometry":{"type":"LineString","coordinates":[[-79.535695,43.713135],[-79.533992,43.767986]]},"properties":{"PingCount":1,"AvgSpeedKmh":94.2}},{"type":"Feature","geometry":{"type":"LineString","coordinates":[[-79.535695,43.713135],[-79.294973,43.772774]]},"properties":{"PingCount":1,"AvgSpeedKmh":20.4}},{"type":"Feature","geometry":{"type":"LineString","coordinates":[[-79.535695,43.713135],[-79.022732,43.852855]]},"properties":{"PingCount":1,"AvgSpeedKmh":43.2}},{"type":"Feature","geometry":{"type":"LineString","coordinates":[[-79.555748,43.70812],[-79.556252,43.707136]]},"properties":{"PingCount":130,"AvgSpeedKmh":24.3}},{"type":"Feature","geometry":{"type":"LineString","coordinates":[[-79.555748,43.70812],[-79.614379,43.708197]]},"properties":{"PingCount":1,"AvgSpeedKmh":48.3}},{"type":"Feature","geometry":{"type":"LineString","coordinates":[[-79.555748,43.70812],[-79.480076,43.722641]]},"properties":{"PingCount":5,"AvgSpeedKmh":98.3}},{"type":"Feature","geometry":{"type":"LineString","coordinates":[[-79.555748,43.70812],[-79.481694,43.722817]]},"properties":{"PingCount":97,"AvgSpeedKmh":86.4}},{"type":"Feature","geometry":{"type":"LineString","coordinates":[[-79.555748,43.70812],[-79.50472,43.718332]]},"properties":{"PingCount":19,"AvgSpeedKmh":75.8}},{"type":"Feature","geometry":{"type":"LineString","coordinates":[[-79.555748,43.70812],[-79.523772,43.724547]]},"properties":{"PingCount":25,"AvgSpeedKmh":38.3}},{"type":"Feature","geometry":{"type":"LineString","coordinates":[[-79.555748,43.70812],[-79.545753,43.725296]]},"properties":{"PingCount":1,"AvgSpeedKmh":21.1}},{"type":"Feature","geometry":{"type":"LineString","coordinates":[[-79.555748,43.70812],[-79.52709,43.738771]]},"properties":{"PingCount":7,"AvgSpeedKmh":60.2}},{"type":"Feature","geometry":{"type":"LineString","coordinates":[[-79.555748,43.70812],[-79.629926,43.745677]]},"properties":{"PingCount":1,"AvgSpeedKmh":30.8}},{"type":"Feature","geometry":{"type":"LineString","coordinates":[[-79.555748,43.70812],[-78.929843,43.940891]]},"properties":{"PingCount":1,"AvgSpeedKmh":56.0}},{"type":"Feature","geometry":{"type":"LineString","coordinates":[[-79.556252,43.707136],[-79.583081,43.711822]]},"properties":{"PingCount":12,"AvgSpeedKmh":26.4}},{"type":"Feature","geometry":{"type":"LineString","coordinates":[[-79.556252,43.707136],[-79.595512,43.717125]]},"properties":{"PingCount":1,"AvgSpeedKmh":46.3}},{"type":"Feature","geometry":{"type":"LineString","coordinates":[[-79.556252,43.707136],[-79.481694,43.722817]]},"properties":{"PingCount":2,"AvgSpeedKmh":96.3}},{"type":"Feature","geometry":{"type":"LineString","coordinates":[[-79.556252,43.707136],[-79.50472,43.718332]]},"properties":{"PingCount":7,"AvgSpeedKmh":94.0}},{"type":"Feature","geometry":{"type":"LineString","coordinates":[[-79.556252,43.707136],[-79.523772,43.724547]]},"properties":{"PingCount":6,"AvgSpeedKmh":65.1}},{"type":"Feature","geometry":{"type":"LineString","coordinates":[[-79.556252,43.707136],[-79.564417,43.725296]]},"properties":{"PingCount":2,"AvgSpeedKmh":21.2}},{"type":"Feature","geometry":{"type":"LineString","coordinates":[[-79.556252,43.707136],[-79.583081,43.738771]]},"properties":{"PingCount":1,"AvgSpeedKmh":48.2}},{"type":"Feature","geometry":{"type":"LineString","coordinates":[[-79.583081,43.711822],[-79.595512,43.717125]]},"properties":{"PingCount":9,"AvgSpeedKmh":25.8}},{"type":"Feature","geometry":{"type":"LineString","coordinates":[[-79.583081,43.711822],[-79.614379,43.708197]]},"properties":{"PingCount":1,"AvgSpeedKmh":35.0}},{"type":"Feature","geometry":{"type":"LineString","coordinates":[[-79.583081,43.711822],[-79.598421,43.72319]]},"properties":{"PingCount":9,"AvgSpeedKmh":31.1}},{"type":"Feature","geometry":{"type":"LineString","coordinates":[[-79.595512,43.717125],[-79.614379,43.708197]]},"properties":{"PingCount":2,"AvgSpeedKmh":40.4}},{"type":"Feature","geometry":{"type":"LineString","coordinates":[[-79.595512,43.717125],[-79.598421,43.72319]]},"properties":{"PingCount":6,"AvgSpeedKmh":11.4}},{"type":"Feature","geometry":{"type":"LineString","coordinates":[[-79.595512,43.717125],[-79.625819,43.729076]]},"properties":{"PingCount":7,"AvgSpeedKmh":32.0}},{"type":"Feature","geometry":{"type":"LineString","coordinates":[[-79.595512,43.717125],[-79.605435,43.739103]]},"properties":{"PingCount":1,"AvgSpeedKmh":53.4}},{"type":"Feature","geometry":{"type":"LineString","coordinates":[[-79.614379,43.708197],[-79.639073,43.711822]]},"properties":{"PingCount":76,"AvgSpeedKmh":24.4}},{"type":"Feature","geometry":{"type":"LineString","coordinates":[[-79.614379,43.708197],[-79.598421,43.72319]]},"properties":{"PingCount":3,"AvgSpeedKmh":26.1}},{"type":"Feature","geometry":{"type":"LineString","coordinates":[[-79.614379,43.708197],[-79.625819,43.729076]]},"properties":{"PingCount":86,"AvgSpeedKmh":39.5}},{"type":"Feature","geometry":{"type":"LineString","coordinates":[[-79.614379,43.708197],[-79.628742,43.740041]]},"properties":{"PingCount":225,"AvgSpeedKmh":58.1}},{"type":"Feature","geometry":{"type":"LineString","coordinates":[[-79.614379,43.708197],[-79.629926,43.745677]]},"properties":{"PingCount":162,"AvgSpeedKmh":55.2}},{"type":"Feature","geometry":{"type":"LineString","coordinates":[[-79.614379,43.708197],[-79.657737,43.738771]]},"properties":{"PingCount":1,"AvgSpeedKmh":41.7}},{"type":"Feature","geometry":{"type":"LineString","coordinates":[[-79.614379,43.708197],[-79.614236,43.755473]]},"properties":{"PingCount":6,"AvgSpeedKmh":82.8}},{"type":"Feature","geometry":{"type":"LineString","coordinates":[[-79.614379,43.708197],[-79.629926,43.745677]]},"properties":{"PingCount":184,"AvgSpeedKmh":89.3}},{"type":"Feature","geometry":{"type":"LineString","coordinates":[[-79.614379,43.708197],[-79.632959,43.760602]]},"properties":{"PingCount":16,"AvgSpeedKmh":96.3}},{"type":"Feature","geometry":{"type":"LineString","coordinates":[[-79.639073,43.711822],[-79.657737,43.711822]]},"properties":{"PingCount":24,"AvgSpeedKmh":24.4}},{"type":"Feature","geometry":{"type":"LineString","coordinates":[[-79.639073,43.711822],[-79.598421,43.72319]]},"properties":{"PingCount":2,"AvgSpeedKmh":55.9}},{"type":"Feature","geometry":{"type":"LineString","coordinates":[[-79.639073,43.711822],[-79.625819,43.729076]]},"properties":{"PingCount":66,"AvgSpeedKmh":31.7}},{"type":"Feature","geometry":{"type":"LineString","coordinates":[[-79.639073,43.711822],[-79.639073,43.725296]]},"properties":{"PingCount":1,"AvgSpeedKmh":11.4}},{"type":"Feature","geometry":{"type":"LineString","coordinates":[[-79.639073,43.711822],[-79.657737,43.725296]]},"properties":{"PingCount":12,"AvgSpeedKmh":43.1}},{"type":"Feature","geometry":{"type":"LineString","coordinates":[[-79.639073,43.711822],[-79.676401,43.725296]]},"properties":{"PingCount":5,"AvgSpeedKmh":49.6}},{"type":"Feature","geometry":{"type":"LineString","coordinates":[[-79.639073,43.711822],[-79.628742,43.740041]]},"properties":{"PingCount":35,"AvgSpeedKmh":51.8}},{"type":"Feature","geometry":{"type":"LineString","coordinates":[[-79.639073,43.711822],[-79.629926,43.745677]]},"properties":{"PingCount":1,"AvgSpeedKmh":69.8}},{"type":"Feature","geometry":{"type":"LineString","coordinates":[[-79.639073,43.711822],[-79.52709,43.886992]]},"properties":{"PingCount":1,"AvgSpeedKmh":22.2}},{"type":"Feature","geometry":{"type":"LineString","coordinates":[[-79.657737,43.711822],[-79.676401,43.711822]]},"properties":{"PingCount":435,"AvgSpeedKmh":10.0}},{"type":"Feature","geometry":{"type":"LineString","coordinates":[[-79.657737,43.711822],[-79.657737,43.725296]]},"properties":{"PingCount":30,"AvgSpeedKmh":30.8}},{"type":"Feature","geometry":{"type":"LineString","coordinates":[[-79.657737,43.711822],[-79.676401,43.725296]]},"properties":{"PingCount":104,"AvgSpeedKmh":35.8}},{"type":"Feature","geometry":{"type":"LineString","coordinates":[[-79.657737,43.711822],[-79.657737,43.738771]]},"properties":{"PingCount":1,"AvgSpeedKmh":38.2}},{"type":"Feature","geometry":{"type":"LineString","coordinates":[[-79.657737,43.711822],[-79.676401,43.738771]]},"properties":{"PingCount":1,"AvgSpeedKmh":54.7}},{"type":"Feature","geometry":{"type":"LineString","coordinates":[[-79.676401,43.711822],[-79.695065,43.711822]]},"properties":{"PingCount":162,"AvgSpeedKmh":24.4}},{"type":"Feature","geometry":{"type":"LineString","coordinates":[[-79.676401,43.711822],[-79.657737,43.725296]]},"properties":{"PingCount":122,"AvgSpeedKmh":40.5}},{"type":"Feature","geometry":{"type":"LineString","coordinates":[[-79.676401,43.711822],[-79.676401,43.725296]]},"properties":{"PingCount":533,"AvgSpeedKmh":25.9}},{"type":"Feature","geometry":{"type":"LineString","coordinates":[[-79.676401,43.711822],[-79.695065,43.725296]]},"properties":{"PingCount":114,"AvgSpeedKmh":27.9}},{"type":"Feature","geometry":{"type":"LineString","coordinates":[[-79.676401,43.711822],[-79.629926,43.745677]]},"properties":{"PingCount":2,"AvgSpeedKmh":54.1}},{"type":"Feature","geometry":{"type":"LineString","coordinates":[[-79.676401,43.711822],[-79.657737,43.738771]]},"properties":{"PingCount":90,"AvgSpeedKmh":54.9}},{"type":"Feature","geometry":{"type":"LineString","coordinates":[[-79.676401,43.711822],[-79.676401,43.738771]]},"properties":{"PingCount":3,"AvgSpeedKmh":25.9}},{"type":"Feature","geometry":{"type":"LineString","coordinates":[[-79.676401,43.711822],[-79.693437,43.745486]]},"properties":{"PingCount":2,"AvgSpeedKmh":51.3}},{"type":"Feature","geometry":{"type":"LineString","coordinates":[[-79.676401,43.711822],[-79.706687,43.734054]]},"properties":{"PingCount":2,"AvgSpeedKmh":50.1}},{"type":"Feature","geometry":{"type":"LineString","coordinates":[[-79.676401,43.711822],[-79.629926,43.745677]]},"properties":{"PingCount":1,"AvgSpeedKmh":89.8}},{"type":"Feature","geometry":{"type":"LineString","coordinates":[[-79.695065,43.711822],[-79.713729,43.711822]]},"properties":{"PingCount":1,"AvgSpeedKmh":27.7}},{"type":"Feature","geometry":{"type":"LineString","coordinates":[[-79.695065,43.711822],[-79.657737,43.725296]]},"properties":{"PingCount":7,"AvgSpeedKmh":58.9}},{"type":"Feature","geometry":{"type":"LineString","coordinates":[[-79.695065,43.711822],[-79.676401,43.725296]]},"properties":{"PingCount":66,"AvgSpeedKmh":40.0}},{"type":"Feature","geometry":{"type":"LineString","coordinates":[[-79.695065,43.711822],[-79.717422,43.724431]]},"properties":{"PingCount":2,"AvgSpeedKmh":33.9}},{"type":"Feature","geometry":{"type":"LineString","coordinates":[[-79.695065,43.711822],[-79.657737,43.738771]]},"properties":{"PingCount":1,"AvgSpeedKmh":73.8}},{"type":"Feature","geometry":{"type":"LineString","coordinates":[[-79.695065,43.711822],[-79.676401,43.738771]]},"properties":{"PingCount":1,"AvgSpeedKmh":19.1}},{"type":"Feature","geometry":{"type":"LineString","coordinates":[[-79.713729,43.711822],[-79.72689,43.715777]]},"properties":{"PingCount":2,"AvgSpeedKmh":17.1}},{"type":"Feature","geometry":{"type":"LineString","coordinates":[[-79.713729,43.711822],[-79.695065,43.725296]]},"properties":{"PingCount":1,"AvgSpeedKmh":31.4}},{"type":"Feature","geometry":{"type":"LineString","coordinates":[[-79.713729,43.711822],[-79.717422,43.724431]]},"properties":{"PingCount":2,"AvgSpeedKmh":24.9}},{"type":"Feature","geometry":{"type":"LineString","coordinates":[[-79.72689,43.715777],[-79.747706,43.712645]]},"properties":{"PingCount":25,"AvgSpeedKmh":21.7}},{"type":"Feature","geometry":{"type":"LineString","coordinates":[[-79.72689,43.715777],[-79.717422,43.724431]]},"properties":{"PingCount":177,"AvgSpeedKmh":30.7}},{"type":"Feature","geometry":{"type":"LineString","coordinates":[[-79.72689,43.715777],[-79.721989,43.720461]]},"properties":{"PingCount":10,"AvgSpeedKmh":24.1}},{"type":"Feature","geometry":{"type":"LineString","coordinates":[[-79.72689,43.715777],[-79.758844,43.72088]]},"properties":{"PingCount":6,"AvgSpeedKmh":38.8}},{"type":"Feature","geometry":{"type":"LineString","coordinates":[[-79.72689,43.715777],[-79.759739,43.721547]]},"properties":{"PingCount":15,"AvgSpeedKmh":64.6}},{"type":"Feature","geometry":{"type":"LineString","coordinates":[[-79.72689,43.715777],[-79.693437,43.745486]]},"properties":{"PingCount":4,"AvgSpeedKmh":36.5}},{"type":"Feature","geometry":{"type":"LineString","coordinates":[[-79.72689,43.715777],[-79.706687,43.734054]]},"properties":{"PingCount":27,"AvgSpeedKmh":39.2}},{"type":"Feature","geometry":{"type":"LineString","coordinates":[[-79.72689,43.715777],[-79.773666,43.734575]]},"properties":{"PingCount":5,"AvgSpeedKmh":89.5}},{"type":"Feature","geometry":{"type":"LineString","coordinates":[[-79.72689,43.715777],[-79.780244,43.73993]]},"properties":{"PingCount":1,"AvgSpeedKmh":101.0}},{"type":"Feature","geometry":{"type":"LineString","coordinates":[[-79.747706,43.712645],[-79.776539,43.715904]]},"properties":{"PingCount":15,"AvgSpeedKmh":29.8}},{"type":"Feature","geometry":{"type":"LineString","coordinates":[[-79.747706,43.712645],[-79.717422,43.724431]]},"properties":{"PingCount":2,"AvgSpeedKmh":35.7}},{"type":"Feature","geometry":{"type":"LineString","coordinates":[[-79.747706,43.712645],[-79.721989,43.720461]]},"properties":{"PingCount":3,"AvgSpeedKmh":27.9}},{"type":"Feature","geometry":{"type":"LineString","coordinates":[[-79.747706,43.712645],[-79.758844,43.72088]]},"properties":{"PingCount":3,"AvgSpeedKmh":16.9}},{"type":"Feature","geometry":{"type":"LineString","coordinates":[[-79.747706,43.712645],[-79.759739,43.721547]]},"properties":{"PingCount":33,"AvgSpeedKmh":34.5}},{"type":"Feature","geometry":{"type":"LineString","coordinates":[[-79.747706,43.712645],[-79.751057,43.738771]]},"properties":{"PingCount":1,"AvgSpeedKmh":49.6}},{"type":"Feature","geometry":{"type":"LineString","coordinates":[[-79.747706,43.712645],[-79.773666,43.734575]]},"properties":{"PingCount":6,"AvgSpeedKmh":66.6}},{"type":"Feature","geometry":{"type":"LineString","coordinates":[[-79.747706,43.712645],[-79.780244,43.73993]]},"properties":{"PingCount":5,"AvgSpeedKmh":80.2}},{"type":"Feature","geometry":{"type":"LineString","coordinates":[[-79.747706,43.712645],[-79.790772,43.751217]]},"properties":{"PingCount":2,"AvgSpeedKmh":95.4}},{"type":"Feature","geometry":{"type":"LineString","coordinates":[[-79.776539,43.715904],[-79.779746,43.712879]]},"properties":{"PingCount":41,"AvgSpeedKmh":22.2}},{"type":"Feature","geometry":{"type":"LineString","coordinates":[[-79.776539,43.715904],[-79.758844,43.72088]]},"properties":{"PingCount":5,"AvgSpeedKmh":35.0}},{"type":"Feature","geometry":{"type":"LineString","coordinates":[[-79.776539,43.715904],[-79.759739,43.721547]]},"properties":{"PingCount":28,"AvgSpeedKmh":23.4}},{"type":"Feature","geometry":{"type":"LineString","coordinates":[[-79.776539,43.715904],[-79.788385,43.725296]]},"properties":{"PingCount":3,"AvgSpeedKmh":24.9}},{"type":"Feature","geometry":{"type":"LineString","coordinates":[[-79.779746,43.712879],[-79.802997,43.717813]]},"properties":{"PingCount":73,"AvgSpeedKmh":17.1}},{"type":"Feature","geometry":{"type":"LineString","coordinates":[[-79.779746,43.712879],[-79.759739,43.721547]]},"properties":{"PingCount":39,"AvgSpeedKmh":30.5}},{"type":"Feature","geometry":{"type":"LineString","coordinates":[[-79.779746,43.712879],[-79.788385,43.725296]]},"properties":{"PingCount":1,"AvgSpeedKmh":34.0}},{"type":"Feature","geometry":{"type":"LineString","coordinates":[[-79.779746,43.712879],[-79.81397,43.725833]]},"properties":{"PingCount":35,"AvgSpeedKmh":38.6}},{"type":"Feature","geometry":{"type":"LineString","coordinates":[[-79.779746,43.712879],[-79.825713,43.725296]]},"properties":{"PingCount":4,"AvgSpeedKmh":56.7}},{"type":"Feature","geometry":{"type":"LineString","coordinates":[[-79.802997,43.717813],[-79.825713,43.711822]]},"properties":{"PingCount":3,"AvgSpeedKmh":19.9}},{"type":"Feature","geometry":{"type":"LineString","coordinates":[[-79.802997,43.717813],[-79.788385,43.725296]]},"properties":{"PingCount":3,"AvgSpeedKmh":24.3}},{"type":"Feature","geometry":{"type":"LineString","coordinates":[[-79.802997,43.717813],[-79.81397,43.725833]]},"properties":{"PingCount":15,"AvgSpeedKmh":22.6}},{"type":"Feature","geometry":{"type":"LineString","coordinates":[[-79.802997,43.717813],[-79.825713,43.725296]]},"properties":{"PingCount":16,"AvgSpeedKmh":39.8}},{"type":"Feature","geometry":{"type":"LineString","coordinates":[[-79.802997,43.717813],[-79.830899,43.738179]]},"properties":{"PingCount":16,"AvgSpeedKmh":48.8}},{"type":"Feature","geometry":{"type":"LineString","coordinates":[[-79.825713,43.711822],[-79.844377,43.711822]]},"properties":{"PingCount":2,"AvgSpeedKmh":31.4}},{"type":"Feature","geometry":{"type":"LineString","coordinates":[[-79.825713,43.711822],[-79.81397,43.725833]]},"properties":{"PingCount":3,"AvgSpeedKmh":24.2}},{"type":"Feature","geometry":{"type":"LineString","coordinates":[[-79.825713,43.711822],[-79.825713,43.725296]]},"properties":{"PingCount":2,"AvgSpeedKmh":19.0}},{"type":"Feature","geometry":{"type":"LineString","coordinates":[[-79.844377,43.711822],[-79.825713,43.725296]]},"properties":{"PingCount":4,"AvgSpeedKmh":40.1}},{"type":"Feature","geometry":{"type":"LineString","coordinates":[[-79.863041,43.711822],[-79.844377,43.725296]]},"properties":{"PingCount":1,"AvgSpeedKmh":50.8}},{"type":"Feature","geometry":{"type":"LineString","coordinates":[[-79.23247,43.725207],[-79.236278,43.721912]]},"properties":{"PingCount":12,"AvgSpeedKmh":22.1}},{"type":"Feature","geometry":{"type":"LineString","coordinates":[[-79.23247,43.725207],[-79.217297,43.738473]]},"properties":{"PingCount":19,"AvgSpeedKmh":36.0}},{"type":"Feature","geometry":{"type":"LineString","coordinates":[[-79.23247,43.725207],[-79.22463,43.732127]]},"properties":{"PingCount":13,"AvgSpeedKmh":30.4}},{"type":"Feature","geometry":{"type":"LineString","coordinates":[[-79.23247,43.725207],[-78.932306,43.882027]]},"properties":{"PingCount":1,"AvgSpeedKmh":29.7}},{"type":"Feature","geometry":{"type":"LineString","coordinates":[[-79.236278,43.721912],[-79.265794,43.725296]]},"properties":{"PingCount":4,"AvgSpeedKmh":14.8}},{"type":"Feature","geometry":{"type":"LineString","coordinates":[[-79.236278,43.721912],[-79.284458,43.725296]]},"properties":{"PingCount":1,"AvgSpeedKmh":31.5}},{"type":"Feature","geometry":{"type":"LineString","coordinates":[[-79.236278,43.721912],[-79.24713,43.738771]]},"properties":{"PingCount":35,"AvgSpeedKmh":24.5}},{"type":"Feature","geometry":{"type":"LineString","coordinates":[[-79.236278,43.721912],[-79.265794,43.738771]]},"properties":{"PingCount":5,"AvgSpeedKmh":21.1}},{"type":"Feature","geometry":{"type":"LineString","coordinates":[[-79.265794,43.725296],[-79.284458,43.725296]]},"properties":{"PingCount":9,"AvgSpeedKmh":26.0}},{"type":"Feature","geometry":{"type":"LineString","coordinates":[[-79.265794,43.725296],[-79.24713,43.738771]]},"properties":{"PingCount":5,"AvgSpeedKmh":33.6}},{"type":"Feature","geometry":{"type":"LineString","coordinates":[[-79.265794,43.725296],[-79.265794,43.738771]]},"properties":{"PingCount":6,"AvgSpeedKmh":24.8}},{"type":"Feature","geometry":{"type":"LineString","coordinates":[[-79.284458,43.725296],[-79.303122,43.725296]]},"properties":{"PingCount":33,"AvgSpeedKmh":17.8}},{"type":"Feature","geometry":{"type":"LineString","coordinates":[[-79.284458,43.725296],[-79.24713,43.738771]]},"properties":{"PingCount":1,"AvgSpeedKmh":36.6}},{"type":"Feature","geometry":{"type":"LineString","coordinates":[[-79.284458,43.725296],[-79.265794,43.738771]]},"properties":{"PingCount":13,"AvgSpeedKmh":23.4}},{"type":"Feature","geometry":{"type":"LineString","coordinates":[[-79.284458,43.725296],[-79.284458,43.738771]]},"properties":{"PingCount":35,"AvgSpeedKmh":17.3}},{"type":"Feature","geometry":{"type":"LineString","coordinates":[[-79.284458,43.725296],[-79.303122,43.738771]]},"properties":{"PingCount":8,"AvgSpeedKmh":33.6}},{"type":"Feature","geometry":{"type":"LineString","coordinates":[[-79.284458,43.725296],[-79.303122,43.752246]]},"properties":{"PingCount":2,"AvgSpeedKmh":38.6}},{"type":"Feature","geometry":{"type":"LineString","coordinates":[[-79.303122,43.725296],[-79.321786,43.725296]]},"properties":{"PingCount":45,"AvgSpeedKmh":20.9}},{"type":"Feature","geometry":{"type":"LineString","coordinates":[[-79.303122,43.725296],[-79.34045,43.725296]]},"properties":{"PingCount":1,"AvgSpeedKmh":39.6}},{"type":"Feature","geometry":{"type":"LineString","coordinates":[[-79.303122,43.725296],[-79.284458,43.738771]]},"properties":{"PingCount":1,"AvgSpeedKmh":15.1}},{"type":"Feature","geometry":{"type":"LineString","coordinates":[[-79.303122,43.725296],[-79.303122,43.738771]]},"properties":{"PingCount":40,"AvgSpeedKmh":26.0}},{"type":"Feature","geometry":{"type":"LineString","coordinates":[[-79.303122,43.725296],[-79.303122,43.752246]]},"properties":{"PingCount":3,"AvgSpeedKmh":38.1}},{"type":"Feature","geometry":{"type":"LineString","coordinates":[[-79.321786,43.725296],[-79.34045,43.725296]]},"properties":{"PingCount":24,"AvgSpeedKmh":23.0}},{"type":"Feature","geometry":{"type":"LineString","coordinates":[[-79.321786,43.725296],[-79.303122,43.738771]]},"properties":{"PingCount":5,"AvgSpeedKmh":17.9}},{"type":"Feature","geometry":{"type":"LineString","coordinates":[[-79.321786,43.725296],[-79.321786,43.738771]]},"properties":{"PingCount":10,"AvgSpeedKmh":22.1}},{"type":"Feature","geometry":{"type":"LineString","coordinates":[[-79.321786,43.725296],[-79.34045,43.738771]]},"properties":{"PingCount":104,"AvgSpeedKmh":28.9}},{"type":"Feature","geometry":{"type":"LineString","coordinates":[[-79.321786,43.725296],[-79.34045,43.752246]]},"properties":{"PingCount":42,"AvgSpeedKmh":60.7}},{"type":"Feature","geometry":{"type":"LineString","coordinates":[[-79.321786,43.725296],[-79.339915,43.767952]]},"properties":{"PingCount":44,"AvgSpeedKmh":81.0}},{"type":"Feature","geometry":{"type":"LineString","coordinates":[[-79.321786,43.725296],[-79.094314,43.828231]]},"properties":{"PingCount":1,"AvgSpeedKmh":22.8}},{"type":"Feature","geometry":{"type":"LineString","coordinates":[[-79.321786,43.725296],[-78.929843,43.927416]]},"properties":{"PingCount":1,"AvgSpeedKmh":39.1}},{"type":"Feature","geometry":{"type":"LineString","coordinates":[[-79.321786,43.725296],[-78.911179,43.940891]]},"properties":{"PingCount":1,"AvgSpeedKmh":40.7}},{"type":"Feature","geometry":{"type":"LineString","coordinates":[[-79.321786,43.725296],[-78.929843,43.940891]]},"properties":{"PingCount":3,"AvgSpeedKmh":39.9}},{"type":"Feature","geometry":{"type":"LineString","coordinates":[[-79.34045,43.725296],[-79.359114,43.725296]]},"properties":{"PingCount":2,"AvgSpeedKmh":17.0}},{"type":"Feature","geometry":{"type":"LineString","coordinates":[[-79.34045,43.725296],[-79.34045,43.738771]]},"properties":{"PingCount":24,"AvgSpeedKmh":25.5}},{"type":"Feature","geometry":{"type":"LineString","coordinates":[[-79.34045,43.725296],[-79.359114,43.738771]]},"properties":{"PingCount":2,"AvgSpeedKmh":33.7}},{"type":"Feature","geometry":{"type":"LineString","coordinates":[[-79.34045,43.725296],[-79.34045,43.752246]]},"properties":{"PingCount":8,"AvgSpeedKmh":60.0}},{"type":"Feature","geometry":{"type":"LineString","coordinates":[[-79.34045,43.725296],[-79.339915,43.767952]]},"properties":{"PingCount":2,"AvgSpeedKmh":84.0}},{"type":"Feature","geometry":{"type":"LineString","coordinates":[[-79.359114,43.725296],[-79.359114,43.738771]]},"properties":{"PingCount":5,"AvgSpeedKmh":9.1}},{"type":"Feature","geometry":{"type":"LineString","coordinates":[[-79.377778,43.725296],[-79.402974,43.72785]]},"properties":{"PingCount":3,"AvgSpeedKmh":15.2}},{"type":"Feature","geometry":{"type":"LineString","coordinates":[[-79.377778,43.725296],[-79.377778,43.738771]]},"properties":{"PingCount":4,"AvgSpeedKmh":26.8}},{"type":"Feature","geometry":{"type":"LineString","coordinates":[[-79.377778,43.725296],[-79.377778,43.752246]]},"properties":{"PingCount":2,"AvgSpeedKmh":42.4}},{"type":"Feature","geometry":{"type":"LineString","coordinates":[[-79.402974,43.72785],[-79.415106,43.725296]]},"properties":{"PingCount":2,"AvgSpeedKmh":21.9}},{"type":"Feature","geometry":{"type":"LineString","coordinates":[[-79.402974,43.72785],[-79.441744,43.731516]]},"properties":{"PingCount":1,"AvgSpeedKmh":34.0}},{"type":"Feature","geometry":{"type":"LineString","coordinates":[[-79.402974,43.72785],[-79.40462,43.734409]]},"properties":{"PingCount":6,"AvgSpeedKmh":15.6}},{"type":"Feature","geometry":{"type":"LineString","coordinates":[[-79.402974,43.72785],[-79.423512,43.742523]]},"properties":{"PingCount":5,"AvgSpeedKmh":33.9}},{"type":"Feature","geometry":{"type":"LineString","coordinates":[[-79.402974,43.72785],[-79.411637,43.751763]]},"properties":{"PingCount":1,"AvgSpeedKmh":30.8}},{"type":"Feature","geometry":{"type":"LineString","coordinates":[[-79.415106,43.725296],[-79.40462,43.734409]]},"properties":{"PingCount":1,"AvgSpeedKmh":21.5}},{"type":"Feature","geometry":{"type":"LineString","coordinates":[[-79.415106,43.725296],[-79.423512,43.742523]]},"properties":{"PingCount":4,"AvgSpeedKmh":21.5}},{"type":"Feature","geometry":{"type":"LineString","coordinates":[[-79.415106,43.725296],[-79.411637,43.751763]]},"properties":{"PingCount":1,"AvgSpeedKmh":39.1}},{"type":"Feature","geometry":{"type":"LineString","coordinates":[[-79.441744,43.731516],[-79.446462,43.730511]]},"properties":{"PingCount":35,"AvgSpeedKmh":20.2}},{"type":"Feature","geometry":{"type":"LineString","coordinates":[[-79.441744,43.731516],[-79.480076,43.722641]]},"properties":{"PingCount":7,"AvgSpeedKmh":48.4}},{"type":"Feature","geometry":{"type":"LineString","coordinates":[[-79.441744,43.731516],[-79.481694,43.722817]]},"properties":{"PingCount":32,"AvgSpeedKmh":81.1}},{"type":"Feature","geometry":{"type":"LineString","coordinates":[[-79.441744,43.731516],[-79.50472,43.718332]]},"properties":{"PingCount":6,"AvgSpeedKmh":97.2}},{"type":"Feature","geometry":{"type":"LineString","coordinates":[[-79.441744,43.731516],[-79.423512,43.742523]]},"properties":{"PingCount":10,"AvgSpeedKmh":43.2}},{"type":"Feature","geometry":{"type":"LineString","coordinates":[[-79.441744,43.731516],[-79.423512,43.742523]]},"properties":{"PingCount":38,"AvgSpeedKmh":23.5}},{"type":"Feature","geometry":{"type":"LineString","coordinates":[[-79.441744,43.731516],[-79.405172,43.755122]]},"properties":{"PingCount":15,"AvgSpeedKmh":86.2}},{"type":"Feature","geometry":{"type":"LineString","coordinates":[[-79.441744,43.731516],[-79.411637,43.751763]]},"properties":{"PingCount":19,"AvgSpeedKmh":66.2}},{"type":"Feature","geometry":{"type":"LineString","coordinates":[[-79.441744,43.731516],[-79.392547,43.762316]]},"properties":{"PingCount":6,"AvgSpeedKmh":95.7}},{"type":"Feature","geometry":{"type":"LineString","coordinates":[[-79.446462,43.730511],[-79.480076,43.722641]]},"properties":{"PingCount":155,"AvgSpeedKmh":30.3}},{"type":"Feature","geometry":{"type":"LineString","coordinates":[[-79.446462,43.730511],[-79.481694,43.722817]]},"properties":{"PingCount":133,"AvgSpeedKmh":65.0}},{"type":"Feature","geometry":{"type":"LineString","coordinates":[[-79.446462,43.730511],[-79.50472,43.718332]]},"properties":{"PingCount":26,"AvgSpeedKmh":82.9}},{"type":"Feature","geometry":{"type":"LineString","coordinates":[[-79.446462,43.730511],[-79.423512,43.742523]]},"properties":{"PingCount":49,"AvgSpeedKmh":61.4}},{"type":"Feature","geometry":{"type":"LineString","coordinates":[[-79.446462,43.730511],[-79.423512,43.742523]]},"properties":{"PingCount":139,"AvgSpeedKmh":31.1}},{"type":"Feature","geometry":{"type":"LineString","coordinates":[[-79.446462,43.730511],[-79.405172,43.755122]]},"properties":{"PingCount":44,"AvgSpeedKmh":91.0}},{"type":"Feature","geometry":{"type":"LineString","coordinates":[[-79.446462,43.730511],[-79.411637,43.751763]]},"properties":{"PingCount":195,"AvgSpeedKmh":80.5}},{"type":"Feature","geometry":{"type":"LineString","coordinates":[[-79.446462,43.730511],[-79.471098,43.752246]]},"properties":{"PingCount":2,"AvgSpeedKmh":55.0}},{"type":"Feature","geometry":{"type":"LineString","coordinates":[[-79.446462,43.730511],[-79.375822,43.765774]]},"properties":{"PingCount":1,"AvgSpeedKmh":67.3}},{"type":"Feature","geometry":{"type":"LineString","coordinates":[[-79.446462,43.730511],[-79.392547,43.762316]]},"properties":{"PingCount":7,"AvgSpeedKmh":96.3}},{"type":"Feature","geometry":{"type":"LineString","coordinates":[[-79.480076,43.722641],[-79.481694,43.722817]]},"properties":{"PingCount":172,"AvgSpeedKmh":30.9}},{"type":"Feature","geometry":{"type":"LineString","coordinates":[[-79.480076,43.722641],[-79.50472,43.718332]]},"properties":{"PingCount":19,"AvgSpeedKmh":55.1}},{"type":"Feature","geometry":{"type":"LineString","coordinates":[[-79.480076,43.722641],[-79.523772,43.724547]]},"properties":{"PingCount":4,"AvgSpeedKmh":80.1}},{"type":"Feature","geometry":{"type":"LineString","coordinates":[[-79.480076,43.722641],[-79.423512,43.742523]]},"properties":{"PingCount":96,"AvgSpeedKmh":86.9}},{"type":"Feature","geometry":{"type":"LineString","coordinates":[[-79.480076,43.722641],[-79.423512,43.742523]]},"properties":{"PingCount":166,"AvgSpeedKmh":77.5}},{"type":"Feature","geometry":{"type":"LineString","coordinates":[[-79.480076,43.722641],[-79.411637,43.751763]]},"properties":{"PingCount":42,"AvgSpeedKmh":91.2}},{"type":"Feature","geometry":{"type":"LineString","coordinates":[[-79.480076,43.722641],[-79.392547,43.762316]]},"properties":{"PingCount":2,"AvgSpeedKmh":73.5}},{"type":"Feature","geometry":{"type":"LineString","coordinates":[[-79.480076,43.722641],[-79.004499,43.927416]]},"properties":{"PingCount":1,"AvgSpeedKmh":44.1}},{"type":"Feature","geometry":{"type":"LineString","coordinates":[[-79.481694,43.722817],[-79.50472,43.718332]]},"properties":{"PingCount":20,"AvgSpeedKmh":25.9}},{"type":"Feature","geometry":{"type":"LineString","coordinates":[[-79.481694,43.722817],[-79.523772,43.724547]]},"properties":{"PingCount":13,"AvgSpeedKmh":56.6}},{"type":"Feature","geometry":{"type":"LineString","coordinates":[[-79.481694,43.722817],[-79.423512,43.742523]]},"properties":{"PingCount":1,"AvgSpeedKmh":56.3}},{"type":"Feature","geometry":{"type":"LineString","coordinates":[[-79.481694,43.722817],[-79.423512,43.742523]]},"properties":{"PingCount":152,"AvgSpeedKmh":88.9}},{"type":"Feature","geometry":{"type":"LineString","coordinates":[[-79.481694,43.722817],[-79.489762,43.738771]]},"properties":{"PingCount":3,"AvgSpeedKmh":24.7}},{"type":"Feature","geometry":{"type":"LineString","coordinates":[[-79.481694,43.722817],[-79.52709,43.738771]]},"properties":{"PingCount":6,"AvgSpeedKmh":64.3}},{"type":"Feature","geometry":{"type":"LineString","coordinates":[[-79.50472,43.718332],[-79.52709,43.738771]]},"properties":{"PingCount":1,"AvgSpeedKmh":67.8}},{"type":"Feature","geometry":{"type":"LineString","coordinates":[[-79.523772,43.724547],[-79.52709,43.738771]]},"properties":{"PingCount":16,"AvgSpeedKmh":26.2}},{"type":"Feature","geometry":{"type":"LineString","coordinates":[[-79.523772,43.724547],[-79.530861,43.755853]]},"properties":{"PingCount":12,"AvgSpeedKmh":65.0}},{"type":"Feature","geometry":{"type":"LineString","coordinates":[[-79.523772,43.724547],[-79.545753,43.752246]]},"properties":{"PingCount":3,"AvgSpeedKmh":32.1}},{"type":"Feature","geometry":{"type":"LineString","coordinates":[[-79.523772,43.724547],[-79.533992,43.767986]]},"properties":{"PingCount":26,"AvgSpeedKmh":92.2}},{"type":"Feature","geometry":{"type":"LineString","coordinates":[[-79.523772,43.724547],[-79.535178,43.773025]]},"properties":{"PingCount":5,"AvgSpeedKmh":95.5}},{"type":"Feature","geometry":{"type":"LineString","coordinates":[[-79.523772,43.724547],[-78.959785,43.947293]]},"properties":{"PingCount":1,"AvgSpeedKmh":53.2}},{"type":"Feature","geometry":{"type":"LineString","coordinates":[[-79.545753,43.725296],[-79.545753,43.738771]]},"properties":{"PingCount":1,"AvgSpeedKmh":29.0}},{"type":"Feature","geometry":{"type":"LineString","coordinates":[[-79.545753,43.725296],[-79.564417,43.738771]]},"properties":{"PingCount":2,"AvgSpeedKmh":37.3}},{"type":"Feature","geometry":{"type":"LineString","coordinates":[[-79.564417,43.725296],[-79.583081,43.725296]]},"properties":{"PingCount":1,"AvgSpeedKmh":19.8}},{"type":"Feature","geometry":{"type":"LineString","coordinates":[[-79.564417,43.725296],[-79.564417,43.738771]]},"properties":{"PingCount":1,"AvgSpeedKmh":30.7}},{"type":"Feature","geometry":{"type":"LineString","coordinates":[[-79.564417,43.725296],[-79.583081,43.738771]]},"properties":{"PingCount":1,"AvgSpeedKmh":27.5}},{"type":"Feature","geometry":{"type":"LineString","coordinates":[[-79.583081,43.725296],[-79.583081,43.738771]]},"properties":{"PingCount":1,"AvgSpeedKmh":29.6}},{"type":"Feature","geometry":{"type":"LineString","coordinates":[[-79.598421,43.72319],[-79.625819,43.729076]]},"properties":{"PingCount":2,"AvgSpeedKmh":35.2}},{"type":"Feature","geometry":{"type":"LineString","coordinates":[[-79.598421,43.72319],[-79.605435,43.739103]]},"properties":{"PingCount":4,"AvgSpeedKmh":23.8}},{"type":"Feature","geometry":{"type":"LineString","coordinates":[[-79.598421,43.72319],[-79.628742,43.740041]]},"properties":{"PingCount":2,"AvgSpeedKmh":53.5}},{"type":"Feature","geometry":{"type":"LineString","coordinates":[[-79.625819,43.729076],[-79.628742,43.740041]]},"properties":{"PingCount":54,"AvgSpeedKmh":34.6}},{"type":"Feature","geometry":{"type":"LineString","coordinates":[[-79.625819,43.729076],[-79.629926,43.745677]]},"properties":{"PingCount":267,"AvgSpeedKmh":35.7}},{"type":"Feature","geometry":{"type":"LineString","coordinates":[[-79.625819,43.729076],[-79.657737,43.738771]]},"properties":{"PingCount":13,"AvgSpeedKmh":41.0}},{"type":"Feature","geometry":{"type":"LineString","coordinates":[[-79.625819,43.729076],[-79.614236,43.755473]]},"properties":{"PingCount":1,"AvgSpeedKmh":63.7}},{"type":"Feature","geometry":{"type":"LineString","coordinates":[[-79.625819,43.729076],[-79.629926,43.745677]]},"properties":{"PingCount":48,"AvgSpeedKmh":73.4}},{"type":"Feature","geometry":{"type":"LineString","coordinates":[[-79.625819,43.729076],[-79.684552,43.753109]]},"properties":{"PingCount":1,"AvgSpeedKmh":28.9}},{"type":"Feature","geometry":{"type":"LineString","coordinates":[[-79.625819,43.729076],[-79.632959,43.760602]]},"properties":{"PingCount":215,"AvgSpeedKmh":92.5}},{"type":"Feature","geometry":{"type":"LineString","coordinates":[[-79.625819,43.729076],[-79.63578,43.776004]]},"properties":{"PingCount":38,"AvgSpeedKmh":100.3}},{"type":"Feature","geometry":{"type":"LineString","coordinates":[[-79.625819,43.729076],[-79.639073,43.79267]]},"properties":{"PingCount":1,"AvgSpeedKmh":88.1}},{"type":"Feature","geometry":{"type":"LineString","coordinates":[[-79.625819,43.729076],[-79.639073,43.806144]]},"properties":{"PingCount":1,"AvgSpeedKmh":55.9}},{"type":"Feature","geometry":{"type":"LineString","coordinates":[[-79.639073,43.725296],[-79.657737,43.738771]]},"properties":{"PingCount":1,"AvgSpeedKmh":38.8}},{"type":"Feature","geometry":{"type":"LineString","coordinates":[[-79.657737,43.725296],[-79.676401,43.725296]]},"properties":{"PingCount":158,"AvgSpeedKmh":19.7}},{"type":"Feature","geometry":{"type":"LineString","coordinates":[[-79.657737,43.725296],[-79.629926,43.745677]]},"properties":{"PingCount":136,"AvgSpeedKmh":38.3}},{"type":"Feature","geometry":{"type":"LineString","coordinates":[[-79.657737,43.725296],[-79.657737,43.738771]]},"properties":{"PingCount":107,"AvgSpeedKmh":23.1}},{"type":"Feature","geometry":{"type":"LineString","coordinates":[[-79.657737,43.725296],[-79.676401,43.738771]]},"properties":{"PingCount":36,"AvgSpeedKmh":30.2}},{"type":"Feature","geometry":{"type":"LineString","coordinates":[[-79.657737,43.725296],[-79.693437,43.745486]]},"properties":{"PingCount":1,"AvgSpeedKmh":51.2}},{"type":"Feature","geometry":{"type":"LineString","coordinates":[[-79.657737,43.725296],[-79.614236,43.755473]]},"properties":{"PingCount":1,"AvgSpeedKmh":74.6}},{"type":"Feature","geometry":{"type":"LineString","coordinates":[[-79.657737,43.725296],[-79.629926,43.745677]]},"properties":{"PingCount":52,"AvgSpeedKmh":56.2}},{"type":"Feature","geometry":{"type":"LineString","coordinates":[[-79.657737,43.725296],[-79.684552,43.753109]]},"properties":{"PingCount":8,"AvgSpeedKmh":48.2}},{"type":"Feature","geometry":{"type":"LineString","coordinates":[[-79.676401,43.725296],[-79.695065,43.725296]]},"properties":{"PingCount":1526,"AvgSpeedKmh":20.4}},{"type":"Feature","geometry":{"type":"LineString","coordinates":[[-79.676401,43.725296],[-79.629926,43.745677]]},"properties":{"PingCount":94,"AvgSpeedKmh":54.6}},{"type":"Feature","geometry":{"type":"LineString","coordinates":[[-79.676401,43.725296],[-79.657737,43.738771]]},"properties":{"PingCount":753,"AvgSpeedKmh":30.5}},{"type":"Feature","geometry":{"type":"LineString","coordinates":[[-79.676401,43.725296],[-79.676401,43.738771]]},"properties":{"PingCount":1456,"AvgSpeedKmh":20.0}},{"type":"Feature","geometry":{"type":"LineString","coordinates":[[-79.676401,43.725296],[-79.693437,43.745486]]},"properties":{"PingCount":322,"AvgSpeedKmh":25.5}},{"type":"Feature","geometry":{"type":"LineString","coordinates":[[-79.676401,43.725296],[-79.706687,43.734054]]},"properties":{"PingCount":2,"AvgSpeedKmh":29.5}},{"type":"Feature","geometry":{"type":"LineString","coordinates":[[-79.676401,43.725296],[-79.614236,43.755473]]},"properties":{"PingCount":9,"AvgSpeedKmh":95.1}},{"type":"Feature","geometry":{"type":"LineString","coordinates":[[-79.676401,43.725296],[-79.629926,43.745677]]},"properties":{"PingCount":31,"AvgSpeedKmh":72.7}},{"type":"Feature","geometry":{"type":"LineString","coordinates":[[-79.676401,43.725296],[-79.684552,43.753109]]},"properties":{"PingCount":79,"AvgSpeedKmh":35.0}},{"type":"Feature","geometry":{"type":"LineString","coordinates":[[-79.676401,43.725296],[-79.687579,43.750435]]},"properties":{"PingCount":13,"AvgSpeedKmh":39.8}},{"type":"Feature","geometry":{"type":"LineString","coordinates":[[-79.676401,43.725296],[-79.713729,43.752246]]},"properties":{"PingCount":1,"AvgSpeedKmh":62.4}},{"type":"Feature","geometry":{"type":"LineString","coordinates":[[-79.676401,43.725296],[-79.583081,43.76572]]},"properties":{"PingCount":1,"AvgSpeedKmh":81.7}},{"type":"Feature","geometry":{"type":"LineString","coordinates":[[-79.695065,43.725296],[-79.717422,43.724431]]},"properties":{"PingCount":4,"AvgSpeedKmh":31.1}},{"type":"Feature","geometry":{"type":"LineString","coordinates":[[-79.695065,43.725296],[-79.676401,43.738771]]},"properties":{"PingCount":279,"AvgSpeedKmh":19.2}},{"type":"Feature","geometry":{"type":"LineString","coordinates":[[-79.695065,43.725296],[-79.693437,43.745486]]},"properties":{"PingCount":859,"AvgSpeedKmh":16.4}},{"type":"Feature","geometry":{"type":"LineString","coordinates":[[-79.695065,43.725296],[-79.706687,43.734054]]},"properties":{"PingCount":13,"AvgSpeedKmh":37.9}},{"type":"Feature","geometry":{"type":"LineString","coordinates":[[-79.695065,43.725296],[-79.684552,43.753109]]},"properties":{"PingCount":1,"AvgSpeedKmh":3.2}},{"type":"Feature","geometry":{"type":"LineString","coordinates":[[-79.695065,43.725296],[-79.687579,43.750435]]},"properties":{"PingCount":2,"AvgSpeedKmh":32.7}},{"type":"Feature","geometry":{"type":"LineString","coordinates":[[-79.695065,43.725296],[-79.713729,43.752246]]},"properties":{"PingCount":1,"AvgSpeedKmh":43.7}},{"type":"Feature","geometry":{"type":"LineString","coordinates":[[-79.717422,43.724431],[-79.721989,43.720461]]},"properties":{"PingCount":4,"AvgSpeedKmh":13.9}},{"type":"Feature","geometry":{"type":"LineString","coordinates":[[-79.717422,43.724431],[-79.693437,43.745486]]},"properties":{"PingCount":113,"AvgSpeedKmh":36.0}},{"type":"Feature","geometry":{"type":"LineString","coordinates":[[-79.717422,43.724431],[-79.706687,43.734054]]},"properties":{"PingCount":72,"AvgSpeedKmh":28.4}},{"type":"Feature","geometry":{"type":"LineString","coordinates":[[-79.717422,43.724431],[-79.684552,43.753109]]},"properties":{"PingCount":2,"AvgSpeedKmh":61.0}},{"type":"Feature","geometry":{"type":"LineString","coordinates":[[-79.717422,43.724431],[-79.687579,43.750435]]},"properties":{"PingCount":10,"AvgSpeedKmh":45.0}},{"type":"Feature","geometry":{"type":"LineString","coordinates":[[-79.721989,43.720461],[-79.758844,43.72088]]},"properties":{"PingCount":2,"AvgSpeedKmh":25.9}},{"type":"Feature","geometry":{"type":"LineString","coordinates":[[-79.721989,43.720461],[-79.693437,43.745486]]},"properties":{"PingCount":2,"AvgSpeedKmh":32.6}},{"type":"Feature","geometry":{"type":"LineString","coordinates":[[-79.721989,43.720461],[-79.706687,43.734054]]},"properties":{"PingCount":4,"AvgSpeedKmh":35.7}},{"type":"Feature","geometry":{"type":"LineString","coordinates":[[-79.758844,43.72088],[-79.759739,43.721547]]},"properties":{"PingCount":13,"AvgSpeedKmh":17.7}},{"type":"Feature","geometry":{"type":"LineString","coordinates":[[-79.758844,43.72088],[-79.706687,43.734054]]},"properties":{"PingCount":1,"AvgSpeedKmh":47.1}},{"type":"Feature","geometry":{"type":"LineString","coordinates":[[-79.758844,43.72088],[-79.751057,43.738771]]},"properties":{"PingCount":22,"AvgSpeedKmh":23.4}},{"type":"Feature","geometry":{"type":"LineString","coordinates":[[-79.758844,43.72088],[-79.732393,43.752246]]},"properties":{"PingCount":9,"AvgSpeedKmh":36.3}},{"type":"Feature","geometry":{"type":"LineString","coordinates":[[-79.758844,43.72088],[-79.790772,43.751217]]},"properties":{"PingCount":4,"AvgSpeedKmh":85.0}},{"type":"Feature","geometry":{"type":"LineString","coordinates":[[-79.759739,43.721547],[-79.788385,43.725296]]},"properties":{"PingCount":2,"AvgSpeedKmh":27.4}},{"type":"Feature","geometry":{"type":"LineString","coordinates":[[-79.759739,43.721547],[-79.751057,43.738771]]},"properties":{"PingCount":13,"AvgSpeedKmh":30.4}},{"type":"Feature","geometry":{"type":"LineString","coordinates":[[-79.759739,43.721547],[-79.773666,43.734575]]},"properties":{"PingCount":4,"AvgSpeedKmh":25.5}},{"type":"Feature","geometry":{"type":"LineString","coordinates":[[-79.759739,43.721547],[-79.780244,43.73993]]},"properties":{"PingCount":3,"AvgSpeedKmh":41.3}},{"type":"Feature","geometry":{"type":"LineString","coordinates":[[-79.759739,43.721547],[-79.732393,43.752246]]},"properties":{"PingCount":1,"AvgSpeedKmh":34.8}},{"type":"Feature","geometry":{"type":"LineString","coordinates":[[-79.759739,43.721547],[-79.751057,43.752246]]},"properties":{"PingCount":1,"AvgSpeedKmh":48.2}},{"type":"Feature","geometry":{"type":"LineString","coordinates":[[-79.759739,43.721547],[-79.790772,43.751217]]},"properties":{"PingCount":6,"AvgSpeedKmh":79.3}},{"type":"Feature","geometry":{"type":"LineString","coordinates":[[-79.759739,43.721547],[-79.801877,43.756926]]},"properties":{"PingCount":7,"AvgSpeedKmh":77.0}},{"type":"Feature","geometry":{"type":"LineString","coordinates":[[-79.788385,43.725296],[-79.81397,43.725833]]},"properties":{"PingCount":11,"AvgSpeedKmh":21.1}},{"type":"Feature","geometry":{"type":"LineString","coordinates":[[-79.788385,43.725296],[-79.773666,43.734575]]},"properties":{"PingCount":5,"AvgSpeedKmh":34.8}},{"type":"Feature","geometry":{"type":"LineString","coordinates":[[-79.788385,43.725296],[-79.780244,43.73993]]},"properties":{"PingCount":3,"AvgSpeedKmh":21.1}},{"type":"Feature","geometry":{"type":"LineString","coordinates":[[-79.788385,43.725296],[-79.807049,43.738771]]},"properties":{"PingCount":4,"AvgSpeedKmh":31.5}},{"type":"Feature","geometry":{"type":"LineString","coordinates":[[-79.81397,43.725833],[-79.825713,43.725296]]},"properties":{"PingCount":7,"AvgSpeedKmh":24.7}},{"type":"Feature","geometry":{"type":"LineString","coordinates":[[-79.81397,43.725833],[-79.780244,43.73993]]},"properties":{"PingCount":1,"AvgSpeedKmh":38.8}},{"type":"Feature","geometry":{"type":"LineString","coordinates":[[-79.81397,43.725833],[-79.807049,43.738771]]},"properties":{"PingCount":3,"AvgSpeedKmh":27.1}},{"type":"Feature","geometry":{"type":"LineString","coordinates":[[-79.81397,43.725833],[-79.830899,43.738179]]},"properties":{"PingCount":41,"AvgSpeedKmh":34.9}},{"type":"Feature","geometry":{"type":"LineString","coordinates":[[-79.825713,43.725296],[-79.807049,43.738771]]},"properties":{"PingCount":10,"AvgSpeedKmh":35.1}},{"type":"Feature","geometry":{"type":"LineString","coordinates":[[-79.825713,43.725296],[-79.830899,43.738179]]},"properties":{"PingCount":21,"AvgSpeedKmh":19.9}},{"type":"Feature","geometry":{"type":"LineString","coordinates":[[-79.825713,43.725296],[-79.836562,43.742233]]},"properties":{"PingCount":1,"AvgSpeedKmh":39.5}},{"type":"Feature","geometry":{"type":"LineString","coordinates":[[-79.825713,43.725296],[-79.801877,43.756926]]},"properties":{"PingCount":3,"AvgSpeedKmh":41.7}},{"type":"Feature","geometry":{"type":"LineString","coordinates":[[-79.844377,43.725296],[-79.830899,43.738179]]},"properties":{"PingCount":1,"AvgSpeedKmh":30.6}},{"type":"Feature","geometry":{"type":"LineString","coordinates":[[-79.217297,43.738473],[-79.22463,43.732127]]},"properties":{"PingCount":23,"AvgSpeedKmh":20.4}},{"type":"Feature","geometry":{"type":"LineString","coordinates":[[-79.217297,43.738473],[-79.24713,43.738771]]},"properties":{"PingCount":3,"AvgSpeedKmh":33.8}},{"type":"Feature","geometry":{"type":"LineString","coordinates":[[-79.217297,43.738473],[-79.191138,43.752246]]},"properties":{"PingCount":8,"AvgSpeedKmh":36.8}},{"type":"Feature","geometry":{"type":"LineString","coordinates":[[-79.217297,43.738473],[-79.209047,43.746464]]},"properties":{"PingCount":27,"AvgSpeedKmh":28.4}},{"type":"Feature","geometry":{"type":"LineString","coordinates":[[-79.217297,43.738473],[-79.228466,43.752246]]},"properties":{"PingCount":3,"AvgSpeedKmh":33.5}},{"type":"Feature","geometry":{"type":"LineString","coordinates":[[-79.217297,43.738473],[-79.194678,43.761961]]},"properties":{"PingCount":4,"AvgSpeedKmh":48.4}},{"type":"Feature","geometry":{"type":"LineString","coordinates":[[-79.217297,43.738473],[-79.228466,43.76572]]},"properties":{"PingCount":1,"AvgSpeedKmh":38.9}},{"type":"Feature","geometry":{"type":"LineString","coordinates":[[-79.22463,43.732127],[-79.24713,43.738771]]},"properties":{"PingCount":51,"AvgSpeedKmh":21.9}},{"type":"Feature","geometry":{"type":"LineString","coordinates":[[-79.22463,43.732127],[-79.209047,43.746464]]},"properties":{"PingCount":17,"AvgSpeedKmh":31.1}},{"type":"Feature","geometry":{"type":"LineString","coordinates":[[-79.22463,43.732127],[-79.228466,43.752246]]},"properties":{"PingCount":10,"AvgSpeedKmh":22.2}},{"type":"Feature","geometry":{"type":"LineString","coordinates":[[-79.24713,43.738771],[-79.265794,43.738771]]},"properties":{"PingCount":17,"AvgSpeedKmh":21.3}},{"type":"Feature","geometry":{"type":"LineString","coordinates":[[-79.24713,43.738771],[-79.24713,43.752246]]},"properties":{"PingCount":25,"AvgSpeedKmh":30.6}},{"type":"Feature","geometry":{"type":"LineString","coordinates":[[-79.265794,43.738771],[-79.265794,43.752246]]},"properties":{"PingCount":9,"AvgSpeedKmh":28.1}},{"type":"Feature","geometry":{"type":"LineString","coordinates":[[-79.265794,43.738771],[-79.284458,43.752246]]},"properties":{"PingCount":4,"AvgSpeedKmh":33.1}},{"type":"Feature","geometry":{"type":"LineString","coordinates":[[-79.284458,43.738771],[-79.303122,43.738771]]},"properties":{"PingCount":8,"AvgSpeedKmh":21.0}},{"type":"Feature","geometry":{"type":"LineString","coordinates":[[-79.284458,43.738771],[-79.284458,43.752246]]},"properties":{"PingCount":2,"AvgSpeedKmh":24.2}},{"type":"Feature","geometry":{"type":"LineString","coordinates":[[-79.284458,43.738771],[-79.303122,43.752246]]},"properties":{"PingCount":23,"AvgSpeedKmh":28.6}},{"type":"Feature","geometry":{"type":"LineString","coordinates":[[-79.284458,43.738771],[-79.284458,43.76572]]},"properties":{"PingCount":1,"AvgSpeedKmh":40.4}},{"type":"Feature","geometry":{"type":"LineString","coordinates":[[-79.303122,43.738771],[-79.321786,43.738771]]},"properties":{"PingCount":22,"AvgSpeedKmh":15.9}},{"type":"Feature","geometry":{"type":"LineString","coordinates":[[-79.303122,43.738771],[-79.34045,43.738771]]},"properties":{"PingCount":3,"AvgSpeedKmh":37.4}},{"type":"Feature","geometry":{"type":"LineString","coordinates":[[-79.303122,43.738771],[-79.284458,43.752246]]},"properties":{"PingCount":3,"AvgSpeedKmh":22.8}},{"type":"Feature","geometry":{"type":"LineString","coordinates":[[-79.303122,43.738771],[-79.303122,43.752246]]},"properties":{"PingCount":27,"AvgSpeedKmh":22.6}},{"type":"Feature","geometry":{"type":"LineString","coordinates":[[-79.303122,43.738771],[-79.321786,43.752246]]},"properties":{"PingCount":29,"AvgSpeedKmh":28.9}},{"type":"Feature","geometry":{"type":"LineString","coordinates":[[-79.303122,43.738771],[-79.305308,43.769817]]},"properties":{"PingCount":5,"AvgSpeedKmh":35.1}},{"type":"Feature","geometry":{"type":"LineString","coordinates":[[-79.321786,43.738771],[-79.34045,43.738771]]},"properties":{"PingCount":14,"AvgSpeedKmh":21.8}},{"type":"Feature","geometry":{"type":"LineString","coordinates":[[-79.321786,43.738771],[-79.303122,43.752246]]},"properties":{"PingCount":1,"AvgSpeedKmh":4.6}},{"type":"Feature","geometry":{"type":"LineString","coordinates":[[-79.321786,43.738771],[-79.321786,43.752246]]},"properties":{"PingCount":11,"AvgSpeedKmh":8.4}},{"type":"Feature","geometry":{"type":"LineString","coordinates":[[-79.321786,43.738771],[-79.34045,43.752246]]},"properties":{"PingCount":7,"AvgSpeedKmh":23.7}},{"type":"Feature","geometry":{"type":"LineString","coordinates":[[-79.321786,43.738771],[-79.339915,43.767952]]},"properties":{"PingCount":2,"AvgSpeedKmh":58.7}},{"type":"Feature","geometry":{"type":"LineString","coordinates":[[-79.34045,43.738771],[-79.359114,43.738771]]},"properties":{"PingCount":16,"AvgSpeedKmh":19.7}},{"type":"Feature","geometry":{"type":"LineString","coordinates":[[-79.34045,43.738771],[-79.321786,43.752246]]},"properties":{"PingCount":1,"AvgSpeedKmh":7.2}},{"type":"Feature","geometry":{"type":"LineString","coordinates":[[-79.34045,43.738771],[-79.34045,43.752246]]},"properties":{"PingCount":85,"AvgSpeedKmh":33.4}},{"type":"Feature","geometry":{"type":"LineString","coordinates":[[-79.34045,43.738771],[-79.325742,43.768533]]},"properties":{"PingCount":20,"AvgSpeedKmh":58.2}},{"type":"Feature","geometry":{"type":"LineString","coordinates":[[-79.34045,43.738771],[-79.339915,43.767952]]},"properties":{"PingCount":103,"AvgSpeedKmh":56.8}},{"type":"Feature","geometry":{"type":"LineString","coordinates":[[-79.34045,43.738771],[-79.357583,43.766249]]},"properties":{"PingCount":1,"AvgSpeedKmh":64.5}},{"type":"Feature","geometry":{"type":"LineString","coordinates":[[-79.34045,43.738771],[-79.34129,43.783424]]},"properties":{"PingCount":6,"AvgSpeedKmh":81.0}},{"type":"Feature","geometry":{"type":"LineString","coordinates":[[-79.34045,43.738771],[-79.226445,43.788324]]},"properties":{"PingCount":1,"AvgSpeedKmh":9.4}},{"type":"Feature","geometry":{"type":"LineString","coordinates":[[-79.34045,43.738771],[-78.911179,43.940891]]},"properties":{"PingCount":2,"AvgSpeedKmh":40.2}},{"type":"Feature","geometry":{"type":"LineString","coordinates":[[-79.359114,43.738771],[-79.359114,43.752246]]},"properties":{"PingCount":11,"AvgSpeedKmh":19.3}},{"type":"Feature","geometry":{"type":"LineString","coordinates":[[-79.377778,43.738771],[-79.377778,43.752246]]},"properties":{"PingCount":10,"AvgSpeedKmh":35.8}},{"type":"Feature","geometry":{"type":"LineString","coordinates":[[-79.377778,43.738771],[-79.375822,43.765774]]},"properties":{"PingCount":3,"AvgSpeedKmh":49.6}},{"type":"Feature","geometry":{"type":"LineString","coordinates":[[-79.40462,43.734409],[-79.423512,43.742523]]},"properties":{"PingCount":5,"AvgSpeedKmh":24.6}},{"type":"Feature","geometry":{"type":"LineString","coordinates":[[-79.40462,43.734409],[-79.377778,43.752246]]},"properties":{"PingCount":1,"AvgSpeedKmh":33.7}},{"type":"Feature","geometry":{"type":"LineString","coordinates":[[-79.40462,43.734409],[-79.411637,43.751763]]},"properties":{"PingCount":2,"AvgSpeedKmh":36.3}},{"type":"Feature","geometry":{"type":"LineString","coordinates":[[-79.423512,43.742523],[-79.423512,43.742523]]},"properties":{"PingCount":61,"AvgSpeedKmh":25.7}},{"type":"Feature","geometry":{"type":"LineString","coordinates":[[-79.423512,43.742523],[-79.452434,43.738771]]},"properties":{"PingCount":2,"AvgSpeedKmh":49.2}},{"type":"Feature","geometry":{"type":"LineString","coordinates":[[-79.423512,43.742523],[-79.377778,43.752246]]},"properties":{"PingCount":1,"AvgSpeedKmh":58.8}},{"type":"Feature","geometry":{"type":"LineString","coordinates":[[-79.423512,43.742523],[-79.405172,43.755122]]},"properties":{"PingCount":34,"AvgSpeedKmh":40.0}},{"type":"Feature","geometry":{"type":"LineString","coordinates":[[-79.423512,43.742523],[-79.411637,43.751763]]},"properties":{"PingCount":72,"AvgSpeedKmh":26.2}},{"type":"Feature","geometry":{"type":"LineString","coordinates":[[-79.423512,43.742523],[-79.357583,43.766249]]},"properties":{"PingCount":2,"AvgSpeedKmh":94.8}},{"type":"Feature","geometry":{"type":"LineString","coordinates":[[-79.423512,43.742523],[-79.375822,43.765774]]},"properties":{"PingCount":78,"AvgSpeedKmh":83.6}},{"type":"Feature","geometry":{"type":"LineString","coordinates":[[-79.423512,43.742523],[-79.392547,43.762316]]},"properties":{"PingCount":56,"AvgSpeedKmh":60.1}},{"type":"Feature","geometry":{"type":"LineString","coordinates":[[-79.423512,43.742523],[-78.929843,43.940891]]},"properties":{"PingCount":1,"AvgSpeedKmh":44.9}},{"type":"Feature","geometry":{"type":"LineString","coordinates":[[-79.423512,43.742523],[-79.452434,43.738771]]},"properties":{"PingCount":6,"AvgSpeedKmh":40.2}},{"type":"Feature","geometry":{"type":"LineString","coordinates":[[-79.423512,43.742523],[-79.405172,43.755122]]},"properties":{"PingCount":74,"AvgSpeedKmh":67.0}},{"type":"Feature","geometry":{"type":"LineString","coordinates":[[-79.423512,43.742523],[-79.411637,43.751763]]},"properties":{"PingCount":174,"AvgSpeedKmh":41.8}},{"type":"Feature","geometry":{"type":"LineString","coordinates":[[-79.423512,43.742523],[-79.43377,43.752246]]},"properties":{"PingCount":9,"AvgSpeedKmh":28.4}},{"type":"Feature","geometry":{"type":"LineString","coordinates":[[-79.423512,43.742523],[-79.545753,43.752246]]},"properties":{"PingCount":1,"AvgSpeedKmh":8.8}},{"type":"Feature","geometry":{"type":"LineString","coordinates":[[-79.423512,43.742523],[-79.375822,43.765774]]},"properties":{"PingCount":55,"AvgSpeedKmh":92.3}},{"type":"Feature","geometry":{"type":"LineString","coordinates":[[-79.423512,43.742523],[-79.392547,43.762316]]},"properties":{"PingCount":150,"AvgSpeedKmh":83.1}},{"type":"Feature","geometry":{"type":"LineString","coordinates":[[-79.423512,43.742523],[-79.411019,43.761484]]},"properties":{"PingCount":1,"AvgSpeedKmh":63.1}},{"type":"Feature","geometry":{"type":"LineString","coordinates":[[-79.423512,43.742523],[-78.911179,43.940891]]},"properties":{"PingCount":1,"AvgSpeedKmh":47.9}},{"type":"Feature","geometry":{"type":"LineString","coordinates":[[-79.423512,43.742523],[-78.929843,43.940891]]},"properties":{"PingCount":1,"AvgSpeedKmh":46.4}},{"type":"Feature","geometry":{"type":"LineString","coordinates":[[-79.452434,43.738771],[-79.411637,43.751763]]},"properties":{"PingCount":2,"AvgSpeedKmh":58.4}},{"type":"Feature","geometry":{"type":"LineString","coordinates":[[-79.452434,43.738771],[-79.471098,43.752246]]},"properties":{"PingCount":10,"AvgSpeedKmh":38.8}},{"type":"Feature","geometry":{"type":"LineString","coordinates":[[-79.452434,43.738771],[-79.471098,43.76572]]},"properties":{"PingCount":1,"AvgSpeedKmh":45.0}},{"type":"Feature","geometry":{"type":"LineString","coordinates":[[-79.452434,43.738771],[-78.929843,43.940891]]},"properties":{"PingCount":1,"AvgSpeedKmh":48.4}},{"type":"Feature","geometry":{"type":"LineString","coordinates":[[-79.489762,43.738771],[-79.489762,43.752246]]},"properties":{"PingCount":3,"AvgSpeedKmh":17.2}},{"type":"Feature","geometry":{"type":"LineString","coordinates":[[-79.52709,43.738771],[-79.530861,43.755853]]},"properties":{"PingCount":16,"AvgSpeedKmh":32.9}},{"type":"Feature","geometry":{"type":"LineString","coordinates":[[-79.52709,43.738771],[-79.545753,43.752246]]},"properties":{"PingCount":7,"AvgSpeedKmh":35.4}},{"type":"Feature","geometry":{"type":"LineString","coordinates":[[-79.52709,43.738771],[-79.533992,43.767986]]},"properties":{"PingCount":3,"AvgSpeedKmh":75.2}},{"type":"Feature","geometry":{"type":"LineString","coordinates":[[-79.52709,43.738771],[-79.535178,43.773025]]},"properties":{"PingCount":8,"AvgSpeedKmh":89.7}},{"type":"Feature","geometry":{"type":"LineString","coordinates":[[-79.52709,43.738771],[-79.536869,43.781795]]},"properties":{"PingCount":21,"AvgSpeedKmh":93.7}},{"type":"Feature","geometry":{"type":"LineString","coordinates":[[-79.52709,43.738771],[-79.55595,43.787627]]},"properties":{"PingCount":1,"AvgSpeedKmh":98.6}},{"type":"Feature","geometry":{"type":"LineString","coordinates":[[-79.545753,43.738771],[-79.545753,43.752246]]},"properties":{"PingCount":1,"AvgSpeedKmh":33.1}},{"type":"Feature","geometry":{"type":"LineString","coordinates":[[-79.564417,43.738771],[-79.583081,43.738771]]},"properties":{"PingCount":2,"AvgSpeedKmh":27.9}},{"type":"Feature","geometry":{"type":"LineString","coordinates":[[-79.564417,43.738771],[-79.564417,43.752246]]},"properties":{"PingCount":1,"AvgSpeedKmh":22.5}},{"type":"Feature","geometry":{"type":"LineString","coordinates":[[-79.583081,43.738771],[-79.605435,43.739103]]},"properties":{"PingCount":3,"AvgSpeedKmh":20.9}},{"type":"Feature","geometry":{"type":"LineString","coordinates":[[-79.583081,43.738771],[-79.628742,43.740041]]},"properties":{"PingCount":1,"AvgSpeedKmh":42.1}},{"type":"Feature","geometry":{"type":"LineString","coordinates":[[-79.583081,43.738771],[-79.564417,43.752246]]},"properties":{"PingCount":1,"AvgSpeedKmh":32.3}},{"type":"Feature","geometry":{"type":"LineString","coordinates":[[-79.583081,43.738771],[-79.583081,43.752246]]},"properties":{"PingCount":1,"AvgSpeedKmh":23.2}},{"type":"Feature","geometry":{"type":"LineString","coordinates":[[-79.583081,43.738771],[-79.610437,43.74971]]},"properties":{"PingCount":1,"AvgSpeedKmh":36.3}},{"type":"Feature","geometry":{"type":"LineString","coordinates":[[-79.605435,43.739103],[-79.628742,43.740041]]},"properties":{"PingCount":10,"AvgSpeedKmh":21.4}},{"type":"Feature","geometry":{"type":"LineString","coordinates":[[-79.605435,43.739103],[-79.610437,43.74971]]},"properties":{"PingCount":2,"AvgSpeedKmh":23.3}},{"type":"Feature","geometry":{"type":"LineString","coordinates":[[-79.605435,43.739103],[-79.614236,43.755473]]},"properties":{"PingCount":5,"AvgSpeedKmh":28.5}},{"type":"Feature","geometry":{"type":"LineString","coordinates":[[-79.605435,43.739103],[-79.629926,43.745677]]},"properties":{"PingCount":1,"AvgSpeedKmh":40.8}},{"type":"Feature","geometry":{"type":"LineString","coordinates":[[-79.628742,43.740041],[-79.629926,43.745677]]},"properties":{"PingCount":411,"AvgSpeedKmh":28.7}},{"type":"Feature","geometry":{"type":"LineString","coordinates":[[-79.628742,43.740041],[-79.657737,43.738771]]},"properties":{"PingCount":54,"AvgSpeedKmh":38.1}},{"type":"Feature","geometry":{"type":"LineString","coordinates":[[-79.628742,43.740041],[-79.614236,43.755473]]},"properties":{"PingCount":19,"AvgSpeedKmh":26.2}},{"type":"Feature","geometry":{"type":"LineString","coordinates":[[-79.628742,43.740041],[-79.629926,43.745677]]},"properties":{"PingCount":53,"AvgSpeedKmh":35.7}},{"type":"Feature","geometry":{"type":"LineString","coordinates":[[-79.628742,43.740041],[-79.583081,43.76572]]},"properties":{"PingCount":1,"AvgSpeedKmh":84.6}},{"type":"Feature","geometry":{"type":"LineString","coordinates":[[-79.628742,43.740041],[-79.601745,43.76572]]},"properties":{"PingCount":1,"AvgSpeedKmh":77.6}},{"type":"Feature","geometry":{"type":"LineString","coordinates":[[-79.628742,43.740041],[-79.621509,43.77303]]},"properties":{"PingCount":2,"AvgSpeedKmh":63.1}},{"type":"Feature","geometry":{"type":"LineString","coordinates":[[-79.628742,43.740041],[-79.632959,43.760602]]},"properties":{"PingCount":131,"AvgSpeedKmh":72.4}},{"type":"Feature","geometry":{"type":"LineString","coordinates":[[-79.628742,43.740041],[-79.63578,43.776004]]},"properties":{"PingCount":289,"AvgSpeedKmh":92.8}},{"type":"Feature","geometry":{"type":"LineString","coordinates":[[-79.628742,43.740041],[-79.639073,43.79267]]},"properties":{"PingCount":62,"AvgSpeedKmh":100.2}},{"type":"Feature","geometry":{"type":"LineString","coordinates":[[-79.628742,43.740041],[-79.657737,43.806144]]},"properties":{"PingCount":1,"AvgSpeedKmh":89.3}},{"type":"Feature","geometry":{"type":"LineString","coordinates":[[-79.629926,43.745677],[-79.657737,43.738771]]},"properties":{"PingCount":895,"AvgSpeedKmh":28.3}},{"type":"Feature","geometry":{"type":"LineString","coordinates":[[-79.629926,43.745677],[-79.676401,43.738771]]},"properties":{"PingCount":36,"AvgSpeedKmh":36.8}},{"type":"Feature","geometry":{"type":"LineString","coordinates":[[-79.629926,43.745677],[-79.610437,43.74971]]},"properties":{"PingCount":1,"AvgSpeedKmh":66.0}},{"type":"Feature","geometry":{"type":"LineString","coordinates":[[-79.629926,43.745677],[-79.614236,43.755473]]},"properties":{"PingCount":36,"AvgSpeedKmh":39.3}},{"type":"Feature","geometry":{"type":"LineString","coordinates":[[-79.629926,43.745677],[-79.629926,43.745677]]},"properties":{"PingCount":195,"AvgSpeedKmh":32.6}},{"type":"Feature","geometry":{"type":"LineString","coordinates":[[-79.629926,43.745677],[-79.684552,43.753109]]},"properties":{"PingCount":1,"AvgSpeedKmh":21.8}},{"type":"Feature","geometry":{"type":"LineString","coordinates":[[-79.629926,43.745677],[-79.601745,43.76572]]},"properties":{"PingCount":4,"AvgSpeedKmh":93.7}},{"type":"Feature","geometry":{"type":"LineString","coordinates":[[-79.629926,43.745677],[-79.632959,43.760602]]},"properties":{"PingCount":75,"AvgSpeedKmh":56.7}},{"type":"Feature","geometry":{"type":"LineString","coordinates":[[-79.629926,43.745677],[-79.648923,43.76697]]},"properties":{"PingCount":3,"AvgSpeedKmh":55.4}},{"type":"Feature","geometry":{"type":"LineString","coordinates":[[-79.629926,43.745677],[-79.63578,43.776004]]},"properties":{"PingCount":8,"AvgSpeedKmh":85.8}},{"type":"Feature","geometry":{"type":"LineString","coordinates":[[-79.629926,43.745677],[-79.639073,43.79267]]},"properties":{"PingCount":6,"AvgSpeedKmh":101.2}},{"type":"Feature","geometry":{"type":"LineString","coordinates":[[-79.629926,43.745677],[-79.639073,43.806144]]},"properties":{"PingCount":1,"AvgSpeedKmh":35.1}},{"type":"Feature","geometry":{"type":"LineString","coordinates":[[-79.657737,43.738771],[-79.676401,43.738771]]},"properties":{"PingCount":926,"AvgSpeedKmh":21.3}},{"type":"Feature","geometry":{"type":"LineString","coordinates":[[-79.657737,43.738771],[-79.693437,43.745486]]},"properties":{"PingCount":6,"AvgSpeedKmh":34.7}},{"type":"Feature","geometry":{"type":"LineString","coordinates":[[-79.657737,43.738771],[-79.614236,43.755473]]},"properties":{"PingCount":23,"AvgSpeedKmh":76.9}},{"type":"Feature","geometry":{"type":"LineString","coordinates":[[-79.657737,43.738771],[-79.629926,43.745677]]},"properties":{"PingCount":230,"AvgSpeedKmh":40.3}},{"type":"Feature","geometry":{"type":"LineString","coordinates":[[-79.657737,43.738771],[-79.684552,43.753109]]},"properties":{"PingCount":1003,"AvgSpeedKmh":33.7}},{"type":"Feature","geometry":{"type":"LineString","coordinates":[[-79.657737,43.738771],[-79.687579,43.750435]]},"properties":{"PingCount":2,"AvgSpeedKmh":45.2}},{"type":"Feature","geometry":{"type":"LineString","coordinates":[[-79.657737,43.738771],[-79.357583,43.766249]]},"properties":{"PingCount":1,"AvgSpeedKmh":23.6}},{"type":"Feature","geometry":{"type":"LineString","coordinates":[[-79.657737,43.738771],[-79.601745,43.76572]]},"properties":{"PingCount":14,"AvgSpeedKmh":92.1}},{"type":"Feature","geometry":{"type":"LineString","coordinates":[[-79.657737,43.738771],[-79.621509,43.77303]]},"properties":{"PingCount":4,"AvgSpeedKmh":93.2}},{"type":"Feature","geometry":{"type":"LineString","coordinates":[[-79.657737,43.738771],[-79.632959,43.760602]]},"properties":{"PingCount":9,"AvgSpeedKmh":50.3}},{"type":"Feature","geometry":{"type":"LineString","coordinates":[[-79.657737,43.738771],[-79.672991,43.761642]]},"properties":{"PingCount":1,"AvgSpeedKmh":48.1}},{"type":"Feature","geometry":{"type":"LineString","coordinates":[[-79.657737,43.738771],[-78.985835,43.886992]]},"properties":{"PingCount":1,"AvgSpeedKmh":56.8}},{"type":"Feature","geometry":{"type":"LineString","coordinates":[[-79.676401,43.738771],[-79.693437,43.745486]]},"properties":{"PingCount":595,"AvgSpeedKmh":12.6}},{"type":"Feature","geometry":{"type":"LineString","coordinates":[[-79.676401,43.738771],[-79.614236,43.755473]]},"properties":{"PingCount":2,"AvgSpeedKmh":94.7}},{"type":"Feature","geometry":{"type":"LineString","coordinates":[[-79.676401,43.738771],[-79.629926,43.745677]]},"properties":{"PingCount":6,"AvgSpeedKmh":49.0}},{"type":"Feature","geometry":{"type":"LineString","coordinates":[[-79.676401,43.738771],[-79.684552,43.753109]]},"properties":{"PingCount":1480,"AvgSpeedKmh":28.7}},{"type":"Feature","geometry":{"type":"LineString","coordinates":[[-79.676401,43.738771],[-79.687579,43.750435]]},"properties":{"PingCount":74,"AvgSpeedKmh":27.7}},{"type":"Feature","geometry":{"type":"LineString","coordinates":[[-79.676401,43.738771],[-79.713729,43.752246]]},"properties":{"PingCount":3,"AvgSpeedKmh":53.4}},{"type":"Feature","geometry":{"type":"LineString","coordinates":[[-79.676401,43.738771],[-79.632959,43.760602]]},"properties":{"PingCount":1,"AvgSpeedKmh":32.8}},{"type":"Feature","geometry":{"type":"LineString","coordinates":[[-79.676401,43.738771],[-79.648923,43.76697]]},"properties":{"PingCount":4,"AvgSpeedKmh":43.1}},{"type":"Feature","geometry":{"type":"LineString","coordinates":[[-79.676401,43.738771],[-79.672991,43.761642]]},"properties":{"PingCount":47,"AvgSpeedKmh":39.0}},{"type":"Feature","geometry":{"type":"LineString","coordinates":[[-79.676401,43.738771],[-79.676401,43.819619]]},"properties":{"PingCount":1,"AvgSpeedKmh":19.5}},{"type":"Feature","geometry":{"type":"LineString","coordinates":[[-79.693437,43.745486],[-79.706687,43.734054]]},"properties":{"PingCount":242,"AvgSpeedKmh":13.6}},{"type":"Feature","geometry":{"type":"LineString","coordinates":[[-79.693437,43.745486],[-79.684552,43.753109]]},"properties":{"PingCount":395,"AvgSpeedKmh":30.1}},{"type":"Feature","geometry":{"type":"LineString","coordinates":[[-79.693437,43.745486],[-79.687579,43.750435]]},"properties":{"PingCount":451,"AvgSpeedKmh":18.6}},{"type":"Feature","geometry":{"type":"LineString","coordinates":[[-79.693437,43.745486],[-79.713729,43.752246]]},"properties":{"PingCount":56,"AvgSpeedKmh":23.7}},{"type":"Feature","geometry":{"type":"LineString","coordinates":[[-79.693437,43.745486],[-79.648923,43.76697]]},"properties":{"PingCount":5,"AvgSpeedKmh":55.2}},{"type":"Feature","geometry":{"type":"LineString","coordinates":[[-79.693437,43.745486],[-79.672991,43.761642]]},"properties":{"PingCount":26,"AvgSpeedKmh":53.4}},{"type":"Feature","geometry":{"type":"LineString","coordinates":[[-79.693437,43.745486],[-79.713729,43.76572]]},"properties":{"PingCount":2,"AvgSpeedKmh":39.1}},{"type":"Feature","geometry":{"type":"LineString","coordinates":[[-79.706687,43.734054],[-79.684552,43.753109]]},"properties":{"PingCount":7,"AvgSpeedKmh":47.4}},{"type":"Feature","geometry":{"type":"LineString","coordinates":[[-79.706687,43.734054],[-79.687579,43.750435]]},"properties":{"PingCount":24,"AvgSpeedKmh":31.6}},{"type":"Feature","geometry":{"type":"LineString","coordinates":[[-79.706687,43.734054],[-79.713729,43.752246]]},"properties":{"PingCount":33,"AvgSpeedKmh":14.5}},{"type":"Feature","geometry":{"type":"LineString","coordinates":[[-79.706687,43.734054],[-79.732393,43.752246]]},"properties":{"PingCount":8,"AvgSpeedKmh":30.9}},{"type":"Feature","geometry":{"type":"LineString","coordinates":[[-79.706687,43.734054],[-79.732393,43.76572]]},"properties":{"PingCount":2,"AvgSpeedKmh":27.3}},{"type":"Feature","geometry":{"type":"LineString","coordinates":[[-79.751057,43.738771],[-79.773666,43.734575]]},"properties":{"PingCount":4,"AvgSpeedKmh":29.1}},{"type":"Feature","geometry":{"type":"LineString","coordinates":[[-79.751057,43.738771],[-79.713729,43.752246]]},"properties":{"PingCount":1,"AvgSpeedKmh":31.3}},{"type":"Feature","geometry":{"type":"LineString","coordinates":[[-79.751057,43.738771],[-79.732393,43.752246]]},"properties":{"PingCount":25,"AvgSpeedKmh":32.5}},{"type":"Feature","geometry":{"type":"LineString","coordinates":[[-79.751057,43.738771],[-79.751057,43.752246]]},"properties":{"PingCount":5,"AvgSpeedKmh":26.0}},{"type":"Feature","geometry":{"type":"LineString","coordinates":[[-79.751057,43.738771],[-79.769721,43.752246]]},"properties":{"PingCount":1,"AvgSpeedKmh":29.0}},{"type":"Feature","geometry":{"type":"LineString","coordinates":[[-79.751057,43.738771],[-79.713729,43.76572]]},"properties":{"PingCount":1,"AvgSpeedKmh":36.2}},{"type":"Feature","geometry":{"type":"LineString","coordinates":[[-79.751057,43.738771],[-79.732393,43.76572]]},"properties":{"PingCount":7,"AvgSpeedKmh":39.4}},{"type":"Feature","geometry":{"type":"LineString","coordinates":[[-79.773666,43.734575],[-79.780244,43.73993]]},"properties":{"PingCount":6,"AvgSpeedKmh":17.1}},{"type":"Feature","geometry":{"type":"LineString","coordinates":[[-79.773666,43.734575],[-79.751057,43.752246]]},"properties":{"PingCount":1,"AvgSpeedKmh":38.9}},{"type":"Feature","geometry":{"type":"LineString","coordinates":[[-79.773666,43.734575],[-79.769721,43.752246]]},"properties":{"PingCount":1,"AvgSpeedKmh":17.8}},{"type":"Feature","geometry":{"type":"LineString","coordinates":[[-79.773666,43.734575],[-79.790772,43.751217]]},"properties":{"PingCount":7,"AvgSpeedKmh":54.7}},{"type":"Feature","geometry":{"type":"LineString","coordinates":[[-79.773666,43.734575],[-79.801877,43.756926]]},"properties":{"PingCount":7,"AvgSpeedKmh":65.9}},{"type":"Feature","geometry":{"type":"LineString","coordinates":[[-79.773666,43.734575],[-79.825713,43.752246]]},"properties":{"PingCount":1,"AvgSpeedKmh":71.5}},{"type":"Feature","geometry":{"type":"LineString","coordinates":[[-79.780244,43.73993],[-79.790772,43.751217]]},"properties":{"PingCount":3,"AvgSpeedKmh":35.5}},{"type":"Feature","geometry":{"type":"LineString","coordinates":[[-79.780244,43.73993],[-79.801877,43.756926]]},"properties":{"PingCount":2,"AvgSpeedKmh":53.0}},{"type":"Feature","geometry":{"type":"LineString","coordinates":[[-79.780244,43.73993],[-79.825713,43.752246]]},"properties":{"PingCount":1,"AvgSpeedKmh":64.2}},{"type":"Feature","geometry":{"type":"LineString","coordinates":[[-79.780244,43.73993],[-79.788385,43.76572]]},"properties":{"PingCount":4,"AvgSpeedKmh":44.2}},{"type":"Feature","geometry":{"type":"LineString","coordinates":[[-79.807049,43.738771],[-79.830899,43.738179]]},"properties":{"PingCount":15,"AvgSpeedKmh":27.6}},{"type":"Feature","geometry":{"type":"LineString","coordinates":[[-79.807049,43.738771],[-79.790772,43.751217]]},"properties":{"PingCount":6,"AvgSpeedKmh":41.3}},{"type":"Feature","geometry":{"type":"LineString","coordinates":[[-79.807049,43.738771],[-79.801877,43.756926]]},"properties":{"PingCount":9,"AvgSpeedKmh":38.4}},{"type":"Feature","geometry":{"type":"LineString","coordinates":[[-79.807049,43.738771],[-79.825713,43.752246]]},"properties":{"PingCount":2,"AvgSpeedKmh":19.0}},{"type":"Feature","geometry":{"type":"LineString","coordinates":[[-79.807049,43.738771],[-79.788385,43.76572]]},"properties":{"PingCount":11,"AvgSpeedKmh":50.2}},{"type":"Feature","geometry":{"type":"LineString","coordinates":[[-79.830899,43.738179],[-79.790772,43.751217]]},"properties":{"PingCount":8,"AvgSpeedKmh":58.7}},{"type":"Feature","geometry":{"type":"LineString","coordinates":[[-79.830899,43.738179],[-79.801877,43.756926]]},"properties":{"PingCount":48,"AvgSpeedKmh":46.4}},{"type":"Feature","geometry":{"type":"LineString","coordinates":[[-79.830899,43.738179],[-79.825713,43.752246]]},"properties":{"PingCount":1,"AvgSpeedKmh":29.0}},{"type":"Feature","geometry":{"type":"LineString","coordinates":[[-79.830899,43.738179],[-79.851587,43.753577]]},"properties":{"PingCount":4,"AvgSpeedKmh":52.3}},{"type":"Feature","geometry":{"type":"LineString","coordinates":[[-79.830899,43.738179],[-79.863041,43.752246]]},"properties":{"PingCount":2,"AvgSpeedKmh":64.7}},{"type":"Feature","geometry":{"type":"LineString","coordinates":[[-79.830899,43.738179],[-79.788385,43.76572]]},"properties":{"PingCount":3,"AvgSpeedKmh":54.6}},{"type":"Feature","geometry":{"type":"LineString","coordinates":[[-79.836562,43.742233],[-79.863041,43.76572]]},"properties":{"PingCount":1,"AvgSpeedKmh":79.3}},{"type":"Feature","geometry":{"type":"LineString","coordinates":[[-79.191138,43.752246],[-79.209047,43.746464]]},"properties":{"PingCount":2,"AvgSpeedKmh":33.2}},{"type":"Feature","geometry":{"type":"LineString","coordinates":[[-79.191138,43.752246],[-79.194678,43.761961]]},"properties":{"PingCount":10,"AvgSpeedKmh":24.2}},{"type":"Feature","geometry":{"type":"LineString","coordinates":[[-79.209047,43.746464],[-79.228466,43.752246]]},"properties":{"PingCount":1,"AvgSpeedKmh":23.7}},{"type":"Feature","geometry":{"type":"LineString","coordinates":[[-79.209047,43.746464],[-79.194678,43.761961]]},"properties":{"PingCount":42,"AvgSpeedKmh":35.8}},{"type":"Feature","geometry":{"type":"LineString","coordinates":[[-79.209047,43.746464],[-79.183815,43.773786]]},"properties":{"PingCount":1,"AvgSpeedKmh":47.7}},{"type":"Feature","geometry":{"type":"LineString","coordinates":[[-79.209047,43.746464],[-78.929843,43.940891]]},"properties":{"PingCount":1,"AvgSpeedKmh":31.6}},{"type":"Feature","geometry":{"type":"LineString","coordinates":[[-79.228466,43.752246],[-79.24713,43.752246]]},"properties":{"PingCount":43,"AvgSpeedKmh":15.2}},{"type":"Feature","geometry":{"type":"LineString","coordinates":[[-79.228466,43.752246],[-79.265794,43.752246]]},"properties":{"PingCount":3,"AvgSpeedKmh":39.6}},{"type":"Feature","geometry":{"type":"LineString","coordinates":[[-79.228466,43.752246],[-79.209802,43.76572]]},"properties":{"PingCount":2,"AvgSpeedKmh":31.8}},{"type":"Feature","geometry":{"type":"LineString","coordinates":[[-79.228466,43.752246],[-79.228466,43.76572]]},"properties":{"PingCount":41,"AvgSpeedKmh":15.9}},{"type":"Feature","geometry":{"type":"LineString","coordinates":[[-79.228466,43.752246],[-79.24713,43.76572]]},"properties":{"PingCount":3,"AvgSpeedKmh":23.2}},{"type":"Feature","geometry":{"type":"LineString","coordinates":[[-79.228466,43.752246],[-79.235159,43.785097]]},"properties":{"PingCount":2,"AvgSpeedKmh":36.7}},{"type":"Feature","geometry":{"type":"LineString","coordinates":[[-79.24713,43.752246],[-79.265794,43.752246]]},"properties":{"PingCount":38,"AvgSpeedKmh":19.6}},{"type":"Feature","geometry":{"type":"LineString","coordinates":[[-79.24713,43.752246],[-79.284458,43.752246]]},"properties":{"PingCount":2,"AvgSpeedKmh":41.2}},{"type":"Feature","geometry":{"type":"LineString","coordinates":[[-79.24713,43.752246],[-79.228466,43.76572]]},"properties":{"PingCount":8,"AvgSpeedKmh":23.1}},{"type":"Feature","geometry":{"type":"LineString","coordinates":[[-79.24713,43.752246],[-79.24713,43.76572]]},"properties":{"PingCount":51,"AvgSpeedKmh":17.8}},{"type":"Feature","geometry":{"type":"LineString","coordinates":[[-79.24713,43.752246],[-79.265794,43.76572]]},"properties":{"PingCount":2,"AvgSpeedKmh":32.1}},{"type":"Feature","geometry":{"type":"LineString","coordinates":[[-79.24713,43.752246],[-79.25767,43.780909]]},"properties":{"PingCount":5,"AvgSpeedKmh":35.0}},{"type":"Feature","geometry":{"type":"LineString","coordinates":[[-79.265794,43.752246],[-79.284458,43.752246]]},"properties":{"PingCount":8,"AvgSpeedKmh":22.7}},{"type":"Feature","geometry":{"type":"LineString","coordinates":[[-79.265794,43.752246],[-79.265794,43.76572]]},"properties":{"PingCount":12,"AvgSpeedKmh":26.9}},{"type":"Feature","geometry":{"type":"LineString","coordinates":[[-79.265794,43.752246],[-79.284458,43.76572]]},"properties":{"PingCount":4,"AvgSpeedKmh":31.4}},{"type":"Feature","geometry":{"type":"LineString","coordinates":[[-79.284458,43.752246],[-79.303122,43.752246]]},"properties":{"PingCount":17,"AvgSpeedKmh":6.7}},{"type":"Feature","geometry":{"type":"LineString","coordinates":[[-79.284458,43.752246],[-79.265794,43.76572]]},"properties":{"PingCount":1,"AvgSpeedKmh":23.6}},{"type":"Feature","geometry":{"type":"LineString","coordinates":[[-79.284458,43.752246],[-79.284458,43.76572]]},"properties":{"PingCount":13,"AvgSpeedKmh":29.6}},{"type":"Feature","geometry":{"type":"LineString","coordinates":[[-79.303122,43.752246],[-79.321786,43.752246]]},"properties":{"PingCount":32,"AvgSpeedKmh":10.5}},{"type":"Feature","geometry":{"type":"LineString","coordinates":[[-79.303122,43.752246],[-79.284458,43.76572]]},"properties":{"PingCount":4,"AvgSpeedKmh":22.5}},{"type":"Feature","geometry":{"type":"LineString","coordinates":[[-79.303122,43.752246],[-79.305308,43.769817]]},"properties":{"PingCount":51,"AvgSpeedKmh":20.5}},{"type":"Feature","geometry":{"type":"LineString","coordinates":[[-79.303122,43.752246],[-79.325742,43.768533]]},"properties":{"PingCount":5,"AvgSpeedKmh":23.0}},{"type":"Feature","geometry":{"type":"LineString","coordinates":[[-79.303122,43.752246],[-78.911179,43.940891]]},"properties":{"PingCount":1,"AvgSpeedKmh":37.7}},{"type":"Feature","geometry":{"type":"LineString","coordinates":[[-79.321786,43.752246],[-79.34045,43.752246]]},"properties":{"PingCount":6,"AvgSpeedKmh":18.6}},{"type":"Feature","geometry":{"type":"LineString","coordinates":[[-79.321786,43.752246],[-79.284458,43.76572]]},"properties":{"PingCount":1,"AvgSpeedKmh":40.3}},{"type":"Feature","geometry":{"type":"LineString","coordinates":[[-79.321786,43.752246],[-79.305308,43.769817]]},"properties":{"PingCount":14,"AvgSpeedKmh":25.4}},{"type":"Feature","geometry":{"type":"LineString","coordinates":[[-79.321786,43.752246],[-79.325742,43.768533]]},"properties":{"PingCount":43,"AvgSpeedKmh":19.9}},{"type":"Feature","geometry":{"type":"LineString","coordinates":[[-79.321786,43.752246],[-79.339915,43.767952]]},"properties":{"PingCount":4,"AvgSpeedKmh":25.0}},{"type":"Feature","geometry":{"type":"LineString","coordinates":[[-79.321786,43.752246],[-79.442632,43.894868]]},"properties":{"PingCount":1,"AvgSpeedKmh":18.5}},{"type":"Feature","geometry":{"type":"LineString","coordinates":[[-79.34045,43.752246],[-79.359114,43.752246]]},"properties":{"PingCount":13,"AvgSpeedKmh":22.9}},{"type":"Feature","geometry":{"type":"LineString","coordinates":[[-79.34045,43.752246],[-79.305308,43.769817]]},"properties":{"PingCount":40,"AvgSpeedKmh":56.6}},{"type":"Feature","geometry":{"type":"LineString","coordinates":[[-79.34045,43.752246],[-79.325742,43.768533]]},"properties":{"PingCount":48,"AvgSpeedKmh":42.9}},{"type":"Feature","geometry":{"type":"LineString","coordinates":[[-79.34045,43.752246],[-79.339915,43.767952]]},"properties":{"PingCount":71,"AvgSpeedKmh":28.0}},{"type":"Feature","geometry":{"type":"LineString","coordinates":[[-79.34045,43.752246],[-79.357583,43.766249]]},"properties":{"PingCount":6,"AvgSpeedKmh":49.3}},{"type":"Feature","geometry":{"type":"LineString","coordinates":[[-79.34045,43.752246],[-79.269697,43.777893]]},"properties":{"PingCount":1,"AvgSpeedKmh":65.7}},{"type":"Feature","geometry":{"type":"LineString","coordinates":[[-79.34045,43.752246],[-79.34129,43.783424]]},"properties":{"PingCount":15,"AvgSpeedKmh":56.8}},{"type":"Feature","geometry":{"type":"LineString","coordinates":[[-79.34045,43.752246],[-79.342547,43.789564]]},"properties":{"PingCount":2,"AvgSpeedKmh":77.2}},{"type":"Feature","geometry":{"type":"LineString","coordinates":[[-79.34045,43.752246],[-78.911179,43.940891]]},"properties":{"PingCount":2,"AvgSpeedKmh":39.4}},{"type":"Feature","geometry":{"type":"LineString","coordinates":[[-79.34045,43.752246],[-78.929843,43.940891]]},"properties":{"PingCount":2,"AvgSpeedKmh":53.1}},{"type":"Feature","geometry":{"type":"LineString","coordinates":[[-79.359114,43.752246],[-79.377778,43.752246]]},"properties":{"PingCount":3,"AvgSpeedKmh":32.2}},{"type":"Feature","geometry":{"type":"LineString","coordinates":[[-79.359114,43.752246],[-79.339915,43.767952]]},"properties":{"PingCount":2,"AvgSpeedKmh":27.4}},{"type":"Feature","geometry":{"type":"LineString","coordinates":[[-79.359114,43.752246],[-79.357583,43.766249]]},"properties":{"PingCount":16,"AvgSpeedKmh":24.1}},{"type":"Feature","geometry":{"type":"LineString","coordinates":[[-79.359114,43.752246],[-79.375822,43.765774]]},"properties":{"PingCount":1,"AvgSpeedKmh":24.5}},{"type":"Feature","geometry":{"type":"LineString","coordinates":[[-79.377778,43.752246],[-79.405172,43.755122]]},"properties":{"PingCount":1,"AvgSpeedKmh":33.1}},{"type":"Feature","geometry":{"type":"LineString","coordinates":[[-79.377778,43.752246],[-79.411637,43.751763]]},"properties":{"PingCount":1,"AvgSpeedKmh":46.8}},{"type":"Feature","geometry":{"type":"LineString","coordinates":[[-79.377778,43.752246],[-79.375822,43.765774]]},"properties":{"PingCount":4,"AvgSpeedKmh":28.3}},{"type":"Feature","geometry":{"type":"LineString","coordinates":[[-79.377778,43.752246],[-79.392547,43.762316]]},"properties":{"PingCount":4,"AvgSpeedKmh":28.2}},{"type":"Feature","geometry":{"type":"LineString","coordinates":[[-79.377778,43.752246],[-79.396442,43.779195]]},"properties":{"PingCount":1,"AvgSpeedKmh":51.1}},{"type":"Feature","geometry":{"type":"LineString","coordinates":[[-79.405172,43.755122],[-79.411637,43.751763]]},"properties":{"PingCount":78,"AvgSpeedKmh":23.5}},{"type":"Feature","geometry":{"type":"LineString","coordinates":[[-79.405172,43.755122],[-79.545753,43.752246]]},"properties":{"PingCount":1,"AvgSpeedKmh":6.8}},{"type":"Feature","geometry":{"type":"LineString","coordinates":[[-79.405172,43.755122],[-79.339915,43.767952]]},"properties":{"PingCount":30,"AvgSpeedKmh":91.8}},{"type":"Feature","geometry":{"type":"LineString","coordinates":[[-79.405172,43.755122],[-79.357583,43.766249]]},"properties":{"PingCount":63,"AvgSpeedKmh":70.3}},{"type":"Feature","geometry":{"type":"LineString","coordinates":[[-79.405172,43.755122],[-79.375822,43.765774]]},"properties":{"PingCount":86,"AvgSpeedKmh":44.9}},{"type":"Feature","geometry":{"type":"LineString","coordinates":[[-79.405172,43.755122],[-79.392547,43.762316]]},"properties":{"PingCount":70,"AvgSpeedKmh":18.8}},{"type":"Feature","geometry":{"type":"LineString","coordinates":[[-79.405172,43.755122],[-79.411019,43.761484]]},"properties":{"PingCount":4,"AvgSpeedKmh":16.3}},{"type":"Feature","geometry":{"type":"LineString","coordinates":[[-79.405172,43.755122],[-79.004499,43.927416]]},"properties":{"PingCount":1,"AvgSpeedKmh":37.7}},{"type":"Feature","geometry":{"type":"LineString","coordinates":[[-79.405172,43.755122],[-78.911179,43.940891]]},"properties":{"PingCount":1,"AvgSpeedKmh":44.1}},{"type":"Feature","geometry":{"type":"LineString","coordinates":[[-79.405172,43.755122],[-78.929843,43.940891]]},"properties":{"PingCount":1,"AvgSpeedKmh":44.3}},{"type":"Feature","geometry":{"type":"LineString","coordinates":[[-79.411637,43.751763],[-79.43377,43.752246]]},"properties":{"PingCount":1,"AvgSpeedKmh":25.6}},{"type":"Feature","geometry":{"type":"LineString","coordinates":[[-79.411637,43.751763],[-79.305308,43.769817]]},"properties":{"PingCount":1,"AvgSpeedKmh":89.0}},{"type":"Feature","geometry":{"type":"LineString","coordinates":[[-79.411637,43.751763],[-79.339915,43.767952]]},"properties":{"PingCount":1,"AvgSpeedKmh":101.4}},{"type":"Feature","geometry":{"type":"LineString","coordinates":[[-79.411637,43.751763],[-79.357583,43.766249]]},"properties":{"PingCount":96,"AvgSpeedKmh":86.7}},{"type":"Feature","geometry":{"type":"LineString","coordinates":[[-79.411637,43.751763],[-79.375822,43.765774]]},"properties":{"PingCount":164,"AvgSpeedKmh":63.7}},{"type":"Feature","geometry":{"type":"LineString","coordinates":[[-79.411637,43.751763],[-79.392547,43.762316]]},"properties":{"PingCount":169,"AvgSpeedKmh":38.2}},{"type":"Feature","geometry":{"type":"LineString","coordinates":[[-79.411637,43.751763],[-79.411019,43.761484]]},"properties":{"PingCount":10,"AvgSpeedKmh":18.1}},{"type":"Feature","geometry":{"type":"LineString","coordinates":[[-79.411637,43.751763],[-79.294973,43.772774]]},"properties":{"PingCount":1,"AvgSpeedKmh":64.3}},{"type":"Feature","geometry":{"type":"LineString","coordinates":[[-79.411637,43.751763],[-78.929843,43.940891]]},"properties":{"PingCount":1,"AvgSpeedKmh":44.5}},{"type":"Feature","geometry":{"type":"LineString","coordinates":[[-79.43377,43.752246],[-79.411019,43.761484]]},"properties":{"PingCount":13,"AvgSpeedKmh":31.0}},{"type":"Feature","geometry":{"type":"LineString","coordinates":[[-79.43377,43.752246],[-79.43377,43.76572]]},"properties":{"PingCount":20,"AvgSpeedKmh":24.7}},{"type":"Feature","geometry":{"type":"LineString","coordinates":[[-79.43377,43.752246],[-79.452434,43.779195]]},"properties":{"PingCount":3,"AvgSpeedKmh":43.8}},{"type":"Feature","geometry":{"type":"LineString","coordinates":[[-79.471098,43.752246],[-79.471098,43.76572]]},"properties":{"PingCount":3,"AvgSpeedKmh":32.9}},{"type":"Feature","geometry":{"type":"LineString","coordinates":[[-79.471098,43.752246],[-79.471098,43.779195]]},"properties":{"PingCount":1,"AvgSpeedKmh":39.2}},{"type":"Feature","geometry":{"type":"LineString","coordinates":[[-79.471098,43.752246],[-78.929843,43.940891]]},"properties":{"PingCount":1,"AvgSpeedKmh":48.1}},{"type":"Feature","geometry":{"type":"LineString","coordinates":[[-79.489762,43.752246],[-79.489762,43.76572]]},"properties":{"PingCount":3,"AvgSpeedKmh":19.1}},{"type":"Feature","geometry":{"type":"LineString","coordinates":[[-79.508426,43.752246],[-79.530861,43.755853]]},"properties":{"PingCount":11,"AvgSpeedKmh":15.3}},{"type":"Feature","geometry":{"type":"LineString","coordinates":[[-79.508426,43.752246],[-79.489762,43.76572]]},"properties":{"PingCount":2,"AvgSpeedKmh":29.6}},{"type":"Feature","geometry":{"type":"LineString","coordinates":[[-79.508426,43.752246],[-79.508426,43.76572]]},"properties":{"PingCount":3,"AvgSpeedKmh":15.3}},{"type":"Feature","geometry":{"type":"LineString","coordinates":[[-79.530861,43.755853],[-79.545753,43.752246]]},"properties":{"PingCount":29,"AvgSpeedKmh":15.8}},{"type":"Feature","geometry":{"type":"LineString","coordinates":[[-79.530861,43.755853],[-79.508426,43.76572]]},"properties":{"PingCount":1,"AvgSpeedKmh":28.4}},{"type":"Feature","geometry":{"type":"LineString","coordinates":[[-79.530861,43.755853],[-79.533992,43.767986]]},"properties":{"PingCount":18,"AvgSpeedKmh":21.4}},{"type":"Feature","geometry":{"type":"LineString","coordinates":[[-79.530861,43.755853],[-79.535178,43.773025]]},"properties":{"PingCount":8,"AvgSpeedKmh":30.7}},{"type":"Feature","geometry":{"type":"LineString","coordinates":[[-79.530861,43.755853],[-79.535178,43.773025]]},"properties":{"PingCount":2,"AvgSpeedKmh":40.0}},{"type":"Feature","geometry":{"type":"LineString","coordinates":[[-79.530861,43.755853],[-79.536869,43.781795]]},"properties":{"PingCount":4,"AvgSpeedKmh":65.6}},{"type":"Feature","geometry":{"type":"LineString","coordinates":[[-79.530861,43.755853],[-79.536711,43.791795]]},"properties":{"PingCount":3,"AvgSpeedKmh":78.7}},{"type":"Feature","geometry":{"type":"LineString","coordinates":[[-79.530861,43.755853],[-79.55595,43.787627]]},"properties":{"PingCount":20,"AvgSpeedKmh":92.8}},{"type":"Feature","geometry":{"type":"LineString","coordinates":[[-79.530861,43.755853],[-79.543393,43.808867]]},"properties":{"PingCount":5,"AvgSpeedKmh":97.9}},{"type":"Feature","geometry":{"type":"LineString","coordinates":[[-79.545753,43.752246],[-79.564417,43.752246]]},"properties":{"PingCount":2,"AvgSpeedKmh":17.6}},{"type":"Feature","geometry":{"type":"LineString","coordinates":[[-79.545753,43.752246],[-79.305308,43.769817]]},"properties":{"PingCount":1,"AvgSpeedKmh":25.7}},{"type":"Feature","geometry":{"type":"LineString","coordinates":[[-79.545753,43.752246],[-79.533992,43.767986]]},"properties":{"PingCount":119,"AvgSpeedKmh":17.4}},{"type":"Feature","geometry":{"type":"LineString","coordinates":[[-79.545753,43.752246],[-79.535178,43.773025]]},"properties":{"PingCount":26,"AvgSpeedKmh":19.6}},{"type":"Feature","geometry":{"type":"LineString","coordinates":[[-79.545753,43.752246],[-79.564417,43.76572]]},"properties":{"PingCount":95,"AvgSpeedKmh":33.4}},{"type":"Feature","geometry":{"type":"LineString","coordinates":[[-79.545753,43.752246],[-79.583081,43.76572]]},"properties":{"PingCount":1,"AvgSpeedKmh":46.4}},{"type":"Feature","geometry":{"type":"LineString","coordinates":[[-79.545753,43.752246],[-79.050983,43.846873]]},"properties":{"PingCount":1,"AvgSpeedKmh":42.2}},{"type":"Feature","geometry":{"type":"LineString","coordinates":[[-79.545753,43.752246],[-79.209802,43.873518]]},"properties":{"PingCount":1,"AvgSpeedKmh":36.6}},{"type":"Feature","geometry":{"type":"LineString","coordinates":[[-79.583081,43.752246],[-79.601745,43.76572]]},"properties":{"PingCount":1,"AvgSpeedKmh":21.6}},{"type":"Feature","geometry":{"type":"LineString","coordinates":[[-79.610437,43.74971],[-79.614236,43.755473]]},"properties":{"PingCount":73,"AvgSpeedKmh":22.5}},{"type":"Feature","geometry":{"type":"LineString","coordinates":[[-79.610437,43.74971],[-79.629926,43.745677]]},"properties":{"PingCount":23,"AvgSpeedKmh":47.1}},{"type":"Feature","geometry":{"type":"LineString","coordinates":[[-79.610437,43.74971],[-79.564417,43.76572]]},"properties":{"PingCount":13,"AvgSpeedKmh":51.4}},{"type":"Feature","geometry":{"type":"LineString","coordinates":[[-79.610437,43.74971],[-79.583081,43.76572]]},"properties":{"PingCount":145,"AvgSpeedKmh":36.1}},{"type":"Feature","geometry":{"type":"LineString","coordinates":[[-79.610437,43.74971],[-79.601745,43.76572]]},"properties":{"PingCount":14,"AvgSpeedKmh":23.7}},{"type":"Feature","geometry":{"type":"LineString","coordinates":[[-79.610437,43.74971],[-79.621509,43.77303]]},"properties":{"PingCount":68,"AvgSpeedKmh":32.5}},{"type":"Feature","geometry":{"type":"LineString","coordinates":[[-79.610437,43.74971],[-79.625848,43.772083]]},"properties":{"PingCount":9,"AvgSpeedKmh":42.7}},{"type":"Feature","geometry":{"type":"LineString","coordinates":[[-79.610437,43.74971],[-79.63578,43.776004]]},"properties":{"PingCount":1,"AvgSpeedKmh":31.9}},{"type":"Feature","geometry":{"type":"LineString","coordinates":[[-79.614236,43.755473],[-79.629926,43.745677]]},"properties":{"PingCount":140,"AvgSpeedKmh":34.2}},{"type":"Feature","geometry":{"type":"LineString","coordinates":[[-79.614236,43.755473],[-79.583081,43.76572]]},"properties":{"PingCount":64,"AvgSpeedKmh":44.3}},{"type":"Feature","geometry":{"type":"LineString","coordinates":[[-79.614236,43.755473],[-79.601745,43.76572]]},"properties":{"PingCount":47,"AvgSpeedKmh":34.0}},{"type":"Feature","geometry":{"type":"LineString","coordinates":[[-79.614236,43.755473],[-79.621509,43.77303]]},"properties":{"PingCount":56,"AvgSpeedKmh":30.7}},{"type":"Feature","geometry":{"type":"LineString","coordinates":[[-79.614236,43.755473],[-79.632959,43.760602]]},"properties":{"PingCount":20,"AvgSpeedKmh":41.9}},{"type":"Feature","geometry":{"type":"LineString","coordinates":[[-79.614236,43.755473],[-79.648923,43.76697]]},"properties":{"PingCount":1,"AvgSpeedKmh":53.1}},{"type":"Feature","geometry":{"type":"LineString","coordinates":[[-79.614236,43.755473],[-79.573083,43.78411]]},"properties":{"PingCount":26,"AvgSpeedKmh":97.5}},{"type":"Feature","geometry":{"type":"LineString","coordinates":[[-79.614236,43.755473],[-79.625848,43.772083]]},"properties":{"PingCount":30,"AvgSpeedKmh":38.3}},{"type":"Feature","geometry":{"type":"LineString","coordinates":[[-79.614236,43.755473],[-79.63578,43.776004]]},"properties":{"PingCount":2,"AvgSpeedKmh":84.0}},{"type":"Feature","geometry":{"type":"LineString","coordinates":[[-79.614236,43.755473],[-79.639073,43.79267]]},"properties":{"PingCount":12,"AvgSpeedKmh":96.1}},{"type":"Feature","geometry":{"type":"LineString","coordinates":[[-79.614236,43.755473],[-79.657737,43.806144]]},"properties":{"PingCount":1,"AvgSpeedKmh":45.9}},{"type":"Feature","geometry":{"type":"LineString","coordinates":[[-79.629926,43.745677],[-79.583081,43.76572]]},"properties":{"PingCount":32,"AvgSpeedKmh":95.8}},{"type":"Feature","geometry":{"type":"LineString","coordinates":[[-79.629926,43.745677],[-79.601745,43.76572]]},"properties":{"PingCount":4,"AvgSpeedKmh":82.5}},{"type":"Feature","geometry":{"type":"LineString","coordinates":[[-79.629926,43.745677],[-79.621509,43.77303]]},"properties":{"PingCount":2,"AvgSpeedKmh":33.9}},{"type":"Feature","geometry":{"type":"LineString","coordinates":[[-79.629926,43.745677],[-79.632959,43.760602]]},"properties":{"PingCount":156,"AvgSpeedKmh":36.4}},{"type":"Feature","geometry":{"type":"LineString","coordinates":[[-79.629926,43.745677],[-79.648923,43.76697]]},"properties":{"PingCount":94,"AvgSpeedKmh":39.9}},{"type":"Feature","geometry":{"type":"LineString","coordinates":[[-79.629926,43.745677],[-79.535178,43.773025]]},"properties":{"PingCount":1,"AvgSpeedKmh":98.5}},{"type":"Feature","geometry":{"type":"LineString","coordinates":[[-79.629926,43.745677],[-79.63578,43.776004]]},"properties":{"PingCount":32,"AvgSpeedKmh":76.7}},{"type":"Feature","geometry":{"type":"LineString","coordinates":[[-79.629926,43.745677],[-79.657737,43.779195]]},"properties":{"PingCount":97,"AvgSpeedKmh":51.3}},{"type":"Feature","geometry":{"type":"LineString","coordinates":[[-79.629926,43.745677],[-79.639073,43.79267]]},"properties":{"PingCount":220,"AvgSpeedKmh":94.8}},{"type":"Feature","geometry":{"type":"LineString","coordinates":[[-79.629926,43.745677],[-79.657737,43.79267]]},"properties":{"PingCount":1,"AvgSpeedKmh":40.8}},{"type":"Feature","geometry":{"type":"LineString","coordinates":[[-79.629926,43.745677],[-79.639073,43.806144]]},"properties":{"PingCount":97,"AvgSpeedKmh":101.8}},{"type":"Feature","geometry":{"type":"LineString","coordinates":[[-79.629926,43.745677],[-79.676401,43.819619]]},"properties":{"PingCount":3,"AvgSpeedKmh":37.6}},{"type":"Feature","geometry":{"type":"LineString","coordinates":[[-79.684552,43.753109],[-79.687579,43.750435]]},"properties":{"PingCount":407,"AvgSpeedKmh":17.6}},{"type":"Feature","geometry":{"type":"LineString","coordinates":[[-79.684552,43.753109],[-79.632959,43.760602]]},"properties":{"PingCount":4,"AvgSpeedKmh":52.6}},{"type":"Feature","geometry":{"type":"LineString","coordinates":[[-79.684552,43.753109],[-79.648923,43.76697]]},"properties":{"PingCount":421,"AvgSpeedKmh":45.3}},{"type":"Feature","geometry":{"type":"LineString","coordinates":[[-79.684552,43.753109],[-79.672991,43.761642]]},"properties":{"PingCount":229,"AvgSpeedKmh":29.9}},{"type":"Feature","geometry":{"type":"LineString","coordinates":[[-79.684552,43.753109],[-79.695065,43.76572]]},"properties":{"PingCount":26,"AvgSpeedKmh":31.2}},{"type":"Feature","geometry":{"type":"LineString","coordinates":[[-79.684552,43.753109],[-79.16688,43.79997]]},"properties":{"PingCount":1,"AvgSpeedKmh":40.6}},{"type":"Feature","geometry":{"type":"LineString","coordinates":[[-79.684552,43.753109],[-79.508426,43.940891]]},"properties":{"PingCount":1,"AvgSpeedKmh":24.8}},{"type":"Feature","geometry":{"type":"LineString","coordinates":[[-79.687579,43.750435],[-79.713729,43.752246]]},"properties":{"PingCount":39,"AvgSpeedKmh":20.5}},{"type":"Feature","geometry":{"type":"LineString","coordinates":[[-79.687579,43.750435],[-79.648923,43.76697]]},"properties":{"PingCount":44,"AvgSpeedKmh":52.9}},{"type":"Feature","geometry":{"type":"LineString","coordinates":[[-79.687579,43.750435],[-79.672991,43.761642]]},"properties":{"PingCount":61,"AvgSpeedKmh":36.6}},{"type":"Feature","geometry":{"type":"LineString","coordinates":[[-79.687579,43.750435],[-79.695065,43.76572]]},"properties":{"PingCount":29,"AvgSpeedKmh":18.5}},{"type":"Feature","geometry":{"type":"LineString","coordinates":[[-79.687579,43.750435],[-79.713729,43.76572]]},"properties":{"PingCount":37,"AvgSpeedKmh":30.8}},{"type":"Feature","geometry":{"type":"LineString","coordinates":[[-79.687579,43.750435],[-79.732393,43.76572]]},"properties":{"PingCount":1,"AvgSpeedKmh":26.5}},{"type":"Feature","geometry":{"type":"LineString","coordinates":[[-79.713729,43.752246],[-79.732393,43.752246]]},"properties":{"PingCount":11,"AvgSpeedKmh":22.2}},{"type":"Feature","geometry":{"type":"LineString","coordinates":[[-79.713729,43.752246],[-79.695065,43.76572]]},"properties":{"PingCount":4,"AvgSpeedKmh":19.0}},{"type":"Feature","geometry":{"type":"LineString","coordinates":[[-79.713729,43.752246],[-79.713729,43.76572]]},"properties":{"PingCount":32,"AvgSpeedKmh":24.1}},{"type":"Feature","geometry":{"type":"LineString","coordinates":[[-79.713729,43.752246],[-79.732393,43.76572]]},"properties":{"PingCount":32,"AvgSpeedKmh":32.0}},{"type":"Feature","geometry":{"type":"LineString","coordinates":[[-79.713729,43.752246],[-79.732393,43.779195]]},"properties":{"PingCount":1,"AvgSpeedKmh":44.1}},{"type":"Feature","geometry":{"type":"LineString","coordinates":[[-79.732393,43.752246],[-79.751057,43.752246]]},"properties":{"PingCount":9,"AvgSpeedKmh":7.7}},{"type":"Feature","geometry":{"type":"LineString","coordinates":[[-79.732393,43.752246],[-79.713729,43.76572]]},"properties":{"PingCount":18,"AvgSpeedKmh":26.3}},{"type":"Feature","geometry":{"type":"LineString","coordinates":[[-79.732393,43.752246],[-79.732393,43.76572]]},"properties":{"PingCount":12,"AvgSpeedKmh":17.0}},{"type":"Feature","geometry":{"type":"LineString","coordinates":[[-79.732393,43.752246],[-79.751057,43.76572]]},"properties":{"PingCount":1,"AvgSpeedKmh":39.9}},{"type":"Feature","geometry":{"type":"LineString","coordinates":[[-79.751057,43.752246],[-79.769721,43.752246]]},"properties":{"PingCount":2,"AvgSpeedKmh":5.0}},{"type":"Feature","geometry":{"type":"LineString","coordinates":[[-79.751057,43.752246],[-79.732393,43.76572]]},"properties":{"PingCount":1,"AvgSpeedKmh":45.8}},{"type":"Feature","geometry":{"type":"LineString","coordinates":[[-79.751057,43.752246],[-79.769721,43.76572]]},"properties":{"PingCount":1,"AvgSpeedKmh":21.8}},{"type":"Feature","geometry":{"type":"LineString","coordinates":[[-79.769721,43.752246],[-79.769721,43.76572]]},"properties":{"PingCount":2,"AvgSpeedKmh":16.7}},{"type":"Feature","geometry":{"type":"LineString","coordinates":[[-79.790772,43.751217],[-79.801877,43.756926]]},"properties":{"PingCount":4,"AvgSpeedKmh":27.0}},{"type":"Feature","geometry":{"type":"LineString","coordinates":[[-79.790772,43.751217],[-79.788385,43.76572]]},"properties":{"PingCount":16,"AvgSpeedKmh":24.3}},{"type":"Feature","geometry":{"type":"LineString","coordinates":[[-79.790772,43.751217],[-79.807049,43.76572]]},"properties":{"PingCount":1,"AvgSpeedKmh":9.3}},{"type":"Feature","geometry":{"type":"LineString","coordinates":[[-79.790772,43.751217],[-79.769721,43.779195]]},"properties":{"PingCount":6,"AvgSpeedKmh":52.2}},{"type":"Feature","geometry":{"type":"LineString","coordinates":[[-79.790772,43.751217],[-79.788385,43.779195]]},"properties":{"PingCount":5,"AvgSpeedKmh":42.8}},{"type":"Feature","geometry":{"type":"LineString","coordinates":[[-79.801877,43.756926],[-79.825713,43.752246]]},"properties":{"PingCount":10,"AvgSpeedKmh":12.0}},{"type":"Feature","geometry":{"type":"LineString","coordinates":[[-79.801877,43.756926],[-79.851587,43.753577]]},"properties":{"PingCount":6,"AvgSpeedKmh":62.3}},{"type":"Feature","geometry":{"type":"LineString","coordinates":[[-79.801877,43.756926],[-79.788385,43.76572]]},"properties":{"PingCount":55,"AvgSpeedKmh":39.4}},{"type":"Feature","geometry":{"type":"LineString","coordinates":[[-79.801877,43.756926],[-79.807049,43.76572]]},"properties":{"PingCount":2,"AvgSpeedKmh":11.8}},{"type":"Feature","geometry":{"type":"LineString","coordinates":[[-79.801877,43.756926],[-79.769721,43.779195]]},"properties":{"PingCount":4,"AvgSpeedKmh":57.9}},{"type":"Feature","geometry":{"type":"LineString","coordinates":[[-79.801877,43.756926],[-79.788385,43.779195]]},"properties":{"PingCount":5,"AvgSpeedKmh":52.2}},{"type":"Feature","geometry":{"type":"LineString","coordinates":[[-79.825713,43.752246],[-79.863041,43.752246]]},"properties":{"PingCount":1,"AvgSpeedKmh":62.7}},{"type":"Feature","geometry":{"type":"LineString","coordinates":[[-79.851587,43.753577],[-79.881705,43.76572]]},"properties":{"PingCount":2,"AvgSpeedKmh":66.8}},{"type":"Feature","geometry":{"type":"LineString","coordinates":[[-79.851587,43.753577],[-79.878286,43.77342]]},"properties":{"PingCount":8,"AvgSpeedKmh":68.5}},{"type":"Feature","geometry":{"type":"LineString","coordinates":[[-79.863041,43.752246],[-79.878286,43.77342]]},"properties":{"PingCount":2,"AvgSpeedKmh":65.8}},{"type":"Feature","geometry":{"type":"LineString","coordinates":[[-79.172474,43.76572],[-79.194678,43.761961]]},"properties":{"PingCount":2,"AvgSpeedKmh":22.8}},{"type":"Feature","geometry":{"type":"LineString","coordinates":[[-79.172474,43.76572],[-79.153811,43.779195]]},"properties":{"PingCount":2,"AvgSpeedKmh":39.7}},{"type":"Feature","geometry":{"type":"LineString","coordinates":[[-79.194678,43.761961],[-79.209802,43.76572]]},"properties":{"PingCount":10,"AvgSpeedKmh":32.6}},{"type":"Feature","geometry":{"type":"LineString","coordinates":[[-79.194678,43.761961],[-79.228466,43.76572]]},"properties":{"PingCount":1,"AvgSpeedKmh":38.2}},{"type":"Feature","geometry":{"type":"LineString","coordinates":[[-79.194678,43.761961],[-79.173415,43.776502]]},"properties":{"PingCount":41,"AvgSpeedKmh":32.8}},{"type":"Feature","geometry":{"type":"LineString","coordinates":[[-79.194678,43.761961],[-79.183815,43.773786]]},"properties":{"PingCount":31,"AvgSpeedKmh":20.3}},{"type":"Feature","geometry":{"type":"LineString","coordinates":[[-79.194678,43.761961],[-79.147603,43.795916]]},"properties":{"PingCount":6,"AvgSpeedKmh":54.5}},{"type":"Feature","geometry":{"type":"LineString","coordinates":[[-79.194678,43.761961],[-79.187761,43.797872]]},"properties":{"PingCount":1,"AvgSpeedKmh":35.2}},{"type":"Feature","geometry":{"type":"LineString","coordinates":[[-79.209802,43.76572],[-79.228466,43.76572]]},"properties":{"PingCount":6,"AvgSpeedKmh":23.7}},{"type":"Feature","geometry":{"type":"LineString","coordinates":[[-79.228466,43.76572],[-79.24713,43.76572]]},"properties":{"PingCount":9,"AvgSpeedKmh":7.8}},{"type":"Feature","geometry":{"type":"LineString","coordinates":[[-79.228466,43.76572],[-79.235159,43.785097]]},"properties":{"PingCount":40,"AvgSpeedKmh":23.8}},{"type":"Feature","geometry":{"type":"LineString","coordinates":[[-79.228466,43.76572],[-79.25767,43.780909]]},"properties":{"PingCount":1,"AvgSpeedKmh":27.4}},{"type":"Feature","geometry":{"type":"LineString","coordinates":[[-79.228466,43.76572],[-79.226445,43.788324]]},"properties":{"PingCount":1,"AvgSpeedKmh":44.3}},{"type":"Feature","geometry":{"type":"LineString","coordinates":[[-79.24713,43.76572],[-79.265794,43.76572]]},"properties":{"PingCount":22,"AvgSpeedKmh":15.0}},{"type":"Feature","geometry":{"type":"LineString","coordinates":[[-79.24713,43.76572],[-79.235159,43.785097]]},"properties":{"PingCount":4,"AvgSpeedKmh":27.6}},{"type":"Feature","geometry":{"type":"LineString","coordinates":[[-79.24713,43.76572],[-79.25767,43.780909]]},"properties":{"PingCount":61,"AvgSpeedKmh":18.8}},{"type":"Feature","geometry":{"type":"LineString","coordinates":[[-79.265794,43.76572],[-79.284458,43.76572]]},"properties":{"PingCount":42,"AvgSpeedKmh":11.4}},{"type":"Feature","geometry":{"type":"LineString","coordinates":[[-79.265794,43.76572],[-79.305308,43.769817]]},"properties":{"PingCount":1,"AvgSpeedKmh":36.8}},{"type":"Feature","geometry":{"type":"LineString","coordinates":[[-79.265794,43.76572],[-79.25767,43.780909]]},"properties":{"PingCount":5,"AvgSpeedKmh":24.5}},{"type":"Feature","geometry":{"type":"LineString","coordinates":[[-79.265794,43.76572],[-79.269697,43.777893]]},"properties":{"PingCount":21,"AvgSpeedKmh":16.6}},{"type":"Feature","geometry":{"type":"LineString","coordinates":[[-79.265794,43.76572],[-79.28334,43.774952]]},"properties":{"PingCount":11,"AvgSpeedKmh":26.4}},{"type":"Feature","geometry":{"type":"LineString","coordinates":[[-79.265794,43.76572],[-79.284458,43.79267]]},"properties":{"PingCount":2,"AvgSpeedKmh":41.1}},{"type":"Feature","geometry":{"type":"LineString","coordinates":[[-79.284458,43.76572],[-79.305308,43.769817]]},"properties":{"PingCount":17,"AvgSpeedKmh":27.1}},{"type":"Feature","geometry":{"type":"LineString","coordinates":[[-79.284458,43.76572],[-79.325742,43.768533]]},"properties":{"PingCount":2,"AvgSpeedKmh":49.8}},{"type":"Feature","geometry":{"type":"LineString","coordinates":[[-79.284458,43.76572],[-79.339915,43.767952]]},"properties":{"PingCount":1,"AvgSpeedKmh":77.7}},{"type":"Feature","geometry":{"type":"LineString","coordinates":[[-79.284458,43.76572],[-79.25767,43.780909]]},"properties":{"PingCount":2,"AvgSpeedKmh":42.4}},{"type":"Feature","geometry":{"type":"LineString","coordinates":[[-79.284458,43.76572],[-79.269697,43.777893]]},"properties":{"PingCount":8,"AvgSpeedKmh":28.7}},{"type":"Feature","geometry":{"type":"LineString","coordinates":[[-79.284458,43.76572],[-79.28334,43.774952]]},"properties":{"PingCount":66,"AvgSpeedKmh":11.5}},{"type":"Feature","geometry":{"type":"LineString","coordinates":[[-79.284458,43.76572],[-79.294973,43.772774]]},"properties":{"PingCount":1,"AvgSpeedKmh":37.1}},{"type":"Feature","geometry":{"type":"LineString","coordinates":[[-79.305308,43.769817],[-79.325742,43.768533]]},"properties":{"PingCount":139,"AvgSpeedKmh":29.5}},{"type":"Feature","geometry":{"type":"LineString","coordinates":[[-79.305308,43.769817],[-79.339915,43.767952]]},"properties":{"PingCount":193,"AvgSpeedKmh":59.4}},{"type":"Feature","geometry":{"type":"LineString","coordinates":[[-79.305308,43.769817],[-79.357583,43.766249]]},"properties":{"PingCount":186,"AvgSpeedKmh":86.6}},{"type":"Feature","geometry":{"type":"LineString","coordinates":[[-79.305308,43.769817],[-79.375822,43.765774]]},"properties":{"PingCount":15,"AvgSpeedKmh":96.2}},{"type":"Feature","geometry":{"type":"LineString","coordinates":[[-79.305308,43.769817],[-79.235159,43.785097]]},"properties":{"PingCount":7,"AvgSpeedKmh":99.0}},{"type":"Feature","geometry":{"type":"LineString","coordinates":[[-79.305308,43.769817],[-79.25767,43.780909]]},"properties":{"PingCount":362,"AvgSpeedKmh":92.7}},{"type":"Feature","geometry":{"type":"LineString","coordinates":[[-79.305308,43.769817],[-79.269697,43.777893]]},"properties":{"PingCount":110,"AvgSpeedKmh":67.5}},{"type":"Feature","geometry":{"type":"LineString","coordinates":[[-79.305308,43.769817],[-79.28334,43.774952]]},"properties":{"PingCount":139,"AvgSpeedKmh":33.8}},{"type":"Feature","geometry":{"type":"LineString","coordinates":[[-79.305308,43.769817],[-79.294973,43.772774]]},"properties":{"PingCount":47,"AvgSpeedKmh":20.2}},{"type":"Feature","geometry":{"type":"LineString","coordinates":[[-79.305308,43.769817],[-79.321786,43.779195]]},"properties":{"PingCount":3,"AvgSpeedKmh":27.3}},{"type":"Feature","geometry":{"type":"LineString","coordinates":[[-79.305308,43.769817],[-79.34129,43.783424]]},"properties":{"PingCount":13,"AvgSpeedKmh":55.4}},{"type":"Feature","geometry":{"type":"LineString","coordinates":[[-79.305308,43.769817],[-79.359114,43.779195]]},"properties":{"PingCount":2,"AvgSpeedKmh":4.4}},{"type":"Feature","geometry":{"type":"LineString","coordinates":[[-79.305308,43.769817],[-79.187761,43.797872]]},"properties":{"PingCount":1,"AvgSpeedKmh":88.2}},{"type":"Feature","geometry":{"type":"LineString","coordinates":[[-79.305308,43.769817],[-79.303122,43.79267]]},"properties":{"PingCount":3,"AvgSpeedKmh":35.0}},{"type":"Feature","geometry":{"type":"LineString","coordinates":[[-79.305308,43.769817],[-79.321786,43.79267]]},"properties":{"PingCount":1,"AvgSpeedKmh":50.1}},{"type":"Feature","geometry":{"type":"LineString","coordinates":[[-79.305308,43.769817],[-79.342547,43.789564]]},"properties":{"PingCount":2,"AvgSpeedKmh":68.9}},{"type":"Feature","geometry":{"type":"LineString","coordinates":[[-79.305308,43.769817],[-78.911179,43.940891]]},"properties":{"PingCount":1,"AvgSpeedKmh":35.9}},{"type":"Feature","geometry":{"type":"LineString","coordinates":[[-79.305308,43.769817],[-78.929843,43.940891]]},"properties":{"PingCount":4,"AvgSpeedKmh":28.8}},{"type":"Feature","geometry":{"type":"LineString","coordinates":[[-79.325742,43.768533],[-79.339915,43.767952]]},"properties":{"PingCount":196,"AvgSpeedKmh":27.2}},{"type":"Feature","geometry":{"type":"LineString","coordinates":[[-79.325742,43.768533],[-79.357583,43.766249]]},"properties":{"PingCount":115,"AvgSpeedKmh":62.9}},{"type":"Feature","geometry":{"type":"LineString","coordinates":[[-79.325742,43.768533],[-79.375822,43.765774]]},"properties":{"PingCount":161,"AvgSpeedKmh":85.7}},{"type":"Feature","geometry":{"type":"LineString","coordinates":[[-79.325742,43.768533],[-79.392547,43.762316]]},"properties":{"PingCount":11,"AvgSpeedKmh":94.6}},{"type":"Feature","geometry":{"type":"LineString","coordinates":[[-79.325742,43.768533],[-79.25767,43.780909]]},"properties":{"PingCount":19,"AvgSpeedKmh":98.8}},{"type":"Feature","geometry":{"type":"LineString","coordinates":[[-79.325742,43.768533],[-79.269697,43.777893]]},"properties":{"PingCount":315,"AvgSpeedKmh":92.1}},{"type":"Feature","geometry":{"type":"LineString","coordinates":[[-79.325742,43.768533],[-79.28334,43.774952]]},"properties":{"PingCount":131,"AvgSpeedKmh":65.9}},{"type":"Feature","geometry":{"type":"LineString","coordinates":[[-79.325742,43.768533],[-79.294973,43.772774]]},"properties":{"PingCount":17,"AvgSpeedKmh":39.3}},{"type":"Feature","geometry":{"type":"LineString","coordinates":[[-79.325742,43.768533],[-79.321786,43.779195]]},"properties":{"PingCount":18,"AvgSpeedKmh":22.7}},{"type":"Feature","geometry":{"type":"LineString","coordinates":[[-79.325742,43.768533],[-79.34129,43.783424]]},"properties":{"PingCount":40,"AvgSpeedKmh":37.9}},{"type":"Feature","geometry":{"type":"LineString","coordinates":[[-79.325742,43.768533],[-79.321786,43.79267]]},"properties":{"PingCount":1,"AvgSpeedKmh":42.1}},{"type":"Feature","geometry":{"type":"LineString","coordinates":[[-79.325742,43.768533],[-79.342547,43.789564]]},"properties":{"PingCount":14,"AvgSpeedKmh":64.6}},{"type":"Feature","geometry":{"type":"LineString","coordinates":[[-79.325742,43.768533],[-79.347271,43.809825]]},"properties":{"PingCount":4,"AvgSpeedKmh":77.6}},{"type":"Feature","geometry":{"type":"LineString","coordinates":[[-79.325742,43.768533],[-78.911179,43.940891]]},"properties":{"PingCount":1,"AvgSpeedKmh":38.2}},{"type":"Feature","geometry":{"type":"LineString","coordinates":[[-79.325742,43.768533],[-78.929843,43.940891]]},"properties":{"PingCount":2,"AvgSpeedKmh":37.6}},{"type":"Feature","geometry":{"type":"LineString","coordinates":[[-79.339915,43.767952],[-79.357583,43.766249]]},"properties":{"PingCount":212,"AvgSpeedKmh":26.7}},{"type":"Feature","geometry":{"type":"LineString","coordinates":[[-79.339915,43.767952],[-79.375822,43.765774]]},"properties":{"PingCount":180,"AvgSpeedKmh":58.3}},{"type":"Feature","geometry":{"type":"LineString","coordinates":[[-79.339915,43.767952],[-79.392547,43.762316]]},"properties":{"PingCount":111,"AvgSpeedKmh":84.4}},{"type":"Feature","geometry":{"type":"LineString","coordinates":[[-79.339915,43.767952],[-79.269697,43.777893]]},"properties":{"PingCount":21,"AvgSpeedKmh":96.6}},{"type":"Feature","geometry":{"type":"LineString","coordinates":[[-79.339915,43.767952],[-79.28334,43.774952]]},"properties":{"PingCount":309,"AvgSpeedKmh":87.8}},{"type":"Feature","geometry":{"type":"LineString","coordinates":[[-79.339915,43.767952],[-79.294973,43.772774]]},"properties":{"PingCount":16,"AvgSpeedKmh":77.0}},{"type":"Feature","geometry":{"type":"LineString","coordinates":[[-79.339915,43.767952],[-79.321786,43.779195]]},"properties":{"PingCount":2,"AvgSpeedKmh":32.7}},{"type":"Feature","geometry":{"type":"LineString","coordinates":[[-79.339915,43.767952],[-79.34129,43.783424]]},"properties":{"PingCount":49,"AvgSpeedKmh":24.3}},{"type":"Feature","geometry":{"type":"LineString","coordinates":[[-79.339915,43.767952],[-79.204419,43.795645]]},"properties":{"PingCount":1,"AvgSpeedKmh":70.4}},{"type":"Feature","geometry":{"type":"LineString","coordinates":[[-79.339915,43.767952],[-79.342547,43.789564]]},"properties":{"PingCount":35,"AvgSpeedKmh":58.6}},{"type":"Feature","geometry":{"type":"LineString","coordinates":[[-79.339915,43.767952],[-79.359114,43.79267]]},"properties":{"PingCount":1,"AvgSpeedKmh":53.9}},{"type":"Feature","geometry":{"type":"LineString","coordinates":[[-79.339915,43.767952],[-79.347271,43.809825]]},"properties":{"PingCount":33,"AvgSpeedKmh":81.1}},{"type":"Feature","geometry":{"type":"LineString","coordinates":[[-79.339915,43.767952],[-79.351694,43.812979]]},"properties":{"PingCount":4,"AvgSpeedKmh":94.9}},{"type":"Feature","geometry":{"type":"LineString","coordinates":[[-79.339915,43.767952],[-78.911179,43.940891]]},"properties":{"PingCount":1,"AvgSpeedKmh":38.8}},{"type":"Feature","geometry":{"type":"LineString","coordinates":[[-79.339915,43.767952],[-78.929843,43.940891]]},"properties":{"PingCount":2,"AvgSpeedKmh":39.1}},{"type":"Feature","geometry":{"type":"LineString","coordinates":[[-79.357583,43.766249],[-79.375822,43.765774]]},"properties":{"PingCount":241,"AvgSpeedKmh":30.6}},{"type":"Feature","geometry":{"type":"LineString","coordinates":[[-79.357583,43.766249],[-79.392547,43.762316]]},"properties":{"PingCount":160,"AvgSpeedKmh":54.5}},{"type":"Feature","geometry":{"type":"LineString","coordinates":[[-79.357583,43.766249],[-79.25767,43.780909]]},"properties":{"PingCount":1,"AvgSpeedKmh":52.0}},{"type":"Feature","geometry":{"type":"LineString","coordinates":[[-79.357583,43.766249],[-79.28334,43.774952]]},"properties":{"PingCount":15,"AvgSpeedKmh":96.5}},{"type":"Feature","geometry":{"type":"LineString","coordinates":[[-79.357583,43.766249],[-79.294973,43.772774]]},"properties":{"PingCount":8,"AvgSpeedKmh":95.2}},{"type":"Feature","geometry":{"type":"LineString","coordinates":[[-79.357583,43.766249],[-79.34129,43.783424]]},"properties":{"PingCount":18,"AvgSpeedKmh":33.0}},{"type":"Feature","geometry":{"type":"LineString","coordinates":[[-79.357583,43.766249],[-79.359114,43.779195]]},"properties":{"PingCount":7,"AvgSpeedKmh":15.9}},{"type":"Feature","geometry":{"type":"LineString","coordinates":[[-79.357583,43.766249],[-79.342547,43.789564]]},"properties":{"PingCount":3,"AvgSpeedKmh":62.7}},{"type":"Feature","geometry":{"type":"LineString","coordinates":[[-79.357583,43.766249],[-79.250556,43.830572]]},"properties":{"PingCount":1,"AvgSpeedKmh":11.7}},{"type":"Feature","geometry":{"type":"LineString","coordinates":[[-79.357583,43.766249],[-78.911179,43.940891]]},"properties":{"PingCount":1,"AvgSpeedKmh":40.6}},{"type":"Feature","geometry":{"type":"LineString","coordinates":[[-79.375822,43.765774],[-79.392547,43.762316]]},"properties":{"PingCount":196,"AvgSpeedKmh":27.4}},{"type":"Feature","geometry":{"type":"LineString","coordinates":[[-79.375822,43.765774],[-79.411019,43.761484]]},"properties":{"PingCount":5,"AvgSpeedKmh":48.4}},{"type":"Feature","geometry":{"type":"LineString","coordinates":[[-79.375822,43.765774],[-79.269697,43.777893]]},"properties":{"PingCount":1,"AvgSpeedKmh":65.3}},{"type":"Feature","geometry":{"type":"LineString","coordinates":[[-79.375822,43.765774],[-79.28334,43.774952]]},"properties":{"PingCount":1,"AvgSpeedKmh":76.1}},{"type":"Feature","geometry":{"type":"LineString","coordinates":[[-79.375822,43.765774],[-79.34129,43.783424]]},"properties":{"PingCount":6,"AvgSpeedKmh":47.3}},{"type":"Feature","geometry":{"type":"LineString","coordinates":[[-79.375822,43.765774],[-79.359114,43.779195]]},"properties":{"PingCount":2,"AvgSpeedKmh":23.8}},{"type":"Feature","geometry":{"type":"LineString","coordinates":[[-79.375822,43.765774],[-79.396442,43.779195]]},"properties":{"PingCount":2,"AvgSpeedKmh":25.8}},{"type":"Feature","geometry":{"type":"LineString","coordinates":[[-79.375822,43.765774],[-78.911179,43.940891]]},"properties":{"PingCount":2,"AvgSpeedKmh":41.4}},{"type":"Feature","geometry":{"type":"LineString","coordinates":[[-79.375822,43.765774],[-78.929843,43.940891]]},"properties":{"PingCount":1,"AvgSpeedKmh":42.0}},{"type":"Feature","geometry":{"type":"LineString","coordinates":[[-79.392547,43.762316],[-79.411019,43.761484]]},"properties":{"PingCount":15,"AvgSpeedKmh":23.9}},{"type":"Feature","geometry":{"type":"LineString","coordinates":[[-79.392547,43.762316],[-79.396442,43.779195]]},"properties":{"PingCount":8,"AvgSpeedKmh":36.8}},{"type":"Feature","geometry":{"type":"LineString","coordinates":[[-79.392547,43.762316],[-79.396442,43.79267]]},"properties":{"PingCount":3,"AvgSpeedKmh":38.0}},{"type":"Feature","geometry":{"type":"LineString","coordinates":[[-79.411019,43.761484],[-79.396442,43.779195]]},"properties":{"PingCount":1,"AvgSpeedKmh":32.1}},{"type":"Feature","geometry":{"type":"LineString","coordinates":[[-79.411019,43.761484],[-79.415442,43.779767]]},"properties":{"PingCount":5,"AvgSpeedKmh":32.0}},{"type":"Feature","geometry":{"type":"LineString","coordinates":[[-79.43377,43.76572],[-79.43377,43.779195]]},"properties":{"PingCount":3,"AvgSpeedKmh":36.0}},{"type":"Feature","geometry":{"type":"LineString","coordinates":[[-79.43377,43.76572],[-79.452434,43.779195]]},"properties":{"PingCount":16,"AvgSpeedKmh":30.5}},{"type":"Feature","geometry":{"type":"LineString","coordinates":[[-79.43377,43.76572],[-79.452434,43.79267]]},"properties":{"PingCount":1,"AvgSpeedKmh":32.2}},{"type":"Feature","geometry":{"type":"LineString","coordinates":[[-79.452434,43.76572],[-79.471098,43.76572]]},"properties":{"PingCount":2,"AvgSpeedKmh":24.2}},{"type":"Feature","geometry":{"type":"LineString","coordinates":[[-79.452434,43.76572],[-79.43377,43.779195]]},"properties":{"PingCount":1,"AvgSpeedKmh":25.1}},{"type":"Feature","geometry":{"type":"LineString","coordinates":[[-79.452434,43.76572],[-79.452434,43.779195]]},"properties":{"PingCount":3,"AvgSpeedKmh":22.9}},{"type":"Feature","geometry":{"type":"LineString","coordinates":[[-79.452434,43.76572],[-79.471098,43.779195]]},"properties":{"PingCount":2,"AvgSpeedKmh":23.1}},{"type":"Feature","geometry":{"type":"LineString","coordinates":[[-79.471098,43.76572],[-79.489762,43.76572]]},"properties":{"PingCount":1,"AvgSpeedKmh":19.1}},{"type":"Feature","geometry":{"type":"LineString","coordinates":[[-79.471098,43.76572],[-79.452434,43.779195]]},"properties":{"PingCount":1,"AvgSpeedKmh":31.7}},{"type":"Feature","geometry":{"type":"LineString","coordinates":[[-79.471098,43.76572],[-79.471098,43.779195]]},"properties":{"PingCount":2,"AvgSpeedKmh":32.8}},{"type":"Feature","geometry":{"type":"LineString","coordinates":[[-79.471098,43.76572],[-79.471098,43.79267]]},"properties":{"PingCount":2,"AvgSpeedKmh":36.4}},{"type":"Feature","geometry":{"type":"LineString","coordinates":[[-79.489762,43.76572],[-79.508426,43.76572]]},"properties":{"PingCount":4,"AvgSpeedKmh":18.8}},{"type":"Feature","geometry":{"type":"LineString","coordinates":[[-79.489762,43.76572],[-79.489762,43.779195]]},"properties":{"PingCount":12,"AvgSpeedKmh":25.5}},{"type":"Feature","geometry":{"type":"LineString","coordinates":[[-79.533992,43.767986],[-79.535178,43.773025]]},"properties":{"PingCount":219,"AvgSpeedKmh":13.8}},{"type":"Feature","geometry":{"type":"LineString","coordinates":[[-79.533992,43.767986],[-79.564417,43.76572]]},"properties":{"PingCount":6,"AvgSpeedKmh":36.3}},{"type":"Feature","geometry":{"type":"LineString","coordinates":[[-79.533992,43.767986],[-79.535178,43.773025]]},"properties":{"PingCount":1,"AvgSpeedKmh":57.4}},{"type":"Feature","geometry":{"type":"LineString","coordinates":[[-79.533992,43.767986],[-79.536711,43.791795]]},"properties":{"PingCount":1,"AvgSpeedKmh":70.9}},{"type":"Feature","geometry":{"type":"LineString","coordinates":[[-79.533992,43.767986],[-79.55595,43.787627]]},"properties":{"PingCount":4,"AvgSpeedKmh":70.3}},{"type":"Feature","geometry":{"type":"LineString","coordinates":[[-79.533992,43.767986],[-79.543393,43.808867]]},"properties":{"PingCount":27,"AvgSpeedKmh":93.4}},{"type":"Feature","geometry":{"type":"LineString","coordinates":[[-79.533992,43.767986],[-79.545582,43.818917]]},"properties":{"PingCount":3,"AvgSpeedKmh":96.5}},{"type":"Feature","geometry":{"type":"LineString","coordinates":[[-79.535178,43.773025],[-79.564417,43.76572]]},"properties":{"PingCount":161,"AvgSpeedKmh":31.3}},{"type":"Feature","geometry":{"type":"LineString","coordinates":[[-79.535178,43.773025],[-79.583081,43.76572]]},"properties":{"PingCount":55,"AvgSpeedKmh":41.5}},{"type":"Feature","geometry":{"type":"LineString","coordinates":[[-79.535178,43.773025],[-79.535178,43.773025]]},"properties":{"PingCount":16,"AvgSpeedKmh":22.1}},{"type":"Feature","geometry":{"type":"LineString","coordinates":[[-79.535178,43.773025],[-79.536869,43.781795]]},"properties":{"PingCount":13,"AvgSpeedKmh":22.7}},{"type":"Feature","geometry":{"type":"LineString","coordinates":[[-79.535178,43.773025],[-79.573083,43.78411]]},"properties":{"PingCount":1,"AvgSpeedKmh":31.9}},{"type":"Feature","geometry":{"type":"LineString","coordinates":[[-79.535178,43.773025],[-79.55595,43.787627]]},"properties":{"PingCount":1,"AvgSpeedKmh":39.4}},{"type":"Feature","geometry":{"type":"LineString","coordinates":[[-79.564417,43.76572],[-79.583081,43.76572]]},"properties":{"PingCount":202,"AvgSpeedKmh":30.3}},{"type":"Feature","geometry":{"type":"LineString","coordinates":[[-79.564417,43.76572],[-79.601745,43.76572]]},"properties":{"PingCount":32,"AvgSpeedKmh":45.0}},{"type":"Feature","geometry":{"type":"LineString","coordinates":[[-79.564417,43.76572],[-79.535178,43.773025]]},"properties":{"PingCount":1,"AvgSpeedKmh":44.6}},{"type":"Feature","geometry":{"type":"LineString","coordinates":[[-79.564417,43.76572],[-79.536869,43.781795]]},"properties":{"PingCount":2,"AvgSpeedKmh":35.6}},{"type":"Feature","geometry":{"type":"LineString","coordinates":[[-79.564417,43.76572],[-79.573083,43.78411]]},"properties":{"PingCount":17,"AvgSpeedKmh":27.2}},{"type":"Feature","geometry":{"type":"LineString","coordinates":[[-79.564417,43.76572],[-79.588654,43.780695]]},"properties":{"PingCount":4,"AvgSpeedKmh":40.8}},{"type":"Feature","geometry":{"type":"LineString","coordinates":[[-79.564417,43.76572],[-79.583081,43.79267]]},"properties":{"PingCount":3,"AvgSpeedKmh":38.8}},{"type":"Feature","geometry":{"type":"LineString","coordinates":[[-79.583081,43.76572],[-79.601745,43.76572]]},"properties":{"PingCount":50,"AvgSpeedKmh":31.5}},{"type":"Feature","geometry":{"type":"LineString","coordinates":[[-79.583081,43.76572],[-79.621509,43.77303]]},"properties":{"PingCount":2,"AvgSpeedKmh":41.7}},{"type":"Feature","geometry":{"type":"LineString","coordinates":[[-79.583081,43.76572],[-79.535178,43.773025]]},"properties":{"PingCount":23,"AvgSpeedKmh":97.4}},{"type":"Feature","geometry":{"type":"LineString","coordinates":[[-79.583081,43.76572],[-79.536869,43.781795]]},"properties":{"PingCount":4,"AvgSpeedKmh":84.7}},{"type":"Feature","geometry":{"type":"LineString","coordinates":[[-79.583081,43.76572],[-79.588654,43.780695]]},"properties":{"PingCount":2,"AvgSpeedKmh":41.8}},{"type":"Feature","geometry":{"type":"LineString","coordinates":[[-79.583081,43.76572],[-79.509058,43.797597]]},"properties":{"PingCount":2,"AvgSpeedKmh":99.8}},{"type":"Feature","geometry":{"type":"LineString","coordinates":[[-79.583081,43.76572],[-79.536711,43.791795]]},"properties":{"PingCount":7,"AvgSpeedKmh":97.1}},{"type":"Feature","geometry":{"type":"LineString","coordinates":[[-79.583081,43.76572],[-79.55595,43.787627]]},"properties":{"PingCount":3,"AvgSpeedKmh":85.2}},{"type":"Feature","geometry":{"type":"LineString","coordinates":[[-79.601745,43.76572],[-79.621509,43.77303]]},"properties":{"PingCount":21,"AvgSpeedKmh":37.6}},{"type":"Feature","geometry":{"type":"LineString","coordinates":[[-79.601745,43.76572],[-79.536869,43.781795]]},"properties":{"PingCount":17,"AvgSpeedKmh":96.0}},{"type":"Feature","geometry":{"type":"LineString","coordinates":[[-79.601745,43.76572],[-79.573083,43.78411]]},"properties":{"PingCount":5,"AvgSpeedKmh":82.9}},{"type":"Feature","geometry":{"type":"LineString","coordinates":[[-79.621509,43.77303],[-79.632959,43.760602]]},"properties":{"PingCount":93,"AvgSpeedKmh":22.6}},{"type":"Feature","geometry":{"type":"LineString","coordinates":[[-79.621509,43.77303],[-79.648923,43.76697]]},"properties":{"PingCount":8,"AvgSpeedKmh":42.3}},{"type":"Feature","geometry":{"type":"LineString","coordinates":[[-79.621509,43.77303],[-79.573083,43.78411]]},"properties":{"PingCount":6,"AvgSpeedKmh":92.2}},{"type":"Feature","geometry":{"type":"LineString","coordinates":[[-79.621509,43.77303],[-79.609355,43.775841]]},"properties":{"PingCount":3,"AvgSpeedKmh":36.1}},{"type":"Feature","geometry":{"type":"LineString","coordinates":[[-79.621509,43.77303],[-79.625848,43.772083]]},"properties":{"PingCount":49,"AvgSpeedKmh":20.4}},{"type":"Feature","geometry":{"type":"LineString","coordinates":[[-79.621509,43.77303],[-79.63578,43.776004]]},"properties":{"PingCount":47,"AvgSpeedKmh":28.1}},{"type":"Feature","geometry":{"type":"LineString","coordinates":[[-79.621509,43.77303],[-79.620409,43.79267]]},"properties":{"PingCount":2,"AvgSpeedKmh":40.5}},{"type":"Feature","geometry":{"type":"LineString","coordinates":[[-79.621509,43.77303],[-79.639073,43.79267]]},"properties":{"PingCount":30,"AvgSpeedKmh":48.2}},{"type":"Feature","geometry":{"type":"LineString","coordinates":[[-79.621509,43.77303],[-79.639073,43.806144]]},"properties":{"PingCount":25,"AvgSpeedKmh":72.4}},{"type":"Feature","geometry":{"type":"LineString","coordinates":[[-79.632959,43.760602],[-79.648923,43.76697]]},"properties":{"PingCount":304,"AvgSpeedKmh":28.5}},{"type":"Feature","geometry":{"type":"LineString","coordinates":[[-79.632959,43.760602],[-79.672991,43.761642]]},"properties":{"PingCount":60,"AvgSpeedKmh":44.1}},{"type":"Feature","geometry":{"type":"LineString","coordinates":[[-79.632959,43.760602],[-79.609355,43.775841]]},"properties":{"PingCount":7,"AvgSpeedKmh":47.0}},{"type":"Feature","geometry":{"type":"LineString","coordinates":[[-79.632959,43.760602],[-79.625848,43.772083]]},"properties":{"PingCount":43,"AvgSpeedKmh":24.1}},{"type":"Feature","geometry":{"type":"LineString","coordinates":[[-79.632959,43.760602],[-79.63578,43.776004]]},"properties":{"PingCount":90,"AvgSpeedKmh":33.2}},{"type":"Feature","geometry":{"type":"LineString","coordinates":[[-79.632959,43.760602],[-79.657737,43.779195]]},"properties":{"PingCount":97,"AvgSpeedKmh":40.4}},{"type":"Feature","geometry":{"type":"LineString","coordinates":[[-79.632959,43.760602],[-79.639073,43.79267]]},"properties":{"PingCount":149,"AvgSpeedKmh":56.6}},{"type":"Feature","geometry":{"type":"LineString","coordinates":[[-79.632959,43.760602],[-79.657737,43.79267]]},"properties":{"PingCount":16,"AvgSpeedKmh":57.9}},{"type":"Feature","geometry":{"type":"LineString","coordinates":[[-79.632959,43.760602],[-79.639073,43.806144]]},"properties":{"PingCount":331,"AvgSpeedKmh":87.7}},{"type":"Feature","geometry":{"type":"LineString","coordinates":[[-79.632959,43.760602],[-79.657737,43.806144]]},"properties":{"PingCount":107,"AvgSpeedKmh":96.2}},{"type":"Feature","geometry":{"type":"LineString","coordinates":[[-79.632959,43.760602],[-79.657737,43.819619]]},"properties":{"PingCount":38,"AvgSpeedKmh":100.2}},{"type":"Feature","geometry":{"type":"LineString","coordinates":[[-79.632959,43.760602],[-79.676401,43.819619]]},"properties":{"PingCount":2,"AvgSpeedKmh":37.5}},{"type":"Feature","geometry":{"type":"LineString","coordinates":[[-79.648923,43.76697],[-79.672991,43.761642]]},"properties":{"PingCount":289,"AvgSpeedKmh":33.9}},{"type":"Feature","geometry":{"type":"LineString","coordinates":[[-79.648923,43.76697],[-79.713729,43.76572]]},"properties":{"PingCount":1,"AvgSpeedKmh":23.1}},{"type":"Feature","geometry":{"type":"LineString","coordinates":[[-79.648923,43.76697],[-79.625848,43.772083]]},"properties":{"PingCount":5,"AvgSpeedKmh":48.8}},{"type":"Feature","geometry":{"type":"LineString","coordinates":[[-79.648923,43.76697],[-79.63578,43.776004]]},"properties":{"PingCount":35,"AvgSpeedKmh":35.9}},{"type":"Feature","geometry":{"type":"LineString","coordinates":[[-79.648923,43.76697],[-79.657737,43.779195]]},"properties":{"PingCount":341,"AvgSpeedKmh":30.7}},{"type":"Feature","geometry":{"type":"LineString","coordinates":[[-79.648923,43.76697],[-79.676401,43.779195]]},"properties":{"PingCount":1,"AvgSpeedKmh":39.8}},{"type":"Feature","geometry":{"type":"LineString","coordinates":[[-79.648923,43.76697],[-79.620409,43.79267]]},"properties":{"PingCount":1,"AvgSpeedKmh":13.0}},{"type":"Feature","geometry":{"type":"LineString","coordinates":[[-79.648923,43.76697],[-79.639073,43.79267]]},"properties":{"PingCount":3,"AvgSpeedKmh":51.6}},{"type":"Feature","geometry":{"type":"LineString","coordinates":[[-79.648923,43.76697],[-79.657737,43.79267]]},"properties":{"PingCount":156,"AvgSpeedKmh":52.6}},{"type":"Feature","geometry":{"type":"LineString","coordinates":[[-79.648923,43.76697],[-79.639073,43.806144]]},"properties":{"PingCount":1,"AvgSpeedKmh":38.8}},{"type":"Feature","geometry":{"type":"LineString","coordinates":[[-79.648923,43.76697],[-79.676401,43.806144]]},"properties":{"PingCount":13,"AvgSpeedKmh":74.1}},{"type":"Feature","geometry":{"type":"LineString","coordinates":[[-79.648923,43.76697],[-79.657737,43.819619]]},"properties":{"PingCount":1,"AvgSpeedKmh":43.4}},{"type":"Feature","geometry":{"type":"LineString","coordinates":[[-79.648923,43.76697],[-79.676401,43.819619]]},"properties":{"PingCount":1,"AvgSpeedKmh":41.7}},{"type":"Feature","geometry":{"type":"LineString","coordinates":[[-79.672991,43.761642],[-79.695065,43.76572]]},"properties":{"PingCount":2,"AvgSpeedKmh":39.7}},{"type":"Feature","geometry":{"type":"LineString","coordinates":[[-79.672991,43.761642],[-79.657737,43.779195]]},"properties":{"PingCount":17,"AvgSpeedKmh":39.1}},{"type":"Feature","geometry":{"type":"LineString","coordinates":[[-79.695065,43.76572],[-79.713729,43.76572]]},"properties":{"PingCount":37,"AvgSpeedKmh":12.5}},{"type":"Feature","geometry":{"type":"LineString","coordinates":[[-79.713729,43.76572],[-79.732393,43.76572]]},"properties":{"PingCount":9,"AvgSpeedKmh":23.1}},{"type":"Feature","geometry":{"type":"LineString","coordinates":[[-79.713729,43.76572],[-79.713729,43.779195]]},"properties":{"PingCount":1,"AvgSpeedKmh":23.7}},{"type":"Feature","geometry":{"type":"LineString","coordinates":[[-79.713729,43.76572],[-79.732393,43.779195]]},"properties":{"PingCount":6,"AvgSpeedKmh":34.1}},{"type":"Feature","geometry":{"type":"LineString","coordinates":[[-79.713729,43.76572],[-79.751057,43.779195]]},"properties":{"PingCount":2,"AvgSpeedKmh":52.3}},{"type":"Feature","geometry":{"type":"LineString","coordinates":[[-79.732393,43.76572],[-79.732393,43.779195]]},"properties":{"PingCount":8,"AvgSpeedKmh":24.8}},{"type":"Feature","geometry":{"type":"LineString","coordinates":[[-79.732393,43.76572],[-79.751057,43.779195]]},"properties":{"PingCount":20,"AvgSpeedKmh":42.0}},{"type":"Feature","geometry":{"type":"LineString","coordinates":[[-79.732393,43.76572],[-79.751057,43.79267]]},"properties":{"PingCount":2,"AvgSpeedKmh":52.8}},{"type":"Feature","geometry":{"type":"LineString","coordinates":[[-79.751057,43.76572],[-79.769721,43.76572]]},"properties":{"PingCount":2,"AvgSpeedKmh":29.9}},{"type":"Feature","geometry":{"type":"LineString","coordinates":[[-79.751057,43.76572],[-79.769721,43.779195]]},"properties":{"PingCount":5,"AvgSpeedKmh":21.8}},{"type":"Feature","geometry":{"type":"LineString","coordinates":[[-79.769721,43.76572],[-79.788385,43.76572]]},"properties":{"PingCount":3,"AvgSpeedKmh":14.7}},{"type":"Feature","geometry":{"type":"LineString","coordinates":[[-79.769721,43.76572],[-79.769721,43.779195]]},"properties":{"PingCount":2,"AvgSpeedKmh":21.4}},{"type":"Feature","geometry":{"type":"LineString","coordinates":[[-79.769721,43.76572],[-79.788385,43.779195]]},"properties":{"PingCount":2,"AvgSpeedKmh":7.5}},{"type":"Feature","geometry":{"type":"LineString","coordinates":[[-79.788385,43.76572],[-79.807049,43.76572]]},"properties":{"PingCount":80,"AvgSpeedKmh":15.8}},{"type":"Feature","geometry":{"type":"LineString","coordinates":[[-79.788385,43.76572],[-79.769721,43.779195]]},"properties":{"PingCount":100,"AvgSpeedKmh":47.0}},{"type":"Feature","geometry":{"type":"LineString","coordinates":[[-79.788385,43.76572],[-79.788385,43.779195]]},"properties":{"PingCount":14,"AvgSpeedKmh":30.1}},{"type":"Feature","geometry":{"type":"LineString","coordinates":[[-79.788385,43.76572],[-79.751057,43.79267]]},"properties":{"PingCount":2,"AvgSpeedKmh":56.1}},{"type":"Feature","geometry":{"type":"LineString","coordinates":[[-79.788385,43.76572],[-79.769721,43.79267]]},"properties":{"PingCount":30,"AvgSpeedKmh":52.9}},{"type":"Feature","geometry":{"type":"LineString","coordinates":[[-79.807049,43.76572],[-79.788385,43.779195]]},"properties":{"PingCount":1,"AvgSpeedKmh":35.2}},{"type":"Feature","geometry":{"type":"LineString","coordinates":[[-79.135147,43.779195],[-79.153811,43.779195]]},"properties":{"PingCount":5,"AvgSpeedKmh":11.4}},{"type":"Feature","geometry":{"type":"LineString","coordinates":[[-79.135147,43.779195],[-79.14262,43.799369]]},"properties":{"PingCount":4,"AvgSpeedKmh":8.6}},{"type":"Feature","geometry":{"type":"LineString","coordinates":[[-79.135147,43.779195],[-79.147603,43.795916]]},"properties":{"PingCount":1,"AvgSpeedKmh":4.6}},{"type":"Feature","geometry":{"type":"LineString","coordinates":[[-79.153811,43.779195],[-79.147603,43.795916]]},"properties":{"PingCount":7,"AvgSpeedKmh":5.7}},{"type":"Feature","geometry":{"type":"LineString","coordinates":[[-79.173415,43.776502],[-79.183815,43.773786]]},"properties":{"PingCount":8,"AvgSpeedKmh":30.5}},{"type":"Feature","geometry":{"type":"LineString","coordinates":[[-79.173415,43.776502],[-79.14262,43.799369]]},"properties":{"PingCount":1,"AvgSpeedKmh":72.6}},{"type":"Feature","geometry":{"type":"LineString","coordinates":[[-79.173415,43.776502],[-79.147603,43.795916]]},"properties":{"PingCount":22,"AvgSpeedKmh":56.4}},{"type":"Feature","geometry":{"type":"LineString","coordinates":[[-79.173415,43.776502],[-79.17685,43.799443]]},"properties":{"PingCount":1,"AvgSpeedKmh":24.2}},{"type":"Feature","geometry":{"type":"LineString","coordinates":[[-79.173415,43.776502],[-79.187761,43.797872]]},"properties":{"PingCount":1,"AvgSpeedKmh":18.9}},{"type":"Feature","geometry":{"type":"LineString","coordinates":[[-79.173415,43.776502],[-79.122659,43.811798]]},"properties":{"PingCount":4,"AvgSpeedKmh":91.1}},{"type":"Feature","geometry":{"type":"LineString","coordinates":[[-79.173415,43.776502],[-79.130227,43.806971]]},"properties":{"PingCount":22,"AvgSpeedKmh":75.9}},{"type":"Feature","geometry":{"type":"LineString","coordinates":[[-79.183815,43.773786],[-79.209802,43.779195]]},"properties":{"PingCount":2,"AvgSpeedKmh":32.5}},{"type":"Feature","geometry":{"type":"LineString","coordinates":[[-79.183815,43.773786],[-79.147603,43.795916]]},"properties":{"PingCount":14,"AvgSpeedKmh":53.9}},{"type":"Feature","geometry":{"type":"LineString","coordinates":[[-79.183815,43.773786],[-79.187761,43.797872]]},"properties":{"PingCount":10,"AvgSpeedKmh":30.4}},{"type":"Feature","geometry":{"type":"LineString","coordinates":[[-79.209802,43.779195],[-79.235159,43.785097]]},"properties":{"PingCount":6,"AvgSpeedKmh":34.4}},{"type":"Feature","geometry":{"type":"LineString","coordinates":[[-79.235159,43.785097],[-79.25767,43.780909]]},"properties":{"PingCount":26,"AvgSpeedKmh":24.6}},{"type":"Feature","geometry":{"type":"LineString","coordinates":[[-79.235159,43.785097],[-79.269697,43.777893]]},"properties":{"PingCount":18,"AvgSpeedKmh":53.4}},{"type":"Feature","geometry":{"type":"LineString","coordinates":[[-79.235159,43.785097],[-79.28334,43.774952]]},"properties":{"PingCount":65,"AvgSpeedKmh":87.6}},{"type":"Feature","geometry":{"type":"LineString","coordinates":[[-79.235159,43.785097],[-79.294973,43.772774]]},"properties":{"PingCount":10,"AvgSpeedKmh":97.9}},{"type":"Feature","geometry":{"type":"LineString","coordinates":[[-79.235159,43.785097],[-79.17685,43.799443]]},"properties":{"PingCount":52,"AvgSpeedKmh":95.7}},{"type":"Feature","geometry":{"type":"LineString","coordinates":[[-79.235159,43.785097],[-79.187761,43.797872]]},"properties":{"PingCount":39,"AvgSpeedKmh":81.2}},{"type":"Feature","geometry":{"type":"LineString","coordinates":[[-79.235159,43.785097],[-79.204419,43.795645]]},"properties":{"PingCount":11,"AvgSpeedKmh":52.6}},{"type":"Feature","geometry":{"type":"LineString","coordinates":[[-79.235159,43.785097],[-79.226445,43.788324]]},"properties":{"PingCount":39,"AvgSpeedKmh":20.1}},{"type":"Feature","geometry":{"type":"LineString","coordinates":[[-79.235159,43.785097],[-79.241152,43.798541]]},"properties":{"PingCount":12,"AvgSpeedKmh":23.8}},{"type":"Feature","geometry":{"type":"LineString","coordinates":[[-79.235159,43.785097],[-79.130227,43.806971]]},"properties":{"PingCount":1,"AvgSpeedKmh":87.1}},{"type":"Feature","geometry":{"type":"LineString","coordinates":[[-79.235159,43.785097],[-79.16688,43.79997]]},"properties":{"PingCount":5,"AvgSpeedKmh":100.6}},{"type":"Feature","geometry":{"type":"LineString","coordinates":[[-79.235159,43.785097],[-79.243132,43.812899]]},"properties":{"PingCount":1,"AvgSpeedKmh":40.1}},{"type":"Feature","geometry":{"type":"LineString","coordinates":[[-79.25767,43.780909],[-79.269697,43.777893]]},"properties":{"PingCount":132,"AvgSpeedKmh":10.5}},{"type":"Feature","geometry":{"type":"LineString","coordinates":[[-79.25767,43.780909],[-79.28334,43.774952]]},"properties":{"PingCount":128,"AvgSpeedKmh":70.8}},{"type":"Feature","geometry":{"type":"LineString","coordinates":[[-79.25767,43.780909],[-79.294973,43.772774]]},"properties":{"PingCount":24,"AvgSpeedKmh":86.7}},{"type":"Feature","geometry":{"type":"LineString","coordinates":[[-79.25767,43.780909],[-79.17685,43.799443]]},"properties":{"PingCount":12,"AvgSpeedKmh":99.0}},{"type":"Feature","geometry":{"type":"LineString","coordinates":[[-79.25767,43.780909],[-79.187761,43.797872]]},"properties":{"PingCount":451,"AvgSpeedKmh":93.6}},{"type":"Feature","geometry":{"type":"LineString","coordinates":[[-79.25767,43.780909],[-79.204419,43.795645]]},"properties":{"PingCount":74,"AvgSpeedKmh":79.9}},{"type":"Feature","geometry":{"type":"LineString","coordinates":[[-79.25767,43.780909],[-79.226445,43.788324]]},"properties":{"PingCount":45,"AvgSpeedKmh":38.9}},{"type":"Feature","geometry":{"type":"LineString","coordinates":[[-79.25767,43.780909],[-79.241152,43.798541]]},"properties":{"PingCount":6,"AvgSpeedKmh":21.0}},{"type":"Feature","geometry":{"type":"LineString","coordinates":[[-79.25767,43.780909],[-79.265794,43.79267]]},"properties":{"PingCount":49,"AvgSpeedKmh":26.9}},{"type":"Feature","geometry":{"type":"LineString","coordinates":[[-79.25767,43.780909],[-79.130227,43.806971]]},"properties":{"PingCount":2,"AvgSpeedKmh":87.6}},{"type":"Feature","geometry":{"type":"LineString","coordinates":[[-79.25767,43.780909],[-79.265794,43.806144]]},"properties":{"PingCount":5,"AvgSpeedKmh":39.4}},{"type":"Feature","geometry":{"type":"LineString","coordinates":[[-79.25767,43.780909],[-78.929843,43.940891]]},"properties":{"PingCount":2,"AvgSpeedKmh":40.6}},{"type":"Feature","geometry":{"type":"LineString","coordinates":[[-79.269697,43.777893],[-79.28334,43.774952]]},"properties":{"PingCount":81,"AvgSpeedKmh":30.1}},{"type":"Feature","geometry":{"type":"LineString","coordinates":[[-79.269697,43.777893],[-79.294973,43.772774]]},"properties":{"PingCount":6,"AvgSpeedKmh":47.1}},{"type":"Feature","geometry":{"type":"LineString","coordinates":[[-79.269697,43.777893],[-79.147603,43.795916]]},"properties":{"PingCount":1,"AvgSpeedKmh":86.1}},{"type":"Feature","geometry":{"type":"LineString","coordinates":[[-79.269697,43.777893],[-79.17685,43.799443]]},"properties":{"PingCount":1,"AvgSpeedKmh":51.1}},{"type":"Feature","geometry":{"type":"LineString","coordinates":[[-79.269697,43.777893],[-79.187761,43.797872]]},"properties":{"PingCount":11,"AvgSpeedKmh":99.9}},{"type":"Feature","geometry":{"type":"LineString","coordinates":[[-79.269697,43.777893],[-79.204419,43.795645]]},"properties":{"PingCount":382,"AvgSpeedKmh":93.9}},{"type":"Feature","geometry":{"type":"LineString","coordinates":[[-79.269697,43.777893],[-79.226445,43.788324]]},"properties":{"PingCount":62,"AvgSpeedKmh":82.1}},{"type":"Feature","geometry":{"type":"LineString","coordinates":[[-79.269697,43.777893],[-79.241152,43.798541]]},"properties":{"PingCount":2,"AvgSpeedKmh":37.1}},{"type":"Feature","geometry":{"type":"LineString","coordinates":[[-79.269697,43.777893],[-79.265794,43.79267]]},"properties":{"PingCount":17,"AvgSpeedKmh":20.8}},{"type":"Feature","geometry":{"type":"LineString","coordinates":[[-79.269697,43.777893],[-79.284458,43.79267]]},"properties":{"PingCount":3,"AvgSpeedKmh":27.2}},{"type":"Feature","geometry":{"type":"LineString","coordinates":[[-79.269697,43.777893],[-79.16688,43.79997]]},"properties":{"PingCount":1,"AvgSpeedKmh":83.0}},{"type":"Feature","geometry":{"type":"LineString","coordinates":[[-79.269697,43.777893],[-79.265794,43.806144]]},"properties":{"PingCount":1,"AvgSpeedKmh":34.8}},{"type":"Feature","geometry":{"type":"LineString","coordinates":[[-79.28334,43.774952],[-79.294973,43.772774]]},"properties":{"PingCount":26,"AvgSpeedKmh":21.1}},{"type":"Feature","geometry":{"type":"LineString","coordinates":[[-79.28334,43.774952],[-79.359114,43.779195]]},"properties":{"PingCount":1,"AvgSpeedKmh":9.5}},{"type":"Feature","geometry":{"type":"LineString","coordinates":[[-79.28334,43.774952],[-79.204419,43.795645]]},"properties":{"PingCount":13,"AvgSpeedKmh":99.0}},{"type":"Feature","geometry":{"type":"LineString","coordinates":[[-79.28334,43.774952],[-79.226445,43.788324]]},"properties":{"PingCount":342,"AvgSpeedKmh":93.6}},{"type":"Feature","geometry":{"type":"LineString","coordinates":[[-79.28334,43.774952],[-79.241152,43.798541]]},"properties":{"PingCount":2,"AvgSpeedKmh":42.4}},{"type":"Feature","geometry":{"type":"LineString","coordinates":[[-79.28334,43.774952],[-79.265794,43.79267]]},"properties":{"PingCount":24,"AvgSpeedKmh":29.6}},{"type":"Feature","geometry":{"type":"LineString","coordinates":[[-79.28334,43.774952],[-79.284458,43.79267]]},"properties":{"PingCount":25,"AvgSpeedKmh":15.4}},{"type":"Feature","geometry":{"type":"LineString","coordinates":[[-79.28334,43.774952],[-79.303122,43.79267]]},"properties":{"PingCount":5,"AvgSpeedKmh":31.1}},{"type":"Feature","geometry":{"type":"LineString","coordinates":[[-79.28334,43.774952],[-79.16688,43.79997]]},"properties":{"PingCount":1,"AvgSpeedKmh":96.3}},{"type":"Feature","geometry":{"type":"LineString","coordinates":[[-79.28334,43.774952],[-79.303122,43.806144]]},"properties":{"PingCount":10,"AvgSpeedKmh":35.8}},{"type":"Feature","geometry":{"type":"LineString","coordinates":[[-79.28334,43.774952],[-78.929843,43.940891]]},"properties":{"PingCount":2,"AvgSpeedKmh":30.5}},{"type":"Feature","geometry":{"type":"LineString","coordinates":[[-79.294973,43.772774],[-79.321786,43.779195]]},"properties":{"PingCount":6,"AvgSpeedKmh":28.1}},{"type":"Feature","geometry":{"type":"LineString","coordinates":[[-79.294973,43.772774],[-79.34129,43.783424]]},"properties":{"PingCount":1,"AvgSpeedKmh":72.3}},{"type":"Feature","geometry":{"type":"LineString","coordinates":[[-79.294973,43.772774],[-79.226445,43.788324]]},"properties":{"PingCount":1,"AvgSpeedKmh":104.8}},{"type":"Feature","geometry":{"type":"LineString","coordinates":[[-79.294973,43.772774],[-79.303122,43.79267]]},"properties":{"PingCount":3,"AvgSpeedKmh":25.0}},{"type":"Feature","geometry":{"type":"LineString","coordinates":[[-79.294973,43.772774],[-79.321786,43.79267]]},"properties":{"PingCount":14,"AvgSpeedKmh":33.2}},{"type":"Feature","geometry":{"type":"LineString","coordinates":[[-79.294973,43.772774],[-79.321786,43.806144]]},"properties":{"PingCount":3,"AvgSpeedKmh":37.8}},{"type":"Feature","geometry":{"type":"LineString","coordinates":[[-79.294973,43.772774],[-78.929843,43.940891]]},"properties":{"PingCount":1,"AvgSpeedKmh":35.3}},{"type":"Feature","geometry":{"type":"LineString","coordinates":[[-79.321786,43.779195],[-79.34129,43.783424]]},"properties":{"PingCount":4,"AvgSpeedKmh":22.6}},{"type":"Feature","geometry":{"type":"LineString","coordinates":[[-79.321786,43.779195],[-79.303122,43.79267]]},"properties":{"PingCount":1,"AvgSpeedKmh":25.5}},{"type":"Feature","geometry":{"type":"LineString","coordinates":[[-79.321786,43.779195],[-79.321786,43.79267]]},"properties":{"PingCount":13,"AvgSpeedKmh":32.0}},{"type":"Feature","geometry":{"type":"LineString","coordinates":[[-79.321786,43.779195],[-79.342547,43.789564]]},"properties":{"PingCount":5,"AvgSpeedKmh":32.2}},{"type":"Feature","geometry":{"type":"LineString","coordinates":[[-79.34129,43.783424],[-79.359114,43.779195]]},"properties":{"PingCount":13,"AvgSpeedKmh":10.1}},{"type":"Feature","geometry":{"type":"LineString","coordinates":[[-79.34129,43.783424],[-79.342547,43.789564]]},"properties":{"PingCount":48,"AvgSpeedKmh":20.5}},{"type":"Feature","geometry":{"type":"LineString","coordinates":[[-79.34129,43.783424],[-79.359114,43.79267]]},"properties":{"PingCount":9,"AvgSpeedKmh":21.7}},{"type":"Feature","geometry":{"type":"LineString","coordinates":[[-79.34129,43.783424],[-79.347271,43.809825]]},"properties":{"PingCount":25,"AvgSpeedKmh":69.5}},{"type":"Feature","geometry":{"type":"LineString","coordinates":[[-79.34129,43.783424],[-79.351694,43.812979]]},"properties":{"PingCount":9,"AvgSpeedKmh":81.8}},{"type":"Feature","geometry":{"type":"LineString","coordinates":[[-79.34129,43.783424],[-79.351694,43.812979]]},"properties":{"PingCount":2,"AvgSpeedKmh":68.7}},{"type":"Feature","geometry":{"type":"LineString","coordinates":[[-79.34129,43.783424],[-79.351694,43.812979]]},"properties":{"PingCount":33,"AvgSpeedKmh":85.4}},{"type":"Feature","geometry":{"type":"LineString","coordinates":[[-79.34129,43.783424],[-78.911179,43.940891]]},"properties":{"PingCount":2,"AvgSpeedKmh":38.9}},{"type":"Feature","geometry":{"type":"LineString","coordinates":[[-79.34129,43.783424],[-78.929843,43.940891]]},"properties":{"PingCount":1,"AvgSpeedKmh":38.9}},{"type":"Feature","geometry":{"type":"LineString","coordinates":[[-79.359114,43.779195],[-79.14262,43.799369]]},"properties":{"PingCount":1,"AvgSpeedKmh":16.8}},{"type":"Feature","geometry":{"type":"LineString","coordinates":[[-79.359114,43.779195],[-79.342547,43.789564]]},"properties":{"PingCount":1,"AvgSpeedKmh":32.6}},{"type":"Feature","geometry":{"type":"LineString","coordinates":[[-79.359114,43.779195],[-79.359114,43.79267]]},"properties":{"PingCount":12,"AvgSpeedKmh":6.7}},{"type":"Feature","geometry":{"type":"LineString","coordinates":[[-79.359114,43.779195],[-79.377778,43.79267]]},"properties":{"PingCount":5,"AvgSpeedKmh":25.2}},{"type":"Feature","geometry":{"type":"LineString","coordinates":[[-79.359114,43.779195],[-79.004499,43.900467]]},"properties":{"PingCount":1,"AvgSpeedKmh":31.5}},{"type":"Feature","geometry":{"type":"LineString","coordinates":[[-79.359114,43.779195],[-78.892515,43.927416]]},"properties":{"PingCount":1,"AvgSpeedKmh":39.8}},{"type":"Feature","geometry":{"type":"LineString","coordinates":[[-79.359114,43.779195],[-78.929843,43.927416]]},"properties":{"PingCount":1,"AvgSpeedKmh":37.3}},{"type":"Feature","geometry":{"type":"LineString","coordinates":[[-79.359114,43.779195],[-78.911179,43.940891]]},"properties":{"PingCount":2,"AvgSpeedKmh":38.8}},{"type":"Feature","geometry":{"type":"LineString","coordinates":[[-79.359114,43.779195],[-78.929843,43.940891]]},"properties":{"PingCount":3,"AvgSpeedKmh":30.8}},{"type":"Feature","geometry":{"type":"LineString","coordinates":[[-79.359114,43.779195],[-78.959785,43.947293]]},"properties":{"PingCount":1,"AvgSpeedKmh":37.6}},{"type":"Feature","geometry":{"type":"LineString","coordinates":[[-79.377778,43.779195],[-79.377778,43.79267]]},"properties":{"PingCount":2,"AvgSpeedKmh":9.3}},{"type":"Feature","geometry":{"type":"LineString","coordinates":[[-79.396442,43.779195],[-79.415442,43.779767]]},"properties":{"PingCount":9,"AvgSpeedKmh":27.4}},{"type":"Feature","geometry":{"type":"LineString","coordinates":[[-79.396442,43.779195],[-79.377778,43.79267]]},"properties":{"PingCount":4,"AvgSpeedKmh":26.4}},{"type":"Feature","geometry":{"type":"LineString","coordinates":[[-79.396442,43.779195],[-79.396442,43.79267]]},"properties":{"PingCount":3,"AvgSpeedKmh":18.5}},{"type":"Feature","geometry":{"type":"LineString","coordinates":[[-79.415442,43.779767],[-79.43377,43.779195]]},"properties":{"PingCount":5,"AvgSpeedKmh":27.9}},{"type":"Feature","geometry":{"type":"LineString","coordinates":[[-79.415442,43.779767],[-79.420014,43.798026]]},"properties":{"PingCount":1,"AvgSpeedKmh":31.3}},{"type":"Feature","geometry":{"type":"LineString","coordinates":[[-79.43377,43.779195],[-79.452434,43.779195]]},"properties":{"PingCount":5,"AvgSpeedKmh":19.3}},{"type":"Feature","geometry":{"type":"LineString","coordinates":[[-79.43377,43.779195],[-79.452434,43.79267]]},"properties":{"PingCount":2,"AvgSpeedKmh":28.0}},{"type":"Feature","geometry":{"type":"LineString","coordinates":[[-79.452434,43.779195],[-79.452434,43.79267]]},"properties":{"PingCount":28,"AvgSpeedKmh":22.5}},{"type":"Feature","geometry":{"type":"LineString","coordinates":[[-79.471098,43.779195],[-79.489762,43.779195]]},"properties":{"PingCount":2,"AvgSpeedKmh":7.7}},{"type":"Feature","geometry":{"type":"LineString","coordinates":[[-79.471098,43.779195],[-79.471098,43.79267]]},"properties":{"PingCount":5,"AvgSpeedKmh":19.1}},{"type":"Feature","geometry":{"type":"LineString","coordinates":[[-79.489762,43.779195],[-79.508426,43.779195]]},"properties":{"PingCount":10,"AvgSpeedKmh":23.4}},{"type":"Feature","geometry":{"type":"LineString","coordinates":[[-79.489762,43.779195],[-79.535178,43.773025]]},"properties":{"PingCount":5,"AvgSpeedKmh":39.8}},{"type":"Feature","geometry":{"type":"LineString","coordinates":[[-79.489762,43.779195],[-79.471098,43.79267]]},"properties":{"PingCount":2,"AvgSpeedKmh":29.5}},{"type":"Feature","geometry":{"type":"LineString","coordinates":[[-79.489762,43.779195],[-79.499387,43.800225]]},"properties":{"PingCount":9,"AvgSpeedKmh":24.8}},{"type":"Feature","geometry":{"type":"LineString","coordinates":[[-79.508426,43.779195],[-79.535178,43.773025]]},"properties":{"PingCount":11,"AvgSpeedKmh":28.4}},{"type":"Feature","geometry":{"type":"LineString","coordinates":[[-79.508426,43.779195],[-79.499387,43.800225]]},"properties":{"PingCount":1,"AvgSpeedKmh":28.4}},{"type":"Feature","geometry":{"type":"LineString","coordinates":[[-79.535178,43.773025],[-79.536711,43.791795]]},"properties":{"PingCount":2,"AvgSpeedKmh":23.3}},{"type":"Feature","geometry":{"type":"LineString","coordinates":[[-79.535178,43.773025],[-79.55595,43.787627]]},"properties":{"PingCount":1,"AvgSpeedKmh":43.3}},{"type":"Feature","geometry":{"type":"LineString","coordinates":[[-79.535178,43.773025],[-79.481293,43.811356]]},"properties":{"PingCount":10,"AvgSpeedKmh":90.8}},{"type":"Feature","geometry":{"type":"LineString","coordinates":[[-79.535178,43.773025],[-79.482467,43.806438]]},"properties":{"PingCount":14,"AvgSpeedKmh":93.5}},{"type":"Feature","geometry":{"type":"LineString","coordinates":[[-79.535178,43.773025],[-79.543393,43.808867]]},"properties":{"PingCount":1,"AvgSpeedKmh":84.6}},{"type":"Feature","geometry":{"type":"LineString","coordinates":[[-79.535178,43.773025],[-79.545582,43.818917]]},"properties":{"PingCount":11,"AvgSpeedKmh":94.2}},{"type":"Feature","geometry":{"type":"LineString","coordinates":[[-79.536869,43.781795],[-79.573083,43.78411]]},"properties":{"PingCount":2,"AvgSpeedKmh":24.0}},{"type":"Feature","geometry":{"type":"LineString","coordinates":[[-79.536869,43.781795],[-79.499387,43.800225]]},"properties":{"PingCount":15,"AvgSpeedKmh":95.5}},{"type":"Feature","geometry":{"type":"LineString","coordinates":[[-79.536869,43.781795],[-79.509058,43.797597]]},"properties":{"PingCount":1,"AvgSpeedKmh":87.1}},{"type":"Feature","geometry":{"type":"LineString","coordinates":[[-79.536869,43.781795],[-79.55595,43.787627]]},"properties":{"PingCount":11,"AvgSpeedKmh":22.9}},{"type":"Feature","geometry":{"type":"LineString","coordinates":[[-79.536869,43.781795],[-79.482467,43.806438]]},"properties":{"PingCount":2,"AvgSpeedKmh":95.7}},{"type":"Feature","geometry":{"type":"LineString","coordinates":[[-79.536869,43.781795],[-79.543393,43.808867]]},"properties":{"PingCount":1,"AvgSpeedKmh":64.1}},{"type":"Feature","geometry":{"type":"LineString","coordinates":[[-79.536869,43.781795],[-79.545582,43.818917]]},"properties":{"PingCount":19,"AvgSpeedKmh":92.2}},{"type":"Feature","geometry":{"type":"LineString","coordinates":[[-79.536869,43.781795],[-79.546156,43.825557]]},"properties":{"PingCount":6,"AvgSpeedKmh":95.2}},{"type":"Feature","geometry":{"type":"LineString","coordinates":[[-79.573083,43.78411],[-79.588654,43.780695]]},"properties":{"PingCount":16,"AvgSpeedKmh":26.4}},{"type":"Feature","geometry":{"type":"LineString","coordinates":[[-79.573083,43.78411],[-79.609355,43.775841]]},"properties":{"PingCount":5,"AvgSpeedKmh":46.4}},{"type":"Feature","geometry":{"type":"LineString","coordinates":[[-79.573083,43.78411],[-79.499387,43.800225]]},"properties":{"PingCount":3,"AvgSpeedKmh":101.8}},{"type":"Feature","geometry":{"type":"LineString","coordinates":[[-79.573083,43.78411],[-79.509058,43.797597]]},"properties":{"PingCount":29,"AvgSpeedKmh":96.2}},{"type":"Feature","geometry":{"type":"LineString","coordinates":[[-79.573083,43.78411],[-79.536711,43.791795]]},"properties":{"PingCount":3,"AvgSpeedKmh":76.1}},{"type":"Feature","geometry":{"type":"LineString","coordinates":[[-79.573083,43.78411],[-79.55595,43.787627]]},"properties":{"PingCount":15,"AvgSpeedKmh":36.4}},{"type":"Feature","geometry":{"type":"LineString","coordinates":[[-79.573083,43.78411],[-79.556086,43.787557]]},"properties":{"PingCount":6,"AvgSpeedKmh":26.0}},{"type":"Feature","geometry":{"type":"LineString","coordinates":[[-79.573083,43.78411],[-79.583081,43.79267]]},"properties":{"PingCount":11,"AvgSpeedKmh":28.6}},{"type":"Feature","geometry":{"type":"LineString","coordinates":[[-79.573083,43.78411],[-79.543393,43.808867]]},"properties":{"PingCount":1,"AvgSpeedKmh":65.3}},{"type":"Feature","geometry":{"type":"LineString","coordinates":[[-79.573083,43.78411],[-79.583081,43.806144]]},"properties":{"PingCount":4,"AvgSpeedKmh":46.4}},{"type":"Feature","geometry":{"type":"LineString","coordinates":[[-79.588654,43.780695],[-79.609355,43.775841]]},"properties":{"PingCount":39,"AvgSpeedKmh":29.8}},{"type":"Feature","geometry":{"type":"LineString","coordinates":[[-79.588654,43.780695],[-79.625848,43.772083]]},"properties":{"PingCount":5,"AvgSpeedKmh":47.9}},{"type":"Feature","geometry":{"type":"LineString","coordinates":[[-79.588654,43.780695],[-79.55595,43.787627]]},"properties":{"PingCount":8,"AvgSpeedKmh":42.9}},{"type":"Feature","geometry":{"type":"LineString","coordinates":[[-79.588654,43.780695],[-79.556086,43.787557]]},"properties":{"PingCount":14,"AvgSpeedKmh":31.4}},{"type":"Feature","geometry":{"type":"LineString","coordinates":[[-79.609355,43.775841],[-79.625848,43.772083]]},"properties":{"PingCount":35,"AvgSpeedKmh":24.0}},{"type":"Feature","geometry":{"type":"LineString","coordinates":[[-79.609355,43.775841],[-79.63578,43.776004]]},"properties":{"PingCount":1,"AvgSpeedKmh":41.3}},{"type":"Feature","geometry":{"type":"LineString","coordinates":[[-79.625848,43.772083],[-79.63578,43.776004]]},"properties":{"PingCount":21,"AvgSpeedKmh":25.2}},{"type":"Feature","geometry":{"type":"LineString","coordinates":[[-79.625848,43.772083],[-79.620409,43.79267]]},"properties":{"PingCount":17,"AvgSpeedKmh":28.1}},{"type":"Feature","geometry":{"type":"LineString","coordinates":[[-79.625848,43.772083],[-79.639073,43.79267]]},"properties":{"PingCount":25,"AvgSpeedKmh":44.8}},{"type":"Feature","geometry":{"type":"LineString","coordinates":[[-79.625848,43.772083],[-79.620409,43.806144]]},"properties":{"PingCount":3,"AvgSpeedKmh":50.8}},{"type":"Feature","geometry":{"type":"LineString","coordinates":[[-79.63578,43.776004],[-79.657737,43.779195]]},"properties":{"PingCount":1,"AvgSpeedKmh":39.5}},{"type":"Feature","geometry":{"type":"LineString","coordinates":[[-79.63578,43.776004],[-79.620409,43.79267]]},"properties":{"PingCount":1,"AvgSpeedKmh":34.5}},{"type":"Feature","geometry":{"type":"LineString","coordinates":[[-79.63578,43.776004],[-79.639073,43.79267]]},"properties":{"PingCount":18,"AvgSpeedKmh":62.0}},{"type":"Feature","geometry":{"type":"LineString","coordinates":[[-79.63578,43.776004],[-79.657737,43.79267]]},"properties":{"PingCount":3,"AvgSpeedKmh":26.0}},{"type":"Feature","geometry":{"type":"LineString","coordinates":[[-79.63578,43.776004],[-79.639073,43.806144]]},"properties":{"PingCount":66,"AvgSpeedKmh":67.9}},{"type":"Feature","geometry":{"type":"LineString","coordinates":[[-79.63578,43.776004],[-79.657737,43.806144]]},"properties":{"PingCount":76,"AvgSpeedKmh":80.9}},{"type":"Feature","geometry":{"type":"LineString","coordinates":[[-79.63578,43.776004],[-79.657737,43.819619]]},"properties":{"PingCount":398,"AvgSpeedKmh":93.2}},{"type":"Feature","geometry":{"type":"LineString","coordinates":[[-79.63578,43.776004],[-79.676401,43.819619]]},"properties":{"PingCount":2,"AvgSpeedKmh":55.3}},{"type":"Feature","geometry":{"type":"LineString","coordinates":[[-79.657737,43.779195],[-79.676401,43.779195]]},"properties":{"PingCount":1,"AvgSpeedKmh":23.2}},{"type":"Feature","geometry":{"type":"LineString","coordinates":[[-79.657737,43.779195],[-79.639073,43.79267]]},"properties":{"PingCount":35,"AvgSpeedKmh":30.0}},{"type":"Feature","geometry":{"type":"LineString","coordinates":[[-79.657737,43.779195],[-79.657737,43.79267]]},"properties":{"PingCount":253,"AvgSpeedKmh":39.6}},{"type":"Feature","geometry":{"type":"LineString","coordinates":[[-79.657737,43.779195],[-79.676401,43.79267]]},"properties":{"PingCount":5,"AvgSpeedKmh":48.6}},{"type":"Feature","geometry":{"type":"LineString","coordinates":[[-79.657737,43.779195],[-79.639073,43.806144]]},"properties":{"PingCount":2,"AvgSpeedKmh":44.7}},{"type":"Feature","geometry":{"type":"LineString","coordinates":[[-79.657737,43.779195],[-79.657737,43.806144]]},"properties":{"PingCount":8,"AvgSpeedKmh":47.6}},{"type":"Feature","geometry":{"type":"LineString","coordinates":[[-79.657737,43.779195],[-79.676401,43.806144]]},"properties":{"PingCount":296,"AvgSpeedKmh":55.5}},{"type":"Feature","geometry":{"type":"LineString","coordinates":[[-79.657737,43.779195],[-79.676401,43.819619]]},"properties":{"PingCount":27,"AvgSpeedKmh":70.1}},{"type":"Feature","geometry":{"type":"LineString","coordinates":[[-79.695065,43.779195],[-79.713729,43.779195]]},"properties":{"PingCount":1,"AvgSpeedKmh":30.4}},{"type":"Feature","geometry":{"type":"LineString","coordinates":[[-79.695065,43.779195],[-79.676401,43.806144]]},"properties":{"PingCount":1,"AvgSpeedKmh":45.2}},{"type":"Feature","geometry":{"type":"LineString","coordinates":[[-79.732393,43.779195],[-79.751057,43.779195]]},"properties":{"PingCount":3,"AvgSpeedKmh":27.8}},{"type":"Feature","geometry":{"type":"LineString","coordinates":[[-79.732393,43.779195],[-79.751057,43.79267]]},"properties":{"PingCount":10,"AvgSpeedKmh":45.9}},{"type":"Feature","geometry":{"type":"LineString","coordinates":[[-79.751057,43.779195],[-79.769721,43.779195]]},"properties":{"PingCount":6,"AvgSpeedKmh":34.0}},{"type":"Feature","geometry":{"type":"LineString","coordinates":[[-79.751057,43.779195],[-79.751057,43.79267]]},"properties":{"PingCount":9,"AvgSpeedKmh":30.5}},{"type":"Feature","geometry":{"type":"LineString","coordinates":[[-79.751057,43.779195],[-79.769721,43.79267]]},"properties":{"PingCount":12,"AvgSpeedKmh":42.4}},{"type":"Feature","geometry":{"type":"LineString","coordinates":[[-79.769721,43.779195],[-79.788385,43.779195]]},"properties":{"PingCount":1,"AvgSpeedKmh":25.1}},{"type":"Feature","geometry":{"type":"LineString","coordinates":[[-79.769721,43.779195],[-79.751057,43.79267]]},"properties":{"PingCount":74,"AvgSpeedKmh":42.1}},{"type":"Feature","geometry":{"type":"LineString","coordinates":[[-79.769721,43.779195],[-79.769721,43.79267]]},"properties":{"PingCount":6,"AvgSpeedKmh":37.6}},{"type":"Feature","geometry":{"type":"LineString","coordinates":[[-79.769721,43.779195],[-79.751057,43.806144]]},"properties":{"PingCount":22,"AvgSpeedKmh":50.7}},{"type":"Feature","geometry":{"type":"LineString","coordinates":[[-79.788385,43.779195],[-79.751057,43.79267]]},"properties":{"PingCount":12,"AvgSpeedKmh":53.3}},{"type":"Feature","geometry":{"type":"LineString","coordinates":[[-79.788385,43.779195],[-79.769721,43.79267]]},"properties":{"PingCount":14,"AvgSpeedKmh":47.4}},{"type":"Feature","geometry":{"type":"LineString","coordinates":[[-79.878286,43.77342],[-79.863041,43.79267]]},"properties":{"PingCount":1,"AvgSpeedKmh":49.3}},{"type":"Feature","geometry":{"type":"LineString","coordinates":[[-79.14262,43.799369],[-79.147603,43.795916]]},"properties":{"PingCount":10,"AvgSpeedKmh":11.4}},{"type":"Feature","geometry":{"type":"LineString","coordinates":[[-79.14262,43.799369],[-79.187761,43.797872]]},"properties":{"PingCount":58,"AvgSpeedKmh":87.6}},{"type":"Feature","geometry":{"type":"LineString","coordinates":[[-79.14262,43.799369],[-79.204419,43.795645]]},"properties":{"PingCount":35,"AvgSpeedKmh":94.5}},{"type":"Feature","geometry":{"type":"LineString","coordinates":[[-79.14262,43.799369],[-79.122659,43.811798]]},"properties":{"PingCount":1,"AvgSpeedKmh":40.0}},{"type":"Feature","geometry":{"type":"LineString","coordinates":[[-79.14262,43.799369],[-79.130227,43.806971]]},"properties":{"PingCount":4,"AvgSpeedKmh":19.5}},{"type":"Feature","geometry":{"type":"LineString","coordinates":[[-79.14262,43.799369],[-79.16688,43.79997]]},"properties":{"PingCount":2,"AvgSpeedKmh":44.2}},{"type":"Feature","geometry":{"type":"LineString","coordinates":[[-79.14262,43.799369],[-79.103028,43.824032]]},"properties":{"PingCount":46,"AvgSpeedKmh":91.6}},{"type":"Feature","geometry":{"type":"LineString","coordinates":[[-79.14262,43.799369],[-79.109869,43.819282]]},"properties":{"PingCount":2,"AvgSpeedKmh":55.1}},{"type":"Feature","geometry":{"type":"LineString","coordinates":[[-79.14262,43.799369],[-79.094314,43.828231]]},"properties":{"PingCount":47,"AvgSpeedKmh":98.3}},{"type":"Feature","geometry":{"type":"LineString","coordinates":[[-79.14262,43.799369],[-78.911179,43.940891]]},"properties":{"PingCount":1,"AvgSpeedKmh":24.0}},{"type":"Feature","geometry":{"type":"LineString","coordinates":[[-79.14262,43.799369],[-78.929843,43.940891]]},"properties":{"PingCount":2,"AvgSpeedKmh":25.0}},{"type":"Feature","geometry":{"type":"LineString","coordinates":[[-79.147603,43.795916],[-79.17685,43.799443]]},"properties":{"PingCount":4,"AvgSpeedKmh":42.2}},{"type":"Feature","geometry":{"type":"LineString","coordinates":[[-79.147603,43.795916],[-79.187761,43.797872]]},"properties":{"PingCount":47,"AvgSpeedKmh":74.4}},{"type":"Feature","geometry":{"type":"LineString","coordinates":[[-79.147603,43.795916],[-79.204419,43.795645]]},"properties":{"PingCount":441,"AvgSpeedKmh":92.2}},{"type":"Feature","geometry":{"type":"LineString","coordinates":[[-79.147603,43.795916],[-79.226445,43.788324]]},"properties":{"PingCount":58,"AvgSpeedKmh":96.0}},{"type":"Feature","geometry":{"type":"LineString","coordinates":[[-79.147603,43.795916],[-79.122659,43.811798]]},"properties":{"PingCount":16,"AvgSpeedKmh":68.7}},{"type":"Feature","geometry":{"type":"LineString","coordinates":[[-79.147603,43.795916],[-79.130227,43.806971]]},"properties":{"PingCount":38,"AvgSpeedKmh":29.9}},{"type":"Feature","geometry":{"type":"LineString","coordinates":[[-79.147603,43.795916],[-79.144325,43.800176]]},"properties":{"PingCount":3,"AvgSpeedKmh":10.8}},{"type":"Feature","geometry":{"type":"LineString","coordinates":[[-79.147603,43.795916],[-79.16688,43.79997]]},"properties":{"PingCount":8,"AvgSpeedKmh":31.7}},{"type":"Feature","geometry":{"type":"LineString","coordinates":[[-79.147603,43.795916],[-79.103028,43.824032]]},"properties":{"PingCount":233,"AvgSpeedKmh":95.8}},{"type":"Feature","geometry":{"type":"LineString","coordinates":[[-79.147603,43.795916],[-79.109869,43.819282]]},"properties":{"PingCount":307,"AvgSpeedKmh":88.4}},{"type":"Feature","geometry":{"type":"LineString","coordinates":[[-79.147603,43.795916],[-79.094314,43.828231]]},"properties":{"PingCount":7,"AvgSpeedKmh":101.1}},{"type":"Feature","geometry":{"type":"LineString","coordinates":[[-79.147603,43.795916],[-79.011958,43.855423]]},"properties":{"PingCount":2,"AvgSpeedKmh":50.4}},{"type":"Feature","geometry":{"type":"LineString","coordinates":[[-79.147603,43.795916],[-78.911179,43.940891]]},"properties":{"PingCount":1,"AvgSpeedKmh":25.2}},{"type":"Feature","geometry":{"type":"LineString","coordinates":[[-79.147603,43.795916],[-78.929843,43.940891]]},"properties":{"PingCount":1,"AvgSpeedKmh":21.7}},{"type":"Feature","geometry":{"type":"LineString","coordinates":[[-79.147603,43.795916],[-79.005416,43.943098]]},"properties":{"PingCount":1,"AvgSpeedKmh":9.7}},{"type":"Feature","geometry":{"type":"LineString","coordinates":[[-79.17685,43.799443],[-79.187761,43.797872]]},"properties":{"PingCount":8,"AvgSpeedKmh":18.8}},{"type":"Feature","geometry":{"type":"LineString","coordinates":[[-79.17685,43.799443],[-79.204419,43.795645]]},"properties":{"PingCount":12,"AvgSpeedKmh":73.3}},{"type":"Feature","geometry":{"type":"LineString","coordinates":[[-79.17685,43.799443],[-79.226445,43.788324]]},"properties":{"PingCount":104,"AvgSpeedKmh":93.2}},{"type":"Feature","geometry":{"type":"LineString","coordinates":[[-79.17685,43.799443],[-79.122659,43.811798]]},"properties":{"PingCount":40,"AvgSpeedKmh":86.7}},{"type":"Feature","geometry":{"type":"LineString","coordinates":[[-79.17685,43.799443],[-79.130227,43.806971]]},"properties":{"PingCount":72,"AvgSpeedKmh":84.8}},{"type":"Feature","geometry":{"type":"LineString","coordinates":[[-79.17685,43.799443],[-79.144325,43.800176]]},"properties":{"PingCount":1,"AvgSpeedKmh":29.0}},{"type":"Feature","geometry":{"type":"LineString","coordinates":[[-79.17685,43.799443],[-79.16688,43.79997]]},"properties":{"PingCount":2,"AvgSpeedKmh":40.2}},{"type":"Feature","geometry":{"type":"LineString","coordinates":[[-79.17685,43.799443],[-79.109869,43.819282]]},"properties":{"PingCount":64,"AvgSpeedKmh":87.0}},{"type":"Feature","geometry":{"type":"LineString","coordinates":[[-79.17685,43.799443],[-78.977653,43.872092]]},"properties":{"PingCount":1,"AvgSpeedKmh":55.4}},{"type":"Feature","geometry":{"type":"LineString","coordinates":[[-79.187761,43.797872],[-79.204419,43.795645]]},"properties":{"PingCount":39,"AvgSpeedKmh":11.9}},{"type":"Feature","geometry":{"type":"LineString","coordinates":[[-79.187761,43.797872],[-79.226445,43.788324]]},"properties":{"PingCount":44,"AvgSpeedKmh":70.2}},{"type":"Feature","geometry":{"type":"LineString","coordinates":[[-79.187761,43.797872],[-79.241152,43.798541]]},"properties":{"PingCount":1,"AvgSpeedKmh":43.5}},{"type":"Feature","geometry":{"type":"LineString","coordinates":[[-79.187761,43.797872],[-79.130227,43.806971]]},"properties":{"PingCount":440,"AvgSpeedKmh":88.1}},{"type":"Feature","geometry":{"type":"LineString","coordinates":[[-79.187761,43.797872],[-79.16688,43.79997]]},"properties":{"PingCount":6,"AvgSpeedKmh":48.6}},{"type":"Feature","geometry":{"type":"LineString","coordinates":[[-79.187761,43.797872],[-79.191138,43.806144]]},"properties":{"PingCount":4,"AvgSpeedKmh":11.8}},{"type":"Feature","geometry":{"type":"LineString","coordinates":[[-79.187761,43.797872],[-79.209802,43.806144]]},"properties":{"PingCount":6,"AvgSpeedKmh":18.1}},{"type":"Feature","geometry":{"type":"LineString","coordinates":[[-79.187761,43.797872],[-78.911179,43.940891]]},"properties":{"PingCount":2,"AvgSpeedKmh":40.3}},{"type":"Feature","geometry":{"type":"LineString","coordinates":[[-79.187761,43.797872],[-78.929843,43.940891]]},"properties":{"PingCount":1,"AvgSpeedKmh":32.0}},{"type":"Feature","geometry":{"type":"LineString","coordinates":[[-79.204419,43.795645],[-79.226445,43.788324]]},"properties":{"PingCount":37,"AvgSpeedKmh":42.8}},{"type":"Feature","geometry":{"type":"LineString","coordinates":[[-79.204419,43.795645],[-79.130227,43.806971]]},"properties":{"PingCount":3,"AvgSpeedKmh":95.9}},{"type":"Feature","geometry":{"type":"LineString","coordinates":[[-79.204419,43.795645],[-79.16688,43.79997]]},"properties":{"PingCount":9,"AvgSpeedKmh":69.7}},{"type":"Feature","geometry":{"type":"LineString","coordinates":[[-79.204419,43.795645],[-79.191138,43.806144]]},"properties":{"PingCount":6,"AvgSpeedKmh":17.1}},{"type":"Feature","geometry":{"type":"LineString","coordinates":[[-79.204419,43.795645],[-79.209802,43.806144]]},"properties":{"PingCount":22,"AvgSpeedKmh":9.5}},{"type":"Feature","geometry":{"type":"LineString","coordinates":[[-79.204419,43.795645],[-79.228466,43.806144]]},"properties":{"PingCount":1,"AvgSpeedKmh":23.2}},{"type":"Feature","geometry":{"type":"LineString","coordinates":[[-79.204419,43.795645],[-78.911179,43.940891]]},"properties":{"PingCount":2,"AvgSpeedKmh":28.7}},{"type":"Feature","geometry":{"type":"LineString","coordinates":[[-79.204419,43.795645],[-78.929843,43.940891]]},"properties":{"PingCount":1,"AvgSpeedKmh":29.1}},{"type":"Feature","geometry":{"type":"LineString","coordinates":[[-79.226445,43.788324],[-79.241152,43.798541]]},"properties":{"PingCount":48,"AvgSpeedKmh":17.1}},{"type":"Feature","geometry":{"type":"LineString","coordinates":[[-79.226445,43.788324],[-79.265794,43.79267]]},"properties":{"PingCount":3,"AvgSpeedKmh":51.7}},{"type":"Feature","geometry":{"type":"LineString","coordinates":[[-79.226445,43.788324],[-79.16688,43.79997]]},"properties":{"PingCount":252,"AvgSpeedKmh":93.6}},{"type":"Feature","geometry":{"type":"LineString","coordinates":[[-79.226445,43.788324],[-79.191138,43.806144]]},"properties":{"PingCount":1,"AvgSpeedKmh":58.6}},{"type":"Feature","geometry":{"type":"LineString","coordinates":[[-79.226445,43.788324],[-79.209802,43.806144]]},"properties":{"PingCount":6,"AvgSpeedKmh":38.9}},{"type":"Feature","geometry":{"type":"LineString","coordinates":[[-79.226445,43.788324],[-79.243132,43.812899]]},"properties":{"PingCount":9,"AvgSpeedKmh":26.0}},{"type":"Feature","geometry":{"type":"LineString","coordinates":[[-79.226445,43.788324],[-79.109869,43.819282]]},"properties":{"PingCount":1,"AvgSpeedKmh":89.3}},{"type":"Feature","geometry":{"type":"LineString","coordinates":[[-79.226445,43.788324],[-78.911179,43.940891]]},"properties":{"PingCount":1,"AvgSpeedKmh":29.8}},{"type":"Feature","geometry":{"type":"LineString","coordinates":[[-79.226445,43.788324],[-78.929843,43.940891]]},"properties":{"PingCount":3,"AvgSpeedKmh":32.7}},{"type":"Feature","geometry":{"type":"LineString","coordinates":[[-79.241152,43.798541],[-79.265794,43.79267]]},"properties":{"PingCount":48,"AvgSpeedKmh":24.3}},{"type":"Feature","geometry":{"type":"LineString","coordinates":[[-79.241152,43.798541],[-79.228466,43.806144]]},"properties":{"PingCount":1,"AvgSpeedKmh":12.6}},{"type":"Feature","geometry":{"type":"LineString","coordinates":[[-79.241152,43.798541],[-79.243132,43.812899]]},"properties":{"PingCount":46,"AvgSpeedKmh":29.2}},{"type":"Feature","geometry":{"type":"LineString","coordinates":[[-79.241152,43.798541],[-79.246272,43.820192]]},"properties":{"PingCount":10,"AvgSpeedKmh":41.8}},{"type":"Feature","geometry":{"type":"LineString","coordinates":[[-79.265794,43.79267],[-79.284458,43.79267]]},"properties":{"PingCount":13,"AvgSpeedKmh":18.1}},{"type":"Feature","geometry":{"type":"LineString","coordinates":[[-79.265794,43.79267],[-79.265794,43.806144]]},"properties":{"PingCount":59,"AvgSpeedKmh":31.0}},{"type":"Feature","geometry":{"type":"LineString","coordinates":[[-79.265794,43.79267],[-79.284458,43.806144]]},"properties":{"PingCount":1,"AvgSpeedKmh":32.0}},{"type":"Feature","geometry":{"type":"LineString","coordinates":[[-79.284458,43.79267],[-79.303122,43.79267]]},"properties":{"PingCount":1,"AvgSpeedKmh":22.4}},{"type":"Feature","geometry":{"type":"LineString","coordinates":[[-79.284458,43.79267],[-79.284458,43.806144]]},"properties":{"PingCount":11,"AvgSpeedKmh":11.1}},{"type":"Feature","geometry":{"type":"LineString","coordinates":[[-79.284458,43.79267],[-79.303122,43.806144]]},"properties":{"PingCount":6,"AvgSpeedKmh":21.7}},{"type":"Feature","geometry":{"type":"LineString","coordinates":[[-79.284458,43.79267],[-79.284458,43.819619]]},"properties":{"PingCount":1,"AvgSpeedKmh":39.2}},{"type":"Feature","geometry":{"type":"LineString","coordinates":[[-79.303122,43.79267],[-79.321786,43.79267]]},"properties":{"PingCount":13,"AvgSpeedKmh":20.6}},{"type":"Feature","geometry":{"type":"LineString","coordinates":[[-79.303122,43.79267],[-79.284458,43.806144]]},"properties":{"PingCount":2,"AvgSpeedKmh":24.3}},{"type":"Feature","geometry":{"type":"LineString","coordinates":[[-79.303122,43.79267],[-79.303122,43.806144]]},"properties":{"PingCount":13,"AvgSpeedKmh":20.3}},{"type":"Feature","geometry":{"type":"LineString","coordinates":[[-79.303122,43.79267],[-79.321786,43.806144]]},"properties":{"PingCount":3,"AvgSpeedKmh":37.1}},{"type":"Feature","geometry":{"type":"LineString","coordinates":[[-79.321786,43.79267],[-79.342547,43.789564]]},"properties":{"PingCount":23,"AvgSpeedKmh":13.2}},{"type":"Feature","geometry":{"type":"LineString","coordinates":[[-79.321786,43.79267],[-79.303122,43.806144]]},"properties":{"PingCount":4,"AvgSpeedKmh":26.6}},{"type":"Feature","geometry":{"type":"LineString","coordinates":[[-79.321786,43.79267],[-79.321786,43.806144]]},"properties":{"PingCount":10,"AvgSpeedKmh":28.5}},{"type":"Feature","geometry":{"type":"LineString","coordinates":[[-79.321786,43.79267],[-79.347271,43.809825]]},"properties":{"PingCount":4,"AvgSpeedKmh":35.7}},{"type":"Feature","geometry":{"type":"LineString","coordinates":[[-79.342547,43.789564],[-79.359114,43.79267]]},"properties":{"PingCount":7,"AvgSpeedKmh":11.0}},{"type":"Feature","geometry":{"type":"LineString","coordinates":[[-79.342547,43.789564],[-79.347271,43.809825]]},"properties":{"PingCount":39,"AvgSpeedKmh":21.1}},{"type":"Feature","geometry":{"type":"LineString","coordinates":[[-79.342547,43.789564],[-79.351694,43.812979]]},"properties":{"PingCount":12,"AvgSpeedKmh":47.5}},{"type":"Feature","geometry":{"type":"LineString","coordinates":[[-79.342547,43.789564],[-79.351694,43.812979]]},"properties":{"PingCount":11,"AvgSpeedKmh":44.8}},{"type":"Feature","geometry":{"type":"LineString","coordinates":[[-79.342547,43.789564],[-79.351694,43.812979]]},"properties":{"PingCount":22,"AvgSpeedKmh":71.3}},{"type":"Feature","geometry":{"type":"LineString","coordinates":[[-79.342547,43.789564],[-79.36832,43.839864]]},"properties":{"PingCount":31,"AvgSpeedKmh":88.7}},{"type":"Feature","geometry":{"type":"LineString","coordinates":[[-79.342547,43.789564],[-79.36832,43.839864]]},"properties":{"PingCount":1,"AvgSpeedKmh":97.3}},{"type":"Feature","geometry":{"type":"LineString","coordinates":[[-79.359114,43.79267],[-79.377778,43.79267]]},"properties":{"PingCount":12,"AvgSpeedKmh":12.7}},{"type":"Feature","geometry":{"type":"LineString","coordinates":[[-79.359114,43.79267],[-79.347271,43.809825]]},"properties":{"PingCount":1,"AvgSpeedKmh":14.1}},{"type":"Feature","geometry":{"type":"LineString","coordinates":[[-79.359114,43.79267],[-79.351694,43.812979]]},"properties":{"PingCount":41,"AvgSpeedKmh":6.2}},{"type":"Feature","geometry":{"type":"LineString","coordinates":[[-79.359114,43.79267],[-79.377778,43.806144]]},"properties":{"PingCount":1,"AvgSpeedKmh":18.9}},{"type":"Feature","geometry":{"type":"LineString","coordinates":[[-79.377778,43.79267],[-79.396442,43.79267]]},"properties":{"PingCount":18,"AvgSpeedKmh":9.1}},{"type":"Feature","geometry":{"type":"LineString","coordinates":[[-79.377778,43.79267],[-79.351694,43.812979]]},"properties":{"PingCount":6,"AvgSpeedKmh":11.7}},{"type":"Feature","geometry":{"type":"LineString","coordinates":[[-79.377778,43.79267],[-79.377778,43.806144]]},"properties":{"PingCount":24,"AvgSpeedKmh":11.8}},{"type":"Feature","geometry":{"type":"LineString","coordinates":[[-79.377778,43.79267],[-79.396442,43.806144]]},"properties":{"PingCount":1,"AvgSpeedKmh":6.9}},{"type":"Feature","geometry":{"type":"LineString","coordinates":[[-79.396442,43.79267],[-79.420014,43.798026]]},"properties":{"PingCount":1,"AvgSpeedKmh":30.7}},{"type":"Feature","geometry":{"type":"LineString","coordinates":[[-79.396442,43.79267],[-79.377778,43.806144]]},"properties":{"PingCount":1,"AvgSpeedKmh":19.4}},{"type":"Feature","geometry":{"type":"LineString","coordinates":[[-79.396442,43.79267],[-79.396442,43.806144]]},"properties":{"PingCount":4,"AvgSpeedKmh":16.2}},{"type":"Feature","geometry":{"type":"LineString","coordinates":[[-79.420014,43.798026],[-79.43377,43.79267]]},"properties":{"PingCount":36,"AvgSpeedKmh":20.1}},{"type":"Feature","geometry":{"type":"LineString","coordinates":[[-79.420014,43.798026],[-79.452434,43.79267]]},"properties":{"PingCount":1,"AvgSpeedKmh":37.2}},{"type":"Feature","geometry":{"type":"LineString","coordinates":[[-79.420014,43.798026],[-79.396442,43.806144]]},"properties":{"PingCount":26,"AvgSpeedKmh":32.0}},{"type":"Feature","geometry":{"type":"LineString","coordinates":[[-79.420014,43.798026],[-79.421043,43.80183]]},"properties":{"PingCount":10,"AvgSpeedKmh":19.5}},{"type":"Feature","geometry":{"type":"LineString","coordinates":[[-79.420014,43.798026],[-79.424445,43.816337]]},"properties":{"PingCount":1,"AvgSpeedKmh":33.6}},{"type":"Feature","geometry":{"type":"LineString","coordinates":[[-79.43377,43.79267],[-79.452434,43.79267]]},"properties":{"PingCount":14,"AvgSpeedKmh":23.3}},{"type":"Feature","geometry":{"type":"LineString","coordinates":[[-79.43377,43.79267],[-79.396442,43.806144]]},"properties":{"PingCount":3,"AvgSpeedKmh":40.0}},{"type":"Feature","geometry":{"type":"LineString","coordinates":[[-79.43377,43.79267],[-79.421043,43.80183]]},"properties":{"PingCount":11,"AvgSpeedKmh":29.8}},{"type":"Feature","geometry":{"type":"LineString","coordinates":[[-79.452434,43.79267],[-79.471098,43.79267]]},"properties":{"PingCount":8,"AvgSpeedKmh":27.2}},{"type":"Feature","geometry":{"type":"LineString","coordinates":[[-79.452434,43.79267],[-79.452434,43.806144]]},"properties":{"PingCount":18,"AvgSpeedKmh":24.8}},{"type":"Feature","geometry":{"type":"LineString","coordinates":[[-79.471098,43.79267],[-79.452434,43.806144]]},"properties":{"PingCount":1,"AvgSpeedKmh":30.6}},{"type":"Feature","geometry":{"type":"LineString","coordinates":[[-79.471098,43.79267],[-79.481293,43.811356]]},"properties":{"PingCount":14,"AvgSpeedKmh":29.7}},{"type":"Feature","geometry":{"type":"LineString","coordinates":[[-79.499387,43.800225],[-79.509058,43.797597]]},"properties":{"PingCount":4,"AvgSpeedKmh":17.6}},{"type":"Feature","geometry":{"type":"LineString","coordinates":[[-79.499387,43.800225],[-79.536711,43.791795]]},"properties":{"PingCount":2,"AvgSpeedKmh":55.3}},{"type":"Feature","geometry":{"type":"LineString","coordinates":[[-79.499387,43.800225],[-79.482467,43.806438]]},"properties":{"PingCount":1,"AvgSpeedKmh":32.7}},{"type":"Feature","geometry":{"type":"LineString","coordinates":[[-79.499387,43.800225],[-79.49943,43.800404]]},"properties":{"PingCount":5,"AvgSpeedKmh":20.3}},{"type":"Feature","geometry":{"type":"LineString","coordinates":[[-79.499387,43.800225],[-79.452434,43.819619]]},"properties":{"PingCount":1,"AvgSpeedKmh":86.6}},{"type":"Feature","geometry":{"type":"LineString","coordinates":[[-79.499387,43.800225],[-79.470808,43.823726]]},"properties":{"PingCount":5,"AvgSpeedKmh":80.3}},{"type":"Feature","geometry":{"type":"LineString","coordinates":[[-79.499387,43.800225],[-79.508426,43.819619]]},"properties":{"PingCount":1,"AvgSpeedKmh":51.4}},{"type":"Feature","geometry":{"type":"LineString","coordinates":[[-79.499387,43.800225],[-79.452434,43.833094]]},"properties":{"PingCount":13,"AvgSpeedKmh":88.9}},{"type":"Feature","geometry":{"type":"LineString","coordinates":[[-79.509058,43.797597],[-79.536711,43.791795]]},"properties":{"PingCount":18,"AvgSpeedKmh":25.3}},{"type":"Feature","geometry":{"type":"LineString","coordinates":[[-79.509058,43.797597],[-79.481293,43.811356]]},"properties":{"PingCount":1,"AvgSpeedKmh":92.3}},{"type":"Feature","geometry":{"type":"LineString","coordinates":[[-79.509058,43.797597],[-79.482467,43.806438]]},"properties":{"PingCount":6,"AvgSpeedKmh":38.1}},{"type":"Feature","geometry":{"type":"LineString","coordinates":[[-79.509058,43.797597],[-79.49943,43.800404]]},"properties":{"PingCount":11,"AvgSpeedKmh":20.7}},{"type":"Feature","geometry":{"type":"LineString","coordinates":[[-79.509058,43.797597],[-79.52709,43.806144]]},"properties":{"PingCount":3,"AvgSpeedKmh":29.2}},{"type":"Feature","geometry":{"type":"LineString","coordinates":[[-79.509058,43.797597],[-79.543393,43.808867]]},"properties":{"PingCount":1,"AvgSpeedKmh":62.2}},{"type":"Feature","geometry":{"type":"LineString","coordinates":[[-79.509058,43.797597],[-79.470808,43.823726]]},"properties":{"PingCount":31,"AvgSpeedKmh":88.7}},{"type":"Feature","geometry":{"type":"LineString","coordinates":[[-79.509058,43.797597],[-79.508426,43.819619]]},"properties":{"PingCount":1,"AvgSpeedKmh":34.3}},{"type":"Feature","geometry":{"type":"LineString","coordinates":[[-79.536711,43.791795],[-79.55595,43.787627]]},"properties":{"PingCount":35,"AvgSpeedKmh":18.8}},{"type":"Feature","geometry":{"type":"LineString","coordinates":[[-79.536711,43.791795],[-79.481293,43.811356]]},"properties":{"PingCount":6,"AvgSpeedKmh":87.0}},{"type":"Feature","geometry":{"type":"LineString","coordinates":[[-79.536711,43.791795],[-79.482467,43.806438]]},"properties":{"PingCount":1,"AvgSpeedKmh":36.8}},{"type":"Feature","geometry":{"type":"LineString","coordinates":[[-79.536711,43.791795],[-79.49943,43.800404]]},"properties":{"PingCount":3,"AvgSpeedKmh":34.7}},{"type":"Feature","geometry":{"type":"LineString","coordinates":[[-79.536711,43.791795],[-79.52709,43.806144]]},"properties":{"PingCount":12,"AvgSpeedKmh":17.9}},{"type":"Feature","geometry":{"type":"LineString","coordinates":[[-79.536711,43.791795],[-79.543393,43.808867]]},"properties":{"PingCount":2,"AvgSpeedKmh":20.1}},{"type":"Feature","geometry":{"type":"LineString","coordinates":[[-79.536711,43.791795],[-79.470808,43.823726]]},"properties":{"PingCount":4,"AvgSpeedKmh":87.7}},{"type":"Feature","geometry":{"type":"LineString","coordinates":[[-79.536711,43.791795],[-79.52709,43.819619]]},"properties":{"PingCount":2,"AvgSpeedKmh":37.4}},{"type":"Feature","geometry":{"type":"LineString","coordinates":[[-79.536711,43.791795],[-79.545582,43.818917]]},"properties":{"PingCount":1,"AvgSpeedKmh":79.9}},{"type":"Feature","geometry":{"type":"LineString","coordinates":[[-79.536711,43.791795],[-79.284494,43.867219]]},"properties":{"PingCount":1,"AvgSpeedKmh":20.4}},{"type":"Feature","geometry":{"type":"LineString","coordinates":[[-79.55595,43.787627],[-79.556086,43.787557]]},"properties":{"PingCount":20,"AvgSpeedKmh":21.8}},{"type":"Feature","geometry":{"type":"LineString","coordinates":[[-79.55595,43.787627],[-79.52709,43.806144]]},"properties":{"PingCount":1,"AvgSpeedKmh":17.8}},{"type":"Feature","geometry":{"type":"LineString","coordinates":[[-79.55595,43.787627],[-79.543393,43.808867]]},"properties":{"PingCount":15,"AvgSpeedKmh":30.0}},{"type":"Feature","geometry":{"type":"LineString","coordinates":[[-79.55595,43.787627],[-79.545582,43.818917]]},"properties":{"PingCount":9,"AvgSpeedKmh":53.7}},{"type":"Feature","geometry":{"type":"LineString","coordinates":[[-79.55595,43.787627],[-79.546156,43.825557]]},"properties":{"PingCount":25,"AvgSpeedKmh":87.2}},{"type":"Feature","geometry":{"type":"LineString","coordinates":[[-79.55595,43.787627],[-79.548886,43.848417]]},"properties":{"PingCount":3,"AvgSpeedKmh":97.9}},{"type":"Feature","geometry":{"type":"LineString","coordinates":[[-79.583081,43.79267],[-79.583081,43.806144]]},"properties":{"PingCount":14,"AvgSpeedKmh":33.0}},{"type":"Feature","geometry":{"type":"LineString","coordinates":[[-79.620409,43.79267],[-79.639073,43.79267]]},"properties":{"PingCount":4,"AvgSpeedKmh":21.1}},{"type":"Feature","geometry":{"type":"LineString","coordinates":[[-79.620409,43.79267],[-79.620409,43.806144]]},"properties":{"PingCount":16,"AvgSpeedKmh":35.3}},{"type":"Feature","geometry":{"type":"LineString","coordinates":[[-79.620409,43.79267],[-79.601745,43.819619]]},"properties":{"PingCount":1,"AvgSpeedKmh":32.1}},{"type":"Feature","geometry":{"type":"LineString","coordinates":[[-79.620409,43.79267],[-79.620409,43.819619]]},"properties":{"PingCount":2,"AvgSpeedKmh":52.7}},{"type":"Feature","geometry":{"type":"LineString","coordinates":[[-79.639073,43.79267],[-79.657737,43.79267]]},"properties":{"PingCount":40,"AvgSpeedKmh":29.5}},{"type":"Feature","geometry":{"type":"LineString","coordinates":[[-79.639073,43.79267],[-79.620409,43.806144]]},"properties":{"PingCount":3,"AvgSpeedKmh":48.2}},{"type":"Feature","geometry":{"type":"LineString","coordinates":[[-79.639073,43.79267],[-79.639073,43.806144]]},"properties":{"PingCount":44,"AvgSpeedKmh":46.2}},{"type":"Feature","geometry":{"type":"LineString","coordinates":[[-79.639073,43.79267],[-79.657737,43.806144]]},"properties":{"PingCount":89,"AvgSpeedKmh":41.7}},{"type":"Feature","geometry":{"type":"LineString","coordinates":[[-79.639073,43.79267],[-79.676401,43.806144]]},"properties":{"PingCount":6,"AvgSpeedKmh":42.3}},{"type":"Feature","geometry":{"type":"LineString","coordinates":[[-79.639073,43.79267],[-79.657737,43.819619]]},"properties":{"PingCount":377,"AvgSpeedKmh":80.6}},{"type":"Feature","geometry":{"type":"LineString","coordinates":[[-79.639073,43.79267],[-79.676401,43.819619]]},"properties":{"PingCount":60,"AvgSpeedKmh":72.3}},{"type":"Feature","geometry":{"type":"LineString","coordinates":[[-79.657737,43.79267],[-79.676401,43.79267]]},"properties":{"PingCount":4,"AvgSpeedKmh":7.4}},{"type":"Feature","geometry":{"type":"LineString","coordinates":[[-79.657737,43.79267],[-79.639073,43.806144]]},"properties":{"PingCount":10,"AvgSpeedKmh":39.5}},{"type":"Feature","geometry":{"type":"LineString","coordinates":[[-79.657737,43.79267],[-79.657737,43.806144]]},"properties":{"PingCount":29,"AvgSpeedKmh":26.5}},{"type":"Feature","geometry":{"type":"LineString","coordinates":[[-79.657737,43.79267],[-79.676401,43.806144]]},"properties":{"PingCount":182,"AvgSpeedKmh":38.9}},{"type":"Feature","geometry":{"type":"LineString","coordinates":[[-79.657737,43.79267],[-79.676401,43.819619]]},"properties":{"PingCount":268,"AvgSpeedKmh":55.8}},{"type":"Feature","geometry":{"type":"LineString","coordinates":[[-79.676401,43.79267],[-79.657737,43.806144]]},"properties":{"PingCount":2,"AvgSpeedKmh":14.3}},{"type":"Feature","geometry":{"type":"LineString","coordinates":[[-79.676401,43.79267],[-79.676401,43.819619]]},"properties":{"PingCount":3,"AvgSpeedKmh":47.4}},{"type":"Feature","geometry":{"type":"LineString","coordinates":[[-79.732393,43.79267],[-79.751057,43.79267]]},"properties":{"PingCount":1,"AvgSpeedKmh":22.8}},{"type":"Feature","geometry":{"type":"LineString","coordinates":[[-79.732393,43.79267],[-79.751057,43.806144]]},"properties":{"PingCount":1,"AvgSpeedKmh":28.4}},{"type":"Feature","geometry":{"type":"LineString","coordinates":[[-79.751057,43.79267],[-79.769721,43.79267]]},"properties":{"PingCount":38,"AvgSpeedKmh":20.0}},{"type":"Feature","geometry":{"type":"LineString","coordinates":[[-79.751057,43.79267],[-79.732393,43.806144]]},"properties":{"PingCount":55,"AvgSpeedKmh":46.2}},{"type":"Feature","geometry":{"type":"LineString","coordinates":[[-79.751057,43.79267],[-79.751057,43.806144]]},"properties":{"PingCount":36,"AvgSpeedKmh":34.5}},{"type":"Feature","geometry":{"type":"LineString","coordinates":[[-79.751057,43.79267],[-79.769721,43.806144]]},"properties":{"PingCount":3,"AvgSpeedKmh":40.4}},{"type":"Feature","geometry":{"type":"LineString","coordinates":[[-79.751057,43.79267],[-79.732393,43.819619]]},"properties":{"PingCount":28,"AvgSpeedKmh":52.1}},{"type":"Feature","geometry":{"type":"LineString","coordinates":[[-79.769721,43.79267],[-79.732393,43.806144]]},"properties":{"PingCount":6,"AvgSpeedKmh":52.4}},{"type":"Feature","geometry":{"type":"LineString","coordinates":[[-79.769721,43.79267],[-79.751057,43.806144]]},"properties":{"PingCount":47,"AvgSpeedKmh":38.2}},{"type":"Feature","geometry":{"type":"LineString","coordinates":[[-79.769721,43.79267],[-79.788385,43.806144]]},"properties":{"PingCount":2,"AvgSpeedKmh":55.3}},{"type":"Feature","geometry":{"type":"LineString","coordinates":[[-79.769721,43.79267],[-79.732393,43.819619]]},"properties":{"PingCount":1,"AvgSpeedKmh":41.9}},{"type":"Feature","geometry":{"type":"LineString","coordinates":[[-79.769721,43.79267],[-79.807049,43.819619]]},"properties":{"PingCount":2,"AvgSpeedKmh":72.9}},{"type":"Feature","geometry":{"type":"LineString","coordinates":[[-79.863041,43.79267],[-79.825713,43.819619]]},"properties":{"PingCount":1,"AvgSpeedKmh":72.6}},{"type":"Feature","geometry":{"type":"LineString","coordinates":[[-79.122659,43.811798],[-79.130227,43.806971]]},"properties":{"PingCount":6,"AvgSpeedKmh":27.6}},{"type":"Feature","geometry":{"type":"LineString","coordinates":[[-79.122659,43.811798],[-79.16688,43.79997]]},"properties":{"PingCount":140,"AvgSpeedKmh":83.9}},{"type":"Feature","geometry":{"type":"LineString","coordinates":[[-79.122659,43.811798],[-79.103028,43.824032]]},"properties":{"PingCount":4,"AvgSpeedKmh":43.7}},{"type":"Feature","geometry":{"type":"LineString","coordinates":[[-79.122659,43.811798],[-79.109869,43.819282]]},"properties":{"PingCount":6,"AvgSpeedKmh":20.2}},{"type":"Feature","geometry":{"type":"LineString","coordinates":[[-79.122659,43.811798],[-79.08101,43.833759]]},"properties":{"PingCount":41,"AvgSpeedKmh":87.2}},{"type":"Feature","geometry":{"type":"LineString","coordinates":[[-79.122659,43.811798],[-79.094314,43.828231]]},"properties":{"PingCount":5,"AvgSpeedKmh":65.8}},{"type":"Feature","geometry":{"type":"LineString","coordinates":[[-79.122659,43.811798],[-79.022732,43.852855]]},"properties":{"PingCount":55,"AvgSpeedKmh":91.2}},{"type":"Feature","geometry":{"type":"LineString","coordinates":[[-79.122659,43.811798],[-79.050983,43.846873]]},"properties":{"PingCount":14,"AvgSpeedKmh":76.7}},{"type":"Feature","geometry":{"type":"LineString","coordinates":[[-79.122659,43.811798],[-79.050983,43.846873]]},"properties":{"PingCount":2,"AvgSpeedKmh":44.1}},{"type":"Feature","geometry":{"type":"LineString","coordinates":[[-79.122659,43.811798],[-79.011958,43.855423]]},"properties":{"PingCount":6,"AvgSpeedKmh":100.3}},{"type":"Feature","geometry":{"type":"LineString","coordinates":[[-79.122659,43.811798],[-79.021508,43.853459]]},"properties":{"PingCount":72,"AvgSpeedKmh":96.2}},{"type":"Feature","geometry":{"type":"LineString","coordinates":[[-79.122659,43.811798],[-79.079155,43.873518]]},"properties":{"PingCount":1,"AvgSpeedKmh":48.2}},{"type":"Feature","geometry":{"type":"LineString","coordinates":[[-79.122659,43.811798],[-78.911179,43.940891]]},"properties":{"PingCount":1,"AvgSpeedKmh":21.9}},{"type":"Feature","geometry":{"type":"LineString","coordinates":[[-79.130227,43.806971],[-79.144325,43.800176]]},"properties":{"PingCount":4,"AvgSpeedKmh":11.4}},{"type":"Feature","geometry":{"type":"LineString","coordinates":[[-79.130227,43.806971],[-79.16688,43.79997]]},"properties":{"PingCount":26,"AvgSpeedKmh":74.4}},{"type":"Feature","geometry":{"type":"LineString","coordinates":[[-79.130227,43.806971],[-79.103028,43.824032]]},"properties":{"PingCount":32,"AvgSpeedKmh":84.2}},{"type":"Feature","geometry":{"type":"LineString","coordinates":[[-79.130227,43.806971],[-79.109869,43.819282]]},"properties":{"PingCount":33,"AvgSpeedKmh":42.2}},{"type":"Feature","geometry":{"type":"LineString","coordinates":[[-79.130227,43.806971],[-79.135147,43.819619]]},"properties":{"PingCount":1,"AvgSpeedKmh":40.6}},{"type":"Feature","geometry":{"type":"LineString","coordinates":[[-79.130227,43.806971],[-79.08101,43.833759]]},"properties":{"PingCount":267,"AvgSpeedKmh":95.8}},{"type":"Feature","geometry":{"type":"LineString","coordinates":[[-79.130227,43.806971],[-79.094314,43.828231]]},"properties":{"PingCount":253,"AvgSpeedKmh":94.6}},{"type":"Feature","geometry":{"type":"LineString","coordinates":[[-79.130227,43.806971],[-79.022732,43.852855]]},"properties":{"PingCount":7,"AvgSpeedKmh":95.9}},{"type":"Feature","geometry":{"type":"LineString","coordinates":[[-79.130227,43.806971],[-79.050983,43.846873]]},"properties":{"PingCount":1,"AvgSpeedKmh":82.3}},{"type":"Feature","geometry":{"type":"LineString","coordinates":[[-79.130227,43.806971],[-79.021508,43.853459]]},"properties":{"PingCount":6,"AvgSpeedKmh":99.7}},{"type":"Feature","geometry":{"type":"LineString","coordinates":[[-79.130227,43.806971],[-78.929843,43.940891]]},"properties":{"PingCount":1,"AvgSpeedKmh":23.3}},{"type":"Feature","geometry":{"type":"LineString","coordinates":[[-79.144325,43.800176],[-79.16688,43.79997]]},"properties":{"PingCount":4,"AvgSpeedKmh":31.5}},{"type":"Feature","geometry":{"type":"LineString","coordinates":[[-79.16688,43.79997],[-79.191138,43.806144]]},"properties":{"PingCount":7,"AvgSpeedKmh":34.9}},{"type":"Feature","geometry":{"type":"LineString","coordinates":[[-79.16688,43.79997],[-79.109869,43.819282]]},"properties":{"PingCount":100,"AvgSpeedKmh":86.7}},{"type":"Feature","geometry":{"type":"LineString","coordinates":[[-79.16688,43.79997],[-79.094314,43.828231]]},"properties":{"PingCount":1,"AvgSpeedKmh":87.0}},{"type":"Feature","geometry":{"type":"LineString","coordinates":[[-79.16688,43.79997],[-79.172474,43.833094]]},"properties":{"PingCount":1,"AvgSpeedKmh":43.2}},{"type":"Feature","geometry":{"type":"LineString","coordinates":[[-79.16688,43.79997],[-78.911179,43.940891]]},"properties":{"PingCount":2,"AvgSpeedKmh":25.8}},{"type":"Feature","geometry":{"type":"LineString","coordinates":[[-79.16688,43.79997],[-79.004499,43.954366]]},"properties":{"PingCount":1,"AvgSpeedKmh":47.4}},{"type":"Feature","geometry":{"type":"LineString","coordinates":[[-79.191138,43.806144],[-79.209802,43.806144]]},"properties":{"PingCount":7,"AvgSpeedKmh":15.2}},{"type":"Feature","geometry":{"type":"LineString","coordinates":[[-79.191138,43.806144],[-79.209802,43.819619]]},"properties":{"PingCount":1,"AvgSpeedKmh":30.8}},{"type":"Feature","geometry":{"type":"LineString","coordinates":[[-79.209802,43.806144],[-79.228466,43.806144]]},"properties":{"PingCount":10,"AvgSpeedKmh":7.4}},{"type":"Feature","geometry":{"type":"LineString","coordinates":[[-79.209802,43.806144],[-79.228466,43.819619]]},"properties":{"PingCount":1,"AvgSpeedKmh":32.1}},{"type":"Feature","geometry":{"type":"LineString","coordinates":[[-79.228466,43.806144],[-79.228466,43.819619]]},"properties":{"PingCount":2,"AvgSpeedKmh":23.5}},{"type":"Feature","geometry":{"type":"LineString","coordinates":[[-79.243132,43.812899],[-79.265794,43.806144]]},"properties":{"PingCount":8,"AvgSpeedKmh":27.2}},{"type":"Feature","geometry":{"type":"LineString","coordinates":[[-79.243132,43.812899],[-79.246272,43.820192]]},"properties":{"PingCount":39,"AvgSpeedKmh":27.8}},{"type":"Feature","geometry":{"type":"LineString","coordinates":[[-79.243132,43.812899],[-79.250556,43.830572]]},"properties":{"PingCount":4,"AvgSpeedKmh":39.0}},{"type":"Feature","geometry":{"type":"LineString","coordinates":[[-79.243132,43.812899],[-79.021508,43.853459]]},"properties":{"PingCount":1,"AvgSpeedKmh":18.6}},{"type":"Feature","geometry":{"type":"LineString","coordinates":[[-79.265794,43.806144],[-79.284458,43.806144]]},"properties":{"PingCount":18,"AvgSpeedKmh":27.3}},{"type":"Feature","geometry":{"type":"LineString","coordinates":[[-79.265794,43.806144],[-79.303122,43.806144]]},"properties":{"PingCount":1,"AvgSpeedKmh":45.2}},{"type":"Feature","geometry":{"type":"LineString","coordinates":[[-79.265794,43.806144],[-79.265794,43.819619]]},"properties":{"PingCount":19,"AvgSpeedKmh":28.6}},{"type":"Feature","geometry":{"type":"LineString","coordinates":[[-79.265794,43.806144],[-79.284458,43.819619]]},"properties":{"PingCount":3,"AvgSpeedKmh":35.3}},{"type":"Feature","geometry":{"type":"LineString","coordinates":[[-79.265794,43.806144],[-79.265794,43.833094]]},"properties":{"PingCount":1,"AvgSpeedKmh":38.9}},{"type":"Feature","geometry":{"type":"LineString","coordinates":[[-79.265794,43.806144],[-79.284458,43.833094]]},"properties":{"PingCount":4,"AvgSpeedKmh":38.6}},{"type":"Feature","geometry":{"type":"LineString","coordinates":[[-79.284458,43.806144],[-79.303122,43.806144]]},"properties":{"PingCount":15,"AvgSpeedKmh":20.6}},{"type":"Feature","geometry":{"type":"LineString","coordinates":[[-79.284458,43.806144],[-79.303122,43.819619]]},"properties":{"PingCount":1,"AvgSpeedKmh":36.1}},{"type":"Feature","geometry":{"type":"LineString","coordinates":[[-79.303122,43.806144],[-79.321786,43.806144]]},"properties":{"PingCount":1,"AvgSpeedKmh":30.2}},{"type":"Feature","geometry":{"type":"LineString","coordinates":[[-79.303122,43.806144],[-79.284458,43.819619]]},"properties":{"PingCount":2,"AvgSpeedKmh":20.9}},{"type":"Feature","geometry":{"type":"LineString","coordinates":[[-79.303122,43.806144],[-79.303122,43.819619]]},"properties":{"PingCount":18,"AvgSpeedKmh":24.7}},{"type":"Feature","geometry":{"type":"LineString","coordinates":[[-79.303122,43.806144],[-79.321786,43.819619]]},"properties":{"PingCount":2,"AvgSpeedKmh":10.4}},{"type":"Feature","geometry":{"type":"LineString","coordinates":[[-79.303122,43.806144],[-79.04641,43.933169]]},"properties":{"PingCount":1,"AvgSpeedKmh":24.7}},{"type":"Feature","geometry":{"type":"LineString","coordinates":[[-79.321786,43.806144],[-79.321786,43.819619]]},"properties":{"PingCount":14,"AvgSpeedKmh":27.7}},{"type":"Feature","geometry":{"type":"LineString","coordinates":[[-79.321786,43.806144],[-79.321786,43.833094]]},"properties":{"PingCount":1,"AvgSpeedKmh":32.1}},{"type":"Feature","geometry":{"type":"LineString","coordinates":[[-79.347271,43.809825],[-79.351694,43.812979]]},"properties":{"PingCount":23,"AvgSpeedKmh":19.6}},{"type":"Feature","geometry":{"type":"LineString","coordinates":[[-79.347271,43.809825],[-79.321786,43.819619]]},"properties":{"PingCount":1,"AvgSpeedKmh":32.4}},{"type":"Feature","geometry":{"type":"LineString","coordinates":[[-79.347271,43.809825],[-79.351694,43.812979]]},"properties":{"PingCount":9,"AvgSpeedKmh":20.5}},{"type":"Feature","geometry":{"type":"LineString","coordinates":[[-79.347271,43.809825],[-79.351694,43.812979]]},"properties":{"PingCount":6,"AvgSpeedKmh":39.8}},{"type":"Feature","geometry":{"type":"LineString","coordinates":[[-79.347271,43.809825],[-79.08101,43.833759]]},"properties":{"PingCount":1,"AvgSpeedKmh":71.3}},{"type":"Feature","geometry":{"type":"LineString","coordinates":[[-79.347271,43.809825],[-79.36832,43.839864]]},"properties":{"PingCount":23,"AvgSpeedKmh":82.0}},{"type":"Feature","geometry":{"type":"LineString","coordinates":[[-79.347271,43.809825],[-79.36832,43.839864]]},"properties":{"PingCount":6,"AvgSpeedKmh":79.1}},{"type":"Feature","geometry":{"type":"LineString","coordinates":[[-79.347271,43.809825],[-79.377972,43.845439]]},"properties":{"PingCount":33,"AvgSpeedKmh":87.9}},{"type":"Feature","geometry":{"type":"LineString","coordinates":[[-79.351694,43.812979],[-79.377778,43.806144]]},"properties":{"PingCount":52,"AvgSpeedKmh":23.5}},{"type":"Feature","geometry":{"type":"LineString","coordinates":[[-79.351694,43.812979],[-79.396442,43.806144]]},"properties":{"PingCount":12,"AvgSpeedKmh":43.0}},{"type":"Feature","geometry":{"type":"LineString","coordinates":[[-79.351694,43.812979],[-79.351694,43.812979]]},"properties":{"PingCount":21,"AvgSpeedKmh":21.0}},{"type":"Feature","geometry":{"type":"LineString","coordinates":[[-79.351694,43.812979],[-79.351694,43.812979]]},"properties":{"PingCount":8,"AvgSpeedKmh":18.4}},{"type":"Feature","geometry":{"type":"LineString","coordinates":[[-79.351694,43.812979],[-79.36832,43.839864]]},"properties":{"PingCount":1,"AvgSpeedKmh":56.6}},{"type":"Feature","geometry":{"type":"LineString","coordinates":[[-79.351694,43.812979],[-79.377972,43.845439]]},"properties":{"PingCount":13,"AvgSpeedKmh":88.3}},{"type":"Feature","geometry":{"type":"LineString","coordinates":[[-79.377778,43.806144],[-79.396442,43.806144]]},"properties":{"PingCount":41,"AvgSpeedKmh":24.6}},{"type":"Feature","geometry":{"type":"LineString","coordinates":[[-79.377778,43.806144],[-79.421043,43.80183]]},"properties":{"PingCount":2,"AvgSpeedKmh":34.3}},{"type":"Feature","geometry":{"type":"LineString","coordinates":[[-79.377778,43.806144],[-79.351694,43.812979]]},"properties":{"PingCount":3,"AvgSpeedKmh":38.1}},{"type":"Feature","geometry":{"type":"LineString","coordinates":[[-79.396442,43.806144],[-79.421043,43.80183]]},"properties":{"PingCount":16,"AvgSpeedKmh":24.4}},{"type":"Feature","geometry":{"type":"LineString","coordinates":[[-79.396442,43.806144],[-79.396442,43.819619]]},"properties":{"PingCount":1,"AvgSpeedKmh":33.6}},{"type":"Feature","geometry":{"type":"LineString","coordinates":[[-79.421043,43.80183],[-79.424445,43.816337]]},"properties":{"PingCount":1,"AvgSpeedKmh":34.6}},{"type":"Feature","geometry":{"type":"LineString","coordinates":[[-79.421043,43.80183],[-79.424445,43.816338]]},"properties":{"PingCount":2,"AvgSpeedKmh":26.7}},{"type":"Feature","geometry":{"type":"LineString","coordinates":[[-79.452434,43.806144],[-79.481293,43.811356]]},"properties":{"PingCount":1,"AvgSpeedKmh":32.4}},{"type":"Feature","geometry":{"type":"LineString","coordinates":[[-79.452434,43.806144],[-79.452434,43.819619]]},"properties":{"PingCount":24,"AvgSpeedKmh":20.0}},{"type":"Feature","geometry":{"type":"LineString","coordinates":[[-79.481293,43.811356],[-79.482467,43.806438]]},"properties":{"PingCount":5,"AvgSpeedKmh":20.4}},{"type":"Feature","geometry":{"type":"LineString","coordinates":[[-79.481293,43.811356],[-79.470808,43.823726]]},"properties":{"PingCount":9,"AvgSpeedKmh":41.1}},{"type":"Feature","geometry":{"type":"LineString","coordinates":[[-79.481293,43.811356],[-79.428672,43.833753]]},"properties":{"PingCount":16,"AvgSpeedKmh":89.6}},{"type":"Feature","geometry":{"type":"LineString","coordinates":[[-79.481293,43.811356],[-79.471098,43.833094]]},"properties":{"PingCount":2,"AvgSpeedKmh":43.7}},{"type":"Feature","geometry":{"type":"LineString","coordinates":[[-79.482467,43.806438],[-79.49943,43.800404]]},"properties":{"PingCount":2,"AvgSpeedKmh":15.1}},{"type":"Feature","geometry":{"type":"LineString","coordinates":[[-79.482467,43.806438],[-79.470808,43.823726]]},"properties":{"PingCount":15,"AvgSpeedKmh":39.0}},{"type":"Feature","geometry":{"type":"LineString","coordinates":[[-79.482467,43.806438],[-79.489762,43.819619]]},"properties":{"PingCount":5,"AvgSpeedKmh":18.4}},{"type":"Feature","geometry":{"type":"LineString","coordinates":[[-79.482467,43.806438],[-79.508426,43.819619]]},"properties":{"PingCount":2,"AvgSpeedKmh":32.1}},{"type":"Feature","geometry":{"type":"LineString","coordinates":[[-79.482467,43.806438],[-79.428672,43.833753]]},"properties":{"PingCount":10,"AvgSpeedKmh":88.6}},{"type":"Feature","geometry":{"type":"LineString","coordinates":[[-79.482467,43.806438],[-79.452434,43.833094]]},"properties":{"PingCount":11,"AvgSpeedKmh":70.2}},{"type":"Feature","geometry":{"type":"LineString","coordinates":[[-79.49943,43.800404],[-79.508426,43.819619]]},"properties":{"PingCount":13,"AvgSpeedKmh":31.8}},{"type":"Feature","geometry":{"type":"LineString","coordinates":[[-79.49943,43.800404],[-79.508426,43.833094]]},"properties":{"PingCount":2,"AvgSpeedKmh":44.4}},{"type":"Feature","geometry":{"type":"LineString","coordinates":[[-79.52709,43.806144],[-79.543393,43.808867]]},"properties":{"PingCount":11,"AvgSpeedKmh":24.7}},{"type":"Feature","geometry":{"type":"LineString","coordinates":[[-79.52709,43.806144],[-79.52709,43.819619]]},"properties":{"PingCount":7,"AvgSpeedKmh":12.4}},{"type":"Feature","geometry":{"type":"LineString","coordinates":[[-79.52709,43.806144],[-79.545582,43.818917]]},"properties":{"PingCount":2,"AvgSpeedKmh":34.3}},{"type":"Feature","geometry":{"type":"LineString","coordinates":[[-79.543393,43.808867],[-79.564417,43.806144]]},"properties":{"PingCount":7,"AvgSpeedKmh":31.1}},{"type":"Feature","geometry":{"type":"LineString","coordinates":[[-79.543393,43.808867],[-79.583081,43.806144]]},"properties":{"PingCount":3,"AvgSpeedKmh":42.3}},{"type":"Feature","geometry":{"type":"LineString","coordinates":[[-79.543393,43.808867],[-79.52709,43.819619]]},"properties":{"PingCount":2,"AvgSpeedKmh":14.2}},{"type":"Feature","geometry":{"type":"LineString","coordinates":[[-79.543393,43.808867],[-79.545582,43.818917]]},"properties":{"PingCount":7,"AvgSpeedKmh":18.8}},{"type":"Feature","geometry":{"type":"LineString","coordinates":[[-79.543393,43.808867],[-79.564417,43.819619]]},"properties":{"PingCount":4,"AvgSpeedKmh":42.0}},{"type":"Feature","geometry":{"type":"LineString","coordinates":[[-79.543393,43.808867],[-79.546156,43.825557]]},"properties":{"PingCount":19,"AvgSpeedKmh":54.1}},{"type":"Feature","geometry":{"type":"LineString","coordinates":[[-79.543393,43.808867],[-79.548886,43.848417]]},"properties":{"PingCount":14,"AvgSpeedKmh":88.6}},{"type":"Feature","geometry":{"type":"LineString","coordinates":[[-79.543393,43.808867],[-79.550838,43.855728]]},"properties":{"PingCount":4,"AvgSpeedKmh":96.1}},{"type":"Feature","geometry":{"type":"LineString","coordinates":[[-79.564417,43.806144],[-79.583081,43.806144]]},"properties":{"PingCount":7,"AvgSpeedKmh":35.7}},{"type":"Feature","geometry":{"type":"LineString","coordinates":[[-79.583081,43.806144],[-79.601745,43.806144]]},"properties":{"PingCount":3,"AvgSpeedKmh":20.0}},{"type":"Feature","geometry":{"type":"LineString","coordinates":[[-79.583081,43.806144],[-79.601745,43.819619]]},"properties":{"PingCount":19,"AvgSpeedKmh":35.3}},{"type":"Feature","geometry":{"type":"LineString","coordinates":[[-79.583081,43.806144],[-79.620409,43.819619]]},"properties":{"PingCount":6,"AvgSpeedKmh":40.6}},{"type":"Feature","geometry":{"type":"LineString","coordinates":[[-79.601745,43.806144],[-79.601745,43.819619]]},"properties":{"PingCount":3,"AvgSpeedKmh":16.8}},{"type":"Feature","geometry":{"type":"LineString","coordinates":[[-79.620409,43.806144],[-79.639073,43.806144]]},"properties":{"PingCount":20,"AvgSpeedKmh":28.4}},{"type":"Feature","geometry":{"type":"LineString","coordinates":[[-79.620409,43.806144],[-79.657737,43.806144]]},"properties":{"PingCount":3,"AvgSpeedKmh":44.5}},{"type":"Feature","geometry":{"type":"LineString","coordinates":[[-79.620409,43.806144],[-79.601745,43.819619]]},"properties":{"PingCount":36,"AvgSpeedKmh":39.1}},{"type":"Feature","geometry":{"type":"LineString","coordinates":[[-79.620409,43.806144],[-79.620409,43.819619]]},"properties":{"PingCount":9,"AvgSpeedKmh":29.8}},{"type":"Feature","geometry":{"type":"LineString","coordinates":[[-79.620409,43.806144],[-79.639073,43.819619]]},"properties":{"PingCount":21,"AvgSpeedKmh":33.8}},{"type":"Feature","geometry":{"type":"LineString","coordinates":[[-79.620409,43.806144],[-79.657737,43.819619]]},"properties":{"PingCount":5,"AvgSpeedKmh":40.6}},{"type":"Feature","geometry":{"type":"LineString","coordinates":[[-79.620409,43.806144],[-79.620409,43.833094]]},"properties":{"PingCount":2,"AvgSpeedKmh":42.1}},{"type":"Feature","geometry":{"type":"LineString","coordinates":[[-79.639073,43.806144],[-79.657737,43.806144]]},"properties":{"PingCount":133,"AvgSpeedKmh":29.9}},{"type":"Feature","geometry":{"type":"LineString","coordinates":[[-79.639073,43.806144],[-79.676401,43.806144]]},"properties":{"PingCount":32,"AvgSpeedKmh":37.5}},{"type":"Feature","geometry":{"type":"LineString","coordinates":[[-79.639073,43.806144],[-79.601745,43.819619]]},"properties":{"PingCount":2,"AvgSpeedKmh":41.8}},{"type":"Feature","geometry":{"type":"LineString","coordinates":[[-79.639073,43.806144],[-79.620409,43.819619]]},"properties":{"PingCount":10,"AvgSpeedKmh":40.1}},{"type":"Feature","geometry":{"type":"LineString","coordinates":[[-79.639073,43.806144],[-79.639073,43.819619]]},"properties":{"PingCount":6,"AvgSpeedKmh":41.8}},{"type":"Feature","geometry":{"type":"LineString","coordinates":[[-79.639073,43.806144],[-79.657737,43.819619]]},"properties":{"PingCount":98,"AvgSpeedKmh":58.5}},{"type":"Feature","geometry":{"type":"LineString","coordinates":[[-79.639073,43.806144],[-79.676401,43.819619]]},"properties":{"PingCount":376,"AvgSpeedKmh":58.7}},{"type":"Feature","geometry":{"type":"LineString","coordinates":[[-79.639073,43.806144],[-79.620409,43.833094]]},"properties":{"PingCount":1,"AvgSpeedKmh":41.9}},{"type":"Feature","geometry":{"type":"LineString","coordinates":[[-79.657737,43.806144],[-79.676401,43.806144]]},"properties":{"PingCount":869,"AvgSpeedKmh":11.3}},{"type":"Feature","geometry":{"type":"LineString","coordinates":[[-79.657737,43.806144],[-79.639073,43.819619]]},"properties":{"PingCount":6,"AvgSpeedKmh":35.4}},{"type":"Feature","geometry":{"type":"LineString","coordinates":[[-79.657737,43.806144],[-79.657737,43.819619]]},"properties":{"PingCount":272,"AvgSpeedKmh":23.3}},{"type":"Feature","geometry":{"type":"LineString","coordinates":[[-79.657737,43.806144],[-79.676401,43.819619]]},"properties":{"PingCount":440,"AvgSpeedKmh":33.4}},{"type":"Feature","geometry":{"type":"LineString","coordinates":[[-79.676401,43.806144],[-79.657737,43.819619]]},"properties":{"PingCount":16,"AvgSpeedKmh":12.0}},{"type":"Feature","geometry":{"type":"LineString","coordinates":[[-79.676401,43.806144],[-79.676401,43.819619]]},"properties":{"PingCount":1243,"AvgSpeedKmh":23.6}},{"type":"Feature","geometry":{"type":"LineString","coordinates":[[-79.676401,43.806144],[-79.676401,43.833094]]},"properties":{"PingCount":10,"AvgSpeedKmh":52.5}},{"type":"Feature","geometry":{"type":"LineString","coordinates":[[-79.676401,43.806144],[-79.695065,43.833094]]},"properties":{"PingCount":10,"AvgSpeedKmh":57.4}},{"type":"Feature","geometry":{"type":"LineString","coordinates":[[-79.732393,43.806144],[-79.751057,43.806144]]},"properties":{"PingCount":9,"AvgSpeedKmh":26.1}},{"type":"Feature","geometry":{"type":"LineString","coordinates":[[-79.732393,43.806144],[-79.713729,43.819619]]},"properties":{"PingCount":16,"AvgSpeedKmh":44.2}},{"type":"Feature","geometry":{"type":"LineString","coordinates":[[-79.732393,43.806144],[-79.732393,43.819619]]},"properties":{"PingCount":24,"AvgSpeedKmh":32.3}},{"type":"Feature","geometry":{"type":"LineString","coordinates":[[-79.732393,43.806144],[-79.713729,43.833094]]},"properties":{"PingCount":30,"AvgSpeedKmh":55.1}},{"type":"Feature","geometry":{"type":"LineString","coordinates":[[-79.751057,43.806144],[-79.713729,43.819619]]},"properties":{"PingCount":8,"AvgSpeedKmh":58.3}},{"type":"Feature","geometry":{"type":"LineString","coordinates":[[-79.751057,43.806144],[-79.732393,43.819619]]},"properties":{"PingCount":86,"AvgSpeedKmh":46.2}},{"type":"Feature","geometry":{"type":"LineString","coordinates":[[-79.751057,43.806144],[-79.713729,43.833094]]},"properties":{"PingCount":3,"AvgSpeedKmh":64.5}},{"type":"Feature","geometry":{"type":"LineString","coordinates":[[-79.769721,43.806144],[-79.807049,43.819619]]},"properties":{"PingCount":1,"AvgSpeedKmh":58.7}},{"type":"Feature","geometry":{"type":"LineString","coordinates":[[-79.769721,43.806144],[-79.807049,43.833094]]},"properties":{"PingCount":2,"AvgSpeedKmh":73.1}},{"type":"Feature","geometry":{"type":"LineString","coordinates":[[-79.788385,43.806144],[-79.807049,43.833094]]},"properties":{"PingCount":1,"AvgSpeedKmh":60.5}},{"type":"Feature","geometry":{"type":"LineString","coordinates":[[-79.788385,43.806144],[-79.825713,43.833094]]},"properties":{"PingCount":1,"AvgSpeedKmh":69.2}},{"type":"Feature","geometry":{"type":"LineString","coordinates":[[-79.825713,43.806144],[-79.844377,43.819619]]},"properties":{"PingCount":1,"AvgSpeedKmh":28.2}},{"type":"Feature","geometry":{"type":"LineString","coordinates":[[-79.825713,43.806144],[-79.807049,43.833094]]},"properties":{"PingCount":1,"AvgSpeedKmh":52.4}},{"type":"Feature","geometry":{"type":"LineString","coordinates":[[-79.844377,43.806144],[-79.844377,43.819619]]},"properties":{"PingCount":1,"AvgSpeedKmh":24.2}},{"type":"Feature","geometry":{"type":"LineString","coordinates":[[-79.844377,43.806144],[-79.807049,43.833094]]},"properties":{"PingCount":1,"AvgSpeedKmh":54.1}},{"type":"Feature","geometry":{"type":"LineString","coordinates":[[-79.103028,43.824032],[-79.109869,43.819282]]},"properties":{"PingCount":9,"AvgSpeedKmh":35.2}},{"type":"Feature","geometry":{"type":"LineString","coordinates":[[-79.103028,43.824032],[-79.08101,43.833759]]},"properties":{"PingCount":10,"AvgSpeedKmh":39.9}},{"type":"Feature","geometry":{"type":"LineString","coordinates":[[-79.103028,43.824032],[-79.094314,43.828231]]},"properties":{"PingCount":6,"AvgSpeedKmh":29.9}},{"type":"Feature","geometry":{"type":"LineString","coordinates":[[-79.103028,43.824032],[-79.050983,43.846873]]},"properties":{"PingCount":125,"AvgSpeedKmh":95.0}},{"type":"Feature","geometry":{"type":"LineString","coordinates":[[-79.103028,43.824032],[-79.050983,43.846873]]},"properties":{"PingCount":175,"AvgSpeedKmh":92.1}},{"type":"Feature","geometry":{"type":"LineString","coordinates":[[-79.103028,43.824032],[-79.083375,43.84127]]},"properties":{"PingCount":1,"AvgSpeedKmh":41.2}},{"type":"Feature","geometry":{"type":"LineString","coordinates":[[-79.103028,43.824032],[-79.021508,43.853459]]},"properties":{"PingCount":1,"AvgSpeedKmh":75.8}},{"type":"Feature","geometry":{"type":"LineString","coordinates":[[-79.103028,43.824032],[-79.079155,43.860043]]},"properties":{"PingCount":2,"AvgSpeedKmh":27.9}},{"type":"Feature","geometry":{"type":"LineString","coordinates":[[-79.103028,43.824032],[-79.079155,43.873518]]},"properties":{"PingCount":3,"AvgSpeedKmh":35.6}},{"type":"Feature","geometry":{"type":"LineString","coordinates":[[-79.103028,43.824032],[-78.929843,43.940891]]},"properties":{"PingCount":1,"AvgSpeedKmh":20.1}},{"type":"Feature","geometry":{"type":"LineString","coordinates":[[-79.109869,43.819282],[-79.08101,43.833759]]},"properties":{"PingCount":26,"AvgSpeedKmh":63.3}},{"type":"Feature","geometry":{"type":"LineString","coordinates":[[-79.109869,43.819282],[-79.094314,43.828231]]},"properties":{"PingCount":21,"AvgSpeedKmh":39.5}},{"type":"Feature","geometry":{"type":"LineString","coordinates":[[-79.109869,43.819282],[-79.116483,43.833094]]},"properties":{"PingCount":3,"AvgSpeedKmh":37.8}},{"type":"Feature","geometry":{"type":"LineString","coordinates":[[-79.109869,43.819282],[-79.022732,43.852855]]},"properties":{"PingCount":28,"AvgSpeedKmh":83.6}},{"type":"Feature","geometry":{"type":"LineString","coordinates":[[-79.109869,43.819282],[-79.050983,43.846873]]},"properties":{"PingCount":31,"AvgSpeedKmh":68.2}},{"type":"Feature","geometry":{"type":"LineString","coordinates":[[-79.109869,43.819282],[-79.050983,43.846873]]},"properties":{"PingCount":148,"AvgSpeedKmh":95.4}},{"type":"Feature","geometry":{"type":"LineString","coordinates":[[-79.109869,43.819282],[-79.011958,43.855423]]},"properties":{"PingCount":144,"AvgSpeedKmh":95.2}},{"type":"Feature","geometry":{"type":"LineString","coordinates":[[-79.109869,43.819282],[-79.021508,43.853459]]},"properties":{"PingCount":96,"AvgSpeedKmh":90.5}},{"type":"Feature","geometry":{"type":"LineString","coordinates":[[-79.109869,43.819282],[-79.079155,43.860043]]},"properties":{"PingCount":1,"AvgSpeedKmh":39.6}},{"type":"Feature","geometry":{"type":"LineString","coordinates":[[-79.109869,43.819282],[-79.079155,43.873518]]},"properties":{"PingCount":3,"AvgSpeedKmh":40.5}},{"type":"Feature","geometry":{"type":"LineString","coordinates":[[-79.109869,43.819282],[-78.985835,43.886992]]},"properties":{"PingCount":1,"AvgSpeedKmh":80.5}},{"type":"Feature","geometry":{"type":"LineString","coordinates":[[-79.135147,43.819619],[-79.153811,43.846568]]},"properties":{"PingCount":1,"AvgSpeedKmh":46.7}},{"type":"Feature","geometry":{"type":"LineString","coordinates":[[-79.209802,43.819619],[-79.228466,43.819619]]},"properties":{"PingCount":1,"AvgSpeedKmh":42.5}},{"type":"Feature","geometry":{"type":"LineString","coordinates":[[-79.228466,43.819619],[-79.246272,43.820192]]},"properties":{"PingCount":3,"AvgSpeedKmh":18.7}},{"type":"Feature","geometry":{"type":"LineString","coordinates":[[-79.228466,43.819619],[-79.250556,43.830572]]},"properties":{"PingCount":1,"AvgSpeedKmh":36.2}},{"type":"Feature","geometry":{"type":"LineString","coordinates":[[-79.246272,43.820192],[-79.265794,43.819619]]},"properties":{"PingCount":1,"AvgSpeedKmh":19.7}},{"type":"Feature","geometry":{"type":"LineString","coordinates":[[-79.246272,43.820192],[-79.250556,43.830572]]},"properties":{"PingCount":51,"AvgSpeedKmh":28.4}},{"type":"Feature","geometry":{"type":"LineString","coordinates":[[-79.246272,43.820192],[-79.265794,43.833094]]},"properties":{"PingCount":2,"AvgSpeedKmh":20.9}},{"type":"Feature","geometry":{"type":"LineString","coordinates":[[-79.265794,43.819619],[-79.284458,43.819619]]},"properties":{"PingCount":1,"AvgSpeedKmh":31.0}},{"type":"Feature","geometry":{"type":"LineString","coordinates":[[-79.265794,43.819619],[-79.265794,43.833094]]},"properties":{"PingCount":3,"AvgSpeedKmh":22.1}},{"type":"Feature","geometry":{"type":"LineString","coordinates":[[-79.265794,43.819619],[-79.284458,43.833094]]},"properties":{"PingCount":15,"AvgSpeedKmh":27.7}},{"type":"Feature","geometry":{"type":"LineString","coordinates":[[-79.265794,43.819619],[-79.284458,43.846568]]},"properties":{"PingCount":1,"AvgSpeedKmh":24.7}},{"type":"Feature","geometry":{"type":"LineString","coordinates":[[-79.284458,43.819619],[-79.284458,43.833094]]},"properties":{"PingCount":3,"AvgSpeedKmh":20.9}},{"type":"Feature","geometry":{"type":"LineString","coordinates":[[-79.303122,43.819619],[-79.321786,43.819619]]},"properties":{"PingCount":50,"AvgSpeedKmh":21.1}},{"type":"Feature","geometry":{"type":"LineString","coordinates":[[-79.303122,43.819619],[-79.351694,43.812979]]},"properties":{"PingCount":2,"AvgSpeedKmh":39.0}},{"type":"Feature","geometry":{"type":"LineString","coordinates":[[-79.303122,43.819619],[-79.284458,43.833094]]},"properties":{"PingCount":34,"AvgSpeedKmh":28.4}},{"type":"Feature","geometry":{"type":"LineString","coordinates":[[-79.303122,43.819619],[-79.303122,43.833094]]},"properties":{"PingCount":24,"AvgSpeedKmh":24.5}},{"type":"Feature","geometry":{"type":"LineString","coordinates":[[-79.303122,43.819619],[-79.303654,43.862749]]},"properties":{"PingCount":1,"AvgSpeedKmh":23.5}},{"type":"Feature","geometry":{"type":"LineString","coordinates":[[-79.321786,43.819619],[-79.351694,43.812979]]},"properties":{"PingCount":26,"AvgSpeedKmh":26.7}},{"type":"Feature","geometry":{"type":"LineString","coordinates":[[-79.321786,43.819619],[-79.284458,43.833094]]},"properties":{"PingCount":4,"AvgSpeedKmh":39.5}},{"type":"Feature","geometry":{"type":"LineString","coordinates":[[-79.321786,43.819619],[-79.303122,43.833094]]},"properties":{"PingCount":3,"AvgSpeedKmh":25.1}},{"type":"Feature","geometry":{"type":"LineString","coordinates":[[-79.321786,43.819619],[-79.321786,43.833094]]},"properties":{"PingCount":10,"AvgSpeedKmh":27.2}},{"type":"Feature","geometry":{"type":"LineString","coordinates":[[-79.351694,43.812979],[-79.351694,43.812979]]},"properties":{"PingCount":16,"AvgSpeedKmh":19.1}},{"type":"Feature","geometry":{"type":"LineString","coordinates":[[-79.351694,43.812979],[-79.321786,43.833094]]},"properties":{"PingCount":1,"AvgSpeedKmh":31.3}},{"type":"Feature","geometry":{"type":"LineString","coordinates":[[-79.351694,43.812979],[-79.34045,43.833094]]},"properties":{"PingCount":1,"AvgSpeedKmh":8.7}},{"type":"Feature","geometry":{"type":"LineString","coordinates":[[-79.351694,43.812979],[-79.36832,43.839864]]},"properties":{"PingCount":1,"AvgSpeedKmh":58.4}},{"type":"Feature","geometry":{"type":"LineString","coordinates":[[-79.351694,43.812979],[-79.377972,43.845439]]},"properties":{"PingCount":2,"AvgSpeedKmh":75.7}},{"type":"Feature","geometry":{"type":"LineString","coordinates":[[-79.351694,43.812979],[-79.377778,43.819619]]},"properties":{"PingCount":1,"AvgSpeedKmh":8.8}},{"type":"Feature","geometry":{"type":"LineString","coordinates":[[-79.351694,43.812979],[-79.321786,43.833094]]},"properties":{"PingCount":2,"AvgSpeedKmh":43.3}},{"type":"Feature","geometry":{"type":"LineString","coordinates":[[-79.351694,43.812979],[-79.34045,43.833094]]},"properties":{"PingCount":1,"AvgSpeedKmh":22.2}},{"type":"Feature","geometry":{"type":"LineString","coordinates":[[-79.351694,43.812979],[-79.36832,43.839864]]},"properties":{"PingCount":8,"AvgSpeedKmh":42.6}},{"type":"Feature","geometry":{"type":"LineString","coordinates":[[-79.351694,43.812979],[-79.358009,43.84981]]},"properties":{"PingCount":7,"AvgSpeedKmh":56.5}},{"type":"Feature","geometry":{"type":"LineString","coordinates":[[-79.351694,43.812979],[-79.377972,43.845439]]},"properties":{"PingCount":19,"AvgSpeedKmh":71.6}},{"type":"Feature","geometry":{"type":"LineString","coordinates":[[-79.351694,43.812979],[-79.37287,43.855825]]},"properties":{"PingCount":28,"AvgSpeedKmh":91.8}},{"type":"Feature","geometry":{"type":"LineString","coordinates":[[-79.351694,43.812979],[-79.376288,43.869757]]},"properties":{"PingCount":2,"AvgSpeedKmh":94.8}},{"type":"Feature","geometry":{"type":"LineString","coordinates":[[-79.377778,43.819619],[-79.377972,43.845439]]},"properties":{"PingCount":1,"AvgSpeedKmh":44.2}},{"type":"Feature","geometry":{"type":"LineString","coordinates":[[-79.396442,43.819619],[-79.396442,43.833094]]},"properties":{"PingCount":1,"AvgSpeedKmh":37.7}},{"type":"Feature","geometry":{"type":"LineString","coordinates":[[-79.424445,43.816337],[-79.428672,43.833753]]},"properties":{"PingCount":2,"AvgSpeedKmh":36.5}},{"type":"Feature","geometry":{"type":"LineString","coordinates":[[-79.424445,43.816338],[-79.428672,43.833753]]},"properties":{"PingCount":2,"AvgSpeedKmh":32.5}},{"type":"Feature","geometry":{"type":"LineString","coordinates":[[-79.452434,43.819619],[-79.396442,43.833094]]},"properties":{"PingCount":1,"AvgSpeedKmh":91.2}},{"type":"Feature","geometry":{"type":"LineString","coordinates":[[-79.452434,43.819619],[-79.423553,43.837841]]},"properties":{"PingCount":1,"AvgSpeedKmh":68.3}},{"type":"Feature","geometry":{"type":"LineString","coordinates":[[-79.452434,43.819619],[-79.452434,43.833094]]},"properties":{"PingCount":17,"AvgSpeedKmh":24.4}},{"type":"Feature","geometry":{"type":"LineString","coordinates":[[-79.452434,43.819619],[-79.452434,43.846568]]},"properties":{"PingCount":4,"AvgSpeedKmh":50.4}},{"type":"Feature","geometry":{"type":"LineString","coordinates":[[-79.470808,43.823726],[-79.489762,43.819619]]},"properties":{"PingCount":10,"AvgSpeedKmh":19.8}},{"type":"Feature","geometry":{"type":"LineString","coordinates":[[-79.470808,43.823726],[-79.508426,43.819619]]},"properties":{"PingCount":5,"AvgSpeedKmh":37.7}},{"type":"Feature","geometry":{"type":"LineString","coordinates":[[-79.470808,43.823726],[-79.396442,43.833094]]},"properties":{"PingCount":2,"AvgSpeedKmh":98.9}},{"type":"Feature","geometry":{"type":"LineString","coordinates":[[-79.470808,43.823726],[-79.423553,43.837841]]},"properties":{"PingCount":30,"AvgSpeedKmh":96.5}},{"type":"Feature","geometry":{"type":"LineString","coordinates":[[-79.470808,43.823726],[-79.428672,43.833753]]},"properties":{"PingCount":21,"AvgSpeedKmh":74.8}},{"type":"Feature","geometry":{"type":"LineString","coordinates":[[-79.470808,43.823726],[-79.452434,43.833094]]},"properties":{"PingCount":10,"AvgSpeedKmh":44.6}},{"type":"Feature","geometry":{"type":"LineString","coordinates":[[-79.470808,43.823726],[-79.471098,43.833094]]},"properties":{"PingCount":25,"AvgSpeedKmh":17.4}},{"type":"Feature","geometry":{"type":"LineString","coordinates":[[-79.470808,43.823726],[-79.489762,43.833094]]},"properties":{"PingCount":10,"AvgSpeedKmh":31.2}},{"type":"Feature","geometry":{"type":"LineString","coordinates":[[-79.470808,43.823726],[-79.489762,43.846568]]},"properties":{"PingCount":9,"AvgSpeedKmh":41.9}},{"type":"Feature","geometry":{"type":"LineString","coordinates":[[-79.489762,43.819619],[-79.508426,43.819619]]},"properties":{"PingCount":11,"AvgSpeedKmh":24.5}},{"type":"Feature","geometry":{"type":"LineString","coordinates":[[-79.489762,43.819619],[-79.452434,43.833094]]},"properties":{"PingCount":2,"AvgSpeedKmh":55.0}},{"type":"Feature","geometry":{"type":"LineString","coordinates":[[-79.489762,43.819619],[-79.471098,43.833094]]},"properties":{"PingCount":1,"AvgSpeedKmh":33.6}},{"type":"Feature","geometry":{"type":"LineString","coordinates":[[-79.489762,43.819619],[-79.508426,43.833094]]},"properties":{"PingCount":1,"AvgSpeedKmh":38.2}},{"type":"Feature","geometry":{"type":"LineString","coordinates":[[-79.489762,43.819619],[-79.508426,43.860043]]},"properties":{"PingCount":1,"AvgSpeedKmh":31.4}},{"type":"Feature","geometry":{"type":"LineString","coordinates":[[-79.489762,43.819619],[-79.52709,43.886992]]},"properties":{"PingCount":1,"AvgSpeedKmh":20.4}},{"type":"Feature","geometry":{"type":"LineString","coordinates":[[-79.508426,43.819619],[-79.508426,43.833094]]},"properties":{"PingCount":30,"AvgSpeedKmh":36.6}},{"type":"Feature","geometry":{"type":"LineString","coordinates":[[-79.508426,43.819619],[-79.508426,43.846568]]},"properties":{"PingCount":3,"AvgSpeedKmh":49.0}},{"type":"Feature","geometry":{"type":"LineString","coordinates":[[-79.52709,43.819619],[-79.545582,43.818917]]},"properties":{"PingCount":1,"AvgSpeedKmh":13.0}},{"type":"Feature","geometry":{"type":"LineString","coordinates":[[-79.52709,43.819619],[-79.52709,43.833094]]},"properties":{"PingCount":5,"AvgSpeedKmh":27.5}},{"type":"Feature","geometry":{"type":"LineString","coordinates":[[-79.52709,43.819619],[-79.546156,43.825557]]},"properties":{"PingCount":1,"AvgSpeedKmh":17.7}},{"type":"Feature","geometry":{"type":"LineString","coordinates":[[-79.545582,43.818917],[-79.564417,43.819619]]},"properties":{"PingCount":3,"AvgSpeedKmh":23.0}},{"type":"Feature","geometry":{"type":"LineString","coordinates":[[-79.545582,43.818917],[-79.52709,43.833094]]},"properties":{"PingCount":7,"AvgSpeedKmh":24.8}},{"type":"Feature","geometry":{"type":"LineString","coordinates":[[-79.545582,43.818917],[-79.546156,43.825557]]},"properties":{"PingCount":7,"AvgSpeedKmh":27.0}},{"type":"Feature","geometry":{"type":"LineString","coordinates":[[-79.545582,43.818917],[-79.564417,43.833094]]},"properties":{"PingCount":2,"AvgSpeedKmh":27.9}},{"type":"Feature","geometry":{"type":"LineString","coordinates":[[-79.545582,43.818917],[-79.548886,43.848417]]},"properties":{"PingCount":16,"AvgSpeedKmh":64.1}},{"type":"Feature","geometry":{"type":"LineString","coordinates":[[-79.545582,43.818917],[-79.550838,43.855728]]},"properties":{"PingCount":11,"AvgSpeedKmh":89.1}},{"type":"Feature","geometry":{"type":"LineString","coordinates":[[-79.545582,43.818917],[-79.564417,43.860043]]},"properties":{"PingCount":1,"AvgSpeedKmh":82.5}},{"type":"Feature","geometry":{"type":"LineString","coordinates":[[-79.564417,43.819619],[-79.583081,43.819619]]},"properties":{"PingCount":14,"AvgSpeedKmh":39.5}},{"type":"Feature","geometry":{"type":"LineString","coordinates":[[-79.564417,43.819619],[-79.601745,43.819619]]},"properties":{"PingCount":11,"AvgSpeedKmh":48.5}},{"type":"Feature","geometry":{"type":"LineString","coordinates":[[-79.564417,43.819619],[-79.546156,43.825557]]},"properties":{"PingCount":17,"AvgSpeedKmh":28.4}},{"type":"Feature","geometry":{"type":"LineString","coordinates":[[-79.564417,43.819619],[-79.564417,43.833094]]},"properties":{"PingCount":2,"AvgSpeedKmh":4.3}},{"type":"Feature","geometry":{"type":"LineString","coordinates":[[-79.564417,43.819619],[-79.548886,43.848417]]},"properties":{"PingCount":1,"AvgSpeedKmh":48.6}},{"type":"Feature","geometry":{"type":"LineString","coordinates":[[-79.583081,43.819619],[-79.601745,43.819619]]},"properties":{"PingCount":16,"AvgSpeedKmh":40.4}},{"type":"Feature","geometry":{"type":"LineString","coordinates":[[-79.583081,43.819619],[-79.620409,43.819619]]},"properties":{"PingCount":3,"AvgSpeedKmh":42.0}},{"type":"Feature","geometry":{"type":"LineString","coordinates":[[-79.583081,43.819619],[-79.546156,43.825557]]},"properties":{"PingCount":4,"AvgSpeedKmh":44.8}},{"type":"Feature","geometry":{"type":"LineString","coordinates":[[-79.583081,43.819619],[-79.564417,43.833094]]},"properties":{"PingCount":1,"AvgSpeedKmh":29.0}},{"type":"Feature","geometry":{"type":"LineString","coordinates":[[-79.601745,43.819619],[-79.620409,43.819619]]},"properties":{"PingCount":16,"AvgSpeedKmh":26.9}},{"type":"Feature","geometry":{"type":"LineString","coordinates":[[-79.601745,43.819619],[-79.639073,43.819619]]},"properties":{"PingCount":2,"AvgSpeedKmh":40.4}},{"type":"Feature","geometry":{"type":"LineString","coordinates":[[-79.601745,43.819619],[-79.601745,43.833094]]},"properties":{"PingCount":1,"AvgSpeedKmh":2.8}},{"type":"Feature","geometry":{"type":"LineString","coordinates":[[-79.601745,43.819619],[-79.620409,43.833094]]},"properties":{"PingCount":5,"AvgSpeedKmh":31.5}},{"type":"Feature","geometry":{"type":"LineString","coordinates":[[-79.620409,43.819619],[-79.639073,43.819619]]},"properties":{"PingCount":14,"AvgSpeedKmh":29.7}},{"type":"Feature","geometry":{"type":"LineString","coordinates":[[-79.620409,43.819619],[-79.657737,43.819619]]},"properties":{"PingCount":8,"AvgSpeedKmh":45.3}},{"type":"Feature","geometry":{"type":"LineString","coordinates":[[-79.620409,43.819619],[-79.583081,43.833094]]},"properties":{"PingCount":3,"AvgSpeedKmh":63.9}},{"type":"Feature","geometry":{"type":"LineString","coordinates":[[-79.620409,43.819619],[-79.601745,43.833094]]},"properties":{"PingCount":8,"AvgSpeedKmh":49.9}},{"type":"Feature","geometry":{"type":"LineString","coordinates":[[-79.620409,43.819619],[-79.620409,43.833094]]},"properties":{"PingCount":4,"AvgSpeedKmh":25.9}},{"type":"Feature","geometry":{"type":"LineString","coordinates":[[-79.620409,43.819619],[-79.620409,43.846568]]},"properties":{"PingCount":1,"AvgSpeedKmh":35.6}},{"type":"Feature","geometry":{"type":"LineString","coordinates":[[-79.639073,43.819619],[-79.657737,43.819619]]},"properties":{"PingCount":80,"AvgSpeedKmh":37.6}},{"type":"Feature","geometry":{"type":"LineString","coordinates":[[-79.639073,43.819619],[-79.676401,43.819619]]},"properties":{"PingCount":48,"AvgSpeedKmh":50.5}},{"type":"Feature","geometry":{"type":"LineString","coordinates":[[-79.639073,43.819619],[-79.601745,43.833094]]},"properties":{"PingCount":28,"AvgSpeedKmh":48.9}},{"type":"Feature","geometry":{"type":"LineString","coordinates":[[-79.639073,43.819619],[-79.620409,43.833094]]},"properties":{"PingCount":47,"AvgSpeedKmh":36.8}},{"type":"Feature","geometry":{"type":"LineString","coordinates":[[-79.639073,43.819619],[-79.639073,43.833094]]},"properties":{"PingCount":20,"AvgSpeedKmh":27.4}},{"type":"Feature","geometry":{"type":"LineString","coordinates":[[-79.639073,43.819619],[-79.639073,43.846568]]},"properties":{"PingCount":24,"AvgSpeedKmh":44.1}},{"type":"Feature","geometry":{"type":"LineString","coordinates":[[-79.657737,43.819619],[-79.676401,43.819619]]},"properties":{"PingCount":1120,"AvgSpeedKmh":27.4}},{"type":"Feature","geometry":{"type":"LineString","coordinates":[[-79.657737,43.819619],[-79.620409,43.833094]]},"properties":{"PingCount":12,"AvgSpeedKmh":51.1}},{"type":"Feature","geometry":{"type":"LineString","coordinates":[[-79.657737,43.819619],[-79.639073,43.833094]]},"properties":{"PingCount":13,"AvgSpeedKmh":37.4}},{"type":"Feature","geometry":{"type":"LineString","coordinates":[[-79.657737,43.819619],[-79.657737,43.833094]]},"properties":{"PingCount":2,"AvgSpeedKmh":16.0}},{"type":"Feature","geometry":{"type":"LineString","coordinates":[[-79.657737,43.819619],[-79.676401,43.833094]]},"properties":{"PingCount":5,"AvgSpeedKmh":34.0}},{"type":"Feature","geometry":{"type":"LineString","coordinates":[[-79.657737,43.819619],[-79.695065,43.833094]]},"properties":{"PingCount":3,"AvgSpeedKmh":41.9}},{"type":"Feature","geometry":{"type":"LineString","coordinates":[[-79.676401,43.819619],[-79.695065,43.819619]]},"properties":{"PingCount":2,"AvgSpeedKmh":22.0}},{"type":"Feature","geometry":{"type":"LineString","coordinates":[[-79.676401,43.819619],[-79.676401,43.833094]]},"properties":{"PingCount":130,"AvgSpeedKmh":22.3}},{"type":"Feature","geometry":{"type":"LineString","coordinates":[[-79.676401,43.819619],[-79.695065,43.833094]]},"properties":{"PingCount":212,"AvgSpeedKmh":38.2}},{"type":"Feature","geometry":{"type":"LineString","coordinates":[[-79.676401,43.819619],[-79.695065,43.846568]]},"properties":{"PingCount":134,"AvgSpeedKmh":54.7}},{"type":"Feature","geometry":{"type":"LineString","coordinates":[[-79.676401,43.819619],[-79.695065,43.860043]]},"properties":{"PingCount":1,"AvgSpeedKmh":70.6}},{"type":"Feature","geometry":{"type":"LineString","coordinates":[[-79.676401,43.819619],[-79.52709,43.886992]]},"properties":{"PingCount":1,"AvgSpeedKmh":14.6}},{"type":"Feature","geometry":{"type":"LineString","coordinates":[[-79.695065,43.819619],[-79.695065,43.833094]]},"properties":{"PingCount":1,"AvgSpeedKmh":19.1}},{"type":"Feature","geometry":{"type":"LineString","coordinates":[[-79.695065,43.819619],[-79.713729,43.833094]]},"properties":{"PingCount":1,"AvgSpeedKmh":40.7}},{"type":"Feature","geometry":{"type":"LineString","coordinates":[[-79.713729,43.819619],[-79.732393,43.819619]]},"properties":{"PingCount":7,"AvgSpeedKmh":18.2}},{"type":"Feature","geometry":{"type":"LineString","coordinates":[[-79.713729,43.819619],[-79.713729,43.833094]]},"properties":{"PingCount":9,"AvgSpeedKmh":33.3}},{"type":"Feature","geometry":{"type":"LineString","coordinates":[[-79.713729,43.819619],[-79.695065,43.846568]]},"properties":{"PingCount":20,"AvgSpeedKmh":56.7}},{"type":"Feature","geometry":{"type":"LineString","coordinates":[[-79.713729,43.819619],[-79.713729,43.846568]]},"properties":{"PingCount":2,"AvgSpeedKmh":39.3}},{"type":"Feature","geometry":{"type":"LineString","coordinates":[[-79.732393,43.819619],[-79.713729,43.833094]]},"properties":{"PingCount":109,"AvgSpeedKmh":47.6}},{"type":"Feature","geometry":{"type":"LineString","coordinates":[[-79.732393,43.819619],[-79.695065,43.846568]]},"properties":{"PingCount":21,"AvgSpeedKmh":58.6}},{"type":"Feature","geometry":{"type":"LineString","coordinates":[[-79.732393,43.819619],[-79.713729,43.846568]]},"properties":{"PingCount":2,"AvgSpeedKmh":57.9}},{"type":"Feature","geometry":{"type":"LineString","coordinates":[[-79.807049,43.819619],[-79.807049,43.833094]]},"properties":{"PingCount":2,"AvgSpeedKmh":40.9}},{"type":"Feature","geometry":{"type":"LineString","coordinates":[[-79.807049,43.819619],[-79.825713,43.846568]]},"properties":{"PingCount":1,"AvgSpeedKmh":64.7}},{"type":"Feature","geometry":{"type":"LineString","coordinates":[[-79.825713,43.819619],[-79.807049,43.833094]]},"properties":{"PingCount":1,"AvgSpeedKmh":58.2}},{"type":"Feature","geometry":{"type":"LineString","coordinates":[[-79.023163,43.833094],[-78.929843,43.940891]]},"properties":{"PingCount":1,"AvgSpeedKmh":8.7}},{"type":"Feature","geometry":{"type":"LineString","coordinates":[[-79.041827,43.833094],[-79.08101,43.833759]]},"properties":{"PingCount":1,"AvgSpeedKmh":32.7}},{"type":"Feature","geometry":{"type":"LineString","coordinates":[[-79.041827,43.833094],[-79.022732,43.852855]]},"properties":{"PingCount":2,"AvgSpeedKmh":23.6}},{"type":"Feature","geometry":{"type":"LineString","coordinates":[[-79.041827,43.833094],[-79.050983,43.846873]]},"properties":{"PingCount":2,"AvgSpeedKmh":23.8}},{"type":"Feature","geometry":{"type":"LineString","coordinates":[[-79.060491,43.833094],[-79.094314,43.828231]]},"properties":{"PingCount":1,"AvgSpeedKmh":20.3}},{"type":"Feature","geometry":{"type":"LineString","coordinates":[[-79.060491,43.833094],[-79.050983,43.846873]]},"properties":{"PingCount":1,"AvgSpeedKmh":28.3}},{"type":"Feature","geometry":{"type":"LineString","coordinates":[[-79.08101,43.833759],[-79.094314,43.828231]]},"properties":{"PingCount":35,"AvgSpeedKmh":12.7}},{"type":"Feature","geometry":{"type":"LineString","coordinates":[[-79.08101,43.833759],[-79.022732,43.852855]]},"properties":{"PingCount":198,"AvgSpeedKmh":94.5}},{"type":"Feature","geometry":{"type":"LineString","coordinates":[[-79.08101,43.833759],[-79.050983,43.846873]]},"properties":{"PingCount":122,"AvgSpeedKmh":80.1}},{"type":"Feature","geometry":{"type":"LineString","coordinates":[[-79.08101,43.833759],[-79.050983,43.846873]]},"properties":{"PingCount":39,"AvgSpeedKmh":39.2}},{"type":"Feature","geometry":{"type":"LineString","coordinates":[[-79.08101,43.833759],[-79.011958,43.855423]]},"properties":{"PingCount":3,"AvgSpeedKmh":37.7}},{"type":"Feature","geometry":{"type":"LineString","coordinates":[[-79.08101,43.833759],[-79.021508,43.853459]]},"properties":{"PingCount":1,"AvgSpeedKmh":57.9}},{"type":"Feature","geometry":{"type":"LineString","coordinates":[[-79.08101,43.833759],[-79.043156,43.857258]]},"properties":{"PingCount":5,"AvgSpeedKmh":45.7}},{"type":"Feature","geometry":{"type":"LineString","coordinates":[[-79.08101,43.833759],[-79.055352,43.854492]]},"properties":{"PingCount":2,"AvgSpeedKmh":29.3}},{"type":"Feature","geometry":{"type":"LineString","coordinates":[[-79.08101,43.833759],[-79.079155,43.873518]]},"properties":{"PingCount":4,"AvgSpeedKmh":33.3}},{"type":"Feature","geometry":{"type":"LineString","coordinates":[[-79.08101,43.833759],[-79.097819,43.886992]]},"properties":{"PingCount":1,"AvgSpeedKmh":51.0}},{"type":"Feature","geometry":{"type":"LineString","coordinates":[[-79.08101,43.833759],[-78.929843,43.940891]]},"properties":{"PingCount":1,"AvgSpeedKmh":36.3}},{"type":"Feature","geometry":{"type":"LineString","coordinates":[[-79.094314,43.828231],[-79.022732,43.852855]]},"properties":{"PingCount":3,"AvgSpeedKmh":79.6}},{"type":"Feature","geometry":{"type":"LineString","coordinates":[[-79.094314,43.828231],[-79.050983,43.846873]]},"properties":{"PingCount":286,"AvgSpeedKmh":91.7}},{"type":"Feature","geometry":{"type":"LineString","coordinates":[[-79.094314,43.828231],[-79.050983,43.846873]]},"properties":{"PingCount":36,"AvgSpeedKmh":52.7}},{"type":"Feature","geometry":{"type":"LineString","coordinates":[[-79.094314,43.828231],[-79.083375,43.84127]]},"properties":{"PingCount":2,"AvgSpeedKmh":11.2}},{"type":"Feature","geometry":{"type":"LineString","coordinates":[[-79.094314,43.828231],[-79.097819,43.846568]]},"properties":{"PingCount":1,"AvgSpeedKmh":27.0}},{"type":"Feature","geometry":{"type":"LineString","coordinates":[[-79.094314,43.828231],[-79.011958,43.855423]]},"properties":{"PingCount":1,"AvgSpeedKmh":69.6}},{"type":"Feature","geometry":{"type":"LineString","coordinates":[[-79.094314,43.828231],[-79.021508,43.853459]]},"properties":{"PingCount":6,"AvgSpeedKmh":52.9}},{"type":"Feature","geometry":{"type":"LineString","coordinates":[[-79.094314,43.828231],[-79.043156,43.857258]]},"properties":{"PingCount":4,"AvgSpeedKmh":30.0}},{"type":"Feature","geometry":{"type":"LineString","coordinates":[[-79.094314,43.828231],[-79.055352,43.854492]]},"properties":{"PingCount":10,"AvgSpeedKmh":34.9}},{"type":"Feature","geometry":{"type":"LineString","coordinates":[[-79.094314,43.828231],[-79.079155,43.860043]]},"properties":{"PingCount":3,"AvgSpeedKmh":32.3}},{"type":"Feature","geometry":{"type":"LineString","coordinates":[[-79.094314,43.828231],[-79.079155,43.873518]]},"properties":{"PingCount":11,"AvgSpeedKmh":32.9}},{"type":"Feature","geometry":{"type":"LineString","coordinates":[[-79.094314,43.828231],[-79.097819,43.886992]]},"properties":{"PingCount":4,"AvgSpeedKmh":35.2}},{"type":"Feature","geometry":{"type":"LineString","coordinates":[[-79.094314,43.828231],[-79.004499,43.927416]]},"properties":{"PingCount":1,"AvgSpeedKmh":67.2}},{"type":"Feature","geometry":{"type":"LineString","coordinates":[[-79.116483,43.833094],[-79.135147,43.846568]]},"properties":{"PingCount":2,"AvgSpeedKmh":40.3}},{"type":"Feature","geometry":{"type":"LineString","coordinates":[[-79.116483,43.833094],[-79.135147,43.860043]]},"properties":{"PingCount":1,"AvgSpeedKmh":55.1}},{"type":"Feature","geometry":{"type":"LineString","coordinates":[[-79.172474,43.833094],[-79.191138,43.833094]]},"properties":{"PingCount":1,"AvgSpeedKmh":26.1}},{"type":"Feature","geometry":{"type":"LineString","coordinates":[[-79.191138,43.833094],[-79.209802,43.846568]]},"properties":{"PingCount":1,"AvgSpeedKmh":35.2}},{"type":"Feature","geometry":{"type":"LineString","coordinates":[[-79.228466,43.833094],[-79.250556,43.830572]]},"properties":{"PingCount":1,"AvgSpeedKmh":9.1}},{"type":"Feature","geometry":{"type":"LineString","coordinates":[[-79.228466,43.833094],[-79.228466,43.846568]]},"properties":{"PingCount":1,"AvgSpeedKmh":10.8}},{"type":"Feature","geometry":{"type":"LineString","coordinates":[[-79.250556,43.830572],[-79.265794,43.833094]]},"properties":{"PingCount":27,"AvgSpeedKmh":25.8}},{"type":"Feature","geometry":{"type":"LineString","coordinates":[[-79.250556,43.830572],[-79.284458,43.833094]]},"properties":{"PingCount":8,"AvgSpeedKmh":42.4}},{"type":"Feature","geometry":{"type":"LineString","coordinates":[[-79.250556,43.830572],[-79.209802,43.846568]]},"properties":{"PingCount":8,"AvgSpeedKmh":49.4}},{"type":"Feature","geometry":{"type":"LineString","coordinates":[[-79.250556,43.830572],[-79.228466,43.846568]]},"properties":{"PingCount":35,"AvgSpeedKmh":27.0}},{"type":"Feature","geometry":{"type":"LineString","coordinates":[[-79.250556,43.830572],[-79.254527,43.851233]]},"properties":{"PingCount":43,"AvgSpeedKmh":23.8}},{"type":"Feature","geometry":{"type":"LineString","coordinates":[[-79.250556,43.830572],[-78.911179,43.940891]]},"properties":{"PingCount":1,"AvgSpeedKmh":17.8}},{"type":"Feature","geometry":{"type":"LineString","coordinates":[[-79.265794,43.833094],[-79.284458,43.833094]]},"properties":{"PingCount":30,"AvgSpeedKmh":28.7}},{"type":"Feature","geometry":{"type":"LineString","coordinates":[[-79.265794,43.833094],[-79.228466,43.846568]]},"properties":{"PingCount":1,"AvgSpeedKmh":37.4}},{"type":"Feature","geometry":{"type":"LineString","coordinates":[[-79.265794,43.833094],[-79.254527,43.851233]]},"properties":{"PingCount":5,"AvgSpeedKmh":24.1}},{"type":"Feature","geometry":{"type":"LineString","coordinates":[[-79.265794,43.833094],[-79.284458,43.846568]]},"properties":{"PingCount":1,"AvgSpeedKmh":24.0}},{"type":"Feature","geometry":{"type":"LineString","coordinates":[[-79.284458,43.833094],[-79.303122,43.833094]]},"properties":{"PingCount":3,"AvgSpeedKmh":24.2}},{"type":"Feature","geometry":{"type":"LineString","coordinates":[[-79.284458,43.833094],[-79.284458,43.846568]]},"properties":{"PingCount":21,"AvgSpeedKmh":26.9}},{"type":"Feature","geometry":{"type":"LineString","coordinates":[[-79.303122,43.833094],[-79.303122,43.846568]]},"properties":{"PingCount":32,"AvgSpeedKmh":14.7}},{"type":"Feature","geometry":{"type":"LineString","coordinates":[[-79.321786,43.833094],[-79.303122,43.846568]]},"properties":{"PingCount":4,"AvgSpeedKmh":38.8}},{"type":"Feature","geometry":{"type":"LineString","coordinates":[[-79.321786,43.833094],[-79.321786,43.846568]]},"properties":{"PingCount":6,"AvgSpeedKmh":29.4}},{"type":"Feature","geometry":{"type":"LineString","coordinates":[[-79.321786,43.833094],[-79.340095,43.853843]]},"properties":{"PingCount":8,"AvgSpeedKmh":32.9}},{"type":"Feature","geometry":{"type":"LineString","coordinates":[[-79.34045,43.833094],[-79.36832,43.839864]]},"properties":{"PingCount":1,"AvgSpeedKmh":15.8}},{"type":"Feature","geometry":{"type":"LineString","coordinates":[[-79.34045,43.833094],[-79.321786,43.846568]]},"properties":{"PingCount":1,"AvgSpeedKmh":31.8}},{"type":"Feature","geometry":{"type":"LineString","coordinates":[[-79.34045,43.833094],[-79.358009,43.84981]]},"properties":{"PingCount":2,"AvgSpeedKmh":24.5}},{"type":"Feature","geometry":{"type":"LineString","coordinates":[[-79.36832,43.839864],[-79.36832,43.839864]]},"properties":{"PingCount":1,"AvgSpeedKmh":18.6}},{"type":"Feature","geometry":{"type":"LineString","coordinates":[[-79.36832,43.839864],[-79.423553,43.837841]]},"properties":{"PingCount":5,"AvgSpeedKmh":91.6}},{"type":"Feature","geometry":{"type":"LineString","coordinates":[[-79.36832,43.839864],[-79.428672,43.833753]]},"properties":{"PingCount":4,"AvgSpeedKmh":96.9}},{"type":"Feature","geometry":{"type":"LineString","coordinates":[[-79.36832,43.839864],[-79.303122,43.846568]]},"properties":{"PingCount":8,"AvgSpeedKmh":98.5}},{"type":"Feature","geometry":{"type":"LineString","coordinates":[[-79.36832,43.839864],[-79.321786,43.846568]]},"properties":{"PingCount":2,"AvgSpeedKmh":73.1}},{"type":"Feature","geometry":{"type":"LineString","coordinates":[[-79.36832,43.839864],[-79.340095,43.853843]]},"properties":{"PingCount":2,"AvgSpeedKmh":45.2}},{"type":"Feature","geometry":{"type":"LineString","coordinates":[[-79.36832,43.839864],[-79.358009,43.84981]]},"properties":{"PingCount":7,"AvgSpeedKmh":24.9}},{"type":"Feature","geometry":{"type":"LineString","coordinates":[[-79.36832,43.839864],[-79.377972,43.845439]]},"properties":{"PingCount":23,"AvgSpeedKmh":33.8}},{"type":"Feature","geometry":{"type":"LineString","coordinates":[[-79.36832,43.839864],[-79.37287,43.855825]]},"properties":{"PingCount":8,"AvgSpeedKmh":76.0}},{"type":"Feature","geometry":{"type":"LineString","coordinates":[[-79.36832,43.839864],[-79.376288,43.869757]]},"properties":{"PingCount":25,"AvgSpeedKmh":92.1}},{"type":"Feature","geometry":{"type":"LineString","coordinates":[[-79.36832,43.839864],[-79.37986,43.884364]]},"properties":{"PingCount":1,"AvgSpeedKmh":97.8}},{"type":"Feature","geometry":{"type":"LineString","coordinates":[[-79.36832,43.839864],[-79.389533,43.933592]]},"properties":{"PingCount":1,"AvgSpeedKmh":98.7}},{"type":"Feature","geometry":{"type":"LineString","coordinates":[[-79.36832,43.839864],[-79.396442,43.833094]]},"properties":{"PingCount":1,"AvgSpeedKmh":54.5}},{"type":"Feature","geometry":{"type":"LineString","coordinates":[[-79.36832,43.839864],[-79.423553,43.837841]]},"properties":{"PingCount":1,"AvgSpeedKmh":58.6}},{"type":"Feature","geometry":{"type":"LineString","coordinates":[[-79.36832,43.839864],[-79.428672,43.833753]]},"properties":{"PingCount":31,"AvgSpeedKmh":93.9}},{"type":"Feature","geometry":{"type":"LineString","coordinates":[[-79.36832,43.839864],[-79.452434,43.833094]]},"properties":{"PingCount":2,"AvgSpeedKmh":95.9}},{"type":"Feature","geometry":{"type":"LineString","coordinates":[[-79.36832,43.839864],[-79.303122,43.846568]]},"properties":{"PingCount":6,"AvgSpeedKmh":99.4}},{"type":"Feature","geometry":{"type":"LineString","coordinates":[[-79.36832,43.839864],[-79.321786,43.846568]]},"properties":{"PingCount":29,"AvgSpeedKmh":97.5}},{"type":"Feature","geometry":{"type":"LineString","coordinates":[[-79.36832,43.839864],[-79.340095,43.853843]]},"properties":{"PingCount":2,"AvgSpeedKmh":62.2}},{"type":"Feature","geometry":{"type":"LineString","coordinates":[[-79.36832,43.839864],[-79.358009,43.84981]]},"properties":{"PingCount":3,"AvgSpeedKmh":20.6}},{"type":"Feature","geometry":{"type":"LineString","coordinates":[[-79.36832,43.839864],[-79.377972,43.845439]]},"properties":{"PingCount":2,"AvgSpeedKmh":19.1}},{"type":"Feature","geometry":{"type":"LineString","coordinates":[[-79.36832,43.839864],[-79.391778,43.842264]]},"properties":{"PingCount":1,"AvgSpeedKmh":15.3}},{"type":"Feature","geometry":{"type":"LineString","coordinates":[[-79.36832,43.839864],[-79.415106,43.846568]]},"properties":{"PingCount":1,"AvgSpeedKmh":53.1}},{"type":"Feature","geometry":{"type":"LineString","coordinates":[[-79.36832,43.839864],[-79.376288,43.869757]]},"properties":{"PingCount":2,"AvgSpeedKmh":83.7}},{"type":"Feature","geometry":{"type":"LineString","coordinates":[[-79.36832,43.839864],[-79.37986,43.884364]]},"properties":{"PingCount":1,"AvgSpeedKmh":92.9}},{"type":"Feature","geometry":{"type":"LineString","coordinates":[[-79.396442,43.833094],[-79.428672,43.833753]]},"properties":{"PingCount":1,"AvgSpeedKmh":67.5}},{"type":"Feature","geometry":{"type":"LineString","coordinates":[[-79.396442,43.833094],[-79.452434,43.833094]]},"properties":{"PingCount":17,"AvgSpeedKmh":93.8}},{"type":"Feature","geometry":{"type":"LineString","coordinates":[[-79.396442,43.833094],[-79.321786,43.846568]]},"properties":{"PingCount":2,"AvgSpeedKmh":96.9}},{"type":"Feature","geometry":{"type":"LineString","coordinates":[[-79.396442,43.833094],[-79.340095,43.853843]]},"properties":{"PingCount":19,"AvgSpeedKmh":95.3}},{"type":"Feature","geometry":{"type":"LineString","coordinates":[[-79.396442,43.833094],[-79.415106,43.846568]]},"properties":{"PingCount":2,"AvgSpeedKmh":24.5}},{"type":"Feature","geometry":{"type":"LineString","coordinates":[[-79.423553,43.837841],[-79.428672,43.833753]]},"properties":{"PingCount":11,"AvgSpeedKmh":35.1}},{"type":"Feature","geometry":{"type":"LineString","coordinates":[[-79.423553,43.837841],[-79.452434,43.833094]]},"properties":{"PingCount":14,"AvgSpeedKmh":55.9}},{"type":"Feature","geometry":{"type":"LineString","coordinates":[[-79.423553,43.837841],[-79.340095,43.853843]]},"properties":{"PingCount":4,"AvgSpeedKmh":97.8}},{"type":"Feature","geometry":{"type":"LineString","coordinates":[[-79.423553,43.837841],[-79.358009,43.84981]]},"properties":{"PingCount":24,"AvgSpeedKmh":95.4}},{"type":"Feature","geometry":{"type":"LineString","coordinates":[[-79.423553,43.837841],[-79.377972,43.845439]]},"properties":{"PingCount":2,"AvgSpeedKmh":44.8}},{"type":"Feature","geometry":{"type":"LineString","coordinates":[[-79.423553,43.837841],[-79.391778,43.842264]]},"properties":{"PingCount":16,"AvgSpeedKmh":37.5}},{"type":"Feature","geometry":{"type":"LineString","coordinates":[[-79.423553,43.837841],[-79.415106,43.846568]]},"properties":{"PingCount":14,"AvgSpeedKmh":11.7}},{"type":"Feature","geometry":{"type":"LineString","coordinates":[[-79.423553,43.837841],[-79.429717,43.839844]]},"properties":{"PingCount":2,"AvgSpeedKmh":21.9}},{"type":"Feature","geometry":{"type":"LineString","coordinates":[[-79.428672,43.833753],[-79.452434,43.833094]]},"properties":{"PingCount":16,"AvgSpeedKmh":42.6}},{"type":"Feature","geometry":{"type":"LineString","coordinates":[[-79.428672,43.833753],[-79.391778,43.842264]]},"properties":{"PingCount":9,"AvgSpeedKmh":45.7}},{"type":"Feature","geometry":{"type":"LineString","coordinates":[[-79.428672,43.833753],[-79.415106,43.846568]]},"properties":{"PingCount":11,"AvgSpeedKmh":30.0}},{"type":"Feature","geometry":{"type":"LineString","coordinates":[[-79.428672,43.833753],[-79.429717,43.839844]]},"properties":{"PingCount":2,"AvgSpeedKmh":26.2}},{"type":"Feature","geometry":{"type":"LineString","coordinates":[[-79.452434,43.833094],[-79.471098,43.833094]]},"properties":{"PingCount":4,"AvgSpeedKmh":22.7}},{"type":"Feature","geometry":{"type":"LineString","coordinates":[[-79.452434,43.833094],[-79.050983,43.846873]]},"properties":{"PingCount":1,"AvgSpeedKmh":33.3}},{"type":"Feature","geometry":{"type":"LineString","coordinates":[[-79.452434,43.833094],[-79.391778,43.842264]]},"properties":{"PingCount":1,"AvgSpeedKmh":67.9}},{"type":"Feature","geometry":{"type":"LineString","coordinates":[[-79.452434,43.833094],[-79.452434,43.846568]]},"properties":{"PingCount":7,"AvgSpeedKmh":30.3}},{"type":"Feature","geometry":{"type":"LineString","coordinates":[[-79.452434,43.833094],[-79.452434,43.860043]]},"properties":{"PingCount":4,"AvgSpeedKmh":45.8}},{"type":"Feature","geometry":{"type":"LineString","coordinates":[[-79.452434,43.833094],[-79.209802,43.900467]]},"properties":{"PingCount":1,"AvgSpeedKmh":20.5}},{"type":"Feature","geometry":{"type":"LineString","coordinates":[[-79.471098,43.833094],[-79.489762,43.846568]]},"properties":{"PingCount":8,"AvgSpeedKmh":34.9}},{"type":"Feature","geometry":{"type":"LineString","coordinates":[[-79.489762,43.833094],[-79.508426,43.833094]]},"properties":{"PingCount":1,"AvgSpeedKmh":27.6}},{"type":"Feature","geometry":{"type":"LineString","coordinates":[[-79.489762,43.833094],[-79.489762,43.846568]]},"properties":{"PingCount":9,"AvgSpeedKmh":32.9}},{"type":"Feature","geometry":{"type":"LineString","coordinates":[[-79.489762,43.833094],[-79.508426,43.846568]]},"properties":{"PingCount":1,"AvgSpeedKmh":17.6}},{"type":"Feature","geometry":{"type":"LineString","coordinates":[[-79.489762,43.833094],[-79.489762,43.860043]]},"properties":{"PingCount":3,"AvgSpeedKmh":48.3}},{"type":"Feature","geometry":{"type":"LineString","coordinates":[[-79.508426,43.833094],[-79.52709,43.833094]]},"properties":{"PingCount":34,"AvgSpeedKmh":20.5}},{"type":"Feature","geometry":{"type":"LineString","coordinates":[[-79.508426,43.833094],[-79.471098,43.846568]]},"properties":{"PingCount":1,"AvgSpeedKmh":50.9}},{"type":"Feature","geometry":{"type":"LineString","coordinates":[[-79.508426,43.833094],[-79.489762,43.846568]]},"properties":{"PingCount":4,"AvgSpeedKmh":32.3}},{"type":"Feature","geometry":{"type":"LineString","coordinates":[[-79.508426,43.833094],[-79.508426,43.846568]]},"properties":{"PingCount":3,"AvgSpeedKmh":31.4}},{"type":"Feature","geometry":{"type":"LineString","coordinates":[[-79.508426,43.833094],[-79.508426,43.860043]]},"properties":{"PingCount":4,"AvgSpeedKmh":40.1}},{"type":"Feature","geometry":{"type":"LineString","coordinates":[[-79.52709,43.833094],[-79.546156,43.825557]]},"properties":{"PingCount":47,"AvgSpeedKmh":17.0}},{"type":"Feature","geometry":{"type":"LineString","coordinates":[[-79.52709,43.833094],[-79.52709,43.846568]]},"properties":{"PingCount":16,"AvgSpeedKmh":28.2}},{"type":"Feature","geometry":{"type":"LineString","coordinates":[[-79.52709,43.833094],[-79.548886,43.848417]]},"properties":{"PingCount":5,"AvgSpeedKmh":37.0}},{"type":"Feature","geometry":{"type":"LineString","coordinates":[[-79.546156,43.825557],[-79.52709,43.846568]]},"properties":{"PingCount":1,"AvgSpeedKmh":41.0}},{"type":"Feature","geometry":{"type":"LineString","coordinates":[[-79.546156,43.825557],[-79.548886,43.848417]]},"properties":{"PingCount":13,"AvgSpeedKmh":40.9}},{"type":"Feature","geometry":{"type":"LineString","coordinates":[[-79.546156,43.825557],[-79.564417,43.846568]]},"properties":{"PingCount":1,"AvgSpeedKmh":33.4}},{"type":"Feature","geometry":{"type":"LineString","coordinates":[[-79.546156,43.825557],[-79.550838,43.855728]]},"properties":{"PingCount":7,"AvgSpeedKmh":71.1}},{"type":"Feature","geometry":{"type":"LineString","coordinates":[[-79.546156,43.825557],[-79.564417,43.860043]]},"properties":{"PingCount":1,"AvgSpeedKmh":74.1}},{"type":"Feature","geometry":{"type":"LineString","coordinates":[[-79.546156,43.825557],[-79.553423,43.867541]]},"properties":{"PingCount":5,"AvgSpeedKmh":94.1}},{"type":"Feature","geometry":{"type":"LineString","coordinates":[[-79.546156,43.825557],[-79.556487,43.879718]]},"properties":{"PingCount":3,"AvgSpeedKmh":95.7}},{"type":"Feature","geometry":{"type":"LineString","coordinates":[[-79.546156,43.825557],[-79.558618,43.8895]]},"properties":{"PingCount":1,"AvgSpeedKmh":99.6}},{"type":"Feature","geometry":{"type":"LineString","coordinates":[[-79.564417,43.833094],[-79.564417,43.846568]]},"properties":{"PingCount":1,"AvgSpeedKmh":32.2}},{"type":"Feature","geometry":{"type":"LineString","coordinates":[[-79.583081,43.833094],[-79.620409,43.833094]]},"properties":{"PingCount":26,"AvgSpeedKmh":52.4}},{"type":"Feature","geometry":{"type":"LineString","coordinates":[[-79.583081,43.833094],[-79.564417,43.846568]]},"properties":{"PingCount":27,"AvgSpeedKmh":39.6}},{"type":"Feature","geometry":{"type":"LineString","coordinates":[[-79.583081,43.833094],[-79.583081,43.846568]]},"properties":{"PingCount":2,"AvgSpeedKmh":26.6}},{"type":"Feature","geometry":{"type":"LineString","coordinates":[[-79.601745,43.833094],[-79.620409,43.833094]]},"properties":{"PingCount":16,"AvgSpeedKmh":41.4}},{"type":"Feature","geometry":{"type":"LineString","coordinates":[[-79.601745,43.833094],[-79.564417,43.846568]]},"properties":{"PingCount":24,"AvgSpeedKmh":49.1}},{"type":"Feature","geometry":{"type":"LineString","coordinates":[[-79.601745,43.833094],[-79.583081,43.846568]]},"properties":{"PingCount":26,"AvgSpeedKmh":47.4}},{"type":"Feature","geometry":{"type":"LineString","coordinates":[[-79.601745,43.833094],[-79.583081,43.860043]]},"properties":{"PingCount":1,"AvgSpeedKmh":45.7}},{"type":"Feature","geometry":{"type":"LineString","coordinates":[[-79.620409,43.833094],[-79.564417,43.846568]]},"properties":{"PingCount":2,"AvgSpeedKmh":47.3}},{"type":"Feature","geometry":{"type":"LineString","coordinates":[[-79.620409,43.833094],[-79.583081,43.846568]]},"properties":{"PingCount":16,"AvgSpeedKmh":56.2}},{"type":"Feature","geometry":{"type":"LineString","coordinates":[[-79.620409,43.833094],[-79.620409,43.846568]]},"properties":{"PingCount":1,"AvgSpeedKmh":27.4}},{"type":"Feature","geometry":{"type":"LineString","coordinates":[[-79.639073,43.833094],[-79.639073,43.846568]]},"properties":{"PingCount":11,"AvgSpeedKmh":44.3}},{"type":"Feature","geometry":{"type":"LineString","coordinates":[[-79.639073,43.833094],[-79.639073,43.860043]]},"properties":{"PingCount":20,"AvgSpeedKmh":59.6}},{"type":"Feature","geometry":{"type":"LineString","coordinates":[[-79.639073,43.833094],[-79.639073,43.873518]]},"properties":{"PingCount":2,"AvgSpeedKmh":64.4}},{"type":"Feature","geometry":{"type":"LineString","coordinates":[[-79.676401,43.833094],[-79.695065,43.833094]]},"properties":{"PingCount":27,"AvgSpeedKmh":17.9}},{"type":"Feature","geometry":{"type":"LineString","coordinates":[[-79.676401,43.833094],[-79.657737,43.846568]]},"properties":{"PingCount":1,"AvgSpeedKmh":38.4}},{"type":"Feature","geometry":{"type":"LineString","coordinates":[[-79.676401,43.833094],[-79.676401,43.846568]]},"properties":{"PingCount":1,"AvgSpeedKmh":27.6}},{"type":"Feature","geometry":{"type":"LineString","coordinates":[[-79.676401,43.833094],[-79.695065,43.846568]]},"properties":{"PingCount":89,"AvgSpeedKmh":44.5}},{"type":"Feature","geometry":{"type":"LineString","coordinates":[[-79.676401,43.833094],[-79.695065,43.860043]]},"properties":{"PingCount":3,"AvgSpeedKmh":64.5}},{"type":"Feature","geometry":{"type":"LineString","coordinates":[[-79.695065,43.833094],[-79.713729,43.833094]]},"properties":{"PingCount":13,"AvgSpeedKmh":27.7}},{"type":"Feature","geometry":{"type":"LineString","coordinates":[[-79.695065,43.833094],[-79.657737,43.846568]]},"properties":{"PingCount":1,"AvgSpeedKmh":45.0}},{"type":"Feature","geometry":{"type":"LineString","coordinates":[[-79.695065,43.833094],[-79.695065,43.846568]]},"properties":{"PingCount":202,"AvgSpeedKmh":28.5}},{"type":"Feature","geometry":{"type":"LineString","coordinates":[[-79.695065,43.833094],[-79.713729,43.846568]]},"properties":{"PingCount":4,"AvgSpeedKmh":39.7}},{"type":"Feature","geometry":{"type":"LineString","coordinates":[[-79.695065,43.833094],[-79.695065,43.860043]]},"properties":{"PingCount":6,"AvgSpeedKmh":44.9}},{"type":"Feature","geometry":{"type":"LineString","coordinates":[[-79.695065,43.833094],[-79.713729,43.860043]]},"properties":{"PingCount":19,"AvgSpeedKmh":56.4}},{"type":"Feature","geometry":{"type":"LineString","coordinates":[[-79.713729,43.833094],[-79.695065,43.846568]]},"properties":{"PingCount":137,"AvgSpeedKmh":37.8}},{"type":"Feature","geometry":{"type":"LineString","coordinates":[[-79.713729,43.833094],[-79.713729,43.846568]]},"properties":{"PingCount":10,"AvgSpeedKmh":26.4}},{"type":"Feature","geometry":{"type":"LineString","coordinates":[[-79.713729,43.833094],[-79.732393,43.846568]]},"properties":{"PingCount":1,"AvgSpeedKmh":35.5}},{"type":"Feature","geometry":{"type":"LineString","coordinates":[[-79.713729,43.833094],[-79.713729,43.860043]]},"properties":{"PingCount":1,"AvgSpeedKmh":3.2}},{"type":"Feature","geometry":{"type":"LineString","coordinates":[[-79.713729,43.833094],[-79.732393,43.860043]]},"properties":{"PingCount":3,"AvgSpeedKmh":53.0}},{"type":"Feature","geometry":{"type":"LineString","coordinates":[[-79.807049,43.833094],[-79.788385,43.846568]]},"properties":{"PingCount":1,"AvgSpeedKmh":54.3}},{"type":"Feature","geometry":{"type":"LineString","coordinates":[[-79.807049,43.833094],[-79.769721,43.860043]]},"properties":{"PingCount":2,"AvgSpeedKmh":70.1}},{"type":"Feature","geometry":{"type":"LineString","coordinates":[[-79.807049,43.833094],[-79.788385,43.860043]]},"properties":{"PingCount":1,"AvgSpeedKmh":60.0}},{"type":"Feature","geometry":{"type":"LineString","coordinates":[[-78.929843,43.846568],[-78.931284,43.865837]]},"properties":{"PingCount":2,"AvgSpeedKmh":20.7}},{"type":"Feature","geometry":{"type":"LineString","coordinates":[[-78.985835,43.846568],[-79.004499,43.846568]]},"properties":{"PingCount":2,"AvgSpeedKmh":46.0}},{"type":"Feature","geometry":{"type":"LineString","coordinates":[[-78.985835,43.846568],[-79.022732,43.852855]]},"properties":{"PingCount":1,"AvgSpeedKmh":55.5}},{"type":"Feature","geometry":{"type":"LineString","coordinates":[[-78.985835,43.846568],[-78.941627,43.866589]]},"properties":{"PingCount":1,"AvgSpeedKmh":61.5}},{"type":"Feature","geometry":{"type":"LineString","coordinates":[[-78.985835,43.846568],[-78.977653,43.872092]]},"properties":{"PingCount":2,"AvgSpeedKmh":38.6}},{"type":"Feature","geometry":{"type":"LineString","coordinates":[[-79.004499,43.846568],[-79.022732,43.852855]]},"properties":{"PingCount":10,"AvgSpeedKmh":24.6}},{"type":"Feature","geometry":{"type":"LineString","coordinates":[[-79.004499,43.846568],[-78.962771,43.866549]]},"properties":{"PingCount":2,"AvgSpeedKmh":49.6}},{"type":"Feature","geometry":{"type":"LineString","coordinates":[[-79.004499,43.846568],[-78.99219,43.859909]]},"properties":{"PingCount":3,"AvgSpeedKmh":45.4}},{"type":"Feature","geometry":{"type":"LineString","coordinates":[[-79.004499,43.846568],[-79.011958,43.855423]]},"properties":{"PingCount":1,"AvgSpeedKmh":19.5}},{"type":"Feature","geometry":{"type":"LineString","coordinates":[[-79.004499,43.846568],[-79.021508,43.853459]]},"properties":{"PingCount":2,"AvgSpeedKmh":32.7}},{"type":"Feature","geometry":{"type":"LineString","coordinates":[[-79.022732,43.852855],[-79.050983,43.846873]]},"properties":{"PingCount":159,"AvgSpeedKmh":22.8}},{"type":"Feature","geometry":{"type":"LineString","coordinates":[[-79.022732,43.852855],[-79.050983,43.846873]]},"properties":{"PingCount":20,"AvgSpeedKmh":48.4}},{"type":"Feature","geometry":{"type":"LineString","coordinates":[[-79.022732,43.852855],[-78.962771,43.866549]]},"properties":{"PingCount":61,"AvgSpeedKmh":91.6}},{"type":"Feature","geometry":{"type":"LineString","coordinates":[[-79.022732,43.852855],[-78.99219,43.859909]]},"properties":{"PingCount":138,"AvgSpeedKmh":73.1}},{"type":"Feature","geometry":{"type":"LineString","coordinates":[[-79.022732,43.852855],[-79.011958,43.855423]]},"properties":{"PingCount":105,"AvgSpeedKmh":27.6}},{"type":"Feature","geometry":{"type":"LineString","coordinates":[[-79.022732,43.852855],[-79.021508,43.853459]]},"properties":{"PingCount":85,"AvgSpeedKmh":19.9}},{"type":"Feature","geometry":{"type":"LineString","coordinates":[[-79.022732,43.852855],[-79.043156,43.857258]]},"properties":{"PingCount":1,"AvgSpeedKmh":22.1}},{"type":"Feature","geometry":{"type":"LineString","coordinates":[[-79.022732,43.852855],[-78.977634,43.872004]]},"properties":{"PingCount":56,"AvgSpeedKmh":88.5}},{"type":"Feature","geometry":{"type":"LineString","coordinates":[[-79.022732,43.852855],[-78.977653,43.872092]]},"properties":{"PingCount":5,"AvgSpeedKmh":86.3}},{"type":"Feature","geometry":{"type":"LineString","coordinates":[[-79.022732,43.852855],[-78.911179,43.940891]]},"properties":{"PingCount":1,"AvgSpeedKmh":13.7}},{"type":"Feature","geometry":{"type":"LineString","coordinates":[[-79.022732,43.852855],[-78.929843,43.940891]]},"properties":{"PingCount":1,"AvgSpeedKmh":16.3}},{"type":"Feature","geometry":{"type":"LineString","coordinates":[[-79.050983,43.846873],[-79.050983,43.846873]]},"properties":{"PingCount":67,"AvgSpeedKmh":28.3}},{"type":"Feature","geometry":{"type":"LineString","coordinates":[[-79.050983,43.846873],[-78.962771,43.866549]]},"properties":{"PingCount":7,"AvgSpeedKmh":99.0}},{"type":"Feature","geometry":{"type":"LineString","coordinates":[[-79.050983,43.846873],[-78.99219,43.859909]]},"properties":{"PingCount":327,"AvgSpeedKmh":89.9}},{"type":"Feature","geometry":{"type":"LineString","coordinates":[[-79.050983,43.846873],[-79.011958,43.855423]]},"properties":{"PingCount":117,"AvgSpeedKmh":73.7}},{"type":"Feature","geometry":{"type":"LineString","coordinates":[[-79.050983,43.846873],[-79.021508,43.853459]]},"properties":{"PingCount":68,"AvgSpeedKmh":33.2}},{"type":"Feature","geometry":{"type":"LineString","coordinates":[[-79.050983,43.846873],[-79.043156,43.857258]]},"properties":{"PingCount":16,"AvgSpeedKmh":24.2}},{"type":"Feature","geometry":{"type":"LineString","coordinates":[[-79.050983,43.846873],[-78.977653,43.872092]]},"properties":{"PingCount":1,"AvgSpeedKmh":60.3}},{"type":"Feature","geometry":{"type":"LineString","coordinates":[[-79.050983,43.846873],[-78.985835,43.886992]]},"properties":{"PingCount":1,"AvgSpeedKmh":64.8}},{"type":"Feature","geometry":{"type":"LineString","coordinates":[[-79.050983,43.846873],[-78.911179,43.940891]]},"properties":{"PingCount":1,"AvgSpeedKmh":14.3}},{"type":"Feature","geometry":{"type":"LineString","coordinates":[[-79.050983,43.846873],[-78.929843,43.940891]]},"properties":{"PingCount":1,"AvgSpeedKmh":16.1}},{"type":"Feature","geometry":{"type":"LineString","coordinates":[[-79.050983,43.846873],[-79.083375,43.84127]]},"properties":{"PingCount":1,"AvgSpeedKmh":47.2}},{"type":"Feature","geometry":{"type":"LineString","coordinates":[[-79.050983,43.846873],[-78.99219,43.859909]]},"properties":{"PingCount":20,"AvgSpeedKmh":98.5}},{"type":"Feature","geometry":{"type":"LineString","coordinates":[[-79.050983,43.846873],[-79.011958,43.855423]]},"properties":{"PingCount":264,"AvgSpeedKmh":92.4}},{"type":"Feature","geometry":{"type":"LineString","coordinates":[[-79.050983,43.846873],[-79.021508,43.853459]]},"properties":{"PingCount":19,"AvgSpeedKmh":65.6}},{"type":"Feature","geometry":{"type":"LineString","coordinates":[[-79.050983,43.846873],[-79.043156,43.857258]]},"properties":{"PingCount":13,"AvgSpeedKmh":37.1}},{"type":"Feature","geometry":{"type":"LineString","coordinates":[[-79.050983,43.846873],[-79.055352,43.854492]]},"properties":{"PingCount":1,"AvgSpeedKmh":21.4}},{"type":"Feature","geometry":{"type":"LineString","coordinates":[[-79.050983,43.846873],[-78.985835,43.886992]]},"properties":{"PingCount":1,"AvgSpeedKmh":67.8}},{"type":"Feature","geometry":{"type":"LineString","coordinates":[[-79.050983,43.846873],[-79.004499,43.927416]]},"properties":{"PingCount":1,"AvgSpeedKmh":15.0}},{"type":"Feature","geometry":{"type":"LineString","coordinates":[[-79.083375,43.84127],[-79.043156,43.857258]]},"properties":{"PingCount":1,"AvgSpeedKmh":40.6}},{"type":"Feature","geometry":{"type":"LineString","coordinates":[[-79.083375,43.84127],[-78.977634,43.872004]]},"properties":{"PingCount":1,"AvgSpeedKmh":62.3}},{"type":"Feature","geometry":{"type":"LineString","coordinates":[[-79.097819,43.846568],[-79.079155,43.873518]]},"properties":{"PingCount":1,"AvgSpeedKmh":27.6}},{"type":"Feature","geometry":{"type":"LineString","coordinates":[[-79.135147,43.846568],[-79.135147,43.873518]]},"properties":{"PingCount":2,"AvgSpeedKmh":47.2}},{"type":"Feature","geometry":{"type":"LineString","coordinates":[[-79.153811,43.846568],[-79.135147,43.873518]]},"properties":{"PingCount":1,"AvgSpeedKmh":49.2}},{"type":"Feature","geometry":{"type":"LineString","coordinates":[[-79.172474,43.846568],[-79.209802,43.846568]]},"properties":{"PingCount":4,"AvgSpeedKmh":50.6}},{"type":"Feature","geometry":{"type":"LineString","coordinates":[[-79.172474,43.846568],[-79.153811,43.860043]]},"properties":{"PingCount":4,"AvgSpeedKmh":46.2}},{"type":"Feature","geometry":{"type":"LineString","coordinates":[[-79.191138,43.846568],[-79.209802,43.846568]]},"properties":{"PingCount":9,"AvgSpeedKmh":45.5}},{"type":"Feature","geometry":{"type":"LineString","coordinates":[[-79.191138,43.846568],[-79.228466,43.846568]]},"properties":{"PingCount":18,"AvgSpeedKmh":50.7}},{"type":"Feature","geometry":{"type":"LineString","coordinates":[[-79.191138,43.846568],[-79.153811,43.860043]]},"properties":{"PingCount":15,"AvgSpeedKmh":57.1}},{"type":"Feature","geometry":{"type":"LineString","coordinates":[[-79.191138,43.846568],[-79.172474,43.860043]]},"properties":{"PingCount":12,"AvgSpeedKmh":51.0}},{"type":"Feature","geometry":{"type":"LineString","coordinates":[[-79.209802,43.846568],[-79.228466,43.846568]]},"properties":{"PingCount":14,"AvgSpeedKmh":33.3}},{"type":"Feature","geometry":{"type":"LineString","coordinates":[[-79.209802,43.846568],[-79.172474,43.860043]]},"properties":{"PingCount":10,"AvgSpeedKmh":51.1}},{"type":"Feature","geometry":{"type":"LineString","coordinates":[[-79.228466,43.846568],[-79.209802,43.860043]]},"properties":{"PingCount":2,"AvgSpeedKmh":48.0}},{"type":"Feature","geometry":{"type":"LineString","coordinates":[[-79.228466,43.846568],[-79.228466,43.860043]]},"properties":{"PingCount":2,"AvgSpeedKmh":34.6}},{"type":"Feature","geometry":{"type":"LineString","coordinates":[[-79.228466,43.846568],[-79.209802,43.873518]]},"properties":{"PingCount":5,"AvgSpeedKmh":44.2}},{"type":"Feature","geometry":{"type":"LineString","coordinates":[[-79.254527,43.851233],[-79.265794,43.846568]]},"properties":{"PingCount":2,"AvgSpeedKmh":17.4}},{"type":"Feature","geometry":{"type":"LineString","coordinates":[[-79.254527,43.851233],[-79.257138,43.863272]]},"properties":{"PingCount":9,"AvgSpeedKmh":13.8}},{"type":"Feature","geometry":{"type":"LineString","coordinates":[[-79.254527,43.851233],[-79.271688,43.87042]]},"properties":{"PingCount":1,"AvgSpeedKmh":34.3}},{"type":"Feature","geometry":{"type":"LineString","coordinates":[[-79.265794,43.846568],[-79.284458,43.846568]]},"properties":{"PingCount":4,"AvgSpeedKmh":25.4}},{"type":"Feature","geometry":{"type":"LineString","coordinates":[[-79.265794,43.846568],[-79.257138,43.863272]]},"properties":{"PingCount":2,"AvgSpeedKmh":34.0}},{"type":"Feature","geometry":{"type":"LineString","coordinates":[[-79.284458,43.846568],[-79.303122,43.846568]]},"properties":{"PingCount":7,"AvgSpeedKmh":34.5}},{"type":"Feature","geometry":{"type":"LineString","coordinates":[[-79.284458,43.846568],[-79.257138,43.863272]]},"properties":{"PingCount":1,"AvgSpeedKmh":41.9}},{"type":"Feature","geometry":{"type":"LineString","coordinates":[[-79.284458,43.846568],[-79.257138,43.863272]]},"properties":{"PingCount":1,"AvgSpeedKmh":11.7}},{"type":"Feature","geometry":{"type":"LineString","coordinates":[[-79.284458,43.846568],[-79.284468,43.867118]]},"properties":{"PingCount":26,"AvgSpeedKmh":29.5}},{"type":"Feature","geometry":{"type":"LineString","coordinates":[[-79.284458,43.846568],[-79.284494,43.867219]]},"properties":{"PingCount":2,"AvgSpeedKmh":38.7}},{"type":"Feature","geometry":{"type":"LineString","coordinates":[[-79.303122,43.846568],[-79.321786,43.846568]]},"properties":{"PingCount":3,"AvgSpeedKmh":50.2}},{"type":"Feature","geometry":{"type":"LineString","coordinates":[[-79.303122,43.846568],[-79.340095,43.853843]]},"properties":{"PingCount":2,"AvgSpeedKmh":67.6}},{"type":"Feature","geometry":{"type":"LineString","coordinates":[[-79.303122,43.846568],[-79.358009,43.84981]]},"properties":{"PingCount":20,"AvgSpeedKmh":95.9}},{"type":"Feature","geometry":{"type":"LineString","coordinates":[[-79.303122,43.846568],[-79.257138,43.863272]]},"properties":{"PingCount":14,"AvgSpeedKmh":97.5}},{"type":"Feature","geometry":{"type":"LineString","coordinates":[[-79.303122,43.846568],[-79.257138,43.863272]]},"properties":{"PingCount":4,"AvgSpeedKmh":65.0}},{"type":"Feature","geometry":{"type":"LineString","coordinates":[[-79.303122,43.846568],[-79.303654,43.862749]]},"properties":{"PingCount":8,"AvgSpeedKmh":28.1}},{"type":"Feature","geometry":{"type":"LineString","coordinates":[[-79.303122,43.846568],[-79.234835,43.878898]]},"properties":{"PingCount":1,"AvgSpeedKmh":99.7}},{"type":"Feature","geometry":{"type":"LineString","coordinates":[[-79.303122,43.846568],[-79.243258,43.877891]]},"properties":{"PingCount":19,"AvgSpeedKmh":97.5}},{"type":"Feature","geometry":{"type":"LineString","coordinates":[[-79.321786,43.846568],[-79.340095,43.853843]]},"properties":{"PingCount":2,"AvgSpeedKmh":12.9}},{"type":"Feature","geometry":{"type":"LineString","coordinates":[[-79.321786,43.846568],[-79.358009,43.84981]]},"properties":{"PingCount":1,"AvgSpeedKmh":99.1}},{"type":"Feature","geometry":{"type":"LineString","coordinates":[[-79.321786,43.846568],[-79.257138,43.863272]]},"properties":{"PingCount":2,"AvgSpeedKmh":100.4}},{"type":"Feature","geometry":{"type":"LineString","coordinates":[[-79.321786,43.846568],[-79.257138,43.863272]]},"properties":{"PingCount":31,"AvgSpeedKmh":96.7}},{"type":"Feature","geometry":{"type":"LineString","coordinates":[[-79.321786,43.846568],[-79.284468,43.867118]]},"properties":{"PingCount":1,"AvgSpeedKmh":56.8}},{"type":"Feature","geometry":{"type":"LineString","coordinates":[[-79.321786,43.846568],[-79.32458,43.857973]]},"properties":{"PingCount":1,"AvgSpeedKmh":26.4}},{"type":"Feature","geometry":{"type":"LineString","coordinates":[[-79.321786,43.846568],[-79.33382,43.855818]]},"properties":{"PingCount":2,"AvgSpeedKmh":32.2}},{"type":"Feature","geometry":{"type":"LineString","coordinates":[[-79.321786,43.846568],[-79.209802,43.873518]]},"properties":{"PingCount":1,"AvgSpeedKmh":95.1}},{"type":"Feature","geometry":{"type":"LineString","coordinates":[[-79.340095,43.853843],[-79.358009,43.84981]]},"properties":{"PingCount":19,"AvgSpeedKmh":21.4}},{"type":"Feature","geometry":{"type":"LineString","coordinates":[[-79.340095,43.853843],[-79.257138,43.863272]]},"properties":{"PingCount":6,"AvgSpeedKmh":98.9}},{"type":"Feature","geometry":{"type":"LineString","coordinates":[[-79.340095,43.853843],[-79.284468,43.867118]]},"properties":{"PingCount":20,"AvgSpeedKmh":96.7}},{"type":"Feature","geometry":{"type":"LineString","coordinates":[[-79.340095,43.853843],[-79.32458,43.857973]]},"properties":{"PingCount":11,"AvgSpeedKmh":28.7}},{"type":"Feature","geometry":{"type":"LineString","coordinates":[[-79.340095,43.853843],[-79.33382,43.855818]]},"properties":{"PingCount":12,"AvgSpeedKmh":19.9}},{"type":"Feature","geometry":{"type":"LineString","coordinates":[[-79.340095,43.853843],[-79.37287,43.855825]]},"properties":{"PingCount":1,"AvgSpeedKmh":68.2}},{"type":"Feature","geometry":{"type":"LineString","coordinates":[[-79.358009,43.84981],[-79.377972,43.845439]]},"properties":{"PingCount":43,"AvgSpeedKmh":24.6}},{"type":"Feature","geometry":{"type":"LineString","coordinates":[[-79.358009,43.84981],[-79.284468,43.867118]]},"properties":{"PingCount":4,"AvgSpeedKmh":98.7}},{"type":"Feature","geometry":{"type":"LineString","coordinates":[[-79.358009,43.84981],[-79.303654,43.862749]]},"properties":{"PingCount":1,"AvgSpeedKmh":96.9}},{"type":"Feature","geometry":{"type":"LineString","coordinates":[[-79.358009,43.84981],[-79.32458,43.857973]]},"properties":{"PingCount":2,"AvgSpeedKmh":48.8}},{"type":"Feature","geometry":{"type":"LineString","coordinates":[[-79.358009,43.84981],[-79.33382,43.855818]]},"properties":{"PingCount":23,"AvgSpeedKmh":29.7}},{"type":"Feature","geometry":{"type":"LineString","coordinates":[[-79.358009,43.84981],[-79.359114,43.860043]]},"properties":{"PingCount":4,"AvgSpeedKmh":29.2}},{"type":"Feature","geometry":{"type":"LineString","coordinates":[[-79.358009,43.84981],[-79.37287,43.855825]]},"properties":{"PingCount":3,"AvgSpeedKmh":30.5}},{"type":"Feature","geometry":{"type":"LineString","coordinates":[[-79.358009,43.84981],[-79.376288,43.869757]]},"properties":{"PingCount":1,"AvgSpeedKmh":64.8}},{"type":"Feature","geometry":{"type":"LineString","coordinates":[[-79.377972,43.845439],[-79.391778,43.842264]]},"properties":{"PingCount":59,"AvgSpeedKmh":18.7}},{"type":"Feature","geometry":{"type":"LineString","coordinates":[[-79.377972,43.845439],[-79.415106,43.846568]]},"properties":{"PingCount":4,"AvgSpeedKmh":41.9}},{"type":"Feature","geometry":{"type":"LineString","coordinates":[[-79.377972,43.845439],[-79.33382,43.855818]]},"properties":{"PingCount":1,"AvgSpeedKmh":48.0}},{"type":"Feature","geometry":{"type":"LineString","coordinates":[[-79.377972,43.845439],[-79.37287,43.855825]]},"properties":{"PingCount":15,"AvgSpeedKmh":37.4}},{"type":"Feature","geometry":{"type":"LineString","coordinates":[[-79.377972,43.845439],[-79.396442,43.860043]]},"properties":{"PingCount":4,"AvgSpeedKmh":24.3}},{"type":"Feature","geometry":{"type":"LineString","coordinates":[[-79.377972,43.845439],[-79.359114,43.873518]]},"properties":{"PingCount":1,"AvgSpeedKmh":41.0}},{"type":"Feature","geometry":{"type":"LineString","coordinates":[[-79.377972,43.845439],[-79.376288,43.869757]]},"properties":{"PingCount":8,"AvgSpeedKmh":58.9}},{"type":"Feature","geometry":{"type":"LineString","coordinates":[[-79.377972,43.845439],[-79.37986,43.884364]]},"properties":{"PingCount":36,"AvgSpeedKmh":89.8}},{"type":"Feature","geometry":{"type":"LineString","coordinates":[[-79.377972,43.845439],[-79.396442,43.886992]]},"properties":{"PingCount":2,"AvgSpeedKmh":74.7}},{"type":"Feature","geometry":{"type":"LineString","coordinates":[[-79.377972,43.845439],[-79.384205,43.90027]]},"properties":{"PingCount":2,"AvgSpeedKmh":98.3}},{"type":"Feature","geometry":{"type":"LineString","coordinates":[[-79.391778,43.842264],[-79.415106,43.846568]]},"properties":{"PingCount":28,"AvgSpeedKmh":26.8}},{"type":"Feature","geometry":{"type":"LineString","coordinates":[[-79.391778,43.842264],[-79.37287,43.855825]]},"properties":{"PingCount":1,"AvgSpeedKmh":37.9}},{"type":"Feature","geometry":{"type":"LineString","coordinates":[[-79.391778,43.842264],[-79.396442,43.860043]]},"properties":{"PingCount":1,"AvgSpeedKmh":10.3}},{"type":"Feature","geometry":{"type":"LineString","coordinates":[[-79.415106,43.846568],[-79.429717,43.839844]]},"properties":{"PingCount":2,"AvgSpeedKmh":17.2}},{"type":"Feature","geometry":{"type":"LineString","coordinates":[[-79.415106,43.846568],[-79.396442,43.860043]]},"properties":{"PingCount":1,"AvgSpeedKmh":18.9}},{"type":"Feature","geometry":{"type":"LineString","coordinates":[[-79.415106,43.846568],[-79.415106,43.860043]]},"properties":{"PingCount":5,"AvgSpeedKmh":31.3}},{"type":"Feature","geometry":{"type":"LineString","coordinates":[[-79.429717,43.839844],[-79.452434,43.846568]]},"properties":{"PingCount":4,"AvgSpeedKmh":39.3}},{"type":"Feature","geometry":{"type":"LineString","coordinates":[[-79.429717,43.839844],[-79.415106,43.860043]]},"properties":{"PingCount":3,"AvgSpeedKmh":24.7}},{"type":"Feature","geometry":{"type":"LineString","coordinates":[[-79.429717,43.839844],[-79.432974,43.85311]]},"properties":{"PingCount":11,"AvgSpeedKmh":11.7}},{"type":"Feature","geometry":{"type":"LineString","coordinates":[[-79.452434,43.846568],[-79.471098,43.846568]]},"properties":{"PingCount":8,"AvgSpeedKmh":23.1}},{"type":"Feature","geometry":{"type":"LineString","coordinates":[[-79.452434,43.846568],[-79.489762,43.846568]]},"properties":{"PingCount":1,"AvgSpeedKmh":41.4}},{"type":"Feature","geometry":{"type":"LineString","coordinates":[[-79.452434,43.846568],[-79.415106,43.860043]]},"properties":{"PingCount":1,"AvgSpeedKmh":36.5}},{"type":"Feature","geometry":{"type":"LineString","coordinates":[[-79.452434,43.846568],[-79.432974,43.85311]]},"properties":{"PingCount":3,"AvgSpeedKmh":29.6}},{"type":"Feature","geometry":{"type":"LineString","coordinates":[[-79.452434,43.846568],[-79.452434,43.860043]]},"properties":{"PingCount":2,"AvgSpeedKmh":27.1}},{"type":"Feature","geometry":{"type":"LineString","coordinates":[[-79.452434,43.846568],[-79.471098,43.860043]]},"properties":{"PingCount":7,"AvgSpeedKmh":35.6}},{"type":"Feature","geometry":{"type":"LineString","coordinates":[[-79.452434,43.846568],[-79.471098,43.873518]]},"properties":{"PingCount":1,"AvgSpeedKmh":44.3}},{"type":"Feature","geometry":{"type":"LineString","coordinates":[[-79.471098,43.846568],[-79.489762,43.846568]]},"properties":{"PingCount":5,"AvgSpeedKmh":27.9}},{"type":"Feature","geometry":{"type":"LineString","coordinates":[[-79.471098,43.846568],[-79.489762,43.860043]]},"properties":{"PingCount":2,"AvgSpeedKmh":32.8}},{"type":"Feature","geometry":{"type":"LineString","coordinates":[[-79.489762,43.846568],[-79.489762,43.860043]]},"properties":{"PingCount":23,"AvgSpeedKmh":35.2}},{"type":"Feature","geometry":{"type":"LineString","coordinates":[[-79.489762,43.846568],[-79.489762,43.873518]]},"properties":{"PingCount":1,"AvgSpeedKmh":43.9}},{"type":"Feature","geometry":{"type":"LineString","coordinates":[[-79.508426,43.846568],[-79.52709,43.846568]]},"properties":{"PingCount":1,"AvgSpeedKmh":21.2}},{"type":"Feature","geometry":{"type":"LineString","coordinates":[[-79.508426,43.846568],[-79.508426,43.860043]]},"properties":{"PingCount":6,"AvgSpeedKmh":28.2}},{"type":"Feature","geometry":{"type":"LineString","coordinates":[[-79.52709,43.846568],[-79.548886,43.848417]]},"properties":{"PingCount":28,"AvgSpeedKmh":21.8}},{"type":"Feature","geometry":{"type":"LineString","coordinates":[[-79.52709,43.846568],[-79.564417,43.846568]]},"properties":{"PingCount":1,"AvgSpeedKmh":36.7}},{"type":"Feature","geometry":{"type":"LineString","coordinates":[[-79.52709,43.846568],[-79.508426,43.860043]]},"properties":{"PingCount":32,"AvgSpeedKmh":30.0}},{"type":"Feature","geometry":{"type":"LineString","coordinates":[[-79.52709,43.846568],[-79.52709,43.860043]]},"properties":{"PingCount":3,"AvgSpeedKmh":18.7}},{"type":"Feature","geometry":{"type":"LineString","coordinates":[[-79.548886,43.848417],[-79.564417,43.846568]]},"properties":{"PingCount":37,"AvgSpeedKmh":23.5}},{"type":"Feature","geometry":{"type":"LineString","coordinates":[[-79.548886,43.848417],[-79.583081,43.846568]]},"properties":{"PingCount":4,"AvgSpeedKmh":35.0}},{"type":"Feature","geometry":{"type":"LineString","coordinates":[[-79.548886,43.848417],[-79.508426,43.860043]]},"properties":{"PingCount":4,"AvgSpeedKmh":37.9}},{"type":"Feature","geometry":{"type":"LineString","coordinates":[[-79.548886,43.848417],[-79.52709,43.860043]]},"properties":{"PingCount":1,"AvgSpeedKmh":35.6}},{"type":"Feature","geometry":{"type":"LineString","coordinates":[[-79.548886,43.848417],[-79.550838,43.855728]]},"properties":{"PingCount":16,"AvgSpeedKmh":34.7}},{"type":"Feature","geometry":{"type":"LineString","coordinates":[[-79.548886,43.848417],[-79.564417,43.860043]]},"properties":{"PingCount":2,"AvgSpeedKmh":33.0}},{"type":"Feature","geometry":{"type":"LineString","coordinates":[[-79.548886,43.848417],[-79.52709,43.873518]]},"properties":{"PingCount":1,"AvgSpeedKmh":50.7}},{"type":"Feature","geometry":{"type":"LineString","coordinates":[[-79.548886,43.848417],[-79.553423,43.867541]]},"properties":{"PingCount":8,"AvgSpeedKmh":42.7}},{"type":"Feature","geometry":{"type":"LineString","coordinates":[[-79.548886,43.848417],[-79.556487,43.879718]]},"properties":{"PingCount":4,"AvgSpeedKmh":76.8}},{"type":"Feature","geometry":{"type":"LineString","coordinates":[[-79.548886,43.848417],[-79.558618,43.8895]]},"properties":{"PingCount":10,"AvgSpeedKmh":90.2}},{"type":"Feature","geometry":{"type":"LineString","coordinates":[[-79.548886,43.848417],[-79.560953,43.899319]]},"properties":{"PingCount":1,"AvgSpeedKmh":102.9}},{"type":"Feature","geometry":{"type":"LineString","coordinates":[[-79.564417,43.846568],[-79.583081,43.846568]]},"properties":{"PingCount":32,"AvgSpeedKmh":32.0}},{"type":"Feature","geometry":{"type":"LineString","coordinates":[[-79.564417,43.846568],[-79.550838,43.855728]]},"properties":{"PingCount":11,"AvgSpeedKmh":37.5}},{"type":"Feature","geometry":{"type":"LineString","coordinates":[[-79.564417,43.846568],[-79.564417,43.860043]]},"properties":{"PingCount":34,"AvgSpeedKmh":34.8}},{"type":"Feature","geometry":{"type":"LineString","coordinates":[[-79.583081,43.846568],[-79.564417,43.860043]]},"properties":{"PingCount":5,"AvgSpeedKmh":43.6}},{"type":"Feature","geometry":{"type":"LineString","coordinates":[[-79.583081,43.846568],[-79.583081,43.860043]]},"properties":{"PingCount":2,"AvgSpeedKmh":42.9}},{"type":"Feature","geometry":{"type":"LineString","coordinates":[[-79.583081,43.846568],[-79.583081,43.873518]]},"properties":{"PingCount":1,"AvgSpeedKmh":53.5}},{"type":"Feature","geometry":{"type":"LineString","coordinates":[[-79.620409,43.846568],[-79.583081,43.860043]]},"properties":{"PingCount":1,"AvgSpeedKmh":61.1}},{"type":"Feature","geometry":{"type":"LineString","coordinates":[[-79.620409,43.846568],[-79.601745,43.860043]]},"properties":{"PingCount":1,"AvgSpeedKmh":46.4}},{"type":"Feature","geometry":{"type":"LineString","coordinates":[[-79.639073,43.846568],[-79.657737,43.846568]]},"properties":{"PingCount":2,"AvgSpeedKmh":32.9}},{"type":"Feature","geometry":{"type":"LineString","coordinates":[[-79.639073,43.846568],[-79.676401,43.846568]]},"properties":{"PingCount":1,"AvgSpeedKmh":55.6}},{"type":"Feature","geometry":{"type":"LineString","coordinates":[[-79.639073,43.846568],[-79.639073,43.860043]]},"properties":{"PingCount":14,"AvgSpeedKmh":48.2}},{"type":"Feature","geometry":{"type":"LineString","coordinates":[[-79.639073,43.846568],[-79.620409,43.873518]]},"properties":{"PingCount":1,"AvgSpeedKmh":39.9}},{"type":"Feature","geometry":{"type":"LineString","coordinates":[[-79.639073,43.846568],[-79.639073,43.873518]]},"properties":{"PingCount":16,"AvgSpeedKmh":61.5}},{"type":"Feature","geometry":{"type":"LineString","coordinates":[[-79.639073,43.846568],[-79.639073,43.886992]]},"properties":{"PingCount":3,"AvgSpeedKmh":68.9}},{"type":"Feature","geometry":{"type":"LineString","coordinates":[[-79.695065,43.846568],[-79.713729,43.846568]]},"properties":{"PingCount":48,"AvgSpeedKmh":24.9}},{"type":"Feature","geometry":{"type":"LineString","coordinates":[[-79.695065,43.846568],[-79.732393,43.846568]]},"properties":{"PingCount":1,"AvgSpeedKmh":35.6}},{"type":"Feature","geometry":{"type":"LineString","coordinates":[[-79.695065,43.846568],[-79.695065,43.860043]]},"properties":{"PingCount":15,"AvgSpeedKmh":21.8}},{"type":"Feature","geometry":{"type":"LineString","coordinates":[[-79.695065,43.846568],[-79.713729,43.860043]]},"properties":{"PingCount":50,"AvgSpeedKmh":39.2}},{"type":"Feature","geometry":{"type":"LineString","coordinates":[[-79.695065,43.846568],[-79.732393,43.860043]]},"properties":{"PingCount":2,"AvgSpeedKmh":52.3}},{"type":"Feature","geometry":{"type":"LineString","coordinates":[[-79.695065,43.846568],[-79.713729,43.873518]]},"properties":{"PingCount":6,"AvgSpeedKmh":52.8}},{"type":"Feature","geometry":{"type":"LineString","coordinates":[[-79.695065,43.846568],[-79.732393,43.873518]]},"properties":{"PingCount":5,"AvgSpeedKmh":59.9}},{"type":"Feature","geometry":{"type":"LineString","coordinates":[[-79.713729,43.846568],[-79.732393,43.846568]]},"properties":{"PingCount":14,"AvgSpeedKmh":9.9}},{"type":"Feature","geometry":{"type":"LineString","coordinates":[[-79.713729,43.846568],[-79.751057,43.846568]]},"properties":{"PingCount":1,"AvgSpeedKmh":40.8}},{"type":"Feature","geometry":{"type":"LineString","coordinates":[[-79.713729,43.846568],[-79.695065,43.860043]]},"properties":{"PingCount":2,"AvgSpeedKmh":30.9}},{"type":"Feature","geometry":{"type":"LineString","coordinates":[[-79.713729,43.846568],[-79.713729,43.860043]]},"properties":{"PingCount":16,"AvgSpeedKmh":21.9}},{"type":"Feature","geometry":{"type":"LineString","coordinates":[[-79.713729,43.846568],[-79.732393,43.860043]]},"properties":{"PingCount":19,"AvgSpeedKmh":47.9}},{"type":"Feature","geometry":{"type":"LineString","coordinates":[[-79.713729,43.846568],[-79.751057,43.860043]]},"properties":{"PingCount":4,"AvgSpeedKmh":52.0}},{"type":"Feature","geometry":{"type":"LineString","coordinates":[[-79.713729,43.846568],[-79.751057,43.873518]]},"properties":{"PingCount":4,"AvgSpeedKmh":61.5}},{"type":"Feature","geometry":{"type":"LineString","coordinates":[[-79.732393,43.846568],[-79.751057,43.873518]]},"properties":{"PingCount":2,"AvgSpeedKmh":60.4}},{"type":"Feature","geometry":{"type":"LineString","coordinates":[[-79.751057,43.846568],[-79.732393,43.860043]]},"properties":{"PingCount":4,"AvgSpeedKmh":40.3}},{"type":"Feature","geometry":{"type":"LineString","coordinates":[[-79.751057,43.846568],[-79.769721,43.860043]]},"properties":{"PingCount":2,"AvgSpeedKmh":39.8}},{"type":"Feature","geometry":{"type":"LineString","coordinates":[[-79.751057,43.846568],[-79.769721,43.873518]]},"properties":{"PingCount":3,"AvgSpeedKmh":53.5}},{"type":"Feature","geometry":{"type":"LineString","coordinates":[[-79.788385,43.846568],[-79.769721,43.873518]]},"properties":{"PingCount":1,"AvgSpeedKmh":59.1}},{"type":"Feature","geometry":{"type":"LineString","coordinates":[[-78.910952,43.86777],[-78.931284,43.865837]]},"properties":{"PingCount":45,"AvgSpeedKmh":24.9}},{"type":"Feature","geometry":{"type":"LineString","coordinates":[[-78.910952,43.86777],[-78.941627,43.866589]]},"properties":{"PingCount":3,"AvgSpeedKmh":57.5}},{"type":"Feature","geometry":{"type":"LineString","coordinates":[[-78.910952,43.86777],[-78.962771,43.866549]]},"properties":{"PingCount":9,"AvgSpeedKmh":83.7}},{"type":"Feature","geometry":{"type":"LineString","coordinates":[[-78.910952,43.86777],[-78.99219,43.859909]]},"properties":{"PingCount":9,"AvgSpeedKmh":96.4}},{"type":"Feature","geometry":{"type":"LineString","coordinates":[[-78.910952,43.86777],[-78.859605,43.880605]]},"properties":{"PingCount":1,"AvgSpeedKmh":95.1}},{"type":"Feature","geometry":{"type":"LineString","coordinates":[[-78.910952,43.86777],[-78.867987,43.878688]]},"properties":{"PingCount":1,"AvgSpeedKmh":82.3}},{"type":"Feature","geometry":{"type":"LineString","coordinates":[[-78.910952,43.86777],[-78.902642,43.869692]]},"properties":{"PingCount":1,"AvgSpeedKmh":28.6}},{"type":"Feature","geometry":{"type":"LineString","coordinates":[[-78.910952,43.86777],[-78.905301,43.869095]]},"properties":{"PingCount":59,"AvgSpeedKmh":21.3}},{"type":"Feature","geometry":{"type":"LineString","coordinates":[[-78.910952,43.86777],[-78.957904,43.867004]]},"properties":{"PingCount":2,"AvgSpeedKmh":51.1}},{"type":"Feature","geometry":{"type":"LineString","coordinates":[[-78.910952,43.86777],[-78.851323,43.882558]]},"properties":{"PingCount":4,"AvgSpeedKmh":96.0}},{"type":"Feature","geometry":{"type":"LineString","coordinates":[[-78.910952,43.86777],[-78.912789,43.886451]]},"properties":{"PingCount":4,"AvgSpeedKmh":35.6}},{"type":"Feature","geometry":{"type":"LineString","coordinates":[[-78.931284,43.865837],[-78.941627,43.866589]]},"properties":{"PingCount":3,"AvgSpeedKmh":23.8}},{"type":"Feature","geometry":{"type":"LineString","coordinates":[[-78.931284,43.865837],[-78.962771,43.866549]]},"properties":{"PingCount":6,"AvgSpeedKmh":68.5}},{"type":"Feature","geometry":{"type":"LineString","coordinates":[[-78.931284,43.865837],[-78.99219,43.859909]]},"properties":{"PingCount":50,"AvgSpeedKmh":92.2}},{"type":"Feature","geometry":{"type":"LineString","coordinates":[[-78.931284,43.865837],[-79.011958,43.855423]]},"properties":{"PingCount":5,"AvgSpeedKmh":95.3}},{"type":"Feature","geometry":{"type":"LineString","coordinates":[[-78.931284,43.865837],[-78.859605,43.880605]]},"properties":{"PingCount":1,"AvgSpeedKmh":98.7}},{"type":"Feature","geometry":{"type":"LineString","coordinates":[[-78.931284,43.865837],[-78.867987,43.878688]]},"properties":{"PingCount":6,"AvgSpeedKmh":89.4}},{"type":"Feature","geometry":{"type":"LineString","coordinates":[[-78.931284,43.865837],[-78.902642,43.869692]]},"properties":{"PingCount":3,"AvgSpeedKmh":60.4}},{"type":"Feature","geometry":{"type":"LineString","coordinates":[[-78.931284,43.865837],[-78.905301,43.869095]]},"properties":{"PingCount":71,"AvgSpeedKmh":37.9}},{"type":"Feature","geometry":{"type":"LineString","coordinates":[[-78.931284,43.865837],[-78.936565,43.867028]]},"properties":{"PingCount":7,"AvgSpeedKmh":10.3}},{"type":"Feature","geometry":{"type":"LineString","coordinates":[[-78.931284,43.865837],[-78.957904,43.867004]]},"properties":{"PingCount":4,"AvgSpeedKmh":38.2}},{"type":"Feature","geometry":{"type":"LineString","coordinates":[[-78.931284,43.865837],[-78.977634,43.872004]]},"properties":{"PingCount":2,"AvgSpeedKmh":52.3}},{"type":"Feature","geometry":{"type":"LineString","coordinates":[[-78.931284,43.865837],[-78.912789,43.886451]]},"properties":{"PingCount":3,"AvgSpeedKmh":46.0}},{"type":"Feature","geometry":{"type":"LineString","coordinates":[[-78.931284,43.865837],[-78.985835,43.886992]]},"properties":{"PingCount":1,"AvgSpeedKmh":81.9}},{"type":"Feature","geometry":{"type":"LineString","coordinates":[[-78.941627,43.866589],[-78.962771,43.866549]]},"properties":{"PingCount":5,"AvgSpeedKmh":38.7}},{"type":"Feature","geometry":{"type":"LineString","coordinates":[[-78.941627,43.866589],[-78.99219,43.859909]]},"properties":{"PingCount":8,"AvgSpeedKmh":75.3}},{"type":"Feature","geometry":{"type":"LineString","coordinates":[[-78.941627,43.866589],[-79.011958,43.855423]]},"properties":{"PingCount":26,"AvgSpeedKmh":93.9}},{"type":"Feature","geometry":{"type":"LineString","coordinates":[[-78.941627,43.866589],[-78.902642,43.869692]]},"properties":{"PingCount":6,"AvgSpeedKmh":87.9}},{"type":"Feature","geometry":{"type":"LineString","coordinates":[[-78.941627,43.866589],[-78.905301,43.869095]]},"properties":{"PingCount":30,"AvgSpeedKmh":60.4}},{"type":"Feature","geometry":{"type":"LineString","coordinates":[[-78.941627,43.866589],[-78.936565,43.867028]]},"properties":{"PingCount":2,"AvgSpeedKmh":15.9}},{"type":"Feature","geometry":{"type":"LineString","coordinates":[[-78.941627,43.866589],[-78.957904,43.867004]]},"properties":{"PingCount":2,"AvgSpeedKmh":13.7}},{"type":"Feature","geometry":{"type":"LineString","coordinates":[[-78.941627,43.866589],[-78.977634,43.872004]]},"properties":{"PingCount":1,"AvgSpeedKmh":32.4}},{"type":"Feature","geometry":{"type":"LineString","coordinates":[[-78.941627,43.866589],[-78.985835,43.886992]]},"properties":{"PingCount":1,"AvgSpeedKmh":72.6}},{"type":"Feature","geometry":{"type":"LineString","coordinates":[[-78.962771,43.866549],[-78.99219,43.859909]]},"properties":{"PingCount":29,"AvgSpeedKmh":33.2}},{"type":"Feature","geometry":{"type":"LineString","coordinates":[[-78.962771,43.866549],[-79.011958,43.855423]]},"properties":{"PingCount":44,"AvgSpeedKmh":55.5}},{"type":"Feature","geometry":{"type":"LineString","coordinates":[[-78.962771,43.866549],[-79.021508,43.853459]]},"properties":{"PingCount":16,"AvgSpeedKmh":85.4}},{"type":"Feature","geometry":{"type":"LineString","coordinates":[[-78.962771,43.866549],[-78.902642,43.869692]]},"properties":{"PingCount":1,"AvgSpeedKmh":98.0}},{"type":"Feature","geometry":{"type":"LineString","coordinates":[[-78.962771,43.866549],[-78.905301,43.869095]]},"properties":{"PingCount":33,"AvgSpeedKmh":93.4}},{"type":"Feature","geometry":{"type":"LineString","coordinates":[[-78.962771,43.866549],[-78.936565,43.867028]]},"properties":{"PingCount":6,"AvgSpeedKmh":55.6}},{"type":"Feature","geometry":{"type":"LineString","coordinates":[[-78.962771,43.866549],[-78.957904,43.867004]]},"properties":{"PingCount":10,"AvgSpeedKmh":27.3}},{"type":"Feature","geometry":{"type":"LineString","coordinates":[[-78.962771,43.866549],[-78.977634,43.872004]]},"properties":{"PingCount":3,"AvgSpeedKmh":16.2}},{"type":"Feature","geometry":{"type":"LineString","coordinates":[[-78.962771,43.866549],[-78.985835,43.886992]]},"properties":{"PingCount":2,"AvgSpeedKmh":64.9}},{"type":"Feature","geometry":{"type":"LineString","coordinates":[[-78.962771,43.866549],[-78.985835,43.900467]]},"properties":{"PingCount":41,"AvgSpeedKmh":87.4}},{"type":"Feature","geometry":{"type":"LineString","coordinates":[[-78.962771,43.866549],[-79.004499,43.900467]]},"properties":{"PingCount":40,"AvgSpeedKmh":93.0}},{"type":"Feature","geometry":{"type":"LineString","coordinates":[[-78.962771,43.866549],[-79.004499,43.913942]]},"properties":{"PingCount":5,"AvgSpeedKmh":98.7}},{"type":"Feature","geometry":{"type":"LineString","coordinates":[[-78.99219,43.859909],[-79.011958,43.855423]]},"properties":{"PingCount":164,"AvgSpeedKmh":42.4}},{"type":"Feature","geometry":{"type":"LineString","coordinates":[[-78.99219,43.859909],[-79.021508,43.853459]]},"properties":{"PingCount":113,"AvgSpeedKmh":51.1}},{"type":"Feature","geometry":{"type":"LineString","coordinates":[[-78.99219,43.859909],[-78.905301,43.869095]]},"properties":{"PingCount":1,"AvgSpeedKmh":64.4}},{"type":"Feature","geometry":{"type":"LineString","coordinates":[[-78.99219,43.859909],[-78.936565,43.867028]]},"properties":{"PingCount":2,"AvgSpeedKmh":77.6}},{"type":"Feature","geometry":{"type":"LineString","coordinates":[[-78.99219,43.859909],[-78.957904,43.867004]]},"properties":{"PingCount":3,"AvgSpeedKmh":55.2}},{"type":"Feature","geometry":{"type":"LineString","coordinates":[[-78.99219,43.859909],[-78.977634,43.872004]]},"properties":{"PingCount":11,"AvgSpeedKmh":44.4}},{"type":"Feature","geometry":{"type":"LineString","coordinates":[[-78.99219,43.859909],[-78.977653,43.872092]]},"properties":{"PingCount":26,"AvgSpeedKmh":44.6}},{"type":"Feature","geometry":{"type":"LineString","coordinates":[[-78.99219,43.859909],[-78.985835,43.886992]]},"properties":{"PingCount":276,"AvgSpeedKmh":63.3}},{"type":"Feature","geometry":{"type":"LineString","coordinates":[[-78.99219,43.859909],[-78.985835,43.900467]]},"properties":{"PingCount":319,"AvgSpeedKmh":80.8}},{"type":"Feature","geometry":{"type":"LineString","coordinates":[[-78.99219,43.859909],[-79.004499,43.900467]]},"properties":{"PingCount":29,"AvgSpeedKmh":91.7}},{"type":"Feature","geometry":{"type":"LineString","coordinates":[[-78.99219,43.859909],[-79.004499,43.913942]]},"properties":{"PingCount":1,"AvgSpeedKmh":62.2}},{"type":"Feature","geometry":{"type":"LineString","coordinates":[[-78.99219,43.859909],[-79.004499,43.927416]]},"properties":{"PingCount":1,"AvgSpeedKmh":80.8}},{"type":"Feature","geometry":{"type":"LineString","coordinates":[[-78.99219,43.859909],[-78.929843,43.940891]]},"properties":{"PingCount":3,"AvgSpeedKmh":15.5}},{"type":"Feature","geometry":{"type":"LineString","coordinates":[[-79.011958,43.855423],[-79.021508,43.853459]]},"properties":{"PingCount":156,"AvgSpeedKmh":21.1}},{"type":"Feature","geometry":{"type":"LineString","coordinates":[[-79.011958,43.855423],[-79.043156,43.857258]]},"properties":{"PingCount":1,"AvgSpeedKmh":38.3}},{"type":"Feature","geometry":{"type":"LineString","coordinates":[[-79.011958,43.855423],[-78.957904,43.867004]]},"properties":{"PingCount":17,"AvgSpeedKmh":92.1}},{"type":"Feature","geometry":{"type":"LineString","coordinates":[[-79.011958,43.855423],[-78.977634,43.872004]]},"properties":{"PingCount":85,"AvgSpeedKmh":58.2}},{"type":"Feature","geometry":{"type":"LineString","coordinates":[[-79.011958,43.855423],[-78.977653,43.872092]]},"properties":{"PingCount":206,"AvgSpeedKmh":60.8}},{"type":"Feature","geometry":{"type":"LineString","coordinates":[[-79.011958,43.855423],[-78.996047,43.867878]]},"properties":{"PingCount":3,"AvgSpeedKmh":11.4}},{"type":"Feature","geometry":{"type":"LineString","coordinates":[[-79.011958,43.855423],[-79.023163,43.873518]]},"properties":{"PingCount":13,"AvgSpeedKmh":6.1}},{"type":"Feature","geometry":{"type":"LineString","coordinates":[[-79.011958,43.855423],[-78.985835,43.886992]]},"properties":{"PingCount":229,"AvgSpeedKmh":63.6}},{"type":"Feature","geometry":{"type":"LineString","coordinates":[[-79.011958,43.855423],[-78.957655,43.915363]]},"properties":{"PingCount":1,"AvgSpeedKmh":45.7}},{"type":"Feature","geometry":{"type":"LineString","coordinates":[[-79.011958,43.855423],[-78.911179,43.940891]]},"properties":{"PingCount":1,"AvgSpeedKmh":11.9}},{"type":"Feature","geometry":{"type":"LineString","coordinates":[[-79.011958,43.855423],[-78.929843,43.940891]]},"properties":{"PingCount":4,"AvgSpeedKmh":24.1}},{"type":"Feature","geometry":{"type":"LineString","coordinates":[[-79.021508,43.853459],[-79.043156,43.857258]]},"properties":{"PingCount":42,"AvgSpeedKmh":29.8}},{"type":"Feature","geometry":{"type":"LineString","coordinates":[[-79.021508,43.853459],[-79.055352,43.854492]]},"properties":{"PingCount":3,"AvgSpeedKmh":44.4}},{"type":"Feature","geometry":{"type":"LineString","coordinates":[[-79.021508,43.853459],[-78.957904,43.867004]]},"properties":{"PingCount":4,"AvgSpeedKmh":96.1}},{"type":"Feature","geometry":{"type":"LineString","coordinates":[[-79.021508,43.853459],[-78.977634,43.872004]]},"properties":{"PingCount":53,"AvgSpeedKmh":78.9}},{"type":"Feature","geometry":{"type":"LineString","coordinates":[[-79.021508,43.853459],[-78.977653,43.872092]]},"properties":{"PingCount":65,"AvgSpeedKmh":71.6}},{"type":"Feature","geometry":{"type":"LineString","coordinates":[[-79.021508,43.853459],[-78.996047,43.867878]]},"properties":{"PingCount":12,"AvgSpeedKmh":27.4}},{"type":"Feature","geometry":{"type":"LineString","coordinates":[[-79.021508,43.853459],[-79.023163,43.873518]]},"properties":{"PingCount":26,"AvgSpeedKmh":14.4}},{"type":"Feature","geometry":{"type":"LineString","coordinates":[[-79.021508,43.853459],[-79.041827,43.873518]]},"properties":{"PingCount":2,"AvgSpeedKmh":21.4}},{"type":"Feature","geometry":{"type":"LineString","coordinates":[[-79.021508,43.853459],[-79.023163,43.886992]]},"properties":{"PingCount":14,"AvgSpeedKmh":38.8}},{"type":"Feature","geometry":{"type":"LineString","coordinates":[[-79.021508,43.853459],[-78.929843,43.940891]]},"properties":{"PingCount":1,"AvgSpeedKmh":15.3}},{"type":"Feature","geometry":{"type":"LineString","coordinates":[[-79.043156,43.857258],[-79.055352,43.854492]]},"properties":{"PingCount":11,"AvgSpeedKmh":28.7}},{"type":"Feature","geometry":{"type":"LineString","coordinates":[[-79.043156,43.857258],[-79.041827,43.873518]]},"properties":{"PingCount":15,"AvgSpeedKmh":34.0}},{"type":"Feature","geometry":{"type":"LineString","coordinates":[[-79.043156,43.857258],[-79.041827,43.886992]]},"properties":{"PingCount":5,"AvgSpeedKmh":45.6}},{"type":"Feature","geometry":{"type":"LineString","coordinates":[[-79.079155,43.860043],[-79.097819,43.886992]]},"properties":{"PingCount":6,"AvgSpeedKmh":44.6}},{"type":"Feature","geometry":{"type":"LineString","coordinates":[[-79.135147,43.860043],[-79.153811,43.860043]]},"properties":{"PingCount":1,"AvgSpeedKmh":49.5}},{"type":"Feature","geometry":{"type":"LineString","coordinates":[[-79.135147,43.860043],[-79.135147,43.873518]]},"properties":{"PingCount":1,"AvgSpeedKmh":30.1}},{"type":"Feature","geometry":{"type":"LineString","coordinates":[[-79.135147,43.860043],[-79.079155,43.886992]]},"properties":{"PingCount":1,"AvgSpeedKmh":53.7}},{"type":"Feature","geometry":{"type":"LineString","coordinates":[[-79.153811,43.860043],[-79.172474,43.860043]]},"properties":{"PingCount":7,"AvgSpeedKmh":47.4}},{"type":"Feature","geometry":{"type":"LineString","coordinates":[[-79.153811,43.860043],[-79.135147,43.873518]]},"properties":{"PingCount":5,"AvgSpeedKmh":52.7}},{"type":"Feature","geometry":{"type":"LineString","coordinates":[[-79.153811,43.860043],[-79.079155,43.886992]]},"properties":{"PingCount":3,"AvgSpeedKmh":56.1}},{"type":"Feature","geometry":{"type":"LineString","coordinates":[[-79.153811,43.860043],[-79.097819,43.886992]]},"properties":{"PingCount":17,"AvgSpeedKmh":55.3}},{"type":"Feature","geometry":{"type":"LineString","coordinates":[[-79.172474,43.860043],[-79.135147,43.873518]]},"properties":{"PingCount":16,"AvgSpeedKmh":57.7}},{"type":"Feature","geometry":{"type":"LineString","coordinates":[[-79.172474,43.860043],[-79.172474,43.873518]]},"properties":{"PingCount":1,"AvgSpeedKmh":57.3}},{"type":"Feature","geometry":{"type":"LineString","coordinates":[[-79.172474,43.860043],[-79.172474,43.886992]]},"properties":{"PingCount":1,"AvgSpeedKmh":61.3}},{"type":"Feature","geometry":{"type":"LineString","coordinates":[[-79.172474,43.860043],[-79.191138,43.886992]]},"properties":{"PingCount":1,"AvgSpeedKmh":63.8}},{"type":"Feature","geometry":{"type":"LineString","coordinates":[[-79.209802,43.860043],[-79.228466,43.860043]]},"properties":{"PingCount":4,"AvgSpeedKmh":27.8}},{"type":"Feature","geometry":{"type":"LineString","coordinates":[[-79.209802,43.860043],[-79.257138,43.863272]]},"properties":{"PingCount":1,"AvgSpeedKmh":40.7}},{"type":"Feature","geometry":{"type":"LineString","coordinates":[[-79.209802,43.860043],[-79.209802,43.873518]]},"properties":{"PingCount":2,"AvgSpeedKmh":25.6}},{"type":"Feature","geometry":{"type":"LineString","coordinates":[[-79.209802,43.860043],[-79.214244,43.882589]]},"properties":{"PingCount":5,"AvgSpeedKmh":45.1}},{"type":"Feature","geometry":{"type":"LineString","coordinates":[[-79.228466,43.860043],[-79.257138,43.863272]]},"properties":{"PingCount":8,"AvgSpeedKmh":32.7}},{"type":"Feature","geometry":{"type":"LineString","coordinates":[[-79.228466,43.860043],[-79.209802,43.873518]]},"properties":{"PingCount":3,"AvgSpeedKmh":29.5}},{"type":"Feature","geometry":{"type":"LineString","coordinates":[[-79.228466,43.860043],[-79.234835,43.878898]]},"properties":{"PingCount":3,"AvgSpeedKmh":30.2}},{"type":"Feature","geometry":{"type":"LineString","coordinates":[[-79.257138,43.863272],[-79.257138,43.863272]]},"properties":{"PingCount":1,"AvgSpeedKmh":53.7}},{"type":"Feature","geometry":{"type":"LineString","coordinates":[[-79.257138,43.863272],[-79.191138,43.873518]]},"properties":{"PingCount":6,"AvgSpeedKmh":96.9}},{"type":"Feature","geometry":{"type":"LineString","coordinates":[[-79.257138,43.863272],[-79.271688,43.87042]]},"properties":{"PingCount":1,"AvgSpeedKmh":35.8}},{"type":"Feature","geometry":{"type":"LineString","coordinates":[[-79.257138,43.863272],[-79.191138,43.886992]]},"properties":{"PingCount":11,"AvgSpeedKmh":96.6}},{"type":"Feature","geometry":{"type":"LineString","coordinates":[[-79.257138,43.863272],[-79.191138,43.873518]]},"properties":{"PingCount":2,"AvgSpeedKmh":99.6}},{"type":"Feature","geometry":{"type":"LineString","coordinates":[[-79.257138,43.863272],[-79.209802,43.873518]]},"properties":{"PingCount":36,"AvgSpeedKmh":97.0}},{"type":"Feature","geometry":{"type":"LineString","coordinates":[[-79.257138,43.863272],[-79.234835,43.878898]]},"properties":{"PingCount":3,"AvgSpeedKmh":65.5}},{"type":"Feature","geometry":{"type":"LineString","coordinates":[[-79.284468,43.867118],[-79.303654,43.862749]]},"properties":{"PingCount":30,"AvgSpeedKmh":25.3}},{"type":"Feature","geometry":{"type":"LineString","coordinates":[[-79.284468,43.867118],[-79.32458,43.857973]]},"properties":{"PingCount":2,"AvgSpeedKmh":44.4}},{"type":"Feature","geometry":{"type":"LineString","coordinates":[[-79.284468,43.867118],[-79.209802,43.873518]]},"properties":{"PingCount":1,"AvgSpeedKmh":98.8}},{"type":"Feature","geometry":{"type":"LineString","coordinates":[[-79.284468,43.867118],[-79.234835,43.878898]]},"properties":{"PingCount":23,"AvgSpeedKmh":95.8}},{"type":"Feature","geometry":{"type":"LineString","coordinates":[[-79.284468,43.867118],[-79.243258,43.877891]]},"properties":{"PingCount":1,"AvgSpeedKmh":92.6}},{"type":"Feature","geometry":{"type":"LineString","coordinates":[[-79.284468,43.867118],[-79.271688,43.87042]]},"properties":{"PingCount":20,"AvgSpeedKmh":32.8}},{"type":"Feature","geometry":{"type":"LineString","coordinates":[[-79.284468,43.867118],[-79.284494,43.867219]]},"properties":{"PingCount":69,"AvgSpeedKmh":9.7}},{"type":"Feature","geometry":{"type":"LineString","coordinates":[[-79.284468,43.867118],[-79.303122,43.873518]]},"properties":{"PingCount":1,"AvgSpeedKmh":20.6}},{"type":"Feature","geometry":{"type":"LineString","coordinates":[[-79.284468,43.867118],[-79.284458,43.886992]]},"properties":{"PingCount":3,"AvgSpeedKmh":37.2}},{"type":"Feature","geometry":{"type":"LineString","coordinates":[[-79.284468,43.867118],[-78.929843,43.940891]]},"properties":{"PingCount":1,"AvgSpeedKmh":37.1}},{"type":"Feature","geometry":{"type":"LineString","coordinates":[[-79.303654,43.862749],[-79.32458,43.857973]]},"properties":{"PingCount":41,"AvgSpeedKmh":27.4}},{"type":"Feature","geometry":{"type":"LineString","coordinates":[[-79.303654,43.862749],[-79.33382,43.855818]]},"properties":{"PingCount":8,"AvgSpeedKmh":37.9}},{"type":"Feature","geometry":{"type":"LineString","coordinates":[[-79.303654,43.862749],[-79.243258,43.877891]]},"properties":{"PingCount":1,"AvgSpeedKmh":97.0}},{"type":"Feature","geometry":{"type":"LineString","coordinates":[[-79.303654,43.862749],[-79.271688,43.87042]]},"properties":{"PingCount":2,"AvgSpeedKmh":39.1}},{"type":"Feature","geometry":{"type":"LineString","coordinates":[[-79.303654,43.862749],[-79.284494,43.867219]]},"properties":{"PingCount":24,"AvgSpeedKmh":30.2}},{"type":"Feature","geometry":{"type":"LineString","coordinates":[[-79.303654,43.862749],[-79.303122,43.873518]]},"properties":{"PingCount":4,"AvgSpeedKmh":22.5}},{"type":"Feature","geometry":{"type":"LineString","coordinates":[[-79.32458,43.857973],[-79.33382,43.855818]]},"properties":{"PingCount":31,"AvgSpeedKmh":25.4}},{"type":"Feature","geometry":{"type":"LineString","coordinates":[[-79.32458,43.857973],[-79.284494,43.867219]]},"properties":{"PingCount":2,"AvgSpeedKmh":39.2}},{"type":"Feature","geometry":{"type":"LineString","coordinates":[[-79.33382,43.855818],[-79.284494,43.867219]]},"properties":{"PingCount":2,"AvgSpeedKmh":4.5}},{"type":"Feature","geometry":{"type":"LineString","coordinates":[[-79.33382,43.855818],[-79.34045,43.873518]]},"properties":{"PingCount":1,"AvgSpeedKmh":24.7}},{"type":"Feature","geometry":{"type":"LineString","coordinates":[[-79.33382,43.855818],[-79.124676,43.914617]]},"properties":{"PingCount":1,"AvgSpeedKmh":17.8}},{"type":"Feature","geometry":{"type":"LineString","coordinates":[[-79.33382,43.855818],[-78.911179,43.940891]]},"properties":{"PingCount":1,"AvgSpeedKmh":34.4}},{"type":"Feature","geometry":{"type":"LineString","coordinates":[[-79.33382,43.855818],[-78.929843,43.940891]]},"properties":{"PingCount":3,"AvgSpeedKmh":34.3}},{"type":"Feature","geometry":{"type":"LineString","coordinates":[[-79.33382,43.855818],[-78.982669,43.948289]]},"properties":{"PingCount":1,"AvgSpeedKmh":29.9}},{"type":"Feature","geometry":{"type":"LineString","coordinates":[[-79.359114,43.860043],[-79.34045,43.873518]]},"properties":{"PingCount":1,"AvgSpeedKmh":25.9}},{"type":"Feature","geometry":{"type":"LineString","coordinates":[[-79.359114,43.860043],[-79.359114,43.873518]]},"properties":{"PingCount":3,"AvgSpeedKmh":24.1}},{"type":"Feature","geometry":{"type":"LineString","coordinates":[[-79.37287,43.855825],[-79.396442,43.860043]]},"properties":{"PingCount":17,"AvgSpeedKmh":21.2}},{"type":"Feature","geometry":{"type":"LineString","coordinates":[[-79.37287,43.855825],[-79.415106,43.860043]]},"properties":{"PingCount":4,"AvgSpeedKmh":40.3}},{"type":"Feature","geometry":{"type":"LineString","coordinates":[[-79.37287,43.855825],[-79.34045,43.873518]]},"properties":{"PingCount":1,"AvgSpeedKmh":51.3}},{"type":"Feature","geometry":{"type":"LineString","coordinates":[[-79.37287,43.855825],[-79.359114,43.873518]]},"properties":{"PingCount":8,"AvgSpeedKmh":28.7}},{"type":"Feature","geometry":{"type":"LineString","coordinates":[[-79.37287,43.855825],[-79.376288,43.869757]]},"properties":{"PingCount":10,"AvgSpeedKmh":30.9}},{"type":"Feature","geometry":{"type":"LineString","coordinates":[[-79.37287,43.855825],[-79.396442,43.873518]]},"properties":{"PingCount":4,"AvgSpeedKmh":37.9}},{"type":"Feature","geometry":{"type":"LineString","coordinates":[[-79.37287,43.855825],[-79.37986,43.884364]]},"properties":{"PingCount":11,"AvgSpeedKmh":57.3}},{"type":"Feature","geometry":{"type":"LineString","coordinates":[[-79.37287,43.855825],[-79.396442,43.886992]]},"properties":{"PingCount":2,"AvgSpeedKmh":56.0}},{"type":"Feature","geometry":{"type":"LineString","coordinates":[[-79.37287,43.855825],[-79.384205,43.90027]]},"properties":{"PingCount":23,"AvgSpeedKmh":89.4}},{"type":"Feature","geometry":{"type":"LineString","coordinates":[[-79.396442,43.860043],[-79.415106,43.860043]]},"properties":{"PingCount":9,"AvgSpeedKmh":26.6}},{"type":"Feature","geometry":{"type":"LineString","coordinates":[[-79.396442,43.860043],[-79.432974,43.85311]]},"properties":{"PingCount":1,"AvgSpeedKmh":42.9}},{"type":"Feature","geometry":{"type":"LineString","coordinates":[[-79.396442,43.860043],[-79.396442,43.873518]]},"properties":{"PingCount":2,"AvgSpeedKmh":33.8}},{"type":"Feature","geometry":{"type":"LineString","coordinates":[[-79.396442,43.860043],[-79.396442,43.886992]]},"properties":{"PingCount":3,"AvgSpeedKmh":37.6}},{"type":"Feature","geometry":{"type":"LineString","coordinates":[[-79.415106,43.860043],[-79.432974,43.85311]]},"properties":{"PingCount":10,"AvgSpeedKmh":24.6}},{"type":"Feature","geometry":{"type":"LineString","coordinates":[[-79.415106,43.860043],[-79.415106,43.873518]]},"properties":{"PingCount":4,"AvgSpeedKmh":33.0}},{"type":"Feature","geometry":{"type":"LineString","coordinates":[[-79.415106,43.860043],[-79.396442,43.886992]]},"properties":{"PingCount":1,"AvgSpeedKmh":20.8}},{"type":"Feature","geometry":{"type":"LineString","coordinates":[[-79.415106,43.860043],[-79.415106,43.886992]]},"properties":{"PingCount":1,"AvgSpeedKmh":47.7}},{"type":"Feature","geometry":{"type":"LineString","coordinates":[[-79.432974,43.85311],[-79.437254,43.871224]]},"properties":{"PingCount":11,"AvgSpeedKmh":25.6}},{"type":"Feature","geometry":{"type":"LineString","coordinates":[[-79.452434,43.860043],[-79.471098,43.860043]]},"properties":{"PingCount":7,"AvgSpeedKmh":25.3}},{"type":"Feature","geometry":{"type":"LineString","coordinates":[[-79.452434,43.860043],[-79.489762,43.860043]]},"properties":{"PingCount":6,"AvgSpeedKmh":40.7}},{"type":"Feature","geometry":{"type":"LineString","coordinates":[[-79.452434,43.860043],[-79.437254,43.871224]]},"properties":{"PingCount":8,"AvgSpeedKmh":35.4}},{"type":"Feature","geometry":{"type":"LineString","coordinates":[[-79.452434,43.860043],[-79.452434,43.873518]]},"properties":{"PingCount":1,"AvgSpeedKmh":22.6}},{"type":"Feature","geometry":{"type":"LineString","coordinates":[[-79.452434,43.860043],[-79.471098,43.873518]]},"properties":{"PingCount":2,"AvgSpeedKmh":41.1}},{"type":"Feature","geometry":{"type":"LineString","coordinates":[[-79.471098,43.860043],[-79.489762,43.860043]]},"properties":{"PingCount":30,"AvgSpeedKmh":35.3}},{"type":"Feature","geometry":{"type":"LineString","coordinates":[[-79.471098,43.860043],[-79.508426,43.860043]]},"properties":{"PingCount":6,"AvgSpeedKmh":45.3}},{"type":"Feature","geometry":{"type":"LineString","coordinates":[[-79.471098,43.860043],[-79.437254,43.871224]]},"properties":{"PingCount":6,"AvgSpeedKmh":41.6}},{"type":"Feature","geometry":{"type":"LineString","coordinates":[[-79.471098,43.860043],[-79.452434,43.873518]]},"properties":{"PingCount":18,"AvgSpeedKmh":35.0}},{"type":"Feature","geometry":{"type":"LineString","coordinates":[[-79.471098,43.860043],[-79.471098,43.886992]]},"properties":{"PingCount":2,"AvgSpeedKmh":43.9}},{"type":"Feature","geometry":{"type":"LineString","coordinates":[[-79.489762,43.860043],[-79.508426,43.860043]]},"properties":{"PingCount":57,"AvgSpeedKmh":24.8}},{"type":"Feature","geometry":{"type":"LineString","coordinates":[[-79.489762,43.860043],[-79.52709,43.860043]]},"properties":{"PingCount":1,"AvgSpeedKmh":39.0}},{"type":"Feature","geometry":{"type":"LineString","coordinates":[[-79.489762,43.860043],[-79.452434,43.873518]]},"properties":{"PingCount":1,"AvgSpeedKmh":40.6}},{"type":"Feature","geometry":{"type":"LineString","coordinates":[[-79.489762,43.860043],[-79.489762,43.873518]]},"properties":{"PingCount":7,"AvgSpeedKmh":39.1}},{"type":"Feature","geometry":{"type":"LineString","coordinates":[[-79.489762,43.860043],[-79.489762,43.886992]]},"properties":{"PingCount":4,"AvgSpeedKmh":47.2}},{"type":"Feature","geometry":{"type":"LineString","coordinates":[[-79.508426,43.860043],[-79.52709,43.860043]]},"properties":{"PingCount":3,"AvgSpeedKmh":30.4}},{"type":"Feature","geometry":{"type":"LineString","coordinates":[[-79.508426,43.860043],[-79.508426,43.873518]]},"properties":{"PingCount":4,"AvgSpeedKmh":35.7}},{"type":"Feature","geometry":{"type":"LineString","coordinates":[[-79.508426,43.860043],[-79.52709,43.886992]]},"properties":{"PingCount":1,"AvgSpeedKmh":37.6}},{"type":"Feature","geometry":{"type":"LineString","coordinates":[[-79.550838,43.855728],[-79.564417,43.860043]]},"properties":{"PingCount":16,"AvgSpeedKmh":28.0}},{"type":"Feature","geometry":{"type":"LineString","coordinates":[[-79.550838,43.855728],[-79.583081,43.860043]]},"properties":{"PingCount":3,"AvgSpeedKmh":50.5}},{"type":"Feature","geometry":{"type":"LineString","coordinates":[[-79.550838,43.855728],[-79.508426,43.873518]]},"properties":{"PingCount":1,"AvgSpeedKmh":48.5}},{"type":"Feature","geometry":{"type":"LineString","coordinates":[[-79.550838,43.855728],[-79.52709,43.873518]]},"properties":{"PingCount":33,"AvgSpeedKmh":38.5}},{"type":"Feature","geometry":{"type":"LineString","coordinates":[[-79.550838,43.855728],[-79.553423,43.867541]]},"properties":{"PingCount":20,"AvgSpeedKmh":29.8}},{"type":"Feature","geometry":{"type":"LineString","coordinates":[[-79.550838,43.855728],[-79.556487,43.879718]]},"properties":{"PingCount":1,"AvgSpeedKmh":25.6}},{"type":"Feature","geometry":{"type":"LineString","coordinates":[[-79.550838,43.855728],[-79.545753,43.886992]]},"properties":{"PingCount":2,"AvgSpeedKmh":37.0}},{"type":"Feature","geometry":{"type":"LineString","coordinates":[[-79.550838,43.855728],[-79.558618,43.8895]]},"properties":{"PingCount":2,"AvgSpeedKmh":82.1}},{"type":"Feature","geometry":{"type":"LineString","coordinates":[[-79.550838,43.855728],[-79.560953,43.899319]]},"properties":{"PingCount":12,"AvgSpeedKmh":94.0}},{"type":"Feature","geometry":{"type":"LineString","coordinates":[[-79.550838,43.855728],[-79.564819,43.915986]]},"properties":{"PingCount":3,"AvgSpeedKmh":97.4}},{"type":"Feature","geometry":{"type":"LineString","coordinates":[[-79.564417,43.860043],[-79.52709,43.873518]]},"properties":{"PingCount":4,"AvgSpeedKmh":44.3}},{"type":"Feature","geometry":{"type":"LineString","coordinates":[[-79.564417,43.860043],[-79.553423,43.867541]]},"properties":{"PingCount":22,"AvgSpeedKmh":34.6}},{"type":"Feature","geometry":{"type":"LineString","coordinates":[[-79.564417,43.860043],[-79.556487,43.879718]]},"properties":{"PingCount":1,"AvgSpeedKmh":25.3}},{"type":"Feature","geometry":{"type":"LineString","coordinates":[[-79.583081,43.860043],[-79.583081,43.873518]]},"properties":{"PingCount":1,"AvgSpeedKmh":41.8}},{"type":"Feature","geometry":{"type":"LineString","coordinates":[[-79.601745,43.860043],[-79.601745,43.873518]]},"properties":{"PingCount":1,"AvgSpeedKmh":46.2}},{"type":"Feature","geometry":{"type":"LineString","coordinates":[[-79.639073,43.860043],[-79.601745,43.873518]]},"properties":{"PingCount":3,"AvgSpeedKmh":59.8}},{"type":"Feature","geometry":{"type":"LineString","coordinates":[[-79.639073,43.860043],[-79.620409,43.873518]]},"properties":{"PingCount":6,"AvgSpeedKmh":37.0}},{"type":"Feature","geometry":{"type":"LineString","coordinates":[[-79.639073,43.860043],[-79.639073,43.886992]]},"properties":{"PingCount":3,"AvgSpeedKmh":55.5}},{"type":"Feature","geometry":{"type":"LineString","coordinates":[[-79.639073,43.860043],[-79.657737,43.886992]]},"properties":{"PingCount":18,"AvgSpeedKmh":65.7}},{"type":"Feature","geometry":{"type":"LineString","coordinates":[[-79.639073,43.860043],[-79.657737,43.900467]]},"properties":{"PingCount":4,"AvgSpeedKmh":67.5}},{"type":"Feature","geometry":{"type":"LineString","coordinates":[[-79.695065,43.860043],[-79.713729,43.860043]]},"properties":{"PingCount":6,"AvgSpeedKmh":28.0}},{"type":"Feature","geometry":{"type":"LineString","coordinates":[[-79.695065,43.860043],[-79.713729,43.873518]]},"properties":{"PingCount":1,"AvgSpeedKmh":49.4}},{"type":"Feature","geometry":{"type":"LineString","coordinates":[[-79.695065,43.860043],[-79.732393,43.873518]]},"properties":{"PingCount":3,"AvgSpeedKmh":52.2}},{"type":"Feature","geometry":{"type":"LineString","coordinates":[[-79.695065,43.860043],[-79.713729,43.886992]]},"properties":{"PingCount":1,"AvgSpeedKmh":54.2}},{"type":"Feature","geometry":{"type":"LineString","coordinates":[[-79.713729,43.860043],[-79.732393,43.860043]]},"properties":{"PingCount":9,"AvgSpeedKmh":29.1}},{"type":"Feature","geometry":{"type":"LineString","coordinates":[[-79.713729,43.860043],[-79.713729,43.873518]]},"properties":{"PingCount":4,"AvgSpeedKmh":30.5}},{"type":"Feature","geometry":{"type":"LineString","coordinates":[[-79.713729,43.860043],[-79.732393,43.873518]]},"properties":{"PingCount":39,"AvgSpeedKmh":28.8}},{"type":"Feature","geometry":{"type":"LineString","coordinates":[[-79.713729,43.860043],[-79.713729,43.886992]]},"properties":{"PingCount":1,"AvgSpeedKmh":56.2}},{"type":"Feature","geometry":{"type":"LineString","coordinates":[[-79.732393,43.860043],[-79.751057,43.860043]]},"properties":{"PingCount":8,"AvgSpeedKmh":28.9}},{"type":"Feature","geometry":{"type":"LineString","coordinates":[[-79.732393,43.860043],[-79.769721,43.860043]]},"properties":{"PingCount":1,"AvgSpeedKmh":48.5}},{"type":"Feature","geometry":{"type":"LineString","coordinates":[[-79.732393,43.860043],[-79.751057,43.873518]]},"properties":{"PingCount":15,"AvgSpeedKmh":45.5}},{"type":"Feature","geometry":{"type":"LineString","coordinates":[[-79.732393,43.860043],[-79.769721,43.873518]]},"properties":{"PingCount":5,"AvgSpeedKmh":50.9}},{"type":"Feature","geometry":{"type":"LineString","coordinates":[[-79.751057,43.860043],[-79.769721,43.860043]]},"properties":{"PingCount":1,"AvgSpeedKmh":35.1}},{"type":"Feature","geometry":{"type":"LineString","coordinates":[[-79.751057,43.860043],[-79.751057,43.873518]]},"properties":{"PingCount":10,"AvgSpeedKmh":13.4}},{"type":"Feature","geometry":{"type":"LineString","coordinates":[[-79.751057,43.860043],[-79.769721,43.873518]]},"properties":{"PingCount":6,"AvgSpeedKmh":34.3}},{"type":"Feature","geometry":{"type":"LineString","coordinates":[[-79.751057,43.860043],[-79.769721,43.886992]]},"properties":{"PingCount":1,"AvgSpeedKmh":55.9}},{"type":"Feature","geometry":{"type":"LineString","coordinates":[[-79.769721,43.860043],[-79.769721,43.873518]]},"properties":{"PingCount":23,"AvgSpeedKmh":6.7}},{"type":"Feature","geometry":{"type":"LineString","coordinates":[[-79.769721,43.860043],[-79.769721,43.886992]]},"properties":{"PingCount":1,"AvgSpeedKmh":38.3}},{"type":"Feature","geometry":{"type":"LineString","coordinates":[[-79.788385,43.860043],[-79.751057,43.873518]]},"properties":{"PingCount":1,"AvgSpeedKmh":49.8}},{"type":"Feature","geometry":{"type":"LineString","coordinates":[[-78.759444,43.879392],[-78.769575,43.877908]]},"properties":{"PingCount":1,"AvgSpeedKmh":18.6}},{"type":"Feature","geometry":{"type":"LineString","coordinates":[[-78.759444,43.879392],[-78.713836,43.885242]]},"properties":{"PingCount":13,"AvgSpeedKmh":95.2}},{"type":"Feature","geometry":{"type":"LineString","coordinates":[[-78.759444,43.879392],[-78.725198,43.883774]]},"properties":{"PingCount":1,"AvgSpeedKmh":52.9}},{"type":"Feature","geometry":{"type":"LineString","coordinates":[[-78.759444,43.879392],[-78.799195,43.886992]]},"properties":{"PingCount":1,"AvgSpeedKmh":83.9}},{"type":"Feature","geometry":{"type":"LineString","coordinates":[[-78.759444,43.879392],[-78.82876,43.887134]]},"properties":{"PingCount":18,"AvgSpeedKmh":88.7}},{"type":"Feature","geometry":{"type":"LineString","coordinates":[[-78.759444,43.879392],[-78.761868,43.900467]]},"properties":{"PingCount":1,"AvgSpeedKmh":57.6}},{"type":"Feature","geometry":{"type":"LineString","coordinates":[[-78.759444,43.879392],[-78.767914,43.91362]]},"properties":{"PingCount":5,"AvgSpeedKmh":68.4}},{"type":"Feature","geometry":{"type":"LineString","coordinates":[[-78.769575,43.877908],[-78.713836,43.885242]]},"properties":{"PingCount":4,"AvgSpeedKmh":96.2}},{"type":"Feature","geometry":{"type":"LineString","coordinates":[[-78.769575,43.877908],[-78.725198,43.883774]]},"properties":{"PingCount":9,"AvgSpeedKmh":97.8}},{"type":"Feature","geometry":{"type":"LineString","coordinates":[[-78.769575,43.877908],[-78.82876,43.887134]]},"properties":{"PingCount":4,"AvgSpeedKmh":78.2}},{"type":"Feature","geometry":{"type":"LineString","coordinates":[[-78.769575,43.877908],[-78.82876,43.887134]]},"properties":{"PingCount":11,"AvgSpeedKmh":90.9}},{"type":"Feature","geometry":{"type":"LineString","coordinates":[[-78.769575,43.877908],[-78.761868,43.900467]]},"properties":{"PingCount":1,"AvgSpeedKmh":64.8}},{"type":"Feature","geometry":{"type":"LineString","coordinates":[[-78.799195,43.873518],[-78.725198,43.883774]]},"properties":{"PingCount":1,"AvgSpeedKmh":97.5}},{"type":"Feature","geometry":{"type":"LineString","coordinates":[[-78.799195,43.873518],[-78.743204,43.886992]]},"properties":{"PingCount":13,"AvgSpeedKmh":93.8}},{"type":"Feature","geometry":{"type":"LineString","coordinates":[[-78.799195,43.873518],[-78.82876,43.887134]]},"properties":{"PingCount":3,"AvgSpeedKmh":68.5}},{"type":"Feature","geometry":{"type":"LineString","coordinates":[[-78.799195,43.873518],[-78.851323,43.882558]]},"properties":{"PingCount":11,"AvgSpeedKmh":83.2}},{"type":"Feature","geometry":{"type":"LineString","coordinates":[[-78.836523,43.873518],[-78.82876,43.887134]]},"properties":{"PingCount":1,"AvgSpeedKmh":20.2}},{"type":"Feature","geometry":{"type":"LineString","coordinates":[[-78.836523,43.873518],[-78.851323,43.882558]]},"properties":{"PingCount":1,"AvgSpeedKmh":39.2}},{"type":"Feature","geometry":{"type":"LineString","coordinates":[[-78.859605,43.880605],[-78.902642,43.869692]]},"properties":{"PingCount":1,"AvgSpeedKmh":60.5}},{"type":"Feature","geometry":{"type":"LineString","coordinates":[[-78.859605,43.880605],[-78.905301,43.869095]]},"properties":{"PingCount":1,"AvgSpeedKmh":70.5}},{"type":"Feature","geometry":{"type":"LineString","coordinates":[[-78.859605,43.880605],[-78.82876,43.887134]]},"properties":{"PingCount":3,"AvgSpeedKmh":77.4}},{"type":"Feature","geometry":{"type":"LineString","coordinates":[[-78.859605,43.880605],[-78.851323,43.882558]]},"properties":{"PingCount":2,"AvgSpeedKmh":26.3}},{"type":"Feature","geometry":{"type":"LineString","coordinates":[[-78.859605,43.880605],[-78.883406,43.893093]]},"properties":{"PingCount":1,"AvgSpeedKmh":22.2}},{"type":"Feature","geometry":{"type":"LineString","coordinates":[[-78.867987,43.878688],[-78.902642,43.869692]]},"properties":{"PingCount":9,"AvgSpeedKmh":33.0}},{"type":"Feature","geometry":{"type":"LineString","coordinates":[[-78.867987,43.878688],[-78.905301,43.869095]]},"properties":{"PingCount":10,"AvgSpeedKmh":59.6}},{"type":"Feature","geometry":{"type":"LineString","coordinates":[[-78.867987,43.878688],[-78.82876,43.887134]]},"properties":{"PingCount":13,"AvgSpeedKmh":86.9}},{"type":"Feature","geometry":{"type":"LineString","coordinates":[[-78.867987,43.878688],[-78.82876,43.887134]]},"properties":{"PingCount":13,"AvgSpeedKmh":70.7}},{"type":"Feature","geometry":{"type":"LineString","coordinates":[[-78.867987,43.878688],[-78.851323,43.882558]]},"properties":{"PingCount":3,"AvgSpeedKmh":34.7}},{"type":"Feature","geometry":{"type":"LineString","coordinates":[[-78.867987,43.878688],[-78.883406,43.893093]]},"properties":{"PingCount":20,"AvgSpeedKmh":14.8}},{"type":"Feature","geometry":{"type":"LineString","coordinates":[[-78.867987,43.878688],[-78.893267,43.890849]]},"properties":{"PingCount":15,"AvgSpeedKmh":18.4}},{"type":"Feature","geometry":{"type":"LineString","coordinates":[[-78.902642,43.869692],[-78.905301,43.869095]]},"properties":{"PingCount":9,"AvgSpeedKmh":22.6}},{"type":"Feature","geometry":{"type":"LineString","coordinates":[[-78.902642,43.869692],[-78.957904,43.867004]]},"properties":{"PingCount":3,"AvgSpeedKmh":91.2}},{"type":"Feature","geometry":{"type":"LineString","coordinates":[[-78.902642,43.869692],[-78.82876,43.887134]]},"properties":{"PingCount":7,"AvgSpeedKmh":93.4}},{"type":"Feature","geometry":{"type":"LineString","coordinates":[[-78.902642,43.869692],[-78.851323,43.882558]]},"properties":{"PingCount":6,"AvgSpeedKmh":74.3}},{"type":"Feature","geometry":{"type":"LineString","coordinates":[[-78.902642,43.869692],[-78.883406,43.893093]]},"properties":{"PingCount":1,"AvgSpeedKmh":16.6}},{"type":"Feature","geometry":{"type":"LineString","coordinates":[[-78.902642,43.869692],[-78.893267,43.890849]]},"properties":{"PingCount":8,"AvgSpeedKmh":26.4}},{"type":"Feature","geometry":{"type":"LineString","coordinates":[[-78.902642,43.869692],[-78.912789,43.886451]]},"properties":{"PingCount":3,"AvgSpeedKmh":34.6}},{"type":"Feature","geometry":{"type":"LineString","coordinates":[[-78.905301,43.869095],[-78.936565,43.867028]]},"properties":{"PingCount":14,"AvgSpeedKmh":34.5}},{"type":"Feature","geometry":{"type":"LineString","coordinates":[[-78.905301,43.869095],[-78.957904,43.867004]]},"properties":{"PingCount":22,"AvgSpeedKmh":73.2}},{"type":"Feature","geometry":{"type":"LineString","coordinates":[[-78.905301,43.869095],[-78.977634,43.872004]]},"properties":{"PingCount":7,"AvgSpeedKmh":78.8}},{"type":"Feature","geometry":{"type":"LineString","coordinates":[[-78.905301,43.869095],[-78.851323,43.882558]]},"properties":{"PingCount":12,"AvgSpeedKmh":86.8}},{"type":"Feature","geometry":{"type":"LineString","coordinates":[[-78.905301,43.869095],[-78.912789,43.886451]]},"properties":{"PingCount":221,"AvgSpeedKmh":31.1}},{"type":"Feature","geometry":{"type":"LineString","coordinates":[[-78.905301,43.869095],[-78.932306,43.882027]]},"properties":{"PingCount":4,"AvgSpeedKmh":26.7}},{"type":"Feature","geometry":{"type":"LineString","coordinates":[[-78.905301,43.869095],[-78.911179,43.900467]]},"properties":{"PingCount":27,"AvgSpeedKmh":44.7}},{"type":"Feature","geometry":{"type":"LineString","coordinates":[[-78.905301,43.869095],[-78.929843,43.900467]]},"properties":{"PingCount":1,"AvgSpeedKmh":57.4}},{"type":"Feature","geometry":{"type":"LineString","coordinates":[[-78.936565,43.867028],[-78.957904,43.867004]]},"properties":{"PingCount":5,"AvgSpeedKmh":33.9}},{"type":"Feature","geometry":{"type":"LineString","coordinates":[[-78.936565,43.867028],[-78.912789,43.886451]]},"properties":{"PingCount":1,"AvgSpeedKmh":35.4}},{"type":"Feature","geometry":{"type":"LineString","coordinates":[[-78.936565,43.867028],[-78.942278,43.880237]]},"properties":{"PingCount":4,"AvgSpeedKmh":33.2}},{"type":"Feature","geometry":{"type":"LineString","coordinates":[[-78.936565,43.867028],[-78.949764,43.89738]]},"properties":{"PingCount":1,"AvgSpeedKmh":45.3}},{"type":"Feature","geometry":{"type":"LineString","coordinates":[[-78.957904,43.867004],[-78.977634,43.872004]]},"properties":{"PingCount":5,"AvgSpeedKmh":29.4}},{"type":"Feature","geometry":{"type":"LineString","coordinates":[[-78.957904,43.867004],[-78.977653,43.872092]]},"properties":{"PingCount":1,"AvgSpeedKmh":42.9}},{"type":"Feature","geometry":{"type":"LineString","coordinates":[[-78.957904,43.867004],[-78.912789,43.886451]]},"properties":{"PingCount":1,"AvgSpeedKmh":42.3}},{"type":"Feature","geometry":{"type":"LineString","coordinates":[[-78.957904,43.867004],[-78.932306,43.882027]]},"properties":{"PingCount":3,"AvgSpeedKmh":26.5}},{"type":"Feature","geometry":{"type":"LineString","coordinates":[[-78.957904,43.867004],[-78.942278,43.880237]]},"properties":{"PingCount":2,"AvgSpeedKmh":31.3}},{"type":"Feature","geometry":{"type":"LineString","coordinates":[[-78.977634,43.872004],[-78.977653,43.872092]]},"properties":{"PingCount":1,"AvgSpeedKmh":33.7}},{"type":"Feature","geometry":{"type":"LineString","coordinates":[[-78.977634,43.872004],[-78.996047,43.867878]]},"properties":{"PingCount":3,"AvgSpeedKmh":50.9}},{"type":"Feature","geometry":{"type":"LineString","coordinates":[[-78.977634,43.872004],[-78.985835,43.886992]]},"properties":{"PingCount":1,"AvgSpeedKmh":97.3}},{"type":"Feature","geometry":{"type":"LineString","coordinates":[[-78.977634,43.872004],[-78.985835,43.900467]]},"properties":{"PingCount":40,"AvgSpeedKmh":84.2}},{"type":"Feature","geometry":{"type":"LineString","coordinates":[[-78.977634,43.872004],[-79.004499,43.900467]]},"properties":{"PingCount":52,"AvgSpeedKmh":89.1}},{"type":"Feature","geometry":{"type":"LineString","coordinates":[[-78.977634,43.872004],[-78.985835,43.913942]]},"properties":{"PingCount":1,"AvgSpeedKmh":84.4}},{"type":"Feature","geometry":{"type":"LineString","coordinates":[[-78.977634,43.872004],[-79.004499,43.913942]]},"properties":{"PingCount":104,"AvgSpeedKmh":94.9}},{"type":"Feature","geometry":{"type":"LineString","coordinates":[[-78.977634,43.872004],[-79.004499,43.927416]]},"properties":{"PingCount":1,"AvgSpeedKmh":81.3}},{"type":"Feature","geometry":{"type":"LineString","coordinates":[[-78.977634,43.872004],[-78.929843,43.940891]]},"properties":{"PingCount":1,"AvgSpeedKmh":6.0}},{"type":"Feature","geometry":{"type":"LineString","coordinates":[[-78.977634,43.872004],[-79.004499,43.954366]]},"properties":{"PingCount":1,"AvgSpeedKmh":92.7}},{"type":"Feature","geometry":{"type":"LineString","coordinates":[[-78.977653,43.872092],[-78.996047,43.867878]]},"properties":{"PingCount":4,"AvgSpeedKmh":33.3}},{"type":"Feature","geometry":{"type":"LineString","coordinates":[[-78.977653,43.872092],[-78.985835,43.886992]]},"properties":{"PingCount":16,"AvgSpeedKmh":38.8}},{"type":"Feature","geometry":{"type":"LineString","coordinates":[[-78.977653,43.872092],[-79.004499,43.886992]]},"properties":{"PingCount":1,"AvgSpeedKmh":53.4}},{"type":"Feature","geometry":{"type":"LineString","coordinates":[[-78.977653,43.872092],[-78.985835,43.900467]]},"properties":{"PingCount":43,"AvgSpeedKmh":68.7}},{"type":"Feature","geometry":{"type":"LineString","coordinates":[[-78.977653,43.872092],[-79.004499,43.900467]]},"properties":{"PingCount":44,"AvgSpeedKmh":74.6}},{"type":"Feature","geometry":{"type":"LineString","coordinates":[[-78.977653,43.872092],[-78.985835,43.913942]]},"properties":{"PingCount":7,"AvgSpeedKmh":68.1}},{"type":"Feature","geometry":{"type":"LineString","coordinates":[[-78.977653,43.872092],[-79.004499,43.913942]]},"properties":{"PingCount":177,"AvgSpeedKmh":93.4}},{"type":"Feature","geometry":{"type":"LineString","coordinates":[[-78.977653,43.872092],[-79.004499,43.927416]]},"properties":{"PingCount":17,"AvgSpeedKmh":95.6}},{"type":"Feature","geometry":{"type":"LineString","coordinates":[[-78.977653,43.872092],[-78.911179,43.940891]]},"properties":{"PingCount":1,"AvgSpeedKmh":7.5}},{"type":"Feature","geometry":{"type":"LineString","coordinates":[[-78.977653,43.872092],[-78.929843,43.940891]]},"properties":{"PingCount":1,"AvgSpeedKmh":23.9}},{"type":"Feature","geometry":{"type":"LineString","coordinates":[[-78.977653,43.872092],[-78.959785,43.947293]]},"properties":{"PingCount":1,"AvgSpeedKmh":55.8}},{"type":"Feature","geometry":{"type":"LineString","coordinates":[[-78.977653,43.872092],[-79.004499,43.954366]]},"properties":{"PingCount":1,"AvgSpeedKmh":90.8}},{"type":"Feature","geometry":{"type":"LineString","coordinates":[[-78.996047,43.867878],[-79.023163,43.873518]]},"properties":{"PingCount":7,"AvgSpeedKmh":4.7}},{"type":"Feature","geometry":{"type":"LineString","coordinates":[[-78.996047,43.867878],[-78.985835,43.886992]]},"properties":{"PingCount":1,"AvgSpeedKmh":38.2}},{"type":"Feature","geometry":{"type":"LineString","coordinates":[[-79.023163,43.873518],[-79.041827,43.873518]]},"properties":{"PingCount":1,"AvgSpeedKmh":27.5}},{"type":"Feature","geometry":{"type":"LineString","coordinates":[[-79.023163,43.873518],[-79.023163,43.886992]]},"properties":{"PingCount":9,"AvgSpeedKmh":36.1}},{"type":"Feature","geometry":{"type":"LineString","coordinates":[[-79.023163,43.873518],[-79.023163,43.900467]]},"properties":{"PingCount":2,"AvgSpeedKmh":49.1}},{"type":"Feature","geometry":{"type":"LineString","coordinates":[[-79.041827,43.873518],[-79.041827,43.886992]]},"properties":{"PingCount":15,"AvgSpeedKmh":37.8}},{"type":"Feature","geometry":{"type":"LineString","coordinates":[[-79.041827,43.873518],[-79.060491,43.886992]]},"properties":{"PingCount":2,"AvgSpeedKmh":32.5}},{"type":"Feature","geometry":{"type":"LineString","coordinates":[[-79.041827,43.873518],[-79.041827,43.900467]]},"properties":{"PingCount":1,"AvgSpeedKmh":40.5}},{"type":"Feature","geometry":{"type":"LineString","coordinates":[[-79.079155,43.873518],[-79.079155,43.886992]]},"properties":{"PingCount":6,"AvgSpeedKmh":29.1}},{"type":"Feature","geometry":{"type":"LineString","coordinates":[[-79.079155,43.873518],[-79.097819,43.886992]]},"properties":{"PingCount":13,"AvgSpeedKmh":37.6}},{"type":"Feature","geometry":{"type":"LineString","coordinates":[[-79.079155,43.873518],[-79.097819,43.900467]]},"properties":{"PingCount":7,"AvgSpeedKmh":53.5}},{"type":"Feature","geometry":{"type":"LineString","coordinates":[[-79.079155,43.873518],[-79.101293,43.921018]]},"properties":{"PingCount":1,"AvgSpeedKmh":73.0}},{"type":"Feature","geometry":{"type":"LineString","coordinates":[[-79.135147,43.873518],[-79.060491,43.886992]]},"properties":{"PingCount":1,"AvgSpeedKmh":54.7}},{"type":"Feature","geometry":{"type":"LineString","coordinates":[[-79.135147,43.873518],[-79.079155,43.886992]]},"properties":{"PingCount":7,"AvgSpeedKmh":53.2}},{"type":"Feature","geometry":{"type":"LineString","coordinates":[[-79.135147,43.873518],[-79.097819,43.886992]]},"properties":{"PingCount":11,"AvgSpeedKmh":51.8}},{"type":"Feature","geometry":{"type":"LineString","coordinates":[[-79.135147,43.873518],[-79.097819,43.900467]]},"properties":{"PingCount":4,"AvgSpeedKmh":43.3}},{"type":"Feature","geometry":{"type":"LineString","coordinates":[[-79.172474,43.873518],[-79.190319,43.89892]]},"properties":{"PingCount":1,"AvgSpeedKmh":40.5}},{"type":"Feature","geometry":{"type":"LineString","coordinates":[[-79.191138,43.873518],[-79.101293,43.921018]]},"properties":{"PingCount":2,"AvgSpeedKmh":95.8}},{"type":"Feature","geometry":{"type":"LineString","coordinates":[[-79.191138,43.873518],[-79.096852,43.922246]]},"properties":{"PingCount":5,"AvgSpeedKmh":94.8}},{"type":"Feature","geometry":{"type":"LineString","coordinates":[[-79.191138,43.873518],[-79.060491,43.940891]]},"properties":{"PingCount":1,"AvgSpeedKmh":85.5}},{"type":"Feature","geometry":{"type":"LineString","coordinates":[[-79.209802,43.873518],[-79.234835,43.878898]]},"properties":{"PingCount":8,"AvgSpeedKmh":27.3}},{"type":"Feature","geometry":{"type":"LineString","coordinates":[[-79.209802,43.873518],[-79.191138,43.886992]]},"properties":{"PingCount":2,"AvgSpeedKmh":30.9}},{"type":"Feature","geometry":{"type":"LineString","coordinates":[[-79.209802,43.873518],[-79.214244,43.882589]]},"properties":{"PingCount":18,"AvgSpeedKmh":29.2}},{"type":"Feature","geometry":{"type":"LineString","coordinates":[[-79.209802,43.873518],[-79.220202,43.881103]]},"properties":{"PingCount":2,"AvgSpeedKmh":29.9}},{"type":"Feature","geometry":{"type":"LineString","coordinates":[[-79.209802,43.873518],[-79.153811,43.900467]]},"properties":{"PingCount":1,"AvgSpeedKmh":93.3}},{"type":"Feature","geometry":{"type":"LineString","coordinates":[[-79.209802,43.873518],[-79.173985,43.903436]]},"properties":{"PingCount":19,"AvgSpeedKmh":92.9}},{"type":"Feature","geometry":{"type":"LineString","coordinates":[[-79.209802,43.873518],[-79.209802,43.900467]]},"properties":{"PingCount":2,"AvgSpeedKmh":45.1}},{"type":"Feature","geometry":{"type":"LineString","coordinates":[[-79.209802,43.873518],[-78.929843,43.913942]]},"properties":{"PingCount":1,"AvgSpeedKmh":22.9}},{"type":"Feature","geometry":{"type":"LineString","coordinates":[[-79.209802,43.873518],[-79.101293,43.921018]]},"properties":{"PingCount":18,"AvgSpeedKmh":94.7}},{"type":"Feature","geometry":{"type":"LineString","coordinates":[[-79.234835,43.878898],[-79.243258,43.877891]]},"properties":{"PingCount":33,"AvgSpeedKmh":33.8}},{"type":"Feature","geometry":{"type":"LineString","coordinates":[[-79.234835,43.878898],[-79.271688,43.87042]]},"properties":{"PingCount":21,"AvgSpeedKmh":42.0}},{"type":"Feature","geometry":{"type":"LineString","coordinates":[[-79.234835,43.878898],[-79.191138,43.886992]]},"properties":{"PingCount":28,"AvgSpeedKmh":69.8}},{"type":"Feature","geometry":{"type":"LineString","coordinates":[[-79.234835,43.878898],[-79.214244,43.882589]]},"properties":{"PingCount":30,"AvgSpeedKmh":36.9}},{"type":"Feature","geometry":{"type":"LineString","coordinates":[[-79.234835,43.878898],[-79.220202,43.881103]]},"properties":{"PingCount":7,"AvgSpeedKmh":20.0}},{"type":"Feature","geometry":{"type":"LineString","coordinates":[[-79.234835,43.878898],[-79.173985,43.903436]]},"properties":{"PingCount":12,"AvgSpeedKmh":93.2}},{"type":"Feature","geometry":{"type":"LineString","coordinates":[[-79.234835,43.878898],[-79.190319,43.89892]]},"properties":{"PingCount":1,"AvgSpeedKmh":90.2}},{"type":"Feature","geometry":{"type":"LineString","coordinates":[[-79.243258,43.877891],[-79.271688,43.87042]]},"properties":{"PingCount":62,"AvgSpeedKmh":29.6}},{"type":"Feature","geometry":{"type":"LineString","coordinates":[[-79.243258,43.877891],[-79.284494,43.867219]]},"properties":{"PingCount":3,"AvgSpeedKmh":36.3}},{"type":"Feature","geometry":{"type":"LineString","coordinates":[[-79.243258,43.877891],[-79.191138,43.886992]]},"properties":{"PingCount":20,"AvgSpeedKmh":94.6}},{"type":"Feature","geometry":{"type":"LineString","coordinates":[[-79.243258,43.877891],[-79.214244,43.882589]]},"properties":{"PingCount":18,"AvgSpeedKmh":44.3}},{"type":"Feature","geometry":{"type":"LineString","coordinates":[[-79.243258,43.877891],[-79.220202,43.881103]]},"properties":{"PingCount":14,"AvgSpeedKmh":40.1}},{"type":"Feature","geometry":{"type":"LineString","coordinates":[[-79.243258,43.877891],[-79.173985,43.903436]]},"properties":{"PingCount":1,"AvgSpeedKmh":99.3}},{"type":"Feature","geometry":{"type":"LineString","coordinates":[[-79.271688,43.87042],[-79.284494,43.867219]]},"properties":{"PingCount":60,"AvgSpeedKmh":31.6}},{"type":"Feature","geometry":{"type":"LineString","coordinates":[[-79.271688,43.87042],[-79.220202,43.881103]]},"properties":{"PingCount":1,"AvgSpeedKmh":55.3}},{"type":"Feature","geometry":{"type":"LineString","coordinates":[[-79.284494,43.867219],[-79.284458,43.886992]]},"properties":{"PingCount":7,"AvgSpeedKmh":31.3}},{"type":"Feature","geometry":{"type":"LineString","coordinates":[[-79.284494,43.867219],[-79.303122,43.886992]]},"properties":{"PingCount":1,"AvgSpeedKmh":22.9}},{"type":"Feature","geometry":{"type":"LineString","coordinates":[[-79.284494,43.867219],[-79.284458,43.900467]]},"properties":{"PingCount":3,"AvgSpeedKmh":39.1}},{"type":"Feature","geometry":{"type":"LineString","coordinates":[[-79.284494,43.867219],[-78.911179,43.940891]]},"properties":{"PingCount":1,"AvgSpeedKmh":30.1}},{"type":"Feature","geometry":{"type":"LineString","coordinates":[[-79.284494,43.867219],[-78.929843,43.940891]]},"properties":{"PingCount":1,"AvgSpeedKmh":32.3}},{"type":"Feature","geometry":{"type":"LineString","coordinates":[[-79.284494,43.867219],[-78.97258,43.950759]]},"properties":{"PingCount":1,"AvgSpeedKmh":27.4}},{"type":"Feature","geometry":{"type":"LineString","coordinates":[[-79.303122,43.873518],[-79.321786,43.873518]]},"properties":{"PingCount":4,"AvgSpeedKmh":25.1}},{"type":"Feature","geometry":{"type":"LineString","coordinates":[[-79.303122,43.873518],[-79.34045,43.873518]]},"properties":{"PingCount":2,"AvgSpeedKmh":40.8}},{"type":"Feature","geometry":{"type":"LineString","coordinates":[[-79.303122,43.873518],[-79.284458,43.886992]]},"properties":{"PingCount":1,"AvgSpeedKmh":38.7}},{"type":"Feature","geometry":{"type":"LineString","coordinates":[[-79.321786,43.873518],[-79.34045,43.873518]]},"properties":{"PingCount":6,"AvgSpeedKmh":43.5}},{"type":"Feature","geometry":{"type":"LineString","coordinates":[[-79.321786,43.873518],[-79.359114,43.873518]]},"properties":{"PingCount":1,"AvgSpeedKmh":47.1}},{"type":"Feature","geometry":{"type":"LineString","coordinates":[[-79.321786,43.873518],[-79.284458,43.886992]]},"properties":{"PingCount":2,"AvgSpeedKmh":46.9}},{"type":"Feature","geometry":{"type":"LineString","coordinates":[[-79.321786,43.873518],[-79.303122,43.886992]]},"properties":{"PingCount":5,"AvgSpeedKmh":43.7}},{"type":"Feature","geometry":{"type":"LineString","coordinates":[[-79.321786,43.873518],[-79.321786,43.900467]]},"properties":{"PingCount":2,"AvgSpeedKmh":41.5}},{"type":"Feature","geometry":{"type":"LineString","coordinates":[[-79.34045,43.873518],[-79.359114,43.873518]]},"properties":{"PingCount":9,"AvgSpeedKmh":31.7}},{"type":"Feature","geometry":{"type":"LineString","coordinates":[[-79.34045,43.873518],[-79.376288,43.869757]]},"properties":{"PingCount":1,"AvgSpeedKmh":33.8}},{"type":"Feature","geometry":{"type":"LineString","coordinates":[[-79.34045,43.873518],[-79.303122,43.886992]]},"properties":{"PingCount":2,"AvgSpeedKmh":47.8}},{"type":"Feature","geometry":{"type":"LineString","coordinates":[[-79.34045,43.873518],[-79.34045,43.886992]]},"properties":{"PingCount":1,"AvgSpeedKmh":26.4}},{"type":"Feature","geometry":{"type":"LineString","coordinates":[[-79.359114,43.873518],[-79.376288,43.869757]]},"properties":{"PingCount":1,"AvgSpeedKmh":20.7}},{"type":"Feature","geometry":{"type":"LineString","coordinates":[[-79.359114,43.873518],[-79.359114,43.886992]]},"properties":{"PingCount":2,"AvgSpeedKmh":36.7}},{"type":"Feature","geometry":{"type":"LineString","coordinates":[[-79.359114,43.873518],[-79.37986,43.884364]]},"properties":{"PingCount":1,"AvgSpeedKmh":38.6}},{"type":"Feature","geometry":{"type":"LineString","coordinates":[[-79.376288,43.869757],[-79.396442,43.873518]]},"properties":{"PingCount":10,"AvgSpeedKmh":32.9}},{"type":"Feature","geometry":{"type":"LineString","coordinates":[[-79.376288,43.869757],[-79.37986,43.884364]]},"properties":{"PingCount":6,"AvgSpeedKmh":25.4}},{"type":"Feature","geometry":{"type":"LineString","coordinates":[[-79.376288,43.869757],[-79.396442,43.886992]]},"properties":{"PingCount":4,"AvgSpeedKmh":22.9}},{"type":"Feature","geometry":{"type":"LineString","coordinates":[[-79.376288,43.869757],[-79.384205,43.90027]]},"properties":{"PingCount":5,"AvgSpeedKmh":61.2}},{"type":"Feature","geometry":{"type":"LineString","coordinates":[[-79.376288,43.869757],[-79.396442,43.900467]]},"properties":{"PingCount":5,"AvgSpeedKmh":62.8}},{"type":"Feature","geometry":{"type":"LineString","coordinates":[[-79.376288,43.869757],[-79.377778,43.913942]]},"properties":{"PingCount":2,"AvgSpeedKmh":80.2}},{"type":"Feature","geometry":{"type":"LineString","coordinates":[[-79.376288,43.869757],[-79.396442,43.913942]]},"properties":{"PingCount":11,"AvgSpeedKmh":93.8}},{"type":"Feature","geometry":{"type":"LineString","coordinates":[[-79.376288,43.869757],[-79.389533,43.933592]]},"properties":{"PingCount":3,"AvgSpeedKmh":98.2}},{"type":"Feature","geometry":{"type":"LineString","coordinates":[[-79.396442,43.873518],[-79.415106,43.873518]]},"properties":{"PingCount":33,"AvgSpeedKmh":25.9}},{"type":"Feature","geometry":{"type":"LineString","coordinates":[[-79.396442,43.873518],[-79.437254,43.871224]]},"properties":{"PingCount":1,"AvgSpeedKmh":38.8}},{"type":"Feature","geometry":{"type":"LineString","coordinates":[[-79.396442,43.873518],[-79.359114,43.886992]]},"properties":{"PingCount":1,"AvgSpeedKmh":45.5}},{"type":"Feature","geometry":{"type":"LineString","coordinates":[[-79.396442,43.873518],[-79.37986,43.884364]]},"properties":{"PingCount":16,"AvgSpeedKmh":33.8}},{"type":"Feature","geometry":{"type":"LineString","coordinates":[[-79.396442,43.873518],[-79.396442,43.886992]]},"properties":{"PingCount":2,"AvgSpeedKmh":15.8}},{"type":"Feature","geometry":{"type":"LineString","coordinates":[[-79.396442,43.873518],[-79.396442,43.900467]]},"properties":{"PingCount":1,"AvgSpeedKmh":41.3}},{"type":"Feature","geometry":{"type":"LineString","coordinates":[[-79.415106,43.873518],[-79.437254,43.871224]]},"properties":{"PingCount":33,"AvgSpeedKmh":27.2}},{"type":"Feature","geometry":{"type":"LineString","coordinates":[[-79.415106,43.873518],[-79.452434,43.873518]]},"properties":{"PingCount":2,"AvgSpeedKmh":36.5}},{"type":"Feature","geometry":{"type":"LineString","coordinates":[[-79.415106,43.873518],[-79.37986,43.884364]]},"properties":{"PingCount":10,"AvgSpeedKmh":42.9}},{"type":"Feature","geometry":{"type":"LineString","coordinates":[[-79.415106,43.873518],[-79.396442,43.886992]]},"properties":{"PingCount":16,"AvgSpeedKmh":33.6}},{"type":"Feature","geometry":{"type":"LineString","coordinates":[[-79.415106,43.873518],[-79.415106,43.886992]]},"properties":{"PingCount":5,"AvgSpeedKmh":26.6}},{"type":"Feature","geometry":{"type":"LineString","coordinates":[[-79.415106,43.873518],[-79.415106,43.900467]]},"properties":{"PingCount":1,"AvgSpeedKmh":35.3}},{"type":"Feature","geometry":{"type":"LineString","coordinates":[[-79.437254,43.871224],[-79.452434,43.873518]]},"properties":{"PingCount":18,"AvgSpeedKmh":29.5}},{"type":"Feature","geometry":{"type":"LineString","coordinates":[[-79.437254,43.871224],[-79.441571,43.889607]]},"properties":{"PingCount":12,"AvgSpeedKmh":23.8}},{"type":"Feature","geometry":{"type":"LineString","coordinates":[[-79.437254,43.871224],[-79.442632,43.894868]]},"properties":{"PingCount":1,"AvgSpeedKmh":32.8}},{"type":"Feature","geometry":{"type":"LineString","coordinates":[[-79.471098,43.873518],[-79.471098,43.886992]]},"properties":{"PingCount":1,"AvgSpeedKmh":55.6}},{"type":"Feature","geometry":{"type":"LineString","coordinates":[[-79.471098,43.873518],[-79.471098,43.900467]]},"properties":{"PingCount":2,"AvgSpeedKmh":44.8}},{"type":"Feature","geometry":{"type":"LineString","coordinates":[[-79.489762,43.873518],[-79.471098,43.886992]]},"properties":{"PingCount":5,"AvgSpeedKmh":35.9}},{"type":"Feature","geometry":{"type":"LineString","coordinates":[[-79.489762,43.873518],[-79.489762,43.886992]]},"properties":{"PingCount":2,"AvgSpeedKmh":41.1}},{"type":"Feature","geometry":{"type":"LineString","coordinates":[[-79.489762,43.873518],[-79.489762,43.900467]]},"properties":{"PingCount":4,"AvgSpeedKmh":51.4}},{"type":"Feature","geometry":{"type":"LineString","coordinates":[[-79.489762,43.873518],[-79.508426,43.900467]]},"properties":{"PingCount":3,"AvgSpeedKmh":40.4}},{"type":"Feature","geometry":{"type":"LineString","coordinates":[[-79.508426,43.873518],[-79.52709,43.873518]]},"properties":{"PingCount":40,"AvgSpeedKmh":24.8}},{"type":"Feature","geometry":{"type":"LineString","coordinates":[[-79.508426,43.873518],[-79.553423,43.867541]]},"properties":{"PingCount":32,"AvgSpeedKmh":41.2}},{"type":"Feature","geometry":{"type":"LineString","coordinates":[[-79.508426,43.873518],[-79.52709,43.886992]]},"properties":{"PingCount":6,"AvgSpeedKmh":39.9}},{"type":"Feature","geometry":{"type":"LineString","coordinates":[[-79.508426,43.873518],[-79.52709,43.900467]]},"properties":{"PingCount":3,"AvgSpeedKmh":59.1}},{"type":"Feature","geometry":{"type":"LineString","coordinates":[[-79.52709,43.873518],[-79.553423,43.867541]]},"properties":{"PingCount":9,"AvgSpeedKmh":36.2}},{"type":"Feature","geometry":{"type":"LineString","coordinates":[[-79.52709,43.873518],[-79.52709,43.886992]]},"properties":{"PingCount":10,"AvgSpeedKmh":41.3}},{"type":"Feature","geometry":{"type":"LineString","coordinates":[[-79.52709,43.873518],[-79.545753,43.886992]]},"properties":{"PingCount":4,"AvgSpeedKmh":40.6}},{"type":"Feature","geometry":{"type":"LineString","coordinates":[[-79.52709,43.873518],[-79.52709,43.900467]]},"properties":{"PingCount":1,"AvgSpeedKmh":49.9}},{"type":"Feature","geometry":{"type":"LineString","coordinates":[[-79.553423,43.867541],[-79.52709,43.886992]]},"properties":{"PingCount":4,"AvgSpeedKmh":40.2}},{"type":"Feature","geometry":{"type":"LineString","coordinates":[[-79.553423,43.867541],[-79.545753,43.886992]]},"properties":{"PingCount":20,"AvgSpeedKmh":34.3}},{"type":"Feature","geometry":{"type":"LineString","coordinates":[[-79.553423,43.867541],[-79.558618,43.8895]]},"properties":{"PingCount":1,"AvgSpeedKmh":38.7}},{"type":"Feature","geometry":{"type":"LineString","coordinates":[[-79.553423,43.867541],[-79.545753,43.900467]]},"properties":{"PingCount":2,"AvgSpeedKmh":62.6}},{"type":"Feature","geometry":{"type":"LineString","coordinates":[[-79.553423,43.867541],[-79.560953,43.899319]]},"properties":{"PingCount":3,"AvgSpeedKmh":75.9}},{"type":"Feature","geometry":{"type":"LineString","coordinates":[[-79.553423,43.867541],[-79.564819,43.915986]]},"properties":{"PingCount":8,"AvgSpeedKmh":96.1}},{"type":"Feature","geometry":{"type":"LineString","coordinates":[[-79.556487,43.879718],[-79.558618,43.8895]]},"properties":{"PingCount":1,"AvgSpeedKmh":52.7}},{"type":"Feature","geometry":{"type":"LineString","coordinates":[[-79.556487,43.879718],[-79.560953,43.899319]]},"properties":{"PingCount":1,"AvgSpeedKmh":53.5}},{"type":"Feature","geometry":{"type":"LineString","coordinates":[[-79.556487,43.879718],[-79.564819,43.915986]]},"properties":{"PingCount":3,"AvgSpeedKmh":95.3}},{"type":"Feature","geometry":{"type":"LineString","coordinates":[[-79.556487,43.879718],[-79.567253,43.92582]]},"properties":{"PingCount":4,"AvgSpeedKmh":97.1}},{"type":"Feature","geometry":{"type":"LineString","coordinates":[[-79.583081,43.873518],[-79.601745,43.873518]]},"properties":{"PingCount":1,"AvgSpeedKmh":48.0}},{"type":"Feature","geometry":{"type":"LineString","coordinates":[[-79.583081,43.873518],[-79.620409,43.873518]]},"properties":{"PingCount":2,"AvgSpeedKmh":52.6}},{"type":"Feature","geometry":{"type":"LineString","coordinates":[[-79.583081,43.873518],[-79.545753,43.886992]]},"properties":{"PingCount":3,"AvgSpeedKmh":55.2}},{"type":"Feature","geometry":{"type":"LineString","coordinates":[[-79.583081,43.873518],[-79.558618,43.8895]]},"properties":{"PingCount":2,"AvgSpeedKmh":52.3}},{"type":"Feature","geometry":{"type":"LineString","coordinates":[[-79.601745,43.873518],[-79.620409,43.873518]]},"properties":{"PingCount":5,"AvgSpeedKmh":52.2}},{"type":"Feature","geometry":{"type":"LineString","coordinates":[[-79.601745,43.873518],[-79.639073,43.873518]]},"properties":{"PingCount":1,"AvgSpeedKmh":57.6}},{"type":"Feature","geometry":{"type":"LineString","coordinates":[[-79.601745,43.873518],[-79.558618,43.8895]]},"properties":{"PingCount":8,"AvgSpeedKmh":48.9}},{"type":"Feature","geometry":{"type":"LineString","coordinates":[[-79.601745,43.873518],[-79.583081,43.886992]]},"properties":{"PingCount":1,"AvgSpeedKmh":51.1}},{"type":"Feature","geometry":{"type":"LineString","coordinates":[[-79.639073,43.873518],[-79.639073,43.886992]]},"properties":{"PingCount":1,"AvgSpeedKmh":25.2}},{"type":"Feature","geometry":{"type":"LineString","coordinates":[[-79.639073,43.873518],[-79.657737,43.886992]]},"properties":{"PingCount":2,"AvgSpeedKmh":62.9}},{"type":"Feature","geometry":{"type":"LineString","coordinates":[[-79.639073,43.873518],[-79.657737,43.900467]]},"properties":{"PingCount":15,"AvgSpeedKmh":61.8}},{"type":"Feature","geometry":{"type":"LineString","coordinates":[[-79.639073,43.873518],[-79.657737,43.913942]]},"properties":{"PingCount":1,"AvgSpeedKmh":62.0}},{"type":"Feature","geometry":{"type":"LineString","coordinates":[[-79.713729,43.873518],[-79.732393,43.873518]]},"properties":{"PingCount":11,"AvgSpeedKmh":12.6}},{"type":"Feature","geometry":{"type":"LineString","coordinates":[[-79.713729,43.873518],[-79.713729,43.886992]]},"properties":{"PingCount":2,"AvgSpeedKmh":36.3}},{"type":"Feature","geometry":{"type":"LineString","coordinates":[[-79.732393,43.873518],[-79.751057,43.873518]]},"properties":{"PingCount":2,"AvgSpeedKmh":18.6}},{"type":"Feature","geometry":{"type":"LineString","coordinates":[[-79.732393,43.873518],[-79.732393,43.886992]]},"properties":{"PingCount":1,"AvgSpeedKmh":24.6}},{"type":"Feature","geometry":{"type":"LineString","coordinates":[[-79.732393,43.873518],[-79.751057,43.886992]]},"properties":{"PingCount":1,"AvgSpeedKmh":36.1}},{"type":"Feature","geometry":{"type":"LineString","coordinates":[[-79.751057,43.873518],[-79.769721,43.873518]]},"properties":{"PingCount":13,"AvgSpeedKmh":31.4}},{"type":"Feature","geometry":{"type":"LineString","coordinates":[[-79.751057,43.873518],[-79.769721,43.886992]]},"properties":{"PingCount":1,"AvgSpeedKmh":48.7}},{"type":"Feature","geometry":{"type":"LineString","coordinates":[[-79.751057,43.873518],[-79.769721,43.900467]]},"properties":{"PingCount":2,"AvgSpeedKmh":47.6}},{"type":"Feature","geometry":{"type":"LineString","coordinates":[[-79.769721,43.873518],[-79.769721,43.900467]]},"properties":{"PingCount":3,"AvgSpeedKmh":48.1}},{"type":"Feature","geometry":{"type":"LineString","coordinates":[[-78.694,43.89232],[-78.725198,43.883774]]},"properties":{"PingCount":1,"AvgSpeedKmh":67.5}},{"type":"Feature","geometry":{"type":"LineString","coordinates":[[-78.694,43.89232],[-78.743204,43.886992]]},"properties":{"PingCount":8,"AvgSpeedKmh":86.2}},{"type":"Feature","geometry":{"type":"LineString","coordinates":[[-78.694,43.89232],[-78.626256,43.902726]]},"properties":{"PingCount":4,"AvgSpeedKmh":92.2}},{"type":"Feature","geometry":{"type":"LineString","coordinates":[[-78.694,43.89232],[-78.643028,43.901697]]},"properties":{"PingCount":4,"AvgSpeedKmh":84.9}},{"type":"Feature","geometry":{"type":"LineString","coordinates":[[-78.694,43.89232],[-78.712135,43.909408]]},"properties":{"PingCount":1,"AvgSpeedKmh":45.4}},{"type":"Feature","geometry":{"type":"LineString","coordinates":[[-78.713836,43.885242],[-78.743204,43.886992]]},"properties":{"PingCount":8,"AvgSpeedKmh":77.1}},{"type":"Feature","geometry":{"type":"LineString","coordinates":[[-78.713836,43.885242],[-78.643028,43.901697]]},"properties":{"PingCount":22,"AvgSpeedKmh":92.9}},{"type":"Feature","geometry":{"type":"LineString","coordinates":[[-78.713836,43.885242],[-78.666405,43.900064]]},"properties":{"PingCount":5,"AvgSpeedKmh":65.9}},{"type":"Feature","geometry":{"type":"LineString","coordinates":[[-78.713836,43.885242],[-78.761868,43.900467]]},"properties":{"PingCount":2,"AvgSpeedKmh":75.6}},{"type":"Feature","geometry":{"type":"LineString","coordinates":[[-78.725198,43.883774],[-78.643028,43.901697]]},"properties":{"PingCount":1,"AvgSpeedKmh":97.6}},{"type":"Feature","geometry":{"type":"LineString","coordinates":[[-78.725198,43.883774],[-78.666405,43.900064]]},"properties":{"PingCount":19,"AvgSpeedKmh":93.3}},{"type":"Feature","geometry":{"type":"LineString","coordinates":[[-78.725198,43.883774],[-78.684039,43.896619]]},"properties":{"PingCount":6,"AvgSpeedKmh":77.9}},{"type":"Feature","geometry":{"type":"LineString","coordinates":[[-78.725198,43.883774],[-78.761868,43.900467]]},"properties":{"PingCount":10,"AvgSpeedKmh":71.1}},{"type":"Feature","geometry":{"type":"LineString","coordinates":[[-78.725198,43.883774],[-78.767914,43.91362]]},"properties":{"PingCount":6,"AvgSpeedKmh":79.8}},{"type":"Feature","geometry":{"type":"LineString","coordinates":[[-78.743204,43.886992],[-78.799195,43.886992]]},"properties":{"PingCount":4,"AvgSpeedKmh":92.8}},{"type":"Feature","geometry":{"type":"LineString","coordinates":[[-78.743204,43.886992],[-78.666405,43.900064]]},"properties":{"PingCount":1,"AvgSpeedKmh":97.9}},{"type":"Feature","geometry":{"type":"LineString","coordinates":[[-78.743204,43.886992],[-78.684039,43.896619]]},"properties":{"PingCount":20,"AvgSpeedKmh":94.4}},{"type":"Feature","geometry":{"type":"LineString","coordinates":[[-78.743204,43.886992],[-78.761868,43.900467]]},"properties":{"PingCount":3,"AvgSpeedKmh":56.0}},{"type":"Feature","geometry":{"type":"LineString","coordinates":[[-78.743204,43.886992],[-78.767914,43.91362]]},"properties":{"PingCount":17,"AvgSpeedKmh":79.9}},{"type":"Feature","geometry":{"type":"LineString","coordinates":[[-78.743204,43.886992],[-78.761868,43.927416]]},"properties":{"PingCount":3,"AvgSpeedKmh":92.1}},{"type":"Feature","geometry":{"type":"LineString","coordinates":[[-78.743204,43.886992],[-78.761868,43.940891]]},"properties":{"PingCount":3,"AvgSpeedKmh":95.3}},{"type":"Feature","geometry":{"type":"LineString","coordinates":[[-78.799195,43.886992],[-78.82876,43.887134]]},"properties":{"PingCount":1,"AvgSpeedKmh":43.9}},{"type":"Feature","geometry":{"type":"LineString","coordinates":[[-78.799195,43.886992],[-78.851323,43.882558]]},"properties":{"PingCount":4,"AvgSpeedKmh":75.1}},{"type":"Feature","geometry":{"type":"LineString","coordinates":[[-78.82876,43.887134],[-78.82876,43.887134]]},"properties":{"PingCount":1,"AvgSpeedKmh":49.4}},{"type":"Feature","geometry":{"type":"LineString","coordinates":[[-78.82876,43.887134],[-78.851323,43.882558]]},"properties":{"PingCount":5,"AvgSpeedKmh":47.3}},{"type":"Feature","geometry":{"type":"LineString","coordinates":[[-78.82876,43.887134],[-78.844698,43.903857]]},"properties":{"PingCount":4,"AvgSpeedKmh":28.1}},{"type":"Feature","geometry":{"type":"LineString","coordinates":[[-78.82876,43.887134],[-78.851323,43.882558]]},"properties":{"PingCount":21,"AvgSpeedKmh":22.6}},{"type":"Feature","geometry":{"type":"LineString","coordinates":[[-78.82876,43.887134],[-78.813311,43.90645]]},"properties":{"PingCount":2,"AvgSpeedKmh":25.8}},{"type":"Feature","geometry":{"type":"LineString","coordinates":[[-78.82876,43.887134],[-78.844698,43.903857]]},"properties":{"PingCount":15,"AvgSpeedKmh":29.4}},{"type":"Feature","geometry":{"type":"LineString","coordinates":[[-78.82876,43.887134],[-78.8542,43.900747]]},"properties":{"PingCount":1,"AvgSpeedKmh":23.7}},{"type":"Feature","geometry":{"type":"LineString","coordinates":[[-78.851323,43.882558],[-78.8542,43.900747]]},"properties":{"PingCount":14,"AvgSpeedKmh":27.8}},{"type":"Feature","geometry":{"type":"LineString","coordinates":[[-78.851323,43.882558],[-78.855187,43.913942]]},"properties":{"PingCount":1,"AvgSpeedKmh":36.8}},{"type":"Feature","geometry":{"type":"LineString","coordinates":[[-78.851323,43.882558],[-78.911179,43.940891]]},"properties":{"PingCount":2,"AvgSpeedKmh":8.6}},{"type":"Feature","geometry":{"type":"LineString","coordinates":[[-78.883406,43.893093],[-78.893267,43.890849]]},"properties":{"PingCount":26,"AvgSpeedKmh":6.2}},{"type":"Feature","geometry":{"type":"LineString","coordinates":[[-78.883406,43.893093],[-78.866191,43.897935]]},"properties":{"PingCount":2,"AvgSpeedKmh":22.4}},{"type":"Feature","geometry":{"type":"LineString","coordinates":[[-78.883406,43.893093],[-78.892515,43.900467]]},"properties":{"PingCount":2,"AvgSpeedKmh":28.1}},{"type":"Feature","geometry":{"type":"LineString","coordinates":[[-78.893267,43.890849],[-78.866191,43.897935]]},"properties":{"PingCount":3,"AvgSpeedKmh":25.8}},{"type":"Feature","geometry":{"type":"LineString","coordinates":[[-78.893267,43.890849],[-78.892515,43.900467]]},"properties":{"PingCount":17,"AvgSpeedKmh":33.7}},{"type":"Feature","geometry":{"type":"LineString","coordinates":[[-78.893267,43.890849],[-78.892515,43.913942]]},"properties":{"PingCount":7,"AvgSpeedKmh":39.7}},{"type":"Feature","geometry":{"type":"LineString","coordinates":[[-78.912789,43.886451],[-78.932306,43.882027]]},"properties":{"PingCount":5,"AvgSpeedKmh":25.5}},{"type":"Feature","geometry":{"type":"LineString","coordinates":[[-78.912789,43.886451],[-78.911179,43.900467]]},"properties":{"PingCount":135,"AvgSpeedKmh":35.2}},{"type":"Feature","geometry":{"type":"LineString","coordinates":[[-78.912789,43.886451],[-78.929843,43.900467]]},"properties":{"PingCount":58,"AvgSpeedKmh":39.4}},{"type":"Feature","geometry":{"type":"LineString","coordinates":[[-78.912789,43.886451],[-78.929843,43.913942]]},"properties":{"PingCount":49,"AvgSpeedKmh":48.2}},{"type":"Feature","geometry":{"type":"LineString","coordinates":[[-78.932306,43.882027],[-78.911179,43.900467]]},"properties":{"PingCount":1,"AvgSpeedKmh":30.4}},{"type":"Feature","geometry":{"type":"LineString","coordinates":[[-78.932306,43.882027],[-78.929843,43.900467]]},"properties":{"PingCount":1,"AvgSpeedKmh":35.7}},{"type":"Feature","geometry":{"type":"LineString","coordinates":[[-78.932306,43.882027],[-78.929843,43.940891]]},"properties":{"PingCount":1,"AvgSpeedKmh":9.2}},{"type":"Feature","geometry":{"type":"LineString","coordinates":[[-78.942278,43.880237],[-78.949764,43.89738]]},"properties":{"PingCount":3,"AvgSpeedKmh":29.8}},{"type":"Feature","geometry":{"type":"LineString","coordinates":[[-78.942278,43.880237],[-78.957492,43.915401]]},"properties":{"PingCount":3,"AvgSpeedKmh":49.1}},{"type":"Feature","geometry":{"type":"LineString","coordinates":[[-78.967171,43.886992],[-79.004499,43.886992]]},"properties":{"PingCount":1,"AvgSpeedKmh":46.3}},{"type":"Feature","geometry":{"type":"LineString","coordinates":[[-78.967171,43.886992],[-78.949764,43.89738]]},"properties":{"PingCount":1,"AvgSpeedKmh":40.8}},{"type":"Feature","geometry":{"type":"LineString","coordinates":[[-78.985835,43.886992],[-79.023163,43.886992]]},"properties":{"PingCount":1,"AvgSpeedKmh":45.0}},{"type":"Feature","geometry":{"type":"LineString","coordinates":[[-78.985835,43.886992],[-78.949764,43.89738]]},"properties":{"PingCount":1,"AvgSpeedKmh":55.5}},{"type":"Feature","geometry":{"type":"LineString","coordinates":[[-78.985835,43.886992],[-78.967171,43.900467]]},"properties":{"PingCount":1,"AvgSpeedKmh":48.2}},{"type":"Feature","geometry":{"type":"LineString","coordinates":[[-78.985835,43.886992],[-78.985835,43.900467]]},"properties":{"PingCount":37,"AvgSpeedKmh":57.3}},{"type":"Feature","geometry":{"type":"LineString","coordinates":[[-78.985835,43.886992],[-79.004499,43.900467]]},"properties":{"PingCount":7,"AvgSpeedKmh":49.6}},{"type":"Feature","geometry":{"type":"LineString","coordinates":[[-78.985835,43.886992],[-78.957655,43.915363]]},"properties":{"PingCount":1,"AvgSpeedKmh":52.8}},{"type":"Feature","geometry":{"type":"LineString","coordinates":[[-78.985835,43.886992],[-78.985835,43.913942]]},"properties":{"PingCount":134,"AvgSpeedKmh":48.1}},{"type":"Feature","geometry":{"type":"LineString","coordinates":[[-78.985835,43.886992],[-79.004499,43.913942]]},"properties":{"PingCount":21,"AvgSpeedKmh":81.9}},{"type":"Feature","geometry":{"type":"LineString","coordinates":[[-78.985835,43.886992],[-79.004499,43.927416]]},"properties":{"PingCount":300,"AvgSpeedKmh":92.1}},{"type":"Feature","geometry":{"type":"LineString","coordinates":[[-78.985835,43.886992],[-78.929843,43.940891]]},"properties":{"PingCount":2,"AvgSpeedKmh":12.6}},{"type":"Feature","geometry":{"type":"LineString","coordinates":[[-78.985835,43.886992],[-79.005416,43.943098]]},"properties":{"PingCount":29,"AvgSpeedKmh":98.0}},{"type":"Feature","geometry":{"type":"LineString","coordinates":[[-79.004499,43.886992],[-79.023163,43.886992]]},"properties":{"PingCount":1,"AvgSpeedKmh":25.3}},{"type":"Feature","geometry":{"type":"LineString","coordinates":[[-79.004499,43.886992],[-78.985835,43.913942]]},"properties":{"PingCount":1,"AvgSpeedKmh":34.2}},{"type":"Feature","geometry":{"type":"LineString","coordinates":[[-79.023163,43.886992],[-79.004499,43.900467]]},"properties":{"PingCount":1,"AvgSpeedKmh":41.9}},{"type":"Feature","geometry":{"type":"LineString","coordinates":[[-79.023163,43.886992],[-79.023163,43.900467]]},"properties":{"PingCount":14,"AvgSpeedKmh":34.6}},{"type":"Feature","geometry":{"type":"LineString","coordinates":[[-79.023163,43.886992],[-79.041827,43.900467]]},"properties":{"PingCount":6,"AvgSpeedKmh":30.1}},{"type":"Feature","geometry":{"type":"LineString","coordinates":[[-79.041827,43.886992],[-79.060491,43.886992]]},"properties":{"PingCount":25,"AvgSpeedKmh":10.8}},{"type":"Feature","geometry":{"type":"LineString","coordinates":[[-79.041827,43.886992],[-79.079155,43.886992]]},"properties":{"PingCount":4,"AvgSpeedKmh":50.2}},{"type":"Feature","geometry":{"type":"LineString","coordinates":[[-79.041827,43.886992],[-79.023163,43.900467]]},"properties":{"PingCount":11,"AvgSpeedKmh":44.0}},{"type":"Feature","geometry":{"type":"LineString","coordinates":[[-79.041827,43.886992],[-79.041827,43.900467]]},"properties":{"PingCount":2,"AvgSpeedKmh":33.9}},{"type":"Feature","geometry":{"type":"LineString","coordinates":[[-79.060491,43.886992],[-79.079155,43.886992]]},"properties":{"PingCount":8,"AvgSpeedKmh":42.1}},{"type":"Feature","geometry":{"type":"LineString","coordinates":[[-79.060491,43.886992],[-79.097819,43.886992]]},"properties":{"PingCount":19,"AvgSpeedKmh":51.2}},{"type":"Feature","geometry":{"type":"LineString","coordinates":[[-79.060491,43.886992],[-79.023163,43.900467]]},"properties":{"PingCount":19,"AvgSpeedKmh":43.5}},{"type":"Feature","geometry":{"type":"LineString","coordinates":[[-79.060491,43.886992],[-79.041827,43.900467]]},"properties":{"PingCount":36,"AvgSpeedKmh":30.0}},{"type":"Feature","geometry":{"type":"LineString","coordinates":[[-79.079155,43.886992],[-79.097819,43.886992]]},"properties":{"PingCount":4,"AvgSpeedKmh":34.4}},{"type":"Feature","geometry":{"type":"LineString","coordinates":[[-79.079155,43.886992],[-79.041827,43.900467]]},"properties":{"PingCount":9,"AvgSpeedKmh":50.6}},{"type":"Feature","geometry":{"type":"LineString","coordinates":[[-79.097819,43.886992],[-79.097819,43.900467]]},"properties":{"PingCount":9,"AvgSpeedKmh":43.7}},{"type":"Feature","geometry":{"type":"LineString","coordinates":[[-79.097819,43.886992],[-79.101293,43.921018]]},"properties":{"PingCount":21,"AvgSpeedKmh":61.1}},{"type":"Feature","geometry":{"type":"LineString","coordinates":[[-79.097819,43.886992],[-79.096852,43.922246]]},"properties":{"PingCount":2,"AvgSpeedKmh":68.6}},{"type":"Feature","geometry":{"type":"LineString","coordinates":[[-79.172474,43.886992],[-79.190319,43.89892]]},"properties":{"PingCount":1,"AvgSpeedKmh":53.5}},{"type":"Feature","geometry":{"type":"LineString","coordinates":[[-79.191138,43.886992],[-79.214244,43.882589]]},"properties":{"PingCount":22,"AvgSpeedKmh":35.5}},{"type":"Feature","geometry":{"type":"LineString","coordinates":[[-79.191138,43.886992],[-79.220202,43.881103]]},"properties":{"PingCount":11,"AvgSpeedKmh":44.6}},{"type":"Feature","geometry":{"type":"LineString","coordinates":[[-79.191138,43.886992],[-79.173985,43.903436]]},"properties":{"PingCount":36,"AvgSpeedKmh":47.7}},{"type":"Feature","geometry":{"type":"LineString","coordinates":[[-79.191138,43.886992],[-79.190319,43.89892]]},"properties":{"PingCount":8,"AvgSpeedKmh":40.2}},{"type":"Feature","geometry":{"type":"LineString","coordinates":[[-79.191138,43.886992],[-79.209802,43.900467]]},"properties":{"PingCount":1,"AvgSpeedKmh":28.1}},{"type":"Feature","geometry":{"type":"LineString","coordinates":[[-79.191138,43.886992],[-79.101293,43.921018]]},"properties":{"PingCount":1,"AvgSpeedKmh":73.9}},{"type":"Feature","geometry":{"type":"LineString","coordinates":[[-79.191138,43.886992],[-79.124676,43.914617]]},"properties":{"PingCount":6,"AvgSpeedKmh":67.6}},{"type":"Feature","geometry":{"type":"LineString","coordinates":[[-79.191138,43.886992],[-79.124676,43.914617]]},"properties":{"PingCount":1,"AvgSpeedKmh":57.7}},{"type":"Feature","geometry":{"type":"LineString","coordinates":[[-79.191138,43.886992],[-79.085559,43.923878]]},"properties":{"PingCount":18,"AvgSpeedKmh":93.8}},{"type":"Feature","geometry":{"type":"LineString","coordinates":[[-79.191138,43.886992],[-79.096852,43.922246]]},"properties":{"PingCount":25,"AvgSpeedKmh":89.8}},{"type":"Feature","geometry":{"type":"LineString","coordinates":[[-79.191138,43.886992],[-79.079155,43.940891]]},"properties":{"PingCount":1,"AvgSpeedKmh":96.5}},{"type":"Feature","geometry":{"type":"LineString","coordinates":[[-79.214244,43.882589],[-79.220202,43.881103]]},"properties":{"PingCount":9,"AvgSpeedKmh":30.2}},{"type":"Feature","geometry":{"type":"LineString","coordinates":[[-79.214244,43.882589],[-79.173985,43.903436]]},"properties":{"PingCount":8,"AvgSpeedKmh":52.8}},{"type":"Feature","geometry":{"type":"LineString","coordinates":[[-79.214244,43.882589],[-79.190319,43.89892]]},"properties":{"PingCount":57,"AvgSpeedKmh":47.6}},{"type":"Feature","geometry":{"type":"LineString","coordinates":[[-79.214244,43.882589],[-79.209802,43.900467]]},"properties":{"PingCount":10,"AvgSpeedKmh":33.4}},{"type":"Feature","geometry":{"type":"LineString","coordinates":[[-79.214244,43.882589],[-79.228466,43.900467]]},"properties":{"PingCount":16,"AvgSpeedKmh":42.9}},{"type":"Feature","geometry":{"type":"LineString","coordinates":[[-79.214244,43.882589],[-79.24713,43.900467]]},"properties":{"PingCount":3,"AvgSpeedKmh":52.3}},{"type":"Feature","geometry":{"type":"LineString","coordinates":[[-79.220202,43.881103],[-79.190319,43.89892]]},"properties":{"PingCount":1,"AvgSpeedKmh":53.8}},{"type":"Feature","geometry":{"type":"LineString","coordinates":[[-79.220202,43.881103],[-79.24713,43.900467]]},"properties":{"PingCount":3,"AvgSpeedKmh":40.7}},{"type":"Feature","geometry":{"type":"LineString","coordinates":[[-79.264118,43.891966],[-79.284458,43.886992]]},"properties":{"PingCount":11,"AvgSpeedKmh":36.9}},{"type":"Feature","geometry":{"type":"LineString","coordinates":[[-79.264118,43.891966],[-79.228466,43.900467]]},"properties":{"PingCount":2,"AvgSpeedKmh":51.0}},{"type":"Feature","geometry":{"type":"LineString","coordinates":[[-79.264118,43.891966],[-79.24713,43.900467]]},"properties":{"PingCount":8,"AvgSpeedKmh":32.7}},{"type":"Feature","geometry":{"type":"LineString","coordinates":[[-79.264118,43.891966],[-79.26602,43.900199]]},"properties":{"PingCount":17,"AvgSpeedKmh":8.0}},{"type":"Feature","geometry":{"type":"LineString","coordinates":[[-79.284458,43.886992],[-79.303122,43.886992]]},"properties":{"PingCount":6,"AvgSpeedKmh":33.8}},{"type":"Feature","geometry":{"type":"LineString","coordinates":[[-79.284458,43.886992],[-79.24713,43.900467]]},"properties":{"PingCount":1,"AvgSpeedKmh":49.2}},{"type":"Feature","geometry":{"type":"LineString","coordinates":[[-79.284458,43.886992],[-79.26602,43.900199]]},"properties":{"PingCount":3,"AvgSpeedKmh":31.3}},{"type":"Feature","geometry":{"type":"LineString","coordinates":[[-79.284458,43.886992],[-79.284458,43.900467]]},"properties":{"PingCount":4,"AvgSpeedKmh":33.4}},{"type":"Feature","geometry":{"type":"LineString","coordinates":[[-79.34045,43.886992],[-79.359114,43.886992]]},"properties":{"PingCount":7,"AvgSpeedKmh":40.4}},{"type":"Feature","geometry":{"type":"LineString","coordinates":[[-79.34045,43.886992],[-79.37986,43.884364]]},"properties":{"PingCount":4,"AvgSpeedKmh":50.1}},{"type":"Feature","geometry":{"type":"LineString","coordinates":[[-79.34045,43.886992],[-79.303122,43.900467]]},"properties":{"PingCount":5,"AvgSpeedKmh":53.0}},{"type":"Feature","geometry":{"type":"LineString","coordinates":[[-79.34045,43.886992],[-79.321786,43.900467]]},"properties":{"PingCount":6,"AvgSpeedKmh":44.2}},{"type":"Feature","geometry":{"type":"LineString","coordinates":[[-79.34045,43.886992],[-79.34045,43.900467]]},"properties":{"PingCount":1,"AvgSpeedKmh":23.8}},{"type":"Feature","geometry":{"type":"LineString","coordinates":[[-79.359114,43.886992],[-79.37986,43.884364]]},"properties":{"PingCount":9,"AvgSpeedKmh":36.6}},{"type":"Feature","geometry":{"type":"LineString","coordinates":[[-79.359114,43.886992],[-79.396442,43.886992]]},"properties":{"PingCount":2,"AvgSpeedKmh":40.1}},{"type":"Feature","geometry":{"type":"LineString","coordinates":[[-79.359114,43.886992],[-79.321786,43.900467]]},"properties":{"PingCount":7,"AvgSpeedKmh":52.0}},{"type":"Feature","geometry":{"type":"LineString","coordinates":[[-79.359114,43.886992],[-79.34045,43.900467]]},"properties":{"PingCount":3,"AvgSpeedKmh":46.5}},{"type":"Feature","geometry":{"type":"LineString","coordinates":[[-79.359114,43.886992],[-79.384205,43.90027]]},"properties":{"PingCount":3,"AvgSpeedKmh":34.9}},{"type":"Feature","geometry":{"type":"LineString","coordinates":[[-79.37986,43.884364],[-79.396442,43.886992]]},"properties":{"PingCount":6,"AvgSpeedKmh":24.2}},{"type":"Feature","geometry":{"type":"LineString","coordinates":[[-79.37986,43.884364],[-79.321786,43.900467]]},"properties":{"PingCount":1,"AvgSpeedKmh":42.7}},{"type":"Feature","geometry":{"type":"LineString","coordinates":[[-79.37986,43.884364],[-79.384205,43.90027]]},"properties":{"PingCount":3,"AvgSpeedKmh":37.4}},{"type":"Feature","geometry":{"type":"LineString","coordinates":[[-79.37986,43.884364],[-79.396442,43.900467]]},"properties":{"PingCount":14,"AvgSpeedKmh":34.1}},{"type":"Feature","geometry":{"type":"LineString","coordinates":[[-79.37986,43.884364],[-79.396442,43.913942]]},"properties":{"PingCount":2,"AvgSpeedKmh":80.5}},{"type":"Feature","geometry":{"type":"LineString","coordinates":[[-79.37986,43.884364],[-79.389533,43.933592]]},"properties":{"PingCount":17,"AvgSpeedKmh":95.1}},{"type":"Feature","geometry":{"type":"LineString","coordinates":[[-79.37986,43.884364],[-79.390016,43.933648]]},"properties":{"PingCount":4,"AvgSpeedKmh":97.2}},{"type":"Feature","geometry":{"type":"LineString","coordinates":[[-79.396442,43.886992],[-79.384205,43.90027]]},"properties":{"PingCount":1,"AvgSpeedKmh":31.5}},{"type":"Feature","geometry":{"type":"LineString","coordinates":[[-79.396442,43.886992],[-79.396442,43.900467]]},"properties":{"PingCount":1,"AvgSpeedKmh":36.0}},{"type":"Feature","geometry":{"type":"LineString","coordinates":[[-79.415106,43.886992],[-79.441571,43.889607]]},"properties":{"PingCount":13,"AvgSpeedKmh":30.8}},{"type":"Feature","geometry":{"type":"LineString","coordinates":[[-79.415106,43.886992],[-79.441571,43.889607]]},"properties":{"PingCount":2,"AvgSpeedKmh":40.7}},{"type":"Feature","geometry":{"type":"LineString","coordinates":[[-79.415106,43.886992],[-79.396442,43.900467]]},"properties":{"PingCount":18,"AvgSpeedKmh":37.7}},{"type":"Feature","geometry":{"type":"LineString","coordinates":[[-79.415106,43.886992],[-79.415106,43.913942]]},"properties":{"PingCount":1,"AvgSpeedKmh":50.0}},{"type":"Feature","geometry":{"type":"LineString","coordinates":[[-79.441571,43.889607],[-79.441571,43.889607]]},"properties":{"PingCount":9,"AvgSpeedKmh":30.0}},{"type":"Feature","geometry":{"type":"LineString","coordinates":[[-79.441571,43.889607],[-79.471098,43.886992]]},"properties":{"PingCount":3,"AvgSpeedKmh":41.6}},{"type":"Feature","geometry":{"type":"LineString","coordinates":[[-79.441571,43.889607],[-79.396442,43.900467]]},"properties":{"PingCount":3,"AvgSpeedKmh":42.0}},{"type":"Feature","geometry":{"type":"LineString","coordinates":[[-79.441571,43.889607],[-79.415106,43.900467]]},"properties":{"PingCount":8,"AvgSpeedKmh":35.0}},{"type":"Feature","geometry":{"type":"LineString","coordinates":[[-79.441571,43.889607],[-79.442632,43.894868]]},"properties":{"PingCount":24,"AvgSpeedKmh":13.1}},{"type":"Feature","geometry":{"type":"LineString","coordinates":[[-79.441571,43.889607],[-79.443835,43.899432]]},"properties":{"PingCount":1,"AvgSpeedKmh":32.8}},{"type":"Feature","geometry":{"type":"LineString","coordinates":[[-79.441571,43.889607],[-79.445874,43.907842]]},"properties":{"PingCount":1,"AvgSpeedKmh":34.8}},{"type":"Feature","geometry":{"type":"LineString","coordinates":[[-79.441571,43.889607],[-79.471098,43.886992]]},"properties":{"PingCount":9,"AvgSpeedKmh":32.6}},{"type":"Feature","geometry":{"type":"LineString","coordinates":[[-79.441571,43.889607],[-79.489762,43.886992]]},"properties":{"PingCount":1,"AvgSpeedKmh":46.0}},{"type":"Feature","geometry":{"type":"LineString","coordinates":[[-79.441571,43.889607],[-79.471098,43.900467]]},"properties":{"PingCount":1,"AvgSpeedKmh":44.7}},{"type":"Feature","geometry":{"type":"LineString","coordinates":[[-79.471098,43.886992],[-79.489762,43.886992]]},"properties":{"PingCount":5,"AvgSpeedKmh":35.2}},{"type":"Feature","geometry":{"type":"LineString","coordinates":[[-79.471098,43.886992],[-79.471098,43.900467]]},"properties":{"PingCount":1,"AvgSpeedKmh":33.2}},{"type":"Feature","geometry":{"type":"LineString","coordinates":[[-79.471098,43.886992],[-79.471098,43.913942]]},"properties":{"PingCount":6,"AvgSpeedKmh":57.1}},{"type":"Feature","geometry":{"type":"LineString","coordinates":[[-79.489762,43.886992],[-79.508426,43.886992]]},"properties":{"PingCount":1,"AvgSpeedKmh":32.4}},{"type":"Feature","geometry":{"type":"LineString","coordinates":[[-79.489762,43.886992],[-79.508426,43.900467]]},"properties":{"PingCount":4,"AvgSpeedKmh":30.6}},{"type":"Feature","geometry":{"type":"LineString","coordinates":[[-79.489762,43.886992],[-79.489762,43.913942]]},"properties":{"PingCount":1,"AvgSpeedKmh":56.4}},{"type":"Feature","geometry":{"type":"LineString","coordinates":[[-79.489762,43.886992],[-79.508426,43.913942]]},"properties":{"PingCount":3,"AvgSpeedKmh":57.6}},{"type":"Feature","geometry":{"type":"LineString","coordinates":[[-79.489762,43.886992],[-79.508426,43.927416]]},"properties":{"PingCount":1,"AvgSpeedKmh":65.7}},{"type":"Feature","geometry":{"type":"LineString","coordinates":[[-79.508426,43.886992],[-79.52709,43.886992]]},"properties":{"PingCount":2,"AvgSpeedKmh":18.0}},{"type":"Feature","geometry":{"type":"LineString","coordinates":[[-79.508426,43.886992],[-79.489762,43.900467]]},"properties":{"PingCount":1,"AvgSpeedKmh":30.0}},{"type":"Feature","geometry":{"type":"LineString","coordinates":[[-79.52709,43.886992],[-79.545753,43.886992]]},"properties":{"PingCount":47,"AvgSpeedKmh":35.4}},{"type":"Feature","geometry":{"type":"LineString","coordinates":[[-79.52709,43.886992],[-79.558618,43.8895]]},"properties":{"PingCount":3,"AvgSpeedKmh":51.5}},{"type":"Feature","geometry":{"type":"LineString","coordinates":[[-79.52709,43.886992],[-79.508426,43.900467]]},"properties":{"PingCount":7,"AvgSpeedKmh":29.6}},{"type":"Feature","geometry":{"type":"LineString","coordinates":[[-79.52709,43.886992],[-79.52709,43.900467]]},"properties":{"PingCount":7,"AvgSpeedKmh":24.7}},{"type":"Feature","geometry":{"type":"LineString","coordinates":[[-79.52709,43.886992],[-79.52709,43.913942]]},"properties":{"PingCount":12,"AvgSpeedKmh":38.9}},{"type":"Feature","geometry":{"type":"LineString","coordinates":[[-79.52709,43.886992],[-78.97258,43.950759]]},"properties":{"PingCount":1,"AvgSpeedKmh":26.7}},{"type":"Feature","geometry":{"type":"LineString","coordinates":[[-79.545753,43.886992],[-79.558618,43.8895]]},"properties":{"PingCount":8,"AvgSpeedKmh":42.4}},{"type":"Feature","geometry":{"type":"LineString","coordinates":[[-79.545753,43.886992],[-79.583081,43.886992]]},"properties":{"PingCount":1,"AvgSpeedKmh":45.3}},{"type":"Feature","geometry":{"type":"LineString","coordinates":[[-79.545753,43.886992],[-79.545753,43.900467]]},"properties":{"PingCount":8,"AvgSpeedKmh":40.0}},{"type":"Feature","geometry":{"type":"LineString","coordinates":[[-79.545753,43.886992],[-79.52709,43.913942]]},"properties":{"PingCount":3,"AvgSpeedKmh":48.0}},{"type":"Feature","geometry":{"type":"LineString","coordinates":[[-79.545753,43.886992],[-79.545753,43.913942]]},"properties":{"PingCount":4,"AvgSpeedKmh":47.1}},{"type":"Feature","geometry":{"type":"LineString","coordinates":[[-79.558618,43.8895],[-79.560953,43.899319]]},"properties":{"PingCount":1,"AvgSpeedKmh":21.5}},{"type":"Feature","geometry":{"type":"LineString","coordinates":[[-79.558618,43.8895],[-79.564819,43.915986]]},"properties":{"PingCount":2,"AvgSpeedKmh":83.7}},{"type":"Feature","geometry":{"type":"LineString","coordinates":[[-79.558618,43.8895],[-79.583081,43.913942]]},"properties":{"PingCount":2,"AvgSpeedKmh":56.7}},{"type":"Feature","geometry":{"type":"LineString","coordinates":[[-79.558618,43.8895],[-79.567253,43.92582]]},"properties":{"PingCount":11,"AvgSpeedKmh":92.1}},{"type":"Feature","geometry":{"type":"LineString","coordinates":[[-79.639073,43.886992],[-79.657737,43.900467]]},"properties":{"PingCount":6,"AvgSpeedKmh":46.7}},{"type":"Feature","geometry":{"type":"LineString","coordinates":[[-79.639073,43.886992],[-79.657737,43.913942]]},"properties":{"PingCount":1,"AvgSpeedKmh":58.1}},{"type":"Feature","geometry":{"type":"LineString","coordinates":[[-79.657737,43.886992],[-79.657737,43.900467]]},"properties":{"PingCount":5,"AvgSpeedKmh":39.6}},{"type":"Feature","geometry":{"type":"LineString","coordinates":[[-79.657737,43.886992],[-79.657737,43.913942]]},"properties":{"PingCount":15,"AvgSpeedKmh":46.0}},{"type":"Feature","geometry":{"type":"LineString","coordinates":[[-79.695065,43.886992],[-79.713729,43.886992]]},"properties":{"PingCount":1,"AvgSpeedKmh":43.4}},{"type":"Feature","geometry":{"type":"LineString","coordinates":[[-79.695065,43.886992],[-79.657737,43.900467]]},"properties":{"PingCount":1,"AvgSpeedKmh":59.9}},{"type":"Feature","geometry":{"type":"LineString","coordinates":[[-79.713729,43.886992],[-79.732393,43.886992]]},"properties":{"PingCount":1,"AvgSpeedKmh":36.5}},{"type":"Feature","geometry":{"type":"LineString","coordinates":[[-79.713729,43.886992],[-79.657737,43.900467]]},"properties":{"PingCount":1,"AvgSpeedKmh":66.8}},{"type":"Feature","geometry":{"type":"LineString","coordinates":[[-79.713729,43.886992],[-79.676401,43.900467]]},"properties":{"PingCount":3,"AvgSpeedKmh":61.9}},{"type":"Feature","geometry":{"type":"LineString","coordinates":[[-79.751057,43.886992],[-79.769721,43.900467]]},"properties":{"PingCount":1,"AvgSpeedKmh":37.8}},{"type":"Feature","geometry":{"type":"LineString","coordinates":[[-79.769721,43.886992],[-79.769721,43.900467]]},"properties":{"PingCount":2,"AvgSpeedKmh":50.6}},{"type":"Feature","geometry":{"type":"LineString","coordinates":[[-78.62094,43.903573],[-78.626256,43.902726]]},"properties":{"PingCount":1,"AvgSpeedKmh":100.0}},{"type":"Feature","geometry":{"type":"LineString","coordinates":[[-78.62094,43.903573],[-78.666405,43.900064]]},"properties":{"PingCount":10,"AvgSpeedKmh":95.7}},{"type":"Feature","geometry":{"type":"LineString","coordinates":[[-78.62094,43.903573],[-78.684039,43.896619]]},"properties":{"PingCount":5,"AvgSpeedKmh":97.2}},{"type":"Feature","geometry":{"type":"LineString","coordinates":[[-78.62094,43.903573],[-78.544146,43.919262]]},"properties":{"PingCount":2,"AvgSpeedKmh":101.4}},{"type":"Feature","geometry":{"type":"LineString","coordinates":[[-78.62094,43.903573],[-78.556564,43.913942]]},"properties":{"PingCount":13,"AvgSpeedKmh":98.1}},{"type":"Feature","geometry":{"type":"LineString","coordinates":[[-78.62094,43.903573],[-78.599485,43.934338]]},"properties":{"PingCount":1,"AvgSpeedKmh":68.6}},{"type":"Feature","geometry":{"type":"LineString","coordinates":[[-78.626256,43.902726],[-78.666405,43.900064]]},"properties":{"PingCount":3,"AvgSpeedKmh":84.9}},{"type":"Feature","geometry":{"type":"LineString","coordinates":[[-78.626256,43.902726],[-78.684039,43.896619]]},"properties":{"PingCount":16,"AvgSpeedKmh":94.4}},{"type":"Feature","geometry":{"type":"LineString","coordinates":[[-78.626256,43.902726],[-78.556564,43.913942]]},"properties":{"PingCount":2,"AvgSpeedKmh":99.7}},{"type":"Feature","geometry":{"type":"LineString","coordinates":[[-78.626256,43.902726],[-78.581795,43.91136]]},"properties":{"PingCount":11,"AvgSpeedKmh":95.3}},{"type":"Feature","geometry":{"type":"LineString","coordinates":[[-78.626256,43.902726],[-78.599485,43.934338]]},"properties":{"PingCount":6,"AvgSpeedKmh":80.6}},{"type":"Feature","geometry":{"type":"LineString","coordinates":[[-78.626256,43.902726],[-78.599883,43.934924]]},"properties":{"PingCount":3,"AvgSpeedKmh":76.8}},{"type":"Feature","geometry":{"type":"LineString","coordinates":[[-78.643028,43.901697],[-78.666405,43.900064]]},"properties":{"PingCount":1,"AvgSpeedKmh":49.0}},{"type":"Feature","geometry":{"type":"LineString","coordinates":[[-78.643028,43.901697],[-78.684039,43.896619]]},"properties":{"PingCount":2,"AvgSpeedKmh":54.9}},{"type":"Feature","geometry":{"type":"LineString","coordinates":[[-78.643028,43.901697],[-78.581795,43.91136]]},"properties":{"PingCount":2,"AvgSpeedKmh":96.9}},{"type":"Feature","geometry":{"type":"LineString","coordinates":[[-78.643028,43.901697],[-78.590911,43.909637]]},"properties":{"PingCount":18,"AvgSpeedKmh":92.3}},{"type":"Feature","geometry":{"type":"LineString","coordinates":[[-78.643028,43.901697],[-78.618348,43.909485]]},"properties":{"PingCount":6,"AvgSpeedKmh":77.3}},{"type":"Feature","geometry":{"type":"LineString","coordinates":[[-78.643028,43.901697],[-78.599485,43.934338]]},"properties":{"PingCount":2,"AvgSpeedKmh":84.4}},{"type":"Feature","geometry":{"type":"LineString","coordinates":[[-78.643028,43.901697],[-78.612556,43.927416]]},"properties":{"PingCount":2,"AvgSpeedKmh":82.1}},{"type":"Feature","geometry":{"type":"LineString","coordinates":[[-78.666405,43.900064],[-78.684039,43.896619]]},"properties":{"PingCount":3,"AvgSpeedKmh":25.2}},{"type":"Feature","geometry":{"type":"LineString","coordinates":[[-78.666405,43.900064],[-78.590911,43.909637]]},"properties":{"PingCount":2,"AvgSpeedKmh":95.4}},{"type":"Feature","geometry":{"type":"LineString","coordinates":[[-78.666405,43.900064],[-78.618348,43.909485]]},"properties":{"PingCount":6,"AvgSpeedKmh":86.9}},{"type":"Feature","geometry":{"type":"LineString","coordinates":[[-78.684039,43.896619],[-78.712135,43.909408]]},"properties":{"PingCount":2,"AvgSpeedKmh":34.7}},{"type":"Feature","geometry":{"type":"LineString","coordinates":[[-78.761868,43.900467],[-78.746382,43.913858]]},"properties":{"PingCount":2,"AvgSpeedKmh":36.9}},{"type":"Feature","geometry":{"type":"LineString","coordinates":[[-78.761868,43.900467],[-78.767914,43.91362]]},"properties":{"PingCount":3,"AvgSpeedKmh":61.6}},{"type":"Feature","geometry":{"type":"LineString","coordinates":[[-78.761868,43.900467],[-78.77798,43.912052]]},"properties":{"PingCount":1,"AvgSpeedKmh":30.2}},{"type":"Feature","geometry":{"type":"LineString","coordinates":[[-78.761868,43.900467],[-78.761868,43.927416]]},"properties":{"PingCount":1,"AvgSpeedKmh":67.6}},{"type":"Feature","geometry":{"type":"LineString","coordinates":[[-78.761868,43.900467],[-78.761868,43.940891]]},"properties":{"PingCount":6,"AvgSpeedKmh":91.9}},{"type":"Feature","geometry":{"type":"LineString","coordinates":[[-78.761868,43.900467],[-78.761868,43.954366]]},"properties":{"PingCount":4,"AvgSpeedKmh":94.5}},{"type":"Feature","geometry":{"type":"LineString","coordinates":[[-78.807013,43.907153],[-78.77798,43.912052]]},"properties":{"PingCount":2,"AvgSpeedKmh":38.5}},{"type":"Feature","geometry":{"type":"LineString","coordinates":[[-78.807013,43.907153],[-78.813713,43.906537]]},"properties":{"PingCount":2,"AvgSpeedKmh":10.6}},{"type":"Feature","geometry":{"type":"LineString","coordinates":[[-78.813311,43.90645],[-78.844698,43.903857]]},"properties":{"PingCount":13,"AvgSpeedKmh":28.1}},{"type":"Feature","geometry":{"type":"LineString","coordinates":[[-78.813311,43.90645],[-78.77798,43.912052]]},"properties":{"PingCount":2,"AvgSpeedKmh":39.9}},{"type":"Feature","geometry":{"type":"LineString","coordinates":[[-78.813311,43.90645],[-78.797844,43.908444]]},"properties":{"PingCount":6,"AvgSpeedKmh":29.0}},{"type":"Feature","geometry":{"type":"LineString","coordinates":[[-78.813311,43.90645],[-78.813713,43.906537]]},"properties":{"PingCount":38,"AvgSpeedKmh":4.0}},{"type":"Feature","geometry":{"type":"LineString","coordinates":[[-78.813311,43.90645],[-78.836523,43.913942]]},"properties":{"PingCount":1,"AvgSpeedKmh":28.7}},{"type":"Feature","geometry":{"type":"LineString","coordinates":[[-78.844698,43.903857],[-78.8542,43.900747]]},"properties":{"PingCount":7,"AvgSpeedKmh":26.8}},{"type":"Feature","geometry":{"type":"LineString","coordinates":[[-78.844698,43.903857],[-78.797844,43.908444]]},"properties":{"PingCount":1,"AvgSpeedKmh":39.3}},{"type":"Feature","geometry":{"type":"LineString","coordinates":[[-78.844698,43.903857],[-78.813713,43.906537]]},"properties":{"PingCount":3,"AvgSpeedKmh":29.5}},{"type":"Feature","geometry":{"type":"LineString","coordinates":[[-78.844698,43.903857],[-78.836523,43.913942]]},"properties":{"PingCount":18,"AvgSpeedKmh":32.7}},{"type":"Feature","geometry":{"type":"LineString","coordinates":[[-78.844698,43.903857],[-78.836523,43.927416]]},"properties":{"PingCount":1,"AvgSpeedKmh":41.2}},{"type":"Feature","geometry":{"type":"LineString","coordinates":[[-78.8542,43.900747],[-78.866191,43.897935]]},"properties":{"PingCount":5,"AvgSpeedKmh":25.5}},{"type":"Feature","geometry":{"type":"LineString","coordinates":[[-78.8542,43.900747],[-78.855187,43.913942]]},"properties":{"PingCount":12,"AvgSpeedKmh":33.7}},{"type":"Feature","geometry":{"type":"LineString","coordinates":[[-78.8542,43.900747],[-78.855187,43.927416]]},"properties":{"PingCount":3,"AvgSpeedKmh":38.3}},{"type":"Feature","geometry":{"type":"LineString","coordinates":[[-78.8542,43.900747],[-78.873851,43.927416]]},"properties":{"PingCount":1,"AvgSpeedKmh":44.7}},{"type":"Feature","geometry":{"type":"LineString","coordinates":[[-78.8542,43.900747],[-78.873851,43.940891]]},"properties":{"PingCount":1,"AvgSpeedKmh":38.8}},{"type":"Feature","geometry":{"type":"LineString","coordinates":[[-78.892515,43.900467],[-78.892515,43.913942]]},"properties":{"PingCount":5,"AvgSpeedKmh":29.8}},{"type":"Feature","geometry":{"type":"LineString","coordinates":[[-78.892515,43.900467],[-78.911179,43.913942]]},"properties":{"PingCount":8,"AvgSpeedKmh":34.9}},{"type":"Feature","geometry":{"type":"LineString","coordinates":[[-78.892515,43.900467],[-78.911179,43.927416]]},"properties":{"PingCount":5,"AvgSpeedKmh":45.0}},{"type":"Feature","geometry":{"type":"LineString","coordinates":[[-78.892515,43.900467],[-78.911179,43.940891]]},"properties":{"PingCount":1,"AvgSpeedKmh":34.7}},{"type":"Feature","geometry":{"type":"LineString","coordinates":[[-78.911179,43.900467],[-78.929843,43.900467]]},"properties":{"PingCount":4,"AvgSpeedKmh":25.1}},{"type":"Feature","geometry":{"type":"LineString","coordinates":[[-78.911179,43.900467],[-78.929843,43.913942]]},"properties":{"PingCount":118,"AvgSpeedKmh":38.6}},{"type":"Feature","geometry":{"type":"LineString","coordinates":[[-78.911179,43.900467],[-78.929843,43.927416]]},"properties":{"PingCount":41,"AvgSpeedKmh":47.3}},{"type":"Feature","geometry":{"type":"LineString","coordinates":[[-78.929843,43.900467],[-78.949764,43.89738]]},"properties":{"PingCount":3,"AvgSpeedKmh":41.3}},{"type":"Feature","geometry":{"type":"LineString","coordinates":[[-78.929843,43.900467],[-78.892515,43.913942]]},"properties":{"PingCount":1,"AvgSpeedKmh":40.5}},{"type":"Feature","geometry":{"type":"LineString","coordinates":[[-78.929843,43.900467],[-78.929843,43.913942]]},"properties":{"PingCount":8,"AvgSpeedKmh":29.6}},{"type":"Feature","geometry":{"type":"LineString","coordinates":[[-78.929843,43.900467],[-78.929843,43.927416]]},"properties":{"PingCount":59,"AvgSpeedKmh":42.3}},{"type":"Feature","geometry":{"type":"LineString","coordinates":[[-78.929843,43.900467],[-78.929843,43.940891]]},"properties":{"PingCount":1,"AvgSpeedKmh":2.4}},{"type":"Feature","geometry":{"type":"LineString","coordinates":[[-78.949764,43.89738],[-78.967171,43.900467]]},"properties":{"PingCount":1,"AvgSpeedKmh":22.8}},{"type":"Feature","geometry":{"type":"LineString","coordinates":[[-78.949764,43.89738],[-78.957492,43.915401]]},"properties":{"PingCount":4,"AvgSpeedKmh":38.0}},{"type":"Feature","geometry":{"type":"LineString","coordinates":[[-78.985835,43.900467],[-79.004499,43.900467]]},"properties":{"PingCount":4,"AvgSpeedKmh":46.9}},{"type":"Feature","geometry":{"type":"LineString","coordinates":[[-78.985835,43.900467],[-79.023163,43.900467]]},"properties":{"PingCount":10,"AvgSpeedKmh":53.5}},{"type":"Feature","geometry":{"type":"LineString","coordinates":[[-78.985835,43.900467],[-78.957492,43.915401]]},"properties":{"PingCount":2,"AvgSpeedKmh":51.6}},{"type":"Feature","geometry":{"type":"LineString","coordinates":[[-78.985835,43.900467],[-78.957655,43.915363]]},"properties":{"PingCount":140,"AvgSpeedKmh":43.0}},{"type":"Feature","geometry":{"type":"LineString","coordinates":[[-78.985835,43.900467],[-78.985835,43.913942]]},"properties":{"PingCount":104,"AvgSpeedKmh":31.6}},{"type":"Feature","geometry":{"type":"LineString","coordinates":[[-78.985835,43.900467],[-79.004499,43.913942]]},"properties":{"PingCount":3,"AvgSpeedKmh":71.5}},{"type":"Feature","geometry":{"type":"LineString","coordinates":[[-78.985835,43.900467],[-79.004499,43.927416]]},"properties":{"PingCount":65,"AvgSpeedKmh":71.1}},{"type":"Feature","geometry":{"type":"LineString","coordinates":[[-78.985835,43.900467],[-78.911179,43.940891]]},"properties":{"PingCount":1,"AvgSpeedKmh":23.4}},{"type":"Feature","geometry":{"type":"LineString","coordinates":[[-78.985835,43.900467],[-78.929843,43.940891]]},"properties":{"PingCount":1,"AvgSpeedKmh":8.0}},{"type":"Feature","geometry":{"type":"LineString","coordinates":[[-78.985835,43.900467],[-79.005416,43.943098]]},"properties":{"PingCount":180,"AvgSpeedKmh":95.1}},{"type":"Feature","geometry":{"type":"LineString","coordinates":[[-78.985835,43.900467],[-78.929843,43.954366]]},"properties":{"PingCount":1,"AvgSpeedKmh":48.3}},{"type":"Feature","geometry":{"type":"LineString","coordinates":[[-78.985835,43.900467],[-79.004499,43.954366]]},"properties":{"PingCount":1,"AvgSpeedKmh":56.2}},{"type":"Feature","geometry":{"type":"LineString","coordinates":[[-79.004499,43.900467],[-79.023163,43.900467]]},"properties":{"PingCount":24,"AvgSpeedKmh":47.3}},{"type":"Feature","geometry":{"type":"LineString","coordinates":[[-79.004499,43.900467],[-79.041827,43.900467]]},"properties":{"PingCount":32,"AvgSpeedKmh":52.1}},{"type":"Feature","geometry":{"type":"LineString","coordinates":[[-79.004499,43.900467],[-78.957492,43.915401]]},"properties":{"PingCount":1,"AvgSpeedKmh":63.4}},{"type":"Feature","geometry":{"type":"LineString","coordinates":[[-79.004499,43.900467],[-78.957655,43.915363]]},"properties":{"PingCount":86,"AvgSpeedKmh":42.4}},{"type":"Feature","geometry":{"type":"LineString","coordinates":[[-79.004499,43.900467],[-78.985835,43.913942]]},"properties":{"PingCount":51,"AvgSpeedKmh":36.7}},{"type":"Feature","geometry":{"type":"LineString","coordinates":[[-79.004499,43.900467],[-79.004499,43.913942]]},"properties":{"PingCount":5,"AvgSpeedKmh":34.5}},{"type":"Feature","geometry":{"type":"LineString","coordinates":[[-79.004499,43.900467],[-79.004499,43.927416]]},"properties":{"PingCount":35,"AvgSpeedKmh":59.3}},{"type":"Feature","geometry":{"type":"LineString","coordinates":[[-79.004499,43.900467],[-78.911179,43.940891]]},"properties":{"PingCount":1,"AvgSpeedKmh":5.6}},{"type":"Feature","geometry":{"type":"LineString","coordinates":[[-79.004499,43.900467],[-78.929843,43.940891]]},"properties":{"PingCount":1,"AvgSpeedKmh":3.9}},{"type":"Feature","geometry":{"type":"LineString","coordinates":[[-79.004499,43.900467],[-79.005416,43.943098]]},"properties":{"PingCount":45,"AvgSpeedKmh":90.1}},{"type":"Feature","geometry":{"type":"LineString","coordinates":[[-79.004499,43.900467],[-79.016905,43.940195]]},"properties":{"PingCount":2,"AvgSpeedKmh":72.4}},{"type":"Feature","geometry":{"type":"LineString","coordinates":[[-79.004499,43.900467],[-79.004499,43.954366]]},"properties":{"PingCount":18,"AvgSpeedKmh":96.2}},{"type":"Feature","geometry":{"type":"LineString","coordinates":[[-79.023163,43.900467],[-79.041827,43.900467]]},"properties":{"PingCount":11,"AvgSpeedKmh":40.7}},{"type":"Feature","geometry":{"type":"LineString","coordinates":[[-79.023163,43.900467],[-78.985835,43.913942]]},"properties":{"PingCount":10,"AvgSpeedKmh":50.7}},{"type":"Feature","geometry":{"type":"LineString","coordinates":[[-79.023163,43.900467],[-79.004499,43.913942]]},"properties":{"PingCount":1,"AvgSpeedKmh":38.4}},{"type":"Feature","geometry":{"type":"LineString","coordinates":[[-79.041827,43.900467],[-79.060491,43.900467]]},"properties":{"PingCount":1,"AvgSpeedKmh":34.2}},{"type":"Feature","geometry":{"type":"LineString","coordinates":[[-79.060491,43.900467],[-79.06817,43.933413]]},"properties":{"PingCount":1,"AvgSpeedKmh":57.7}},{"type":"Feature","geometry":{"type":"LineString","coordinates":[[-79.097819,43.900467],[-79.101293,43.921018]]},"properties":{"PingCount":9,"AvgSpeedKmh":45.0}},{"type":"Feature","geometry":{"type":"LineString","coordinates":[[-79.097819,43.900467],[-79.085559,43.923878]]},"properties":{"PingCount":4,"AvgSpeedKmh":74.9}},{"type":"Feature","geometry":{"type":"LineString","coordinates":[[-79.097819,43.900467],[-79.096852,43.922246]]},"properties":{"PingCount":7,"AvgSpeedKmh":43.5}},{"type":"Feature","geometry":{"type":"LineString","coordinates":[[-79.153811,43.900467],[-79.101293,43.921018]]},"properties":{"PingCount":1,"AvgSpeedKmh":97.2}},{"type":"Feature","geometry":{"type":"LineString","coordinates":[[-79.173985,43.903436],[-79.190319,43.89892]]},"properties":{"PingCount":5,"AvgSpeedKmh":32.3}},{"type":"Feature","geometry":{"type":"LineString","coordinates":[[-79.173985,43.903436],[-79.101293,43.921018]]},"properties":{"PingCount":22,"AvgSpeedKmh":69.6}},{"type":"Feature","geometry":{"type":"LineString","coordinates":[[-79.173985,43.903436],[-79.124676,43.914617]]},"properties":{"PingCount":35,"AvgSpeedKmh":89.2}},{"type":"Feature","geometry":{"type":"LineString","coordinates":[[-79.173985,43.903436],[-79.124676,43.914617]]},"properties":{"PingCount":6,"AvgSpeedKmh":72.7}},{"type":"Feature","geometry":{"type":"LineString","coordinates":[[-79.173985,43.903436],[-79.191138,43.913942]]},"properties":{"PingCount":4,"AvgSpeedKmh":30.9}},{"type":"Feature","geometry":{"type":"LineString","coordinates":[[-79.173985,43.903436],[-79.085559,43.923878]]},"properties":{"PingCount":2,"AvgSpeedKmh":90.8}},{"type":"Feature","geometry":{"type":"LineString","coordinates":[[-79.173985,43.903436],[-79.096852,43.922246]]},"properties":{"PingCount":20,"AvgSpeedKmh":65.0}},{"type":"Feature","geometry":{"type":"LineString","coordinates":[[-79.190319,43.89892],[-79.209802,43.900467]]},"properties":{"PingCount":2,"AvgSpeedKmh":35.5}},{"type":"Feature","geometry":{"type":"LineString","coordinates":[[-79.190319,43.89892],[-79.101293,43.921018]]},"properties":{"PingCount":15,"AvgSpeedKmh":67.5}},{"type":"Feature","geometry":{"type":"LineString","coordinates":[[-79.190319,43.89892],[-79.124676,43.914617]]},"properties":{"PingCount":47,"AvgSpeedKmh":63.8}},{"type":"Feature","geometry":{"type":"LineString","coordinates":[[-79.190319,43.89892],[-79.124676,43.914617]]},"properties":{"PingCount":3,"AvgSpeedKmh":53.5}},{"type":"Feature","geometry":{"type":"LineString","coordinates":[[-79.190319,43.89892],[-79.191138,43.913942]]},"properties":{"PingCount":4,"AvgSpeedKmh":33.8}},{"type":"Feature","geometry":{"type":"LineString","coordinates":[[-79.190319,43.89892],[-79.085559,43.923878]]},"properties":{"PingCount":1,"AvgSpeedKmh":91.7}},{"type":"Feature","geometry":{"type":"LineString","coordinates":[[-79.190319,43.89892],[-79.096852,43.922246]]},"properties":{"PingCount":4,"AvgSpeedKmh":61.7}},{"type":"Feature","geometry":{"type":"LineString","coordinates":[[-79.190319,43.89892],[-79.191138,43.927416]]},"properties":{"PingCount":1,"AvgSpeedKmh":52.7}},{"type":"Feature","geometry":{"type":"LineString","coordinates":[[-79.190319,43.89892],[-79.209802,43.927416]]},"properties":{"PingCount":5,"AvgSpeedKmh":46.2}},{"type":"Feature","geometry":{"type":"LineString","coordinates":[[-79.209802,43.900467],[-79.228466,43.900467]]},"properties":{"PingCount":4,"AvgSpeedKmh":32.6}},{"type":"Feature","geometry":{"type":"LineString","coordinates":[[-79.209802,43.900467],[-79.24713,43.900467]]},"properties":{"PingCount":12,"AvgSpeedKmh":41.7}},{"type":"Feature","geometry":{"type":"LineString","coordinates":[[-79.209802,43.900467],[-79.191138,43.913942]]},"properties":{"PingCount":2,"AvgSpeedKmh":38.6}},{"type":"Feature","geometry":{"type":"LineString","coordinates":[[-79.209802,43.900467],[-79.24713,43.913942]]},"properties":{"PingCount":1,"AvgSpeedKmh":46.8}},{"type":"Feature","geometry":{"type":"LineString","coordinates":[[-79.209802,43.900467],[-78.929843,43.940891]]},"properties":{"PingCount":1,"AvgSpeedKmh":34.7}},{"type":"Feature","geometry":{"type":"LineString","coordinates":[[-79.228466,43.900467],[-79.24713,43.900467]]},"properties":{"PingCount":8,"AvgSpeedKmh":37.4}},{"type":"Feature","geometry":{"type":"LineString","coordinates":[[-79.228466,43.900467],[-79.191138,43.913942]]},"properties":{"PingCount":1,"AvgSpeedKmh":50.5}},{"type":"Feature","geometry":{"type":"LineString","coordinates":[[-79.228466,43.900467],[-79.24713,43.913942]]},"properties":{"PingCount":9,"AvgSpeedKmh":39.5}},{"type":"Feature","geometry":{"type":"LineString","coordinates":[[-79.228466,43.900467],[-79.24713,43.927416]]},"properties":{"PingCount":2,"AvgSpeedKmh":49.5}},{"type":"Feature","geometry":{"type":"LineString","coordinates":[[-79.24713,43.900467],[-79.26602,43.900199]]},"properties":{"PingCount":4,"AvgSpeedKmh":20.0}},{"type":"Feature","geometry":{"type":"LineString","coordinates":[[-79.24713,43.900467],[-79.24713,43.913942]]},"properties":{"PingCount":1,"AvgSpeedKmh":27.7}},{"type":"Feature","geometry":{"type":"LineString","coordinates":[[-79.24713,43.900467],[-79.268001,43.908968]]},"properties":{"PingCount":11,"AvgSpeedKmh":37.0}},{"type":"Feature","geometry":{"type":"LineString","coordinates":[[-79.24713,43.900467],[-79.24713,43.927416]]},"properties":{"PingCount":1,"AvgSpeedKmh":46.4}},{"type":"Feature","geometry":{"type":"LineString","coordinates":[[-79.26602,43.900199],[-79.284458,43.900467]]},"properties":{"PingCount":2,"AvgSpeedKmh":32.3}},{"type":"Feature","geometry":{"type":"LineString","coordinates":[[-79.26602,43.900199],[-79.268001,43.908968]]},"properties":{"PingCount":2,"AvgSpeedKmh":25.4}},{"type":"Feature","geometry":{"type":"LineString","coordinates":[[-79.284458,43.900467],[-79.303122,43.900467]]},"properties":{"PingCount":5,"AvgSpeedKmh":43.2}},{"type":"Feature","geometry":{"type":"LineString","coordinates":[[-79.284458,43.900467],[-79.321786,43.900467]]},"properties":{"PingCount":7,"AvgSpeedKmh":50.7}},{"type":"Feature","geometry":{"type":"LineString","coordinates":[[-79.284458,43.900467],[-79.24713,43.913942]]},"properties":{"PingCount":2,"AvgSpeedKmh":49.9}},{"type":"Feature","geometry":{"type":"LineString","coordinates":[[-79.284458,43.900467],[-79.268001,43.908968]]},"properties":{"PingCount":13,"AvgSpeedKmh":38.8}},{"type":"Feature","geometry":{"type":"LineString","coordinates":[[-79.284458,43.900467],[-79.284458,43.913942]]},"properties":{"PingCount":1,"AvgSpeedKmh":33.5}},{"type":"Feature","geometry":{"type":"LineString","coordinates":[[-79.284458,43.900467],[-79.272409,43.927738]]},"properties":{"PingCount":1,"AvgSpeedKmh":38.1}},{"type":"Feature","geometry":{"type":"LineString","coordinates":[[-79.284458,43.900467],[-79.303122,43.927416]]},"properties":{"PingCount":2,"AvgSpeedKmh":46.6}},{"type":"Feature","geometry":{"type":"LineString","coordinates":[[-79.303122,43.900467],[-79.321786,43.900467]]},"properties":{"PingCount":6,"AvgSpeedKmh":36.0}},{"type":"Feature","geometry":{"type":"LineString","coordinates":[[-79.303122,43.900467],[-79.34045,43.900467]]},"properties":{"PingCount":2,"AvgSpeedKmh":44.9}},{"type":"Feature","geometry":{"type":"LineString","coordinates":[[-79.303122,43.900467],[-79.268001,43.908968]]},"properties":{"PingCount":5,"AvgSpeedKmh":50.8}},{"type":"Feature","geometry":{"type":"LineString","coordinates":[[-79.303122,43.900467],[-79.284458,43.913942]]},"properties":{"PingCount":3,"AvgSpeedKmh":51.9}},{"type":"Feature","geometry":{"type":"LineString","coordinates":[[-79.321786,43.900467],[-79.34045,43.900467]]},"properties":{"PingCount":1,"AvgSpeedKmh":34.6}},{"type":"Feature","geometry":{"type":"LineString","coordinates":[[-79.321786,43.900467],[-79.268001,43.908968]]},"properties":{"PingCount":1,"AvgSpeedKmh":43.2}},{"type":"Feature","geometry":{"type":"LineString","coordinates":[[-79.321786,43.900467],[-79.284458,43.913942]]},"properties":{"PingCount":1,"AvgSpeedKmh":64.6}},{"type":"Feature","geometry":{"type":"LineString","coordinates":[[-79.321786,43.900467],[-79.34045,43.913942]]},"properties":{"PingCount":2,"AvgSpeedKmh":41.4}},{"type":"Feature","geometry":{"type":"LineString","coordinates":[[-79.34045,43.900467],[-79.359114,43.913942]]},"properties":{"PingCount":1,"AvgSpeedKmh":56.6}},{"type":"Feature","geometry":{"type":"LineString","coordinates":[[-79.359114,43.900467],[-79.396442,43.900467]]},"properties":{"PingCount":2,"AvgSpeedKmh":48.0}},{"type":"Feature","geometry":{"type":"LineString","coordinates":[[-79.359114,43.900467],[-79.34045,43.913942]]},"properties":{"PingCount":2,"AvgSpeedKmh":48.0}},{"type":"Feature","geometry":{"type":"LineString","coordinates":[[-79.384205,43.90027],[-79.396442,43.900467]]},"properties":{"PingCount":12,"AvgSpeedKmh":23.0}},{"type":"Feature","geometry":{"type":"LineString","coordinates":[[-79.384205,43.90027],[-79.415106,43.900467]]},"properties":{"PingCount":1,"AvgSpeedKmh":36.7}},{"type":"Feature","geometry":{"type":"LineString","coordinates":[[-79.384205,43.90027],[-79.34045,43.913942]]},"properties":{"PingCount":1,"AvgSpeedKmh":49.2}},{"type":"Feature","geometry":{"type":"LineString","coordinates":[[-79.384205,43.90027],[-79.377778,43.913942]]},"properties":{"PingCount":2,"AvgSpeedKmh":17.0}},{"type":"Feature","geometry":{"type":"LineString","coordinates":[[-79.384205,43.90027],[-79.389533,43.933592]]},"properties":{"PingCount":1,"AvgSpeedKmh":89.7}},{"type":"Feature","geometry":{"type":"LineString","coordinates":[[-79.384205,43.90027],[-79.390016,43.933648]]},"properties":{"PingCount":16,"AvgSpeedKmh":92.3}},{"type":"Feature","geometry":{"type":"LineString","coordinates":[[-79.384205,43.90027],[-79.396442,43.954366]]},"properties":{"PingCount":4,"AvgSpeedKmh":98.2}},{"type":"Feature","geometry":{"type":"LineString","coordinates":[[-79.396442,43.900467],[-79.415106,43.900467]]},"properties":{"PingCount":12,"AvgSpeedKmh":35.1}},{"type":"Feature","geometry":{"type":"LineString","coordinates":[[-79.396442,43.900467],[-79.396442,43.913942]]},"properties":{"PingCount":1,"AvgSpeedKmh":42.2}},{"type":"Feature","geometry":{"type":"LineString","coordinates":[[-79.396442,43.900467],[-79.415106,43.913942]]},"properties":{"PingCount":1,"AvgSpeedKmh":32.1}},{"type":"Feature","geometry":{"type":"LineString","coordinates":[[-79.415106,43.900467],[-79.415106,43.913942]]},"properties":{"PingCount":1,"AvgSpeedKmh":32.4}},{"type":"Feature","geometry":{"type":"LineString","coordinates":[[-79.415106,43.900467],[-79.43377,43.913942]]},"properties":{"PingCount":5,"AvgSpeedKmh":39.4}},{"type":"Feature","geometry":{"type":"LineString","coordinates":[[-79.442632,43.894868],[-79.443835,43.899432]]},"properties":{"PingCount":1,"AvgSpeedKmh":28.3}},{"type":"Feature","geometry":{"type":"LineString","coordinates":[[-79.442632,43.894868],[-79.085559,43.923878]]},"properties":{"PingCount":1,"AvgSpeedKmh":28.6}},{"type":"Feature","geometry":{"type":"LineString","coordinates":[[-79.443835,43.899432],[-79.43377,43.913942]]},"properties":{"PingCount":3,"AvgSpeedKmh":36.1}},{"type":"Feature","geometry":{"type":"LineString","coordinates":[[-79.443835,43.899432],[-79.445874,43.907842]]},"properties":{"PingCount":2,"AvgSpeedKmh":29.9}},{"type":"Feature","geometry":{"type":"LineString","coordinates":[[-79.443835,43.899432],[-79.471098,43.913942]]},"properties":{"PingCount":4,"AvgSpeedKmh":31.6}},{"type":"Feature","geometry":{"type":"LineString","coordinates":[[-79.443835,43.899432],[-79.450479,43.926067]]},"properties":{"PingCount":1,"AvgSpeedKmh":35.2}},{"type":"Feature","geometry":{"type":"LineString","coordinates":[[-79.471098,43.900467],[-79.43377,43.913942]]},"properties":{"PingCount":2,"AvgSpeedKmh":48.4}},{"type":"Feature","geometry":{"type":"LineString","coordinates":[[-79.471098,43.900467],[-79.445874,43.907842]]},"properties":{"PingCount":4,"AvgSpeedKmh":42.8}},{"type":"Feature","geometry":{"type":"LineString","coordinates":[[-79.471098,43.900467],[-79.471098,43.913942]]},"properties":{"PingCount":10,"AvgSpeedKmh":29.8}},{"type":"Feature","geometry":{"type":"LineString","coordinates":[[-79.489762,43.900467],[-79.508426,43.913942]]},"properties":{"PingCount":1,"AvgSpeedKmh":41.0}},{"type":"Feature","geometry":{"type":"LineString","coordinates":[[-79.489762,43.900467],[-79.508426,43.927416]]},"properties":{"PingCount":4,"AvgSpeedKmh":57.1}},{"type":"Feature","geometry":{"type":"LineString","coordinates":[[-79.52709,43.900467],[-79.545753,43.900467]]},"properties":{"PingCount":3,"AvgSpeedKmh":38.2}},{"type":"Feature","geometry":{"type":"LineString","coordinates":[[-79.52709,43.900467],[-79.508426,43.913942]]},"properties":{"PingCount":2,"AvgSpeedKmh":35.4}},{"type":"Feature","geometry":{"type":"LineString","coordinates":[[-79.52709,43.900467],[-79.52709,43.913942]]},"properties":{"PingCount":2,"AvgSpeedKmh":34.7}},{"type":"Feature","geometry":{"type":"LineString","coordinates":[[-79.52709,43.900467],[-79.545753,43.913942]]},"properties":{"PingCount":2,"AvgSpeedKmh":29.6}},{"type":"Feature","geometry":{"type":"LineString","coordinates":[[-79.52709,43.900467],[-79.52709,43.927416]]},"properties":{"PingCount":2,"AvgSpeedKmh":56.9}},{"type":"Feature","geometry":{"type":"LineString","coordinates":[[-79.545753,43.900467],[-79.52709,43.913942]]},"properties":{"PingCount":6,"AvgSpeedKmh":43.2}},{"type":"Feature","geometry":{"type":"LineString","coordinates":[[-79.545753,43.900467],[-79.567253,43.92582]]},"properties":{"PingCount":1,"AvgSpeedKmh":41.0}},{"type":"Feature","geometry":{"type":"LineString","coordinates":[[-79.560953,43.899319],[-79.564819,43.915986]]},"properties":{"PingCount":1,"AvgSpeedKmh":52.1}},{"type":"Feature","geometry":{"type":"LineString","coordinates":[[-79.560953,43.899319],[-79.583081,43.913942]]},"properties":{"PingCount":1,"AvgSpeedKmh":39.5}},{"type":"Feature","geometry":{"type":"LineString","coordinates":[[-79.560953,43.899319],[-79.545753,43.927416]]},"properties":{"PingCount":1,"AvgSpeedKmh":58.6}},{"type":"Feature","geometry":{"type":"LineString","coordinates":[[-79.560953,43.899319],[-79.567253,43.92582]]},"properties":{"PingCount":3,"AvgSpeedKmh":50.1}},{"type":"Feature","geometry":{"type":"LineString","coordinates":[[-79.560953,43.899319],[-79.571813,43.945002]]},"properties":{"PingCount":12,"AvgSpeedKmh":92.6}},{"type":"Feature","geometry":{"type":"LineString","coordinates":[[-79.620409,43.900467],[-79.657737,43.900467]]},"properties":{"PingCount":1,"AvgSpeedKmh":38.3}},{"type":"Feature","geometry":{"type":"LineString","coordinates":[[-79.620409,43.900467],[-79.583081,43.913942]]},"properties":{"PingCount":1,"AvgSpeedKmh":68.2}},{"type":"Feature","geometry":{"type":"LineString","coordinates":[[-79.639073,43.900467],[-79.657737,43.900467]]},"properties":{"PingCount":2,"AvgSpeedKmh":34.1}},{"type":"Feature","geometry":{"type":"LineString","coordinates":[[-79.639073,43.900467],[-79.601745,43.913942]]},"properties":{"PingCount":2,"AvgSpeedKmh":62.7}},{"type":"Feature","geometry":{"type":"LineString","coordinates":[[-79.639073,43.900467],[-79.620409,43.913942]]},"properties":{"PingCount":1,"AvgSpeedKmh":51.8}},{"type":"Feature","geometry":{"type":"LineString","coordinates":[[-79.639073,43.900467],[-79.657737,43.913942]]},"properties":{"PingCount":1,"AvgSpeedKmh":21.9}},{"type":"Feature","geometry":{"type":"LineString","coordinates":[[-79.657737,43.900467],[-79.676401,43.900467]]},"properties":{"PingCount":3,"AvgSpeedKmh":44.4}},{"type":"Feature","geometry":{"type":"LineString","coordinates":[[-79.657737,43.900467],[-79.620409,43.913942]]},"properties":{"PingCount":1,"AvgSpeedKmh":45.5}},{"type":"Feature","geometry":{"type":"LineString","coordinates":[[-79.657737,43.900467],[-79.657737,43.913942]]},"properties":{"PingCount":17,"AvgSpeedKmh":37.7}},{"type":"Feature","geometry":{"type":"LineString","coordinates":[[-79.657737,43.900467],[-79.657737,43.927416]]},"properties":{"PingCount":13,"AvgSpeedKmh":50.9}},{"type":"Feature","geometry":{"type":"LineString","coordinates":[[-79.657737,43.900467],[-79.657737,43.940891]]},"properties":{"PingCount":1,"AvgSpeedKmh":51.4}},{"type":"Feature","geometry":{"type":"LineString","coordinates":[[-78.544146,43.919262],[-78.590911,43.909637]]},"properties":{"PingCount":8,"AvgSpeedKmh":93.6}},{"type":"Feature","geometry":{"type":"LineString","coordinates":[[-78.544146,43.919262],[-78.483048,43.93248]]},"properties":{"PingCount":7,"AvgSpeedKmh":98.2}},{"type":"Feature","geometry":{"type":"LineString","coordinates":[[-78.544146,43.919262],[-78.494927,43.929851]]},"properties":{"PingCount":2,"AvgSpeedKmh":85.7}},{"type":"Feature","geometry":{"type":"LineString","coordinates":[[-78.544146,43.919262],[-78.535257,43.921092]]},"properties":{"PingCount":3,"AvgSpeedKmh":9.5}},{"type":"Feature","geometry":{"type":"LineString","coordinates":[[-78.556564,43.913942],[-78.590911,43.909637]]},"properties":{"PingCount":3,"AvgSpeedKmh":83.6}},{"type":"Feature","geometry":{"type":"LineString","coordinates":[[-78.556564,43.913942],[-78.483048,43.93248]]},"properties":{"PingCount":2,"AvgSpeedKmh":103.3}},{"type":"Feature","geometry":{"type":"LineString","coordinates":[[-78.556564,43.913942],[-78.494927,43.929851]]},"properties":{"PingCount":11,"AvgSpeedKmh":96.5}},{"type":"Feature","geometry":{"type":"LineString","coordinates":[[-78.556564,43.913942],[-78.519236,43.927416]]},"properties":{"PingCount":1,"AvgSpeedKmh":79.4}},{"type":"Feature","geometry":{"type":"LineString","coordinates":[[-78.556564,43.913942],[-78.535257,43.921092]]},"properties":{"PingCount":4,"AvgSpeedKmh":38.2}},{"type":"Feature","geometry":{"type":"LineString","coordinates":[[-78.581795,43.91136],[-78.494927,43.929851]]},"properties":{"PingCount":2,"AvgSpeedKmh":97.8}},{"type":"Feature","geometry":{"type":"LineString","coordinates":[[-78.581795,43.91136],[-78.519236,43.927416]]},"properties":{"PingCount":5,"AvgSpeedKmh":93.9}},{"type":"Feature","geometry":{"type":"LineString","coordinates":[[-78.581795,43.91136],[-78.535257,43.921092]]},"properties":{"PingCount":6,"AvgSpeedKmh":67.2}},{"type":"Feature","geometry":{"type":"LineString","coordinates":[[-78.590911,43.909637],[-78.519236,43.927416]]},"properties":{"PingCount":1,"AvgSpeedKmh":96.5}},{"type":"Feature","geometry":{"type":"LineString","coordinates":[[-78.590911,43.909637],[-78.535257,43.921092]]},"properties":{"PingCount":8,"AvgSpeedKmh":88.7}},{"type":"Feature","geometry":{"type":"LineString","coordinates":[[-78.618348,43.909485],[-78.599485,43.934338]]},"properties":{"PingCount":3,"AvgSpeedKmh":43.4}},{"type":"Feature","geometry":{"type":"LineString","coordinates":[[-78.618348,43.909485],[-78.599883,43.934924]]},"properties":{"PingCount":8,"AvgSpeedKmh":51.1}},{"type":"Feature","geometry":{"type":"LineString","coordinates":[[-78.618348,43.909485],[-78.612556,43.940891]]},"properties":{"PingCount":1,"AvgSpeedKmh":79.8}},{"type":"Feature","geometry":{"type":"LineString","coordinates":[[-78.627138,43.912948],[-78.66445,43.91223]]},"properties":{"PingCount":1,"AvgSpeedKmh":61.9}},{"type":"Feature","geometry":{"type":"LineString","coordinates":[[-78.627138,43.912948],[-78.599485,43.934338]]},"properties":{"PingCount":1,"AvgSpeedKmh":61.8}},{"type":"Feature","geometry":{"type":"LineString","coordinates":[[-78.66445,43.91223],[-78.687212,43.913942]]},"properties":{"PingCount":1,"AvgSpeedKmh":31.1}},{"type":"Feature","geometry":{"type":"LineString","coordinates":[[-78.687212,43.913942],[-78.712135,43.909408]]},"properties":{"PingCount":1,"AvgSpeedKmh":23.6}},{"type":"Feature","geometry":{"type":"LineString","coordinates":[[-78.712135,43.909408],[-78.723307,43.910627]]},"properties":{"PingCount":26,"AvgSpeedKmh":18.9}},{"type":"Feature","geometry":{"type":"LineString","coordinates":[[-78.712135,43.909408],[-78.746382,43.913858]]},"properties":{"PingCount":6,"AvgSpeedKmh":44.8}},{"type":"Feature","geometry":{"type":"LineString","coordinates":[[-78.712135,43.909408],[-78.705876,43.927416]]},"properties":{"PingCount":3,"AvgSpeedKmh":39.9}},{"type":"Feature","geometry":{"type":"LineString","coordinates":[[-78.712135,43.909408],[-78.705876,43.940891]]},"properties":{"PingCount":1,"AvgSpeedKmh":53.3}},{"type":"Feature","geometry":{"type":"LineString","coordinates":[[-78.723307,43.910627],[-78.746382,43.913858]]},"properties":{"PingCount":18,"AvgSpeedKmh":37.0}},{"type":"Feature","geometry":{"type":"LineString","coordinates":[[-78.723307,43.910627],[-78.767914,43.91362]]},"properties":{"PingCount":12,"AvgSpeedKmh":55.7}},{"type":"Feature","geometry":{"type":"LineString","coordinates":[[-78.746382,43.913858],[-78.767914,43.91362]]},"properties":{"PingCount":11,"AvgSpeedKmh":40.8}},{"type":"Feature","geometry":{"type":"LineString","coordinates":[[-78.746382,43.913858],[-78.77798,43.912052]]},"properties":{"PingCount":1,"AvgSpeedKmh":50.9}},{"type":"Feature","geometry":{"type":"LineString","coordinates":[[-78.746382,43.913858],[-78.761868,43.927416]]},"properties":{"PingCount":8,"AvgSpeedKmh":52.1}},{"type":"Feature","geometry":{"type":"LineString","coordinates":[[-78.746382,43.913858],[-78.761868,43.940891]]},"properties":{"PingCount":2,"AvgSpeedKmh":60.4}},{"type":"Feature","geometry":{"type":"LineString","coordinates":[[-78.767914,43.91362],[-78.77798,43.912052]]},"properties":{"PingCount":9,"AvgSpeedKmh":36.3}},{"type":"Feature","geometry":{"type":"LineString","coordinates":[[-78.767914,43.91362],[-78.797844,43.908444]]},"properties":{"PingCount":4,"AvgSpeedKmh":46.4}},{"type":"Feature","geometry":{"type":"LineString","coordinates":[[-78.767914,43.91362],[-78.761868,43.927416]]},"properties":{"PingCount":2,"AvgSpeedKmh":38.3}},{"type":"Feature","geometry":{"type":"LineString","coordinates":[[-78.767914,43.91362],[-78.761868,43.940891]]},"properties":{"PingCount":1,"AvgSpeedKmh":69.6}},{"type":"Feature","geometry":{"type":"LineString","coordinates":[[-78.767914,43.91362],[-78.761868,43.954366]]},"properties":{"PingCount":20,"AvgSpeedKmh":91.4}},{"type":"Feature","geometry":{"type":"LineString","coordinates":[[-78.767914,43.91362],[-78.761868,43.96784]]},"properties":{"PingCount":2,"AvgSpeedKmh":97.2}},{"type":"Feature","geometry":{"type":"LineString","coordinates":[[-78.77798,43.912052],[-78.797844,43.908444]]},"properties":{"PingCount":6,"AvgSpeedKmh":37.0}},{"type":"Feature","geometry":{"type":"LineString","coordinates":[[-78.77798,43.912052],[-78.780532,43.927416]]},"properties":{"PingCount":1,"AvgSpeedKmh":45.3}},{"type":"Feature","geometry":{"type":"LineString","coordinates":[[-78.797844,43.908444],[-78.813713,43.906537]]},"properties":{"PingCount":3,"AvgSpeedKmh":25.1}},{"type":"Feature","geometry":{"type":"LineString","coordinates":[[-78.813713,43.906537],[-78.817859,43.927416]]},"properties":{"PingCount":6,"AvgSpeedKmh":39.9}},{"type":"Feature","geometry":{"type":"LineString","coordinates":[[-78.813713,43.906537],[-78.836523,43.940891]]},"properties":{"PingCount":8,"AvgSpeedKmh":57.2}},{"type":"Feature","geometry":{"type":"LineString","coordinates":[[-78.836523,43.913942],[-78.836523,43.927416]]},"properties":{"PingCount":9,"AvgSpeedKmh":36.6}},{"type":"Feature","geometry":{"type":"LineString","coordinates":[[-78.836523,43.913942],[-78.855187,43.927416]]},"properties":{"PingCount":2,"AvgSpeedKmh":41.7}},{"type":"Feature","geometry":{"type":"LineString","coordinates":[[-78.836523,43.913942],[-78.855187,43.940891]]},"properties":{"PingCount":8,"AvgSpeedKmh":44.9}},{"type":"Feature","geometry":{"type":"LineString","coordinates":[[-78.855187,43.913942],[-78.855187,43.927416]]},"properties":{"PingCount":1,"AvgSpeedKmh":39.2}},{"type":"Feature","geometry":{"type":"LineString","coordinates":[[-78.855187,43.913942],[-78.873851,43.927416]]},"properties":{"PingCount":7,"AvgSpeedKmh":38.5}},{"type":"Feature","geometry":{"type":"LineString","coordinates":[[-78.855187,43.913942],[-78.873851,43.940891]]},"properties":{"PingCount":5,"AvgSpeedKmh":39.4}},{"type":"Feature","geometry":{"type":"LineString","coordinates":[[-78.892515,43.913942],[-78.911179,43.927416]]},"properties":{"PingCount":13,"AvgSpeedKmh":39.0}},{"type":"Feature","geometry":{"type":"LineString","coordinates":[[-78.911179,43.913942],[-78.911179,43.927416]]},"properties":{"PingCount":5,"AvgSpeedKmh":40.6}},{"type":"Feature","geometry":{"type":"LineString","coordinates":[[-78.911179,43.913942],[-78.911179,43.940891]]},"properties":{"PingCount":3,"AvgSpeedKmh":49.8}},{"type":"Feature","geometry":{"type":"LineString","coordinates":[[-78.929843,43.913942],[-78.957492,43.915401]]},"properties":{"PingCount":116,"AvgSpeedKmh":26.1}},{"type":"Feature","geometry":{"type":"LineString","coordinates":[[-78.929843,43.913942],[-78.957655,43.915363]]},"properties":{"PingCount":74,"AvgSpeedKmh":41.2}},{"type":"Feature","geometry":{"type":"LineString","coordinates":[[-78.929843,43.913942],[-78.911179,43.927416]]},"properties":{"PingCount":12,"AvgSpeedKmh":34.1}},{"type":"Feature","geometry":{"type":"LineString","coordinates":[[-78.929843,43.913942],[-78.929843,43.927416]]},"properties":{"PingCount":226,"AvgSpeedKmh":29.0}},{"type":"Feature","geometry":{"type":"LineString","coordinates":[[-78.929843,43.913942],[-78.929843,43.940891]]},"properties":{"PingCount":128,"AvgSpeedKmh":42.2}},{"type":"Feature","geometry":{"type":"LineString","coordinates":[[-78.929843,43.913942],[-78.959414,43.946394]]},"properties":{"PingCount":3,"AvgSpeedKmh":40.5}},{"type":"Feature","geometry":{"type":"LineString","coordinates":[[-78.957492,43.915401],[-78.957655,43.915363]]},"properties":{"PingCount":362,"AvgSpeedKmh":32.2}},{"type":"Feature","geometry":{"type":"LineString","coordinates":[[-78.957492,43.915401],[-78.985835,43.913942]]},"properties":{"PingCount":109,"AvgSpeedKmh":44.3}},{"type":"Feature","geometry":{"type":"LineString","coordinates":[[-78.957492,43.915401],[-78.911179,43.927416]]},"properties":{"PingCount":13,"AvgSpeedKmh":47.2}},{"type":"Feature","geometry":{"type":"LineString","coordinates":[[-78.957492,43.915401],[-78.929843,43.927416]]},"properties":{"PingCount":349,"AvgSpeedKmh":33.2}},{"type":"Feature","geometry":{"type":"LineString","coordinates":[[-78.957492,43.915401],[-78.948507,43.927416]]},"properties":{"PingCount":4,"AvgSpeedKmh":22.9}},{"type":"Feature","geometry":{"type":"LineString","coordinates":[[-78.957492,43.915401],[-78.967171,43.927416]]},"properties":{"PingCount":3,"AvgSpeedKmh":33.5}},{"type":"Feature","geometry":{"type":"LineString","coordinates":[[-78.957492,43.915401],[-78.929843,43.940891]]},"properties":{"PingCount":7,"AvgSpeedKmh":38.4}},{"type":"Feature","geometry":{"type":"LineString","coordinates":[[-78.957492,43.915401],[-78.959785,43.947293]]},"properties":{"PingCount":1,"AvgSpeedKmh":44.8}},{"type":"Feature","geometry":{"type":"LineString","coordinates":[[-78.957655,43.915363],[-78.985835,43.913942]]},"properties":{"PingCount":203,"AvgSpeedKmh":38.9}},{"type":"Feature","geometry":{"type":"LineString","coordinates":[[-78.957655,43.915363],[-79.004499,43.913942]]},"properties":{"PingCount":1,"AvgSpeedKmh":38.6}},{"type":"Feature","geometry":{"type":"LineString","coordinates":[[-78.957655,43.915363],[-78.929843,43.927416]]},"properties":{"PingCount":9,"AvgSpeedKmh":47.7}},{"type":"Feature","geometry":{"type":"LineString","coordinates":[[-78.957655,43.915363],[-78.967171,43.927416]]},"properties":{"PingCount":7,"AvgSpeedKmh":26.1}},{"type":"Feature","geometry":{"type":"LineString","coordinates":[[-78.957655,43.915363],[-78.929843,43.940891]]},"properties":{"PingCount":3,"AvgSpeedKmh":4.3}},{"type":"Feature","geometry":{"type":"LineString","coordinates":[[-78.957655,43.915363],[-78.959785,43.947293]]},"properties":{"PingCount":2,"AvgSpeedKmh":48.9}},{"type":"Feature","geometry":{"type":"LineString","coordinates":[[-78.985835,43.913942],[-79.004499,43.913942]]},"properties":{"PingCount":1,"AvgSpeedKmh":34.9}},{"type":"Feature","geometry":{"type":"LineString","coordinates":[[-78.985835,43.913942],[-79.004499,43.927416]]},"properties":{"PingCount":2,"AvgSpeedKmh":46.4}},{"type":"Feature","geometry":{"type":"LineString","coordinates":[[-78.985835,43.913942],[-79.005416,43.943098]]},"properties":{"PingCount":1,"AvgSpeedKmh":76.5}},{"type":"Feature","geometry":{"type":"LineString","coordinates":[[-79.004499,43.913942],[-79.004499,43.927416]]},"properties":{"PingCount":75,"AvgSpeedKmh":46.9}},{"type":"Feature","geometry":{"type":"LineString","coordinates":[[-79.004499,43.913942],[-78.929843,43.940891]]},"properties":{"PingCount":1,"AvgSpeedKmh":9.6}},{"type":"Feature","geometry":{"type":"LineString","coordinates":[[-79.004499,43.913942],[-79.005416,43.943098]]},"properties":{"PingCount":27,"AvgSpeedKmh":74.8}},{"type":"Feature","geometry":{"type":"LineString","coordinates":[[-79.004499,43.913942],[-79.016905,43.940195]]},"properties":{"PingCount":1,"AvgSpeedKmh":57.2}},{"type":"Feature","geometry":{"type":"LineString","coordinates":[[-79.004499,43.913942],[-78.982669,43.948289]]},"properties":{"PingCount":21,"AvgSpeedKmh":73.0}},{"type":"Feature","geometry":{"type":"LineString","coordinates":[[-79.004499,43.913942],[-79.004499,43.954366]]},"properties":{"PingCount":194,"AvgSpeedKmh":83.8}},{"type":"Feature","geometry":{"type":"LineString","coordinates":[[-79.004499,43.913942],[-79.023163,43.954366]]},"properties":{"PingCount":3,"AvgSpeedKmh":82.7}},{"type":"Feature","geometry":{"type":"LineString","coordinates":[[-79.101293,43.921018],[-79.124676,43.914617]]},"properties":{"PingCount":24,"AvgSpeedKmh":34.9}},{"type":"Feature","geometry":{"type":"LineString","coordinates":[[-79.101293,43.921018],[-79.124676,43.914617]]},"properties":{"PingCount":7,"AvgSpeedKmh":46.3}},{"type":"Feature","geometry":{"type":"LineString","coordinates":[[-79.101293,43.921018],[-79.004499,43.927416]]},"properties":{"PingCount":1,"AvgSpeedKmh":8.0}},{"type":"Feature","geometry":{"type":"LineString","coordinates":[[-79.101293,43.921018],[-79.06817,43.933413]]},"properties":{"PingCount":1,"AvgSpeedKmh":63.0}},{"type":"Feature","geometry":{"type":"LineString","coordinates":[[-79.101293,43.921018],[-79.085559,43.923878]]},"properties":{"PingCount":29,"AvgSpeedKmh":44.0}},{"type":"Feature","geometry":{"type":"LineString","coordinates":[[-79.101293,43.921018],[-79.096852,43.922246]]},"properties":{"PingCount":11,"AvgSpeedKmh":39.4}},{"type":"Feature","geometry":{"type":"LineString","coordinates":[[-79.101293,43.921018],[-78.929843,43.940891]]},"properties":{"PingCount":1,"AvgSpeedKmh":15.5}},{"type":"Feature","geometry":{"type":"LineString","coordinates":[[-79.101293,43.921018],[-79.036635,43.935532]]},"properties":{"PingCount":17,"AvgSpeedKmh":94.4}},{"type":"Feature","geometry":{"type":"LineString","coordinates":[[-79.101293,43.921018],[-79.060491,43.940891]]},"properties":{"PingCount":56,"AvgSpeedKmh":82.6}},{"type":"Feature","geometry":{"type":"LineString","coordinates":[[-79.101293,43.921018],[-79.079155,43.940891]]},"properties":{"PingCount":9,"AvgSpeedKmh":60.6}},{"type":"Feature","geometry":{"type":"LineString","coordinates":[[-79.124676,43.914617],[-79.085559,43.923878]]},"properties":{"PingCount":18,"AvgSpeedKmh":57.4}},{"type":"Feature","geometry":{"type":"LineString","coordinates":[[-79.124676,43.914617],[-79.096852,43.922246]]},"properties":{"PingCount":21,"AvgSpeedKmh":39.2}},{"type":"Feature","geometry":{"type":"LineString","coordinates":[[-79.124676,43.914617],[-78.929843,43.940891]]},"properties":{"PingCount":1,"AvgSpeedKmh":20.0}},{"type":"Feature","geometry":{"type":"LineString","coordinates":[[-79.124676,43.914617],[-79.060491,43.940891]]},"properties":{"PingCount":17,"AvgSpeedKmh":94.9}},{"type":"Feature","geometry":{"type":"LineString","coordinates":[[-79.124676,43.914617],[-79.079155,43.940891]]},"properties":{"PingCount":8,"AvgSpeedKmh":93.3}},{"type":"Feature","geometry":{"type":"LineString","coordinates":[[-79.124676,43.914617],[-79.096852,43.922246]]},"properties":{"PingCount":3,"AvgSpeedKmh":45.6}},{"type":"Feature","geometry":{"type":"LineString","coordinates":[[-79.191138,43.913942],[-79.209802,43.913942]]},"properties":{"PingCount":1,"AvgSpeedKmh":32.7}},{"type":"Feature","geometry":{"type":"LineString","coordinates":[[-79.191138,43.913942],[-79.228466,43.913942]]},"properties":{"PingCount":1,"AvgSpeedKmh":34.9}},{"type":"Feature","geometry":{"type":"LineString","coordinates":[[-79.191138,43.913942],[-79.209802,43.927416]]},"properties":{"PingCount":3,"AvgSpeedKmh":33.4}},{"type":"Feature","geometry":{"type":"LineString","coordinates":[[-79.209802,43.913942],[-79.228466,43.913942]]},"properties":{"PingCount":1,"AvgSpeedKmh":29.8}},{"type":"Feature","geometry":{"type":"LineString","coordinates":[[-79.228466,43.913942],[-79.24713,43.913942]]},"properties":{"PingCount":1,"AvgSpeedKmh":44.6}},{"type":"Feature","geometry":{"type":"LineString","coordinates":[[-79.228466,43.913942],[-79.268001,43.908968]]},"properties":{"PingCount":5,"AvgSpeedKmh":46.5}},{"type":"Feature","geometry":{"type":"LineString","coordinates":[[-79.228466,43.913942],[-79.191138,43.927416]]},"properties":{"PingCount":1,"AvgSpeedKmh":41.8}},{"type":"Feature","geometry":{"type":"LineString","coordinates":[[-79.228466,43.913942],[-79.209802,43.927416]]},"properties":{"PingCount":3,"AvgSpeedKmh":45.7}},{"type":"Feature","geometry":{"type":"LineString","coordinates":[[-79.24713,43.913942],[-79.268001,43.908968]]},"properties":{"PingCount":12,"AvgSpeedKmh":34.8}},{"type":"Feature","geometry":{"type":"LineString","coordinates":[[-79.24713,43.913942],[-79.284458,43.913942]]},"properties":{"PingCount":2,"AvgSpeedKmh":42.1}},{"type":"Feature","geometry":{"type":"LineString","coordinates":[[-79.24713,43.913942],[-79.209802,43.927416]]},"properties":{"PingCount":5,"AvgSpeedKmh":54.7}},{"type":"Feature","geometry":{"type":"LineString","coordinates":[[-79.24713,43.913942],[-79.24713,43.940891]]},"properties":{"PingCount":1,"AvgSpeedKmh":61.8}},{"type":"Feature","geometry":{"type":"LineString","coordinates":[[-79.268001,43.908968],[-79.284458,43.913942]]},"properties":{"PingCount":3,"AvgSpeedKmh":20.6}},{"type":"Feature","geometry":{"type":"LineString","coordinates":[[-79.268001,43.908968],[-79.272409,43.927738]]},"properties":{"PingCount":5,"AvgSpeedKmh":38.5}},{"type":"Feature","geometry":{"type":"LineString","coordinates":[[-79.268001,43.908968],[-79.265794,43.940891]]},"properties":{"PingCount":2,"AvgSpeedKmh":59.3}},{"type":"Feature","geometry":{"type":"LineString","coordinates":[[-79.268001,43.908968],[-79.277917,43.9456]]},"properties":{"PingCount":5,"AvgSpeedKmh":60.4}},{"type":"Feature","geometry":{"type":"LineString","coordinates":[[-79.303122,43.913942],[-79.321786,43.913942]]},"properties":{"PingCount":1,"AvgSpeedKmh":36.2}},{"type":"Feature","geometry":{"type":"LineString","coordinates":[[-79.303122,43.913942],[-79.272409,43.927738]]},"properties":{"PingCount":1,"AvgSpeedKmh":52.7}},{"type":"Feature","geometry":{"type":"LineString","coordinates":[[-79.321786,43.913942],[-79.34045,43.913942]]},"properties":{"PingCount":1,"AvgSpeedKmh":48.1}},{"type":"Feature","geometry":{"type":"LineString","coordinates":[[-79.359114,43.913942],[-79.359114,43.940891]]},"properties":{"PingCount":1,"AvgSpeedKmh":61.3}},{"type":"Feature","geometry":{"type":"LineString","coordinates":[[-79.377778,43.913942],[-79.390016,43.933648]]},"properties":{"PingCount":1,"AvgSpeedKmh":81.4}},{"type":"Feature","geometry":{"type":"LineString","coordinates":[[-79.377778,43.913942],[-79.396442,43.954366]]},"properties":{"PingCount":1,"AvgSpeedKmh":97.7}},{"type":"Feature","geometry":{"type":"LineString","coordinates":[[-79.396442,43.913942],[-79.390016,43.933648]]},"properties":{"PingCount":2,"AvgSpeedKmh":54.9}},{"type":"Feature","geometry":{"type":"LineString","coordinates":[[-79.396442,43.913942],[-79.396442,43.954366]]},"properties":{"PingCount":10,"AvgSpeedKmh":95.3}},{"type":"Feature","geometry":{"type":"LineString","coordinates":[[-79.396442,43.913942],[-79.39227,43.973482]]},"properties":{"PingCount":2,"AvgSpeedKmh":99.8}},{"type":"Feature","geometry":{"type":"LineString","coordinates":[[-79.415106,43.913942],[-79.43377,43.913942]]},"properties":{"PingCount":1,"AvgSpeedKmh":34.6}},{"type":"Feature","geometry":{"type":"LineString","coordinates":[[-79.415106,43.913942],[-79.445874,43.907842]]},"properties":{"PingCount":2,"AvgSpeedKmh":35.8}},{"type":"Feature","geometry":{"type":"LineString","coordinates":[[-79.43377,43.913942],[-79.445874,43.907842]]},"properties":{"PingCount":1,"AvgSpeedKmh":34.9}},{"type":"Feature","geometry":{"type":"LineString","coordinates":[[-79.445874,43.907842],[-79.43377,43.927416]]},"properties":{"PingCount":1,"AvgSpeedKmh":27.9}},{"type":"Feature","geometry":{"type":"LineString","coordinates":[[-79.445874,43.907842],[-79.450479,43.926067]]},"properties":{"PingCount":3,"AvgSpeedKmh":36.5}},{"type":"Feature","geometry":{"type":"LineString","coordinates":[[-79.471098,43.913942],[-79.489762,43.913942]]},"properties":{"PingCount":1,"AvgSpeedKmh":23.3}},{"type":"Feature","geometry":{"type":"LineString","coordinates":[[-79.471098,43.913942],[-79.471098,43.927416]]},"properties":{"PingCount":2,"AvgSpeedKmh":24.6}},{"type":"Feature","geometry":{"type":"LineString","coordinates":[[-79.471098,43.913942],[-79.489762,43.940891]]},"properties":{"PingCount":7,"AvgSpeedKmh":49.1}},{"type":"Feature","geometry":{"type":"LineString","coordinates":[[-79.489762,43.913942],[-79.508426,43.913942]]},"properties":{"PingCount":1,"AvgSpeedKmh":50.3}},{"type":"Feature","geometry":{"type":"LineString","coordinates":[[-79.489762,43.913942],[-79.508426,43.927416]]},"properties":{"PingCount":1,"AvgSpeedKmh":46.7}},{"type":"Feature","geometry":{"type":"LineString","coordinates":[[-79.508426,43.913942],[-79.508426,43.927416]]},"properties":{"PingCount":3,"AvgSpeedKmh":46.6}},{"type":"Feature","geometry":{"type":"LineString","coordinates":[[-79.52709,43.913942],[-79.545753,43.913942]]},"properties":{"PingCount":1,"AvgSpeedKmh":35.7}},{"type":"Feature","geometry":{"type":"LineString","coordinates":[[-79.52709,43.913942],[-79.52709,43.927416]]},"properties":{"PingCount":2,"AvgSpeedKmh":29.3}},{"type":"Feature","geometry":{"type":"LineString","coordinates":[[-79.545753,43.913942],[-79.564819,43.915986]]},"properties":{"PingCount":2,"AvgSpeedKmh":21.2}},{"type":"Feature","geometry":{"type":"LineString","coordinates":[[-79.545753,43.913942],[-79.545753,43.927416]]},"properties":{"PingCount":1,"AvgSpeedKmh":32.4}},{"type":"Feature","geometry":{"type":"LineString","coordinates":[[-79.564819,43.915986],[-79.583081,43.913942]]},"properties":{"PingCount":1,"AvgSpeedKmh":39.4}},{"type":"Feature","geometry":{"type":"LineString","coordinates":[[-79.564819,43.915986],[-79.601745,43.913942]]},"properties":{"PingCount":1,"AvgSpeedKmh":62.1}},{"type":"Feature","geometry":{"type":"LineString","coordinates":[[-79.564819,43.915986],[-79.545753,43.927416]]},"properties":{"PingCount":5,"AvgSpeedKmh":29.7}},{"type":"Feature","geometry":{"type":"LineString","coordinates":[[-79.564819,43.915986],[-79.567253,43.92582]]},"properties":{"PingCount":1,"AvgSpeedKmh":8.7}},{"type":"Feature","geometry":{"type":"LineString","coordinates":[[-79.564819,43.915986],[-79.583081,43.927416]]},"properties":{"PingCount":1,"AvgSpeedKmh":24.1}},{"type":"Feature","geometry":{"type":"LineString","coordinates":[[-79.564819,43.915986],[-79.564417,43.954366]]},"properties":{"PingCount":4,"AvgSpeedKmh":85.4}},{"type":"Feature","geometry":{"type":"LineString","coordinates":[[-79.564819,43.915986],[-79.583081,43.954366]]},"properties":{"PingCount":6,"AvgSpeedKmh":93.0}},{"type":"Feature","geometry":{"type":"LineString","coordinates":[[-79.583081,43.913942],[-79.620409,43.913942]]},"properties":{"PingCount":2,"AvgSpeedKmh":63.1}},{"type":"Feature","geometry":{"type":"LineString","coordinates":[[-79.583081,43.913942],[-79.545753,43.927416]]},"properties":{"PingCount":1,"AvgSpeedKmh":39.7}},{"type":"Feature","geometry":{"type":"LineString","coordinates":[[-79.583081,43.913942],[-79.567253,43.92582]]},"properties":{"PingCount":2,"AvgSpeedKmh":31.7}},{"type":"Feature","geometry":{"type":"LineString","coordinates":[[-79.601745,43.913942],[-79.567253,43.92582]]},"properties":{"PingCount":1,"AvgSpeedKmh":54.7}},{"type":"Feature","geometry":{"type":"LineString","coordinates":[[-79.657737,43.913942],[-79.657737,43.927416]]},"properties":{"PingCount":8,"AvgSpeedKmh":53.2}},{"type":"Feature","geometry":{"type":"LineString","coordinates":[[-79.657737,43.913942],[-79.657737,43.940891]]},"properties":{"PingCount":19,"AvgSpeedKmh":65.4}},{"type":"Feature","geometry":{"type":"LineString","coordinates":[[-79.657737,43.913942],[-79.657737,43.954366]]},"properties":{"PingCount":8,"AvgSpeedKmh":75.2}},{"type":"Feature","geometry":{"type":"LineString","coordinates":[[-78.483048,43.93248],[-78.535257,43.921092]]},"properties":{"PingCount":5,"AvgSpeedKmh":93.4}},{"type":"Feature","geometry":{"type":"LineString","coordinates":[[-78.494927,43.929851],[-78.519236,43.927416]]},"properties":{"PingCount":2,"AvgSpeedKmh":39.1}},{"type":"Feature","geometry":{"type":"LineString","coordinates":[[-78.494927,43.929851],[-78.535257,43.921092]]},"properties":{"PingCount":4,"AvgSpeedKmh":62.3}},{"type":"Feature","geometry":{"type":"LineString","coordinates":[[-78.494927,43.929851],[-78.44458,43.940891]]},"properties":{"PingCount":1,"AvgSpeedKmh":93.8}},{"type":"Feature","geometry":{"type":"LineString","coordinates":[[-78.519236,43.927416],[-78.535257,43.921092]]},"properties":{"PingCount":4,"AvgSpeedKmh":45.2}},{"type":"Feature","geometry":{"type":"LineString","coordinates":[[-78.519236,43.927416],[-78.44458,43.940891]]},"properties":{"PingCount":1,"AvgSpeedKmh":99.5}},{"type":"Feature","geometry":{"type":"LineString","coordinates":[[-78.519236,43.927416],[-78.463244,43.940891]]},"properties":{"PingCount":8,"AvgSpeedKmh":95.4}},{"type":"Feature","geometry":{"type":"LineString","coordinates":[[-78.535257,43.921092],[-78.463244,43.940891]]},"properties":{"PingCount":4,"AvgSpeedKmh":98.1}},{"type":"Feature","geometry":{"type":"LineString","coordinates":[[-78.535257,43.921092],[-78.481908,43.940891]]},"properties":{"PingCount":2,"AvgSpeedKmh":94.9}},{"type":"Feature","geometry":{"type":"LineString","coordinates":[[-78.599485,43.934338],[-78.612556,43.927416]]},"properties":{"PingCount":1,"AvgSpeedKmh":28.6}},{"type":"Feature","geometry":{"type":"LineString","coordinates":[[-78.599485,43.934338],[-78.599883,43.934924]]},"properties":{"PingCount":50,"AvgSpeedKmh":2.4}},{"type":"Feature","geometry":{"type":"LineString","coordinates":[[-78.612556,43.927416],[-78.599883,43.934924]]},"properties":{"PingCount":1,"AvgSpeedKmh":30.2}},{"type":"Feature","geometry":{"type":"LineString","coordinates":[[-78.705876,43.927416],[-78.72454,43.954366]]},"properties":{"PingCount":3,"AvgSpeedKmh":70.1}},{"type":"Feature","geometry":{"type":"LineString","coordinates":[[-78.761868,43.927416],[-78.761868,43.954366]]},"properties":{"PingCount":2,"AvgSpeedKmh":80.2}},{"type":"Feature","geometry":{"type":"LineString","coordinates":[[-78.761868,43.927416],[-78.780532,43.954366]]},"properties":{"PingCount":1,"AvgSpeedKmh":57.8}},{"type":"Feature","geometry":{"type":"LineString","coordinates":[[-78.761868,43.927416],[-78.761868,43.96784]]},"properties":{"PingCount":6,"AvgSpeedKmh":87.8}},{"type":"Feature","geometry":{"type":"LineString","coordinates":[[-78.761868,43.927416],[-78.780532,43.96784]]},"properties":{"PingCount":5,"AvgSpeedKmh":87.5}},{"type":"Feature","geometry":{"type":"LineString","coordinates":[[-78.780532,43.927416],[-78.799195,43.954366]]},"properties":{"PingCount":1,"AvgSpeedKmh":45.5}},{"type":"Feature","geometry":{"type":"LineString","coordinates":[[-78.817859,43.927416],[-78.836523,43.940891]]},"properties":{"PingCount":6,"AvgSpeedKmh":41.6}},{"type":"Feature","geometry":{"type":"LineString","coordinates":[[-78.836523,43.927416],[-78.855187,43.940891]]},"properties":{"PingCount":10,"AvgSpeedKmh":28.6}},{"type":"Feature","geometry":{"type":"LineString","coordinates":[[-78.855187,43.927416],[-78.873851,43.927416]]},"properties":{"PingCount":3,"AvgSpeedKmh":30.9}},{"type":"Feature","geometry":{"type":"LineString","coordinates":[[-78.855187,43.927416],[-78.855187,43.940891]]},"properties":{"PingCount":2,"AvgSpeedKmh":18.2}},{"type":"Feature","geometry":{"type":"LineString","coordinates":[[-78.855187,43.927416],[-78.873851,43.940891]]},"properties":{"PingCount":1,"AvgSpeedKmh":33.2}},{"type":"Feature","geometry":{"type":"LineString","coordinates":[[-78.873851,43.927416],[-78.892515,43.927416]]},"properties":{"PingCount":25,"AvgSpeedKmh":25.9}},{"type":"Feature","geometry":{"type":"LineString","coordinates":[[-78.873851,43.927416],[-78.911179,43.927416]]},"properties":{"PingCount":28,"AvgSpeedKmh":44.8}},{"type":"Feature","geometry":{"type":"LineString","coordinates":[[-78.873851,43.927416],[-78.855187,43.940891]]},"properties":{"PingCount":19,"AvgSpeedKmh":32.3}},{"type":"Feature","geometry":{"type":"LineString","coordinates":[[-78.873851,43.927416],[-78.873851,43.940891]]},"properties":{"PingCount":19,"AvgSpeedKmh":21.3}},{"type":"Feature","geometry":{"type":"LineString","coordinates":[[-78.873851,43.927416],[-78.892515,43.940891]]},"properties":{"PingCount":17,"AvgSpeedKmh":33.5}},{"type":"Feature","geometry":{"type":"LineString","coordinates":[[-78.873851,43.927416],[-78.873851,43.954366]]},"properties":{"PingCount":1,"AvgSpeedKmh":34.2}},{"type":"Feature","geometry":{"type":"LineString","coordinates":[[-78.892515,43.927416],[-78.911179,43.927416]]},"properties":{"PingCount":44,"AvgSpeedKmh":36.6}},{"type":"Feature","geometry":{"type":"LineString","coordinates":[[-78.892515,43.927416],[-78.929843,43.927416]]},"properties":{"PingCount":3,"AvgSpeedKmh":50.6}},{"type":"Feature","geometry":{"type":"LineString","coordinates":[[-78.892515,43.927416],[-78.855187,43.940891]]},"properties":{"PingCount":3,"AvgSpeedKmh":48.3}},{"type":"Feature","geometry":{"type":"LineString","coordinates":[[-78.892515,43.927416],[-78.873851,43.940891]]},"properties":{"PingCount":27,"AvgSpeedKmh":36.5}},{"type":"Feature","geometry":{"type":"LineString","coordinates":[[-78.892515,43.927416],[-78.892515,43.940891]]},"properties":{"PingCount":1,"AvgSpeedKmh":18.4}},{"type":"Feature","geometry":{"type":"LineString","coordinates":[[-78.892515,43.927416],[-78.911179,43.940891]]},"properties":{"PingCount":12,"AvgSpeedKmh":28.7}},{"type":"Feature","geometry":{"type":"LineString","coordinates":[[-78.911179,43.927416],[-78.929843,43.927416]]},"properties":{"PingCount":15,"AvgSpeedKmh":31.5}},{"type":"Feature","geometry":{"type":"LineString","coordinates":[[-78.911179,43.927416],[-78.873851,43.940891]]},"properties":{"PingCount":2,"AvgSpeedKmh":51.5}},{"type":"Feature","geometry":{"type":"LineString","coordinates":[[-78.911179,43.927416],[-78.911179,43.940891]]},"properties":{"PingCount":76,"AvgSpeedKmh":35.9}},{"type":"Feature","geometry":{"type":"LineString","coordinates":[[-78.911179,43.927416],[-78.929843,43.940891]]},"properties":{"PingCount":29,"AvgSpeedKmh":37.1}},{"type":"Feature","geometry":{"type":"LineString","coordinates":[[-78.929843,43.927416],[-78.948507,43.927416]]},"properties":{"PingCount":1,"AvgSpeedKmh":26.0}},{"type":"Feature","geometry":{"type":"LineString","coordinates":[[-78.929843,43.927416],[-78.911179,43.940891]]},"properties":{"PingCount":96,"AvgSpeedKmh":33.6}},{"type":"Feature","geometry":{"type":"LineString","coordinates":[[-78.929843,43.927416],[-78.929843,43.940891]]},"properties":{"PingCount":591,"AvgSpeedKmh":36.0}},{"type":"Feature","geometry":{"type":"LineString","coordinates":[[-78.948507,43.927416],[-78.929843,43.940891]]},"properties":{"PingCount":5,"AvgSpeedKmh":33.6}},{"type":"Feature","geometry":{"type":"LineString","coordinates":[[-78.967171,43.927416],[-78.959785,43.947293]]},"properties":{"PingCount":3,"AvgSpeedKmh":43.0}},{"type":"Feature","geometry":{"type":"LineString","coordinates":[[-78.967171,43.927416],[-78.959785,43.947293]]},"properties":{"PingCount":2,"AvgSpeedKmh":53.6}},{"type":"Feature","geometry":{"type":"LineString","coordinates":[[-78.967171,43.927416],[-78.97258,43.950759]]},"properties":{"PingCount":5,"AvgSpeedKmh":44.1}},{"type":"Feature","geometry":{"type":"LineString","coordinates":[[-79.004499,43.927416],[-78.911179,43.940891]]},"properties":{"PingCount":2,"AvgSpeedKmh":6.7}},{"type":"Feature","geometry":{"type":"LineString","coordinates":[[-79.004499,43.927416],[-78.929843,43.940891]]},"properties":{"PingCount":7,"AvgSpeedKmh":11.1}},{"type":"Feature","geometry":{"type":"LineString","coordinates":[[-79.004499,43.927416],[-78.992448,43.945971]]},"properties":{"PingCount":4,"AvgSpeedKmh":43.8}},{"type":"Feature","geometry":{"type":"LineString","coordinates":[[-79.004499,43.927416],[-79.005416,43.943098]]},"properties":{"PingCount":79,"AvgSpeedKmh":61.0}},{"type":"Feature","geometry":{"type":"LineString","coordinates":[[-79.004499,43.927416],[-79.016905,43.940195]]},"properties":{"PingCount":3,"AvgSpeedKmh":45.3}},{"type":"Feature","geometry":{"type":"LineString","coordinates":[[-79.004499,43.927416],[-79.036635,43.935532]]},"properties":{"PingCount":4,"AvgSpeedKmh":50.0}},{"type":"Feature","geometry":{"type":"LineString","coordinates":[[-79.004499,43.927416],[-78.959785,43.947293]]},"properties":{"PingCount":2,"AvgSpeedKmh":45.4}},{"type":"Feature","geometry":{"type":"LineString","coordinates":[[-79.004499,43.927416],[-78.97258,43.950759]]},"properties":{"PingCount":35,"AvgSpeedKmh":59.3}},{"type":"Feature","geometry":{"type":"LineString","coordinates":[[-79.004499,43.927416],[-78.982669,43.948289]]},"properties":{"PingCount":267,"AvgSpeedKmh":59.3}},{"type":"Feature","geometry":{"type":"LineString","coordinates":[[-79.004499,43.927416],[-79.004499,43.954366]]},"properties":{"PingCount":100,"AvgSpeedKmh":65.4}},{"type":"Feature","geometry":{"type":"LineString","coordinates":[[-79.004499,43.927416],[-79.023163,43.954366]]},"properties":{"PingCount":1,"AvgSpeedKmh":62.8}},{"type":"Feature","geometry":{"type":"LineString","coordinates":[[-79.04641,43.933169],[-79.085559,43.923878]]},"properties":{"PingCount":6,"AvgSpeedKmh":62.2}},{"type":"Feature","geometry":{"type":"LineString","coordinates":[[-79.04641,43.933169],[-79.096852,43.922246]]},"properties":{"PingCount":1,"AvgSpeedKmh":68.4}},{"type":"Feature","geometry":{"type":"LineString","coordinates":[[-79.04641,43.933169],[-78.911179,43.940891]]},"properties":{"PingCount":1,"AvgSpeedKmh":15.0}},{"type":"Feature","geometry":{"type":"LineString","coordinates":[[-79.04641,43.933169],[-79.005416,43.943098]]},"properties":{"PingCount":6,"AvgSpeedKmh":65.2}},{"type":"Feature","geometry":{"type":"LineString","coordinates":[[-79.04641,43.933169],[-79.016905,43.940195]]},"properties":{"PingCount":1,"AvgSpeedKmh":55.3}},{"type":"Feature","geometry":{"type":"LineString","coordinates":[[-79.06817,43.933413],[-79.085559,43.923878]]},"properties":{"PingCount":3,"AvgSpeedKmh":40.4}},{"type":"Feature","geometry":{"type":"LineString","coordinates":[[-79.06817,43.933413],[-79.096852,43.922246]]},"properties":{"PingCount":9,"AvgSpeedKmh":61.9}},{"type":"Feature","geometry":{"type":"LineString","coordinates":[[-79.06817,43.933413],[-79.005416,43.943098]]},"properties":{"PingCount":2,"AvgSpeedKmh":71.2}},{"type":"Feature","geometry":{"type":"LineString","coordinates":[[-79.06817,43.933413],[-79.016905,43.940195]]},"properties":{"PingCount":10,"AvgSpeedKmh":66.6}},{"type":"Feature","geometry":{"type":"LineString","coordinates":[[-79.085559,43.923878],[-79.096852,43.922246]]},"properties":{"PingCount":10,"AvgSpeedKmh":43.7}},{"type":"Feature","geometry":{"type":"LineString","coordinates":[[-79.085559,43.923878],[-78.911179,43.940891]]},"properties":{"PingCount":1,"AvgSpeedKmh":13.6}},{"type":"Feature","geometry":{"type":"LineString","coordinates":[[-79.085559,43.923878],[-79.016905,43.940195]]},"properties":{"PingCount":11,"AvgSpeedKmh":88.5}},{"type":"Feature","geometry":{"type":"LineString","coordinates":[[-79.085559,43.923878],[-79.036635,43.935532]]},"properties":{"PingCount":26,"AvgSpeedKmh":77.7}},{"type":"Feature","geometry":{"type":"LineString","coordinates":[[-79.085559,43.923878],[-79.060491,43.940891]]},"properties":{"PingCount":2,"AvgSpeedKmh":44.4}},{"type":"Feature","geometry":{"type":"LineString","coordinates":[[-79.085559,43.923878],[-79.023163,43.954366]]},"properties":{"PingCount":34,"AvgSpeedKmh":96.0}},{"type":"Feature","geometry":{"type":"LineString","coordinates":[[-79.096852,43.922246],[-79.116483,43.927416]]},"properties":{"PingCount":1,"AvgSpeedKmh":38.4}},{"type":"Feature","geometry":{"type":"LineString","coordinates":[[-79.096852,43.922246],[-79.036635,43.935532]]},"properties":{"PingCount":60,"AvgSpeedKmh":93.9}},{"type":"Feature","geometry":{"type":"LineString","coordinates":[[-79.096852,43.922246],[-79.060491,43.940891]]},"properties":{"PingCount":11,"AvgSpeedKmh":67.2}},{"type":"Feature","geometry":{"type":"LineString","coordinates":[[-79.096852,43.922246],[-79.079155,43.940891]]},"properties":{"PingCount":12,"AvgSpeedKmh":56.2}},{"type":"Feature","geometry":{"type":"LineString","coordinates":[[-79.096852,43.922246],[-79.116483,43.940891]]},"properties":{"PingCount":4,"AvgSpeedKmh":50.4}},{"type":"Feature","geometry":{"type":"LineString","coordinates":[[-79.096852,43.922246],[-79.023163,43.954366]]},"properties":{"PingCount":1,"AvgSpeedKmh":96.4}},{"type":"Feature","geometry":{"type":"LineString","coordinates":[[-79.096852,43.922246],[-79.116483,43.954366]]},"properties":{"PingCount":4,"AvgSpeedKmh":74.3}},{"type":"Feature","geometry":{"type":"LineString","coordinates":[[-79.116483,43.927416],[-79.135147,43.96784]]},"properties":{"PingCount":1,"AvgSpeedKmh":69.0}},{"type":"Feature","geometry":{"type":"LineString","coordinates":[[-79.24713,43.927416],[-79.272409,43.927738]]},"properties":{"PingCount":2,"AvgSpeedKmh":38.2}},{"type":"Feature","geometry":{"type":"LineString","coordinates":[[-79.24713,43.927416],[-79.228466,43.940891]]},"properties":{"PingCount":1,"AvgSpeedKmh":44.9}},{"type":"Feature","geometry":{"type":"LineString","coordinates":[[-79.24713,43.927416],[-79.24713,43.954366]]},"properties":{"PingCount":2,"AvgSpeedKmh":64.0}},{"type":"Feature","geometry":{"type":"LineString","coordinates":[[-79.272409,43.927738],[-79.303122,43.927416]]},"properties":{"PingCount":1,"AvgSpeedKmh":40.2}},{"type":"Feature","geometry":{"type":"LineString","coordinates":[[-79.272409,43.927738],[-79.277917,43.9456]]},"properties":{"PingCount":1,"AvgSpeedKmh":59.6}},{"type":"Feature","geometry":{"type":"LineString","coordinates":[[-79.272409,43.927738],[-79.284458,43.954366]]},"properties":{"PingCount":5,"AvgSpeedKmh":60.0}},{"type":"Feature","geometry":{"type":"LineString","coordinates":[[-79.303122,43.927416],[-79.303122,43.954366]]},"properties":{"PingCount":1,"AvgSpeedKmh":55.6}},{"type":"Feature","geometry":{"type":"LineString","coordinates":[[-79.389533,43.933592],[-79.359114,43.940891]]},"properties":{"PingCount":1,"AvgSpeedKmh":50.6}},{"type":"Feature","geometry":{"type":"LineString","coordinates":[[-79.389533,43.933592],[-79.377778,43.940891]]},"properties":{"PingCount":1,"AvgSpeedKmh":35.7}},{"type":"Feature","geometry":{"type":"LineString","coordinates":[[-79.389533,43.933592],[-79.390016,43.933648]]},"properties":{"PingCount":2,"AvgSpeedKmh":25.1}},{"type":"Feature","geometry":{"type":"LineString","coordinates":[[-79.389533,43.933592],[-79.396442,43.954366]]},"properties":{"PingCount":1,"AvgSpeedKmh":69.0}},{"type":"Feature","geometry":{"type":"LineString","coordinates":[[-79.389533,43.933592],[-79.39227,43.973482]]},"properties":{"PingCount":12,"AvgSpeedKmh":95.9}},{"type":"Feature","geometry":{"type":"LineString","coordinates":[[-79.389533,43.933592],[-79.39227,43.973482]]},"properties":{"PingCount":4,"AvgSpeedKmh":97.1}},{"type":"Feature","geometry":{"type":"LineString","coordinates":[[-79.389533,43.933592],[-79.406842,44.013387]]},"properties":{"PingCount":1,"AvgSpeedKmh":95.6}},{"type":"Feature","geometry":{"type":"LineString","coordinates":[[-79.415106,43.927416],[-79.450479,43.926067]]},"properties":{"PingCount":2,"AvgSpeedKmh":50.5}},{"type":"Feature","geometry":{"type":"LineString","coordinates":[[-79.415106,43.927416],[-79.377778,43.940891]]},"properties":{"PingCount":2,"AvgSpeedKmh":56.4}},{"type":"Feature","geometry":{"type":"LineString","coordinates":[[-79.43377,43.927416],[-79.450479,43.926067]]},"properties":{"PingCount":3,"AvgSpeedKmh":39.3}},{"type":"Feature","geometry":{"type":"LineString","coordinates":[[-79.43377,43.927416],[-79.390016,43.933648]]},"properties":{"PingCount":4,"AvgSpeedKmh":50.6}},{"type":"Feature","geometry":{"type":"LineString","coordinates":[[-79.43377,43.927416],[-79.415106,43.940891]]},"properties":{"PingCount":1,"AvgSpeedKmh":49.3}},{"type":"Feature","geometry":{"type":"LineString","coordinates":[[-79.43377,43.927416],[-79.454582,43.944024]]},"properties":{"PingCount":1,"AvgSpeedKmh":28.8}},{"type":"Feature","geometry":{"type":"LineString","coordinates":[[-79.450479,43.926067],[-79.415106,43.940891]]},"properties":{"PingCount":1,"AvgSpeedKmh":58.7}},{"type":"Feature","geometry":{"type":"LineString","coordinates":[[-79.450479,43.926067],[-79.454582,43.944024]]},"properties":{"PingCount":8,"AvgSpeedKmh":39.3}},{"type":"Feature","geometry":{"type":"LineString","coordinates":[[-79.471098,43.927416],[-79.471098,43.940891]]},"properties":{"PingCount":1,"AvgSpeedKmh":32.5}},{"type":"Feature","geometry":{"type":"LineString","coordinates":[[-79.471098,43.927416],[-79.489762,43.940891]]},"properties":{"PingCount":1,"AvgSpeedKmh":47.4}},{"type":"Feature","geometry":{"type":"LineString","coordinates":[[-79.508426,43.927416],[-79.52709,43.927416]]},"properties":{"PingCount":5,"AvgSpeedKmh":30.7}},{"type":"Feature","geometry":{"type":"LineString","coordinates":[[-79.508426,43.927416],[-79.471098,43.940891]]},"properties":{"PingCount":1,"AvgSpeedKmh":50.4}},{"type":"Feature","geometry":{"type":"LineString","coordinates":[[-79.508426,43.927416],[-79.489762,43.940891]]},"properties":{"PingCount":1,"AvgSpeedKmh":38.9}},{"type":"Feature","geometry":{"type":"LineString","coordinates":[[-79.508426,43.927416],[-79.508426,43.940891]]},"properties":{"PingCount":14,"AvgSpeedKmh":16.9}},{"type":"Feature","geometry":{"type":"LineString","coordinates":[[-79.52709,43.927416],[-79.545753,43.927416]]},"properties":{"PingCount":7,"AvgSpeedKmh":38.2}},{"type":"Feature","geometry":{"type":"LineString","coordinates":[[-79.52709,43.927416],[-79.567253,43.92582]]},"properties":{"PingCount":2,"AvgSpeedKmh":43.1}},{"type":"Feature","geometry":{"type":"LineString","coordinates":[[-79.545753,43.927416],[-79.567253,43.92582]]},"properties":{"PingCount":1,"AvgSpeedKmh":37.6}},{"type":"Feature","geometry":{"type":"LineString","coordinates":[[-79.567253,43.92582],[-79.571813,43.945002]]},"properties":{"PingCount":1,"AvgSpeedKmh":29.4}},{"type":"Feature","geometry":{"type":"LineString","coordinates":[[-79.567253,43.92582],[-79.564417,43.954366]]},"properties":{"PingCount":1,"AvgSpeedKmh":51.2}},{"type":"Feature","geometry":{"type":"LineString","coordinates":[[-79.567253,43.92582],[-79.583081,43.954366]]},"properties":{"PingCount":2,"AvgSpeedKmh":84.5}},{"type":"Feature","geometry":{"type":"LineString","coordinates":[[-79.567253,43.92582],[-79.583081,43.96784]]},"properties":{"PingCount":13,"AvgSpeedKmh":93.1}},{"type":"Feature","geometry":{"type":"LineString","coordinates":[[-79.567253,43.92582],[-79.583081,43.981315]]},"properties":{"PingCount":1,"AvgSpeedKmh":93.4}},{"type":"Feature","geometry":{"type":"LineString","coordinates":[[-79.583081,43.927416],[-79.583081,43.954366]]},"properties":{"PingCount":1,"AvgSpeedKmh":69.7}},{"type":"Feature","geometry":{"type":"LineString","coordinates":[[-79.657737,43.927416],[-79.657737,43.954366]]},"properties":{"PingCount":12,"AvgSpeedKmh":71.1}},{"type":"Feature","geometry":{"type":"LineString","coordinates":[[-79.657737,43.927416],[-79.657737,43.96784]]},"properties":{"PingCount":2,"AvgSpeedKmh":72.2}},{"type":"Feature","geometry":{"type":"LineString","coordinates":[[-79.657737,43.927416],[-79.676401,43.96784]]},"properties":{"PingCount":7,"AvgSpeedKmh":76.3}},{"type":"Feature","geometry":{"type":"LineString","coordinates":[[-78.599883,43.934924],[-78.606169,43.951778]]},"properties":{"PingCount":4,"AvgSpeedKmh":44.0}},{"type":"Feature","geometry":{"type":"LineString","coordinates":[[-78.599883,43.934924],[-78.610488,43.973435]]},"properties":{"PingCount":8,"AvgSpeedKmh":73.9}},{"type":"Feature","geometry":{"type":"LineString","coordinates":[[-78.612556,43.940891],[-78.614795,43.985248]]},"properties":{"PingCount":1,"AvgSpeedKmh":87.2}},{"type":"Feature","geometry":{"type":"LineString","coordinates":[[-78.705876,43.940891],[-78.72454,43.96784]]},"properties":{"PingCount":1,"AvgSpeedKmh":75.3}},{"type":"Feature","geometry":{"type":"LineString","coordinates":[[-78.761868,43.940891],[-78.780532,43.954366]]},"properties":{"PingCount":1,"AvgSpeedKmh":38.5}},{"type":"Feature","geometry":{"type":"LineString","coordinates":[[-78.761868,43.940891],[-78.799195,43.954366]]},"properties":{"PingCount":2,"AvgSpeedKmh":47.5}},{"type":"Feature","geometry":{"type":"LineString","coordinates":[[-78.761868,43.940891],[-78.780532,43.96784]]},"properties":{"PingCount":6,"AvgSpeedKmh":76.3}},{"type":"Feature","geometry":{"type":"LineString","coordinates":[[-78.761868,43.940891],[-78.799195,43.96784]]},"properties":{"PingCount":3,"AvgSpeedKmh":73.1}},{"type":"Feature","geometry":{"type":"LineString","coordinates":[[-78.817859,43.940891],[-78.836523,43.940891]]},"properties":{"PingCount":5,"AvgSpeedKmh":39.7}},{"type":"Feature","geometry":{"type":"LineString","coordinates":[[-78.817859,43.940891],[-78.855187,43.940891]]},"properties":{"PingCount":2,"AvgSpeedKmh":44.1}},{"type":"Feature","geometry":{"type":"LineString","coordinates":[[-78.817859,43.940891],[-78.780532,43.954366]]},"properties":{"PingCount":1,"AvgSpeedKmh":53.1}},{"type":"Feature","geometry":{"type":"LineString","coordinates":[[-78.817859,43.940891],[-78.799195,43.954366]]},"properties":{"PingCount":6,"AvgSpeedKmh":45.2}},{"type":"Feature","geometry":{"type":"LineString","coordinates":[[-78.836523,43.940891],[-78.855187,43.940891]]},"properties":{"PingCount":48,"AvgSpeedKmh":18.1}},{"type":"Feature","geometry":{"type":"LineString","coordinates":[[-78.836523,43.940891],[-78.873851,43.940891]]},"properties":{"PingCount":8,"AvgSpeedKmh":40.3}},{"type":"Feature","geometry":{"type":"LineString","coordinates":[[-78.836523,43.940891],[-78.799195,43.954366]]},"properties":{"PingCount":3,"AvgSpeedKmh":47.2}},{"type":"Feature","geometry":{"type":"LineString","coordinates":[[-78.836523,43.940891],[-78.817859,43.954366]]},"properties":{"PingCount":4,"AvgSpeedKmh":43.9}},{"type":"Feature","geometry":{"type":"LineString","coordinates":[[-78.836523,43.940891],[-78.855187,43.954366]]},"properties":{"PingCount":1,"AvgSpeedKmh":27.5}},{"type":"Feature","geometry":{"type":"LineString","coordinates":[[-78.836523,43.940891],[-78.836523,43.96784]]},"properties":{"PingCount":1,"AvgSpeedKmh":40.6}},{"type":"Feature","geometry":{"type":"LineString","coordinates":[[-78.855187,43.940891],[-78.873851,43.940891]]},"properties":{"PingCount":33,"AvgSpeedKmh":33.1}},{"type":"Feature","geometry":{"type":"LineString","coordinates":[[-78.855187,43.940891],[-78.855187,43.954366]]},"properties":{"PingCount":22,"AvgSpeedKmh":30.3}},{"type":"Feature","geometry":{"type":"LineString","coordinates":[[-78.855187,43.940891],[-78.873851,43.954366]]},"properties":{"PingCount":4,"AvgSpeedKmh":30.2}},{"type":"Feature","geometry":{"type":"LineString","coordinates":[[-78.855187,43.940891],[-78.855187,43.96784]]},"properties":{"PingCount":1,"AvgSpeedKmh":41.7}},{"type":"Feature","geometry":{"type":"LineString","coordinates":[[-78.873851,43.940891],[-78.892515,43.940891]]},"properties":{"PingCount":6,"AvgSpeedKmh":28.2}},{"type":"Feature","geometry":{"type":"LineString","coordinates":[[-78.873851,43.940891],[-78.911179,43.940891]]},"properties":{"PingCount":1,"AvgSpeedKmh":27.5}},{"type":"Feature","geometry":{"type":"LineString","coordinates":[[-78.873851,43.940891],[-78.873851,43.954366]]},"properties":{"PingCount":5,"AvgSpeedKmh":29.8}},{"type":"Feature","geometry":{"type":"LineString","coordinates":[[-78.873851,43.940891],[-78.892515,43.954366]]},"properties":{"PingCount":10,"AvgSpeedKmh":36.0}},{"type":"Feature","geometry":{"type":"LineString","coordinates":[[-78.892515,43.940891],[-78.911179,43.940891]]},"properties":{"PingCount":11,"AvgSpeedKmh":26.7}},{"type":"Feature","geometry":{"type":"LineString","coordinates":[[-78.892515,43.940891],[-78.929843,43.940891]]},"properties":{"PingCount":1,"AvgSpeedKmh":47.5}},{"type":"Feature","geometry":{"type":"LineString","coordinates":[[-78.892515,43.940891],[-78.873851,43.954366]]},"properties":{"PingCount":1,"AvgSpeedKmh":40.7}},{"type":"Feature","geometry":{"type":"LineString","coordinates":[[-78.892515,43.940891],[-78.892515,43.954366]]},"properties":{"PingCount":14,"AvgSpeedKmh":30.0}},{"type":"Feature","geometry":{"type":"LineString","coordinates":[[-78.892515,43.940891],[-78.911179,43.954366]]},"properties":{"PingCount":2,"AvgSpeedKmh":32.7}},{"type":"Feature","geometry":{"type":"LineString","coordinates":[[-78.892515,43.940891],[-78.911179,43.96784]]},"properties":{"PingCount":9,"AvgSpeedKmh":40.1}},{"type":"Feature","geometry":{"type":"LineString","coordinates":[[-78.911179,43.940891],[-78.929843,43.940891]]},"properties":{"PingCount":5993,"AvgSpeedKmh":8.3}},{"type":"Feature","geometry":{"type":"LineString","coordinates":[[-78.911179,43.940891],[-78.959414,43.946394]]},"properties":{"PingCount":2,"AvgSpeedKmh":35.0}},{"type":"Feature","geometry":{"type":"LineString","coordinates":[[-78.911179,43.940891],[-79.005416,43.943098]]},"properties":{"PingCount":2,"AvgSpeedKmh":5.7}},{"type":"Feature","geometry":{"type":"LineString","coordinates":[[-78.911179,43.940891],[-78.873851,43.954366]]},"properties":{"PingCount":5,"AvgSpeedKmh":42.9}},{"type":"Feature","geometry":{"type":"LineString","coordinates":[[-78.911179,43.940891],[-78.892515,43.954366]]},"properties":{"PingCount":39,"AvgSpeedKmh":34.0}},{"type":"Feature","geometry":{"type":"LineString","coordinates":[[-78.911179,43.940891],[-78.911179,43.954366]]},"properties":{"PingCount":3,"AvgSpeedKmh":20.1}},{"type":"Feature","geometry":{"type":"LineString","coordinates":[[-78.911179,43.940891],[-78.929843,43.954366]]},"properties":{"PingCount":13,"AvgSpeedKmh":30.5}},{"type":"Feature","geometry":{"type":"LineString","coordinates":[[-78.911179,43.940891],[-78.959785,43.947293]]},"properties":{"PingCount":56,"AvgSpeedKmh":33.7}},{"type":"Feature","geometry":{"type":"LineString","coordinates":[[-78.911179,43.940891],[-78.911179,43.96784]]},"properties":{"PingCount":4,"AvgSpeedKmh":40.1}},{"type":"Feature","geometry":{"type":"LineString","coordinates":[[-78.911179,43.940891],[-78.929843,43.96784]]},"properties":{"PingCount":7,"AvgSpeedKmh":42.3}},{"type":"Feature","geometry":{"type":"LineString","coordinates":[[-78.929843,43.940891],[-78.959414,43.946394]]},"properties":{"PingCount":12,"AvgSpeedKmh":38.3}},{"type":"Feature","geometry":{"type":"LineString","coordinates":[[-78.929843,43.940891],[-78.959785,43.947293]]},"properties":{"PingCount":81,"AvgSpeedKmh":45.8}},{"type":"Feature","geometry":{"type":"LineString","coordinates":[[-78.929843,43.940891],[-79.005416,43.943098]]},"properties":{"PingCount":1,"AvgSpeedKmh":19.1}},{"type":"Feature","geometry":{"type":"LineString","coordinates":[[-78.929843,43.940891],[-79.508426,43.940891]]},"properties":{"PingCount":1,"AvgSpeedKmh":45.8}},{"type":"Feature","geometry":{"type":"LineString","coordinates":[[-78.929843,43.940891],[-78.911179,43.954366]]},"properties":{"PingCount":1,"AvgSpeedKmh":19.6}},{"type":"Feature","geometry":{"type":"LineString","coordinates":[[-78.929843,43.940891],[-78.929843,43.954366]]},"properties":{"PingCount":28,"AvgSpeedKmh":34.7}},{"type":"Feature","geometry":{"type":"LineString","coordinates":[[-78.929843,43.940891],[-78.959785,43.947293]]},"properties":{"PingCount":790,"AvgSpeedKmh":32.2}},{"type":"Feature","geometry":{"type":"LineString","coordinates":[[-78.929843,43.940891],[-78.97258,43.950759]]},"properties":{"PingCount":269,"AvgSpeedKmh":51.3}},{"type":"Feature","geometry":{"type":"LineString","coordinates":[[-78.929843,43.940891],[-78.982669,43.948289]]},"properties":{"PingCount":68,"AvgSpeedKmh":67.7}},{"type":"Feature","geometry":{"type":"LineString","coordinates":[[-78.929843,43.940891],[-79.004499,43.954366]]},"properties":{"PingCount":6,"AvgSpeedKmh":49.8}},{"type":"Feature","geometry":{"type":"LineString","coordinates":[[-78.929843,43.940891],[-78.911179,43.96784]]},"properties":{"PingCount":20,"AvgSpeedKmh":67.5}},{"type":"Feature","geometry":{"type":"LineString","coordinates":[[-78.929843,43.940891],[-78.929843,43.96784]]},"properties":{"PingCount":5,"AvgSpeedKmh":49.9}},{"type":"Feature","geometry":{"type":"LineString","coordinates":[[-78.929843,43.940891],[-78.948507,43.96784]]},"properties":{"PingCount":1,"AvgSpeedKmh":54.8}},{"type":"Feature","geometry":{"type":"LineString","coordinates":[[-78.959414,43.946394],[-79.005416,43.943098]]},"properties":{"PingCount":7,"AvgSpeedKmh":80.0}},{"type":"Feature","geometry":{"type":"LineString","coordinates":[[-78.959414,43.946394],[-78.97258,43.950759]]},"properties":{"PingCount":1,"AvgSpeedKmh":44.5}},{"type":"Feature","geometry":{"type":"LineString","coordinates":[[-78.959414,43.946394],[-78.982669,43.948289]]},"properties":{"PingCount":3,"AvgSpeedKmh":67.3}},{"type":"Feature","geometry":{"type":"LineString","coordinates":[[-78.959785,43.947293],[-79.005416,43.943098]]},"properties":{"PingCount":60,"AvgSpeedKmh":73.0}},{"type":"Feature","geometry":{"type":"LineString","coordinates":[[-78.959785,43.947293],[-78.959785,43.947293]]},"properties":{"PingCount":3,"AvgSpeedKmh":39.6}},{"type":"Feature","geometry":{"type":"LineString","coordinates":[[-78.959785,43.947293],[-78.97258,43.950759]]},"properties":{"PingCount":7,"AvgSpeedKmh":35.0}},{"type":"Feature","geometry":{"type":"LineString","coordinates":[[-78.959785,43.947293],[-78.982669,43.948289]]},"properties":{"PingCount":5,"AvgSpeedKmh":45.8}},{"type":"Feature","geometry":{"type":"LineString","coordinates":[[-78.959785,43.947293],[-79.004499,43.954366]]},"properties":{"PingCount":5,"AvgSpeedKmh":66.4}},{"type":"Feature","geometry":{"type":"LineString","coordinates":[[-78.959785,43.947293],[-79.023163,43.954366]]},"properties":{"PingCount":12,"AvgSpeedKmh":96.7}},{"type":"Feature","geometry":{"type":"LineString","coordinates":[[-78.959785,43.947293],[-78.911179,43.96784]]},"properties":{"PingCount":3,"AvgSpeedKmh":89.4}},{"type":"Feature","geometry":{"type":"LineString","coordinates":[[-78.959785,43.947293],[-78.929843,43.96784]]},"properties":{"PingCount":1,"AvgSpeedKmh":72.0}},{"type":"Feature","geometry":{"type":"LineString","coordinates":[[-78.992448,43.945971],[-79.005416,43.943098]]},"properties":{"PingCount":1,"AvgSpeedKmh":31.3}},{"type":"Feature","geometry":{"type":"LineString","coordinates":[[-78.992448,43.945971],[-79.016905,43.940195]]},"properties":{"PingCount":1,"AvgSpeedKmh":44.0}},{"type":"Feature","geometry":{"type":"LineString","coordinates":[[-78.992448,43.945971],[-78.97258,43.950759]]},"properties":{"PingCount":6,"AvgSpeedKmh":44.5}},{"type":"Feature","geometry":{"type":"LineString","coordinates":[[-79.005416,43.943098],[-79.016905,43.940195]]},"properties":{"PingCount":4,"AvgSpeedKmh":44.5}},{"type":"Feature","geometry":{"type":"LineString","coordinates":[[-79.005416,43.943098],[-79.036635,43.935532]]},"properties":{"PingCount":9,"AvgSpeedKmh":55.6}},{"type":"Feature","geometry":{"type":"LineString","coordinates":[[-79.005416,43.943098],[-78.959785,43.947293]]},"properties":{"PingCount":45,"AvgSpeedKmh":84.6}},{"type":"Feature","geometry":{"type":"LineString","coordinates":[[-79.005416,43.943098],[-78.97258,43.950759]]},"properties":{"PingCount":231,"AvgSpeedKmh":63.6}},{"type":"Feature","geometry":{"type":"LineString","coordinates":[[-79.005416,43.943098],[-78.982669,43.948289]]},"properties":{"PingCount":31,"AvgSpeedKmh":49.4}},{"type":"Feature","geometry":{"type":"LineString","coordinates":[[-79.005416,43.943098],[-79.004499,43.954366]]},"properties":{"PingCount":1,"AvgSpeedKmh":76.1}},{"type":"Feature","geometry":{"type":"LineString","coordinates":[[-79.005416,43.943098],[-79.023163,43.954366]]},"properties":{"PingCount":1,"AvgSpeedKmh":35.7}},{"type":"Feature","geometry":{"type":"LineString","coordinates":[[-79.016905,43.940195],[-79.036635,43.935532]]},"properties":{"PingCount":1,"AvgSpeedKmh":82.9}},{"type":"Feature","geometry":{"type":"LineString","coordinates":[[-79.016905,43.940195],[-79.060491,43.940891]]},"properties":{"PingCount":9,"AvgSpeedKmh":70.1}},{"type":"Feature","geometry":{"type":"LineString","coordinates":[[-79.016905,43.940195],[-78.97258,43.950759]]},"properties":{"PingCount":9,"AvgSpeedKmh":88.4}},{"type":"Feature","geometry":{"type":"LineString","coordinates":[[-79.016905,43.940195],[-78.982669,43.948289]]},"properties":{"PingCount":11,"AvgSpeedKmh":65.3}},{"type":"Feature","geometry":{"type":"LineString","coordinates":[[-79.016905,43.940195],[-79.004499,43.954366]]},"properties":{"PingCount":4,"AvgSpeedKmh":41.9}},{"type":"Feature","geometry":{"type":"LineString","coordinates":[[-79.016905,43.940195],[-79.023163,43.954366]]},"properties":{"PingCount":2,"AvgSpeedKmh":29.6}},{"type":"Feature","geometry":{"type":"LineString","coordinates":[[-79.016905,43.940195],[-79.023163,43.96784]]},"properties":{"PingCount":2,"AvgSpeedKmh":63.8}},{"type":"Feature","geometry":{"type":"LineString","coordinates":[[-79.016905,43.940195],[-79.041827,43.981315]]},"properties":{"PingCount":1,"AvgSpeedKmh":83.7}},{"type":"Feature","geometry":{"type":"LineString","coordinates":[[-79.036635,43.935532],[-78.97258,43.950759]]},"properties":{"PingCount":12,"AvgSpeedKmh":96.3}},{"type":"Feature","geometry":{"type":"LineString","coordinates":[[-79.036635,43.935532],[-78.982669,43.948289]]},"properties":{"PingCount":70,"AvgSpeedKmh":94.4}},{"type":"Feature","geometry":{"type":"LineString","coordinates":[[-79.036635,43.935532],[-79.004499,43.954366]]},"properties":{"PingCount":6,"AvgSpeedKmh":78.1}},{"type":"Feature","geometry":{"type":"LineString","coordinates":[[-79.036635,43.935532],[-79.023163,43.954366]]},"properties":{"PingCount":1,"AvgSpeedKmh":43.9}},{"type":"Feature","geometry":{"type":"LineString","coordinates":[[-79.060491,43.940891],[-78.982669,43.948289]]},"properties":{"PingCount":7,"AvgSpeedKmh":97.5}},{"type":"Feature","geometry":{"type":"LineString","coordinates":[[-79.060491,43.940891],[-79.004499,43.954366]]},"properties":{"PingCount":60,"AvgSpeedKmh":95.7}},{"type":"Feature","geometry":{"type":"LineString","coordinates":[[-79.060491,43.940891],[-79.023163,43.954366]]},"properties":{"PingCount":11,"AvgSpeedKmh":79.6}},{"type":"Feature","geometry":{"type":"LineString","coordinates":[[-79.079155,43.940891],[-79.004499,43.954366]]},"properties":{"PingCount":4,"AvgSpeedKmh":97.6}},{"type":"Feature","geometry":{"type":"LineString","coordinates":[[-79.079155,43.940891],[-79.023163,43.954366]]},"properties":{"PingCount":26,"AvgSpeedKmh":95.7}},{"type":"Feature","geometry":{"type":"LineString","coordinates":[[-79.116483,43.940891],[-79.116483,43.96784]]},"properties":{"PingCount":4,"AvgSpeedKmh":69.6}},{"type":"Feature","geometry":{"type":"LineString","coordinates":[[-79.228466,43.940891],[-79.135147,43.96784]]},"properties":{"PingCount":1,"AvgSpeedKmh":52.0}},{"type":"Feature","geometry":{"type":"LineString","coordinates":[[-79.24713,43.940891],[-79.24713,43.96784]]},"properties":{"PingCount":1,"AvgSpeedKmh":46.3}},{"type":"Feature","geometry":{"type":"LineString","coordinates":[[-79.265794,43.940891],[-79.284458,43.954366]]},"properties":{"PingCount":1,"AvgSpeedKmh":53.1}},{"type":"Feature","geometry":{"type":"LineString","coordinates":[[-79.265794,43.940891],[-79.280881,43.963113]]},"properties":{"PingCount":1,"AvgSpeedKmh":60.8}},{"type":"Feature","geometry":{"type":"LineString","coordinates":[[-79.277917,43.9456],[-79.284458,43.954366]]},"properties":{"PingCount":2,"AvgSpeedKmh":25.8}},{"type":"Feature","geometry":{"type":"LineString","coordinates":[[-79.277917,43.9456],[-79.280881,43.963113]]},"properties":{"PingCount":4,"AvgSpeedKmh":48.7}},{"type":"Feature","geometry":{"type":"LineString","coordinates":[[-79.359114,43.940891],[-79.390016,43.933648]]},"properties":{"PingCount":1,"AvgSpeedKmh":46.1}},{"type":"Feature","geometry":{"type":"LineString","coordinates":[[-79.359114,43.940891],[-79.321786,43.954366]]},"properties":{"PingCount":3,"AvgSpeedKmh":58.9}},{"type":"Feature","geometry":{"type":"LineString","coordinates":[[-79.377778,43.940891],[-79.415106,43.940891]]},"properties":{"PingCount":1,"AvgSpeedKmh":47.2}},{"type":"Feature","geometry":{"type":"LineString","coordinates":[[-79.377778,43.940891],[-79.34045,43.954366]]},"properties":{"PingCount":4,"AvgSpeedKmh":60.3}},{"type":"Feature","geometry":{"type":"LineString","coordinates":[[-79.377778,43.940891],[-79.359114,43.954366]]},"properties":{"PingCount":1,"AvgSpeedKmh":44.5}},{"type":"Feature","geometry":{"type":"LineString","coordinates":[[-79.377778,43.940891],[-79.377778,43.96784]]},"properties":{"PingCount":1,"AvgSpeedKmh":61.7}},{"type":"Feature","geometry":{"type":"LineString","coordinates":[[-79.390016,43.933648],[-79.415106,43.940891]]},"properties":{"PingCount":1,"AvgSpeedKmh":30.1}},{"type":"Feature","geometry":{"type":"LineString","coordinates":[[-79.390016,43.933648],[-79.396442,43.954366]]},"properties":{"PingCount":1,"AvgSpeedKmh":39.2}},{"type":"Feature","geometry":{"type":"LineString","coordinates":[[-79.390016,43.933648],[-79.39227,43.973482]]},"properties":{"PingCount":20,"AvgSpeedKmh":85.9}},{"type":"Feature","geometry":{"type":"LineString","coordinates":[[-79.454582,43.944024],[-79.471098,43.940891]]},"properties":{"PingCount":1,"AvgSpeedKmh":24.4}},{"type":"Feature","geometry":{"type":"LineString","coordinates":[[-79.454582,43.944024],[-79.489762,43.940891]]},"properties":{"PingCount":6,"AvgSpeedKmh":42.7}},{"type":"Feature","geometry":{"type":"LineString","coordinates":[[-79.454582,43.944024],[-79.457949,43.959298]]},"properties":{"PingCount":8,"AvgSpeedKmh":23.1}},{"type":"Feature","geometry":{"type":"LineString","coordinates":[[-79.471098,43.940891],[-79.489762,43.940891]]},"properties":{"PingCount":2,"AvgSpeedKmh":33.9}},{"type":"Feature","geometry":{"type":"LineString","coordinates":[[-79.471098,43.940891],[-79.457949,43.959298]]},"properties":{"PingCount":2,"AvgSpeedKmh":32.3}},{"type":"Feature","geometry":{"type":"LineString","coordinates":[[-79.471098,43.940891],[-79.471098,43.954366]]},"properties":{"PingCount":1,"AvgSpeedKmh":16.6}},{"type":"Feature","geometry":{"type":"LineString","coordinates":[[-79.489762,43.940891],[-79.508426,43.940891]]},"properties":{"PingCount":8,"AvgSpeedKmh":35.2}},{"type":"Feature","geometry":{"type":"LineString","coordinates":[[-79.489762,43.940891],[-79.471098,43.954366]]},"properties":{"PingCount":2,"AvgSpeedKmh":44.0}},{"type":"Feature","geometry":{"type":"LineString","coordinates":[[-79.489762,43.940891],[-79.489762,43.954366]]},"properties":{"PingCount":5,"AvgSpeedKmh":39.7}},{"type":"Feature","geometry":{"type":"LineString","coordinates":[[-79.571813,43.945002],[-79.564417,43.954366]]},"properties":{"PingCount":1,"AvgSpeedKmh":3.0}},{"type":"Feature","geometry":{"type":"LineString","coordinates":[[-79.571813,43.945002],[-79.583081,43.96784]]},"properties":{"PingCount":2,"AvgSpeedKmh":86.5}},{"type":"Feature","geometry":{"type":"LineString","coordinates":[[-79.571813,43.945002],[-79.583081,43.981315]]},"properties":{"PingCount":8,"AvgSpeedKmh":90.3}},{"type":"Feature","geometry":{"type":"LineString","coordinates":[[-79.571813,43.945002],[-79.585364,43.999461]]},"properties":{"PingCount":2,"AvgSpeedKmh":96.5}},{"type":"Feature","geometry":{"type":"LineString","coordinates":[[-79.657737,43.940891],[-79.676401,43.96784]]},"properties":{"PingCount":11,"AvgSpeedKmh":70.9}},{"type":"Feature","geometry":{"type":"LineString","coordinates":[[-79.657737,43.940891],[-79.676401,43.981315]]},"properties":{"PingCount":9,"AvgSpeedKmh":78.1}},{"type":"Feature","geometry":{"type":"LineString","coordinates":[[-78.606169,43.951778],[-78.614795,43.985248]]},"properties":{"PingCount":1,"AvgSpeedKmh":85.0}},{"type":"Feature","geometry":{"type":"LineString","coordinates":[[-78.606169,43.951778],[-78.60965,43.994317]]},"properties":{"PingCount":3,"AvgSpeedKmh":86.5}},{"type":"Feature","geometry":{"type":"LineString","coordinates":[[-78.72454,43.954366],[-78.743204,43.96784]]},"properties":{"PingCount":2,"AvgSpeedKmh":30.0}},{"type":"Feature","geometry":{"type":"LineString","coordinates":[[-78.72454,43.954366],[-78.743204,43.981315]]},"properties":{"PingCount":1,"AvgSpeedKmh":50.6}},{"type":"Feature","geometry":{"type":"LineString","coordinates":[[-78.761868,43.954366],[-78.780532,43.954366]]},"properties":{"PingCount":1,"AvgSpeedKmh":31.7}},{"type":"Feature","geometry":{"type":"LineString","coordinates":[[-78.761868,43.954366],[-78.799195,43.954366]]},"properties":{"PingCount":6,"AvgSpeedKmh":55.4}},{"type":"Feature","geometry":{"type":"LineString","coordinates":[[-78.761868,43.954366],[-78.72454,43.96784]]},"properties":{"PingCount":1,"AvgSpeedKmh":61.0}},{"type":"Feature","geometry":{"type":"LineString","coordinates":[[-78.761868,43.954366],[-78.799195,43.96784]]},"properties":{"PingCount":7,"AvgSpeedKmh":68.5}},{"type":"Feature","geometry":{"type":"LineString","coordinates":[[-78.761868,43.954366],[-78.817859,43.96784]]},"properties":{"PingCount":13,"AvgSpeedKmh":77.7}},{"type":"Feature","geometry":{"type":"LineString","coordinates":[[-78.780532,43.954366],[-78.799195,43.954366]]},"properties":{"PingCount":1,"AvgSpeedKmh":45.4}},{"type":"Feature","geometry":{"type":"LineString","coordinates":[[-78.780532,43.954366],[-78.817859,43.954366]]},"properties":{"PingCount":3,"AvgSpeedKmh":57.0}},{"type":"Feature","geometry":{"type":"LineString","coordinates":[[-78.780532,43.954366],[-78.743204,43.96784]]},"properties":{"PingCount":2,"AvgSpeedKmh":67.6}},{"type":"Feature","geometry":{"type":"LineString","coordinates":[[-78.799195,43.954366],[-78.817859,43.954366]]},"properties":{"PingCount":1,"AvgSpeedKmh":10.5}},{"type":"Feature","geometry":{"type":"LineString","coordinates":[[-78.799195,43.954366],[-78.743204,43.96784]]},"properties":{"PingCount":1,"AvgSpeedKmh":77.8}},{"type":"Feature","geometry":{"type":"LineString","coordinates":[[-78.799195,43.954366],[-78.817859,43.96784]]},"properties":{"PingCount":1,"AvgSpeedKmh":36.6}},{"type":"Feature","geometry":{"type":"LineString","coordinates":[[-78.855187,43.954366],[-78.873851,43.954366]]},"properties":{"PingCount":8,"AvgSpeedKmh":30.4}},{"type":"Feature","geometry":{"type":"LineString","coordinates":[[-78.855187,43.954366],[-78.892515,43.954366]]},"properties":{"PingCount":6,"AvgSpeedKmh":42.1}},{"type":"Feature","geometry":{"type":"LineString","coordinates":[[-78.855187,43.954366],[-78.836523,43.96784]]},"properties":{"PingCount":1,"AvgSpeedKmh":38.7}},{"type":"Feature","geometry":{"type":"LineString","coordinates":[[-78.855187,43.954366],[-78.855187,43.96784]]},"properties":{"PingCount":2,"AvgSpeedKmh":47.9}},{"type":"Feature","geometry":{"type":"LineString","coordinates":[[-78.855187,43.954366],[-78.873851,43.981315]]},"properties":{"PingCount":8,"AvgSpeedKmh":52.6}},{"type":"Feature","geometry":{"type":"LineString","coordinates":[[-78.873851,43.954366],[-78.892515,43.954366]]},"properties":{"PingCount":12,"AvgSpeedKmh":32.0}},{"type":"Feature","geometry":{"type":"LineString","coordinates":[[-78.892515,43.954366],[-78.911179,43.954366]]},"properties":{"PingCount":3,"AvgSpeedKmh":19.3}},{"type":"Feature","geometry":{"type":"LineString","coordinates":[[-78.892515,43.954366],[-78.911179,43.96784]]},"properties":{"PingCount":39,"AvgSpeedKmh":28.1}},{"type":"Feature","geometry":{"type":"LineString","coordinates":[[-78.892515,43.954366],[-78.911179,43.981315]]},"properties":{"PingCount":1,"AvgSpeedKmh":54.7}},{"type":"Feature","geometry":{"type":"LineString","coordinates":[[-78.911179,43.954366],[-78.911179,43.96784]]},"properties":{"PingCount":9,"AvgSpeedKmh":25.0}},{"type":"Feature","geometry":{"type":"LineString","coordinates":[[-78.929843,43.954366],[-78.959785,43.947293]]},"properties":{"PingCount":1,"AvgSpeedKmh":43.8}},{"type":"Feature","geometry":{"type":"LineString","coordinates":[[-78.929843,43.954366],[-78.97258,43.950759]]},"properties":{"PingCount":6,"AvgSpeedKmh":53.5}},{"type":"Feature","geometry":{"type":"LineString","coordinates":[[-78.929843,43.954366],[-78.982669,43.948289]]},"properties":{"PingCount":9,"AvgSpeedKmh":78.7}},{"type":"Feature","geometry":{"type":"LineString","coordinates":[[-78.929843,43.954366],[-78.911179,43.96784]]},"properties":{"PingCount":15,"AvgSpeedKmh":41.0}},{"type":"Feature","geometry":{"type":"LineString","coordinates":[[-78.929843,43.954366],[-78.929843,43.96784]]},"properties":{"PingCount":1,"AvgSpeedKmh":41.6}},{"type":"Feature","geometry":{"type":"LineString","coordinates":[[-78.929843,43.954366],[-78.873851,43.981315]]},"properties":{"PingCount":11,"AvgSpeedKmh":93.5}},{"type":"Feature","geometry":{"type":"LineString","coordinates":[[-78.929843,43.954366],[-78.892515,43.981315]]},"properties":{"PingCount":9,"AvgSpeedKmh":93.1}},{"type":"Feature","geometry":{"type":"LineString","coordinates":[[-78.959785,43.947293],[-78.97258,43.950759]]},"properties":{"PingCount":93,"AvgSpeedKmh":44.5}},{"type":"Feature","geometry":{"type":"LineString","coordinates":[[-78.959785,43.947293],[-78.982669,43.948289]]},"properties":{"PingCount":332,"AvgSpeedKmh":73.7}},{"type":"Feature","geometry":{"type":"LineString","coordinates":[[-78.959785,43.947293],[-79.004499,43.954366]]},"properties":{"PingCount":345,"AvgSpeedKmh":90.4}},{"type":"Feature","geometry":{"type":"LineString","coordinates":[[-78.959785,43.947293],[-79.023163,43.954366]]},"properties":{"PingCount":13,"AvgSpeedKmh":96.3}},{"type":"Feature","geometry":{"type":"LineString","coordinates":[[-78.959785,43.947293],[-78.892515,43.96784]]},"properties":{"PingCount":7,"AvgSpeedKmh":85.8}},{"type":"Feature","geometry":{"type":"LineString","coordinates":[[-78.959785,43.947293],[-78.911179,43.96784]]},"properties":{"PingCount":13,"AvgSpeedKmh":66.2}},{"type":"Feature","geometry":{"type":"LineString","coordinates":[[-78.959785,43.947293],[-78.929843,43.96784]]},"properties":{"PingCount":1,"AvgSpeedKmh":42.7}},{"type":"Feature","geometry":{"type":"LineString","coordinates":[[-78.959785,43.947293],[-78.948507,43.96784]]},"properties":{"PingCount":2,"AvgSpeedKmh":35.6}},{"type":"Feature","geometry":{"type":"LineString","coordinates":[[-78.959785,43.947293],[-78.892515,43.981315]]},"properties":{"PingCount":3,"AvgSpeedKmh":92.8}},{"type":"Feature","geometry":{"type":"LineString","coordinates":[[-78.959785,43.947293],[-78.948507,43.981315]]},"properties":{"PingCount":2,"AvgSpeedKmh":55.2}},{"type":"Feature","geometry":{"type":"LineString","coordinates":[[-78.97258,43.950759],[-78.982669,43.948289]]},"properties":{"PingCount":10,"AvgSpeedKmh":28.9}},{"type":"Feature","geometry":{"type":"LineString","coordinates":[[-78.97258,43.950759],[-79.004499,43.954366]]},"properties":{"PingCount":34,"AvgSpeedKmh":73.7}},{"type":"Feature","geometry":{"type":"LineString","coordinates":[[-78.97258,43.950759],[-79.023163,43.954366]]},"properties":{"PingCount":36,"AvgSpeedKmh":90.6}},{"type":"Feature","geometry":{"type":"LineString","coordinates":[[-78.97258,43.950759],[-78.911179,43.96784]]},"properties":{"PingCount":2,"AvgSpeedKmh":89.7}},{"type":"Feature","geometry":{"type":"LineString","coordinates":[[-78.97258,43.950759],[-78.929843,43.96784]]},"properties":{"PingCount":1,"AvgSpeedKmh":88.0}},{"type":"Feature","geometry":{"type":"LineString","coordinates":[[-78.97258,43.950759],[-78.960453,43.971082]]},"properties":{"PingCount":1,"AvgSpeedKmh":34.5}},{"type":"Feature","geometry":{"type":"LineString","coordinates":[[-78.982669,43.948289],[-79.004499,43.954366]]},"properties":{"PingCount":11,"AvgSpeedKmh":49.2}},{"type":"Feature","geometry":{"type":"LineString","coordinates":[[-78.982669,43.948289],[-79.023163,43.954366]]},"properties":{"PingCount":6,"AvgSpeedKmh":57.7}},{"type":"Feature","geometry":{"type":"LineString","coordinates":[[-79.004499,43.954366],[-79.023163,43.954366]]},"properties":{"PingCount":11,"AvgSpeedKmh":28.4}},{"type":"Feature","geometry":{"type":"LineString","coordinates":[[-79.004499,43.954366],[-79.023163,43.96784]]},"properties":{"PingCount":2,"AvgSpeedKmh":49.9}},{"type":"Feature","geometry":{"type":"LineString","coordinates":[[-79.023163,43.954366],[-79.041827,43.981315]]},"properties":{"PingCount":7,"AvgSpeedKmh":69.1}},{"type":"Feature","geometry":{"type":"LineString","coordinates":[[-79.023163,43.954366],[-79.041827,43.99479]]},"properties":{"PingCount":1,"AvgSpeedKmh":79.3}},{"type":"Feature","geometry":{"type":"LineString","coordinates":[[-79.116483,43.954366],[-79.135147,43.96784]]},"properties":{"PingCount":1,"AvgSpeedKmh":41.9}},{"type":"Feature","geometry":{"type":"LineString","coordinates":[[-79.116483,43.954366],[-79.116483,43.981315]]},"properties":{"PingCount":1,"AvgSpeedKmh":58.9}},{"type":"Feature","geometry":{"type":"LineString","coordinates":[[-79.116483,43.954366],[-79.135147,43.981315]]},"properties":{"PingCount":1,"AvgSpeedKmh":71.6}},{"type":"Feature","geometry":{"type":"LineString","coordinates":[[-79.116483,43.954366],[-79.135147,43.99479]]},"properties":{"PingCount":1,"AvgSpeedKmh":72.6}},{"type":"Feature","geometry":{"type":"LineString","coordinates":[[-79.228466,43.954366],[-79.24713,43.954366]]},"properties":{"PingCount":1,"AvgSpeedKmh":32.0}},{"type":"Feature","geometry":{"type":"LineString","coordinates":[[-79.228466,43.954366],[-79.153811,43.96784]]},"properties":{"PingCount":1,"AvgSpeedKmh":44.1}},{"type":"Feature","geometry":{"type":"LineString","coordinates":[[-79.24713,43.954366],[-79.24713,43.96784]]},"properties":{"PingCount":1,"AvgSpeedKmh":20.6}},{"type":"Feature","geometry":{"type":"LineString","coordinates":[[-79.24713,43.954366],[-79.265794,43.96784]]},"properties":{"PingCount":2,"AvgSpeedKmh":31.4}},{"type":"Feature","geometry":{"type":"LineString","coordinates":[[-79.265794,43.954366],[-79.284458,43.954366]]},"properties":{"PingCount":5,"AvgSpeedKmh":10.9}},{"type":"Feature","geometry":{"type":"LineString","coordinates":[[-79.265794,43.954366],[-79.265794,43.96784]]},"properties":{"PingCount":1,"AvgSpeedKmh":13.6}},{"type":"Feature","geometry":{"type":"LineString","coordinates":[[-79.284458,43.954366],[-79.303122,43.954366]]},"properties":{"PingCount":2,"AvgSpeedKmh":39.5}},{"type":"Feature","geometry":{"type":"LineString","coordinates":[[-79.284458,43.954366],[-79.265794,43.96784]]},"properties":{"PingCount":4,"AvgSpeedKmh":20.5}},{"type":"Feature","geometry":{"type":"LineString","coordinates":[[-79.284458,43.954366],[-79.280881,43.963113]]},"properties":{"PingCount":2,"AvgSpeedKmh":35.7}},{"type":"Feature","geometry":{"type":"LineString","coordinates":[[-79.284458,43.954366],[-79.28367,43.978859]]},"properties":{"PingCount":3,"AvgSpeedKmh":68.3}},{"type":"Feature","geometry":{"type":"LineString","coordinates":[[-79.303122,43.954366],[-79.321786,43.954366]]},"properties":{"PingCount":3,"AvgSpeedKmh":49.0}},{"type":"Feature","geometry":{"type":"LineString","coordinates":[[-79.303122,43.954366],[-79.34045,43.954366]]},"properties":{"PingCount":4,"AvgSpeedKmh":64.5}},{"type":"Feature","geometry":{"type":"LineString","coordinates":[[-79.303122,43.954366],[-79.265794,43.96784]]},"properties":{"PingCount":3,"AvgSpeedKmh":43.0}},{"type":"Feature","geometry":{"type":"LineString","coordinates":[[-79.303122,43.954366],[-79.280881,43.963113]]},"properties":{"PingCount":3,"AvgSpeedKmh":46.3}},{"type":"Feature","geometry":{"type":"LineString","coordinates":[[-79.321786,43.954366],[-79.359114,43.954366]]},"properties":{"PingCount":1,"AvgSpeedKmh":59.2}},{"type":"Feature","geometry":{"type":"LineString","coordinates":[[-79.321786,43.954366],[-79.280881,43.963113]]},"properties":{"PingCount":1,"AvgSpeedKmh":55.8}},{"type":"Feature","geometry":{"type":"LineString","coordinates":[[-79.396442,43.954366],[-79.415106,43.96784]]},"properties":{"PingCount":1,"AvgSpeedKmh":44.8}},{"type":"Feature","geometry":{"type":"LineString","coordinates":[[-79.396442,43.954366],[-79.39227,43.973482]]},"properties":{"PingCount":3,"AvgSpeedKmh":56.1}},{"type":"Feature","geometry":{"type":"LineString","coordinates":[[-79.396442,43.954366],[-79.396442,43.99479]]},"properties":{"PingCount":11,"AvgSpeedKmh":92.2}},{"type":"Feature","geometry":{"type":"LineString","coordinates":[[-79.396442,43.954366],[-79.406574,44.014302]]},"properties":{"PingCount":2,"AvgSpeedKmh":97.7}},{"type":"Feature","geometry":{"type":"LineString","coordinates":[[-79.457949,43.959298],[-79.471098,43.954366]]},"properties":{"PingCount":3,"AvgSpeedKmh":25.1}},{"type":"Feature","geometry":{"type":"LineString","coordinates":[[-79.457949,43.959298],[-79.43377,43.96784]]},"properties":{"PingCount":9,"AvgSpeedKmh":36.9}},{"type":"Feature","geometry":{"type":"LineString","coordinates":[[-79.457949,43.959298],[-79.458764,43.962981]]},"properties":{"PingCount":13,"AvgSpeedKmh":29.3}},{"type":"Feature","geometry":{"type":"LineString","coordinates":[[-79.457949,43.959298],[-79.463678,43.983764]]},"properties":{"PingCount":3,"AvgSpeedKmh":47.1}},{"type":"Feature","geometry":{"type":"LineString","coordinates":[[-79.489762,43.954366],[-79.458764,43.962981]]},"properties":{"PingCount":4,"AvgSpeedKmh":42.2}},{"type":"Feature","geometry":{"type":"LineString","coordinates":[[-79.489762,43.954366],[-79.471098,43.96784]]},"properties":{"PingCount":1,"AvgSpeedKmh":35.8}},{"type":"Feature","geometry":{"type":"LineString","coordinates":[[-79.564417,43.954366],[-79.583081,43.981315]]},"properties":{"PingCount":2,"AvgSpeedKmh":71.7}},{"type":"Feature","geometry":{"type":"LineString","coordinates":[[-79.564417,43.954366],[-79.585364,43.999461]]},"properties":{"PingCount":4,"AvgSpeedKmh":92.4}},{"type":"Feature","geometry":{"type":"LineString","coordinates":[[-79.583081,43.954366],[-79.601745,43.981315]]},"properties":{"PingCount":1,"AvgSpeedKmh":66.2}},{"type":"Feature","geometry":{"type":"LineString","coordinates":[[-79.583081,43.954366],[-79.585364,43.999461]]},"properties":{"PingCount":7,"AvgSpeedKmh":92.3}},{"type":"Feature","geometry":{"type":"LineString","coordinates":[[-79.583081,43.954366],[-79.58752,44.00594]]},"properties":{"PingCount":1,"AvgSpeedKmh":98.0}},{"type":"Feature","geometry":{"type":"LineString","coordinates":[[-79.657737,43.954366],[-79.676401,43.96784]]},"properties":{"PingCount":1,"AvgSpeedKmh":90.8}},{"type":"Feature","geometry":{"type":"LineString","coordinates":[[-79.657737,43.954366],[-79.676401,43.981315]]},"properties":{"PingCount":9,"AvgSpeedKmh":74.0}},{"type":"Feature","geometry":{"type":"LineString","coordinates":[[-79.657737,43.954366],[-79.676401,43.99479]]},"properties":{"PingCount":10,"AvgSpeedKmh":77.1}},{"type":"Feature","geometry":{"type":"LineString","coordinates":[[-78.610488,43.973435],[-78.60965,43.994317]]},"properties":{"PingCount":1,"AvgSpeedKmh":85.3}},{"type":"Feature","geometry":{"type":"LineString","coordinates":[[-78.610488,43.973435],[-78.609552,44.013254]]},"properties":{"PingCount":7,"AvgSpeedKmh":83.2}},{"type":"Feature","geometry":{"type":"LineString","coordinates":[[-78.705876,43.96784],[-78.743204,43.96784]]},"properties":{"PingCount":1,"AvgSpeedKmh":49.2}},{"type":"Feature","geometry":{"type":"LineString","coordinates":[[-78.705876,43.96784],[-78.668548,43.981315]]},"properties":{"PingCount":1,"AvgSpeedKmh":73.3}},{"type":"Feature","geometry":{"type":"LineString","coordinates":[[-78.72454,43.96784],[-78.687212,43.981315]]},"properties":{"PingCount":1,"AvgSpeedKmh":75.6}},{"type":"Feature","geometry":{"type":"LineString","coordinates":[[-78.72454,43.96784],[-78.72454,43.981315]]},"properties":{"PingCount":1,"AvgSpeedKmh":35.7}},{"type":"Feature","geometry":{"type":"LineString","coordinates":[[-78.761868,43.96784],[-78.817859,43.96784]]},"properties":{"PingCount":13,"AvgSpeedKmh":86.1}},{"type":"Feature","geometry":{"type":"LineString","coordinates":[[-78.761868,43.96784],[-78.705876,43.981315]]},"properties":{"PingCount":5,"AvgSpeedKmh":95.1}},{"type":"Feature","geometry":{"type":"LineString","coordinates":[[-78.780532,43.96784],[-78.817859,43.96784]]},"properties":{"PingCount":1,"AvgSpeedKmh":83.3}},{"type":"Feature","geometry":{"type":"LineString","coordinates":[[-78.780532,43.96784],[-78.836523,43.96784]]},"properties":{"PingCount":18,"AvgSpeedKmh":92.2}},{"type":"Feature","geometry":{"type":"LineString","coordinates":[[-78.780532,43.96784],[-78.705876,43.981315]]},"properties":{"PingCount":1,"AvgSpeedKmh":97.2}},{"type":"Feature","geometry":{"type":"LineString","coordinates":[[-78.780532,43.96784],[-78.72454,43.981315]]},"properties":{"PingCount":10,"AvgSpeedKmh":92.0}},{"type":"Feature","geometry":{"type":"LineString","coordinates":[[-78.780532,43.96784],[-78.836523,43.981315]]},"properties":{"PingCount":2,"AvgSpeedKmh":94.6}},{"type":"Feature","geometry":{"type":"LineString","coordinates":[[-78.780532,43.96784],[-78.855187,43.981315]]},"properties":{"PingCount":1,"AvgSpeedKmh":94.9}},{"type":"Feature","geometry":{"type":"LineString","coordinates":[[-78.799195,43.96784],[-78.743204,43.981315]]},"properties":{"PingCount":7,"AvgSpeedKmh":95.2}},{"type":"Feature","geometry":{"type":"LineString","coordinates":[[-78.799195,43.96784],[-78.855187,43.981315]]},"properties":{"PingCount":17,"AvgSpeedKmh":92.7}},{"type":"Feature","geometry":{"type":"LineString","coordinates":[[-78.817859,43.96784],[-78.761868,43.981315]]},"properties":{"PingCount":6,"AvgSpeedKmh":93.2}},{"type":"Feature","geometry":{"type":"LineString","coordinates":[[-78.817859,43.96784],[-78.855187,43.981315]]},"properties":{"PingCount":6,"AvgSpeedKmh":80.8}},{"type":"Feature","geometry":{"type":"LineString","coordinates":[[-78.817859,43.96784],[-78.873851,43.981315]]},"properties":{"PingCount":28,"AvgSpeedKmh":93.3}},{"type":"Feature","geometry":{"type":"LineString","coordinates":[[-78.836523,43.96784],[-78.855187,43.981315]]},"properties":{"PingCount":1,"AvgSpeedKmh":100.0}},{"type":"Feature","geometry":{"type":"LineString","coordinates":[[-78.836523,43.96784],[-78.873851,43.981315]]},"properties":{"PingCount":3,"AvgSpeedKmh":69.4}},{"type":"Feature","geometry":{"type":"LineString","coordinates":[[-78.836523,43.96784],[-78.892515,43.981315]]},"properties":{"PingCount":14,"AvgSpeedKmh":89.0}},{"type":"Feature","geometry":{"type":"LineString","coordinates":[[-78.855187,43.96784],[-78.873851,43.981315]]},"properties":{"PingCount":2,"AvgSpeedKmh":41.7}},{"type":"Feature","geometry":{"type":"LineString","coordinates":[[-78.855187,43.96784],[-78.892515,43.981315]]},"properties":{"PingCount":1,"AvgSpeedKmh":38.3}},{"type":"Feature","geometry":{"type":"LineString","coordinates":[[-78.892515,43.96784],[-78.911179,43.96784]]},"properties":{"PingCount":5,"AvgSpeedKmh":11.6}},{"type":"Feature","geometry":{"type":"LineString","coordinates":[[-78.892515,43.96784],[-78.836523,43.981315]]},"properties":{"PingCount":2,"AvgSpeedKmh":86.6}},{"type":"Feature","geometry":{"type":"LineString","coordinates":[[-78.892515,43.96784],[-78.855187,43.981315]]},"properties":{"PingCount":3,"AvgSpeedKmh":83.0}},{"type":"Feature","geometry":{"type":"LineString","coordinates":[[-78.892515,43.96784],[-78.873851,43.981315]]},"properties":{"PingCount":3,"AvgSpeedKmh":46.7}},{"type":"Feature","geometry":{"type":"LineString","coordinates":[[-78.911179,43.96784],[-78.929843,43.96784]]},"properties":{"PingCount":9,"AvgSpeedKmh":32.2}},{"type":"Feature","geometry":{"type":"LineString","coordinates":[[-78.911179,43.96784],[-78.855187,43.981315]]},"properties":{"PingCount":21,"AvgSpeedKmh":85.4}},{"type":"Feature","geometry":{"type":"LineString","coordinates":[[-78.911179,43.96784],[-78.873851,43.981315]]},"properties":{"PingCount":19,"AvgSpeedKmh":78.5}},{"type":"Feature","geometry":{"type":"LineString","coordinates":[[-78.911179,43.96784],[-78.892515,43.981315]]},"properties":{"PingCount":5,"AvgSpeedKmh":33.5}},{"type":"Feature","geometry":{"type":"LineString","coordinates":[[-78.911179,43.96784],[-78.911179,43.981315]]},"properties":{"PingCount":8,"AvgSpeedKmh":40.9}},{"type":"Feature","geometry":{"type":"LineString","coordinates":[[-78.911179,43.96784],[-78.911179,43.99479]]},"properties":{"PingCount":3,"AvgSpeedKmh":52.7}},{"type":"Feature","geometry":{"type":"LineString","coordinates":[[-78.929843,43.96784],[-78.873851,43.981315]]},"properties":{"PingCount":5,"AvgSpeedKmh":94.4}},{"type":"Feature","geometry":{"type":"LineString","coordinates":[[-78.929843,43.96784],[-78.929843,43.981315]]},"properties":{"PingCount":1,"AvgSpeedKmh":51.8}},{"type":"Feature","geometry":{"type":"LineString","coordinates":[[-78.929843,43.96784],[-78.948507,43.99479]]},"properties":{"PingCount":1,"AvgSpeedKmh":60.2}},{"type":"Feature","geometry":{"type":"LineString","coordinates":[[-78.948507,43.96784],[-78.959227,43.988957]]},"properties":{"PingCount":3,"AvgSpeedKmh":54.9}},{"type":"Feature","geometry":{"type":"LineString","coordinates":[[-78.960453,43.971082],[-78.959227,43.988957]]},"properties":{"PingCount":1,"AvgSpeedKmh":67.5}},{"type":"Feature","geometry":{"type":"LineString","coordinates":[[-79.023163,43.96784],[-79.041827,43.99479]]},"properties":{"PingCount":2,"AvgSpeedKmh":72.2}},{"type":"Feature","geometry":{"type":"LineString","coordinates":[[-79.023163,43.96784],[-79.041827,44.008264]]},"properties":{"PingCount":2,"AvgSpeedKmh":73.9}},{"type":"Feature","geometry":{"type":"LineString","coordinates":[[-79.116483,43.96784],[-79.135147,43.96784]]},"properties":{"PingCount":2,"AvgSpeedKmh":26.8}},{"type":"Feature","geometry":{"type":"LineString","coordinates":[[-79.116483,43.96784],[-79.153811,43.96784]]},"properties":{"PingCount":1,"AvgSpeedKmh":42.7}},{"type":"Feature","geometry":{"type":"LineString","coordinates":[[-79.116483,43.96784],[-79.079155,43.981315]]},"properties":{"PingCount":1,"AvgSpeedKmh":60.0}},{"type":"Feature","geometry":{"type":"LineString","coordinates":[[-79.116483,43.96784],[-79.135147,43.99479]]},"properties":{"PingCount":1,"AvgSpeedKmh":70.6}},{"type":"Feature","geometry":{"type":"LineString","coordinates":[[-79.135147,43.96784],[-79.153811,43.96784]]},"properties":{"PingCount":1,"AvgSpeedKmh":43.2}},{"type":"Feature","geometry":{"type":"LineString","coordinates":[[-79.135147,43.96784],[-79.135147,43.99479]]},"properties":{"PingCount":1,"AvgSpeedKmh":68.6}},{"type":"Feature","geometry":{"type":"LineString","coordinates":[[-79.135147,43.96784],[-79.303122,43.99479]]},"properties":{"PingCount":1,"AvgSpeedKmh":36.5}},{"type":"Feature","geometry":{"type":"LineString","coordinates":[[-79.153811,43.96784],[-79.265794,43.96784]]},"properties":{"PingCount":1,"AvgSpeedKmh":39.1}},{"type":"Feature","geometry":{"type":"LineString","coordinates":[[-79.24713,43.96784],[-79.265794,43.96784]]},"properties":{"PingCount":2,"AvgSpeedKmh":19.9}},{"type":"Feature","geometry":{"type":"LineString","coordinates":[[-79.265794,43.96784],[-79.280881,43.963113]]},"properties":{"PingCount":5,"AvgSpeedKmh":19.6}},{"type":"Feature","geometry":{"type":"LineString","coordinates":[[-79.280881,43.963113],[-79.28367,43.978859]]},"properties":{"PingCount":1,"AvgSpeedKmh":35.7}},{"type":"Feature","geometry":{"type":"LineString","coordinates":[[-79.280881,43.963113],[-79.288507,43.998633]]},"properties":{"PingCount":1,"AvgSpeedKmh":31.7}},{"type":"Feature","geometry":{"type":"LineString","coordinates":[[-79.280881,43.963113],[-79.321786,43.99479]]},"properties":{"PingCount":1,"AvgSpeedKmh":43.3}},{"type":"Feature","geometry":{"type":"LineString","coordinates":[[-79.280881,43.963113],[-79.396442,44.075638]]},"properties":{"PingCount":1,"AvgSpeedKmh":49.2}},{"type":"Feature","geometry":{"type":"LineString","coordinates":[[-79.377778,43.96784],[-79.377778,43.981315]]},"properties":{"PingCount":1,"AvgSpeedKmh":21.0}},{"type":"Feature","geometry":{"type":"LineString","coordinates":[[-79.39227,43.973482],[-79.415106,43.96784]]},"properties":{"PingCount":3,"AvgSpeedKmh":33.4}},{"type":"Feature","geometry":{"type":"LineString","coordinates":[[-79.39227,43.973482],[-79.43377,43.96784]]},"properties":{"PingCount":1,"AvgSpeedKmh":59.9}},{"type":"Feature","geometry":{"type":"LineString","coordinates":[[-79.39227,43.973482],[-79.406574,44.014302]]},"properties":{"PingCount":8,"AvgSpeedKmh":92.9}},{"type":"Feature","geometry":{"type":"LineString","coordinates":[[-79.39227,43.973482],[-79.406842,44.013387]]},"properties":{"PingCount":2,"AvgSpeedKmh":94.9}},{"type":"Feature","geometry":{"type":"LineString","coordinates":[[-79.415106,43.96784],[-79.43377,43.96784]]},"properties":{"PingCount":7,"AvgSpeedKmh":50.7}},{"type":"Feature","geometry":{"type":"LineString","coordinates":[[-79.415106,43.96784],[-79.458764,43.962981]]},"properties":{"PingCount":8,"AvgSpeedKmh":56.2}},{"type":"Feature","geometry":{"type":"LineString","coordinates":[[-79.415106,43.96784],[-79.377778,43.981315]]},"properties":{"PingCount":1,"AvgSpeedKmh":38.6}},{"type":"Feature","geometry":{"type":"LineString","coordinates":[[-79.415106,43.96784],[-79.39227,43.973482]]},"properties":{"PingCount":9,"AvgSpeedKmh":39.9}},{"type":"Feature","geometry":{"type":"LineString","coordinates":[[-79.415106,43.96784],[-79.396442,43.99479]]},"properties":{"PingCount":1,"AvgSpeedKmh":56.0}},{"type":"Feature","geometry":{"type":"LineString","coordinates":[[-79.43377,43.96784],[-79.458764,43.962981]]},"properties":{"PingCount":14,"AvgSpeedKmh":43.5}},{"type":"Feature","geometry":{"type":"LineString","coordinates":[[-79.43377,43.96784],[-79.39227,43.973482]]},"properties":{"PingCount":13,"AvgSpeedKmh":57.5}},{"type":"Feature","geometry":{"type":"LineString","coordinates":[[-79.43377,43.96784],[-79.415106,43.981315]]},"properties":{"PingCount":1,"AvgSpeedKmh":42.3}},{"type":"Feature","geometry":{"type":"LineString","coordinates":[[-79.43377,43.96784],[-79.43377,43.981315]]},"properties":{"PingCount":3,"AvgSpeedKmh":40.5}},{"type":"Feature","geometry":{"type":"LineString","coordinates":[[-79.458764,43.962981],[-79.463678,43.983764]]},"properties":{"PingCount":11,"AvgSpeedKmh":39.7}},{"type":"Feature","geometry":{"type":"LineString","coordinates":[[-79.471098,43.96784],[-79.463678,43.983764]]},"properties":{"PingCount":1,"AvgSpeedKmh":38.6}},{"type":"Feature","geometry":{"type":"LineString","coordinates":[[-79.583081,43.96784],[-79.583081,43.981315]]},"properties":{"PingCount":3,"AvgSpeedKmh":63.1}},{"type":"Feature","geometry":{"type":"LineString","coordinates":[[-79.583081,43.96784],[-79.58752,44.00594]]},"properties":{"PingCount":11,"AvgSpeedKmh":94.8}},{"type":"Feature","geometry":{"type":"LineString","coordinates":[[-79.657737,43.96784],[-79.676401,43.99479]]},"properties":{"PingCount":2,"AvgSpeedKmh":71.6}},{"type":"Feature","geometry":{"type":"LineString","coordinates":[[-79.676401,43.96784],[-79.676401,43.99479]]},"properties":{"PingCount":17,"AvgSpeedKmh":65.8}},{"type":"Feature","geometry":{"type":"LineString","coordinates":[[-79.676401,43.96784],[-79.680846,44.010461]]},"properties":{"PingCount":1,"AvgSpeedKmh":65.1}},{"type":"Feature","geometry":{"type":"LineString","coordinates":[[-79.676401,43.96784],[-79.695065,44.008264]]},"properties":{"PingCount":1,"AvgSpeedKmh":42.7}},{"type":"Feature","geometry":{"type":"LineString","coordinates":[[-78.614795,43.985248],[-78.612556,44.021739]]},"properties":{"PingCount":2,"AvgSpeedKmh":78.7}},{"type":"Feature","geometry":{"type":"LineString","coordinates":[[-78.63122,43.981315],[-78.687212,43.981315]]},"properties":{"PingCount":1,"AvgSpeedKmh":75.0}},{"type":"Feature","geometry":{"type":"LineString","coordinates":[[-78.63122,43.981315],[-78.609552,44.013254]]},"properties":{"PingCount":1,"AvgSpeedKmh":63.9}},{"type":"Feature","geometry":{"type":"LineString","coordinates":[[-78.668548,43.981315],[-78.60965,43.994317]]},"properties":{"PingCount":1,"AvgSpeedKmh":74.0}},{"type":"Feature","geometry":{"type":"LineString","coordinates":[[-78.705876,43.981315],[-78.761868,43.981315]]},"properties":{"PingCount":4,"AvgSpeedKmh":90.1}},{"type":"Feature","geometry":{"type":"LineString","coordinates":[[-78.705876,43.981315],[-78.668548,43.99479]]},"properties":{"PingCount":1,"AvgSpeedKmh":78.8}},{"type":"Feature","geometry":{"type":"LineString","coordinates":[[-78.705876,43.981315],[-78.649884,44.008264]]},"properties":{"PingCount":5,"AvgSpeedKmh":97.9}},{"type":"Feature","geometry":{"type":"LineString","coordinates":[[-78.705876,43.981315],[-78.668548,44.008264]]},"properties":{"PingCount":4,"AvgSpeedKmh":93.2}},{"type":"Feature","geometry":{"type":"LineString","coordinates":[[-78.72454,43.981315],[-78.668548,43.99479]]},"properties":{"PingCount":8,"AvgSpeedKmh":95.5}},{"type":"Feature","geometry":{"type":"LineString","coordinates":[[-78.72454,43.981315],[-78.687212,43.99479]]},"properties":{"PingCount":3,"AvgSpeedKmh":78.0}},{"type":"Feature","geometry":{"type":"LineString","coordinates":[[-78.743204,43.981315],[-78.668548,43.99479]]},"properties":{"PingCount":1,"AvgSpeedKmh":97.7}},{"type":"Feature","geometry":{"type":"LineString","coordinates":[[-78.743204,43.981315],[-78.687212,43.99479]]},"properties":{"PingCount":6,"AvgSpeedKmh":97.1}},{"type":"Feature","geometry":{"type":"LineString","coordinates":[[-78.743204,43.981315],[-78.761868,44.008264]]},"properties":{"PingCount":1,"AvgSpeedKmh":73.8}},{"type":"Feature","geometry":{"type":"LineString","coordinates":[[-78.761868,43.981315],[-78.687212,43.99479]]},"properties":{"PingCount":1,"AvgSpeedKmh":98.6}},{"type":"Feature","geometry":{"type":"LineString","coordinates":[[-78.761868,43.981315],[-78.705876,43.99479]]},"properties":{"PingCount":1,"AvgSpeedKmh":96.5}},{"type":"Feature","geometry":{"type":"LineString","coordinates":[[-78.855187,43.981315],[-78.873851,43.981315]]},"properties":{"PingCount":1,"AvgSpeedKmh":96.2}},{"type":"Feature","geometry":{"type":"LineString","coordinates":[[-78.873851,43.981315],[-78.892515,43.981315]]},"properties":{"PingCount":2,"AvgSpeedKmh":33.9}},{"type":"Feature","geometry":{"type":"LineString","coordinates":[[-78.911179,43.981315],[-78.929843,44.008264]]},"properties":{"PingCount":7,"AvgSpeedKmh":63.7}},{"type":"Feature","geometry":{"type":"LineString","coordinates":[[-78.911179,43.981315],[-78.929843,44.021739]]},"properties":{"PingCount":2,"AvgSpeedKmh":69.4}},{"type":"Feature","geometry":{"type":"LineString","coordinates":[[-78.929843,43.981315],[-78.948507,44.008264]]},"properties":{"PingCount":1,"AvgSpeedKmh":57.0}},{"type":"Feature","geometry":{"type":"LineString","coordinates":[[-78.948507,43.981315],[-78.965902,44.00882]]},"properties":{"PingCount":2,"AvgSpeedKmh":58.9}},{"type":"Feature","geometry":{"type":"LineString","coordinates":[[-79.041827,43.981315],[-79.303122,43.99479]]},"properties":{"PingCount":1,"AvgSpeedKmh":42.9}},{"type":"Feature","geometry":{"type":"LineString","coordinates":[[-79.041827,43.981315],[-79.041827,44.008264]]},"properties":{"PingCount":5,"AvgSpeedKmh":68.7}},{"type":"Feature","geometry":{"type":"LineString","coordinates":[[-79.041827,43.981315],[-79.041827,44.021739]]},"properties":{"PingCount":1,"AvgSpeedKmh":73.2}},{"type":"Feature","geometry":{"type":"LineString","coordinates":[[-79.060491,43.981315],[-79.079155,43.981315]]},"properties":{"PingCount":1,"AvgSpeedKmh":61.7}},{"type":"Feature","geometry":{"type":"LineString","coordinates":[[-79.060491,43.981315],[-79.060491,43.99479]]},"properties":{"PingCount":1,"AvgSpeedKmh":52.7}},{"type":"Feature","geometry":{"type":"LineString","coordinates":[[-79.116483,43.981315],[-79.321786,43.99479]]},"properties":{"PingCount":1,"AvgSpeedKmh":41.1}},{"type":"Feature","geometry":{"type":"LineString","coordinates":[[-79.135147,43.981315],[-79.377778,44.062163]]},"properties":{"PingCount":1,"AvgSpeedKmh":40.3}},{"type":"Feature","geometry":{"type":"LineString","coordinates":[[-79.28367,43.978859],[-79.303122,43.99479]]},"properties":{"PingCount":1,"AvgSpeedKmh":42.6}},{"type":"Feature","geometry":{"type":"LineString","coordinates":[[-79.28367,43.978859],[-79.396442,44.075638]]},"properties":{"PingCount":1,"AvgSpeedKmh":45.3}},{"type":"Feature","geometry":{"type":"LineString","coordinates":[[-79.28367,43.978859],[-79.420513,44.069802]]},"properties":{"PingCount":2,"AvgSpeedKmh":46.7}},{"type":"Feature","geometry":{"type":"LineString","coordinates":[[-79.34045,43.981315],[-79.377778,43.981315]]},"properties":{"PingCount":1,"AvgSpeedKmh":57.7}},{"type":"Feature","geometry":{"type":"LineString","coordinates":[[-79.34045,43.981315],[-79.321786,43.99479]]},"properties":{"PingCount":1,"AvgSpeedKmh":60.8}},{"type":"Feature","geometry":{"type":"LineString","coordinates":[[-79.359114,43.981315],[-79.377778,43.981315]]},"properties":{"PingCount":1,"AvgSpeedKmh":43.7}},{"type":"Feature","geometry":{"type":"LineString","coordinates":[[-79.359114,43.981315],[-79.39227,43.973482]]},"properties":{"PingCount":10,"AvgSpeedKmh":48.0}},{"type":"Feature","geometry":{"type":"LineString","coordinates":[[-79.359114,43.981315],[-79.303122,43.99479]]},"properties":{"PingCount":1,"AvgSpeedKmh":77.0}},{"type":"Feature","geometry":{"type":"LineString","coordinates":[[-79.359114,43.981315],[-79.321786,43.99479]]},"properties":{"PingCount":8,"AvgSpeedKmh":63.3}},{"type":"Feature","geometry":{"type":"LineString","coordinates":[[-79.359114,43.981315],[-79.34045,43.99479]]},"properties":{"PingCount":2,"AvgSpeedKmh":56.7}},{"type":"Feature","geometry":{"type":"LineString","coordinates":[[-79.377778,43.981315],[-79.39227,43.973482]]},"properties":{"PingCount":5,"AvgSpeedKmh":34.4}},{"type":"Feature","geometry":{"type":"LineString","coordinates":[[-79.377778,43.981315],[-79.34045,43.99479]]},"properties":{"PingCount":10,"AvgSpeedKmh":61.6}},{"type":"Feature","geometry":{"type":"LineString","coordinates":[[-79.377778,43.981315],[-79.396442,43.99479]]},"properties":{"PingCount":4,"AvgSpeedKmh":44.8}},{"type":"Feature","geometry":{"type":"LineString","coordinates":[[-79.377778,43.981315],[-79.406574,44.014302]]},"properties":{"PingCount":3,"AvgSpeedKmh":66.7}},{"type":"Feature","geometry":{"type":"LineString","coordinates":[[-79.39227,43.973482],[-79.396442,43.99479]]},"properties":{"PingCount":2,"AvgSpeedKmh":28.2}},{"type":"Feature","geometry":{"type":"LineString","coordinates":[[-79.39227,43.973482],[-79.406574,44.014302]]},"properties":{"PingCount":1,"AvgSpeedKmh":69.0}},{"type":"Feature","geometry":{"type":"LineString","coordinates":[[-79.39227,43.973482],[-79.406842,44.013387]]},"properties":{"PingCount":5,"AvgSpeedKmh":76.9}},{"type":"Feature","geometry":{"type":"LineString","coordinates":[[-79.39227,43.973482],[-79.407436,44.018225]]},"properties":{"PingCount":12,"AvgSpeedKmh":92.7}},{"type":"Feature","geometry":{"type":"LineString","coordinates":[[-79.415106,43.981315],[-79.406842,44.013387]]},"properties":{"PingCount":1,"AvgSpeedKmh":49.0}},{"type":"Feature","geometry":{"type":"LineString","coordinates":[[-79.43377,43.981315],[-79.452434,44.008264]]},"properties":{"PingCount":3,"AvgSpeedKmh":44.0}},{"type":"Feature","geometry":{"type":"LineString","coordinates":[[-79.463678,43.983764],[-79.466272,43.994102]]},"properties":{"PingCount":5,"AvgSpeedKmh":25.5}},{"type":"Feature","geometry":{"type":"LineString","coordinates":[[-79.463678,43.983764],[-79.452434,44.008264]]},"properties":{"PingCount":1,"AvgSpeedKmh":34.8}},{"type":"Feature","geometry":{"type":"LineString","coordinates":[[-79.583081,43.981315],[-79.585364,43.999461]]},"properties":{"PingCount":2,"AvgSpeedKmh":70.2}},{"type":"Feature","geometry":{"type":"LineString","coordinates":[[-79.583081,43.981315],[-79.58752,44.00594]]},"properties":{"PingCount":2,"AvgSpeedKmh":60.3}},{"type":"Feature","geometry":{"type":"LineString","coordinates":[[-79.583081,43.981315],[-79.592809,44.023692]]},"properties":{"PingCount":6,"AvgSpeedKmh":90.6}},{"type":"Feature","geometry":{"type":"LineString","coordinates":[[-79.583081,43.981315],[-79.592809,44.023692]]},"properties":{"PingCount":3,"AvgSpeedKmh":94.7}},{"type":"Feature","geometry":{"type":"LineString","coordinates":[[-79.583081,43.981315],[-79.59527,44.032354]]},"properties":{"PingCount":1,"AvgSpeedKmh":98.3}},{"type":"Feature","geometry":{"type":"LineString","coordinates":[[-79.601745,43.981315],[-79.620409,43.99479]]},"properties":{"PingCount":1,"AvgSpeedKmh":37.8}},{"type":"Feature","geometry":{"type":"LineString","coordinates":[[-79.676401,43.981315],[-79.676401,43.99479]]},"properties":{"PingCount":1,"AvgSpeedKmh":54.9}},{"type":"Feature","geometry":{"type":"LineString","coordinates":[[-79.676401,43.981315],[-79.680846,44.010461]]},"properties":{"PingCount":17,"AvgSpeedKmh":57.4}},{"type":"Feature","geometry":{"type":"LineString","coordinates":[[-78.60965,43.994317],[-78.609552,44.013254]]},"properties":{"PingCount":1,"AvgSpeedKmh":49.8}},{"type":"Feature","geometry":{"type":"LineString","coordinates":[[-78.60965,43.994317],[-78.612556,44.021739]]},"properties":{"PingCount":1,"AvgSpeedKmh":68.7}},{"type":"Feature","geometry":{"type":"LineString","coordinates":[[-78.60965,43.994317],[-78.63122,44.021739]]},"properties":{"PingCount":2,"AvgSpeedKmh":57.6}},{"type":"Feature","geometry":{"type":"LineString","coordinates":[[-78.60965,43.994317],[-78.613318,44.032003]]},"properties":{"PingCount":1,"AvgSpeedKmh":67.7}},{"type":"Feature","geometry":{"type":"LineString","coordinates":[[-78.668548,43.99479],[-78.612556,44.021739]]},"properties":{"PingCount":6,"AvgSpeedKmh":92.7}},{"type":"Feature","geometry":{"type":"LineString","coordinates":[[-78.668548,43.99479],[-78.63122,44.021739]]},"properties":{"PingCount":4,"AvgSpeedKmh":94.6}},{"type":"Feature","geometry":{"type":"LineString","coordinates":[[-78.687212,43.99479],[-78.63122,44.008264]]},"properties":{"PingCount":6,"AvgSpeedKmh":92.3}},{"type":"Feature","geometry":{"type":"LineString","coordinates":[[-78.687212,43.99479],[-78.649884,44.008264]]},"properties":{"PingCount":1,"AvgSpeedKmh":96.9}},{"type":"Feature","geometry":{"type":"LineString","coordinates":[[-78.687212,43.99479],[-78.63122,44.021739]]},"properties":{"PingCount":3,"AvgSpeedKmh":97.0}},{"type":"Feature","geometry":{"type":"LineString","coordinates":[[-78.705876,43.99479],[-78.649884,44.008264]]},"properties":{"PingCount":1,"AvgSpeedKmh":96.9}},{"type":"Feature","geometry":{"type":"LineString","coordinates":[[-78.911179,43.99479],[-78.929843,44.021739]]},"properties":{"PingCount":2,"AvgSpeedKmh":70.9}},{"type":"Feature","geometry":{"type":"LineString","coordinates":[[-78.911179,43.99479],[-78.929843,44.035214]]},"properties":{"PingCount":1,"AvgSpeedKmh":72.6}},{"type":"Feature","geometry":{"type":"LineString","coordinates":[[-78.948507,43.99479],[-78.965902,44.00882]]},"properties":{"PingCount":1,"AvgSpeedKmh":43.6}},{"type":"Feature","geometry":{"type":"LineString","coordinates":[[-78.959227,43.988957],[-78.965902,44.00882]]},"properties":{"PingCount":1,"AvgSpeedKmh":56.1}},{"type":"Feature","geometry":{"type":"LineString","coordinates":[[-78.959227,43.988957],[-78.968677,44.026656]]},"properties":{"PingCount":2,"AvgSpeedKmh":52.5}},{"type":"Feature","geometry":{"type":"LineString","coordinates":[[-78.959227,43.988957],[-78.967171,44.035214]]},"properties":{"PingCount":1,"AvgSpeedKmh":64.0}},{"type":"Feature","geometry":{"type":"LineString","coordinates":[[-79.023163,43.99479],[-79.060491,43.99479]]},"properties":{"PingCount":1,"AvgSpeedKmh":50.0}},{"type":"Feature","geometry":{"type":"LineString","coordinates":[[-79.023163,43.99479],[-79.004499,44.008264]]},"properties":{"PingCount":1,"AvgSpeedKmh":47.3}},{"type":"Feature","geometry":{"type":"LineString","coordinates":[[-79.041827,43.99479],[-79.303122,43.99479]]},"properties":{"PingCount":1,"AvgSpeedKmh":50.8}},{"type":"Feature","geometry":{"type":"LineString","coordinates":[[-79.135147,43.99479],[-79.303122,43.99479]]},"properties":{"PingCount":1,"AvgSpeedKmh":40.4}},{"type":"Feature","geometry":{"type":"LineString","coordinates":[[-79.135147,43.99479],[-79.321786,43.99479]]},"properties":{"PingCount":1,"AvgSpeedKmh":45.2}},{"type":"Feature","geometry":{"type":"LineString","coordinates":[[-79.135147,43.99479],[-79.34045,43.99479]]},"properties":{"PingCount":1,"AvgSpeedKmh":47.2}},{"type":"Feature","geometry":{"type":"LineString","coordinates":[[-79.288507,43.998633],[-79.303122,43.99479]]},"properties":{"PingCount":1,"AvgSpeedKmh":36.5}},{"type":"Feature","geometry":{"type":"LineString","coordinates":[[-79.288507,43.998633],[-79.321786,43.99479]]},"properties":{"PingCount":1,"AvgSpeedKmh":60.7}},{"type":"Feature","geometry":{"type":"LineString","coordinates":[[-79.288507,43.998633],[-79.34045,43.99479]]},"properties":{"PingCount":3,"AvgSpeedKmh":71.5}},{"type":"Feature","geometry":{"type":"LineString","coordinates":[[-79.288507,43.998633],[-79.041827,44.008264]]},"properties":{"PingCount":2,"AvgSpeedKmh":46.2}},{"type":"Feature","geometry":{"type":"LineString","coordinates":[[-79.303122,43.99479],[-79.34045,43.99479]]},"properties":{"PingCount":8,"AvgSpeedKmh":64.2}},{"type":"Feature","geometry":{"type":"LineString","coordinates":[[-79.303122,43.99479],[-78.965902,44.00882]]},"properties":{"PingCount":1,"AvgSpeedKmh":45.5}},{"type":"Feature","geometry":{"type":"LineString","coordinates":[[-79.303122,43.99479],[-79.041827,44.008264]]},"properties":{"PingCount":1,"AvgSpeedKmh":42.2}},{"type":"Feature","geometry":{"type":"LineString","coordinates":[[-79.321786,43.99479],[-78.968677,44.026656]]},"properties":{"PingCount":2,"AvgSpeedKmh":48.1}},{"type":"Feature","geometry":{"type":"LineString","coordinates":[[-79.321786,43.99479],[-79.041827,44.021739]]},"properties":{"PingCount":1,"AvgSpeedKmh":48.6}},{"type":"Feature","geometry":{"type":"LineString","coordinates":[[-79.396442,43.99479],[-79.406842,44.013387]]},"properties":{"PingCount":5,"AvgSpeedKmh":46.0}},{"type":"Feature","geometry":{"type":"LineString","coordinates":[[-79.396442,43.99479],[-79.415106,44.035214]]},"properties":{"PingCount":10,"AvgSpeedKmh":94.1}},{"type":"Feature","geometry":{"type":"LineString","coordinates":[[-79.396442,43.99479],[-79.41477,44.043725]]},"properties":{"PingCount":3,"AvgSpeedKmh":96.6}},{"type":"Feature","geometry":{"type":"LineString","coordinates":[[-79.452434,43.99479],[-79.466272,43.994102]]},"properties":{"PingCount":1,"AvgSpeedKmh":11.7}},{"type":"Feature","geometry":{"type":"LineString","coordinates":[[-79.452434,43.99479],[-79.452434,44.008264]]},"properties":{"PingCount":1,"AvgSpeedKmh":23.8}},{"type":"Feature","geometry":{"type":"LineString","coordinates":[[-79.466272,43.994102],[-79.452434,44.008264]]},"properties":{"PingCount":1,"AvgSpeedKmh":31.5}},{"type":"Feature","geometry":{"type":"LineString","coordinates":[[-79.466272,43.994102],[-79.468698,44.00409]]},"properties":{"PingCount":3,"AvgSpeedKmh":25.2}},{"type":"Feature","geometry":{"type":"LineString","coordinates":[[-79.585364,43.999461],[-79.592809,44.023692]]},"properties":{"PingCount":1,"AvgSpeedKmh":91.6}},{"type":"Feature","geometry":{"type":"LineString","coordinates":[[-79.585364,43.999461],[-79.592441,44.029813]]},"properties":{"PingCount":1,"AvgSpeedKmh":80.1}},{"type":"Feature","geometry":{"type":"LineString","coordinates":[[-79.585364,43.999461],[-79.59527,44.032354]]},"properties":{"PingCount":13,"AvgSpeedKmh":93.0}},{"type":"Feature","geometry":{"type":"LineString","coordinates":[[-79.601745,43.99479],[-79.620409,43.99479]]},"properties":{"PingCount":1,"AvgSpeedKmh":30.2}},{"type":"Feature","geometry":{"type":"LineString","coordinates":[[-79.601745,43.99479],[-79.592809,44.023692]]},"properties":{"PingCount":1,"AvgSpeedKmh":56.3}},{"type":"Feature","geometry":{"type":"LineString","coordinates":[[-79.620409,43.99479],[-79.639073,43.99479]]},"properties":{"PingCount":1,"AvgSpeedKmh":46.6}},{"type":"Feature","geometry":{"type":"LineString","coordinates":[[-79.620409,43.99479],[-79.657737,43.99479]]},"properties":{"PingCount":1,"AvgSpeedKmh":53.6}},{"type":"Feature","geometry":{"type":"LineString","coordinates":[[-79.639073,43.99479],[-79.676401,43.99479]]},"properties":{"PingCount":1,"AvgSpeedKmh":51.3}},{"type":"Feature","geometry":{"type":"LineString","coordinates":[[-79.657737,43.99479],[-79.676401,43.99479]]},"properties":{"PingCount":1,"AvgSpeedKmh":42.6}},{"type":"Feature","geometry":{"type":"LineString","coordinates":[[-79.676401,43.99479],[-79.680846,44.010461]]},"properties":{"PingCount":18,"AvgSpeedKmh":25.6}},{"type":"Feature","geometry":{"type":"LineString","coordinates":[[-79.676401,43.99479],[-79.695065,44.008264]]},"properties":{"PingCount":6,"AvgSpeedKmh":27.1}},{"type":"Feature","geometry":{"type":"LineString","coordinates":[[-78.609552,44.013254],[-78.63122,44.008264]]},"properties":{"PingCount":3,"AvgSpeedKmh":53.8}},{"type":"Feature","geometry":{"type":"LineString","coordinates":[[-78.609552,44.013254],[-78.649884,44.008264]]},"properties":{"PingCount":2,"AvgSpeedKmh":63.7}},{"type":"Feature","geometry":{"type":"LineString","coordinates":[[-78.609552,44.013254],[-78.63122,44.021739]]},"properties":{"PingCount":1,"AvgSpeedKmh":48.1}},{"type":"Feature","geometry":{"type":"LineString","coordinates":[[-78.609552,44.013254],[-78.613318,44.032003]]},"properties":{"PingCount":1,"AvgSpeedKmh":52.8}},{"type":"Feature","geometry":{"type":"LineString","coordinates":[[-78.609552,44.013254],[-78.619367,44.048681]]},"properties":{"PingCount":2,"AvgSpeedKmh":85.2}},{"type":"Feature","geometry":{"type":"LineString","coordinates":[[-78.63122,44.008264],[-78.613318,44.032003]]},"properties":{"PingCount":2,"AvgSpeedKmh":58.1}},{"type":"Feature","geometry":{"type":"LineString","coordinates":[[-78.63122,44.008264],[-78.619367,44.048681]]},"properties":{"PingCount":1,"AvgSpeedKmh":69.2}},{"type":"Feature","geometry":{"type":"LineString","coordinates":[[-78.649884,44.008264],[-78.612556,44.021739]]},"properties":{"PingCount":2,"AvgSpeedKmh":82.2}},{"type":"Feature","geometry":{"type":"LineString","coordinates":[[-78.649884,44.008264],[-78.613318,44.032003]]},"properties":{"PingCount":3,"AvgSpeedKmh":78.7}},{"type":"Feature","geometry":{"type":"LineString","coordinates":[[-78.668548,44.008264],[-78.612556,44.021739]]},"properties":{"PingCount":4,"AvgSpeedKmh":83.5}},{"type":"Feature","geometry":{"type":"LineString","coordinates":[[-78.761868,44.008264],[-78.761868,44.035214]]},"properties":{"PingCount":1,"AvgSpeedKmh":67.7}},{"type":"Feature","geometry":{"type":"LineString","coordinates":[[-78.929843,44.008264],[-78.929843,44.021739]]},"properties":{"PingCount":1,"AvgSpeedKmh":0.4}},{"type":"Feature","geometry":{"type":"LineString","coordinates":[[-78.929843,44.008264],[-78.929843,44.035214]]},"properties":{"PingCount":3,"AvgSpeedKmh":67.7}},{"type":"Feature","geometry":{"type":"LineString","coordinates":[[-78.948507,44.008264],[-78.965902,44.00882]]},"properties":{"PingCount":1,"AvgSpeedKmh":33.4}},{"type":"Feature","geometry":{"type":"LineString","coordinates":[[-78.965902,44.00882],[-79.004499,44.008264]]},"properties":{"PingCount":1,"AvgSpeedKmh":48.9}},{"type":"Feature","geometry":{"type":"LineString","coordinates":[[-78.965902,44.00882],[-78.968677,44.026656]]},"properties":{"PingCount":1,"AvgSpeedKmh":49.4}},{"type":"Feature","geometry":{"type":"LineString","coordinates":[[-79.041827,44.008264],[-79.423561,44.085866]]},"properties":{"PingCount":1,"AvgSpeedKmh":39.2}},{"type":"Feature","geometry":{"type":"LineString","coordinates":[[-79.406574,44.014302],[-79.406842,44.013387]]},"properties":{"PingCount":5,"AvgSpeedKmh":28.1}},{"type":"Feature","geometry":{"type":"LineString","coordinates":[[-79.406574,44.014302],[-79.43377,44.008264]]},"properties":{"PingCount":3,"AvgSpeedKmh":37.6}},{"type":"Feature","geometry":{"type":"LineString","coordinates":[[-79.406574,44.014302],[-79.407436,44.018225]]},"properties":{"PingCount":1,"AvgSpeedKmh":48.8}},{"type":"Feature","geometry":{"type":"LineString","coordinates":[[-79.406574,44.014302],[-79.415106,44.035214]]},"properties":{"PingCount":1,"AvgSpeedKmh":69.5}},{"type":"Feature","geometry":{"type":"LineString","coordinates":[[-79.406574,44.014302],[-79.41477,44.043725]]},"properties":{"PingCount":4,"AvgSpeedKmh":95.3}},{"type":"Feature","geometry":{"type":"LineString","coordinates":[[-79.406842,44.013387],[-79.43377,44.008264]]},"properties":{"PingCount":7,"AvgSpeedKmh":35.7}},{"type":"Feature","geometry":{"type":"LineString","coordinates":[[-79.406842,44.013387],[-79.452434,44.008264]]},"properties":{"PingCount":12,"AvgSpeedKmh":42.8}},{"type":"Feature","geometry":{"type":"LineString","coordinates":[[-79.406842,44.013387],[-79.407436,44.018225]]},"properties":{"PingCount":16,"AvgSpeedKmh":11.8}},{"type":"Feature","geometry":{"type":"LineString","coordinates":[[-79.406842,44.013387],[-79.41477,44.043725]]},"properties":{"PingCount":4,"AvgSpeedKmh":87.3}},{"type":"Feature","geometry":{"type":"LineString","coordinates":[[-79.406842,44.013387],[-79.420513,44.069802]]},"properties":{"PingCount":1,"AvgSpeedKmh":93.9}},{"type":"Feature","geometry":{"type":"LineString","coordinates":[[-79.406842,44.013387],[-79.43377,44.062163]]},"properties":{"PingCount":1,"AvgSpeedKmh":63.3}},{"type":"Feature","geometry":{"type":"LineString","coordinates":[[-79.43377,44.008264],[-79.452434,44.008264]]},"properties":{"PingCount":5,"AvgSpeedKmh":29.6}},{"type":"Feature","geometry":{"type":"LineString","coordinates":[[-79.43377,44.008264],[-79.452434,44.021739]]},"properties":{"PingCount":5,"AvgSpeedKmh":32.5}},{"type":"Feature","geometry":{"type":"LineString","coordinates":[[-79.452434,44.008264],[-79.452434,44.021739]]},"properties":{"PingCount":17,"AvgSpeedKmh":24.7}},{"type":"Feature","geometry":{"type":"LineString","coordinates":[[-79.468698,44.00409],[-79.471957,44.017992]]},"properties":{"PingCount":3,"AvgSpeedKmh":41.5}},{"type":"Feature","geometry":{"type":"LineString","coordinates":[[-79.58752,44.00594],[-79.592809,44.023692]]},"properties":{"PingCount":1,"AvgSpeedKmh":39.4}},{"type":"Feature","geometry":{"type":"LineString","coordinates":[[-79.58752,44.00594],[-79.619116,44.023829]]},"properties":{"PingCount":1,"AvgSpeedKmh":57.3}},{"type":"Feature","geometry":{"type":"LineString","coordinates":[[-79.58752,44.00594],[-79.592441,44.029813]]},"properties":{"PingCount":1,"AvgSpeedKmh":53.5}},{"type":"Feature","geometry":{"type":"LineString","coordinates":[[-79.58752,44.00594],[-79.607414,44.050253]]},"properties":{"PingCount":6,"AvgSpeedKmh":86.3}},{"type":"Feature","geometry":{"type":"LineString","coordinates":[[-79.680846,44.010461],[-79.695065,44.008264]]},"properties":{"PingCount":7,"AvgSpeedKmh":11.8}},{"type":"Feature","geometry":{"type":"LineString","coordinates":[[-79.680846,44.010461],[-79.619116,44.023829]]},"properties":{"PingCount":2,"AvgSpeedKmh":55.4}},{"type":"Feature","geometry":{"type":"LineString","coordinates":[[-79.680846,44.010461],[-79.633597,44.020796]]},"properties":{"PingCount":1,"AvgSpeedKmh":35.2}},{"type":"Feature","geometry":{"type":"LineString","coordinates":[[-79.680846,44.010461],[-79.657737,44.021739]]},"properties":{"PingCount":1,"AvgSpeedKmh":52.0}},{"type":"Feature","geometry":{"type":"LineString","coordinates":[[-78.612556,44.021739],[-78.613318,44.032003]]},"properties":{"PingCount":2,"AvgSpeedKmh":27.6}},{"type":"Feature","geometry":{"type":"LineString","coordinates":[[-78.612556,44.021739],[-78.619367,44.048681]]},"properties":{"PingCount":5,"AvgSpeedKmh":64.9}},{"type":"Feature","geometry":{"type":"LineString","coordinates":[[-78.612556,44.021739],[-78.63122,44.048688]]},"properties":{"PingCount":2,"AvgSpeedKmh":78.2}},{"type":"Feature","geometry":{"type":"LineString","coordinates":[[-78.612556,44.021739],[-78.622518,44.0602]]},"properties":{"PingCount":2,"AvgSpeedKmh":84.5}},{"type":"Feature","geometry":{"type":"LineString","coordinates":[[-78.63122,44.021739],[-78.613318,44.032003]]},"properties":{"PingCount":1,"AvgSpeedKmh":42.4}},{"type":"Feature","geometry":{"type":"LineString","coordinates":[[-78.63122,44.021739],[-78.619367,44.048681]]},"properties":{"PingCount":2,"AvgSpeedKmh":72.5}},{"type":"Feature","geometry":{"type":"LineString","coordinates":[[-78.63122,44.021739],[-78.63122,44.048688]]},"properties":{"PingCount":1,"AvgSpeedKmh":77.7}},{"type":"Feature","geometry":{"type":"LineString","coordinates":[[-79.407436,44.018225],[-79.41477,44.043725]]},"properties":{"PingCount":3,"AvgSpeedKmh":77.7}},{"type":"Feature","geometry":{"type":"LineString","coordinates":[[-79.407436,44.018225],[-79.420513,44.069802]]},"properties":{"PingCount":9,"AvgSpeedKmh":95.7}},{"type":"Feature","geometry":{"type":"LineString","coordinates":[[-79.407436,44.018225],[-79.420513,44.069802]]},"properties":{"PingCount":1,"AvgSpeedKmh":97.3}},{"type":"Feature","geometry":{"type":"LineString","coordinates":[[-79.471957,44.017992],[-79.476423,44.038325]]},"properties":{"PingCount":2,"AvgSpeedKmh":33.0}},{"type":"Feature","geometry":{"type":"LineString","coordinates":[[-79.471957,44.017992],[-79.479393,44.050963]]},"properties":{"PingCount":1,"AvgSpeedKmh":46.1}},{"type":"Feature","geometry":{"type":"LineString","coordinates":[[-79.592809,44.023692],[-79.556431,44.037951]]},"properties":{"PingCount":3,"AvgSpeedKmh":45.0}},{"type":"Feature","geometry":{"type":"LineString","coordinates":[[-79.592809,44.023692],[-79.657737,44.021739]]},"properties":{"PingCount":2,"AvgSpeedKmh":79.5}},{"type":"Feature","geometry":{"type":"LineString","coordinates":[[-79.592809,44.023692],[-79.556431,44.037951]]},"properties":{"PingCount":1,"AvgSpeedKmh":54.8}},{"type":"Feature","geometry":{"type":"LineString","coordinates":[[-79.592809,44.023692],[-79.59527,44.032354]]},"properties":{"PingCount":1,"AvgSpeedKmh":37.8}},{"type":"Feature","geometry":{"type":"LineString","coordinates":[[-79.592809,44.023692],[-79.607414,44.050253]]},"properties":{"PingCount":1,"AvgSpeedKmh":34.5}},{"type":"Feature","geometry":{"type":"LineString","coordinates":[[-79.619116,44.023829],[-79.592441,44.029813]]},"properties":{"PingCount":2,"AvgSpeedKmh":67.4}},{"type":"Feature","geometry":{"type":"LineString","coordinates":[[-79.619116,44.023829],[-79.607414,44.050253]]},"properties":{"PingCount":1,"AvgSpeedKmh":52.8}},{"type":"Feature","geometry":{"type":"LineString","coordinates":[[-79.633597,44.020796],[-79.592441,44.029813]]},"properties":{"PingCount":1,"AvgSpeedKmh":72.8}},{"type":"Feature","geometry":{"type":"LineString","coordinates":[[-79.633597,44.020796],[-79.59527,44.032354]]},"properties":{"PingCount":2,"AvgSpeedKmh":72.1}},{"type":"Feature","geometry":{"type":"LineString","coordinates":[[-78.613318,44.032003],[-78.622518,44.0602]]},"properties":{"PingCount":1,"AvgSpeedKmh":63.6}},{"type":"Feature","geometry":{"type":"LineString","coordinates":[[-78.613318,44.032003],[-78.622518,44.0602]]},"properties":{"PingCount":2,"AvgSpeedKmh":71.3}},{"type":"Feature","geometry":{"type":"LineString","coordinates":[[-78.613318,44.032003],[-78.606992,44.076335]]},"properties":{"PingCount":2,"AvgSpeedKmh":83.3}},{"type":"Feature","geometry":{"type":"LineString","coordinates":[[-78.613318,44.032003],[-78.625051,44.073752]]},"properties":{"PingCount":1,"AvgSpeedKmh":76.9}},{"type":"Feature","geometry":{"type":"LineString","coordinates":[[-78.761868,44.035214],[-78.780532,44.062163]]},"properties":{"PingCount":1,"AvgSpeedKmh":64.0}},{"type":"Feature","geometry":{"type":"LineString","coordinates":[[-79.415106,44.035214],[-79.41477,44.043725]]},"properties":{"PingCount":1,"AvgSpeedKmh":30.9}},{"type":"Feature","geometry":{"type":"LineString","coordinates":[[-79.415106,44.035214],[-79.420513,44.069802]]},"properties":{"PingCount":2,"AvgSpeedKmh":75.7}},{"type":"Feature","geometry":{"type":"LineString","coordinates":[[-79.415106,44.035214],[-79.43377,44.062163]]},"properties":{"PingCount":1,"AvgSpeedKmh":88.0}},{"type":"Feature","geometry":{"type":"LineString","coordinates":[[-79.415106,44.035214],[-79.420513,44.069802]]},"properties":{"PingCount":5,"AvgSpeedKmh":94.2}},{"type":"Feature","geometry":{"type":"LineString","coordinates":[[-79.415106,44.035214],[-79.423561,44.085866]]},"properties":{"PingCount":2,"AvgSpeedKmh":98.8}},{"type":"Feature","geometry":{"type":"LineString","coordinates":[[-79.452434,44.035214],[-79.476423,44.038325]]},"properties":{"PingCount":13,"AvgSpeedKmh":32.5}},{"type":"Feature","geometry":{"type":"LineString","coordinates":[[-79.452434,44.035214],[-79.41477,44.043725]]},"properties":{"PingCount":1,"AvgSpeedKmh":45.0}},{"type":"Feature","geometry":{"type":"LineString","coordinates":[[-79.452434,44.035214],[-79.43377,44.048688]]},"properties":{"PingCount":13,"AvgSpeedKmh":33.3}},{"type":"Feature","geometry":{"type":"LineString","coordinates":[[-79.452434,44.035214],[-79.479393,44.050963]]},"properties":{"PingCount":1,"AvgSpeedKmh":28.5}},{"type":"Feature","geometry":{"type":"LineString","coordinates":[[-79.476423,44.038325],[-79.489762,44.035214]]},"properties":{"PingCount":1,"AvgSpeedKmh":32.7}},{"type":"Feature","geometry":{"type":"LineString","coordinates":[[-79.476423,44.038325],[-79.43377,44.048688]]},"properties":{"PingCount":1,"AvgSpeedKmh":36.2}},{"type":"Feature","geometry":{"type":"LineString","coordinates":[[-79.476423,44.038325],[-79.452434,44.048688]]},"properties":{"PingCount":2,"AvgSpeedKmh":48.4}},{"type":"Feature","geometry":{"type":"LineString","coordinates":[[-79.476423,44.038325],[-79.479393,44.050963]]},"properties":{"PingCount":18,"AvgSpeedKmh":20.3}},{"type":"Feature","geometry":{"type":"LineString","coordinates":[[-79.476423,44.038325],[-79.48035,44.05487]]},"properties":{"PingCount":1,"AvgSpeedKmh":33.8}},{"type":"Feature","geometry":{"type":"LineString","coordinates":[[-79.489762,44.035214],[-79.506201,44.049127]]},"properties":{"PingCount":1,"AvgSpeedKmh":35.6}},{"type":"Feature","geometry":{"type":"LineString","coordinates":[[-79.556431,44.037951],[-79.592441,44.029813]]},"properties":{"PingCount":3,"AvgSpeedKmh":59.8}},{"type":"Feature","geometry":{"type":"LineString","coordinates":[[-79.556431,44.037951],[-79.506201,44.049127]]},"properties":{"PingCount":3,"AvgSpeedKmh":73.0}},{"type":"Feature","geometry":{"type":"LineString","coordinates":[[-79.556431,44.037951],[-79.59527,44.032354]]},"properties":{"PingCount":1,"AvgSpeedKmh":68.3}},{"type":"Feature","geometry":{"type":"LineString","coordinates":[[-79.556431,44.037951],[-79.506201,44.049127]]},"properties":{"PingCount":1,"AvgSpeedKmh":74.6}},{"type":"Feature","geometry":{"type":"LineString","coordinates":[[-79.556431,44.037951],[-79.530212,44.04332]]},"properties":{"PingCount":4,"AvgSpeedKmh":72.7}},{"type":"Feature","geometry":{"type":"LineString","coordinates":[[-79.592441,44.029813],[-79.530212,44.04332]]},"properties":{"PingCount":1,"AvgSpeedKmh":79.0}},{"type":"Feature","geometry":{"type":"LineString","coordinates":[[-79.592441,44.029813],[-79.545753,44.048688]]},"properties":{"PingCount":1,"AvgSpeedKmh":73.5}},{"type":"Feature","geometry":{"type":"LineString","coordinates":[[-78.619367,44.048681],[-78.63122,44.048688]]},"properties":{"PingCount":1,"AvgSpeedKmh":0.3}},{"type":"Feature","geometry":{"type":"LineString","coordinates":[[-78.619367,44.048681],[-78.625051,44.073752]]},"properties":{"PingCount":3,"AvgSpeedKmh":53.8}},{"type":"Feature","geometry":{"type":"LineString","coordinates":[[-79.41477,44.043725],[-79.43377,44.048688]]},"properties":{"PingCount":12,"AvgSpeedKmh":22.4}},{"type":"Feature","geometry":{"type":"LineString","coordinates":[[-79.41477,44.043725],[-79.452434,44.048688]]},"properties":{"PingCount":2,"AvgSpeedKmh":45.2}},{"type":"Feature","geometry":{"type":"LineString","coordinates":[[-79.41477,44.043725],[-79.377778,44.062163]]},"properties":{"PingCount":1,"AvgSpeedKmh":46.5}},{"type":"Feature","geometry":{"type":"LineString","coordinates":[[-79.41477,44.043725],[-79.420513,44.069802]]},"properties":{"PingCount":2,"AvgSpeedKmh":40.0}},{"type":"Feature","geometry":{"type":"LineString","coordinates":[[-79.41477,44.043725],[-79.43377,44.062163]]},"properties":{"PingCount":3,"AvgSpeedKmh":39.5}},{"type":"Feature","geometry":{"type":"LineString","coordinates":[[-79.41477,44.043725],[-79.423561,44.085866]]},"properties":{"PingCount":6,"AvgSpeedKmh":93.9}},{"type":"Feature","geometry":{"type":"LineString","coordinates":[[-79.41477,44.043725],[-79.424012,44.091514]]},"properties":{"PingCount":2,"AvgSpeedKmh":83.8}},{"type":"Feature","geometry":{"type":"LineString","coordinates":[[-79.43377,44.048688],[-79.43377,44.062163]]},"properties":{"PingCount":12,"AvgSpeedKmh":20.3}},{"type":"Feature","geometry":{"type":"LineString","coordinates":[[-79.479393,44.050963],[-79.48035,44.05487]]},"properties":{"PingCount":4,"AvgSpeedKmh":20.9}},{"type":"Feature","geometry":{"type":"LineString","coordinates":[[-79.479393,44.050963],[-79.506201,44.049127]]},"properties":{"PingCount":1,"AvgSpeedKmh":40.3}},{"type":"Feature","geometry":{"type":"LineString","coordinates":[[-79.479393,44.050963],[-79.452434,44.062163]]},"properties":{"PingCount":3,"AvgSpeedKmh":40.1}},{"type":"Feature","geometry":{"type":"LineString","coordinates":[[-79.479393,44.050963],[-79.471098,44.062163]]},"properties":{"PingCount":2,"AvgSpeedKmh":21.3}},{"type":"Feature","geometry":{"type":"LineString","coordinates":[[-79.479393,44.050963],[-79.483601,44.067923]]},"properties":{"PingCount":10,"AvgSpeedKmh":20.7}},{"type":"Feature","geometry":{"type":"LineString","coordinates":[[-79.48035,44.05487],[-79.506201,44.049127]]},"properties":{"PingCount":5,"AvgSpeedKmh":28.7}},{"type":"Feature","geometry":{"type":"LineString","coordinates":[[-79.48035,44.05487],[-79.530212,44.04332]]},"properties":{"PingCount":3,"AvgSpeedKmh":60.4}},{"type":"Feature","geometry":{"type":"LineString","coordinates":[[-79.48035,44.05487],[-79.545753,44.048688]]},"properties":{"PingCount":1,"AvgSpeedKmh":67.8}},{"type":"Feature","geometry":{"type":"LineString","coordinates":[[-79.48035,44.05487],[-79.471098,44.062163]]},"properties":{"PingCount":5,"AvgSpeedKmh":30.1}},{"type":"Feature","geometry":{"type":"LineString","coordinates":[[-79.48035,44.05487],[-79.483601,44.067923]]},"properties":{"PingCount":1,"AvgSpeedKmh":13.3}},{"type":"Feature","geometry":{"type":"LineString","coordinates":[[-79.506201,44.049127],[-79.530212,44.04332]]},"properties":{"PingCount":2,"AvgSpeedKmh":46.8}},{"type":"Feature","geometry":{"type":"LineString","coordinates":[[-79.506201,44.049127],[-79.471098,44.062163]]},"properties":{"PingCount":1,"AvgSpeedKmh":49.7}},{"type":"Feature","geometry":{"type":"LineString","coordinates":[[-79.420513,44.069802],[-79.43377,44.062163]]},"properties":{"PingCount":7,"AvgSpeedKmh":19.6}},{"type":"Feature","geometry":{"type":"LineString","coordinates":[[-79.420513,44.069802],[-79.396442,44.075638]]},"properties":{"PingCount":1,"AvgSpeedKmh":50.5}},{"type":"Feature","geometry":{"type":"LineString","coordinates":[[-79.420513,44.069802],[-79.423561,44.085866]]},"properties":{"PingCount":1,"AvgSpeedKmh":52.3}},{"type":"Feature","geometry":{"type":"LineString","coordinates":[[-79.420513,44.069802],[-79.424012,44.091514]]},"properties":{"PingCount":3,"AvgSpeedKmh":47.9}},{"type":"Feature","geometry":{"type":"LineString","coordinates":[[-79.420513,44.069802],[-79.415106,44.102587]]},"properties":{"PingCount":1,"AvgSpeedKmh":85.3}},{"type":"Feature","geometry":{"type":"LineString","coordinates":[[-79.43377,44.062163],[-79.452434,44.062163]]},"properties":{"PingCount":10,"AvgSpeedKmh":32.2}},{"type":"Feature","geometry":{"type":"LineString","coordinates":[[-79.43377,44.062163],[-79.396442,44.075638]]},"properties":{"PingCount":1,"AvgSpeedKmh":43.3}},{"type":"Feature","geometry":{"type":"LineString","coordinates":[[-79.43377,44.062163],[-79.420513,44.069802]]},"properties":{"PingCount":1,"AvgSpeedKmh":48.3}},{"type":"Feature","geometry":{"type":"LineString","coordinates":[[-79.452434,44.062163],[-79.471098,44.062163]]},"properties":{"PingCount":8,"AvgSpeedKmh":28.1}},{"type":"Feature","geometry":{"type":"LineString","coordinates":[[-79.452434,44.062163],[-79.420513,44.069802]]},"properties":{"PingCount":1,"AvgSpeedKmh":46.7}},{"type":"Feature","geometry":{"type":"LineString","coordinates":[[-79.483601,44.067923],[-79.471098,44.075638]]},"properties":{"PingCount":4,"AvgSpeedKmh":33.1}},{"type":"Feature","geometry":{"type":"LineString","coordinates":[[-79.483601,44.067923],[-79.484799,44.072968]]},"properties":{"PingCount":5,"AvgSpeedKmh":22.8}},{"type":"Feature","geometry":{"type":"LineString","coordinates":[[-79.420513,44.069802],[-79.452434,44.075638]]},"properties":{"PingCount":3,"AvgSpeedKmh":52.8}},{"type":"Feature","geometry":{"type":"LineString","coordinates":[[-79.420513,44.069802],[-79.424012,44.091514]]},"properties":{"PingCount":4,"AvgSpeedKmh":37.6}},{"type":"Feature","geometry":{"type":"LineString","coordinates":[[-79.452434,44.075638],[-79.471098,44.075638]]},"properties":{"PingCount":5,"AvgSpeedKmh":40.9}},{"type":"Feature","geometry":{"type":"LineString","coordinates":[[-79.452434,44.075638],[-79.484799,44.072968]]},"properties":{"PingCount":6,"AvgSpeedKmh":41.0}},{"type":"Feature","geometry":{"type":"LineString","coordinates":[[-79.452434,44.075638],[-79.423561,44.085866]]},"properties":{"PingCount":2,"AvgSpeedKmh":39.8}},{"type":"Feature","geometry":{"type":"LineString","coordinates":[[-79.452434,44.075638],[-79.424012,44.091514]]},"properties":{"PingCount":6,"AvgSpeedKmh":38.3}},{"type":"Feature","geometry":{"type":"LineString","coordinates":[[-79.471098,44.075638],[-79.484799,44.072968]]},"properties":{"PingCount":7,"AvgSpeedKmh":15.1}},{"type":"Feature","geometry":{"type":"LineString","coordinates":[[-79.471098,44.075638],[-79.424012,44.091514]]},"properties":{"PingCount":6,"AvgSpeedKmh":53.8}},{"type":"Feature","geometry":{"type":"LineString","coordinates":[[-79.423561,44.085866],[-79.424012,44.091514]]},"properties":{"PingCount":3,"AvgSpeedKmh":25.6}}]}