{"type":"FeatureCollection","scaleMax":1615,"features":[{"type":"Feature","geometry":{"type":"Polygon","coordinates":[[[-78.923741,43.943137],[-78.91752,43.943137],[-78.91752,43.947628],[-78.923741,43.947628],[-78.923741,43.943137]]]},"properties":{"StopCount":1615}},{"type":"Feature","geometry":{"type":"Polygon","coordinates":[[[-79.682653,43.75],[-79.676432,43.75],[-79.676432,43.754492],[-79.682653,43.754492],[-79.682653,43.75]]]},"properties":{"StopCount":1472}},{"type":"Feature","geometry":{"type":"Polygon","coordinates":[[[-79.682653,43.817373],[-79.676432,43.817373],[-79.676432,43.821865],[-79.682653,43.821865],[-79.682653,43.817373]]]},"properties":{"StopCount":664}},{"type":"Feature","geometry":{"type":"Polygon","coordinates":[[[-79.695094,43.727542],[-79.688873,43.727542],[-79.688873,43.732034],[-79.695094,43.732034],[-79.695094,43.727542]]]},"properties":{"StopCount":487}},{"type":"Feature","geometry":{"type":"Polygon","coordinates":[[[-79.65155,43.655677],[-79.645329,43.655677],[-79.645329,43.660169],[-79.65155,43.660169],[-79.65155,43.655677]]]},"properties":{"StopCount":484}},{"type":"Feature","geometry":{"type":"Polygon","coordinates":[[[-79.707535,43.687118],[-79.701314,43.687118],[-79.701314,43.69161],[-79.707535,43.69161],[-79.707535,43.687118]]]},"properties":{"StopCount":201}},{"type":"Feature","geometry":{"type":"Polygon","coordinates":[[[-79.645329,43.655677],[-79.639108,43.655677],[-79.639108,43.660169],[-79.645329,43.660169],[-79.645329,43.655677]]]},"properties":{"StopCount":192}},{"type":"Feature","geometry":{"type":"Polygon","coordinates":[[[-79.527138,43.889238],[-79.520917,43.889238],[-79.520917,43.89373],[-79.527138,43.89373],[-79.527138,43.889238]]]},"properties":{"StopCount":124}},{"type":"Feature","geometry":{"type":"Polygon","coordinates":[[[-79.321858,43.723051],[-79.315638,43.723051],[-79.315638,43.727542],[-79.321858,43.727542],[-79.321858,43.723051]]]},"properties":{"StopCount":80}},{"type":"Feature","geometry":{"type":"Polygon","coordinates":[[[-79.670211,43.812882],[-79.663991,43.812882],[-79.663991,43.817373],[-79.670211,43.817373],[-79.670211,43.812882]]]},"properties":{"StopCount":75}},{"type":"Feature","geometry":{"type":"Polygon","coordinates":[[[-79.688873,43.741017],[-79.682653,43.741017],[-79.682653,43.745508],[-79.688873,43.745508],[-79.688873,43.741017]]]},"properties":{"StopCount":75}},{"type":"Feature","geometry":{"type":"Polygon","coordinates":[[[-79.682653,43.736525],[-79.676432,43.736525],[-79.676432,43.741017],[-79.682653,43.741017],[-79.682653,43.736525]]]},"properties":{"StopCount":73}},{"type":"Feature","geometry":{"type":"Polygon","coordinates":[[[-79.639108,43.678135],[-79.632888,43.678135],[-79.632888,43.682627],[-79.639108,43.682627],[-79.639108,43.678135]]]},"properties":{"StopCount":67}},{"type":"Feature","geometry":{"type":"Polygon","coordinates":[[[-79.688873,43.736525],[-79.682653,43.736525],[-79.682653,43.741017],[-79.688873,43.741017],[-79.688873,43.736525]]]},"properties":{"StopCount":58}},{"type":"Feature","geometry":{"type":"Polygon","coordinates":[[[-79.744858,43.60627],[-79.738638,43.60627],[-79.738638,43.610762],[-79.744858,43.610762],[-79.744858,43.60627]]]},"properties":{"StopCount":58}},{"type":"Feature","geometry":{"type":"Polygon","coordinates":[[[-79.682653,43.709576],[-79.676432,43.709576],[-79.676432,43.714068],[-79.682653,43.714068],[-79.682653,43.709576]]]},"properties":{"StopCount":42}},{"type":"Feature","geometry":{"type":"Polygon","coordinates":[[[-79.86927,43.498473],[-79.86305,43.498473],[-79.86305,43.502964],[-79.86927,43.502964],[-79.86927,43.498473]]]},"properties":{"StopCount":42}},{"type":"Feature","geometry":{"type":"Polygon","coordinates":[[[-79.887932,43.484998],[-79.881711,43.484998],[-79.881711,43.48949],[-79.887932,43.48949],[-79.887932,43.484998]]]},"properties":{"StopCount":41}},{"type":"Feature","geometry":{"type":"Polygon","coordinates":[[[-79.875491,43.493981],[-79.86927,43.493981],[-79.86927,43.498473],[-79.875491,43.498473],[-79.875491,43.493981]]]},"properties":{"StopCount":41}},{"type":"Feature","geometry":{"type":"Polygon","coordinates":[[[-79.86305,43.502964],[-79.856829,43.502964],[-79.856829,43.507456],[-79.86305,43.507456],[-79.86305,43.502964]]]},"properties":{"StopCount":41}},{"type":"Feature","geometry":{"type":"Polygon","coordinates":[[[-79.838167,43.574829],[-79.831947,43.574829],[-79.831947,43.579321],[-79.838167,43.579321],[-79.838167,43.574829]]]},"properties":{"StopCount":40}},{"type":"Feature","geometry":{"type":"Polygon","coordinates":[[[-79.831947,43.565846],[-79.825726,43.565846],[-79.825726,43.570338],[-79.831947,43.570338],[-79.831947,43.565846]]]},"properties":{"StopCount":38}},{"type":"Feature","geometry":{"type":"Polygon","coordinates":[[[-79.054373,43.889238],[-79.048152,43.889238],[-79.048152,43.89373],[-79.054373,43.89373],[-79.054373,43.889238]]]},"properties":{"StopCount":37}},{"type":"Feature","geometry":{"type":"Polygon","coordinates":[[[-79.278314,43.767966],[-79.272094,43.767966],[-79.272094,43.772458],[-79.278314,43.772458],[-79.278314,43.767966]]]},"properties":{"StopCount":36}},{"type":"Feature","geometry":{"type":"Polygon","coordinates":[[[-79.713756,43.741017],[-79.707535,43.741017],[-79.707535,43.745508],[-79.713756,43.745508],[-79.713756,43.741017]]]},"properties":{"StopCount":35}},{"type":"Feature","geometry":{"type":"Polygon","coordinates":[[[-79.719976,43.678135],[-79.713756,43.678135],[-79.713756,43.682627],[-79.719976,43.682627],[-79.719976,43.678135]]]},"properties":{"StopCount":32}},{"type":"Feature","geometry":{"type":"Polygon","coordinates":[[[-78.849093,43.938645],[-78.842873,43.938645],[-78.842873,43.943137],[-78.849093,43.943137],[-78.849093,43.938645]]]},"properties":{"StopCount":31}},{"type":"Feature","geometry":{"type":"Polygon","coordinates":[[[-78.929961,43.857797],[-78.923741,43.857797],[-78.923741,43.862289],[-78.929961,43.862289],[-78.929961,43.857797]]]},"properties":{"StopCount":31}},{"type":"Feature","geometry":{"type":"Polygon","coordinates":[[[-79.091696,43.83534],[-79.085476,43.83534],[-79.085476,43.839831],[-79.091696,43.839831],[-79.091696,43.83534]]]},"properties":{"StopCount":31}},{"type":"Feature","geometry":{"type":"Polygon","coordinates":[[[-79.670211,43.80839],[-79.663991,43.80839],[-79.663991,43.812882],[-79.670211,43.812882],[-79.670211,43.80839]]]},"properties":{"StopCount":31}},{"type":"Feature","geometry":{"type":"Polygon","coordinates":[[[-79.228549,43.741017],[-79.222329,43.741017],[-79.222329,43.745508],[-79.228549,43.745508],[-79.228549,43.741017]]]},"properties":{"StopCount":30}},{"type":"Feature","geometry":{"type":"Polygon","coordinates":[[[-79.670211,43.709576],[-79.663991,43.709576],[-79.663991,43.714068],[-79.670211,43.714068],[-79.670211,43.709576]]]},"properties":{"StopCount":29}},{"type":"Feature","geometry":{"type":"Polygon","coordinates":[[[-79.632888,43.624236],[-79.626667,43.624236],[-79.626667,43.628728],[-79.632888,43.628728],[-79.632888,43.624236]]]},"properties":{"StopCount":29}},{"type":"Feature","geometry":{"type":"Polygon","coordinates":[[[-79.309417,43.776949],[-79.303197,43.776949],[-79.303197,43.781441],[-79.309417,43.781441],[-79.309417,43.776949]]]},"properties":{"StopCount":28}},{"type":"Feature","geometry":{"type":"Polygon","coordinates":[[[-79.676432,43.732034],[-79.670211,43.732034],[-79.670211,43.736525],[-79.676432,43.736525],[-79.676432,43.732034]]]},"properties":{"StopCount":28}},{"type":"Feature","geometry":{"type":"Polygon","coordinates":[[[-79.726197,43.655677],[-79.719976,43.655677],[-79.719976,43.660169],[-79.726197,43.660169],[-79.726197,43.655677]]]},"properties":{"StopCount":27}},{"type":"Feature","geometry":{"type":"Polygon","coordinates":[[[-79.86927,43.538897],[-79.86305,43.538897],[-79.86305,43.543388],[-79.86927,43.543388],[-79.86927,43.538897]]]},"properties":{"StopCount":27}},{"type":"Feature","geometry":{"type":"Polygon","coordinates":[[[-79.887932,43.538897],[-79.881711,43.538897],[-79.881711,43.543388],[-79.887932,43.543388],[-79.887932,43.538897]]]},"properties":{"StopCount":26}},{"type":"Feature","geometry":{"type":"Polygon","coordinates":[[[-79.284535,43.772458],[-79.278314,43.772458],[-79.278314,43.776949],[-79.284535,43.776949],[-79.284535,43.772458]]]},"properties":{"StopCount":26}},{"type":"Feature","geometry":{"type":"Polygon","coordinates":[[[-79.02327,43.857797],[-79.017049,43.857797],[-79.017049,43.862289],[-79.02327,43.862289],[-79.02327,43.857797]]]},"properties":{"StopCount":26}},{"type":"Feature","geometry":{"type":"Polygon","coordinates":[[[-79.589344,43.601779],[-79.583123,43.601779],[-79.583123,43.60627],[-79.589344,43.60627],[-79.589344,43.601779]]]},"properties":{"StopCount":25}},{"type":"Feature","geometry":{"type":"Polygon","coordinates":[[[-79.272094,43.80839],[-79.265873,43.80839],[-79.265873,43.812882],[-79.272094,43.812882],[-79.272094,43.80839]]]},"properties":{"StopCount":25}},{"type":"Feature","geometry":{"type":"Polygon","coordinates":[[[-79.682653,43.732034],[-79.676432,43.732034],[-79.676432,43.736525],[-79.682653,43.736525],[-79.682653,43.732034]]]},"properties":{"StopCount":25}},{"type":"Feature","geometry":{"type":"Polygon","coordinates":[[[-79.259652,43.848814],[-79.253432,43.848814],[-79.253432,43.853306],[-79.259652,43.853306],[-79.259652,43.848814]]]},"properties":{"StopCount":24}},{"type":"Feature","geometry":{"type":"Polygon","coordinates":[[[-78.849093,43.943137],[-78.842873,43.943137],[-78.842873,43.947628],[-78.849093,43.947628],[-78.849093,43.943137]]]},"properties":{"StopCount":23}},{"type":"Feature","geometry":{"type":"Polygon","coordinates":[[[-79.508476,43.714068],[-79.502255,43.714068],[-79.502255,43.718559],[-79.508476,43.718559],[-79.508476,43.714068]]]},"properties":{"StopCount":22}},{"type":"Feature","geometry":{"type":"Polygon","coordinates":[[[-79.259652,43.830848],[-79.253432,43.830848],[-79.253432,43.83534],[-79.259652,43.83534],[-79.259652,43.830848]]]},"properties":{"StopCount":22}},{"type":"Feature","geometry":{"type":"Polygon","coordinates":[[[-79.452491,43.785932],[-79.44627,43.785932],[-79.44627,43.790424],[-79.452491,43.790424],[-79.452491,43.785932]]]},"properties":{"StopCount":22}},{"type":"Feature","geometry":{"type":"Polygon","coordinates":[[[-78.849093,43.884747],[-78.842873,43.884747],[-78.842873,43.889238],[-78.849093,43.889238],[-78.849093,43.884747]]]},"properties":{"StopCount":22}},{"type":"Feature","geometry":{"type":"Polygon","coordinates":[[[-78.905079,43.961103],[-78.898858,43.961103],[-78.898858,43.965595],[-78.905079,43.965595],[-78.905079,43.961103]]]},"properties":{"StopCount":22}},{"type":"Feature","geometry":{"type":"Polygon","coordinates":[[[-79.296976,43.781441],[-79.290755,43.781441],[-79.290755,43.785932],[-79.296976,43.785932],[-79.296976,43.781441]]]},"properties":{"StopCount":22}},{"type":"Feature","geometry":{"type":"Polygon","coordinates":[[[-79.433829,43.794916],[-79.427608,43.794916],[-79.427608,43.799407],[-79.433829,43.799407],[-79.433829,43.794916]]]},"properties":{"StopCount":22}},{"type":"Feature","geometry":{"type":"Polygon","coordinates":[[[-79.707535,43.741017],[-79.701314,43.741017],[-79.701314,43.745508],[-79.707535,43.745508],[-79.707535,43.741017]]]},"properties":{"StopCount":22}},{"type":"Feature","geometry":{"type":"Polygon","coordinates":[[[-79.744858,43.700593],[-79.738638,43.700593],[-79.738638,43.705084],[-79.744858,43.705084],[-79.744858,43.700593]]]},"properties":{"StopCount":21}},{"type":"Feature","geometry":{"type":"Polygon","coordinates":[[[-79.334299,43.790424],[-79.328079,43.790424],[-79.328079,43.794916],[-79.334299,43.794916],[-79.334299,43.790424]]]},"properties":{"StopCount":20}},{"type":"Feature","geometry":{"type":"Polygon","coordinates":[[[-79.676432,43.817373],[-79.670211,43.817373],[-79.670211,43.821865],[-79.676432,43.821865],[-79.676432,43.817373]]]},"properties":{"StopCount":20}},{"type":"Feature","geometry":{"type":"Polygon","coordinates":[[[-78.998388,43.920679],[-78.992167,43.920679],[-78.992167,43.925171],[-78.998388,43.925171],[-78.998388,43.920679]]]},"properties":{"StopCount":20}},{"type":"Feature","geometry":{"type":"Polygon","coordinates":[[[-79.222329,43.871272],[-79.216108,43.871272],[-79.216108,43.875764],[-79.222329,43.875764],[-79.222329,43.871272]]]},"properties":{"StopCount":20}},{"type":"Feature","geometry":{"type":"Polygon","coordinates":[[[-78.880196,43.929662],[-78.873976,43.929662],[-78.873976,43.934154],[-78.880196,43.934154],[-78.880196,43.929662]]]},"properties":{"StopCount":20}},{"type":"Feature","geometry":{"type":"Polygon","coordinates":[[[-78.718461,43.911696],[-78.71224,43.911696],[-78.71224,43.916188],[-78.718461,43.916188],[-78.718461,43.911696]]]},"properties":{"StopCount":20}},{"type":"Feature","geometry":{"type":"Polygon","coordinates":[[[-79.309417,43.839831],[-79.303197,43.839831],[-79.303197,43.844323],[-79.309417,43.844323],[-79.309417,43.839831]]]},"properties":{"StopCount":20}},{"type":"Feature","geometry":{"type":"Polygon","coordinates":[[[-79.296976,43.86678],[-79.290755,43.86678],[-79.290755,43.871272],[-79.296976,43.871272],[-79.296976,43.86678]]]},"properties":{"StopCount":20}},{"type":"Feature","geometry":{"type":"Polygon","coordinates":[[[-79.626667,43.745508],[-79.620447,43.745508],[-79.620447,43.75],[-79.626667,43.75],[-79.626667,43.745508]]]},"properties":{"StopCount":20}},{"type":"Feature","geometry":{"type":"Polygon","coordinates":[[[-78.81799,43.907204],[-78.81177,43.907204],[-78.81177,43.911696],[-78.81799,43.911696],[-78.81799,43.907204]]]},"properties":{"StopCount":19}},{"type":"Feature","geometry":{"type":"Polygon","coordinates":[[[-79.290755,43.727542],[-79.284535,43.727542],[-79.284535,43.732034],[-79.290755,43.732034],[-79.290755,43.727542]]]},"properties":{"StopCount":19}},{"type":"Feature","geometry":{"type":"Polygon","coordinates":[[[-79.620447,43.745508],[-79.614226,43.745508],[-79.614226,43.75],[-79.620447,43.75],[-79.620447,43.745508]]]},"properties":{"StopCount":19}},{"type":"Feature","geometry":{"type":"Polygon","coordinates":[[[-79.788403,43.592796],[-79.782182,43.592796],[-79.782182,43.597287],[-79.788403,43.597287],[-79.788403,43.592796]]]},"properties":{"StopCount":18}},{"type":"Feature","geometry":{"type":"Polygon","coordinates":[[[-79.576903,43.615253],[-79.570682,43.615253],[-79.570682,43.619745],[-79.576903,43.619745],[-79.576903,43.615253]]]},"properties":{"StopCount":18}},{"type":"Feature","geometry":{"type":"Polygon","coordinates":[[[-79.458711,43.655677],[-79.452491,43.655677],[-79.452491,43.660169],[-79.458711,43.660169],[-79.458711,43.655677]]]},"properties":{"StopCount":18}},{"type":"Feature","geometry":{"type":"Polygon","coordinates":[[[-79.471152,43.669152],[-79.464932,43.669152],[-79.464932,43.673644],[-79.471152,43.673644],[-79.471152,43.669152]]]},"properties":{"StopCount":18}},{"type":"Feature","geometry":{"type":"Polygon","coordinates":[[[-78.60027,43.934154],[-78.594049,43.934154],[-78.594049,43.938645],[-78.60027,43.938645],[-78.60027,43.934154]]]},"properties":{"StopCount":18}},{"type":"Feature","geometry":{"type":"Polygon","coordinates":[[[-79.539579,43.848814],[-79.533358,43.848814],[-79.533358,43.853306],[-79.539579,43.853306],[-79.539579,43.848814]]]},"properties":{"StopCount":18}},{"type":"Feature","geometry":{"type":"Polygon","coordinates":[[[-79.719976,43.63322],[-79.713756,43.63322],[-79.713756,43.637711],[-79.719976,43.637711],[-79.719976,43.63322]]]},"properties":{"StopCount":17}},{"type":"Feature","geometry":{"type":"Polygon","coordinates":[[[-79.751079,43.60627],[-79.744858,43.60627],[-79.744858,43.610762],[-79.751079,43.610762],[-79.751079,43.60627]]]},"properties":{"StopCount":17}},{"type":"Feature","geometry":{"type":"Polygon","coordinates":[[[-79.240991,43.736525],[-79.23477,43.736525],[-79.23477,43.741017],[-79.240991,43.741017],[-79.240991,43.736525]]]},"properties":{"StopCount":17}},{"type":"Feature","geometry":{"type":"Polygon","coordinates":[[[-79.296976,43.709576],[-79.290755,43.709576],[-79.290755,43.714068],[-79.296976,43.714068],[-79.296976,43.709576]]]},"properties":{"StopCount":17}},{"type":"Feature","geometry":{"type":"Polygon","coordinates":[[[-79.520917,43.628728],[-79.514697,43.628728],[-79.514697,43.63322],[-79.520917,43.63322],[-79.520917,43.628728]]]},"properties":{"StopCount":17}},{"type":"Feature","geometry":{"type":"Polygon","coordinates":[[[-79.029491,43.839831],[-79.02327,43.839831],[-79.02327,43.844323],[-79.029491,43.844323],[-79.029491,43.839831]]]},"properties":{"StopCount":17}},{"type":"Feature","geometry":{"type":"Polygon","coordinates":[[[-79.458711,43.947628],[-79.452491,43.947628],[-79.452491,43.95212],[-79.458711,43.95212],[-79.458711,43.947628]]]},"properties":{"StopCount":17}},{"type":"Feature","geometry":{"type":"Polygon","coordinates":[[[-79.017049,43.86678],[-79.010829,43.86678],[-79.010829,43.871272],[-79.017049,43.871272],[-79.017049,43.86678]]]},"properties":{"StopCount":17}},{"type":"Feature","geometry":{"type":"Polygon","coordinates":[[[-79.583123,43.601779],[-79.576903,43.601779],[-79.576903,43.60627],[-79.583123,43.60627],[-79.583123,43.601779]]]},"properties":{"StopCount":17}},{"type":"Feature","geometry":{"type":"Polygon","coordinates":[[[-79.670211,43.588304],[-79.663991,43.588304],[-79.663991,43.592796],[-79.670211,43.592796],[-79.670211,43.588304]]]},"properties":{"StopCount":16}},{"type":"Feature","geometry":{"type":"Polygon","coordinates":[[[-79.284535,43.767966],[-79.278314,43.767966],[-79.278314,43.772458],[-79.284535,43.772458],[-79.284535,43.767966]]]},"properties":{"StopCount":16}},{"type":"Feature","geometry":{"type":"Polygon","coordinates":[[[-79.23477,43.754492],[-79.228549,43.754492],[-79.228549,43.758983],[-79.23477,43.758983],[-79.23477,43.754492]]]},"properties":{"StopCount":16}},{"type":"Feature","geometry":{"type":"Polygon","coordinates":[[[-79.259652,43.772458],[-79.253432,43.772458],[-79.253432,43.776949],[-79.259652,43.776949],[-79.259652,43.772458]]]},"properties":{"StopCount":16}},{"type":"Feature","geometry":{"type":"Polygon","coordinates":[[[-79.321858,43.718559],[-79.315638,43.718559],[-79.315638,43.723051],[-79.321858,43.723051],[-79.321858,43.718559]]]},"properties":{"StopCount":16}},{"type":"Feature","geometry":{"type":"Polygon","coordinates":[[[-79.147682,43.799407],[-79.141461,43.799407],[-79.141461,43.803899],[-79.147682,43.803899],[-79.147682,43.799407]]]},"properties":{"StopCount":16}},{"type":"Feature","geometry":{"type":"Polygon","coordinates":[[[-79.663991,43.803899],[-79.65777,43.803899],[-79.65777,43.80839],[-79.663991,43.80839],[-79.663991,43.803899]]]},"properties":{"StopCount":16}},{"type":"Feature","geometry":{"type":"Polygon","coordinates":[[[-79.670211,43.66466],[-79.663991,43.66466],[-79.663991,43.669152],[-79.670211,43.669152],[-79.670211,43.66466]]]},"properties":{"StopCount":15}},{"type":"Feature","geometry":{"type":"Polygon","coordinates":[[[-79.682653,43.727542],[-79.676432,43.727542],[-79.676432,43.732034],[-79.682653,43.732034],[-79.682653,43.727542]]]},"properties":{"StopCount":15}},{"type":"Feature","geometry":{"type":"Polygon","coordinates":[[[-79.626667,43.741017],[-79.620447,43.741017],[-79.620447,43.745508],[-79.626667,43.745508],[-79.626667,43.741017]]]},"properties":{"StopCount":15}},{"type":"Feature","geometry":{"type":"Polygon","coordinates":[[[-79.303197,43.763475],[-79.296976,43.763475],[-79.296976,43.767966],[-79.303197,43.767966],[-79.303197,43.763475]]]},"properties":{"StopCount":15}},{"type":"Feature","geometry":{"type":"Polygon","coordinates":[[[-79.589344,43.619745],[-79.583123,43.619745],[-79.583123,43.624236],[-79.589344,43.624236],[-79.589344,43.619745]]]},"properties":{"StopCount":15}},{"type":"Feature","geometry":{"type":"Polygon","coordinates":[[[-79.433829,44.064409],[-79.427608,44.064409],[-79.427608,44.0689],[-79.433829,44.0689],[-79.433829,44.064409]]]},"properties":{"StopCount":15}},{"type":"Feature","geometry":{"type":"Polygon","coordinates":[[[-79.253432,43.723051],[-79.247211,43.723051],[-79.247211,43.727542],[-79.253432,43.727542],[-79.253432,43.723051]]]},"properties":{"StopCount":15}},{"type":"Feature","geometry":{"type":"Polygon","coordinates":[[[-78.71224,43.907204],[-78.70602,43.907204],[-78.70602,43.911696],[-78.71224,43.911696],[-78.71224,43.907204]]]},"properties":{"StopCount":15}},{"type":"Feature","geometry":{"type":"Polygon","coordinates":[[[-79.415167,43.758983],[-79.408947,43.758983],[-79.408947,43.763475],[-79.415167,43.763475],[-79.415167,43.758983]]]},"properties":{"StopCount":15}},{"type":"Feature","geometry":{"type":"Polygon","coordinates":[[[-79.384064,43.669152],[-79.377844,43.669152],[-79.377844,43.673644],[-79.384064,43.673644],[-79.384064,43.669152]]]},"properties":{"StopCount":15}},{"type":"Feature","geometry":{"type":"Polygon","coordinates":[[[-79.539579,43.830848],[-79.533358,43.830848],[-79.533358,43.83534],[-79.539579,43.83534],[-79.539579,43.830848]]]},"properties":{"StopCount":15}},{"type":"Feature","geometry":{"type":"Polygon","coordinates":[[[-79.402726,43.705084],[-79.396505,43.705084],[-79.396505,43.709576],[-79.402726,43.709576],[-79.402726,43.705084]]]},"properties":{"StopCount":15}},{"type":"Feature","geometry":{"type":"Polygon","coordinates":[[[-79.44005,43.655677],[-79.433829,43.655677],[-79.433829,43.660169],[-79.44005,43.660169],[-79.44005,43.655677]]]},"properties":{"StopCount":15}},{"type":"Feature","geometry":{"type":"Polygon","coordinates":[[[-79.570682,43.705084],[-79.564461,43.705084],[-79.564461,43.709576],[-79.570682,43.709576],[-79.570682,43.705084]]]},"properties":{"StopCount":15}},{"type":"Feature","geometry":{"type":"Polygon","coordinates":[[[-79.626667,43.700593],[-79.620447,43.700593],[-79.620447,43.705084],[-79.626667,43.705084],[-79.626667,43.700593]]]},"properties":{"StopCount":15}},{"type":"Feature","geometry":{"type":"Polygon","coordinates":[[[-79.738638,43.69161],[-79.732417,43.69161],[-79.732417,43.696101],[-79.738638,43.696101],[-79.738638,43.69161]]]},"properties":{"StopCount":15}},{"type":"Feature","geometry":{"type":"Polygon","coordinates":[[[-79.688873,43.637711],[-79.682653,43.637711],[-79.682653,43.642203],[-79.688873,43.642203],[-79.688873,43.637711]]]},"properties":{"StopCount":15}},{"type":"Feature","geometry":{"type":"Polygon","coordinates":[[[-79.738638,43.705084],[-79.732417,43.705084],[-79.732417,43.709576],[-79.738638,43.709576],[-79.738638,43.705084]]]},"properties":{"StopCount":14}},{"type":"Feature","geometry":{"type":"Polygon","coordinates":[[[-79.76352,43.579321],[-79.7573,43.579321],[-79.7573,43.583812],[-79.76352,43.583812],[-79.76352,43.579321]]]},"properties":{"StopCount":14}},{"type":"Feature","geometry":{"type":"Polygon","coordinates":[[[-79.713756,43.700593],[-79.707535,43.700593],[-79.707535,43.705084],[-79.713756,43.705084],[-79.713756,43.700593]]]},"properties":{"StopCount":14}},{"type":"Feature","geometry":{"type":"Polygon","coordinates":[[[-79.290755,43.862289],[-79.284535,43.862289],[-79.284535,43.86678],[-79.290755,43.86678],[-79.290755,43.862289]]]},"properties":{"StopCount":14}},{"type":"Feature","geometry":{"type":"Polygon","coordinates":[[[-79.415167,43.871272],[-79.408947,43.871272],[-79.408947,43.875764],[-79.415167,43.875764],[-79.415167,43.871272]]]},"properties":{"StopCount":14}},{"type":"Feature","geometry":{"type":"Polygon","coordinates":[[[-79.371623,43.767966],[-79.365402,43.767966],[-79.365402,43.772458],[-79.371623,43.772458],[-79.371623,43.767966]]]},"properties":{"StopCount":14}},{"type":"Feature","geometry":{"type":"Polygon","coordinates":[[[-79.265873,43.75],[-79.259652,43.75],[-79.259652,43.754492],[-79.265873,43.754492],[-79.265873,43.75]]]},"properties":{"StopCount":14}},{"type":"Feature","geometry":{"type":"Polygon","coordinates":[[[-79.421388,43.839831],[-79.415167,43.839831],[-79.415167,43.844323],[-79.421388,43.844323],[-79.421388,43.839831]]]},"properties":{"StopCount":14}},{"type":"Feature","geometry":{"type":"Polygon","coordinates":[[[-79.265873,43.89373],[-79.259652,43.89373],[-79.259652,43.898221],[-79.265873,43.898221],[-79.265873,43.89373]]]},"properties":{"StopCount":14}},{"type":"Feature","geometry":{"type":"Polygon","coordinates":[[[-79.76352,43.610762],[-79.7573,43.610762],[-79.7573,43.615253],[-79.76352,43.615253],[-79.76352,43.610762]]]},"properties":{"StopCount":14}},{"type":"Feature","geometry":{"type":"Polygon","coordinates":[[[-79.663991,43.736525],[-79.65777,43.736525],[-79.65777,43.741017],[-79.663991,43.741017],[-79.663991,43.736525]]]},"properties":{"StopCount":14}},{"type":"Feature","geometry":{"type":"Polygon","coordinates":[[[-79.328079,43.812882],[-79.321858,43.812882],[-79.321858,43.817373],[-79.328079,43.817373],[-79.328079,43.812882]]]},"properties":{"StopCount":13}},{"type":"Feature","geometry":{"type":"Polygon","coordinates":[[[-78.936182,43.86678],[-78.929961,43.86678],[-78.929961,43.871272],[-78.936182,43.871272],[-78.936182,43.86678]]]},"properties":{"StopCount":13}},{"type":"Feature","geometry":{"type":"Polygon","coordinates":[[[-79.240991,43.776949],[-79.23477,43.776949],[-79.23477,43.781441],[-79.240991,43.781441],[-79.240991,43.776949]]]},"properties":{"StopCount":13}},{"type":"Feature","geometry":{"type":"Polygon","coordinates":[[[-79.477373,43.911696],[-79.471152,43.911696],[-79.471152,43.916188],[-79.477373,43.916188],[-79.477373,43.911696]]]},"properties":{"StopCount":13}},{"type":"Feature","geometry":{"type":"Polygon","coordinates":[[[-79.408947,43.875764],[-79.402726,43.875764],[-79.402726,43.880255],[-79.408947,43.880255],[-79.408947,43.875764]]]},"properties":{"StopCount":13}},{"type":"Feature","geometry":{"type":"Polygon","coordinates":[[[-79.794623,43.592796],[-79.788403,43.592796],[-79.788403,43.597287],[-79.794623,43.597287],[-79.794623,43.592796]]]},"properties":{"StopCount":12}},{"type":"Feature","geometry":{"type":"Polygon","coordinates":[[[-79.782182,43.579321],[-79.775961,43.579321],[-79.775961,43.583812],[-79.782182,43.583812],[-79.782182,43.579321]]]},"properties":{"StopCount":12}},{"type":"Feature","geometry":{"type":"Polygon","coordinates":[[[-79.726197,43.678135],[-79.719976,43.678135],[-79.719976,43.682627],[-79.726197,43.682627],[-79.726197,43.678135]]]},"properties":{"StopCount":12}},{"type":"Feature","geometry":{"type":"Polygon","coordinates":[[[-78.961064,43.916188],[-78.954843,43.916188],[-78.954843,43.920679],[-78.961064,43.920679],[-78.961064,43.916188]]]},"properties":{"StopCount":12}},{"type":"Feature","geometry":{"type":"Polygon","coordinates":[[[-79.489814,43.857797],[-79.483594,43.857797],[-79.483594,43.862289],[-79.489814,43.862289],[-79.489814,43.857797]]]},"properties":{"StopCount":12}},{"type":"Feature","geometry":{"type":"Polygon","coordinates":[[[-79.464932,43.826356],[-79.458711,43.826356],[-79.458711,43.830848],[-79.464932,43.830848],[-79.464932,43.826356]]]},"properties":{"StopCount":12}},{"type":"Feature","geometry":{"type":"Polygon","coordinates":[[[-79.508476,43.817373],[-79.502255,43.817373],[-79.502255,43.821865],[-79.508476,43.821865],[-79.508476,43.817373]]]},"properties":{"StopCount":12}},{"type":"Feature","geometry":{"type":"Polygon","coordinates":[[[-79.508476,43.83534],[-79.502255,43.83534],[-79.502255,43.839831],[-79.508476,43.839831],[-79.508476,43.83534]]]},"properties":{"StopCount":12}},{"type":"Feature","geometry":{"type":"Polygon","coordinates":[[[-79.701314,43.69161],[-79.695094,43.69161],[-79.695094,43.696101],[-79.701314,43.696101],[-79.701314,43.69161]]]},"properties":{"StopCount":12}},{"type":"Feature","geometry":{"type":"Polygon","coordinates":[[[-79.713756,43.687118],[-79.707535,43.687118],[-79.707535,43.69161],[-79.713756,43.69161],[-79.713756,43.687118]]]},"properties":{"StopCount":12}},{"type":"Feature","geometry":{"type":"Polygon","coordinates":[[[-79.539579,43.709576],[-79.533358,43.709576],[-79.533358,43.714068],[-79.539579,43.714068],[-79.539579,43.709576]]]},"properties":{"StopCount":12}},{"type":"Feature","geometry":{"type":"Polygon","coordinates":[[[-79.732417,43.534405],[-79.726197,43.534405],[-79.726197,43.538897],[-79.732417,43.538897],[-79.732417,43.534405]]]},"properties":{"StopCount":12}},{"type":"Feature","geometry":{"type":"Polygon","coordinates":[[[-79.744858,43.556863],[-79.738638,43.556863],[-79.738638,43.561355],[-79.744858,43.561355],[-79.744858,43.556863]]]},"properties":{"StopCount":12}},{"type":"Feature","geometry":{"type":"Polygon","coordinates":[[[-79.228549,43.758983],[-79.222329,43.758983],[-79.222329,43.763475],[-79.228549,43.763475],[-79.228549,43.758983]]]},"properties":{"StopCount":12}},{"type":"Feature","geometry":{"type":"Polygon","coordinates":[[[-79.247211,43.80839],[-79.240991,43.80839],[-79.240991,43.812882],[-79.247211,43.812882],[-79.247211,43.80839]]]},"properties":{"StopCount":12}},{"type":"Feature","geometry":{"type":"Polygon","coordinates":[[[-79.502255,43.857797],[-79.496035,43.857797],[-79.496035,43.862289],[-79.502255,43.862289],[-79.502255,43.857797]]]},"properties":{"StopCount":12}},{"type":"Feature","geometry":{"type":"Polygon","coordinates":[[[-78.954843,43.916188],[-78.948623,43.916188],[-78.948623,43.920679],[-78.954843,43.920679],[-78.954843,43.916188]]]},"properties":{"StopCount":12}},{"type":"Feature","geometry":{"type":"Polygon","coordinates":[[[-78.886417,43.880255],[-78.880196,43.880255],[-78.880196,43.884747],[-78.886417,43.884747],[-78.886417,43.880255]]]},"properties":{"StopCount":12}},{"type":"Feature","geometry":{"type":"Polygon","coordinates":[[[-79.02327,43.862289],[-79.017049,43.862289],[-79.017049,43.86678],[-79.02327,43.86678],[-79.02327,43.862289]]]},"properties":{"StopCount":12}},{"type":"Feature","geometry":{"type":"Polygon","coordinates":[[[-79.191226,43.767966],[-79.185005,43.767966],[-79.185005,43.772458],[-79.191226,43.772458],[-79.191226,43.767966]]]},"properties":{"StopCount":12}},{"type":"Feature","geometry":{"type":"Polygon","coordinates":[[[-79.670211,43.817373],[-79.663991,43.817373],[-79.663991,43.821865],[-79.670211,43.821865],[-79.670211,43.817373]]]},"properties":{"StopCount":12}},{"type":"Feature","geometry":{"type":"Polygon","coordinates":[[[-79.676432,43.812882],[-79.670211,43.812882],[-79.670211,43.817373],[-79.676432,43.817373],[-79.676432,43.812882]]]},"properties":{"StopCount":12}},{"type":"Feature","geometry":{"type":"Polygon","coordinates":[[[-79.707535,43.758983],[-79.701314,43.758983],[-79.701314,43.763475],[-79.707535,43.763475],[-79.707535,43.758983]]]},"properties":{"StopCount":12}},{"type":"Feature","geometry":{"type":"Polygon","coordinates":[[[-79.296976,43.727542],[-79.290755,43.727542],[-79.290755,43.732034],[-79.296976,43.732034],[-79.296976,43.727542]]]},"properties":{"StopCount":11}},{"type":"Feature","geometry":{"type":"Polygon","coordinates":[[[-79.626667,43.772458],[-79.620447,43.772458],[-79.620447,43.776949],[-79.626667,43.776949],[-79.626667,43.772458]]]},"properties":{"StopCount":11}},{"type":"Feature","geometry":{"type":"Polygon","coordinates":[[[-79.520917,43.830848],[-79.514697,43.830848],[-79.514697,43.83534],[-79.520917,43.83534],[-79.520917,43.830848]]]},"properties":{"StopCount":11}},{"type":"Feature","geometry":{"type":"Polygon","coordinates":[[[-79.732417,43.592796],[-79.726197,43.592796],[-79.726197,43.597287],[-79.732417,43.597287],[-79.732417,43.592796]]]},"properties":{"StopCount":11}},{"type":"Feature","geometry":{"type":"Polygon","coordinates":[[[-79.44627,43.89373],[-79.44005,43.89373],[-79.44005,43.898221],[-79.44627,43.898221],[-79.44627,43.89373]]]},"properties":{"StopCount":11}},{"type":"Feature","geometry":{"type":"Polygon","coordinates":[[[-79.477373,44.041951],[-79.471152,44.041951],[-79.471152,44.046443],[-79.477373,44.046443],[-79.477373,44.041951]]]},"properties":{"StopCount":11}},{"type":"Feature","geometry":{"type":"Polygon","coordinates":[[[-79.508476,43.934154],[-79.502255,43.934154],[-79.502255,43.938645],[-79.508476,43.938645],[-79.508476,43.934154]]]},"properties":{"StopCount":11}},{"type":"Feature","geometry":{"type":"Polygon","coordinates":[[[-79.004608,43.920679],[-78.998388,43.920679],[-78.998388,43.925171],[-79.004608,43.925171],[-79.004608,43.920679]]]},"properties":{"StopCount":11}},{"type":"Feature","geometry":{"type":"Polygon","coordinates":[[[-79.315638,43.754492],[-79.309417,43.754492],[-79.309417,43.758983],[-79.315638,43.758983],[-79.315638,43.754492]]]},"properties":{"StopCount":11}},{"type":"Feature","geometry":{"type":"Polygon","coordinates":[[[-79.663991,43.812882],[-79.65777,43.812882],[-79.65777,43.817373],[-79.663991,43.817373],[-79.663991,43.812882]]]},"properties":{"StopCount":11}},{"type":"Feature","geometry":{"type":"Polygon","coordinates":[[[-79.558241,43.615253],[-79.55202,43.615253],[-79.55202,43.619745],[-79.558241,43.619745],[-79.558241,43.615253]]]},"properties":{"StopCount":10}},{"type":"Feature","geometry":{"type":"Polygon","coordinates":[[[-79.719976,43.579321],[-79.713756,43.579321],[-79.713756,43.583812],[-79.719976,43.583812],[-79.719976,43.579321]]]},"properties":{"StopCount":10}},{"type":"Feature","geometry":{"type":"Polygon","coordinates":[[[-79.881711,43.538897],[-79.875491,43.538897],[-79.875491,43.543388],[-79.881711,43.543388],[-79.881711,43.538897]]]},"properties":{"StopCount":10}},{"type":"Feature","geometry":{"type":"Polygon","coordinates":[[[-79.253432,43.754492],[-79.247211,43.754492],[-79.247211,43.758983],[-79.253432,43.758983],[-79.253432,43.754492]]]},"properties":{"StopCount":10}},{"type":"Feature","geometry":{"type":"Polygon","coordinates":[[[-79.875491,43.538897],[-79.86927,43.538897],[-79.86927,43.543388],[-79.875491,43.543388],[-79.875491,43.538897]]]},"properties":{"StopCount":10}},{"type":"Feature","geometry":{"type":"Polygon","coordinates":[[[-79.856829,43.305336],[-79.850609,43.305336],[-79.850609,43.309828],[-79.856829,43.309828],[-79.856829,43.305336]]]},"properties":{"StopCount":10}},{"type":"Feature","geometry":{"type":"Polygon","coordinates":[[[-79.483594,43.803899],[-79.477373,43.803899],[-79.477373,43.80839],[-79.483594,43.80839],[-79.483594,43.803899]]]},"properties":{"StopCount":10}},{"type":"Feature","geometry":{"type":"Polygon","coordinates":[[[-79.203667,43.794916],[-79.197447,43.794916],[-79.197447,43.799407],[-79.203667,43.799407],[-79.203667,43.794916]]]},"properties":{"StopCount":10}},{"type":"Feature","geometry":{"type":"Polygon","coordinates":[[[-79.452491,44.019493],[-79.44627,44.019493],[-79.44627,44.023985],[-79.452491,44.023985],[-79.452491,44.019493]]]},"properties":{"StopCount":10}},{"type":"Feature","geometry":{"type":"Polygon","coordinates":[[[-79.76352,43.727542],[-79.7573,43.727542],[-79.7573,43.732034],[-79.76352,43.732034],[-79.76352,43.727542]]]},"properties":{"StopCount":10}},{"type":"Feature","geometry":{"type":"Polygon","coordinates":[[[-79.5458,43.763475],[-79.539579,43.763475],[-79.539579,43.767966],[-79.5458,43.767966],[-79.5458,43.763475]]]},"properties":{"StopCount":10}},{"type":"Feature","geometry":{"type":"Polygon","coordinates":[[[-79.632888,43.763475],[-79.626667,43.763475],[-79.626667,43.767966],[-79.632888,43.767966],[-79.632888,43.763475]]]},"properties":{"StopCount":10}},{"type":"Feature","geometry":{"type":"Polygon","coordinates":[[[-79.632888,43.758983],[-79.626667,43.758983],[-79.626667,43.763475],[-79.632888,43.763475],[-79.632888,43.758983]]]},"properties":{"StopCount":10}},{"type":"Feature","geometry":{"type":"Polygon","coordinates":[[[-79.744858,43.588304],[-79.738638,43.588304],[-79.738638,43.592796],[-79.744858,43.592796],[-79.744858,43.588304]]]},"properties":{"StopCount":9}},{"type":"Feature","geometry":{"type":"Polygon","coordinates":[[[-79.421388,43.732034],[-79.415167,43.732034],[-79.415167,43.736525],[-79.421388,43.736525],[-79.421388,43.732034]]]},"properties":{"StopCount":9}},{"type":"Feature","geometry":{"type":"Polygon","coordinates":[[[-79.390285,43.857797],[-79.384064,43.857797],[-79.384064,43.862289],[-79.390285,43.862289],[-79.390285,43.857797]]]},"properties":{"StopCount":9}},{"type":"Feature","geometry":{"type":"Polygon","coordinates":[[[-79.452491,43.80839],[-79.44627,43.80839],[-79.44627,43.812882],[-79.452491,43.812882],[-79.452491,43.80839]]]},"properties":{"StopCount":9}},{"type":"Feature","geometry":{"type":"Polygon","coordinates":[[[-79.334299,43.714068],[-79.328079,43.714068],[-79.328079,43.718559],[-79.334299,43.718559],[-79.334299,43.714068]]]},"properties":{"StopCount":9}},{"type":"Feature","geometry":{"type":"Polygon","coordinates":[[[-79.471152,43.673644],[-79.464932,43.673644],[-79.464932,43.678135],[-79.471152,43.678135],[-79.471152,43.673644]]]},"properties":{"StopCount":9}},{"type":"Feature","geometry":{"type":"Polygon","coordinates":[[[-79.744858,43.610762],[-79.738638,43.610762],[-79.738638,43.615253],[-79.744858,43.615253],[-79.744858,43.610762]]]},"properties":{"StopCount":9}},{"type":"Feature","geometry":{"type":"Polygon","coordinates":[[[-79.539579,43.767966],[-79.533358,43.767966],[-79.533358,43.772458],[-79.539579,43.772458],[-79.539579,43.767966]]]},"properties":{"StopCount":9}},{"type":"Feature","geometry":{"type":"Polygon","coordinates":[[[-79.65777,43.821865],[-79.65155,43.821865],[-79.65155,43.826356],[-79.65777,43.826356],[-79.65777,43.821865]]]},"properties":{"StopCount":8}},{"type":"Feature","geometry":{"type":"Polygon","coordinates":[[[-78.929961,43.934154],[-78.923741,43.934154],[-78.923741,43.938645],[-78.929961,43.938645],[-78.929961,43.934154]]]},"properties":{"StopCount":8}},{"type":"Feature","geometry":{"type":"Polygon","coordinates":[[[-79.576903,43.60627],[-79.570682,43.60627],[-79.570682,43.610762],[-79.576903,43.610762],[-79.576903,43.60627]]]},"properties":{"StopCount":8}},{"type":"Feature","geometry":{"type":"Polygon","coordinates":[[[-79.614226,43.821865],[-79.608005,43.821865],[-79.608005,43.826356],[-79.614226,43.826356],[-79.614226,43.821865]]]},"properties":{"StopCount":8}},{"type":"Feature","geometry":{"type":"Polygon","coordinates":[[[-79.390285,43.660169],[-79.384064,43.660169],[-79.384064,43.66466],[-79.390285,43.66466],[-79.390285,43.660169]]]},"properties":{"StopCount":8}},{"type":"Feature","geometry":{"type":"Polygon","coordinates":[[[-79.539579,43.826356],[-79.533358,43.826356],[-79.533358,43.830848],[-79.539579,43.830848],[-79.539579,43.826356]]]},"properties":{"StopCount":8}},{"type":"Feature","geometry":{"type":"Polygon","coordinates":[[[-79.433829,43.853306],[-79.427608,43.853306],[-79.427608,43.857797],[-79.433829,43.857797],[-79.433829,43.853306]]]},"properties":{"StopCount":8}},{"type":"Feature","geometry":{"type":"Polygon","coordinates":[[[-79.676432,43.700593],[-79.670211,43.700593],[-79.670211,43.705084],[-79.676432,43.705084],[-79.676432,43.700593]]]},"properties":{"StopCount":8}},{"type":"Feature","geometry":{"type":"Polygon","coordinates":[[[-79.352961,43.687118],[-79.346741,43.687118],[-79.346741,43.69161],[-79.352961,43.69161],[-79.352961,43.687118]]]},"properties":{"StopCount":8}},{"type":"Feature","geometry":{"type":"Polygon","coordinates":[[[-79.688873,43.574829],[-79.682653,43.574829],[-79.682653,43.579321],[-79.688873,43.579321],[-79.688873,43.574829]]]},"properties":{"StopCount":7}},{"type":"Feature","geometry":{"type":"Polygon","coordinates":[[[-79.688873,43.660169],[-79.682653,43.660169],[-79.682653,43.66466],[-79.688873,43.66466],[-79.688873,43.660169]]]},"properties":{"StopCount":7}},{"type":"Feature","geometry":{"type":"Polygon","coordinates":[[[-79.570682,43.714068],[-79.564461,43.714068],[-79.564461,43.718559],[-79.570682,43.718559],[-79.570682,43.714068]]]},"properties":{"StopCount":7}},{"type":"Feature","geometry":{"type":"Polygon","coordinates":[[[-79.800844,43.723051],[-79.794623,43.723051],[-79.794623,43.727542],[-79.800844,43.727542],[-79.800844,43.723051]]]},"properties":{"StopCount":7}},{"type":"Feature","geometry":{"type":"Polygon","coordinates":[[[-79.906594,43.520931],[-79.900373,43.520931],[-79.900373,43.525422],[-79.906594,43.525422],[-79.906594,43.520931]]]},"properties":{"StopCount":7}},{"type":"Feature","geometry":{"type":"Polygon","coordinates":[[[-79.713756,43.857797],[-79.707535,43.857797],[-79.707535,43.862289],[-79.713756,43.862289],[-79.713756,43.857797]]]},"properties":{"StopCount":7}},{"type":"Feature","geometry":{"type":"Polygon","coordinates":[[[-79.663991,43.610762],[-79.65777,43.610762],[-79.65777,43.615253],[-79.663991,43.615253],[-79.663991,43.610762]]]},"properties":{"StopCount":7}},{"type":"Feature","geometry":{"type":"Polygon","coordinates":[[[-79.595564,43.601779],[-79.589344,43.601779],[-79.589344,43.60627],[-79.595564,43.60627],[-79.595564,43.601779]]]},"properties":{"StopCount":7}},{"type":"Feature","geometry":{"type":"Polygon","coordinates":[[[-79.464932,43.983561],[-79.458711,43.983561],[-79.458711,43.988052],[-79.464932,43.988052],[-79.464932,43.983561]]]},"properties":{"StopCount":7}},{"type":"Feature","geometry":{"type":"Polygon","coordinates":[[[-79.483594,44.073392],[-79.477373,44.073392],[-79.477373,44.077884],[-79.483594,44.077884],[-79.483594,44.073392]]]},"properties":{"StopCount":7}},{"type":"Feature","geometry":{"type":"Polygon","coordinates":[[[-79.396505,43.839831],[-79.390285,43.839831],[-79.390285,43.844323],[-79.396505,43.844323],[-79.396505,43.839831]]]},"properties":{"StopCount":7}},{"type":"Feature","geometry":{"type":"Polygon","coordinates":[[[-79.775961,43.619745],[-79.769741,43.619745],[-79.769741,43.624236],[-79.775961,43.624236],[-79.775961,43.619745]]]},"properties":{"StopCount":7}},{"type":"Feature","geometry":{"type":"Polygon","coordinates":[[[-79.676432,43.736525],[-79.670211,43.736525],[-79.670211,43.741017],[-79.676432,43.741017],[-79.676432,43.736525]]]},"properties":{"StopCount":7}},{"type":"Feature","geometry":{"type":"Polygon","coordinates":[[[-79.663991,43.655677],[-79.65777,43.655677],[-79.65777,43.660169],[-79.663991,43.660169],[-79.663991,43.655677]]]},"properties":{"StopCount":7}},{"type":"Feature","geometry":{"type":"Polygon","coordinates":[[[-79.415167,44.015002],[-79.408947,44.015002],[-79.408947,44.019493],[-79.415167,44.019493],[-79.415167,44.015002]]]},"properties":{"StopCount":7}},{"type":"Feature","geometry":{"type":"Polygon","coordinates":[[[-79.676432,43.709576],[-79.670211,43.709576],[-79.670211,43.714068],[-79.676432,43.714068],[-79.676432,43.709576]]]},"properties":{"StopCount":6}},{"type":"Feature","geometry":{"type":"Polygon","coordinates":[[[-79.701314,43.736525],[-79.695094,43.736525],[-79.695094,43.741017],[-79.701314,43.741017],[-79.701314,43.736525]]]},"properties":{"StopCount":6}},{"type":"Feature","geometry":{"type":"Polygon","coordinates":[[[-79.788403,43.700593],[-79.782182,43.700593],[-79.782182,43.705084],[-79.788403,43.705084],[-79.788403,43.700593]]]},"properties":{"StopCount":6}},{"type":"Feature","geometry":{"type":"Polygon","coordinates":[[[-79.626667,43.785932],[-79.620447,43.785932],[-79.620447,43.790424],[-79.626667,43.790424],[-79.626667,43.785932]]]},"properties":{"StopCount":6}},{"type":"Feature","geometry":{"type":"Polygon","coordinates":[[[-79.707535,43.736525],[-79.701314,43.736525],[-79.701314,43.741017],[-79.707535,43.741017],[-79.707535,43.736525]]]},"properties":{"StopCount":6}},{"type":"Feature","geometry":{"type":"Polygon","coordinates":[[[-79.601785,43.700593],[-79.595564,43.700593],[-79.595564,43.705084],[-79.601785,43.705084],[-79.601785,43.700593]]]},"properties":{"StopCount":6}},{"type":"Feature","geometry":{"type":"Polygon","coordinates":[[[-79.483594,43.821865],[-79.477373,43.821865],[-79.477373,43.826356],[-79.483594,43.826356],[-79.483594,43.821865]]]},"properties":{"StopCount":6}},{"type":"Feature","geometry":{"type":"Polygon","coordinates":[[[-79.396505,43.687118],[-79.390285,43.687118],[-79.390285,43.69161],[-79.396505,43.69161],[-79.396505,43.687118]]]},"properties":{"StopCount":6}},{"type":"Feature","geometry":{"type":"Polygon","coordinates":[[[-79.272094,43.961103],[-79.265873,43.961103],[-79.265873,43.965595],[-79.272094,43.965595],[-79.272094,43.961103]]]},"properties":{"StopCount":6}},{"type":"Feature","geometry":{"type":"Polygon","coordinates":[[[-79.359182,43.75],[-79.352961,43.75],[-79.352961,43.754492],[-79.359182,43.754492],[-79.359182,43.75]]]},"properties":{"StopCount":6}},{"type":"Feature","geometry":{"type":"Polygon","coordinates":[[[-78.91752,43.880255],[-78.911299,43.880255],[-78.911299,43.884747],[-78.91752,43.884747],[-78.91752,43.880255]]]},"properties":{"StopCount":6}},{"type":"Feature","geometry":{"type":"Polygon","coordinates":[[[-79.713756,43.624236],[-79.707535,43.624236],[-79.707535,43.628728],[-79.713756,43.628728],[-79.713756,43.624236]]]},"properties":{"StopCount":6}},{"type":"Feature","geometry":{"type":"Polygon","coordinates":[[[-79.682653,43.718559],[-79.676432,43.718559],[-79.676432,43.723051],[-79.682653,43.723051],[-79.682653,43.718559]]]},"properties":{"StopCount":6}},{"type":"Feature","geometry":{"type":"Polygon","coordinates":[[[-79.670211,43.803899],[-79.663991,43.803899],[-79.663991,43.80839],[-79.670211,43.80839],[-79.670211,43.803899]]]},"properties":{"StopCount":6}},{"type":"Feature","geometry":{"type":"Polygon","coordinates":[[[-79.701314,43.619745],[-79.695094,43.619745],[-79.695094,43.624236],[-79.701314,43.624236],[-79.701314,43.619745]]]},"properties":{"StopCount":6}},{"type":"Feature","geometry":{"type":"Polygon","coordinates":[[[-79.775961,43.628728],[-79.769741,43.628728],[-79.769741,43.63322],[-79.775961,43.63322],[-79.775961,43.628728]]]},"properties":{"StopCount":5}},{"type":"Feature","geometry":{"type":"Polygon","coordinates":[[[-79.539579,43.794916],[-79.533358,43.794916],[-79.533358,43.799407],[-79.539579,43.799407],[-79.539579,43.794916]]]},"properties":{"StopCount":5}},{"type":"Feature","geometry":{"type":"Polygon","coordinates":[[[-79.825726,43.727542],[-79.819506,43.727542],[-79.819506,43.732034],[-79.825726,43.732034],[-79.825726,43.727542]]]},"properties":{"StopCount":5}},{"type":"Feature","geometry":{"type":"Polygon","coordinates":[[[-79.477373,43.705084],[-79.471152,43.705084],[-79.471152,43.709576],[-79.477373,43.709576],[-79.477373,43.705084]]]},"properties":{"StopCount":5}},{"type":"Feature","geometry":{"type":"Polygon","coordinates":[[[-79.489814,43.758983],[-79.483594,43.758983],[-79.483594,43.763475],[-79.489814,43.763475],[-79.489814,43.758983]]]},"properties":{"StopCount":5}},{"type":"Feature","geometry":{"type":"Polygon","coordinates":[[[-79.632888,43.570338],[-79.626667,43.570338],[-79.626667,43.574829],[-79.632888,43.574829],[-79.632888,43.570338]]]},"properties":{"StopCount":5}},{"type":"Feature","geometry":{"type":"Polygon","coordinates":[[[-79.632888,43.709576],[-79.626667,43.709576],[-79.626667,43.714068],[-79.632888,43.714068],[-79.632888,43.709576]]]},"properties":{"StopCount":5}},{"type":"Feature","geometry":{"type":"Polygon","coordinates":[[[-79.707535,43.848814],[-79.701314,43.848814],[-79.701314,43.853306],[-79.707535,43.853306],[-79.707535,43.848814]]]},"properties":{"StopCount":5}},{"type":"Feature","geometry":{"type":"Polygon","coordinates":[[[-79.695094,43.736525],[-79.688873,43.736525],[-79.688873,43.741017],[-79.695094,43.741017],[-79.695094,43.736525]]]},"properties":{"StopCount":5}},{"type":"Feature","geometry":{"type":"Polygon","coordinates":[[[-79.489814,43.66466],[-79.483594,43.66466],[-79.483594,43.669152],[-79.489814,43.669152],[-79.489814,43.66466]]]},"properties":{"StopCount":5}},{"type":"Feature","geometry":{"type":"Polygon","coordinates":[[[-79.695094,43.741017],[-79.688873,43.741017],[-79.688873,43.745508],[-79.695094,43.745508],[-79.695094,43.741017]]]},"properties":{"StopCount":5}},{"type":"Feature","geometry":{"type":"Polygon","coordinates":[[[-79.620447,43.574829],[-79.614226,43.574829],[-79.614226,43.579321],[-79.620447,43.579321],[-79.620447,43.574829]]]},"properties":{"StopCount":5}},{"type":"Feature","geometry":{"type":"Polygon","coordinates":[[[-79.844388,43.502964],[-79.838167,43.502964],[-79.838167,43.507456],[-79.844388,43.507456],[-79.844388,43.502964]]]},"properties":{"StopCount":5}},{"type":"Feature","geometry":{"type":"Polygon","coordinates":[[[-79.433829,44.059917],[-79.427608,44.059917],[-79.427608,44.064409],[-79.433829,44.064409],[-79.433829,44.059917]]]},"properties":{"StopCount":5}},{"type":"Feature","geometry":{"type":"Polygon","coordinates":[[[-79.433829,44.050934],[-79.427608,44.050934],[-79.427608,44.055426],[-79.433829,44.055426],[-79.433829,44.050934]]]},"properties":{"StopCount":5}},{"type":"Feature","geometry":{"type":"Polygon","coordinates":[[[-79.44005,44.041951],[-79.433829,44.041951],[-79.433829,44.046443],[-79.44005,44.046443],[-79.44005,44.041951]]]},"properties":{"StopCount":5}},{"type":"Feature","geometry":{"type":"Polygon","coordinates":[[[-79.427608,44.046443],[-79.421388,44.046443],[-79.421388,44.050934],[-79.427608,44.050934],[-79.427608,44.046443]]]},"properties":{"StopCount":5}},{"type":"Feature","geometry":{"type":"Polygon","coordinates":[[[-79.421388,43.669152],[-79.415167,43.669152],[-79.415167,43.673644],[-79.421388,43.673644],[-79.421388,43.669152]]]},"properties":{"StopCount":5}},{"type":"Feature","geometry":{"type":"Polygon","coordinates":[[[-79.352961,43.781441],[-79.346741,43.781441],[-79.346741,43.785932],[-79.352961,43.785932],[-79.352961,43.781441]]]},"properties":{"StopCount":5}},{"type":"Feature","geometry":{"type":"Polygon","coordinates":[[[-79.452491,43.637711],[-79.44627,43.637711],[-79.44627,43.642203],[-79.452491,43.642203],[-79.452491,43.637711]]]},"properties":{"StopCount":5}},{"type":"Feature","geometry":{"type":"Polygon","coordinates":[[[-79.483594,44.059917],[-79.477373,44.059917],[-79.477373,44.064409],[-79.483594,44.064409],[-79.483594,44.059917]]]},"properties":{"StopCount":5}},{"type":"Feature","geometry":{"type":"Polygon","coordinates":[[[-79.408947,43.732034],[-79.402726,43.732034],[-79.402726,43.736525],[-79.408947,43.736525],[-79.408947,43.732034]]]},"properties":{"StopCount":5}},{"type":"Feature","geometry":{"type":"Polygon","coordinates":[[[-79.639108,43.794916],[-79.632888,43.794916],[-79.632888,43.799407],[-79.639108,43.799407],[-79.639108,43.794916]]]},"properties":{"StopCount":5}},{"type":"Feature","geometry":{"type":"Polygon","coordinates":[[[-79.639108,43.790424],[-79.632888,43.790424],[-79.632888,43.794916],[-79.639108,43.794916],[-79.639108,43.790424]]]},"properties":{"StopCount":5}},{"type":"Feature","geometry":{"type":"Polygon","coordinates":[[[-79.663991,43.80839],[-79.65777,43.80839],[-79.65777,43.812882],[-79.663991,43.812882],[-79.663991,43.80839]]]},"properties":{"StopCount":5}},{"type":"Feature","geometry":{"type":"Polygon","coordinates":[[[-79.533358,43.723051],[-79.527138,43.723051],[-79.527138,43.727542],[-79.533358,43.727542],[-79.533358,43.723051]]]},"properties":{"StopCount":5}},{"type":"Feature","geometry":{"type":"Polygon","coordinates":[[[-79.819506,43.75],[-79.813285,43.75],[-79.813285,43.754492],[-79.819506,43.754492],[-79.819506,43.75]]]},"properties":{"StopCount":5}},{"type":"Feature","geometry":{"type":"Polygon","coordinates":[[[-79.408947,43.651186],[-79.402726,43.651186],[-79.402726,43.655677],[-79.408947,43.655677],[-79.408947,43.651186]]]},"properties":{"StopCount":5}},{"type":"Feature","geometry":{"type":"Polygon","coordinates":[[[-79.533358,43.610762],[-79.527138,43.610762],[-79.527138,43.615253],[-79.533358,43.615253],[-79.533358,43.610762]]]},"properties":{"StopCount":5}},{"type":"Feature","geometry":{"type":"Polygon","coordinates":[[[-79.744858,43.651186],[-79.738638,43.651186],[-79.738638,43.655677],[-79.744858,43.655677],[-79.744858,43.651186]]]},"properties":{"StopCount":4}},{"type":"Feature","geometry":{"type":"Polygon","coordinates":[[[-79.682653,43.678135],[-79.676432,43.678135],[-79.676432,43.682627],[-79.682653,43.682627],[-79.682653,43.678135]]]},"properties":{"StopCount":4}},{"type":"Feature","geometry":{"type":"Polygon","coordinates":[[[-79.738638,43.66466],[-79.732417,43.66466],[-79.732417,43.669152],[-79.738638,43.669152],[-79.738638,43.66466]]]},"properties":{"StopCount":4}},{"type":"Feature","geometry":{"type":"Polygon","coordinates":[[[-79.670211,43.794916],[-79.663991,43.794916],[-79.663991,43.799407],[-79.670211,43.799407],[-79.670211,43.794916]]]},"properties":{"StopCount":4}},{"type":"Feature","geometry":{"type":"Polygon","coordinates":[[[-79.477373,43.696101],[-79.471152,43.696101],[-79.471152,43.700593],[-79.477373,43.700593],[-79.477373,43.696101]]]},"properties":{"StopCount":4}},{"type":"Feature","geometry":{"type":"Polygon","coordinates":[[[-79.688873,43.75],[-79.682653,43.75],[-79.682653,43.754492],[-79.688873,43.754492],[-79.688873,43.75]]]},"properties":{"StopCount":4}},{"type":"Feature","geometry":{"type":"Polygon","coordinates":[[[-79.813285,43.336777],[-79.807064,43.336777],[-79.807064,43.341268],[-79.813285,43.341268],[-79.813285,43.336777]]]},"properties":{"StopCount":4}},{"type":"Feature","geometry":{"type":"Polygon","coordinates":[[[-79.732417,43.561355],[-79.726197,43.561355],[-79.726197,43.565846],[-79.732417,43.565846],[-79.732417,43.561355]]]},"properties":{"StopCount":4}},{"type":"Feature","geometry":{"type":"Polygon","coordinates":[[[-79.645329,43.592796],[-79.639108,43.592796],[-79.639108,43.597287],[-79.645329,43.597287],[-79.645329,43.592796]]]},"properties":{"StopCount":4}},{"type":"Feature","geometry":{"type":"Polygon","coordinates":[[[-79.794623,43.341268],[-79.788403,43.341268],[-79.788403,43.34576],[-79.794623,43.34576],[-79.794623,43.341268]]]},"properties":{"StopCount":4}},{"type":"Feature","geometry":{"type":"Polygon","coordinates":[[[-79.732417,43.754492],[-79.726197,43.754492],[-79.726197,43.758983],[-79.732417,43.758983],[-79.732417,43.754492]]]},"properties":{"StopCount":4}},{"type":"Feature","geometry":{"type":"Polygon","coordinates":[[[-79.514697,43.754492],[-79.508476,43.754492],[-79.508476,43.758983],[-79.514697,43.758983],[-79.514697,43.754492]]]},"properties":{"StopCount":4}},{"type":"Feature","geometry":{"type":"Polygon","coordinates":[[[-79.775961,43.696101],[-79.769741,43.696101],[-79.769741,43.700593],[-79.775961,43.700593],[-79.775961,43.696101]]]},"properties":{"StopCount":4}},{"type":"Feature","geometry":{"type":"Polygon","coordinates":[[[-79.65777,43.574829],[-79.65155,43.574829],[-79.65155,43.579321],[-79.65777,43.579321],[-79.65777,43.574829]]]},"properties":{"StopCount":4}},{"type":"Feature","geometry":{"type":"Polygon","coordinates":[[[-79.632888,43.637711],[-79.626667,43.637711],[-79.626667,43.642203],[-79.632888,43.642203],[-79.632888,43.637711]]]},"properties":{"StopCount":4}},{"type":"Feature","geometry":{"type":"Polygon","coordinates":[[[-79.670211,43.687118],[-79.663991,43.687118],[-79.663991,43.69161],[-79.670211,43.69161],[-79.670211,43.687118]]]},"properties":{"StopCount":4}},{"type":"Feature","geometry":{"type":"Polygon","coordinates":[[[-79.5458,43.592796],[-79.539579,43.592796],[-79.539579,43.597287],[-79.5458,43.597287],[-79.5458,43.592796]]]},"properties":{"StopCount":4}},{"type":"Feature","geometry":{"type":"Polygon","coordinates":[[[-79.626667,43.637711],[-79.620447,43.637711],[-79.620447,43.642203],[-79.626667,43.642203],[-79.626667,43.637711]]]},"properties":{"StopCount":4}},{"type":"Feature","geometry":{"type":"Polygon","coordinates":[[[-79.483594,43.723051],[-79.477373,43.723051],[-79.477373,43.727542],[-79.483594,43.727542],[-79.483594,43.723051]]]},"properties":{"StopCount":4}},{"type":"Feature","geometry":{"type":"Polygon","coordinates":[[[-79.726197,43.758983],[-79.719976,43.758983],[-79.719976,43.763475],[-79.726197,43.763475],[-79.726197,43.758983]]]},"properties":{"StopCount":4}},{"type":"Feature","geometry":{"type":"Polygon","coordinates":[[[-79.23477,43.776949],[-79.228549,43.776949],[-79.228549,43.781441],[-79.23477,43.781441],[-79.23477,43.776949]]]},"properties":{"StopCount":4}},{"type":"Feature","geometry":{"type":"Polygon","coordinates":[[[-79.7573,43.767966],[-79.751079,43.767966],[-79.751079,43.772458],[-79.7573,43.772458],[-79.7573,43.767966]]]},"properties":{"StopCount":4}},{"type":"Feature","geometry":{"type":"Polygon","coordinates":[[[-79.881711,43.28737],[-79.875491,43.28737],[-79.875491,43.291861],[-79.881711,43.291861],[-79.881711,43.28737]]]},"properties":{"StopCount":4}},{"type":"Feature","geometry":{"type":"Polygon","coordinates":[[[-79.5458,43.75],[-79.539579,43.75],[-79.539579,43.754492],[-79.5458,43.754492],[-79.5458,43.75]]]},"properties":{"StopCount":4}},{"type":"Feature","geometry":{"type":"Polygon","coordinates":[[[-79.384064,43.660169],[-79.377844,43.660169],[-79.377844,43.66466],[-79.384064,43.66466],[-79.384064,43.660169]]]},"properties":{"StopCount":4}},{"type":"Feature","geometry":{"type":"Polygon","coordinates":[[[-79.427608,43.660169],[-79.421388,43.660169],[-79.421388,43.66466],[-79.427608,43.66466],[-79.427608,43.660169]]]},"properties":{"StopCount":4}},{"type":"Feature","geometry":{"type":"Polygon","coordinates":[[[-79.489814,44.064409],[-79.483594,44.064409],[-79.483594,44.0689],[-79.489814,44.0689],[-79.489814,44.064409]]]},"properties":{"StopCount":4}},{"type":"Feature","geometry":{"type":"Polygon","coordinates":[[[-79.707535,43.745508],[-79.701314,43.745508],[-79.701314,43.75],[-79.707535,43.75],[-79.707535,43.745508]]]},"properties":{"StopCount":4}},{"type":"Feature","geometry":{"type":"Polygon","coordinates":[[[-79.663991,43.714068],[-79.65777,43.714068],[-79.65777,43.718559],[-79.663991,43.718559],[-79.663991,43.714068]]]},"properties":{"StopCount":4}},{"type":"Feature","geometry":{"type":"Polygon","coordinates":[[[-79.676432,43.696101],[-79.670211,43.696101],[-79.670211,43.700593],[-79.676432,43.700593],[-79.676432,43.696101]]]},"properties":{"StopCount":4}},{"type":"Feature","geometry":{"type":"Polygon","coordinates":[[[-79.732417,43.583812],[-79.726197,43.583812],[-79.726197,43.588304],[-79.732417,43.588304],[-79.732417,43.583812]]]},"properties":{"StopCount":4}},{"type":"Feature","geometry":{"type":"Polygon","coordinates":[[[-79.508476,43.857797],[-79.502255,43.857797],[-79.502255,43.862289],[-79.508476,43.862289],[-79.508476,43.857797]]]},"properties":{"StopCount":4}},{"type":"Feature","geometry":{"type":"Polygon","coordinates":[[[-79.471152,43.754492],[-79.464932,43.754492],[-79.464932,43.758983],[-79.471152,43.758983],[-79.471152,43.754492]]]},"properties":{"StopCount":4}},{"type":"Feature","geometry":{"type":"Polygon","coordinates":[[[-79.290755,43.781441],[-79.284535,43.781441],[-79.284535,43.785932],[-79.290755,43.785932],[-79.290755,43.781441]]]},"properties":{"StopCount":4}},{"type":"Feature","geometry":{"type":"Polygon","coordinates":[[[-79.415167,43.700593],[-79.408947,43.700593],[-79.408947,43.705084],[-79.415167,43.705084],[-79.415167,43.700593]]]},"properties":{"StopCount":4}},{"type":"Feature","geometry":{"type":"Polygon","coordinates":[[[-79.7573,43.642203],[-79.751079,43.642203],[-79.751079,43.646694],[-79.7573,43.646694],[-79.7573,43.642203]]]},"properties":{"StopCount":4}},{"type":"Feature","geometry":{"type":"Polygon","coordinates":[[[-79.296976,43.732034],[-79.290755,43.732034],[-79.290755,43.736525],[-79.296976,43.736525],[-79.296976,43.732034]]]},"properties":{"StopCount":3}},{"type":"Feature","geometry":{"type":"Polygon","coordinates":[[[-79.732417,43.678135],[-79.726197,43.678135],[-79.726197,43.682627],[-79.732417,43.682627],[-79.732417,43.678135]]]},"properties":{"StopCount":3}},{"type":"Feature","geometry":{"type":"Polygon","coordinates":[[[-79.732417,43.696101],[-79.726197,43.696101],[-79.726197,43.700593],[-79.732417,43.700593],[-79.732417,43.696101]]]},"properties":{"StopCount":3}},{"type":"Feature","geometry":{"type":"Polygon","coordinates":[[[-79.608005,43.736525],[-79.601785,43.736525],[-79.601785,43.741017],[-79.608005,43.741017],[-79.608005,43.736525]]]},"properties":{"StopCount":3}},{"type":"Feature","geometry":{"type":"Polygon","coordinates":[[[-79.595564,43.660169],[-79.589344,43.660169],[-79.589344,43.66466],[-79.595564,43.66466],[-79.595564,43.660169]]]},"properties":{"StopCount":3}},{"type":"Feature","geometry":{"type":"Polygon","coordinates":[[[-79.744858,43.687118],[-79.738638,43.687118],[-79.738638,43.69161],[-79.744858,43.69161],[-79.744858,43.687118]]]},"properties":{"StopCount":3}},{"type":"Feature","geometry":{"type":"Polygon","coordinates":[[[-79.713756,43.848814],[-79.707535,43.848814],[-79.707535,43.853306],[-79.713756,43.853306],[-79.713756,43.848814]]]},"properties":{"StopCount":3}},{"type":"Feature","geometry":{"type":"Polygon","coordinates":[[[-79.906594,43.646694],[-79.900373,43.646694],[-79.900373,43.651186],[-79.906594,43.651186],[-79.906594,43.646694]]]},"properties":{"StopCount":3}},{"type":"Feature","geometry":{"type":"Polygon","coordinates":[[[-79.813285,43.655677],[-79.807064,43.655677],[-79.807064,43.660169],[-79.813285,43.660169],[-79.813285,43.655677]]]},"properties":{"StopCount":3}},{"type":"Feature","geometry":{"type":"Polygon","coordinates":[[[-79.819506,43.655677],[-79.813285,43.655677],[-79.813285,43.660169],[-79.819506,43.660169],[-79.819506,43.655677]]]},"properties":{"StopCount":3}},{"type":"Feature","geometry":{"type":"Polygon","coordinates":[[[-79.782182,43.767966],[-79.775961,43.767966],[-79.775961,43.772458],[-79.782182,43.772458],[-79.782182,43.767966]]]},"properties":{"StopCount":3}},{"type":"Feature","geometry":{"type":"Polygon","coordinates":[[[-79.695094,43.63322],[-79.688873,43.63322],[-79.688873,43.637711],[-79.695094,43.637711],[-79.695094,43.63322]]]},"properties":{"StopCount":3}},{"type":"Feature","geometry":{"type":"Polygon","coordinates":[[[-79.44627,43.678135],[-79.44005,43.678135],[-79.44005,43.682627],[-79.44627,43.682627],[-79.44627,43.678135]]]},"properties":{"StopCount":3}},{"type":"Feature","geometry":{"type":"Polygon","coordinates":[[[-79.632888,43.601779],[-79.626667,43.601779],[-79.626667,43.60627],[-79.632888,43.60627],[-79.632888,43.601779]]]},"properties":{"StopCount":3}},{"type":"Feature","geometry":{"type":"Polygon","coordinates":[[[-79.819506,43.678135],[-79.813285,43.678135],[-79.813285,43.682627],[-79.819506,43.682627],[-79.819506,43.678135]]]},"properties":{"StopCount":3}},{"type":"Feature","geometry":{"type":"Polygon","coordinates":[[[-79.601785,43.610762],[-79.595564,43.610762],[-79.595564,43.615253],[-79.601785,43.615253],[-79.601785,43.610762]]]},"properties":{"StopCount":3}},{"type":"Feature","geometry":{"type":"Polygon","coordinates":[[[-79.65155,43.785932],[-79.645329,43.785932],[-79.645329,43.790424],[-79.65155,43.790424],[-79.65155,43.785932]]]},"properties":{"StopCount":3}},{"type":"Feature","geometry":{"type":"Polygon","coordinates":[[[-79.527138,43.718559],[-79.520917,43.718559],[-79.520917,43.723051],[-79.527138,43.723051],[-79.527138,43.718559]]]},"properties":{"StopCount":3}},{"type":"Feature","geometry":{"type":"Polygon","coordinates":[[[-79.825726,43.565846],[-79.819506,43.565846],[-79.819506,43.570338],[-79.825726,43.570338],[-79.825726,43.565846]]]},"properties":{"StopCount":3}},{"type":"Feature","geometry":{"type":"Polygon","coordinates":[[[-79.794623,43.758983],[-79.788403,43.758983],[-79.788403,43.763475],[-79.794623,43.763475],[-79.794623,43.758983]]]},"properties":{"StopCount":3}},{"type":"Feature","geometry":{"type":"Polygon","coordinates":[[[-79.76352,43.790424],[-79.7573,43.790424],[-79.7573,43.794916],[-79.76352,43.794916],[-79.76352,43.790424]]]},"properties":{"StopCount":3}},{"type":"Feature","geometry":{"type":"Polygon","coordinates":[[[-79.645329,43.615253],[-79.639108,43.615253],[-79.639108,43.619745],[-79.645329,43.619745],[-79.645329,43.615253]]]},"properties":{"StopCount":3}},{"type":"Feature","geometry":{"type":"Polygon","coordinates":[[[-79.65777,43.601779],[-79.65155,43.601779],[-79.65155,43.60627],[-79.65777,43.60627],[-79.65777,43.601779]]]},"properties":{"StopCount":3}},{"type":"Feature","geometry":{"type":"Polygon","coordinates":[[[-79.458711,44.055426],[-79.452491,44.055426],[-79.452491,44.059917],[-79.458711,44.059917],[-79.458711,44.055426]]]},"properties":{"StopCount":3}},{"type":"Feature","geometry":{"type":"Polygon","coordinates":[[[-79.396505,43.66466],[-79.390285,43.66466],[-79.390285,43.669152],[-79.396505,43.669152],[-79.396505,43.66466]]]},"properties":{"StopCount":3}},{"type":"Feature","geometry":{"type":"Polygon","coordinates":[[[-79.390285,43.66466],[-79.384064,43.66466],[-79.384064,43.669152],[-79.390285,43.669152],[-79.390285,43.66466]]]},"properties":{"StopCount":3}},{"type":"Feature","geometry":{"type":"Polygon","coordinates":[[[-79.452491,43.700593],[-79.44627,43.700593],[-79.44627,43.705084],[-79.452491,43.705084],[-79.452491,43.700593]]]},"properties":{"StopCount":3}},{"type":"Feature","geometry":{"type":"Polygon","coordinates":[[[-79.564461,43.610762],[-79.558241,43.610762],[-79.558241,43.615253],[-79.564461,43.615253],[-79.564461,43.610762]]]},"properties":{"StopCount":3}},{"type":"Feature","geometry":{"type":"Polygon","coordinates":[[[-79.278314,43.95212],[-79.272094,43.95212],[-79.272094,43.956612],[-79.278314,43.956612],[-79.278314,43.95212]]]},"properties":{"StopCount":3}},{"type":"Feature","geometry":{"type":"Polygon","coordinates":[[[-79.415167,43.839831],[-79.408947,43.839831],[-79.408947,43.844323],[-79.415167,43.844323],[-79.415167,43.839831]]]},"properties":{"StopCount":3}},{"type":"Feature","geometry":{"type":"Polygon","coordinates":[[[-79.583123,43.709576],[-79.576903,43.709576],[-79.576903,43.714068],[-79.583123,43.714068],[-79.583123,43.709576]]]},"properties":{"StopCount":3}},{"type":"Feature","geometry":{"type":"Polygon","coordinates":[[[-79.5458,43.794916],[-79.539579,43.794916],[-79.539579,43.799407],[-79.5458,43.799407],[-79.5458,43.794916]]]},"properties":{"StopCount":3}},{"type":"Feature","geometry":{"type":"Polygon","coordinates":[[[-79.620447,43.696101],[-79.614226,43.696101],[-79.614226,43.700593],[-79.620447,43.700593],[-79.620447,43.696101]]]},"properties":{"StopCount":3}},{"type":"Feature","geometry":{"type":"Polygon","coordinates":[[[-79.520917,43.875764],[-79.514697,43.875764],[-79.514697,43.880255],[-79.520917,43.880255],[-79.520917,43.875764]]]},"properties":{"StopCount":3}},{"type":"Feature","geometry":{"type":"Polygon","coordinates":[[[-79.800844,43.705084],[-79.794623,43.705084],[-79.794623,43.709576],[-79.800844,43.709576],[-79.800844,43.705084]]]},"properties":{"StopCount":3}},{"type":"Feature","geometry":{"type":"Polygon","coordinates":[[[-79.744858,43.69161],[-79.738638,43.69161],[-79.738638,43.696101],[-79.744858,43.696101],[-79.744858,43.69161]]]},"properties":{"StopCount":3}},{"type":"Feature","geometry":{"type":"Polygon","coordinates":[[[-79.682653,43.615253],[-79.676432,43.615253],[-79.676432,43.619745],[-79.682653,43.619745],[-79.682653,43.615253]]]},"properties":{"StopCount":3}},{"type":"Feature","geometry":{"type":"Polygon","coordinates":[[[-79.794623,43.705084],[-79.788403,43.705084],[-79.788403,43.709576],[-79.794623,43.709576],[-79.794623,43.705084]]]},"properties":{"StopCount":3}},{"type":"Feature","geometry":{"type":"Polygon","coordinates":[[[-79.670211,43.705084],[-79.663991,43.705084],[-79.663991,43.709576],[-79.670211,43.709576],[-79.670211,43.705084]]]},"properties":{"StopCount":3}},{"type":"Feature","geometry":{"type":"Polygon","coordinates":[[[-79.807064,43.709576],[-79.800844,43.709576],[-79.800844,43.714068],[-79.807064,43.714068],[-79.807064,43.709576]]]},"properties":{"StopCount":3}},{"type":"Feature","geometry":{"type":"Polygon","coordinates":[[[-79.626667,43.763475],[-79.620447,43.763475],[-79.620447,43.767966],[-79.626667,43.767966],[-79.626667,43.763475]]]},"properties":{"StopCount":3}},{"type":"Feature","geometry":{"type":"Polygon","coordinates":[[[-79.377844,43.709576],[-79.371623,43.709576],[-79.371623,43.714068],[-79.377844,43.714068],[-79.377844,43.709576]]]},"properties":{"StopCount":3}},{"type":"Feature","geometry":{"type":"Polygon","coordinates":[[[-79.452491,43.69161],[-79.44627,43.69161],[-79.44627,43.696101],[-79.452491,43.696101],[-79.452491,43.69161]]]},"properties":{"StopCount":3}},{"type":"Feature","geometry":{"type":"Polygon","coordinates":[[[-79.520917,43.700593],[-79.514697,43.700593],[-79.514697,43.705084],[-79.520917,43.705084],[-79.520917,43.700593]]]},"properties":{"StopCount":3}},{"type":"Feature","geometry":{"type":"Polygon","coordinates":[[[-79.65155,43.651186],[-79.645329,43.651186],[-79.645329,43.655677],[-79.65155,43.655677],[-79.65155,43.651186]]]},"properties":{"StopCount":3}},{"type":"Feature","geometry":{"type":"Polygon","coordinates":[[[-79.701314,43.561355],[-79.695094,43.561355],[-79.695094,43.565846],[-79.701314,43.565846],[-79.701314,43.561355]]]},"properties":{"StopCount":2}},{"type":"Feature","geometry":{"type":"Polygon","coordinates":[[[-79.726197,43.651186],[-79.719976,43.651186],[-79.719976,43.655677],[-79.726197,43.655677],[-79.726197,43.651186]]]},"properties":{"StopCount":2}},{"type":"Feature","geometry":{"type":"Polygon","coordinates":[[[-79.719976,43.637711],[-79.713756,43.637711],[-79.713756,43.642203],[-79.719976,43.642203],[-79.719976,43.637711]]]},"properties":{"StopCount":2}},{"type":"Feature","geometry":{"type":"Polygon","coordinates":[[[-79.707535,43.642203],[-79.701314,43.642203],[-79.701314,43.646694],[-79.707535,43.646694],[-79.707535,43.642203]]]},"properties":{"StopCount":2}},{"type":"Feature","geometry":{"type":"Polygon","coordinates":[[[-79.670211,43.741017],[-79.663991,43.741017],[-79.663991,43.745508],[-79.670211,43.745508],[-79.670211,43.741017]]]},"properties":{"StopCount":2}},{"type":"Feature","geometry":{"type":"Polygon","coordinates":[[[-79.682653,43.646694],[-79.676432,43.646694],[-79.676432,43.651186],[-79.682653,43.651186],[-79.682653,43.646694]]]},"properties":{"StopCount":2}},{"type":"Feature","geometry":{"type":"Polygon","coordinates":[[[-79.688873,43.54788],[-79.682653,43.54788],[-79.682653,43.552372],[-79.688873,43.552372],[-79.688873,43.54788]]]},"properties":{"StopCount":2}},{"type":"Feature","geometry":{"type":"Polygon","coordinates":[[[-79.726197,43.673644],[-79.719976,43.673644],[-79.719976,43.678135],[-79.726197,43.678135],[-79.726197,43.673644]]]},"properties":{"StopCount":2}},{"type":"Feature","geometry":{"type":"Polygon","coordinates":[[[-79.701314,43.615253],[-79.695094,43.615253],[-79.695094,43.619745],[-79.701314,43.619745],[-79.701314,43.615253]]]},"properties":{"StopCount":2}},{"type":"Feature","geometry":{"type":"Polygon","coordinates":[[[-79.695094,43.610762],[-79.688873,43.610762],[-79.688873,43.615253],[-79.695094,43.615253],[-79.695094,43.610762]]]},"properties":{"StopCount":2}},{"type":"Feature","geometry":{"type":"Polygon","coordinates":[[[-79.533358,43.772458],[-79.527138,43.772458],[-79.527138,43.776949],[-79.533358,43.776949],[-79.533358,43.772458]]]},"properties":{"StopCount":2}},{"type":"Feature","geometry":{"type":"Polygon","coordinates":[[[-79.558241,43.826356],[-79.55202,43.826356],[-79.55202,43.830848],[-79.558241,43.830848],[-79.558241,43.826356]]]},"properties":{"StopCount":2}},{"type":"Feature","geometry":{"type":"Polygon","coordinates":[[[-79.838167,43.318811],[-79.831947,43.318811],[-79.831947,43.323302],[-79.838167,43.323302],[-79.838167,43.318811]]]},"properties":{"StopCount":2}},{"type":"Feature","geometry":{"type":"Polygon","coordinates":[[[-79.682653,44.001527],[-79.676432,44.001527],[-79.676432,44.006019],[-79.682653,44.006019],[-79.682653,44.001527]]]},"properties":{"StopCount":2}},{"type":"Feature","geometry":{"type":"Polygon","coordinates":[[[-79.558241,43.844323],[-79.55202,43.844323],[-79.55202,43.848814],[-79.558241,43.848814],[-79.558241,43.844323]]]},"properties":{"StopCount":2}},{"type":"Feature","geometry":{"type":"Polygon","coordinates":[[[-78.929961,43.920679],[-78.923741,43.920679],[-78.923741,43.925171],[-78.929961,43.925171],[-78.929961,43.920679]]]},"properties":{"StopCount":2}},{"type":"Feature","geometry":{"type":"Polygon","coordinates":[[[-79.576903,43.628728],[-79.570682,43.628728],[-79.570682,43.63322],[-79.576903,43.63322],[-79.576903,43.628728]]]},"properties":{"StopCount":2}},{"type":"Feature","geometry":{"type":"Polygon","coordinates":[[[-79.44627,43.673644],[-79.44005,43.673644],[-79.44005,43.678135],[-79.44627,43.678135],[-79.44627,43.673644]]]},"properties":{"StopCount":2}},{"type":"Feature","geometry":{"type":"Polygon","coordinates":[[[-79.65777,43.736525],[-79.65155,43.736525],[-79.65155,43.741017],[-79.65777,43.741017],[-79.65777,43.736525]]]},"properties":{"StopCount":2}},{"type":"Feature","geometry":{"type":"Polygon","coordinates":[[[-78.929961,43.938645],[-78.923741,43.938645],[-78.923741,43.943137],[-78.929961,43.943137],[-78.929961,43.938645]]]},"properties":{"StopCount":2}},{"type":"Feature","geometry":{"type":"Polygon","coordinates":[[[-79.701314,43.741017],[-79.695094,43.741017],[-79.695094,43.745508],[-79.701314,43.745508],[-79.701314,43.741017]]]},"properties":{"StopCount":2}},{"type":"Feature","geometry":{"type":"Polygon","coordinates":[[[-79.632888,43.669152],[-79.626667,43.669152],[-79.626667,43.673644],[-79.632888,43.673644],[-79.632888,43.669152]]]},"properties":{"StopCount":2}},{"type":"Feature","geometry":{"type":"Polygon","coordinates":[[[-79.744858,43.66466],[-79.738638,43.66466],[-79.738638,43.669152],[-79.744858,43.669152],[-79.744858,43.66466]]]},"properties":{"StopCount":2}},{"type":"Feature","geometry":{"type":"Polygon","coordinates":[[[-79.589344,43.60627],[-79.583123,43.60627],[-79.583123,43.610762],[-79.589344,43.610762],[-79.589344,43.60627]]]},"properties":{"StopCount":2}},{"type":"Feature","geometry":{"type":"Polygon","coordinates":[[[-79.76352,43.597287],[-79.7573,43.597287],[-79.7573,43.601779],[-79.76352,43.601779],[-79.76352,43.597287]]]},"properties":{"StopCount":2}},{"type":"Feature","geometry":{"type":"Polygon","coordinates":[[[-79.744858,43.745508],[-79.738638,43.745508],[-79.738638,43.75],[-79.744858,43.75],[-79.744858,43.745508]]]},"properties":{"StopCount":2}},{"type":"Feature","geometry":{"type":"Polygon","coordinates":[[[-79.65155,43.767966],[-79.645329,43.767966],[-79.645329,43.772458],[-79.65155,43.772458],[-79.65155,43.767966]]]},"properties":{"StopCount":2}},{"type":"Feature","geometry":{"type":"Polygon","coordinates":[[[-79.272094,43.763475],[-79.265873,43.763475],[-79.265873,43.767966],[-79.272094,43.767966],[-79.272094,43.763475]]]},"properties":{"StopCount":2}},{"type":"Feature","geometry":{"type":"Polygon","coordinates":[[[-79.265873,43.767966],[-79.259652,43.767966],[-79.259652,43.772458],[-79.265873,43.772458],[-79.265873,43.767966]]]},"properties":{"StopCount":2}},{"type":"Feature","geometry":{"type":"Polygon","coordinates":[[[-79.209888,43.781441],[-79.203667,43.781441],[-79.203667,43.785932],[-79.209888,43.785932],[-79.209888,43.781441]]]},"properties":{"StopCount":2}},{"type":"Feature","geometry":{"type":"Polygon","coordinates":[[[-79.359182,43.844323],[-79.352961,43.844323],[-79.352961,43.848814],[-79.359182,43.848814],[-79.359182,43.844323]]]},"properties":{"StopCount":2}},{"type":"Feature","geometry":{"type":"Polygon","coordinates":[[[-79.359182,43.853306],[-79.352961,43.853306],[-79.352961,43.857797],[-79.359182,43.857797],[-79.359182,43.853306]]]},"properties":{"StopCount":2}},{"type":"Feature","geometry":{"type":"Polygon","coordinates":[[[-79.321858,43.89373],[-79.315638,43.89373],[-79.315638,43.898221],[-79.321858,43.898221],[-79.321858,43.89373]]]},"properties":{"StopCount":2}},{"type":"Feature","geometry":{"type":"Polygon","coordinates":[[[-79.272094,43.907204],[-79.265873,43.907204],[-79.265873,43.911696],[-79.272094,43.911696],[-79.272094,43.907204]]]},"properties":{"StopCount":2}},{"type":"Feature","geometry":{"type":"Polygon","coordinates":[[[-79.321858,43.794916],[-79.315638,43.794916],[-79.315638,43.799407],[-79.321858,43.799407],[-79.321858,43.794916]]]},"properties":{"StopCount":2}},{"type":"Feature","geometry":{"type":"Polygon","coordinates":[[[-79.850609,43.696101],[-79.844388,43.696101],[-79.844388,43.700593],[-79.850609,43.700593],[-79.850609,43.696101]]]},"properties":{"StopCount":2}},{"type":"Feature","geometry":{"type":"Polygon","coordinates":[[[-79.247211,43.794916],[-79.240991,43.794916],[-79.240991,43.799407],[-79.247211,43.799407],[-79.247211,43.794916]]]},"properties":{"StopCount":2}},{"type":"Feature","geometry":{"type":"Polygon","coordinates":[[[-79.334299,43.723051],[-79.328079,43.723051],[-79.328079,43.727542],[-79.334299,43.727542],[-79.334299,43.723051]]]},"properties":{"StopCount":2}},{"type":"Feature","geometry":{"type":"Polygon","coordinates":[[[-79.44005,43.651186],[-79.433829,43.651186],[-79.433829,43.655677],[-79.44005,43.655677],[-79.44005,43.651186]]]},"properties":{"StopCount":2}},{"type":"Feature","geometry":{"type":"Polygon","coordinates":[[[-79.079255,43.925171],[-79.073035,43.925171],[-79.073035,43.929662],[-79.079255,43.929662],[-79.079255,43.925171]]]},"properties":{"StopCount":2}},{"type":"Feature","geometry":{"type":"Polygon","coordinates":[[[-79.427608,43.678135],[-79.421388,43.678135],[-79.421388,43.682627],[-79.427608,43.682627],[-79.427608,43.678135]]]},"properties":{"StopCount":2}},{"type":"Feature","geometry":{"type":"Polygon","coordinates":[[[-78.60027,43.929662],[-78.594049,43.929662],[-78.594049,43.934154],[-78.60027,43.934154],[-78.60027,43.929662]]]},"properties":{"StopCount":2}},{"type":"Feature","geometry":{"type":"Polygon","coordinates":[[[-79.496035,43.812882],[-79.489814,43.812882],[-79.489814,43.817373],[-79.496035,43.817373],[-79.496035,43.812882]]]},"properties":{"StopCount":2}},{"type":"Feature","geometry":{"type":"Polygon","coordinates":[[[-79.701314,43.758983],[-79.695094,43.758983],[-79.695094,43.763475],[-79.701314,43.763475],[-79.701314,43.758983]]]},"properties":{"StopCount":2}},{"type":"Feature","geometry":{"type":"Polygon","coordinates":[[[-79.670211,43.678135],[-79.663991,43.678135],[-79.663991,43.682627],[-79.670211,43.682627],[-79.670211,43.678135]]]},"properties":{"StopCount":2}},{"type":"Feature","geometry":{"type":"Polygon","coordinates":[[[-79.639108,43.754492],[-79.632888,43.754492],[-79.632888,43.758983],[-79.639108,43.758983],[-79.639108,43.754492]]]},"properties":{"StopCount":2}},{"type":"Feature","geometry":{"type":"Polygon","coordinates":[[[-79.695094,43.637711],[-79.688873,43.637711],[-79.688873,43.642203],[-79.695094,43.642203],[-79.695094,43.637711]]]},"properties":{"StopCount":2}},{"type":"Feature","geometry":{"type":"Polygon","coordinates":[[[-79.769741,43.794916],[-79.76352,43.794916],[-79.76352,43.799407],[-79.769741,43.799407],[-79.769741,43.794916]]]},"properties":{"StopCount":2}},{"type":"Feature","geometry":{"type":"Polygon","coordinates":[[[-79.676432,43.69161],[-79.670211,43.69161],[-79.670211,43.696101],[-79.676432,43.696101],[-79.676432,43.69161]]]},"properties":{"StopCount":2}},{"type":"Feature","geometry":{"type":"Polygon","coordinates":[[[-79.539579,43.763475],[-79.533358,43.763475],[-79.533358,43.767966],[-79.539579,43.767966],[-79.539579,43.763475]]]},"properties":{"StopCount":2}},{"type":"Feature","geometry":{"type":"Polygon","coordinates":[[[-79.726197,43.86678],[-79.719976,43.86678],[-79.719976,43.871272],[-79.726197,43.871272],[-79.726197,43.86678]]]},"properties":{"StopCount":2}},{"type":"Feature","geometry":{"type":"Polygon","coordinates":[[[-79.663991,43.696101],[-79.65777,43.696101],[-79.65777,43.700593],[-79.663991,43.700593],[-79.663991,43.696101]]]},"properties":{"StopCount":2}},{"type":"Feature","geometry":{"type":"Polygon","coordinates":[[[-79.663991,43.624236],[-79.65777,43.624236],[-79.65777,43.628728],[-79.663991,43.628728],[-79.663991,43.624236]]]},"properties":{"StopCount":2}},{"type":"Feature","geometry":{"type":"Polygon","coordinates":[[[-79.639108,43.700593],[-79.632888,43.700593],[-79.632888,43.705084],[-79.639108,43.705084],[-79.639108,43.700593]]]},"properties":{"StopCount":2}},{"type":"Feature","geometry":{"type":"Polygon","coordinates":[[[-79.670211,43.714068],[-79.663991,43.714068],[-79.663991,43.718559],[-79.670211,43.718559],[-79.670211,43.714068]]]},"properties":{"StopCount":2}},{"type":"Feature","geometry":{"type":"Polygon","coordinates":[[[-79.527138,43.745508],[-79.520917,43.745508],[-79.520917,43.75],[-79.527138,43.75],[-79.527138,43.745508]]]},"properties":{"StopCount":2}},{"type":"Feature","geometry":{"type":"Polygon","coordinates":[[[-78.544285,43.920679],[-78.538064,43.920679],[-78.538064,43.925171],[-78.544285,43.925171],[-78.544285,43.920679]]]},"properties":{"StopCount":2}},{"type":"Feature","geometry":{"type":"Polygon","coordinates":[[[-79.02327,43.853306],[-79.017049,43.853306],[-79.017049,43.857797],[-79.02327,43.857797],[-79.02327,43.853306]]]},"properties":{"StopCount":2}},{"type":"Feature","geometry":{"type":"Polygon","coordinates":[[[-78.911299,43.871272],[-78.905079,43.871272],[-78.905079,43.875764],[-78.911299,43.875764],[-78.911299,43.871272]]]},"properties":{"StopCount":2}},{"type":"Feature","geometry":{"type":"Polygon","coordinates":[[[-79.02327,43.844323],[-79.017049,43.844323],[-79.017049,43.848814],[-79.02327,43.848814],[-79.02327,43.844323]]]},"properties":{"StopCount":2}},{"type":"Feature","geometry":{"type":"Polygon","coordinates":[[[-79.029491,43.830848],[-79.02327,43.830848],[-79.02327,43.83534],[-79.029491,43.83534],[-79.029491,43.830848]]]},"properties":{"StopCount":2}},{"type":"Feature","geometry":{"type":"Polygon","coordinates":[[[-79.65777,43.709576],[-79.65155,43.709576],[-79.65155,43.714068],[-79.65777,43.714068],[-79.65777,43.709576]]]},"properties":{"StopCount":2}},{"type":"Feature","geometry":{"type":"Polygon","coordinates":[[[-79.701314,43.727542],[-79.695094,43.727542],[-79.695094,43.732034],[-79.701314,43.732034],[-79.701314,43.727542]]]},"properties":{"StopCount":2}},{"type":"Feature","geometry":{"type":"Polygon","coordinates":[[[-79.7573,43.862289],[-79.751079,43.862289],[-79.751079,43.86678],[-79.7573,43.86678],[-79.7573,43.862289]]]},"properties":{"StopCount":2}},{"type":"Feature","geometry":{"type":"Polygon","coordinates":[[[-79.539579,43.812882],[-79.533358,43.812882],[-79.533358,43.817373],[-79.539579,43.817373],[-79.539579,43.812882]]]},"properties":{"StopCount":2}},{"type":"Feature","geometry":{"type":"Polygon","coordinates":[[[-79.576903,43.619745],[-79.570682,43.619745],[-79.570682,43.624236],[-79.576903,43.624236],[-79.576903,43.619745]]]},"properties":{"StopCount":2}},{"type":"Feature","geometry":{"type":"Polygon","coordinates":[[[-79.670211,43.655677],[-79.663991,43.655677],[-79.663991,43.660169],[-79.670211,43.660169],[-79.670211,43.655677]]]},"properties":{"StopCount":2}},{"type":"Feature","geometry":{"type":"Polygon","coordinates":[[[-78.886417,43.875764],[-78.880196,43.875764],[-78.880196,43.880255],[-78.886417,43.880255],[-78.886417,43.875764]]]},"properties":{"StopCount":2}},{"type":"Feature","geometry":{"type":"Polygon","coordinates":[[[-79.65155,43.60627],[-79.645329,43.60627],[-79.645329,43.610762],[-79.65155,43.610762],[-79.65155,43.60627]]]},"properties":{"StopCount":1}},{"type":"Feature","geometry":{"type":"Polygon","coordinates":[[[-79.682653,43.696101],[-79.676432,43.696101],[-79.676432,43.700593],[-79.682653,43.700593],[-79.682653,43.696101]]]},"properties":{"StopCount":1}},{"type":"Feature","geometry":{"type":"Polygon","coordinates":[[[-79.676432,43.556863],[-79.670211,43.556863],[-79.670211,43.561355],[-79.676432,43.561355],[-79.676432,43.556863]]]},"properties":{"StopCount":1}},{"type":"Feature","geometry":{"type":"Polygon","coordinates":[[[-79.744858,43.678135],[-79.738638,43.678135],[-79.738638,43.682627],[-79.744858,43.682627],[-79.744858,43.678135]]]},"properties":{"StopCount":1}},{"type":"Feature","geometry":{"type":"Polygon","coordinates":[[[-79.738638,43.651186],[-79.732417,43.651186],[-79.732417,43.655677],[-79.738638,43.655677],[-79.738638,43.651186]]]},"properties":{"StopCount":1}},{"type":"Feature","geometry":{"type":"Polygon","coordinates":[[[-79.751079,43.54788],[-79.744858,43.54788],[-79.744858,43.552372],[-79.751079,43.552372],[-79.751079,43.54788]]]},"properties":{"StopCount":1}},{"type":"Feature","geometry":{"type":"Polygon","coordinates":[[[-79.788403,43.63322],[-79.782182,43.63322],[-79.782182,43.637711],[-79.788403,43.637711],[-79.788403,43.63322]]]},"properties":{"StopCount":1}},{"type":"Feature","geometry":{"type":"Polygon","coordinates":[[[-79.65777,43.60627],[-79.65155,43.60627],[-79.65155,43.610762],[-79.65777,43.610762],[-79.65777,43.60627]]]},"properties":{"StopCount":1}},{"type":"Feature","geometry":{"type":"Polygon","coordinates":[[[-79.738638,43.646694],[-79.732417,43.646694],[-79.732417,43.651186],[-79.738638,43.651186],[-79.738638,43.646694]]]},"properties":{"StopCount":1}},{"type":"Feature","geometry":{"type":"Polygon","coordinates":[[[-79.670211,43.696101],[-79.663991,43.696101],[-79.663991,43.700593],[-79.670211,43.700593],[-79.670211,43.696101]]]},"properties":{"StopCount":1}},{"type":"Feature","geometry":{"type":"Polygon","coordinates":[[[-79.76352,43.700593],[-79.7573,43.700593],[-79.7573,43.705084],[-79.76352,43.705084],[-79.76352,43.700593]]]},"properties":{"StopCount":1}},{"type":"Feature","geometry":{"type":"Polygon","coordinates":[[[-79.719976,43.673644],[-79.713756,43.673644],[-79.713756,43.678135],[-79.719976,43.678135],[-79.719976,43.673644]]]},"properties":{"StopCount":1}},{"type":"Feature","geometry":{"type":"Polygon","coordinates":[[[-79.769741,43.619745],[-79.76352,43.619745],[-79.76352,43.624236],[-79.769741,43.624236],[-79.769741,43.619745]]]},"properties":{"StopCount":1}},{"type":"Feature","geometry":{"type":"Polygon","coordinates":[[[-79.850609,43.69161],[-79.844388,43.69161],[-79.844388,43.696101],[-79.850609,43.696101],[-79.850609,43.69161]]]},"properties":{"StopCount":1}},{"type":"Feature","geometry":{"type":"Polygon","coordinates":[[[-79.682653,43.54788],[-79.676432,43.54788],[-79.676432,43.552372],[-79.682653,43.552372],[-79.682653,43.54788]]]},"properties":{"StopCount":1}},{"type":"Feature","geometry":{"type":"Polygon","coordinates":[[[-79.775961,43.624236],[-79.769741,43.624236],[-79.769741,43.628728],[-79.775961,43.628728],[-79.775961,43.624236]]]},"properties":{"StopCount":1}},{"type":"Feature","geometry":{"type":"Polygon","coordinates":[[[-79.744858,43.705084],[-79.738638,43.705084],[-79.738638,43.709576],[-79.744858,43.709576],[-79.744858,43.705084]]]},"properties":{"StopCount":1}},{"type":"Feature","geometry":{"type":"Polygon","coordinates":[[[-79.695094,43.54788],[-79.688873,43.54788],[-79.688873,43.552372],[-79.695094,43.552372],[-79.695094,43.54788]]]},"properties":{"StopCount":1}},{"type":"Feature","geometry":{"type":"Polygon","coordinates":[[[-79.663991,43.763475],[-79.65777,43.763475],[-79.65777,43.767966],[-79.663991,43.767966],[-79.663991,43.763475]]]},"properties":{"StopCount":1}},{"type":"Feature","geometry":{"type":"Polygon","coordinates":[[[-79.688873,43.543388],[-79.682653,43.543388],[-79.682653,43.54788],[-79.688873,43.54788],[-79.688873,43.543388]]]},"properties":{"StopCount":1}},{"type":"Feature","geometry":{"type":"Polygon","coordinates":[[[-79.7573,43.754492],[-79.751079,43.754492],[-79.751079,43.758983],[-79.7573,43.758983],[-79.7573,43.754492]]]},"properties":{"StopCount":1}},{"type":"Feature","geometry":{"type":"Polygon","coordinates":[[[-79.558241,43.709576],[-79.55202,43.709576],[-79.55202,43.714068],[-79.558241,43.714068],[-79.558241,43.709576]]]},"properties":{"StopCount":1}},{"type":"Feature","geometry":{"type":"Polygon","coordinates":[[[-79.620447,43.741017],[-79.614226,43.741017],[-79.614226,43.745508],[-79.620447,43.745508],[-79.620447,43.741017]]]},"properties":{"StopCount":1}},{"type":"Feature","geometry":{"type":"Polygon","coordinates":[[[-79.769741,43.718559],[-79.76352,43.718559],[-79.76352,43.723051],[-79.769741,43.723051],[-79.769741,43.718559]]]},"properties":{"StopCount":1}},{"type":"Feature","geometry":{"type":"Polygon","coordinates":[[[-79.701314,43.745508],[-79.695094,43.745508],[-79.695094,43.75],[-79.701314,43.75],[-79.701314,43.745508]]]},"properties":{"StopCount":1}},{"type":"Feature","geometry":{"type":"Polygon","coordinates":[[[-79.65777,43.69161],[-79.65155,43.69161],[-79.65155,43.696101],[-79.65777,43.696101],[-79.65777,43.69161]]]},"properties":{"StopCount":1}},{"type":"Feature","geometry":{"type":"Polygon","coordinates":[[[-79.520917,43.799407],[-79.514697,43.799407],[-79.514697,43.803899],[-79.520917,43.803899],[-79.520917,43.799407]]]},"properties":{"StopCount":1}},{"type":"Feature","geometry":{"type":"Polygon","coordinates":[[[-79.489814,43.785932],[-79.483594,43.785932],[-79.483594,43.790424],[-79.489814,43.790424],[-79.489814,43.785932]]]},"properties":{"StopCount":1}},{"type":"Feature","geometry":{"type":"Polygon","coordinates":[[[-79.576903,43.588304],[-79.570682,43.588304],[-79.570682,43.592796],[-79.576903,43.592796],[-79.576903,43.588304]]]},"properties":{"StopCount":1}},{"type":"Feature","geometry":{"type":"Polygon","coordinates":[[[-79.676432,44.001527],[-79.670211,44.001527],[-79.670211,44.006019],[-79.676432,44.006019],[-79.676432,44.001527]]]},"properties":{"StopCount":1}},{"type":"Feature","geometry":{"type":"Polygon","coordinates":[[[-79.726197,43.714068],[-79.719976,43.714068],[-79.719976,43.718559],[-79.726197,43.718559],[-79.726197,43.714068]]]},"properties":{"StopCount":1}},{"type":"Feature","geometry":{"type":"Polygon","coordinates":[[[-79.632888,43.714068],[-79.626667,43.714068],[-79.626667,43.718559],[-79.632888,43.718559],[-79.632888,43.714068]]]},"properties":{"StopCount":1}},{"type":"Feature","geometry":{"type":"Polygon","coordinates":[[[-79.558241,43.69161],[-79.55202,43.69161],[-79.55202,43.696101],[-79.558241,43.696101],[-79.558241,43.69161]]]},"properties":{"StopCount":1}},{"type":"Feature","geometry":{"type":"Polygon","coordinates":[[[-79.695094,43.700593],[-79.688873,43.700593],[-79.688873,43.705084],[-79.695094,43.705084],[-79.695094,43.700593]]]},"properties":{"StopCount":1}},{"type":"Feature","geometry":{"type":"Polygon","coordinates":[[[-79.65155,43.732034],[-79.645329,43.732034],[-79.645329,43.736525],[-79.65155,43.736525],[-79.65155,43.732034]]]},"properties":{"StopCount":1}},{"type":"Feature","geometry":{"type":"Polygon","coordinates":[[[-79.86305,43.538897],[-79.856829,43.538897],[-79.856829,43.543388],[-79.86305,43.543388],[-79.86305,43.538897]]]},"properties":{"StopCount":1}},{"type":"Feature","geometry":{"type":"Polygon","coordinates":[[[-79.601785,43.592796],[-79.595564,43.592796],[-79.595564,43.597287],[-79.601785,43.597287],[-79.601785,43.592796]]]},"properties":{"StopCount":1}},{"type":"Feature","geometry":{"type":"Polygon","coordinates":[[[-79.744858,43.655677],[-79.738638,43.655677],[-79.738638,43.660169],[-79.744858,43.660169],[-79.744858,43.655677]]]},"properties":{"StopCount":1}},{"type":"Feature","geometry":{"type":"Polygon","coordinates":[[[-79.937697,43.642203],[-79.931476,43.642203],[-79.931476,43.646694],[-79.937697,43.646694],[-79.937697,43.642203]]]},"properties":{"StopCount":1}},{"type":"Feature","geometry":{"type":"Polygon","coordinates":[[[-79.825726,43.669152],[-79.819506,43.669152],[-79.819506,43.673644],[-79.825726,43.673644],[-79.825726,43.669152]]]},"properties":{"StopCount":1}},{"type":"Feature","geometry":{"type":"Polygon","coordinates":[[[-79.825726,43.696101],[-79.819506,43.696101],[-79.819506,43.700593],[-79.825726,43.700593],[-79.825726,43.696101]]]},"properties":{"StopCount":1}},{"type":"Feature","geometry":{"type":"Polygon","coordinates":[[[-79.346741,43.732034],[-79.34052,43.732034],[-79.34052,43.736525],[-79.346741,43.736525],[-79.346741,43.732034]]]},"properties":{"StopCount":1}},{"type":"Feature","geometry":{"type":"Polygon","coordinates":[[[-79.346741,43.736525],[-79.34052,43.736525],[-79.34052,43.741017],[-79.346741,43.741017],[-79.346741,43.736525]]]},"properties":{"StopCount":1}},{"type":"Feature","geometry":{"type":"Polygon","coordinates":[[[-79.819506,43.336777],[-79.813285,43.336777],[-79.813285,43.341268],[-79.819506,43.341268],[-79.819506,43.336777]]]},"properties":{"StopCount":1}},{"type":"Feature","geometry":{"type":"Polygon","coordinates":[[[-79.807064,43.327794],[-79.800844,43.327794],[-79.800844,43.332285],[-79.807064,43.332285],[-79.807064,43.327794]]]},"properties":{"StopCount":1}},{"type":"Feature","geometry":{"type":"Polygon","coordinates":[[[-79.788403,43.336777],[-79.782182,43.336777],[-79.782182,43.341268],[-79.788403,43.341268],[-79.788403,43.336777]]]},"properties":{"StopCount":1}},{"type":"Feature","geometry":{"type":"Polygon","coordinates":[[[-79.800844,43.34576],[-79.794623,43.34576],[-79.794623,43.350252],[-79.800844,43.350252],[-79.800844,43.34576]]]},"properties":{"StopCount":1}},{"type":"Feature","geometry":{"type":"Polygon","coordinates":[[[-79.825726,43.341268],[-79.819506,43.341268],[-79.819506,43.34576],[-79.825726,43.34576],[-79.825726,43.341268]]]},"properties":{"StopCount":1}},{"type":"Feature","geometry":{"type":"Polygon","coordinates":[[[-79.253432,43.767966],[-79.247211,43.767966],[-79.247211,43.772458],[-79.253432,43.772458],[-79.253432,43.767966]]]},"properties":{"StopCount":1}},{"type":"Feature","geometry":{"type":"Polygon","coordinates":[[[-79.44005,43.660169],[-79.433829,43.660169],[-79.433829,43.66466],[-79.44005,43.66466],[-79.44005,43.660169]]]},"properties":{"StopCount":1}},{"type":"Feature","geometry":{"type":"Polygon","coordinates":[[[-79.278314,43.763475],[-79.272094,43.763475],[-79.272094,43.767966],[-79.278314,43.767966],[-79.278314,43.763475]]]},"properties":{"StopCount":1}},{"type":"Feature","geometry":{"type":"Polygon","coordinates":[[[-79.34052,43.772458],[-79.334299,43.772458],[-79.334299,43.776949],[-79.34052,43.776949],[-79.34052,43.772458]]]},"properties":{"StopCount":1}},{"type":"Feature","geometry":{"type":"Polygon","coordinates":[[[-79.682653,43.624236],[-79.676432,43.624236],[-79.676432,43.628728],[-79.682653,43.628728],[-79.682653,43.624236]]]},"properties":{"StopCount":1}},{"type":"Feature","geometry":{"type":"Polygon","coordinates":[[[-79.688873,43.646694],[-79.682653,43.646694],[-79.682653,43.651186],[-79.688873,43.651186],[-79.688873,43.646694]]]},"properties":{"StopCount":1}},{"type":"Feature","geometry":{"type":"Polygon","coordinates":[[[-79.701314,43.651186],[-79.695094,43.651186],[-79.695094,43.655677],[-79.701314,43.655677],[-79.701314,43.651186]]]},"properties":{"StopCount":1}},{"type":"Feature","geometry":{"type":"Polygon","coordinates":[[[-79.838167,43.570338],[-79.831947,43.570338],[-79.831947,43.574829],[-79.838167,43.574829],[-79.838167,43.570338]]]},"properties":{"StopCount":1}},{"type":"Feature","geometry":{"type":"Polygon","coordinates":[[[-79.365402,43.75],[-79.359182,43.75],[-79.359182,43.754492],[-79.365402,43.754492],[-79.365402,43.75]]]},"properties":{"StopCount":1}},{"type":"Feature","geometry":{"type":"Polygon","coordinates":[[[-79.365402,43.754492],[-79.359182,43.754492],[-79.359182,43.758983],[-79.365402,43.758983],[-79.365402,43.754492]]]},"properties":{"StopCount":1}},{"type":"Feature","geometry":{"type":"Polygon","coordinates":[[[-79.352961,43.754492],[-79.346741,43.754492],[-79.346741,43.758983],[-79.352961,43.758983],[-79.352961,43.754492]]]},"properties":{"StopCount":1}},{"type":"Feature","geometry":{"type":"Polygon","coordinates":[[[-79.365402,43.767966],[-79.359182,43.767966],[-79.359182,43.772458],[-79.365402,43.772458],[-79.365402,43.767966]]]},"properties":{"StopCount":1}},{"type":"Feature","geometry":{"type":"Polygon","coordinates":[[[-79.365402,43.776949],[-79.359182,43.776949],[-79.359182,43.781441],[-79.365402,43.781441],[-79.365402,43.776949]]]},"properties":{"StopCount":1}},{"type":"Feature","geometry":{"type":"Polygon","coordinates":[[[-79.371623,43.794916],[-79.365402,43.794916],[-79.365402,43.799407],[-79.371623,43.799407],[-79.371623,43.794916]]]},"properties":{"StopCount":1}},{"type":"Feature","geometry":{"type":"Polygon","coordinates":[[[-79.365402,43.80839],[-79.359182,43.80839],[-79.359182,43.812882],[-79.365402,43.812882],[-79.365402,43.80839]]]},"properties":{"StopCount":1}},{"type":"Feature","geometry":{"type":"Polygon","coordinates":[[[-79.65155,43.588304],[-79.645329,43.588304],[-79.645329,43.592796],[-79.65155,43.592796],[-79.65155,43.588304]]]},"properties":{"StopCount":1}},{"type":"Feature","geometry":{"type":"Polygon","coordinates":[[[-79.676432,43.588304],[-79.670211,43.588304],[-79.670211,43.592796],[-79.676432,43.592796],[-79.676432,43.588304]]]},"properties":{"StopCount":1}},{"type":"Feature","geometry":{"type":"Polygon","coordinates":[[[-79.334299,43.853306],[-79.328079,43.853306],[-79.328079,43.857797],[-79.334299,43.857797],[-79.334299,43.853306]]]},"properties":{"StopCount":1}},{"type":"Feature","geometry":{"type":"Polygon","coordinates":[[[-79.328079,43.767966],[-79.321858,43.767966],[-79.321858,43.772458],[-79.328079,43.772458],[-79.328079,43.767966]]]},"properties":{"StopCount":1}},{"type":"Feature","geometry":{"type":"Polygon","coordinates":[[[-78.923741,43.925171],[-78.91752,43.925171],[-78.91752,43.929662],[-78.923741,43.929662],[-78.923741,43.925171]]]},"properties":{"StopCount":1}},{"type":"Feature","geometry":{"type":"Polygon","coordinates":[[[-78.905079,43.902713],[-78.898858,43.902713],[-78.898858,43.907204],[-78.905079,43.907204],[-78.905079,43.902713]]]},"properties":{"StopCount":1}},{"type":"Feature","geometry":{"type":"Polygon","coordinates":[[[-79.228549,43.803899],[-79.222329,43.803899],[-79.222329,43.80839],[-79.228549,43.80839],[-79.228549,43.803899]]]},"properties":{"StopCount":1}},{"type":"Feature","geometry":{"type":"Polygon","coordinates":[[[-79.5458,43.696101],[-79.539579,43.696101],[-79.539579,43.700593],[-79.5458,43.700593],[-79.5458,43.696101]]]},"properties":{"StopCount":1}},{"type":"Feature","geometry":{"type":"Polygon","coordinates":[[[-78.961064,43.943137],[-78.954843,43.943137],[-78.954843,43.947628],[-78.961064,43.947628],[-78.961064,43.943137]]]},"properties":{"StopCount":1}},{"type":"Feature","geometry":{"type":"Polygon","coordinates":[[[-79.44005,43.89373],[-79.433829,43.89373],[-79.433829,43.898221],[-79.44005,43.898221],[-79.44005,43.89373]]]},"properties":{"StopCount":1}},{"type":"Feature","geometry":{"type":"Polygon","coordinates":[[[-79.44005,43.889238],[-79.433829,43.889238],[-79.433829,43.89373],[-79.44005,43.89373],[-79.44005,43.889238]]]},"properties":{"StopCount":1}},{"type":"Feature","geometry":{"type":"Polygon","coordinates":[[[-79.632888,43.790424],[-79.626667,43.790424],[-79.626667,43.794916],[-79.632888,43.794916],[-79.632888,43.790424]]]},"properties":{"StopCount":1}},{"type":"Feature","geometry":{"type":"Polygon","coordinates":[[[-79.670211,43.700593],[-79.663991,43.700593],[-79.663991,43.705084],[-79.670211,43.705084],[-79.670211,43.700593]]]},"properties":{"StopCount":1}},{"type":"Feature","geometry":{"type":"Polygon","coordinates":[[[-79.65777,43.660169],[-79.65155,43.660169],[-79.65155,43.66466],[-79.65777,43.66466],[-79.65777,43.660169]]]},"properties":{"StopCount":1}},{"type":"Feature","geometry":{"type":"Polygon","coordinates":[[[-79.533358,43.727542],[-79.527138,43.727542],[-79.527138,43.732034],[-79.533358,43.732034],[-79.533358,43.727542]]]},"properties":{"StopCount":1}},{"type":"Feature","geometry":{"type":"Polygon","coordinates":[[[-79.639108,43.673644],[-79.632888,43.673644],[-79.632888,43.678135],[-79.639108,43.678135],[-79.639108,43.673644]]]},"properties":{"StopCount":1}},{"type":"Feature","geometry":{"type":"Polygon","coordinates":[[[-79.496035,43.821865],[-79.489814,43.821865],[-79.489814,43.826356],[-79.496035,43.826356],[-79.496035,43.821865]]]},"properties":{"StopCount":1}},{"type":"Feature","geometry":{"type":"Polygon","coordinates":[[[-79.514697,43.610762],[-79.508476,43.610762],[-79.508476,43.615253],[-79.514697,43.615253],[-79.514697,43.610762]]]},"properties":{"StopCount":1}},{"type":"Feature","geometry":{"type":"Polygon","coordinates":[[[-79.800844,43.583812],[-79.794623,43.583812],[-79.794623,43.588304],[-79.800844,43.588304],[-79.800844,43.583812]]]},"properties":{"StopCount":1}},{"type":"Feature","geometry":{"type":"Polygon","coordinates":[[[-79.5458,43.799407],[-79.539579,43.799407],[-79.539579,43.803899],[-79.5458,43.803899],[-79.5458,43.799407]]]},"properties":{"StopCount":1}},{"type":"Feature","geometry":{"type":"Polygon","coordinates":[[[-79.688873,43.642203],[-79.682653,43.642203],[-79.682653,43.646694],[-79.688873,43.646694],[-79.688873,43.642203]]]},"properties":{"StopCount":1}},{"type":"Feature","geometry":{"type":"Polygon","coordinates":[[[-79.775961,43.601779],[-79.769741,43.601779],[-79.769741,43.60627],[-79.775961,43.60627],[-79.775961,43.601779]]]},"properties":{"StopCount":1}},{"type":"Feature","geometry":{"type":"Polygon","coordinates":[[[-79.707535,43.682627],[-79.701314,43.682627],[-79.701314,43.687118],[-79.707535,43.687118],[-79.707535,43.682627]]]},"properties":{"StopCount":1}},{"type":"Feature","geometry":{"type":"Polygon","coordinates":[[[-79.695094,43.723051],[-79.688873,43.723051],[-79.688873,43.727542],[-79.695094,43.727542],[-79.695094,43.723051]]]},"properties":{"StopCount":1}},{"type":"Feature","geometry":{"type":"Polygon","coordinates":[[[-79.688873,43.628728],[-79.682653,43.628728],[-79.682653,43.63322],[-79.688873,43.63322],[-79.688873,43.628728]]]},"properties":{"StopCount":1}},{"type":"Feature","geometry":{"type":"Polygon","coordinates":[[[-79.533358,43.812882],[-79.527138,43.812882],[-79.527138,43.817373],[-79.533358,43.817373],[-79.533358,43.812882]]]},"properties":{"StopCount":1}},{"type":"Feature","geometry":{"type":"Polygon","coordinates":[[[-79.912814,43.534405],[-79.906594,43.534405],[-79.906594,43.538897],[-79.912814,43.538897],[-79.912814,43.534405]]]},"properties":{"StopCount":1}},{"type":"Feature","geometry":{"type":"Polygon","coordinates":[[[-79.738638,43.60627],[-79.732417,43.60627],[-79.732417,43.610762],[-79.738638,43.610762],[-79.738638,43.60627]]]},"properties":{"StopCount":1}},{"type":"Feature","geometry":{"type":"Polygon","coordinates":[[[-79.688873,43.709576],[-79.682653,43.709576],[-79.682653,43.714068],[-79.688873,43.714068],[-79.688873,43.709576]]]},"properties":{"StopCount":1}},{"type":"Feature","geometry":{"type":"Polygon","coordinates":[[[-79.65155,43.736525],[-79.645329,43.736525],[-79.645329,43.741017],[-79.65155,43.741017],[-79.65155,43.736525]]]},"properties":{"StopCount":1}},{"type":"Feature","geometry":{"type":"Polygon","coordinates":[[[-79.695094,43.615253],[-79.688873,43.615253],[-79.688873,43.619745],[-79.695094,43.619745],[-79.695094,43.615253]]]},"properties":{"StopCount":1}},{"type":"Feature","geometry":{"type":"Polygon","coordinates":[[[-79.682653,43.830848],[-79.676432,43.830848],[-79.676432,43.83534],[-79.682653,43.83534],[-79.682653,43.830848]]]},"properties":{"StopCount":1}},{"type":"Feature","geometry":{"type":"Polygon","coordinates":[[[-79.576903,43.709576],[-79.570682,43.709576],[-79.570682,43.714068],[-79.576903,43.714068],[-79.576903,43.709576]]]},"properties":{"StopCount":1}},{"type":"Feature","geometry":{"type":"Polygon","coordinates":[[[-79.676432,43.646694],[-79.670211,43.646694],[-79.670211,43.651186],[-79.676432,43.651186],[-79.676432,43.646694]]]},"properties":{"StopCount":1}},{"type":"Feature","geometry":{"type":"Polygon","coordinates":[[[-79.7573,43.610762],[-79.751079,43.610762],[-79.751079,43.615253],[-79.7573,43.615253],[-79.7573,43.610762]]]},"properties":{"StopCount":1}},{"type":"Feature","geometry":{"type":"Polygon","coordinates":[[[-79.726197,43.844323],[-79.719976,43.844323],[-79.719976,43.848814],[-79.726197,43.848814],[-79.726197,43.844323]]]},"properties":{"StopCount":1}},{"type":"Feature","geometry":{"type":"Polygon","coordinates":[[[-79.670211,43.619745],[-79.663991,43.619745],[-79.663991,43.624236],[-79.670211,43.624236],[-79.670211,43.619745]]]},"properties":{"StopCount":1}},{"type":"Feature","geometry":{"type":"Polygon","coordinates":[[[-79.626667,43.696101],[-79.620447,43.696101],[-79.620447,43.700593],[-79.626667,43.700593],[-79.626667,43.696101]]]},"properties":{"StopCount":1}},{"type":"Feature","geometry":{"type":"Polygon","coordinates":[[[-79.688873,43.830848],[-79.682653,43.830848],[-79.682653,43.83534],[-79.688873,43.83534],[-79.688873,43.830848]]]},"properties":{"StopCount":1}},{"type":"Feature","geometry":{"type":"Polygon","coordinates":[[[-79.570682,43.619745],[-79.564461,43.619745],[-79.564461,43.624236],[-79.570682,43.624236],[-79.570682,43.619745]]]},"properties":{"StopCount":1}},{"type":"Feature","geometry":{"type":"Polygon","coordinates":[[[-79.800844,43.758983],[-79.794623,43.758983],[-79.794623,43.763475],[-79.800844,43.763475],[-79.800844,43.758983]]]},"properties":{"StopCount":1}},{"type":"Feature","geometry":{"type":"Polygon","coordinates":[[[-79.533358,43.799407],[-79.527138,43.799407],[-79.527138,43.803899],[-79.533358,43.803899],[-79.533358,43.799407]]]},"properties":{"StopCount":1}},{"type":"Feature","geometry":{"type":"Polygon","coordinates":[[[-79.253432,43.830848],[-79.247211,43.830848],[-79.247211,43.83534],[-79.253432,43.83534],[-79.253432,43.830848]]]},"properties":{"StopCount":1}},{"type":"Feature","geometry":{"type":"Polygon","coordinates":[[[-79.23477,43.839831],[-79.228549,43.839831],[-79.228549,43.844323],[-79.23477,43.844323],[-79.23477,43.839831]]]},"properties":{"StopCount":1}},{"type":"Feature","geometry":{"type":"Polygon","coordinates":[[[-79.707535,43.75],[-79.701314,43.75],[-79.701314,43.754492],[-79.707535,43.754492],[-79.707535,43.75]]]},"properties":{"StopCount":1}},{"type":"Feature","geometry":{"type":"Polygon","coordinates":[[[-79.576903,43.700593],[-79.570682,43.700593],[-79.570682,43.705084],[-79.576903,43.705084],[-79.576903,43.700593]]]},"properties":{"StopCount":1}},{"type":"Feature","geometry":{"type":"Polygon","coordinates":[[[-79.55202,43.826356],[-79.5458,43.826356],[-79.5458,43.830848],[-79.55202,43.830848],[-79.55202,43.826356]]]},"properties":{"StopCount":1}},{"type":"Feature","geometry":{"type":"Polygon","coordinates":[[[-79.719976,43.69161],[-79.713756,43.69161],[-79.713756,43.696101],[-79.719976,43.696101],[-79.719976,43.69161]]]},"properties":{"StopCount":1}},{"type":"Feature","geometry":{"type":"Polygon","coordinates":[[[-79.65777,43.642203],[-79.65155,43.642203],[-79.65155,43.646694],[-79.65777,43.646694],[-79.65777,43.642203]]]},"properties":{"StopCount":1}},{"type":"Feature","geometry":{"type":"Polygon","coordinates":[[[-79.539579,43.624236],[-79.533358,43.624236],[-79.533358,43.628728],[-79.539579,43.628728],[-79.539579,43.624236]]]},"properties":{"StopCount":1}},{"type":"Feature","geometry":{"type":"Polygon","coordinates":[[[-79.713756,43.754492],[-79.707535,43.754492],[-79.707535,43.758983],[-79.713756,43.758983],[-79.713756,43.754492]]]},"properties":{"StopCount":1}},{"type":"Feature","geometry":{"type":"Polygon","coordinates":[[[-79.65777,43.781441],[-79.65155,43.781441],[-79.65155,43.785932],[-79.65777,43.785932],[-79.65777,43.781441]]]},"properties":{"StopCount":1}},{"type":"Feature","geometry":{"type":"Polygon","coordinates":[[[-79.527138,43.628728],[-79.520917,43.628728],[-79.520917,43.63322],[-79.527138,43.63322],[-79.527138,43.628728]]]},"properties":{"StopCount":1}},{"type":"Feature","geometry":{"type":"Polygon","coordinates":[[[-79.719976,43.853306],[-79.713756,43.853306],[-79.713756,43.857797],[-79.719976,43.857797],[-79.719976,43.853306]]]},"properties":{"StopCount":1}},{"type":"Feature","geometry":{"type":"Polygon","coordinates":[[[-79.695094,43.848814],[-79.688873,43.848814],[-79.688873,43.853306],[-79.695094,43.853306],[-79.695094,43.848814]]]},"properties":{"StopCount":1}},{"type":"Feature","geometry":{"type":"Polygon","coordinates":[[[-79.365402,43.839831],[-79.359182,43.839831],[-79.359182,43.844323],[-79.365402,43.844323],[-79.365402,43.839831]]]},"properties":{"StopCount":1}},{"type":"Feature","geometry":{"type":"Polygon","coordinates":[[[-79.670211,43.718559],[-79.663991,43.718559],[-79.663991,43.723051],[-79.670211,43.723051],[-79.670211,43.718559]]]},"properties":{"StopCount":1}},{"type":"Feature","geometry":{"type":"Polygon","coordinates":[[[-79.639108,43.628728],[-79.632888,43.628728],[-79.632888,43.63322],[-79.639108,43.63322],[-79.639108,43.628728]]]},"properties":{"StopCount":1}},{"type":"Feature","geometry":{"type":"Polygon","coordinates":[[[-79.701314,43.655677],[-79.695094,43.655677],[-79.695094,43.660169],[-79.701314,43.660169],[-79.701314,43.655677]]]},"properties":{"StopCount":1}},{"type":"Feature","geometry":{"type":"Polygon","coordinates":[[[-79.564461,43.615253],[-79.558241,43.615253],[-79.558241,43.619745],[-79.564461,43.619745],[-79.564461,43.615253]]]},"properties":{"StopCount":1}},{"type":"Feature","geometry":{"type":"Polygon","coordinates":[[[-79.632888,43.785932],[-79.626667,43.785932],[-79.626667,43.790424],[-79.632888,43.790424],[-79.632888,43.785932]]]},"properties":{"StopCount":1}},{"type":"Feature","geometry":{"type":"Polygon","coordinates":[[[-79.782182,43.619745],[-79.775961,43.619745],[-79.775961,43.624236],[-79.782182,43.624236],[-79.782182,43.619745]]]},"properties":{"StopCount":1}},{"type":"Feature","geometry":{"type":"Polygon","coordinates":[[[-79.670211,43.799407],[-79.663991,43.799407],[-79.663991,43.803899],[-79.670211,43.803899],[-79.670211,43.799407]]]},"properties":{"StopCount":1}},{"type":"Feature","geometry":{"type":"Polygon","coordinates":[[[-79.782182,43.615253],[-79.775961,43.615253],[-79.775961,43.619745],[-79.782182,43.619745],[-79.782182,43.615253]]]},"properties":{"StopCount":1}},{"type":"Feature","geometry":{"type":"Polygon","coordinates":[[[-79.713756,43.758983],[-79.707535,43.758983],[-79.707535,43.763475],[-79.713756,43.763475],[-79.713756,43.758983]]]},"properties":{"StopCount":1}},{"type":"Feature","geometry":{"type":"Polygon","coordinates":[[[-79.632888,43.772458],[-79.626667,43.772458],[-79.626667,43.776949],[-79.632888,43.776949],[-79.632888,43.772458]]]},"properties":{"StopCount":1}},{"type":"Feature","geometry":{"type":"Polygon","coordinates":[[[-79.489814,43.776949],[-79.483594,43.776949],[-79.483594,43.781441],[-79.489814,43.781441],[-79.489814,43.776949]]]},"properties":{"StopCount":1}},{"type":"Feature","geometry":{"type":"Polygon","coordinates":[[[-79.384064,43.875764],[-79.377844,43.875764],[-79.377844,43.880255],[-79.384064,43.880255],[-79.384064,43.875764]]]},"properties":{"StopCount":1}},{"type":"Feature","geometry":{"type":"Polygon","coordinates":[[[-79.65155,43.794916],[-79.645329,43.794916],[-79.645329,43.799407],[-79.65155,43.799407],[-79.65155,43.794916]]]},"properties":{"StopCount":1}},{"type":"Feature","geometry":{"type":"Polygon","coordinates":[[[-79.570682,43.767966],[-79.564461,43.767966],[-79.564461,43.772458],[-79.570682,43.772458],[-79.570682,43.767966]]]},"properties":{"StopCount":1}},{"type":"Feature","geometry":{"type":"Polygon","coordinates":[[[-79.508476,43.799407],[-79.502255,43.799407],[-79.502255,43.803899],[-79.508476,43.803899],[-79.508476,43.799407]]]},"properties":{"StopCount":1}},{"type":"Feature","geometry":{"type":"Polygon","coordinates":[[[-79.701314,43.754492],[-79.695094,43.754492],[-79.695094,43.758983],[-79.701314,43.758983],[-79.701314,43.754492]]]},"properties":{"StopCount":1}},{"type":"Feature","geometry":{"type":"Polygon","coordinates":[[[-79.278314,43.781441],[-79.272094,43.781441],[-79.272094,43.785932],[-79.278314,43.785932],[-79.278314,43.781441]]]},"properties":{"StopCount":1}},{"type":"Feature","geometry":{"type":"Polygon","coordinates":[[[-79.620447,43.69161],[-79.614226,43.69161],[-79.614226,43.696101],[-79.620447,43.696101],[-79.620447,43.69161]]]},"properties":{"StopCount":1}},{"type":"Feature","geometry":{"type":"Polygon","coordinates":[[[-79.141461,43.799407],[-79.135241,43.799407],[-79.135241,43.803899],[-79.141461,43.803899],[-79.141461,43.799407]]]},"properties":{"StopCount":1}},{"type":"Feature","geometry":{"type":"Polygon","coordinates":[[[-79.452491,44.015002],[-79.44627,44.015002],[-79.44627,44.019493],[-79.452491,44.019493],[-79.452491,44.015002]]]},"properties":{"StopCount":1}},{"type":"Feature","geometry":{"type":"Polygon","coordinates":[[[-79.122799,43.812882],[-79.116579,43.812882],[-79.116579,43.817373],[-79.122799,43.817373],[-79.122799,43.812882]]]},"properties":{"StopCount":1}},{"type":"Feature","geometry":{"type":"Polygon","coordinates":[[[-79.02327,43.839831],[-79.017049,43.839831],[-79.017049,43.844323],[-79.02327,43.844323],[-79.02327,43.839831]]]},"properties":{"StopCount":1}},{"type":"Feature","geometry":{"type":"Polygon","coordinates":[[[-79.626667,43.651186],[-79.620447,43.651186],[-79.620447,43.655677],[-79.626667,43.655677],[-79.626667,43.651186]]]},"properties":{"StopCount":1}},{"type":"Feature","geometry":{"type":"Polygon","coordinates":[[[-79.620447,43.655677],[-79.614226,43.655677],[-79.614226,43.660169],[-79.620447,43.660169],[-79.620447,43.655677]]]},"properties":{"StopCount":1}},{"type":"Feature","geometry":{"type":"Polygon","coordinates":[[[-79.203667,43.799407],[-79.197447,43.799407],[-79.197447,43.803899],[-79.203667,43.803899],[-79.203667,43.799407]]]},"properties":{"StopCount":1}},{"type":"Feature","geometry":{"type":"Polygon","coordinates":[[[-79.533358,43.709576],[-79.527138,43.709576],[-79.527138,43.714068],[-79.533358,43.714068],[-79.533358,43.709576]]]},"properties":{"StopCount":1}},{"type":"Feature","geometry":{"type":"Polygon","coordinates":[[[-78.681138,43.898221],[-78.674917,43.898221],[-78.674917,43.902713],[-78.681138,43.902713],[-78.681138,43.898221]]]},"properties":{"StopCount":1}},{"type":"Feature","geometry":{"type":"Polygon","coordinates":[[[-79.514697,43.714068],[-79.508476,43.714068],[-79.508476,43.718559],[-79.514697,43.718559],[-79.514697,43.714068]]]},"properties":{"StopCount":1}},{"type":"Feature","geometry":{"type":"Polygon","coordinates":[[[-78.954843,43.89373],[-78.948623,43.89373],[-78.948623,43.898221],[-78.954843,43.898221],[-78.954843,43.89373]]]},"properties":{"StopCount":1}},{"type":"Feature","geometry":{"type":"Polygon","coordinates":[[[-79.216108,43.880255],[-79.209888,43.880255],[-79.209888,43.884747],[-79.216108,43.884747],[-79.216108,43.880255]]]},"properties":{"StopCount":1}},{"type":"Feature","geometry":{"type":"Polygon","coordinates":[[[-79.222329,43.880255],[-79.216108,43.880255],[-79.216108,43.884747],[-79.222329,43.884747],[-79.222329,43.880255]]]},"properties":{"StopCount":1}},{"type":"Feature","geometry":{"type":"Polygon","coordinates":[[[-79.614226,43.682627],[-79.608005,43.682627],[-79.608005,43.687118],[-79.614226,43.687118],[-79.614226,43.682627]]]},"properties":{"StopCount":1}},{"type":"Feature","geometry":{"type":"Polygon","coordinates":[[[-79.595564,43.588304],[-79.589344,43.588304],[-79.589344,43.592796],[-79.595564,43.592796],[-79.595564,43.588304]]]},"properties":{"StopCount":1}},{"type":"Feature","geometry":{"type":"Polygon","coordinates":[[[-79.452491,44.055426],[-79.44627,44.055426],[-79.44627,44.059917],[-79.452491,44.059917],[-79.452491,44.055426]]]},"properties":{"StopCount":1}},{"type":"Feature","geometry":{"type":"Polygon","coordinates":[[[-79.744858,43.862289],[-79.738638,43.862289],[-79.738638,43.86678],[-79.744858,43.86678],[-79.744858,43.862289]]]},"properties":{"StopCount":1}}]}