{"type":"FeatureCollection","scaleMax":928.8,"features":[{"type":"Feature","geometry":{"type":"Polygon","coordinates":[[[-79.881456,43.28737],[-79.875236,43.28737],[-79.875236,43.291861],[-79.881456,43.291861],[-79.881456,43.28737]]]},"properties":{"MedianStopDurationMin":41.7,"StopCount":4}},{"type":"Feature","geometry":{"type":"Polygon","coordinates":[[[-79.856576,43.305336],[-79.850355,43.305336],[-79.850355,43.309828],[-79.856576,43.309828],[-79.856576,43.305336]]]},"properties":{"MedianStopDurationMin":60.8,"StopCount":10}},{"type":"Feature","geometry":{"type":"Polygon","coordinates":[[[-79.837915,43.318811],[-79.831695,43.318811],[-79.831695,43.323302],[-79.837915,43.323302],[-79.837915,43.318811]]]},"properties":{"MedianStopDurationMin":135.6,"StopCount":2}},{"type":"Feature","geometry":{"type":"Polygon","coordinates":[[[-79.806815,43.327794],[-79.800595,43.327794],[-79.800595,43.332285],[-79.806815,43.332285],[-79.806815,43.327794]]]},"properties":{"MedianStopDurationMin":64.0,"StopCount":1}},{"type":"Feature","geometry":{"type":"Polygon","coordinates":[[[-79.819255,43.336777],[-79.813035,43.336777],[-79.813035,43.341268],[-79.819255,43.341268],[-79.819255,43.336777]]]},"properties":{"MedianStopDurationMin":41.1,"StopCount":1}},{"type":"Feature","geometry":{"type":"Polygon","coordinates":[[[-79.813035,43.336777],[-79.806815,43.336777],[-79.806815,43.341268],[-79.813035,43.341268],[-79.813035,43.336777]]]},"properties":{"MedianStopDurationMin":48.4,"StopCount":4}},{"type":"Feature","geometry":{"type":"Polygon","coordinates":[[[-79.788155,43.336777],[-79.781934,43.336777],[-79.781934,43.341268],[-79.788155,43.341268],[-79.788155,43.336777]]]},"properties":{"MedianStopDurationMin":36.9,"StopCount":1}},{"type":"Feature","geometry":{"type":"Polygon","coordinates":[[[-79.825475,43.341268],[-79.819255,43.341268],[-79.819255,43.34576],[-79.825475,43.34576],[-79.825475,43.341268]]]},"properties":{"MedianStopDurationMin":55.8,"StopCount":1}},{"type":"Feature","geometry":{"type":"Polygon","coordinates":[[[-79.794375,43.341268],[-79.788155,43.341268],[-79.788155,43.34576],[-79.794375,43.34576],[-79.794375,43.341268]]]},"properties":{"MedianStopDurationMin":132.9,"StopCount":4}},{"type":"Feature","geometry":{"type":"Polygon","coordinates":[[[-79.800595,43.34576],[-79.794375,43.34576],[-79.794375,43.350252],[-79.800595,43.350252],[-79.800595,43.34576]]]},"properties":{"MedianStopDurationMin":41.2,"StopCount":1}},{"type":"Feature","geometry":{"type":"Polygon","coordinates":[[[-79.887676,43.484998],[-79.881456,43.484998],[-79.881456,43.48949],[-79.887676,43.48949],[-79.887676,43.484998]]]},"properties":{"MedianStopDurationMin":79.5,"StopCount":41}},{"type":"Feature","geometry":{"type":"Polygon","coordinates":[[[-79.875236,43.493981],[-79.869016,43.493981],[-79.869016,43.498473],[-79.875236,43.498473],[-79.875236,43.493981]]]},"properties":{"MedianStopDurationMin":79.5,"StopCount":41}},{"type":"Feature","geometry":{"type":"Polygon","coordinates":[[[-79.869016,43.498473],[-79.862796,43.498473],[-79.862796,43.502964],[-79.869016,43.502964],[-79.869016,43.498473]]]},"properties":{"MedianStopDurationMin":68.0,"StopCount":42}},{"type":"Feature","geometry":{"type":"Polygon","coordinates":[[[-79.862796,43.502964],[-79.856576,43.502964],[-79.856576,43.507456],[-79.862796,43.507456],[-79.862796,43.502964]]]},"properties":{"MedianStopDurationMin":46.6,"StopCount":41}},{"type":"Feature","geometry":{"type":"Polygon","coordinates":[[[-79.844135,43.502964],[-79.837915,43.502964],[-79.837915,43.507456],[-79.844135,43.507456],[-79.844135,43.502964]]]},"properties":{"MedianStopDurationMin":54.6,"StopCount":5}},{"type":"Feature","geometry":{"type":"Polygon","coordinates":[[[-79.906336,43.520931],[-79.900116,43.520931],[-79.900116,43.525422],[-79.906336,43.525422],[-79.906336,43.520931]]]},"properties":{"MedianStopDurationMin":129.3,"StopCount":7}},{"type":"Feature","geometry":{"type":"Polygon","coordinates":[[[-79.912556,43.534405],[-79.906336,43.534405],[-79.906336,43.538897],[-79.912556,43.538897],[-79.912556,43.534405]]]},"properties":{"MedianStopDurationMin":91.8,"StopCount":1}},{"type":"Feature","geometry":{"type":"Polygon","coordinates":[[[-79.732174,43.534405],[-79.725954,43.534405],[-79.725954,43.538897],[-79.732174,43.538897],[-79.732174,43.534405]]]},"properties":{"MedianStopDurationMin":80.7,"StopCount":12}},{"type":"Feature","geometry":{"type":"Polygon","coordinates":[[[-79.887676,43.538897],[-79.881456,43.538897],[-79.881456,43.543388],[-79.887676,43.543388],[-79.887676,43.538897]]]},"properties":{"MedianStopDurationMin":55.9,"StopCount":26}},{"type":"Feature","geometry":{"type":"Polygon","coordinates":[[[-79.881456,43.538897],[-79.875236,43.538897],[-79.875236,43.543388],[-79.881456,43.543388],[-79.881456,43.538897]]]},"properties":{"MedianStopDurationMin":45.4,"StopCount":10}},{"type":"Feature","geometry":{"type":"Polygon","coordinates":[[[-79.875236,43.538897],[-79.869016,43.538897],[-79.869016,43.543388],[-79.875236,43.543388],[-79.875236,43.538897]]]},"properties":{"MedianStopDurationMin":63.0,"StopCount":10}},{"type":"Feature","geometry":{"type":"Polygon","coordinates":[[[-79.869016,43.538897],[-79.862796,43.538897],[-79.862796,43.543388],[-79.869016,43.543388],[-79.869016,43.538897]]]},"properties":{"MedianStopDurationMin":63.0,"StopCount":27}},{"type":"Feature","geometry":{"type":"Polygon","coordinates":[[[-79.862796,43.538897],[-79.856576,43.538897],[-79.856576,43.543388],[-79.862796,43.543388],[-79.862796,43.538897]]]},"properties":{"MedianStopDurationMin":169.3,"StopCount":1}},{"type":"Feature","geometry":{"type":"Polygon","coordinates":[[[-79.688633,43.543388],[-79.682413,43.543388],[-79.682413,43.54788],[-79.688633,43.54788],[-79.688633,43.543388]]]},"properties":{"MedianStopDurationMin":65.4,"StopCount":1}},{"type":"Feature","geometry":{"type":"Polygon","coordinates":[[[-79.750834,43.54788],[-79.744614,43.54788],[-79.744614,43.552372],[-79.750834,43.552372],[-79.750834,43.54788]]]},"properties":{"MedianStopDurationMin":33.9,"StopCount":1}},{"type":"Feature","geometry":{"type":"Polygon","coordinates":[[[-79.694853,43.54788],[-79.688633,43.54788],[-79.688633,43.552372],[-79.694853,43.552372],[-79.694853,43.54788]]]},"properties":{"MedianStopDurationMin":34.6,"StopCount":2}},{"type":"Feature","geometry":{"type":"Polygon","coordinates":[[[-79.688633,43.54788],[-79.682413,43.54788],[-79.682413,43.552372],[-79.688633,43.552372],[-79.688633,43.54788]]]},"properties":{"MedianStopDurationMin":97.7,"StopCount":1}},{"type":"Feature","geometry":{"type":"Polygon","coordinates":[[[-79.682413,43.54788],[-79.676193,43.54788],[-79.676193,43.552372],[-79.682413,43.552372],[-79.682413,43.54788]]]},"properties":{"MedianStopDurationMin":32.9,"StopCount":1}},{"type":"Feature","geometry":{"type":"Polygon","coordinates":[[[-79.744614,43.556863],[-79.738394,43.556863],[-79.738394,43.561355],[-79.744614,43.561355],[-79.744614,43.556863]]]},"properties":{"MedianStopDurationMin":75.7,"StopCount":12}},{"type":"Feature","geometry":{"type":"Polygon","coordinates":[[[-79.676193,43.556863],[-79.669973,43.556863],[-79.669973,43.561355],[-79.676193,43.561355],[-79.676193,43.556863]]]},"properties":{"MedianStopDurationMin":31.4,"StopCount":1}},{"type":"Feature","geometry":{"type":"Polygon","coordinates":[[[-79.732174,43.561355],[-79.725954,43.561355],[-79.725954,43.565846],[-79.732174,43.565846],[-79.732174,43.561355]]]},"properties":{"MedianStopDurationMin":118.4,"StopCount":4}},{"type":"Feature","geometry":{"type":"Polygon","coordinates":[[[-79.701073,43.561355],[-79.694853,43.561355],[-79.694853,43.565846],[-79.701073,43.565846],[-79.701073,43.561355]]]},"properties":{"MedianStopDurationMin":41.2,"StopCount":2}},{"type":"Feature","geometry":{"type":"Polygon","coordinates":[[[-79.831695,43.565846],[-79.825475,43.565846],[-79.825475,43.570338],[-79.831695,43.570338],[-79.831695,43.565846]]]},"properties":{"MedianStopDurationMin":80.8,"StopCount":41}},{"type":"Feature","geometry":{"type":"Polygon","coordinates":[[[-79.837915,43.570338],[-79.831695,43.570338],[-79.831695,43.574829],[-79.837915,43.574829],[-79.837915,43.570338]]]},"properties":{"MedianStopDurationMin":54.0,"StopCount":1}},{"type":"Feature","geometry":{"type":"Polygon","coordinates":[[[-79.632652,43.570338],[-79.626432,43.570338],[-79.626432,43.574829],[-79.632652,43.574829],[-79.632652,43.570338]]]},"properties":{"MedianStopDurationMin":91.0,"StopCount":5}},{"type":"Feature","geometry":{"type":"Polygon","coordinates":[[[-79.837915,43.574829],[-79.831695,43.574829],[-79.831695,43.579321],[-79.837915,43.579321],[-79.837915,43.574829]]]},"properties":{"MedianStopDurationMin":44.4,"StopCount":40}},{"type":"Feature","geometry":{"type":"Polygon","coordinates":[[[-79.688633,43.574829],[-79.682413,43.574829],[-79.682413,43.579321],[-79.688633,43.579321],[-79.688633,43.574829]]]},"properties":{"MedianStopDurationMin":37.8,"StopCount":7}},{"type":"Feature","geometry":{"type":"Polygon","coordinates":[[[-79.657533,43.574829],[-79.651313,43.574829],[-79.651313,43.579321],[-79.657533,43.579321],[-79.657533,43.574829]]]},"properties":{"MedianStopDurationMin":85.5,"StopCount":4}},{"type":"Feature","geometry":{"type":"Polygon","coordinates":[[[-79.620212,43.574829],[-79.613992,43.574829],[-79.613992,43.579321],[-79.620212,43.579321],[-79.620212,43.574829]]]},"properties":{"MedianStopDurationMin":92.4,"StopCount":5}},{"type":"Feature","geometry":{"type":"Polygon","coordinates":[[[-79.781934,43.579321],[-79.775714,43.579321],[-79.775714,43.583812],[-79.781934,43.583812],[-79.781934,43.579321]]]},"properties":{"MedianStopDurationMin":44.1,"StopCount":12}},{"type":"Feature","geometry":{"type":"Polygon","coordinates":[[[-79.763274,43.579321],[-79.757054,43.579321],[-79.757054,43.583812],[-79.763274,43.583812],[-79.763274,43.579321]]]},"properties":{"MedianStopDurationMin":133.5,"StopCount":14}},{"type":"Feature","geometry":{"type":"Polygon","coordinates":[[[-79.719734,43.579321],[-79.713514,43.579321],[-79.713514,43.583812],[-79.719734,43.583812],[-79.719734,43.579321]]]},"properties":{"MedianStopDurationMin":45.6,"StopCount":10}},{"type":"Feature","geometry":{"type":"Polygon","coordinates":[[[-79.800595,43.583812],[-79.794375,43.583812],[-79.794375,43.588304],[-79.800595,43.588304],[-79.800595,43.583812]]]},"properties":{"MedianStopDurationMin":31.6,"StopCount":1}},{"type":"Feature","geometry":{"type":"Polygon","coordinates":[[[-79.732174,43.583812],[-79.725954,43.583812],[-79.725954,43.588304],[-79.732174,43.588304],[-79.732174,43.583812]]]},"properties":{"MedianStopDurationMin":36.1,"StopCount":4}},{"type":"Feature","geometry":{"type":"Polygon","coordinates":[[[-79.744614,43.588304],[-79.738394,43.588304],[-79.738394,43.592796],[-79.744614,43.592796],[-79.744614,43.588304]]]},"properties":{"MedianStopDurationMin":138.4,"StopCount":9}},{"type":"Feature","geometry":{"type":"Polygon","coordinates":[[[-79.676193,43.588304],[-79.669973,43.588304],[-79.669973,43.592796],[-79.676193,43.592796],[-79.676193,43.588304]]]},"properties":{"MedianStopDurationMin":40.6,"StopCount":1}},{"type":"Feature","geometry":{"type":"Polygon","coordinates":[[[-79.669973,43.588304],[-79.663753,43.588304],[-79.663753,43.592796],[-79.669973,43.592796],[-79.669973,43.588304]]]},"properties":{"MedianStopDurationMin":35.4,"StopCount":16}},{"type":"Feature","geometry":{"type":"Polygon","coordinates":[[[-79.651313,43.588304],[-79.645093,43.588304],[-79.645093,43.592796],[-79.651313,43.592796],[-79.651313,43.588304]]]},"properties":{"MedianStopDurationMin":37.5,"StopCount":1}},{"type":"Feature","geometry":{"type":"Polygon","coordinates":[[[-79.595332,43.588304],[-79.589112,43.588304],[-79.589112,43.592796],[-79.595332,43.592796],[-79.595332,43.588304]]]},"properties":{"MedianStopDurationMin":96.0,"StopCount":1}},{"type":"Feature","geometry":{"type":"Polygon","coordinates":[[[-79.576672,43.588304],[-79.570452,43.588304],[-79.570452,43.592796],[-79.576672,43.592796],[-79.576672,43.588304]]]},"properties":{"MedianStopDurationMin":49.1,"StopCount":1}},{"type":"Feature","geometry":{"type":"Polygon","coordinates":[[[-79.800595,43.592796],[-79.794375,43.592796],[-79.794375,43.597287],[-79.800595,43.597287],[-79.800595,43.592796]]]},"properties":{"MedianStopDurationMin":66.9,"StopCount":10}},{"type":"Feature","geometry":{"type":"Polygon","coordinates":[[[-79.794375,43.592796],[-79.788155,43.592796],[-79.788155,43.597287],[-79.794375,43.597287],[-79.794375,43.592796]]]},"properties":{"MedianStopDurationMin":30.9,"StopCount":2}},{"type":"Feature","geometry":{"type":"Polygon","coordinates":[[[-79.788155,43.592796],[-79.781934,43.592796],[-79.781934,43.597287],[-79.788155,43.597287],[-79.788155,43.592796]]]},"properties":{"MedianStopDurationMin":35.1,"StopCount":18}},{"type":"Feature","geometry":{"type":"Polygon","coordinates":[[[-79.732174,43.592796],[-79.725954,43.592796],[-79.725954,43.597287],[-79.732174,43.597287],[-79.732174,43.592796]]]},"properties":{"MedianStopDurationMin":76.0,"StopCount":11}},{"type":"Feature","geometry":{"type":"Polygon","coordinates":[[[-79.645093,43.592796],[-79.638873,43.592796],[-79.638873,43.597287],[-79.645093,43.597287],[-79.645093,43.592796]]]},"properties":{"MedianStopDurationMin":47.7,"StopCount":4}},{"type":"Feature","geometry":{"type":"Polygon","coordinates":[[[-79.601552,43.592796],[-79.595332,43.592796],[-79.595332,43.597287],[-79.601552,43.597287],[-79.601552,43.592796]]]},"properties":{"MedianStopDurationMin":76.1,"StopCount":1}},{"type":"Feature","geometry":{"type":"Polygon","coordinates":[[[-79.545571,43.592796],[-79.539351,43.592796],[-79.539351,43.597287],[-79.545571,43.597287],[-79.545571,43.592796]]]},"properties":{"MedianStopDurationMin":73.9,"StopCount":4}},{"type":"Feature","geometry":{"type":"Polygon","coordinates":[[[-79.763274,43.597287],[-79.757054,43.597287],[-79.757054,43.601779],[-79.763274,43.601779],[-79.763274,43.597287]]]},"properties":{"MedianStopDurationMin":30.9,"StopCount":2}},{"type":"Feature","geometry":{"type":"Polygon","coordinates":[[[-79.775714,43.601779],[-79.769494,43.601779],[-79.769494,43.60627],[-79.775714,43.60627],[-79.775714,43.601779]]]},"properties":{"MedianStopDurationMin":43.6,"StopCount":1}},{"type":"Feature","geometry":{"type":"Polygon","coordinates":[[[-79.657533,43.601779],[-79.651313,43.601779],[-79.651313,43.60627],[-79.657533,43.60627],[-79.657533,43.601779]]]},"properties":{"MedianStopDurationMin":71.5,"StopCount":3}},{"type":"Feature","geometry":{"type":"Polygon","coordinates":[[[-79.632652,43.601779],[-79.626432,43.601779],[-79.626432,43.60627],[-79.632652,43.60627],[-79.632652,43.601779]]]},"properties":{"MedianStopDurationMin":120.0,"StopCount":3}},{"type":"Feature","geometry":{"type":"Polygon","coordinates":[[[-79.595332,43.601779],[-79.589112,43.601779],[-79.589112,43.60627],[-79.595332,43.60627],[-79.595332,43.601779]]]},"properties":{"MedianStopDurationMin":132.2,"StopCount":7}},{"type":"Feature","geometry":{"type":"Polygon","coordinates":[[[-79.589112,43.601779],[-79.582892,43.601779],[-79.582892,43.60627],[-79.589112,43.60627],[-79.589112,43.601779]]]},"properties":{"MedianStopDurationMin":51.6,"StopCount":25}},{"type":"Feature","geometry":{"type":"Polygon","coordinates":[[[-79.582892,43.601779],[-79.576672,43.601779],[-79.576672,43.60627],[-79.582892,43.60627],[-79.582892,43.601779]]]},"properties":{"MedianStopDurationMin":57.3,"StopCount":17}},{"type":"Feature","geometry":{"type":"Polygon","coordinates":[[[-79.750834,43.60627],[-79.744614,43.60627],[-79.744614,43.610762],[-79.750834,43.610762],[-79.750834,43.60627]]]},"properties":{"MedianStopDurationMin":72.3,"StopCount":17}},{"type":"Feature","geometry":{"type":"Polygon","coordinates":[[[-79.744614,43.60627],[-79.738394,43.60627],[-79.738394,43.610762],[-79.744614,43.610762],[-79.744614,43.60627]]]},"properties":{"MedianStopDurationMin":75.1,"StopCount":58}},{"type":"Feature","geometry":{"type":"Polygon","coordinates":[[[-79.738394,43.60627],[-79.732174,43.60627],[-79.732174,43.610762],[-79.738394,43.610762],[-79.738394,43.60627]]]},"properties":{"MedianStopDurationMin":43.7,"StopCount":1}},{"type":"Feature","geometry":{"type":"Polygon","coordinates":[[[-79.657533,43.60627],[-79.651313,43.60627],[-79.651313,43.610762],[-79.657533,43.610762],[-79.657533,43.60627]]]},"properties":{"MedianStopDurationMin":32.0,"StopCount":1}},{"type":"Feature","geometry":{"type":"Polygon","coordinates":[[[-79.651313,43.60627],[-79.645093,43.60627],[-79.645093,43.610762],[-79.651313,43.610762],[-79.651313,43.60627]]]},"properties":{"MedianStopDurationMin":60.1,"StopCount":1}},{"type":"Feature","geometry":{"type":"Polygon","coordinates":[[[-79.589112,43.60627],[-79.582892,43.60627],[-79.582892,43.610762],[-79.589112,43.610762],[-79.589112,43.60627]]]},"properties":{"MedianStopDurationMin":86.4,"StopCount":2}},{"type":"Feature","geometry":{"type":"Polygon","coordinates":[[[-79.582892,43.60627],[-79.576672,43.60627],[-79.576672,43.610762],[-79.582892,43.610762],[-79.582892,43.60627]]]},"properties":{"MedianStopDurationMin":46.7,"StopCount":3}},{"type":"Feature","geometry":{"type":"Polygon","coordinates":[[[-79.576672,43.60627],[-79.570452,43.60627],[-79.570452,43.610762],[-79.576672,43.610762],[-79.576672,43.60627]]]},"properties":{"MedianStopDurationMin":79.3,"StopCount":5}},{"type":"Feature","geometry":{"type":"Polygon","coordinates":[[[-79.763274,43.610762],[-79.757054,43.610762],[-79.757054,43.615253],[-79.763274,43.615253],[-79.763274,43.610762]]]},"properties":{"MedianStopDurationMin":71.9,"StopCount":14}},{"type":"Feature","geometry":{"type":"Polygon","coordinates":[[[-79.757054,43.610762],[-79.750834,43.610762],[-79.750834,43.615253],[-79.757054,43.615253],[-79.757054,43.610762]]]},"properties":{"MedianStopDurationMin":96.3,"StopCount":1}},{"type":"Feature","geometry":{"type":"Polygon","coordinates":[[[-79.744614,43.610762],[-79.738394,43.610762],[-79.738394,43.615253],[-79.744614,43.615253],[-79.744614,43.610762]]]},"properties":{"MedianStopDurationMin":52.4,"StopCount":8}},{"type":"Feature","geometry":{"type":"Polygon","coordinates":[[[-79.694853,43.610762],[-79.688633,43.610762],[-79.688633,43.615253],[-79.694853,43.615253],[-79.694853,43.610762]]]},"properties":{"MedianStopDurationMin":185.7,"StopCount":2}},{"type":"Feature","geometry":{"type":"Polygon","coordinates":[[[-79.663753,43.610762],[-79.657533,43.610762],[-79.657533,43.615253],[-79.663753,43.615253],[-79.663753,43.610762]]]},"properties":{"MedianStopDurationMin":57.0,"StopCount":7}},{"type":"Feature","geometry":{"type":"Polygon","coordinates":[[[-79.601552,43.610762],[-79.595332,43.610762],[-79.595332,43.615253],[-79.601552,43.615253],[-79.601552,43.610762]]]},"properties":{"MedianStopDurationMin":72.6,"StopCount":3}},{"type":"Feature","geometry":{"type":"Polygon","coordinates":[[[-79.564231,43.610762],[-79.558011,43.610762],[-79.558011,43.615253],[-79.564231,43.615253],[-79.564231,43.610762]]]},"properties":{"MedianStopDurationMin":48.3,"StopCount":3}},{"type":"Feature","geometry":{"type":"Polygon","coordinates":[[[-79.533131,43.610762],[-79.526911,43.610762],[-79.526911,43.615253],[-79.533131,43.615253],[-79.533131,43.610762]]]},"properties":{"MedianStopDurationMin":706.2,"StopCount":1}},{"type":"Feature","geometry":{"type":"Polygon","coordinates":[[[-79.514471,43.610762],[-79.508251,43.610762],[-79.508251,43.615253],[-79.514471,43.615253],[-79.514471,43.610762]]]},"properties":{"MedianStopDurationMin":144.8,"StopCount":1}},{"type":"Feature","geometry":{"type":"Polygon","coordinates":[[[-79.781934,43.615253],[-79.775714,43.615253],[-79.775714,43.619745],[-79.781934,43.619745],[-79.781934,43.615253]]]},"properties":{"MedianStopDurationMin":82.4,"StopCount":1}},{"type":"Feature","geometry":{"type":"Polygon","coordinates":[[[-79.701073,43.615253],[-79.694853,43.615253],[-79.694853,43.619745],[-79.701073,43.619745],[-79.701073,43.615253]]]},"properties":{"MedianStopDurationMin":106.9,"StopCount":2}},{"type":"Feature","geometry":{"type":"Polygon","coordinates":[[[-79.694853,43.615253],[-79.688633,43.615253],[-79.688633,43.619745],[-79.694853,43.619745],[-79.694853,43.615253]]]},"properties":{"MedianStopDurationMin":90.9,"StopCount":1}},{"type":"Feature","geometry":{"type":"Polygon","coordinates":[[[-79.682413,43.615253],[-79.676193,43.615253],[-79.676193,43.619745],[-79.682413,43.619745],[-79.682413,43.615253]]]},"properties":{"MedianStopDurationMin":38.5,"StopCount":3}},{"type":"Feature","geometry":{"type":"Polygon","coordinates":[[[-79.645093,43.615253],[-79.638873,43.615253],[-79.638873,43.619745],[-79.645093,43.619745],[-79.645093,43.615253]]]},"properties":{"MedianStopDurationMin":43.7,"StopCount":3}},{"type":"Feature","geometry":{"type":"Polygon","coordinates":[[[-79.576672,43.615253],[-79.570452,43.615253],[-79.570452,43.619745],[-79.576672,43.619745],[-79.576672,43.615253]]]},"properties":{"MedianStopDurationMin":79.5,"StopCount":18}},{"type":"Feature","geometry":{"type":"Polygon","coordinates":[[[-79.564231,43.615253],[-79.558011,43.615253],[-79.558011,43.619745],[-79.564231,43.619745],[-79.564231,43.615253]]]},"properties":{"MedianStopDurationMin":30.1,"StopCount":1}},{"type":"Feature","geometry":{"type":"Polygon","coordinates":[[[-79.558011,43.615253],[-79.551791,43.615253],[-79.551791,43.619745],[-79.558011,43.619745],[-79.558011,43.615253]]]},"properties":{"MedianStopDurationMin":91.8,"StopCount":10}},{"type":"Feature","geometry":{"type":"Polygon","coordinates":[[[-79.781934,43.619745],[-79.775714,43.619745],[-79.775714,43.624236],[-79.781934,43.624236],[-79.781934,43.619745]]]},"properties":{"MedianStopDurationMin":30.6,"StopCount":1}},{"type":"Feature","geometry":{"type":"Polygon","coordinates":[[[-79.775714,43.619745],[-79.769494,43.619745],[-79.769494,43.624236],[-79.775714,43.624236],[-79.775714,43.619745]]]},"properties":{"MedianStopDurationMin":67.3,"StopCount":7}},{"type":"Feature","geometry":{"type":"Polygon","coordinates":[[[-79.769494,43.619745],[-79.763274,43.619745],[-79.763274,43.624236],[-79.769494,43.624236],[-79.769494,43.619745]]]},"properties":{"MedianStopDurationMin":33.5,"StopCount":1}},{"type":"Feature","geometry":{"type":"Polygon","coordinates":[[[-79.701073,43.619745],[-79.694853,43.619745],[-79.694853,43.624236],[-79.701073,43.624236],[-79.701073,43.619745]]]},"properties":{"MedianStopDurationMin":41.7,"StopCount":6}},{"type":"Feature","geometry":{"type":"Polygon","coordinates":[[[-79.669973,43.619745],[-79.663753,43.619745],[-79.663753,43.624236],[-79.669973,43.624236],[-79.669973,43.619745]]]},"properties":{"MedianStopDurationMin":35.9,"StopCount":1}},{"type":"Feature","geometry":{"type":"Polygon","coordinates":[[[-79.589112,43.619745],[-79.582892,43.619745],[-79.582892,43.624236],[-79.589112,43.624236],[-79.589112,43.619745]]]},"properties":{"MedianStopDurationMin":63.6,"StopCount":15}},{"type":"Feature","geometry":{"type":"Polygon","coordinates":[[[-79.576672,43.619745],[-79.570452,43.619745],[-79.570452,43.624236],[-79.576672,43.624236],[-79.576672,43.619745]]]},"properties":{"MedianStopDurationMin":92.0,"StopCount":2}},{"type":"Feature","geometry":{"type":"Polygon","coordinates":[[[-79.570452,43.619745],[-79.564231,43.619745],[-79.564231,43.624236],[-79.570452,43.624236],[-79.570452,43.619745]]]},"properties":{"MedianStopDurationMin":88.0,"StopCount":1}},{"type":"Feature","geometry":{"type":"Polygon","coordinates":[[[-79.775714,43.624236],[-79.769494,43.624236],[-79.769494,43.628728],[-79.775714,43.628728],[-79.775714,43.624236]]]},"properties":{"MedianStopDurationMin":30.8,"StopCount":1}},{"type":"Feature","geometry":{"type":"Polygon","coordinates":[[[-79.713514,43.624236],[-79.707293,43.624236],[-79.707293,43.628728],[-79.713514,43.628728],[-79.713514,43.624236]]]},"properties":{"MedianStopDurationMin":85.9,"StopCount":6}},{"type":"Feature","geometry":{"type":"Polygon","coordinates":[[[-79.682413,43.624236],[-79.676193,43.624236],[-79.676193,43.628728],[-79.682413,43.628728],[-79.682413,43.624236]]]},"properties":{"MedianStopDurationMin":102.9,"StopCount":1}},{"type":"Feature","geometry":{"type":"Polygon","coordinates":[[[-79.669973,43.624236],[-79.663753,43.624236],[-79.663753,43.628728],[-79.669973,43.628728],[-79.669973,43.624236]]]},"properties":{"MedianStopDurationMin":63.2,"StopCount":2}},{"type":"Feature","geometry":{"type":"Polygon","coordinates":[[[-79.632652,43.624236],[-79.626432,43.624236],[-79.626432,43.628728],[-79.632652,43.628728],[-79.632652,43.624236]]]},"properties":{"MedianStopDurationMin":101.0,"StopCount":29}},{"type":"Feature","geometry":{"type":"Polygon","coordinates":[[[-79.539351,43.624236],[-79.533131,43.624236],[-79.533131,43.628728],[-79.539351,43.628728],[-79.539351,43.624236]]]},"properties":{"MedianStopDurationMin":49.6,"StopCount":1}},{"type":"Feature","geometry":{"type":"Polygon","coordinates":[[[-79.775714,43.628728],[-79.769494,43.628728],[-79.769494,43.63322],[-79.775714,43.63322],[-79.775714,43.628728]]]},"properties":{"MedianStopDurationMin":36.8,"StopCount":5}},{"type":"Feature","geometry":{"type":"Polygon","coordinates":[[[-79.688633,43.628728],[-79.682413,43.628728],[-79.682413,43.63322],[-79.688633,43.63322],[-79.688633,43.628728]]]},"properties":{"MedianStopDurationMin":52.0,"StopCount":1}},{"type":"Feature","geometry":{"type":"Polygon","coordinates":[[[-79.638873,43.628728],[-79.632652,43.628728],[-79.632652,43.63322],[-79.638873,43.63322],[-79.638873,43.628728]]]},"properties":{"MedianStopDurationMin":60.6,"StopCount":1}},{"type":"Feature","geometry":{"type":"Polygon","coordinates":[[[-79.576672,43.628728],[-79.570452,43.628728],[-79.570452,43.63322],[-79.576672,43.63322],[-79.576672,43.628728]]]},"properties":{"MedianStopDurationMin":111.5,"StopCount":2}},{"type":"Feature","geometry":{"type":"Polygon","coordinates":[[[-79.526911,43.628728],[-79.520691,43.628728],[-79.520691,43.63322],[-79.526911,43.63322],[-79.526911,43.628728]]]},"properties":{"MedianStopDurationMin":64.3,"StopCount":1}},{"type":"Feature","geometry":{"type":"Polygon","coordinates":[[[-79.520691,43.628728],[-79.514471,43.628728],[-79.514471,43.63322],[-79.520691,43.63322],[-79.520691,43.628728]]]},"properties":{"MedianStopDurationMin":171.2,"StopCount":17}},{"type":"Feature","geometry":{"type":"Polygon","coordinates":[[[-79.788155,43.63322],[-79.781934,43.63322],[-79.781934,43.637711],[-79.788155,43.637711],[-79.788155,43.63322]]]},"properties":{"MedianStopDurationMin":65.8,"StopCount":1}},{"type":"Feature","geometry":{"type":"Polygon","coordinates":[[[-79.719734,43.63322],[-79.713514,43.63322],[-79.713514,43.637711],[-79.719734,43.637711],[-79.719734,43.63322]]]},"properties":{"MedianStopDurationMin":36.7,"StopCount":17}},{"type":"Feature","geometry":{"type":"Polygon","coordinates":[[[-79.694853,43.63322],[-79.688633,43.63322],[-79.688633,43.637711],[-79.694853,43.637711],[-79.694853,43.63322]]]},"properties":{"MedianStopDurationMin":94.3,"StopCount":3}},{"type":"Feature","geometry":{"type":"Polygon","coordinates":[[[-79.719734,43.637711],[-79.713514,43.637711],[-79.713514,43.642203],[-79.719734,43.642203],[-79.719734,43.637711]]]},"properties":{"MedianStopDurationMin":54.0,"StopCount":2}},{"type":"Feature","geometry":{"type":"Polygon","coordinates":[[[-79.694853,43.637711],[-79.688633,43.637711],[-79.688633,43.642203],[-79.694853,43.642203],[-79.694853,43.637711]]]},"properties":{"MedianStopDurationMin":55.7,"StopCount":2}},{"type":"Feature","geometry":{"type":"Polygon","coordinates":[[[-79.688633,43.637711],[-79.682413,43.637711],[-79.682413,43.642203],[-79.688633,43.642203],[-79.688633,43.637711]]]},"properties":{"MedianStopDurationMin":86.8,"StopCount":15}},{"type":"Feature","geometry":{"type":"Polygon","coordinates":[[[-79.632652,43.637711],[-79.626432,43.637711],[-79.626432,43.642203],[-79.632652,43.642203],[-79.632652,43.637711]]]},"properties":{"MedianStopDurationMin":145.0,"StopCount":4}},{"type":"Feature","geometry":{"type":"Polygon","coordinates":[[[-79.626432,43.637711],[-79.620212,43.637711],[-79.620212,43.642203],[-79.626432,43.642203],[-79.626432,43.637711]]]},"properties":{"MedianStopDurationMin":81.9,"StopCount":4}},{"type":"Feature","geometry":{"type":"Polygon","coordinates":[[[-79.45227,43.637711],[-79.44605,43.637711],[-79.44605,43.642203],[-79.45227,43.642203],[-79.45227,43.637711]]]},"properties":{"MedianStopDurationMin":76.7,"StopCount":5}},{"type":"Feature","geometry":{"type":"Polygon","coordinates":[[[-79.937437,43.642203],[-79.931217,43.642203],[-79.931217,43.646694],[-79.937437,43.646694],[-79.937437,43.642203]]]},"properties":{"MedianStopDurationMin":37.5,"StopCount":1}},{"type":"Feature","geometry":{"type":"Polygon","coordinates":[[[-79.757054,43.642203],[-79.750834,43.642203],[-79.750834,43.646694],[-79.757054,43.646694],[-79.757054,43.642203]]]},"properties":{"MedianStopDurationMin":107.2,"StopCount":4}},{"type":"Feature","geometry":{"type":"Polygon","coordinates":[[[-79.707293,43.642203],[-79.701073,43.642203],[-79.701073,43.646694],[-79.707293,43.646694],[-79.707293,43.642203]]]},"properties":{"MedianStopDurationMin":70.3,"StopCount":2}},{"type":"Feature","geometry":{"type":"Polygon","coordinates":[[[-79.688633,43.642203],[-79.682413,43.642203],[-79.682413,43.646694],[-79.688633,43.646694],[-79.688633,43.642203]]]},"properties":{"MedianStopDurationMin":47.6,"StopCount":1}},{"type":"Feature","geometry":{"type":"Polygon","coordinates":[[[-79.657533,43.642203],[-79.651313,43.642203],[-79.651313,43.646694],[-79.657533,43.646694],[-79.657533,43.642203]]]},"properties":{"MedianStopDurationMin":171.1,"StopCount":1}},{"type":"Feature","geometry":{"type":"Polygon","coordinates":[[[-79.906336,43.646694],[-79.900116,43.646694],[-79.900116,43.651186],[-79.906336,43.651186],[-79.906336,43.646694]]]},"properties":{"MedianStopDurationMin":119.3,"StopCount":3}},{"type":"Feature","geometry":{"type":"Polygon","coordinates":[[[-79.738394,43.646694],[-79.732174,43.646694],[-79.732174,43.651186],[-79.738394,43.651186],[-79.738394,43.646694]]]},"properties":{"MedianStopDurationMin":30.0,"StopCount":1}},{"type":"Feature","geometry":{"type":"Polygon","coordinates":[[[-79.688633,43.646694],[-79.682413,43.646694],[-79.682413,43.651186],[-79.688633,43.651186],[-79.688633,43.646694]]]},"properties":{"MedianStopDurationMin":105.7,"StopCount":1}},{"type":"Feature","geometry":{"type":"Polygon","coordinates":[[[-79.682413,43.646694],[-79.676193,43.646694],[-79.676193,43.651186],[-79.682413,43.651186],[-79.682413,43.646694]]]},"properties":{"MedianStopDurationMin":32.9,"StopCount":2}},{"type":"Feature","geometry":{"type":"Polygon","coordinates":[[[-79.676193,43.646694],[-79.669973,43.646694],[-79.669973,43.651186],[-79.676193,43.651186],[-79.676193,43.646694]]]},"properties":{"MedianStopDurationMin":56.0,"StopCount":1}},{"type":"Feature","geometry":{"type":"Polygon","coordinates":[[[-79.750834,43.651186],[-79.744614,43.651186],[-79.744614,43.655677],[-79.750834,43.655677],[-79.750834,43.651186]]]},"properties":{"MedianStopDurationMin":39.9,"StopCount":1}},{"type":"Feature","geometry":{"type":"Polygon","coordinates":[[[-79.744614,43.651186],[-79.738394,43.651186],[-79.738394,43.655677],[-79.744614,43.655677],[-79.744614,43.651186]]]},"properties":{"MedianStopDurationMin":74.1,"StopCount":3}},{"type":"Feature","geometry":{"type":"Polygon","coordinates":[[[-79.738394,43.651186],[-79.732174,43.651186],[-79.732174,43.655677],[-79.738394,43.655677],[-79.738394,43.651186]]]},"properties":{"MedianStopDurationMin":35.5,"StopCount":1}},{"type":"Feature","geometry":{"type":"Polygon","coordinates":[[[-79.725954,43.651186],[-79.719734,43.651186],[-79.719734,43.655677],[-79.725954,43.655677],[-79.725954,43.651186]]]},"properties":{"MedianStopDurationMin":48.4,"StopCount":2}},{"type":"Feature","geometry":{"type":"Polygon","coordinates":[[[-79.701073,43.651186],[-79.694853,43.651186],[-79.694853,43.655677],[-79.701073,43.655677],[-79.701073,43.651186]]]},"properties":{"MedianStopDurationMin":72.5,"StopCount":1}},{"type":"Feature","geometry":{"type":"Polygon","coordinates":[[[-79.651313,43.651186],[-79.645093,43.651186],[-79.645093,43.655677],[-79.651313,43.655677],[-79.651313,43.651186]]]},"properties":{"MedianStopDurationMin":72.6,"StopCount":3}},{"type":"Feature","geometry":{"type":"Polygon","coordinates":[[[-79.626432,43.651186],[-79.620212,43.651186],[-79.620212,43.655677],[-79.626432,43.655677],[-79.626432,43.651186]]]},"properties":{"MedianStopDurationMin":231.3,"StopCount":1}},{"type":"Feature","geometry":{"type":"Polygon","coordinates":[[[-79.43983,43.651186],[-79.43361,43.651186],[-79.43361,43.655677],[-79.43983,43.655677],[-79.43983,43.651186]]]},"properties":{"MedianStopDurationMin":46.4,"StopCount":2}},{"type":"Feature","geometry":{"type":"Polygon","coordinates":[[[-79.408729,43.651186],[-79.402509,43.651186],[-79.402509,43.655677],[-79.408729,43.655677],[-79.408729,43.651186]]]},"properties":{"MedianStopDurationMin":110.8,"StopCount":5}},{"type":"Feature","geometry":{"type":"Polygon","coordinates":[[[-79.819255,43.655677],[-79.813035,43.655677],[-79.813035,43.660169],[-79.819255,43.660169],[-79.819255,43.655677]]]},"properties":{"MedianStopDurationMin":117.2,"StopCount":3}},{"type":"Feature","geometry":{"type":"Polygon","coordinates":[[[-79.813035,43.655677],[-79.806815,43.655677],[-79.806815,43.660169],[-79.813035,43.660169],[-79.813035,43.655677]]]},"properties":{"MedianStopDurationMin":97.4,"StopCount":3}},{"type":"Feature","geometry":{"type":"Polygon","coordinates":[[[-79.744614,43.655677],[-79.738394,43.655677],[-79.738394,43.660169],[-79.744614,43.660169],[-79.744614,43.655677]]]},"properties":{"MedianStopDurationMin":36.3,"StopCount":1}},{"type":"Feature","geometry":{"type":"Polygon","coordinates":[[[-79.732174,43.655677],[-79.725954,43.655677],[-79.725954,43.660169],[-79.732174,43.660169],[-79.732174,43.655677]]]},"properties":{"MedianStopDurationMin":45.5,"StopCount":1}},{"type":"Feature","geometry":{"type":"Polygon","coordinates":[[[-79.725954,43.655677],[-79.719734,43.655677],[-79.719734,43.660169],[-79.725954,43.660169],[-79.725954,43.655677]]]},"properties":{"MedianStopDurationMin":37.0,"StopCount":26}},{"type":"Feature","geometry":{"type":"Polygon","coordinates":[[[-79.701073,43.655677],[-79.694853,43.655677],[-79.694853,43.660169],[-79.701073,43.660169],[-79.701073,43.655677]]]},"properties":{"MedianStopDurationMin":147.3,"StopCount":1}},{"type":"Feature","geometry":{"type":"Polygon","coordinates":[[[-79.669973,43.655677],[-79.663753,43.655677],[-79.663753,43.660169],[-79.669973,43.660169],[-79.669973,43.655677]]]},"properties":{"MedianStopDurationMin":46.7,"StopCount":2}},{"type":"Feature","geometry":{"type":"Polygon","coordinates":[[[-79.663753,43.655677],[-79.657533,43.655677],[-79.657533,43.660169],[-79.663753,43.660169],[-79.663753,43.655677]]]},"properties":{"MedianStopDurationMin":41.4,"StopCount":7}},{"type":"Feature","geometry":{"type":"Polygon","coordinates":[[[-79.651313,43.655677],[-79.645093,43.655677],[-79.645093,43.660169],[-79.651313,43.660169],[-79.651313,43.655677]]]},"properties":{"MedianStopDurationMin":315.4,"StopCount":580}},{"type":"Feature","geometry":{"type":"Polygon","coordinates":[[[-79.645093,43.655677],[-79.638873,43.655677],[-79.638873,43.660169],[-79.645093,43.660169],[-79.645093,43.655677]]]},"properties":{"MedianStopDurationMin":379.6,"StopCount":27}},{"type":"Feature","geometry":{"type":"Polygon","coordinates":[[[-79.626432,43.655677],[-79.620212,43.655677],[-79.620212,43.660169],[-79.626432,43.660169],[-79.626432,43.655677]]]},"properties":{"MedianStopDurationMin":216.4,"StopCount":1}},{"type":"Feature","geometry":{"type":"Polygon","coordinates":[[[-79.45849,43.655677],[-79.45227,43.655677],[-79.45227,43.660169],[-79.45849,43.660169],[-79.45849,43.655677]]]},"properties":{"MedianStopDurationMin":77.8,"StopCount":18}},{"type":"Feature","geometry":{"type":"Polygon","coordinates":[[[-79.43983,43.655677],[-79.43361,43.655677],[-79.43361,43.660169],[-79.43983,43.660169],[-79.43983,43.655677]]]},"properties":{"MedianStopDurationMin":51.3,"StopCount":15}},{"type":"Feature","geometry":{"type":"Polygon","coordinates":[[[-79.688633,43.660169],[-79.682413,43.660169],[-79.682413,43.66466],[-79.688633,43.66466],[-79.688633,43.660169]]]},"properties":{"MedianStopDurationMin":125.1,"StopCount":7}},{"type":"Feature","geometry":{"type":"Polygon","coordinates":[[[-79.657533,43.660169],[-79.651313,43.660169],[-79.651313,43.66466],[-79.657533,43.66466],[-79.657533,43.660169]]]},"properties":{"MedianStopDurationMin":65.8,"StopCount":1}},{"type":"Feature","geometry":{"type":"Polygon","coordinates":[[[-79.595332,43.660169],[-79.589112,43.660169],[-79.589112,43.66466],[-79.595332,43.66466],[-79.595332,43.660169]]]},"properties":{"MedianStopDurationMin":167.8,"StopCount":3}},{"type":"Feature","geometry":{"type":"Polygon","coordinates":[[[-79.43983,43.660169],[-79.43361,43.660169],[-79.43361,43.66466],[-79.43983,43.66466],[-79.43983,43.660169]]]},"properties":{"MedianStopDurationMin":83.7,"StopCount":1}},{"type":"Feature","geometry":{"type":"Polygon","coordinates":[[[-79.42739,43.660169],[-79.421169,43.660169],[-79.421169,43.66466],[-79.42739,43.66466],[-79.42739,43.660169]]]},"properties":{"MedianStopDurationMin":139.2,"StopCount":4}},{"type":"Feature","geometry":{"type":"Polygon","coordinates":[[[-79.390069,43.660169],[-79.383849,43.660169],[-79.383849,43.66466],[-79.390069,43.66466],[-79.390069,43.660169]]]},"properties":{"MedianStopDurationMin":157.8,"StopCount":10}},{"type":"Feature","geometry":{"type":"Polygon","coordinates":[[[-79.383849,43.660169],[-79.377629,43.660169],[-79.377629,43.66466],[-79.383849,43.66466],[-79.383849,43.660169]]]},"properties":{"MedianStopDurationMin":138.9,"StopCount":2}},{"type":"Feature","geometry":{"type":"Polygon","coordinates":[[[-79.744614,43.66466],[-79.738394,43.66466],[-79.738394,43.669152],[-79.744614,43.669152],[-79.744614,43.66466]]]},"properties":{"MedianStopDurationMin":88.1,"StopCount":3}},{"type":"Feature","geometry":{"type":"Polygon","coordinates":[[[-79.738394,43.66466],[-79.732174,43.66466],[-79.732174,43.669152],[-79.738394,43.669152],[-79.738394,43.66466]]]},"properties":{"MedianStopDurationMin":157.9,"StopCount":3}},{"type":"Feature","geometry":{"type":"Polygon","coordinates":[[[-79.669973,43.66466],[-79.663753,43.66466],[-79.663753,43.669152],[-79.669973,43.669152],[-79.669973,43.66466]]]},"properties":{"MedianStopDurationMin":38.9,"StopCount":15}},{"type":"Feature","geometry":{"type":"Polygon","coordinates":[[[-79.48959,43.66466],[-79.48337,43.66466],[-79.48337,43.669152],[-79.48959,43.669152],[-79.48959,43.66466]]]},"properties":{"MedianStopDurationMin":62.4,"StopCount":5}},{"type":"Feature","geometry":{"type":"Polygon","coordinates":[[[-79.396289,43.66466],[-79.390069,43.66466],[-79.390069,43.669152],[-79.396289,43.669152],[-79.396289,43.66466]]]},"properties":{"MedianStopDurationMin":125.2,"StopCount":3}},{"type":"Feature","geometry":{"type":"Polygon","coordinates":[[[-79.390069,43.66466],[-79.383849,43.66466],[-79.383849,43.669152],[-79.390069,43.669152],[-79.390069,43.66466]]]},"properties":{"MedianStopDurationMin":80.7,"StopCount":3}},{"type":"Feature","geometry":{"type":"Polygon","coordinates":[[[-79.825475,43.669152],[-79.819255,43.669152],[-79.819255,43.673644],[-79.825475,43.673644],[-79.825475,43.669152]]]},"properties":{"MedianStopDurationMin":73.2,"StopCount":1}},{"type":"Feature","geometry":{"type":"Polygon","coordinates":[[[-79.632652,43.669152],[-79.626432,43.669152],[-79.626432,43.673644],[-79.632652,43.673644],[-79.632652,43.669152]]]},"properties":{"MedianStopDurationMin":54.6,"StopCount":2}},{"type":"Feature","geometry":{"type":"Polygon","coordinates":[[[-79.47093,43.669152],[-79.46471,43.669152],[-79.46471,43.673644],[-79.47093,43.673644],[-79.47093,43.669152]]]},"properties":{"MedianStopDurationMin":148.1,"StopCount":18}},{"type":"Feature","geometry":{"type":"Polygon","coordinates":[[[-79.421169,43.669152],[-79.414949,43.669152],[-79.414949,43.673644],[-79.421169,43.673644],[-79.421169,43.669152]]]},"properties":{"MedianStopDurationMin":143.6,"StopCount":5}},{"type":"Feature","geometry":{"type":"Polygon","coordinates":[[[-79.383849,43.669152],[-79.377629,43.669152],[-79.377629,43.673644],[-79.383849,43.673644],[-79.383849,43.669152]]]},"properties":{"MedianStopDurationMin":119.2,"StopCount":15}},{"type":"Feature","geometry":{"type":"Polygon","coordinates":[[[-79.725954,43.673644],[-79.719734,43.673644],[-79.719734,43.678135],[-79.725954,43.678135],[-79.725954,43.673644]]]},"properties":{"MedianStopDurationMin":55.4,"StopCount":2}},{"type":"Feature","geometry":{"type":"Polygon","coordinates":[[[-79.719734,43.673644],[-79.713514,43.673644],[-79.713514,43.678135],[-79.719734,43.678135],[-79.719734,43.673644]]]},"properties":{"MedianStopDurationMin":33.0,"StopCount":1}},{"type":"Feature","geometry":{"type":"Polygon","coordinates":[[[-79.638873,43.673644],[-79.632652,43.673644],[-79.632652,43.678135],[-79.638873,43.678135],[-79.638873,43.673644]]]},"properties":{"MedianStopDurationMin":37.0,"StopCount":1}},{"type":"Feature","geometry":{"type":"Polygon","coordinates":[[[-79.47093,43.673644],[-79.46471,43.673644],[-79.46471,43.678135],[-79.47093,43.678135],[-79.47093,43.673644]]]},"properties":{"MedianStopDurationMin":69.3,"StopCount":9}},{"type":"Feature","geometry":{"type":"Polygon","coordinates":[[[-79.44605,43.673644],[-79.43983,43.673644],[-79.43983,43.678135],[-79.44605,43.678135],[-79.44605,43.673644]]]},"properties":{"MedianStopDurationMin":83.5,"StopCount":2}},{"type":"Feature","geometry":{"type":"Polygon","coordinates":[[[-79.819255,43.678135],[-79.813035,43.678135],[-79.813035,43.682627],[-79.819255,43.682627],[-79.819255,43.678135]]]},"properties":{"MedianStopDurationMin":183.5,"StopCount":3}},{"type":"Feature","geometry":{"type":"Polygon","coordinates":[[[-79.744614,43.678135],[-79.738394,43.678135],[-79.738394,43.682627],[-79.744614,43.682627],[-79.744614,43.678135]]]},"properties":{"MedianStopDurationMin":31.1,"StopCount":1}},{"type":"Feature","geometry":{"type":"Polygon","coordinates":[[[-79.732174,43.678135],[-79.725954,43.678135],[-79.725954,43.682627],[-79.732174,43.682627],[-79.732174,43.678135]]]},"properties":{"MedianStopDurationMin":31.1,"StopCount":3}},{"type":"Feature","geometry":{"type":"Polygon","coordinates":[[[-79.725954,43.678135],[-79.719734,43.678135],[-79.719734,43.682627],[-79.725954,43.682627],[-79.725954,43.678135]]]},"properties":{"MedianStopDurationMin":36.4,"StopCount":20}},{"type":"Feature","geometry":{"type":"Polygon","coordinates":[[[-79.719734,43.678135],[-79.713514,43.678135],[-79.713514,43.682627],[-79.719734,43.682627],[-79.719734,43.678135]]]},"properties":{"MedianStopDurationMin":34.5,"StopCount":24}},{"type":"Feature","geometry":{"type":"Polygon","coordinates":[[[-79.682413,43.678135],[-79.676193,43.678135],[-79.676193,43.682627],[-79.682413,43.682627],[-79.682413,43.678135]]]},"properties":{"MedianStopDurationMin":33.3,"StopCount":4}},{"type":"Feature","geometry":{"type":"Polygon","coordinates":[[[-79.669973,43.678135],[-79.663753,43.678135],[-79.663753,43.682627],[-79.669973,43.682627],[-79.669973,43.678135]]]},"properties":{"MedianStopDurationMin":43.9,"StopCount":2}},{"type":"Feature","geometry":{"type":"Polygon","coordinates":[[[-79.638873,43.678135],[-79.632652,43.678135],[-79.632652,43.682627],[-79.638873,43.682627],[-79.638873,43.678135]]]},"properties":{"MedianStopDurationMin":63.1,"StopCount":67}},{"type":"Feature","geometry":{"type":"Polygon","coordinates":[[[-79.44605,43.678135],[-79.43983,43.678135],[-79.43983,43.682627],[-79.44605,43.682627],[-79.44605,43.678135]]]},"properties":{"MedianStopDurationMin":45.5,"StopCount":3}},{"type":"Feature","geometry":{"type":"Polygon","coordinates":[[[-79.42739,43.678135],[-79.421169,43.678135],[-79.421169,43.682627],[-79.42739,43.682627],[-79.42739,43.678135]]]},"properties":{"MedianStopDurationMin":75.0,"StopCount":2}},{"type":"Feature","geometry":{"type":"Polygon","coordinates":[[[-79.707293,43.682627],[-79.701073,43.682627],[-79.701073,43.687118],[-79.707293,43.687118],[-79.707293,43.682627]]]},"properties":{"MedianStopDurationMin":51.4,"StopCount":1}},{"type":"Feature","geometry":{"type":"Polygon","coordinates":[[[-79.613992,43.682627],[-79.607772,43.682627],[-79.607772,43.687118],[-79.613992,43.687118],[-79.613992,43.682627]]]},"properties":{"MedianStopDurationMin":158.7,"StopCount":1}},{"type":"Feature","geometry":{"type":"Polygon","coordinates":[[[-79.744614,43.687118],[-79.738394,43.687118],[-79.738394,43.69161],[-79.744614,43.69161],[-79.744614,43.687118]]]},"properties":{"MedianStopDurationMin":141.6,"StopCount":3}},{"type":"Feature","geometry":{"type":"Polygon","coordinates":[[[-79.713514,43.687118],[-79.707293,43.687118],[-79.707293,43.69161],[-79.713514,43.69161],[-79.713514,43.687118]]]},"properties":{"MedianStopDurationMin":62.6,"StopCount":12}},{"type":"Feature","geometry":{"type":"Polygon","coordinates":[[[-79.707293,43.687118],[-79.701073,43.687118],[-79.701073,43.69161],[-79.707293,43.69161],[-79.707293,43.687118]]]},"properties":{"MedianStopDurationMin":275.3,"StopCount":132}},{"type":"Feature","geometry":{"type":"Polygon","coordinates":[[[-79.669973,43.687118],[-79.663753,43.687118],[-79.663753,43.69161],[-79.669973,43.69161],[-79.669973,43.687118]]]},"properties":{"MedianStopDurationMin":42.5,"StopCount":4}},{"type":"Feature","geometry":{"type":"Polygon","coordinates":[[[-79.396289,43.687118],[-79.390069,43.687118],[-79.390069,43.69161],[-79.396289,43.69161],[-79.396289,43.687118]]]},"properties":{"MedianStopDurationMin":76.3,"StopCount":6}},{"type":"Feature","geometry":{"type":"Polygon","coordinates":[[[-79.352749,43.687118],[-79.346528,43.687118],[-79.346528,43.69161],[-79.352749,43.69161],[-79.352749,43.687118]]]},"properties":{"MedianStopDurationMin":143.2,"StopCount":8}},{"type":"Feature","geometry":{"type":"Polygon","coordinates":[[[-79.850355,43.69161],[-79.844135,43.69161],[-79.844135,43.696101],[-79.850355,43.696101],[-79.850355,43.69161]]]},"properties":{"MedianStopDurationMin":32.4,"StopCount":1}},{"type":"Feature","geometry":{"type":"Polygon","coordinates":[[[-79.744614,43.69161],[-79.738394,43.69161],[-79.738394,43.696101],[-79.744614,43.696101],[-79.744614,43.69161]]]},"properties":{"MedianStopDurationMin":182.2,"StopCount":3}},{"type":"Feature","geometry":{"type":"Polygon","coordinates":[[[-79.738394,43.69161],[-79.732174,43.69161],[-79.732174,43.696101],[-79.738394,43.696101],[-79.738394,43.69161]]]},"properties":{"MedianStopDurationMin":57.7,"StopCount":15}},{"type":"Feature","geometry":{"type":"Polygon","coordinates":[[[-79.719734,43.69161],[-79.713514,43.69161],[-79.713514,43.696101],[-79.719734,43.696101],[-79.719734,43.69161]]]},"properties":{"MedianStopDurationMin":73.0,"StopCount":1}},{"type":"Feature","geometry":{"type":"Polygon","coordinates":[[[-79.701073,43.69161],[-79.694853,43.69161],[-79.694853,43.696101],[-79.701073,43.696101],[-79.701073,43.69161]]]},"properties":{"MedianStopDurationMin":41.0,"StopCount":12}},{"type":"Feature","geometry":{"type":"Polygon","coordinates":[[[-79.682413,43.69161],[-79.676193,43.69161],[-79.676193,43.696101],[-79.682413,43.696101],[-79.682413,43.69161]]]},"properties":{"MedianStopDurationMin":44.4,"StopCount":1}},{"type":"Feature","geometry":{"type":"Polygon","coordinates":[[[-79.676193,43.69161],[-79.669973,43.69161],[-79.669973,43.696101],[-79.676193,43.696101],[-79.676193,43.69161]]]},"properties":{"MedianStopDurationMin":71.1,"StopCount":1}},{"type":"Feature","geometry":{"type":"Polygon","coordinates":[[[-79.657533,43.69161],[-79.651313,43.69161],[-79.651313,43.696101],[-79.657533,43.696101],[-79.657533,43.69161]]]},"properties":{"MedianStopDurationMin":34.8,"StopCount":1}},{"type":"Feature","geometry":{"type":"Polygon","coordinates":[[[-79.620212,43.69161],[-79.613992,43.69161],[-79.613992,43.696101],[-79.620212,43.696101],[-79.620212,43.69161]]]},"properties":{"MedianStopDurationMin":90.8,"StopCount":1}},{"type":"Feature","geometry":{"type":"Polygon","coordinates":[[[-79.558011,43.69161],[-79.551791,43.69161],[-79.551791,43.696101],[-79.558011,43.696101],[-79.558011,43.69161]]]},"properties":{"MedianStopDurationMin":107.5,"StopCount":1}},{"type":"Feature","geometry":{"type":"Polygon","coordinates":[[[-79.45227,43.69161],[-79.44605,43.69161],[-79.44605,43.696101],[-79.45227,43.696101],[-79.45227,43.69161]]]},"properties":{"MedianStopDurationMin":99.2,"StopCount":3}},{"type":"Feature","geometry":{"type":"Polygon","coordinates":[[[-79.850355,43.696101],[-79.844135,43.696101],[-79.844135,43.700593],[-79.850355,43.700593],[-79.850355,43.696101]]]},"properties":{"MedianStopDurationMin":67.2,"StopCount":2}},{"type":"Feature","geometry":{"type":"Polygon","coordinates":[[[-79.825475,43.696101],[-79.819255,43.696101],[-79.819255,43.700593],[-79.825475,43.700593],[-79.825475,43.696101]]]},"properties":{"MedianStopDurationMin":68.6,"StopCount":1}},{"type":"Feature","geometry":{"type":"Polygon","coordinates":[[[-79.775714,43.696101],[-79.769494,43.696101],[-79.769494,43.700593],[-79.775714,43.700593],[-79.775714,43.696101]]]},"properties":{"MedianStopDurationMin":135.2,"StopCount":4}},{"type":"Feature","geometry":{"type":"Polygon","coordinates":[[[-79.732174,43.696101],[-79.725954,43.696101],[-79.725954,43.700593],[-79.732174,43.700593],[-79.732174,43.696101]]]},"properties":{"MedianStopDurationMin":61.7,"StopCount":2}},{"type":"Feature","geometry":{"type":"Polygon","coordinates":[[[-79.682413,43.696101],[-79.676193,43.696101],[-79.676193,43.700593],[-79.682413,43.700593],[-79.682413,43.696101]]]},"properties":{"MedianStopDurationMin":118.0,"StopCount":1}},{"type":"Feature","geometry":{"type":"Polygon","coordinates":[[[-79.676193,43.696101],[-79.669973,43.696101],[-79.669973,43.700593],[-79.676193,43.700593],[-79.676193,43.696101]]]},"properties":{"MedianStopDurationMin":64.2,"StopCount":4}},{"type":"Feature","geometry":{"type":"Polygon","coordinates":[[[-79.669973,43.696101],[-79.663753,43.696101],[-79.663753,43.700593],[-79.669973,43.700593],[-79.669973,43.696101]]]},"properties":{"MedianStopDurationMin":66.4,"StopCount":1}},{"type":"Feature","geometry":{"type":"Polygon","coordinates":[[[-79.663753,43.696101],[-79.657533,43.696101],[-79.657533,43.700593],[-79.663753,43.700593],[-79.663753,43.696101]]]},"properties":{"MedianStopDurationMin":38.6,"StopCount":2}},{"type":"Feature","geometry":{"type":"Polygon","coordinates":[[[-79.626432,43.696101],[-79.620212,43.696101],[-79.620212,43.700593],[-79.626432,43.700593],[-79.626432,43.696101]]]},"properties":{"MedianStopDurationMin":51.6,"StopCount":1}},{"type":"Feature","geometry":{"type":"Polygon","coordinates":[[[-79.620212,43.696101],[-79.613992,43.696101],[-79.613992,43.700593],[-79.620212,43.700593],[-79.620212,43.696101]]]},"properties":{"MedianStopDurationMin":36.4,"StopCount":3}},{"type":"Feature","geometry":{"type":"Polygon","coordinates":[[[-79.545571,43.696101],[-79.539351,43.696101],[-79.539351,43.700593],[-79.545571,43.700593],[-79.545571,43.696101]]]},"properties":{"MedianStopDurationMin":40.4,"StopCount":1}},{"type":"Feature","geometry":{"type":"Polygon","coordinates":[[[-79.47715,43.696101],[-79.47093,43.696101],[-79.47093,43.700593],[-79.47715,43.700593],[-79.47715,43.696101]]]},"properties":{"MedianStopDurationMin":131.4,"StopCount":4}},{"type":"Feature","geometry":{"type":"Polygon","coordinates":[[[-79.788155,43.700593],[-79.781934,43.700593],[-79.781934,43.705084],[-79.788155,43.705084],[-79.788155,43.700593]]]},"properties":{"MedianStopDurationMin":50.5,"StopCount":6}},{"type":"Feature","geometry":{"type":"Polygon","coordinates":[[[-79.763274,43.700593],[-79.757054,43.700593],[-79.757054,43.705084],[-79.763274,43.705084],[-79.763274,43.700593]]]},"properties":{"MedianStopDurationMin":87.7,"StopCount":1}},{"type":"Feature","geometry":{"type":"Polygon","coordinates":[[[-79.744614,43.700593],[-79.738394,43.700593],[-79.738394,43.705084],[-79.744614,43.705084],[-79.744614,43.700593]]]},"properties":{"MedianStopDurationMin":90.3,"StopCount":21}},{"type":"Feature","geometry":{"type":"Polygon","coordinates":[[[-79.713514,43.700593],[-79.707293,43.700593],[-79.707293,43.705084],[-79.713514,43.705084],[-79.713514,43.700593]]]},"properties":{"MedianStopDurationMin":100.8,"StopCount":14}},{"type":"Feature","geometry":{"type":"Polygon","coordinates":[[[-79.694853,43.700593],[-79.688633,43.700593],[-79.688633,43.705084],[-79.694853,43.705084],[-79.694853,43.700593]]]},"properties":{"MedianStopDurationMin":53.2,"StopCount":1}},{"type":"Feature","geometry":{"type":"Polygon","coordinates":[[[-79.676193,43.700593],[-79.669973,43.700593],[-79.669973,43.705084],[-79.676193,43.705084],[-79.676193,43.700593]]]},"properties":{"MedianStopDurationMin":38.7,"StopCount":9}},{"type":"Feature","geometry":{"type":"Polygon","coordinates":[[[-79.638873,43.700593],[-79.632652,43.700593],[-79.632652,43.705084],[-79.638873,43.705084],[-79.638873,43.700593]]]},"properties":{"MedianStopDurationMin":41.0,"StopCount":2}},{"type":"Feature","geometry":{"type":"Polygon","coordinates":[[[-79.626432,43.700593],[-79.620212,43.700593],[-79.620212,43.705084],[-79.626432,43.705084],[-79.626432,43.700593]]]},"properties":{"MedianStopDurationMin":97.8,"StopCount":15}},{"type":"Feature","geometry":{"type":"Polygon","coordinates":[[[-79.601552,43.700593],[-79.595332,43.700593],[-79.595332,43.705084],[-79.601552,43.705084],[-79.601552,43.700593]]]},"properties":{"MedianStopDurationMin":55.7,"StopCount":6}},{"type":"Feature","geometry":{"type":"Polygon","coordinates":[[[-79.576672,43.700593],[-79.570452,43.700593],[-79.570452,43.705084],[-79.576672,43.705084],[-79.576672,43.700593]]]},"properties":{"MedianStopDurationMin":30.1,"StopCount":1}},{"type":"Feature","geometry":{"type":"Polygon","coordinates":[[[-79.520691,43.700593],[-79.514471,43.700593],[-79.514471,43.705084],[-79.520691,43.705084],[-79.520691,43.700593]]]},"properties":{"MedianStopDurationMin":68.3,"StopCount":3}},{"type":"Feature","geometry":{"type":"Polygon","coordinates":[[[-79.45849,43.700593],[-79.45227,43.700593],[-79.45227,43.705084],[-79.45849,43.705084],[-79.45849,43.700593]]]},"properties":{"MedianStopDurationMin":161.4,"StopCount":3}},{"type":"Feature","geometry":{"type":"Polygon","coordinates":[[[-79.414949,43.700593],[-79.408729,43.700593],[-79.408729,43.705084],[-79.414949,43.705084],[-79.414949,43.700593]]]},"properties":{"MedianStopDurationMin":42.1,"StopCount":4}},{"type":"Feature","geometry":{"type":"Polygon","coordinates":[[[-79.800595,43.705084],[-79.794375,43.705084],[-79.794375,43.709576],[-79.800595,43.709576],[-79.800595,43.705084]]]},"properties":{"MedianStopDurationMin":48.5,"StopCount":4}},{"type":"Feature","geometry":{"type":"Polygon","coordinates":[[[-79.794375,43.705084],[-79.788155,43.705084],[-79.788155,43.709576],[-79.794375,43.709576],[-79.794375,43.705084]]]},"properties":{"MedianStopDurationMin":47.6,"StopCount":2}},{"type":"Feature","geometry":{"type":"Polygon","coordinates":[[[-79.744614,43.705084],[-79.738394,43.705084],[-79.738394,43.709576],[-79.744614,43.709576],[-79.744614,43.705084]]]},"properties":{"MedianStopDurationMin":31.7,"StopCount":1}},{"type":"Feature","geometry":{"type":"Polygon","coordinates":[[[-79.738394,43.705084],[-79.732174,43.705084],[-79.732174,43.709576],[-79.738394,43.709576],[-79.738394,43.705084]]]},"properties":{"MedianStopDurationMin":73.3,"StopCount":14}},{"type":"Feature","geometry":{"type":"Polygon","coordinates":[[[-79.676193,43.705084],[-79.669973,43.705084],[-79.669973,43.709576],[-79.676193,43.709576],[-79.676193,43.705084]]]},"properties":{"MedianStopDurationMin":44.1,"StopCount":1}},{"type":"Feature","geometry":{"type":"Polygon","coordinates":[[[-79.669973,43.705084],[-79.663753,43.705084],[-79.663753,43.709576],[-79.669973,43.709576],[-79.669973,43.705084]]]},"properties":{"MedianStopDurationMin":92.2,"StopCount":1}},{"type":"Feature","geometry":{"type":"Polygon","coordinates":[[[-79.576672,43.705084],[-79.570452,43.705084],[-79.570452,43.709576],[-79.576672,43.709576],[-79.576672,43.705084]]]},"properties":{"MedianStopDurationMin":31.7,"StopCount":3}},{"type":"Feature","geometry":{"type":"Polygon","coordinates":[[[-79.570452,43.705084],[-79.564231,43.705084],[-79.564231,43.709576],[-79.570452,43.709576],[-79.570452,43.705084]]]},"properties":{"MedianStopDurationMin":43.8,"StopCount":12}},{"type":"Feature","geometry":{"type":"Polygon","coordinates":[[[-79.47715,43.705084],[-79.47093,43.705084],[-79.47093,43.709576],[-79.47715,43.709576],[-79.47715,43.705084]]]},"properties":{"MedianStopDurationMin":36.5,"StopCount":5}},{"type":"Feature","geometry":{"type":"Polygon","coordinates":[[[-79.402509,43.705084],[-79.396289,43.705084],[-79.396289,43.709576],[-79.402509,43.709576],[-79.402509,43.705084]]]},"properties":{"MedianStopDurationMin":60.9,"StopCount":15}},{"type":"Feature","geometry":{"type":"Polygon","coordinates":[[[-79.806815,43.709576],[-79.800595,43.709576],[-79.800595,43.714068],[-79.806815,43.714068],[-79.806815,43.709576]]]},"properties":{"MedianStopDurationMin":83.7,"StopCount":3}},{"type":"Feature","geometry":{"type":"Polygon","coordinates":[[[-79.688633,43.709576],[-79.682413,43.709576],[-79.682413,43.714068],[-79.688633,43.714068],[-79.688633,43.709576]]]},"properties":{"MedianStopDurationMin":36.0,"StopCount":1}},{"type":"Feature","geometry":{"type":"Polygon","coordinates":[[[-79.682413,43.709576],[-79.676193,43.709576],[-79.676193,43.714068],[-79.682413,43.714068],[-79.682413,43.709576]]]},"properties":{"MedianStopDurationMin":39.1,"StopCount":42}},{"type":"Feature","geometry":{"type":"Polygon","coordinates":[[[-79.676193,43.709576],[-79.669973,43.709576],[-79.669973,43.714068],[-79.676193,43.714068],[-79.676193,43.709576]]]},"properties":{"MedianStopDurationMin":42.4,"StopCount":6}},{"type":"Feature","geometry":{"type":"Polygon","coordinates":[[[-79.669973,43.709576],[-79.663753,43.709576],[-79.663753,43.714068],[-79.669973,43.714068],[-79.669973,43.709576]]]},"properties":{"MedianStopDurationMin":48.0,"StopCount":29}},{"type":"Feature","geometry":{"type":"Polygon","coordinates":[[[-79.657533,43.709576],[-79.651313,43.709576],[-79.651313,43.714068],[-79.657533,43.714068],[-79.657533,43.709576]]]},"properties":{"MedianStopDurationMin":34.9,"StopCount":2}},{"type":"Feature","geometry":{"type":"Polygon","coordinates":[[[-79.632652,43.709576],[-79.626432,43.709576],[-79.626432,43.714068],[-79.632652,43.714068],[-79.632652,43.709576]]]},"properties":{"MedianStopDurationMin":106.5,"StopCount":5}},{"type":"Feature","geometry":{"type":"Polygon","coordinates":[[[-79.582892,43.709576],[-79.576672,43.709576],[-79.576672,43.714068],[-79.582892,43.714068],[-79.582892,43.709576]]]},"properties":{"MedianStopDurationMin":55.4,"StopCount":3}},{"type":"Feature","geometry":{"type":"Polygon","coordinates":[[[-79.576672,43.709576],[-79.570452,43.709576],[-79.570452,43.714068],[-79.576672,43.714068],[-79.576672,43.709576]]]},"properties":{"MedianStopDurationMin":99.0,"StopCount":1}},{"type":"Feature","geometry":{"type":"Polygon","coordinates":[[[-79.558011,43.709576],[-79.551791,43.709576],[-79.551791,43.714068],[-79.558011,43.714068],[-79.558011,43.709576]]]},"properties":{"MedianStopDurationMin":124.6,"StopCount":1}},{"type":"Feature","geometry":{"type":"Polygon","coordinates":[[[-79.539351,43.709576],[-79.533131,43.709576],[-79.533131,43.714068],[-79.539351,43.714068],[-79.539351,43.709576]]]},"properties":{"MedianStopDurationMin":216.8,"StopCount":12}},{"type":"Feature","geometry":{"type":"Polygon","coordinates":[[[-79.533131,43.709576],[-79.526911,43.709576],[-79.526911,43.714068],[-79.533131,43.714068],[-79.533131,43.709576]]]},"properties":{"MedianStopDurationMin":40.7,"StopCount":1}},{"type":"Feature","geometry":{"type":"Polygon","coordinates":[[[-79.377629,43.709576],[-79.371409,43.709576],[-79.371409,43.714068],[-79.377629,43.714068],[-79.377629,43.709576]]]},"properties":{"MedianStopDurationMin":35.8,"StopCount":3}},{"type":"Feature","geometry":{"type":"Polygon","coordinates":[[[-79.296768,43.709576],[-79.290548,43.709576],[-79.290548,43.714068],[-79.296768,43.714068],[-79.296768,43.709576]]]},"properties":{"MedianStopDurationMin":171.2,"StopCount":17}},{"type":"Feature","geometry":{"type":"Polygon","coordinates":[[[-79.725954,43.714068],[-79.719734,43.714068],[-79.719734,43.718559],[-79.725954,43.718559],[-79.725954,43.714068]]]},"properties":{"MedianStopDurationMin":38.5,"StopCount":1}},{"type":"Feature","geometry":{"type":"Polygon","coordinates":[[[-79.669973,43.714068],[-79.663753,43.714068],[-79.663753,43.718559],[-79.669973,43.718559],[-79.669973,43.714068]]]},"properties":{"MedianStopDurationMin":87.1,"StopCount":2}},{"type":"Feature","geometry":{"type":"Polygon","coordinates":[[[-79.663753,43.714068],[-79.657533,43.714068],[-79.657533,43.718559],[-79.663753,43.718559],[-79.663753,43.714068]]]},"properties":{"MedianStopDurationMin":43.2,"StopCount":4}},{"type":"Feature","geometry":{"type":"Polygon","coordinates":[[[-79.632652,43.714068],[-79.626432,43.714068],[-79.626432,43.718559],[-79.632652,43.718559],[-79.632652,43.714068]]]},"properties":{"MedianStopDurationMin":43.7,"StopCount":1}},{"type":"Feature","geometry":{"type":"Polygon","coordinates":[[[-79.570452,43.714068],[-79.564231,43.714068],[-79.564231,43.718559],[-79.570452,43.718559],[-79.570452,43.714068]]]},"properties":{"MedianStopDurationMin":163.6,"StopCount":7}},{"type":"Feature","geometry":{"type":"Polygon","coordinates":[[[-79.514471,43.714068],[-79.508251,43.714068],[-79.508251,43.718559],[-79.514471,43.718559],[-79.514471,43.714068]]]},"properties":{"MedianStopDurationMin":235.3,"StopCount":1}},{"type":"Feature","geometry":{"type":"Polygon","coordinates":[[[-79.508251,43.714068],[-79.502031,43.714068],[-79.502031,43.718559],[-79.508251,43.718559],[-79.508251,43.714068]]]},"properties":{"MedianStopDurationMin":176.9,"StopCount":22}},{"type":"Feature","geometry":{"type":"Polygon","coordinates":[[[-79.334088,43.714068],[-79.327868,43.714068],[-79.327868,43.718559],[-79.334088,43.718559],[-79.334088,43.714068]]]},"properties":{"MedianStopDurationMin":169.6,"StopCount":9}},{"type":"Feature","geometry":{"type":"Polygon","coordinates":[[[-79.769494,43.718559],[-79.763274,43.718559],[-79.763274,43.723051],[-79.769494,43.723051],[-79.769494,43.718559]]]},"properties":{"MedianStopDurationMin":94.7,"StopCount":1}},{"type":"Feature","geometry":{"type":"Polygon","coordinates":[[[-79.682413,43.718559],[-79.676193,43.718559],[-79.676193,43.723051],[-79.682413,43.723051],[-79.682413,43.718559]]]},"properties":{"MedianStopDurationMin":47.7,"StopCount":6}},{"type":"Feature","geometry":{"type":"Polygon","coordinates":[[[-79.669973,43.718559],[-79.663753,43.718559],[-79.663753,43.723051],[-79.669973,43.723051],[-79.669973,43.718559]]]},"properties":{"MedianStopDurationMin":30.9,"StopCount":1}},{"type":"Feature","geometry":{"type":"Polygon","coordinates":[[[-79.526911,43.718559],[-79.520691,43.718559],[-79.520691,43.723051],[-79.526911,43.723051],[-79.526911,43.718559]]]},"properties":{"MedianStopDurationMin":81.3,"StopCount":3}},{"type":"Feature","geometry":{"type":"Polygon","coordinates":[[[-79.321648,43.718559],[-79.315428,43.718559],[-79.315428,43.723051],[-79.321648,43.723051],[-79.321648,43.718559]]]},"properties":{"MedianStopDurationMin":189.5,"StopCount":14}},{"type":"Feature","geometry":{"type":"Polygon","coordinates":[[[-79.800595,43.723051],[-79.794375,43.723051],[-79.794375,43.727542],[-79.800595,43.727542],[-79.800595,43.723051]]]},"properties":{"MedianStopDurationMin":132.5,"StopCount":7}},{"type":"Feature","geometry":{"type":"Polygon","coordinates":[[[-79.694853,43.723051],[-79.688633,43.723051],[-79.688633,43.727542],[-79.694853,43.727542],[-79.694853,43.723051]]]},"properties":{"MedianStopDurationMin":32.8,"StopCount":1}},{"type":"Feature","geometry":{"type":"Polygon","coordinates":[[[-79.533131,43.723051],[-79.526911,43.723051],[-79.526911,43.727542],[-79.533131,43.727542],[-79.533131,43.723051]]]},"properties":{"MedianStopDurationMin":44.8,"StopCount":5}},{"type":"Feature","geometry":{"type":"Polygon","coordinates":[[[-79.48337,43.723051],[-79.47715,43.723051],[-79.47715,43.727542],[-79.48337,43.727542],[-79.48337,43.723051]]]},"properties":{"MedianStopDurationMin":59.6,"StopCount":4}},{"type":"Feature","geometry":{"type":"Polygon","coordinates":[[[-79.334088,43.723051],[-79.327868,43.723051],[-79.327868,43.727542],[-79.334088,43.727542],[-79.334088,43.723051]]]},"properties":{"MedianStopDurationMin":86.0,"StopCount":2}},{"type":"Feature","geometry":{"type":"Polygon","coordinates":[[[-79.321648,43.723051],[-79.315428,43.723051],[-79.315428,43.727542],[-79.321648,43.727542],[-79.321648,43.723051]]]},"properties":{"MedianStopDurationMin":928.8,"StopCount":33}},{"type":"Feature","geometry":{"type":"Polygon","coordinates":[[[-79.253227,43.723051],[-79.247007,43.723051],[-79.247007,43.727542],[-79.253227,43.727542],[-79.253227,43.723051]]]},"properties":{"MedianStopDurationMin":161.0,"StopCount":15}},{"type":"Feature","geometry":{"type":"Polygon","coordinates":[[[-79.825475,43.727542],[-79.819255,43.727542],[-79.819255,43.732034],[-79.825475,43.732034],[-79.825475,43.727542]]]},"properties":{"MedianStopDurationMin":109.8,"StopCount":5}},{"type":"Feature","geometry":{"type":"Polygon","coordinates":[[[-79.763274,43.727542],[-79.757054,43.727542],[-79.757054,43.732034],[-79.763274,43.732034],[-79.763274,43.727542]]]},"properties":{"MedianStopDurationMin":93.5,"StopCount":9}},{"type":"Feature","geometry":{"type":"Polygon","coordinates":[[[-79.701073,43.727542],[-79.694853,43.727542],[-79.694853,43.732034],[-79.701073,43.732034],[-79.701073,43.727542]]]},"properties":{"MedianStopDurationMin":66.7,"StopCount":2}},{"type":"Feature","geometry":{"type":"Polygon","coordinates":[[[-79.694853,43.727542],[-79.688633,43.727542],[-79.688633,43.732034],[-79.694853,43.732034],[-79.694853,43.727542]]]},"properties":{"MedianStopDurationMin":50.1,"StopCount":487}},{"type":"Feature","geometry":{"type":"Polygon","coordinates":[[[-79.682413,43.727542],[-79.676193,43.727542],[-79.676193,43.732034],[-79.682413,43.732034],[-79.682413,43.727542]]]},"properties":{"MedianStopDurationMin":46.0,"StopCount":15}},{"type":"Feature","geometry":{"type":"Polygon","coordinates":[[[-79.533131,43.727542],[-79.526911,43.727542],[-79.526911,43.732034],[-79.533131,43.732034],[-79.533131,43.727542]]]},"properties":{"MedianStopDurationMin":52.6,"StopCount":1}},{"type":"Feature","geometry":{"type":"Polygon","coordinates":[[[-79.296768,43.727542],[-79.290548,43.727542],[-79.290548,43.732034],[-79.296768,43.732034],[-79.296768,43.727542]]]},"properties":{"MedianStopDurationMin":82.0,"StopCount":8}},{"type":"Feature","geometry":{"type":"Polygon","coordinates":[[[-79.290548,43.727542],[-79.284328,43.727542],[-79.284328,43.732034],[-79.290548,43.732034],[-79.290548,43.727542]]]},"properties":{"MedianStopDurationMin":128.2,"StopCount":19}},{"type":"Feature","geometry":{"type":"Polygon","coordinates":[[[-79.682413,43.732034],[-79.676193,43.732034],[-79.676193,43.736525],[-79.682413,43.736525],[-79.682413,43.732034]]]},"properties":{"MedianStopDurationMin":57.8,"StopCount":25}},{"type":"Feature","geometry":{"type":"Polygon","coordinates":[[[-79.676193,43.732034],[-79.669973,43.732034],[-79.669973,43.736525],[-79.676193,43.736525],[-79.676193,43.732034]]]},"properties":{"MedianStopDurationMin":40.6,"StopCount":28}},{"type":"Feature","geometry":{"type":"Polygon","coordinates":[[[-79.657533,43.732034],[-79.651313,43.732034],[-79.651313,43.736525],[-79.657533,43.736525],[-79.657533,43.732034]]]},"properties":{"MedianStopDurationMin":30.8,"StopCount":1}},{"type":"Feature","geometry":{"type":"Polygon","coordinates":[[[-79.421169,43.732034],[-79.414949,43.732034],[-79.414949,43.736525],[-79.421169,43.736525],[-79.421169,43.732034]]]},"properties":{"MedianStopDurationMin":119.0,"StopCount":9}},{"type":"Feature","geometry":{"type":"Polygon","coordinates":[[[-79.408729,43.732034],[-79.402509,43.732034],[-79.402509,43.736525],[-79.408729,43.736525],[-79.408729,43.732034]]]},"properties":{"MedianStopDurationMin":103.2,"StopCount":5}},{"type":"Feature","geometry":{"type":"Polygon","coordinates":[[[-79.346528,43.732034],[-79.340308,43.732034],[-79.340308,43.736525],[-79.346528,43.736525],[-79.346528,43.732034]]]},"properties":{"MedianStopDurationMin":62.6,"StopCount":1}},{"type":"Feature","geometry":{"type":"Polygon","coordinates":[[[-79.707293,43.736525],[-79.701073,43.736525],[-79.701073,43.741017],[-79.707293,43.741017],[-79.707293,43.736525]]]},"properties":{"MedianStopDurationMin":148.1,"StopCount":6}},{"type":"Feature","geometry":{"type":"Polygon","coordinates":[[[-79.701073,43.736525],[-79.694853,43.736525],[-79.694853,43.741017],[-79.701073,43.741017],[-79.701073,43.736525]]]},"properties":{"MedianStopDurationMin":38.6,"StopCount":6}},{"type":"Feature","geometry":{"type":"Polygon","coordinates":[[[-79.694853,43.736525],[-79.688633,43.736525],[-79.688633,43.741017],[-79.694853,43.741017],[-79.694853,43.736525]]]},"properties":{"MedianStopDurationMin":39.3,"StopCount":5}},{"type":"Feature","geometry":{"type":"Polygon","coordinates":[[[-79.688633,43.736525],[-79.682413,43.736525],[-79.682413,43.741017],[-79.688633,43.741017],[-79.688633,43.736525]]]},"properties":{"MedianStopDurationMin":46.0,"StopCount":62}},{"type":"Feature","geometry":{"type":"Polygon","coordinates":[[[-79.682413,43.736525],[-79.676193,43.736525],[-79.676193,43.741017],[-79.682413,43.741017],[-79.682413,43.736525]]]},"properties":{"MedianStopDurationMin":46.3,"StopCount":72}},{"type":"Feature","geometry":{"type":"Polygon","coordinates":[[[-79.676193,43.736525],[-79.669973,43.736525],[-79.669973,43.741017],[-79.676193,43.741017],[-79.676193,43.736525]]]},"properties":{"MedianStopDurationMin":67.9,"StopCount":4}},{"type":"Feature","geometry":{"type":"Polygon","coordinates":[[[-79.663753,43.736525],[-79.657533,43.736525],[-79.657533,43.741017],[-79.663753,43.741017],[-79.663753,43.736525]]]},"properties":{"MedianStopDurationMin":96.9,"StopCount":14}},{"type":"Feature","geometry":{"type":"Polygon","coordinates":[[[-79.657533,43.736525],[-79.651313,43.736525],[-79.651313,43.741017],[-79.657533,43.741017],[-79.657533,43.736525]]]},"properties":{"MedianStopDurationMin":79.2,"StopCount":1}},{"type":"Feature","geometry":{"type":"Polygon","coordinates":[[[-79.651313,43.736525],[-79.645093,43.736525],[-79.645093,43.741017],[-79.651313,43.741017],[-79.651313,43.736525]]]},"properties":{"MedianStopDurationMin":51.4,"StopCount":1}},{"type":"Feature","geometry":{"type":"Polygon","coordinates":[[[-79.607772,43.736525],[-79.601552,43.736525],[-79.601552,43.741017],[-79.607772,43.741017],[-79.607772,43.736525]]]},"properties":{"MedianStopDurationMin":121.5,"StopCount":3}},{"type":"Feature","geometry":{"type":"Polygon","coordinates":[[[-79.346528,43.736525],[-79.340308,43.736525],[-79.340308,43.741017],[-79.346528,43.741017],[-79.346528,43.736525]]]},"properties":{"MedianStopDurationMin":71.6,"StopCount":1}},{"type":"Feature","geometry":{"type":"Polygon","coordinates":[[[-79.240787,43.736525],[-79.234567,43.736525],[-79.234567,43.741017],[-79.240787,43.741017],[-79.240787,43.736525]]]},"properties":{"MedianStopDurationMin":184.0,"StopCount":17}},{"type":"Feature","geometry":{"type":"Polygon","coordinates":[[[-79.713514,43.741017],[-79.707293,43.741017],[-79.707293,43.745508],[-79.713514,43.745508],[-79.713514,43.741017]]]},"properties":{"MedianStopDurationMin":581.9,"StopCount":28}},{"type":"Feature","geometry":{"type":"Polygon","coordinates":[[[-79.707293,43.741017],[-79.701073,43.741017],[-79.701073,43.745508],[-79.707293,43.745508],[-79.707293,43.741017]]]},"properties":{"MedianStopDurationMin":90.2,"StopCount":22}},{"type":"Feature","geometry":{"type":"Polygon","coordinates":[[[-79.701073,43.741017],[-79.694853,43.741017],[-79.694853,43.745508],[-79.701073,43.745508],[-79.701073,43.741017]]]},"properties":{"MedianStopDurationMin":37.5,"StopCount":2}},{"type":"Feature","geometry":{"type":"Polygon","coordinates":[[[-79.694853,43.741017],[-79.688633,43.741017],[-79.688633,43.745508],[-79.694853,43.745508],[-79.694853,43.741017]]]},"properties":{"MedianStopDurationMin":47.3,"StopCount":5}},{"type":"Feature","geometry":{"type":"Polygon","coordinates":[[[-79.688633,43.741017],[-79.682413,43.741017],[-79.682413,43.745508],[-79.688633,43.745508],[-79.688633,43.741017]]]},"properties":{"MedianStopDurationMin":55.5,"StopCount":75}},{"type":"Feature","geometry":{"type":"Polygon","coordinates":[[[-79.669973,43.741017],[-79.663753,43.741017],[-79.663753,43.745508],[-79.669973,43.745508],[-79.669973,43.741017]]]},"properties":{"MedianStopDurationMin":39.9,"StopCount":2}},{"type":"Feature","geometry":{"type":"Polygon","coordinates":[[[-79.626432,43.741017],[-79.620212,43.741017],[-79.620212,43.745508],[-79.626432,43.745508],[-79.626432,43.741017]]]},"properties":{"MedianStopDurationMin":66.0,"StopCount":15}},{"type":"Feature","geometry":{"type":"Polygon","coordinates":[[[-79.620212,43.741017],[-79.613992,43.741017],[-79.613992,43.745508],[-79.620212,43.745508],[-79.620212,43.741017]]]},"properties":{"MedianStopDurationMin":35.6,"StopCount":1}},{"type":"Feature","geometry":{"type":"Polygon","coordinates":[[[-79.228347,43.741017],[-79.222127,43.741017],[-79.222127,43.745508],[-79.228347,43.745508],[-79.228347,43.741017]]]},"properties":{"MedianStopDurationMin":49.3,"StopCount":30}},{"type":"Feature","geometry":{"type":"Polygon","coordinates":[[[-79.744614,43.745508],[-79.738394,43.745508],[-79.738394,43.75],[-79.744614,43.75],[-79.744614,43.745508]]]},"properties":{"MedianStopDurationMin":59.8,"StopCount":2}},{"type":"Feature","geometry":{"type":"Polygon","coordinates":[[[-79.707293,43.745508],[-79.701073,43.745508],[-79.701073,43.75],[-79.707293,43.75],[-79.707293,43.745508]]]},"properties":{"MedianStopDurationMin":72.7,"StopCount":4}},{"type":"Feature","geometry":{"type":"Polygon","coordinates":[[[-79.701073,43.745508],[-79.694853,43.745508],[-79.694853,43.75],[-79.701073,43.75],[-79.701073,43.745508]]]},"properties":{"MedianStopDurationMin":31.5,"StopCount":1}},{"type":"Feature","geometry":{"type":"Polygon","coordinates":[[[-79.626432,43.745508],[-79.620212,43.745508],[-79.620212,43.75],[-79.626432,43.75],[-79.626432,43.745508]]]},"properties":{"MedianStopDurationMin":74.4,"StopCount":20}},{"type":"Feature","geometry":{"type":"Polygon","coordinates":[[[-79.620212,43.745508],[-79.613992,43.745508],[-79.613992,43.75],[-79.620212,43.75],[-79.620212,43.745508]]]},"properties":{"MedianStopDurationMin":52.3,"StopCount":19}},{"type":"Feature","geometry":{"type":"Polygon","coordinates":[[[-79.526911,43.745508],[-79.520691,43.745508],[-79.520691,43.75],[-79.526911,43.75],[-79.526911,43.745508]]]},"properties":{"MedianStopDurationMin":38.3,"StopCount":2}},{"type":"Feature","geometry":{"type":"Polygon","coordinates":[[[-79.819255,43.75],[-79.813035,43.75],[-79.813035,43.754492],[-79.819255,43.754492],[-79.819255,43.75]]]},"properties":{"MedianStopDurationMin":125.3,"StopCount":5}},{"type":"Feature","geometry":{"type":"Polygon","coordinates":[[[-79.707293,43.75],[-79.701073,43.75],[-79.701073,43.754492],[-79.707293,43.754492],[-79.707293,43.75]]]},"properties":{"MedianStopDurationMin":38.2,"StopCount":1}},{"type":"Feature","geometry":{"type":"Polygon","coordinates":[[[-79.688633,43.75],[-79.682413,43.75],[-79.682413,43.754492],[-79.688633,43.754492],[-79.688633,43.75]]]},"properties":{"MedianStopDurationMin":48.7,"StopCount":4}},{"type":"Feature","geometry":{"type":"Polygon","coordinates":[[[-79.682413,43.75],[-79.676193,43.75],[-79.676193,43.754492],[-79.682413,43.754492],[-79.682413,43.75]]]},"properties":{"MedianStopDurationMin":115.7,"StopCount":1327}},{"type":"Feature","geometry":{"type":"Polygon","coordinates":[[[-79.545571,43.75],[-79.539351,43.75],[-79.539351,43.754492],[-79.545571,43.754492],[-79.545571,43.75]]]},"properties":{"MedianStopDurationMin":131.9,"StopCount":4}},{"type":"Feature","geometry":{"type":"Polygon","coordinates":[[[-79.365189,43.75],[-79.358969,43.75],[-79.358969,43.754492],[-79.365189,43.754492],[-79.365189,43.75]]]},"properties":{"MedianStopDurationMin":57.7,"StopCount":1}},{"type":"Feature","geometry":{"type":"Polygon","coordinates":[[[-79.358969,43.75],[-79.352749,43.75],[-79.352749,43.754492],[-79.358969,43.754492],[-79.358969,43.75]]]},"properties":{"MedianStopDurationMin":148.9,"StopCount":6}},{"type":"Feature","geometry":{"type":"Polygon","coordinates":[[[-79.265667,43.75],[-79.259447,43.75],[-79.259447,43.754492],[-79.265667,43.754492],[-79.265667,43.75]]]},"properties":{"MedianStopDurationMin":129.4,"StopCount":14}},{"type":"Feature","geometry":{"type":"Polygon","coordinates":[[[-79.757054,43.754492],[-79.750834,43.754492],[-79.750834,43.758983],[-79.757054,43.758983],[-79.757054,43.754492]]]},"properties":{"MedianStopDurationMin":140.3,"StopCount":1}},{"type":"Feature","geometry":{"type":"Polygon","coordinates":[[[-79.732174,43.754492],[-79.725954,43.754492],[-79.725954,43.758983],[-79.732174,43.758983],[-79.732174,43.754492]]]},"properties":{"MedianStopDurationMin":120.3,"StopCount":4}},{"type":"Feature","geometry":{"type":"Polygon","coordinates":[[[-79.713514,43.754492],[-79.707293,43.754492],[-79.707293,43.758983],[-79.713514,43.758983],[-79.713514,43.754492]]]},"properties":{"MedianStopDurationMin":59.4,"StopCount":1}},{"type":"Feature","geometry":{"type":"Polygon","coordinates":[[[-79.701073,43.754492],[-79.694853,43.754492],[-79.694853,43.758983],[-79.701073,43.758983],[-79.701073,43.754492]]]},"properties":{"MedianStopDurationMin":61.8,"StopCount":1}},{"type":"Feature","geometry":{"type":"Polygon","coordinates":[[[-79.638873,43.754492],[-79.632652,43.754492],[-79.632652,43.758983],[-79.638873,43.758983],[-79.638873,43.754492]]]},"properties":{"MedianStopDurationMin":46.8,"StopCount":2}},{"type":"Feature","geometry":{"type":"Polygon","coordinates":[[[-79.514471,43.754492],[-79.508251,43.754492],[-79.508251,43.758983],[-79.514471,43.758983],[-79.514471,43.754492]]]},"properties":{"MedianStopDurationMin":150.4,"StopCount":4}},{"type":"Feature","geometry":{"type":"Polygon","coordinates":[[[-79.47093,43.754492],[-79.46471,43.754492],[-79.46471,43.758983],[-79.47093,43.758983],[-79.47093,43.754492]]]},"properties":{"MedianStopDurationMin":186.0,"StopCount":4}},{"type":"Feature","geometry":{"type":"Polygon","coordinates":[[[-79.365189,43.754492],[-79.358969,43.754492],[-79.358969,43.758983],[-79.365189,43.758983],[-79.365189,43.754492]]]},"properties":{"MedianStopDurationMin":34.8,"StopCount":1}},{"type":"Feature","geometry":{"type":"Polygon","coordinates":[[[-79.352749,43.754492],[-79.346528,43.754492],[-79.346528,43.758983],[-79.352749,43.758983],[-79.352749,43.754492]]]},"properties":{"MedianStopDurationMin":68.1,"StopCount":1}},{"type":"Feature","geometry":{"type":"Polygon","coordinates":[[[-79.315428,43.754492],[-79.309208,43.754492],[-79.309208,43.758983],[-79.315428,43.758983],[-79.315428,43.754492]]]},"properties":{"MedianStopDurationMin":160.6,"StopCount":11}},{"type":"Feature","geometry":{"type":"Polygon","coordinates":[[[-79.253227,43.754492],[-79.247007,43.754492],[-79.247007,43.758983],[-79.253227,43.758983],[-79.253227,43.754492]]]},"properties":{"MedianStopDurationMin":58.5,"StopCount":10}},{"type":"Feature","geometry":{"type":"Polygon","coordinates":[[[-79.240787,43.754492],[-79.234567,43.754492],[-79.234567,43.758983],[-79.240787,43.758983],[-79.240787,43.754492]]]},"properties":{"MedianStopDurationMin":72.8,"StopCount":2}},{"type":"Feature","geometry":{"type":"Polygon","coordinates":[[[-79.234567,43.754492],[-79.228347,43.754492],[-79.228347,43.758983],[-79.234567,43.758983],[-79.234567,43.754492]]]},"properties":{"MedianStopDurationMin":62.3,"StopCount":14}},{"type":"Feature","geometry":{"type":"Polygon","coordinates":[[[-79.800595,43.758983],[-79.794375,43.758983],[-79.794375,43.763475],[-79.800595,43.763475],[-79.800595,43.758983]]]},"properties":{"MedianStopDurationMin":41.6,"StopCount":1}},{"type":"Feature","geometry":{"type":"Polygon","coordinates":[[[-79.794375,43.758983],[-79.788155,43.758983],[-79.788155,43.763475],[-79.794375,43.763475],[-79.794375,43.758983]]]},"properties":{"MedianStopDurationMin":66.5,"StopCount":3}},{"type":"Feature","geometry":{"type":"Polygon","coordinates":[[[-79.725954,43.758983],[-79.719734,43.758983],[-79.719734,43.763475],[-79.725954,43.763475],[-79.725954,43.758983]]]},"properties":{"MedianStopDurationMin":95.7,"StopCount":4}},{"type":"Feature","geometry":{"type":"Polygon","coordinates":[[[-79.713514,43.758983],[-79.707293,43.758983],[-79.707293,43.763475],[-79.713514,43.763475],[-79.713514,43.758983]]]},"properties":{"MedianStopDurationMin":36.4,"StopCount":1}},{"type":"Feature","geometry":{"type":"Polygon","coordinates":[[[-79.707293,43.758983],[-79.701073,43.758983],[-79.701073,43.763475],[-79.707293,43.763475],[-79.707293,43.758983]]]},"properties":{"MedianStopDurationMin":41.8,"StopCount":12}},{"type":"Feature","geometry":{"type":"Polygon","coordinates":[[[-79.701073,43.758983],[-79.694853,43.758983],[-79.694853,43.763475],[-79.701073,43.763475],[-79.701073,43.758983]]]},"properties":{"MedianStopDurationMin":43.3,"StopCount":2}},{"type":"Feature","geometry":{"type":"Polygon","coordinates":[[[-79.632652,43.758983],[-79.626432,43.758983],[-79.626432,43.763475],[-79.632652,43.763475],[-79.632652,43.758983]]]},"properties":{"MedianStopDurationMin":102.9,"StopCount":10}},{"type":"Feature","geometry":{"type":"Polygon","coordinates":[[[-79.495811,43.758983],[-79.48959,43.758983],[-79.48959,43.763475],[-79.495811,43.763475],[-79.495811,43.758983]]]},"properties":{"MedianStopDurationMin":133.1,"StopCount":5}},{"type":"Feature","geometry":{"type":"Polygon","coordinates":[[[-79.414949,43.758983],[-79.408729,43.758983],[-79.408729,43.763475],[-79.414949,43.763475],[-79.414949,43.758983]]]},"properties":{"MedianStopDurationMin":101.2,"StopCount":15}},{"type":"Feature","geometry":{"type":"Polygon","coordinates":[[[-79.228347,43.758983],[-79.222127,43.758983],[-79.222127,43.763475],[-79.228347,43.763475],[-79.228347,43.758983]]]},"properties":{"MedianStopDurationMin":67.8,"StopCount":12}},{"type":"Feature","geometry":{"type":"Polygon","coordinates":[[[-79.663753,43.763475],[-79.657533,43.763475],[-79.657533,43.767966],[-79.663753,43.767966],[-79.663753,43.763475]]]},"properties":{"MedianStopDurationMin":35.6,"StopCount":1}},{"type":"Feature","geometry":{"type":"Polygon","coordinates":[[[-79.632652,43.763475],[-79.626432,43.763475],[-79.626432,43.767966],[-79.632652,43.767966],[-79.632652,43.763475]]]},"properties":{"MedianStopDurationMin":64.4,"StopCount":10}},{"type":"Feature","geometry":{"type":"Polygon","coordinates":[[[-79.626432,43.763475],[-79.620212,43.763475],[-79.620212,43.767966],[-79.626432,43.767966],[-79.626432,43.763475]]]},"properties":{"MedianStopDurationMin":32.8,"StopCount":3}},{"type":"Feature","geometry":{"type":"Polygon","coordinates":[[[-79.545571,43.763475],[-79.539351,43.763475],[-79.539351,43.767966],[-79.545571,43.767966],[-79.545571,43.763475]]]},"properties":{"MedianStopDurationMin":68.3,"StopCount":10}},{"type":"Feature","geometry":{"type":"Polygon","coordinates":[[[-79.539351,43.763475],[-79.533131,43.763475],[-79.533131,43.767966],[-79.539351,43.767966],[-79.539351,43.763475]]]},"properties":{"MedianStopDurationMin":37.9,"StopCount":2}},{"type":"Feature","geometry":{"type":"Polygon","coordinates":[[[-79.302988,43.763475],[-79.296768,43.763475],[-79.296768,43.767966],[-79.302988,43.767966],[-79.302988,43.763475]]]},"properties":{"MedianStopDurationMin":66.6,"StopCount":15}},{"type":"Feature","geometry":{"type":"Polygon","coordinates":[[[-79.278108,43.763475],[-79.271887,43.763475],[-79.271887,43.767966],[-79.278108,43.767966],[-79.278108,43.763475]]]},"properties":{"MedianStopDurationMin":55.6,"StopCount":1}},{"type":"Feature","geometry":{"type":"Polygon","coordinates":[[[-79.271887,43.763475],[-79.265667,43.763475],[-79.265667,43.767966],[-79.271887,43.767966],[-79.271887,43.763475]]]},"properties":{"MedianStopDurationMin":62.1,"StopCount":2}},{"type":"Feature","geometry":{"type":"Polygon","coordinates":[[[-79.781934,43.767966],[-79.775714,43.767966],[-79.775714,43.772458],[-79.781934,43.772458],[-79.781934,43.767966]]]},"properties":{"MedianStopDurationMin":43.8,"StopCount":3}},{"type":"Feature","geometry":{"type":"Polygon","coordinates":[[[-79.757054,43.767966],[-79.750834,43.767966],[-79.750834,43.772458],[-79.757054,43.772458],[-79.757054,43.767966]]]},"properties":{"MedianStopDurationMin":86.3,"StopCount":4}},{"type":"Feature","geometry":{"type":"Polygon","coordinates":[[[-79.651313,43.767966],[-79.645093,43.767966],[-79.645093,43.772458],[-79.651313,43.772458],[-79.651313,43.767966]]]},"properties":{"MedianStopDurationMin":103.8,"StopCount":2}},{"type":"Feature","geometry":{"type":"Polygon","coordinates":[[[-79.570452,43.767966],[-79.564231,43.767966],[-79.564231,43.772458],[-79.570452,43.772458],[-79.570452,43.767966]]]},"properties":{"MedianStopDurationMin":171.5,"StopCount":1}},{"type":"Feature","geometry":{"type":"Polygon","coordinates":[[[-79.539351,43.767966],[-79.533131,43.767966],[-79.533131,43.772458],[-79.539351,43.772458],[-79.539351,43.767966]]]},"properties":{"MedianStopDurationMin":91.5,"StopCount":9}},{"type":"Feature","geometry":{"type":"Polygon","coordinates":[[[-79.371409,43.767966],[-79.365189,43.767966],[-79.365189,43.772458],[-79.371409,43.772458],[-79.371409,43.767966]]]},"properties":{"MedianStopDurationMin":127.9,"StopCount":14}},{"type":"Feature","geometry":{"type":"Polygon","coordinates":[[[-79.365189,43.767966],[-79.358969,43.767966],[-79.358969,43.772458],[-79.365189,43.772458],[-79.365189,43.767966]]]},"properties":{"MedianStopDurationMin":73.8,"StopCount":1}},{"type":"Feature","geometry":{"type":"Polygon","coordinates":[[[-79.284328,43.767966],[-79.278108,43.767966],[-79.278108,43.772458],[-79.284328,43.772458],[-79.284328,43.767966]]]},"properties":{"MedianStopDurationMin":44.3,"StopCount":16}},{"type":"Feature","geometry":{"type":"Polygon","coordinates":[[[-79.278108,43.767966],[-79.271887,43.767966],[-79.271887,43.772458],[-79.278108,43.772458],[-79.278108,43.767966]]]},"properties":{"MedianStopDurationMin":917.5,"StopCount":26}},{"type":"Feature","geometry":{"type":"Polygon","coordinates":[[[-79.265667,43.767966],[-79.259447,43.767966],[-79.259447,43.772458],[-79.265667,43.772458],[-79.265667,43.767966]]]},"properties":{"MedianStopDurationMin":49.8,"StopCount":2}},{"type":"Feature","geometry":{"type":"Polygon","coordinates":[[[-79.253227,43.767966],[-79.247007,43.767966],[-79.247007,43.772458],[-79.253227,43.772458],[-79.253227,43.767966]]]},"properties":{"MedianStopDurationMin":38.2,"StopCount":1}},{"type":"Feature","geometry":{"type":"Polygon","coordinates":[[[-79.191026,43.767966],[-79.184806,43.767966],[-79.184806,43.772458],[-79.191026,43.772458],[-79.191026,43.767966]]]},"properties":{"MedianStopDurationMin":98.2,"StopCount":12}},{"type":"Feature","geometry":{"type":"Polygon","coordinates":[[[-79.632652,43.772458],[-79.626432,43.772458],[-79.626432,43.776949],[-79.632652,43.776949],[-79.632652,43.772458]]]},"properties":{"MedianStopDurationMin":155.9,"StopCount":1}},{"type":"Feature","geometry":{"type":"Polygon","coordinates":[[[-79.626432,43.772458],[-79.620212,43.772458],[-79.620212,43.776949],[-79.626432,43.776949],[-79.626432,43.772458]]]},"properties":{"MedianStopDurationMin":143.9,"StopCount":7}},{"type":"Feature","geometry":{"type":"Polygon","coordinates":[[[-79.533131,43.772458],[-79.526911,43.772458],[-79.526911,43.776949],[-79.533131,43.776949],[-79.533131,43.772458]]]},"properties":{"MedianStopDurationMin":119.8,"StopCount":2}},{"type":"Feature","geometry":{"type":"Polygon","coordinates":[[[-79.340308,43.772458],[-79.334088,43.772458],[-79.334088,43.776949],[-79.340308,43.776949],[-79.340308,43.772458]]]},"properties":{"MedianStopDurationMin":42.5,"StopCount":1}},{"type":"Feature","geometry":{"type":"Polygon","coordinates":[[[-79.284328,43.772458],[-79.278108,43.772458],[-79.278108,43.776949],[-79.284328,43.776949],[-79.284328,43.772458]]]},"properties":{"MedianStopDurationMin":134.9,"StopCount":26}},{"type":"Feature","geometry":{"type":"Polygon","coordinates":[[[-79.259447,43.772458],[-79.253227,43.772458],[-79.253227,43.776949],[-79.259447,43.776949],[-79.259447,43.772458]]]},"properties":{"MedianStopDurationMin":140.3,"StopCount":16}},{"type":"Feature","geometry":{"type":"Polygon","coordinates":[[[-79.48959,43.776949],[-79.48337,43.776949],[-79.48337,43.781441],[-79.48959,43.781441],[-79.48959,43.776949]]]},"properties":{"MedianStopDurationMin":134.8,"StopCount":1}},{"type":"Feature","geometry":{"type":"Polygon","coordinates":[[[-79.371409,43.776949],[-79.365189,43.776949],[-79.365189,43.781441],[-79.371409,43.781441],[-79.371409,43.776949]]]},"properties":{"MedianStopDurationMin":36.6,"StopCount":1}},{"type":"Feature","geometry":{"type":"Polygon","coordinates":[[[-79.315428,43.776949],[-79.309208,43.776949],[-79.309208,43.781441],[-79.315428,43.781441],[-79.315428,43.776949]]]},"properties":{"MedianStopDurationMin":141.2,"StopCount":13}},{"type":"Feature","geometry":{"type":"Polygon","coordinates":[[[-79.309208,43.776949],[-79.302988,43.776949],[-79.302988,43.781441],[-79.309208,43.781441],[-79.309208,43.776949]]]},"properties":{"MedianStopDurationMin":169.3,"StopCount":15}},{"type":"Feature","geometry":{"type":"Polygon","coordinates":[[[-79.240787,43.776949],[-79.234567,43.776949],[-79.234567,43.781441],[-79.240787,43.781441],[-79.240787,43.776949]]]},"properties":{"MedianStopDurationMin":176.3,"StopCount":13}},{"type":"Feature","geometry":{"type":"Polygon","coordinates":[[[-79.234567,43.776949],[-79.228347,43.776949],[-79.228347,43.781441],[-79.234567,43.781441],[-79.234567,43.776949]]]},"properties":{"MedianStopDurationMin":119.8,"StopCount":4}},{"type":"Feature","geometry":{"type":"Polygon","coordinates":[[[-79.657533,43.781441],[-79.651313,43.781441],[-79.651313,43.785932],[-79.657533,43.785932],[-79.657533,43.781441]]]},"properties":{"MedianStopDurationMin":58.6,"StopCount":1}},{"type":"Feature","geometry":{"type":"Polygon","coordinates":[[[-79.352749,43.781441],[-79.346528,43.781441],[-79.346528,43.785932],[-79.352749,43.785932],[-79.352749,43.781441]]]},"properties":{"MedianStopDurationMin":150.8,"StopCount":5}},{"type":"Feature","geometry":{"type":"Polygon","coordinates":[[[-79.296768,43.781441],[-79.290548,43.781441],[-79.290548,43.785932],[-79.296768,43.785932],[-79.296768,43.781441]]]},"properties":{"MedianStopDurationMin":76.4,"StopCount":26}},{"type":"Feature","geometry":{"type":"Polygon","coordinates":[[[-79.278108,43.781441],[-79.271887,43.781441],[-79.271887,43.785932],[-79.278108,43.785932],[-79.278108,43.781441]]]},"properties":{"MedianStopDurationMin":150.3,"StopCount":1}},{"type":"Feature","geometry":{"type":"Polygon","coordinates":[[[-79.209687,43.781441],[-79.203466,43.781441],[-79.203466,43.785932],[-79.209687,43.785932],[-79.209687,43.781441]]]},"properties":{"MedianStopDurationMin":60.3,"StopCount":2}},{"type":"Feature","geometry":{"type":"Polygon","coordinates":[[[-79.651313,43.785932],[-79.645093,43.785932],[-79.645093,43.790424],[-79.651313,43.790424],[-79.651313,43.785932]]]},"properties":{"MedianStopDurationMin":64.3,"StopCount":3}},{"type":"Feature","geometry":{"type":"Polygon","coordinates":[[[-79.632652,43.785932],[-79.626432,43.785932],[-79.626432,43.790424],[-79.632652,43.790424],[-79.632652,43.785932]]]},"properties":{"MedianStopDurationMin":55.6,"StopCount":3}},{"type":"Feature","geometry":{"type":"Polygon","coordinates":[[[-79.626432,43.785932],[-79.620212,43.785932],[-79.620212,43.790424],[-79.626432,43.790424],[-79.626432,43.785932]]]},"properties":{"MedianStopDurationMin":52.6,"StopCount":4}},{"type":"Feature","geometry":{"type":"Polygon","coordinates":[[[-79.48959,43.785932],[-79.48337,43.785932],[-79.48337,43.790424],[-79.48959,43.790424],[-79.48959,43.785932]]]},"properties":{"MedianStopDurationMin":31.2,"StopCount":1}},{"type":"Feature","geometry":{"type":"Polygon","coordinates":[[[-79.45227,43.785932],[-79.44605,43.785932],[-79.44605,43.790424],[-79.45227,43.790424],[-79.45227,43.785932]]]},"properties":{"MedianStopDurationMin":147.8,"StopCount":22}},{"type":"Feature","geometry":{"type":"Polygon","coordinates":[[[-79.763274,43.790424],[-79.757054,43.790424],[-79.757054,43.794916],[-79.763274,43.794916],[-79.763274,43.790424]]]},"properties":{"MedianStopDurationMin":103.4,"StopCount":3}},{"type":"Feature","geometry":{"type":"Polygon","coordinates":[[[-79.638873,43.790424],[-79.632652,43.790424],[-79.632652,43.794916],[-79.638873,43.794916],[-79.638873,43.790424]]]},"properties":{"MedianStopDurationMin":69.7,"StopCount":5}},{"type":"Feature","geometry":{"type":"Polygon","coordinates":[[[-79.632652,43.790424],[-79.626432,43.790424],[-79.626432,43.794916],[-79.632652,43.794916],[-79.632652,43.790424]]]},"properties":{"MedianStopDurationMin":42.4,"StopCount":1}},{"type":"Feature","geometry":{"type":"Polygon","coordinates":[[[-79.334088,43.790424],[-79.327868,43.790424],[-79.327868,43.794916],[-79.334088,43.794916],[-79.334088,43.790424]]]},"properties":{"MedianStopDurationMin":138.1,"StopCount":20}},{"type":"Feature","geometry":{"type":"Polygon","coordinates":[[[-79.769494,43.794916],[-79.763274,43.794916],[-79.763274,43.799407],[-79.769494,43.799407],[-79.769494,43.794916]]]},"properties":{"MedianStopDurationMin":38.5,"StopCount":2}},{"type":"Feature","geometry":{"type":"Polygon","coordinates":[[[-79.669973,43.794916],[-79.663753,43.794916],[-79.663753,43.799407],[-79.669973,43.799407],[-79.669973,43.794916]]]},"properties":{"MedianStopDurationMin":100.2,"StopCount":4}},{"type":"Feature","geometry":{"type":"Polygon","coordinates":[[[-79.651313,43.794916],[-79.645093,43.794916],[-79.645093,43.799407],[-79.651313,43.799407],[-79.651313,43.794916]]]},"properties":{"MedianStopDurationMin":43.2,"StopCount":1}},{"type":"Feature","geometry":{"type":"Polygon","coordinates":[[[-79.638873,43.794916],[-79.632652,43.794916],[-79.632652,43.799407],[-79.638873,43.799407],[-79.638873,43.794916]]]},"properties":{"MedianStopDurationMin":59.2,"StopCount":5}},{"type":"Feature","geometry":{"type":"Polygon","coordinates":[[[-79.545571,43.794916],[-79.539351,43.794916],[-79.539351,43.799407],[-79.545571,43.799407],[-79.545571,43.794916]]]},"properties":{"MedianStopDurationMin":52.1,"StopCount":4}},{"type":"Feature","geometry":{"type":"Polygon","coordinates":[[[-79.539351,43.794916],[-79.533131,43.794916],[-79.533131,43.799407],[-79.539351,43.799407],[-79.539351,43.794916]]]},"properties":{"MedianStopDurationMin":58.9,"StopCount":4}},{"type":"Feature","geometry":{"type":"Polygon","coordinates":[[[-79.43361,43.794916],[-79.42739,43.794916],[-79.42739,43.799407],[-79.43361,43.799407],[-79.43361,43.794916]]]},"properties":{"MedianStopDurationMin":157.6,"StopCount":22}},{"type":"Feature","geometry":{"type":"Polygon","coordinates":[[[-79.371409,43.794916],[-79.365189,43.794916],[-79.365189,43.799407],[-79.371409,43.799407],[-79.371409,43.794916]]]},"properties":{"MedianStopDurationMin":118.5,"StopCount":1}},{"type":"Feature","geometry":{"type":"Polygon","coordinates":[[[-79.321648,43.794916],[-79.315428,43.794916],[-79.315428,43.799407],[-79.321648,43.799407],[-79.321648,43.794916]]]},"properties":{"MedianStopDurationMin":110.4,"StopCount":2}},{"type":"Feature","geometry":{"type":"Polygon","coordinates":[[[-79.247007,43.794916],[-79.240787,43.794916],[-79.240787,43.799407],[-79.247007,43.799407],[-79.247007,43.794916]]]},"properties":{"MedianStopDurationMin":59.1,"StopCount":2}},{"type":"Feature","geometry":{"type":"Polygon","coordinates":[[[-79.203466,43.794916],[-79.197246,43.794916],[-79.197246,43.799407],[-79.203466,43.799407],[-79.203466,43.794916]]]},"properties":{"MedianStopDurationMin":63.0,"StopCount":10}},{"type":"Feature","geometry":{"type":"Polygon","coordinates":[[[-79.669973,43.799407],[-79.663753,43.799407],[-79.663753,43.803899],[-79.669973,43.803899],[-79.669973,43.799407]]]},"properties":{"MedianStopDurationMin":30.4,"StopCount":1}},{"type":"Feature","geometry":{"type":"Polygon","coordinates":[[[-79.545571,43.799407],[-79.539351,43.799407],[-79.539351,43.803899],[-79.545571,43.803899],[-79.545571,43.799407]]]},"properties":{"MedianStopDurationMin":35.1,"StopCount":1}},{"type":"Feature","geometry":{"type":"Polygon","coordinates":[[[-79.533131,43.799407],[-79.526911,43.799407],[-79.526911,43.803899],[-79.533131,43.803899],[-79.533131,43.799407]]]},"properties":{"MedianStopDurationMin":36.5,"StopCount":1}},{"type":"Feature","geometry":{"type":"Polygon","coordinates":[[[-79.520691,43.799407],[-79.514471,43.799407],[-79.514471,43.803899],[-79.520691,43.803899],[-79.520691,43.799407]]]},"properties":{"MedianStopDurationMin":38.7,"StopCount":1}},{"type":"Feature","geometry":{"type":"Polygon","coordinates":[[[-79.508251,43.799407],[-79.502031,43.799407],[-79.502031,43.803899],[-79.508251,43.803899],[-79.508251,43.799407]]]},"properties":{"MedianStopDurationMin":31.0,"StopCount":1}},{"type":"Feature","geometry":{"type":"Polygon","coordinates":[[[-79.203466,43.799407],[-79.197246,43.799407],[-79.197246,43.803899],[-79.203466,43.803899],[-79.203466,43.799407]]]},"properties":{"MedianStopDurationMin":56.2,"StopCount":1}},{"type":"Feature","geometry":{"type":"Polygon","coordinates":[[[-79.147486,43.799407],[-79.141266,43.799407],[-79.141266,43.803899],[-79.147486,43.803899],[-79.147486,43.799407]]]},"properties":{"MedianStopDurationMin":179.4,"StopCount":16}},{"type":"Feature","geometry":{"type":"Polygon","coordinates":[[[-79.141266,43.799407],[-79.135046,43.799407],[-79.135046,43.803899],[-79.141266,43.803899],[-79.141266,43.799407]]]},"properties":{"MedianStopDurationMin":118.0,"StopCount":1}},{"type":"Feature","geometry":{"type":"Polygon","coordinates":[[[-79.669973,43.803899],[-79.663753,43.803899],[-79.663753,43.80839],[-79.669973,43.80839],[-79.669973,43.803899]]]},"properties":{"MedianStopDurationMin":69.3,"StopCount":9}},{"type":"Feature","geometry":{"type":"Polygon","coordinates":[[[-79.663753,43.803899],[-79.657533,43.803899],[-79.657533,43.80839],[-79.663753,43.80839],[-79.663753,43.803899]]]},"properties":{"MedianStopDurationMin":51.3,"StopCount":13}},{"type":"Feature","geometry":{"type":"Polygon","coordinates":[[[-79.48959,43.803899],[-79.48337,43.803899],[-79.48337,43.80839],[-79.48959,43.80839],[-79.48959,43.803899]]]},"properties":{"MedianStopDurationMin":123.2,"StopCount":10}},{"type":"Feature","geometry":{"type":"Polygon","coordinates":[[[-79.228347,43.803899],[-79.222127,43.803899],[-79.222127,43.80839],[-79.228347,43.80839],[-79.228347,43.803899]]]},"properties":{"MedianStopDurationMin":60.2,"StopCount":1}},{"type":"Feature","geometry":{"type":"Polygon","coordinates":[[[-79.669973,43.80839],[-79.663753,43.80839],[-79.663753,43.812882],[-79.669973,43.812882],[-79.669973,43.80839]]]},"properties":{"MedianStopDurationMin":59.7,"StopCount":34}},{"type":"Feature","geometry":{"type":"Polygon","coordinates":[[[-79.663753,43.80839],[-79.657533,43.80839],[-79.657533,43.812882],[-79.663753,43.812882],[-79.663753,43.80839]]]},"properties":{"MedianStopDurationMin":45.5,"StopCount":2}},{"type":"Feature","geometry":{"type":"Polygon","coordinates":[[[-79.45227,43.80839],[-79.44605,43.80839],[-79.44605,43.812882],[-79.45227,43.812882],[-79.45227,43.80839]]]},"properties":{"MedianStopDurationMin":55.5,"StopCount":9}},{"type":"Feature","geometry":{"type":"Polygon","coordinates":[[[-79.365189,43.80839],[-79.358969,43.80839],[-79.358969,43.812882],[-79.365189,43.812882],[-79.365189,43.80839]]]},"properties":{"MedianStopDurationMin":75.3,"StopCount":1}},{"type":"Feature","geometry":{"type":"Polygon","coordinates":[[[-79.271887,43.80839],[-79.265667,43.80839],[-79.265667,43.812882],[-79.271887,43.812882],[-79.271887,43.80839]]]},"properties":{"MedianStopDurationMin":128.2,"StopCount":24}},{"type":"Feature","geometry":{"type":"Polygon","coordinates":[[[-79.247007,43.80839],[-79.240787,43.80839],[-79.240787,43.812882],[-79.247007,43.812882],[-79.247007,43.80839]]]},"properties":{"MedianStopDurationMin":142.0,"StopCount":12}},{"type":"Feature","geometry":{"type":"Polygon","coordinates":[[[-79.676193,43.812882],[-79.669973,43.812882],[-79.669973,43.817373],[-79.676193,43.817373],[-79.676193,43.812882]]]},"properties":{"MedianStopDurationMin":48.2,"StopCount":18}},{"type":"Feature","geometry":{"type":"Polygon","coordinates":[[[-79.669973,43.812882],[-79.663753,43.812882],[-79.663753,43.817373],[-79.669973,43.817373],[-79.669973,43.812882]]]},"properties":{"MedianStopDurationMin":49.7,"StopCount":73}},{"type":"Feature","geometry":{"type":"Polygon","coordinates":[[[-79.663753,43.812882],[-79.657533,43.812882],[-79.657533,43.817373],[-79.663753,43.817373],[-79.663753,43.812882]]]},"properties":{"MedianStopDurationMin":141.2,"StopCount":7}},{"type":"Feature","geometry":{"type":"Polygon","coordinates":[[[-79.539351,43.812882],[-79.533131,43.812882],[-79.533131,43.817373],[-79.539351,43.817373],[-79.539351,43.812882]]]},"properties":{"MedianStopDurationMin":48.9,"StopCount":2}},{"type":"Feature","geometry":{"type":"Polygon","coordinates":[[[-79.533131,43.812882],[-79.526911,43.812882],[-79.526911,43.817373],[-79.533131,43.817373],[-79.533131,43.812882]]]},"properties":{"MedianStopDurationMin":39.4,"StopCount":1}},{"type":"Feature","geometry":{"type":"Polygon","coordinates":[[[-79.495811,43.812882],[-79.48959,43.812882],[-79.48959,43.817373],[-79.495811,43.817373],[-79.495811,43.812882]]]},"properties":{"MedianStopDurationMin":738.0,"StopCount":2}},{"type":"Feature","geometry":{"type":"Polygon","coordinates":[[[-79.327868,43.812882],[-79.321648,43.812882],[-79.321648,43.817373],[-79.327868,43.817373],[-79.327868,43.812882]]]},"properties":{"MedianStopDurationMin":185.4,"StopCount":13}},{"type":"Feature","geometry":{"type":"Polygon","coordinates":[[[-79.122605,43.812882],[-79.116385,43.812882],[-79.116385,43.817373],[-79.122605,43.817373],[-79.122605,43.812882]]]},"properties":{"MedianStopDurationMin":33.2,"StopCount":1}},{"type":"Feature","geometry":{"type":"Polygon","coordinates":[[[-79.682413,43.817373],[-79.676193,43.817373],[-79.676193,43.821865],[-79.682413,43.821865],[-79.682413,43.817373]]]},"properties":{"MedianStopDurationMin":717.9,"StopCount":542}},{"type":"Feature","geometry":{"type":"Polygon","coordinates":[[[-79.676193,43.817373],[-79.669973,43.817373],[-79.669973,43.821865],[-79.676193,43.821865],[-79.676193,43.817373]]]},"properties":{"MedianStopDurationMin":58.3,"StopCount":13}},{"type":"Feature","geometry":{"type":"Polygon","coordinates":[[[-79.669973,43.817373],[-79.663753,43.817373],[-79.663753,43.821865],[-79.669973,43.821865],[-79.669973,43.817373]]]},"properties":{"MedianStopDurationMin":75.3,"StopCount":10}},{"type":"Feature","geometry":{"type":"Polygon","coordinates":[[[-79.508251,43.817373],[-79.502031,43.817373],[-79.502031,43.821865],[-79.508251,43.821865],[-79.508251,43.817373]]]},"properties":{"MedianStopDurationMin":55.4,"StopCount":12}},{"type":"Feature","geometry":{"type":"Polygon","coordinates":[[[-79.657533,43.821865],[-79.651313,43.821865],[-79.651313,43.826356],[-79.657533,43.826356],[-79.657533,43.821865]]]},"properties":{"MedianStopDurationMin":83.2,"StopCount":8}},{"type":"Feature","geometry":{"type":"Polygon","coordinates":[[[-79.613992,43.821865],[-79.607772,43.821865],[-79.607772,43.826356],[-79.613992,43.826356],[-79.613992,43.821865]]]},"properties":{"MedianStopDurationMin":115.0,"StopCount":8}},{"type":"Feature","geometry":{"type":"Polygon","coordinates":[[[-79.502031,43.821865],[-79.495811,43.821865],[-79.495811,43.826356],[-79.502031,43.826356],[-79.502031,43.821865]]]},"properties":{"MedianStopDurationMin":108.2,"StopCount":1}},{"type":"Feature","geometry":{"type":"Polygon","coordinates":[[[-79.48337,43.821865],[-79.47715,43.821865],[-79.47715,43.826356],[-79.48337,43.826356],[-79.48337,43.821865]]]},"properties":{"MedianStopDurationMin":93.1,"StopCount":6}},{"type":"Feature","geometry":{"type":"Polygon","coordinates":[[[-79.558011,43.826356],[-79.551791,43.826356],[-79.551791,43.830848],[-79.558011,43.830848],[-79.558011,43.826356]]]},"properties":{"MedianStopDurationMin":154.2,"StopCount":3}},{"type":"Feature","geometry":{"type":"Polygon","coordinates":[[[-79.539351,43.826356],[-79.533131,43.826356],[-79.533131,43.830848],[-79.539351,43.830848],[-79.539351,43.826356]]]},"properties":{"MedianStopDurationMin":132.2,"StopCount":8}},{"type":"Feature","geometry":{"type":"Polygon","coordinates":[[[-79.46471,43.826356],[-79.45849,43.826356],[-79.45849,43.830848],[-79.46471,43.830848],[-79.46471,43.826356]]]},"properties":{"MedianStopDurationMin":50.3,"StopCount":12}},{"type":"Feature","geometry":{"type":"Polygon","coordinates":[[[-79.688633,43.830848],[-79.682413,43.830848],[-79.682413,43.83534],[-79.688633,43.83534],[-79.688633,43.830848]]]},"properties":{"MedianStopDurationMin":43.1,"StopCount":1}},{"type":"Feature","geometry":{"type":"Polygon","coordinates":[[[-79.682413,43.830848],[-79.676193,43.830848],[-79.676193,43.83534],[-79.682413,43.83534],[-79.682413,43.830848]]]},"properties":{"MedianStopDurationMin":85.6,"StopCount":1}},{"type":"Feature","geometry":{"type":"Polygon","coordinates":[[[-79.539351,43.830848],[-79.533131,43.830848],[-79.533131,43.83534],[-79.539351,43.83534],[-79.539351,43.830848]]]},"properties":{"MedianStopDurationMin":110.6,"StopCount":15}},{"type":"Feature","geometry":{"type":"Polygon","coordinates":[[[-79.520691,43.830848],[-79.514471,43.830848],[-79.514471,43.83534],[-79.520691,43.83534],[-79.520691,43.830848]]]},"properties":{"MedianStopDurationMin":71.1,"StopCount":11}},{"type":"Feature","geometry":{"type":"Polygon","coordinates":[[[-79.259447,43.830848],[-79.253227,43.830848],[-79.253227,43.83534],[-79.259447,43.83534],[-79.259447,43.830848]]]},"properties":{"MedianStopDurationMin":56.6,"StopCount":22}},{"type":"Feature","geometry":{"type":"Polygon","coordinates":[[[-79.253227,43.830848],[-79.247007,43.830848],[-79.247007,43.83534],[-79.253227,43.83534],[-79.253227,43.830848]]]},"properties":{"MedianStopDurationMin":55.2,"StopCount":1}},{"type":"Feature","geometry":{"type":"Polygon","coordinates":[[[-79.029304,43.830848],[-79.023084,43.830848],[-79.023084,43.83534],[-79.029304,43.83534],[-79.029304,43.830848]]]},"properties":{"MedianStopDurationMin":212.6,"StopCount":1}},{"type":"Feature","geometry":{"type":"Polygon","coordinates":[[[-79.508251,43.83534],[-79.502031,43.83534],[-79.502031,43.839831],[-79.508251,43.839831],[-79.508251,43.83534]]]},"properties":{"MedianStopDurationMin":77.3,"StopCount":12}},{"type":"Feature","geometry":{"type":"Polygon","coordinates":[[[-79.091505,43.83534],[-79.085285,43.83534],[-79.085285,43.839831],[-79.091505,43.839831],[-79.091505,43.83534]]]},"properties":{"MedianStopDurationMin":114.5,"StopCount":31}},{"type":"Feature","geometry":{"type":"Polygon","coordinates":[[[-79.421169,43.839831],[-79.414949,43.839831],[-79.414949,43.844323],[-79.421169,43.844323],[-79.421169,43.839831]]]},"properties":{"MedianStopDurationMin":74.4,"StopCount":17}},{"type":"Feature","geometry":{"type":"Polygon","coordinates":[[[-79.396289,43.839831],[-79.390069,43.839831],[-79.390069,43.844323],[-79.396289,43.844323],[-79.396289,43.839831]]]},"properties":{"MedianStopDurationMin":130.3,"StopCount":7}},{"type":"Feature","geometry":{"type":"Polygon","coordinates":[[[-79.365189,43.839831],[-79.358969,43.839831],[-79.358969,43.844323],[-79.365189,43.844323],[-79.365189,43.839831]]]},"properties":{"MedianStopDurationMin":40.9,"StopCount":1}},{"type":"Feature","geometry":{"type":"Polygon","coordinates":[[[-79.309208,43.839831],[-79.302988,43.839831],[-79.302988,43.844323],[-79.309208,43.844323],[-79.309208,43.839831]]]},"properties":{"MedianStopDurationMin":147.7,"StopCount":20}},{"type":"Feature","geometry":{"type":"Polygon","coordinates":[[[-79.234567,43.839831],[-79.228347,43.839831],[-79.228347,43.844323],[-79.234567,43.844323],[-79.234567,43.839831]]]},"properties":{"MedianStopDurationMin":395.8,"StopCount":1}},{"type":"Feature","geometry":{"type":"Polygon","coordinates":[[[-79.029304,43.839831],[-79.023084,43.839831],[-79.023084,43.844323],[-79.029304,43.844323],[-79.029304,43.839831]]]},"properties":{"MedianStopDurationMin":199.5,"StopCount":17}},{"type":"Feature","geometry":{"type":"Polygon","coordinates":[[[-79.023084,43.839831],[-79.016864,43.839831],[-79.016864,43.844323],[-79.023084,43.844323],[-79.023084,43.839831]]]},"properties":{"MedianStopDurationMin":36.0,"StopCount":1}},{"type":"Feature","geometry":{"type":"Polygon","coordinates":[[[-79.725954,43.844323],[-79.719734,43.844323],[-79.719734,43.848814],[-79.725954,43.848814],[-79.725954,43.844323]]]},"properties":{"MedianStopDurationMin":36.0,"StopCount":1}},{"type":"Feature","geometry":{"type":"Polygon","coordinates":[[[-79.558011,43.844323],[-79.551791,43.844323],[-79.551791,43.848814],[-79.558011,43.848814],[-79.558011,43.844323]]]},"properties":{"MedianStopDurationMin":123.5,"StopCount":2}},{"type":"Feature","geometry":{"type":"Polygon","coordinates":[[[-79.358969,43.844323],[-79.352749,43.844323],[-79.352749,43.848814],[-79.358969,43.848814],[-79.358969,43.844323]]]},"properties":{"MedianStopDurationMin":43.2,"StopCount":2}},{"type":"Feature","geometry":{"type":"Polygon","coordinates":[[[-79.023084,43.844323],[-79.016864,43.844323],[-79.016864,43.848814],[-79.023084,43.848814],[-79.023084,43.844323]]]},"properties":{"MedianStopDurationMin":34.5,"StopCount":2}},{"type":"Feature","geometry":{"type":"Polygon","coordinates":[[[-79.713514,43.848814],[-79.707293,43.848814],[-79.707293,43.853306],[-79.713514,43.853306],[-79.713514,43.848814]]]},"properties":{"MedianStopDurationMin":125.3,"StopCount":3}},{"type":"Feature","geometry":{"type":"Polygon","coordinates":[[[-79.707293,43.848814],[-79.701073,43.848814],[-79.701073,43.853306],[-79.707293,43.853306],[-79.707293,43.848814]]]},"properties":{"MedianStopDurationMin":77.0,"StopCount":5}},{"type":"Feature","geometry":{"type":"Polygon","coordinates":[[[-79.694853,43.848814],[-79.688633,43.848814],[-79.688633,43.853306],[-79.694853,43.853306],[-79.694853,43.848814]]]},"properties":{"MedianStopDurationMin":50.6,"StopCount":1}},{"type":"Feature","geometry":{"type":"Polygon","coordinates":[[[-79.539351,43.848814],[-79.533131,43.848814],[-79.533131,43.853306],[-79.539351,43.853306],[-79.539351,43.848814]]]},"properties":{"MedianStopDurationMin":157.6,"StopCount":18}},{"type":"Feature","geometry":{"type":"Polygon","coordinates":[[[-79.259447,43.848814],[-79.253227,43.848814],[-79.253227,43.853306],[-79.259447,43.853306],[-79.259447,43.848814]]]},"properties":{"MedianStopDurationMin":201.1,"StopCount":24}},{"type":"Feature","geometry":{"type":"Polygon","coordinates":[[[-79.719734,43.853306],[-79.713514,43.853306],[-79.713514,43.857797],[-79.719734,43.857797],[-79.719734,43.853306]]]},"properties":{"MedianStopDurationMin":40.1,"StopCount":1}},{"type":"Feature","geometry":{"type":"Polygon","coordinates":[[[-79.43361,43.853306],[-79.42739,43.853306],[-79.42739,43.857797],[-79.43361,43.857797],[-79.43361,43.853306]]]},"properties":{"MedianStopDurationMin":153.5,"StopCount":8}},{"type":"Feature","geometry":{"type":"Polygon","coordinates":[[[-79.358969,43.853306],[-79.352749,43.853306],[-79.352749,43.857797],[-79.358969,43.857797],[-79.358969,43.853306]]]},"properties":{"MedianStopDurationMin":74.7,"StopCount":2}},{"type":"Feature","geometry":{"type":"Polygon","coordinates":[[[-79.334088,43.853306],[-79.327868,43.853306],[-79.327868,43.857797],[-79.334088,43.857797],[-79.334088,43.853306]]]},"properties":{"MedianStopDurationMin":227.8,"StopCount":1}},{"type":"Feature","geometry":{"type":"Polygon","coordinates":[[[-79.023084,43.853306],[-79.016864,43.853306],[-79.016864,43.857797],[-79.023084,43.857797],[-79.023084,43.853306]]]},"properties":{"MedianStopDurationMin":285.9,"StopCount":1}},{"type":"Feature","geometry":{"type":"Polygon","coordinates":[[[-79.719734,43.857797],[-79.713514,43.857797],[-79.713514,43.862289],[-79.719734,43.862289],[-79.719734,43.857797]]]},"properties":{"MedianStopDurationMin":206.0,"StopCount":7}},{"type":"Feature","geometry":{"type":"Polygon","coordinates":[[[-79.508251,43.857797],[-79.502031,43.857797],[-79.502031,43.862289],[-79.508251,43.862289],[-79.508251,43.857797]]]},"properties":{"MedianStopDurationMin":42.9,"StopCount":4}},{"type":"Feature","geometry":{"type":"Polygon","coordinates":[[[-79.502031,43.857797],[-79.495811,43.857797],[-79.495811,43.862289],[-79.502031,43.862289],[-79.502031,43.857797]]]},"properties":{"MedianStopDurationMin":122.8,"StopCount":12}},{"type":"Feature","geometry":{"type":"Polygon","coordinates":[[[-79.48959,43.857797],[-79.48337,43.857797],[-79.48337,43.862289],[-79.48959,43.862289],[-79.48959,43.857797]]]},"properties":{"MedianStopDurationMin":61.8,"StopCount":12}},{"type":"Feature","geometry":{"type":"Polygon","coordinates":[[[-79.396289,43.857797],[-79.390069,43.857797],[-79.390069,43.862289],[-79.396289,43.862289],[-79.396289,43.857797]]]},"properties":{"MedianStopDurationMin":59.2,"StopCount":3}},{"type":"Feature","geometry":{"type":"Polygon","coordinates":[[[-79.390069,43.857797],[-79.383849,43.857797],[-79.383849,43.862289],[-79.390069,43.862289],[-79.390069,43.857797]]]},"properties":{"MedianStopDurationMin":125.9,"StopCount":6}},{"type":"Feature","geometry":{"type":"Polygon","coordinates":[[[-79.023084,43.857797],[-79.016864,43.857797],[-79.016864,43.862289],[-79.023084,43.862289],[-79.023084,43.857797]]]},"properties":{"MedianStopDurationMin":136.4,"StopCount":26}},{"type":"Feature","geometry":{"type":"Polygon","coordinates":[[[-78.929783,43.857797],[-78.923563,43.857797],[-78.923563,43.862289],[-78.929783,43.862289],[-78.929783,43.857797]]]},"properties":{"MedianStopDurationMin":65.2,"StopCount":31}},{"type":"Feature","geometry":{"type":"Polygon","coordinates":[[[-79.757054,43.862289],[-79.750834,43.862289],[-79.750834,43.86678],[-79.757054,43.86678],[-79.757054,43.862289]]]},"properties":{"MedianStopDurationMin":61.2,"StopCount":2}},{"type":"Feature","geometry":{"type":"Polygon","coordinates":[[[-79.744614,43.862289],[-79.738394,43.862289],[-79.738394,43.86678],[-79.744614,43.86678],[-79.744614,43.862289]]]},"properties":{"MedianStopDurationMin":46.0,"StopCount":1}},{"type":"Feature","geometry":{"type":"Polygon","coordinates":[[[-79.290548,43.862289],[-79.284328,43.862289],[-79.284328,43.86678],[-79.290548,43.86678],[-79.290548,43.862289]]]},"properties":{"MedianStopDurationMin":209.9,"StopCount":14}},{"type":"Feature","geometry":{"type":"Polygon","coordinates":[[[-79.023084,43.862289],[-79.016864,43.862289],[-79.016864,43.86678],[-79.023084,43.86678],[-79.023084,43.862289]]]},"properties":{"MedianStopDurationMin":149.3,"StopCount":12}},{"type":"Feature","geometry":{"type":"Polygon","coordinates":[[[-79.725954,43.86678],[-79.719734,43.86678],[-79.719734,43.871272],[-79.725954,43.871272],[-79.725954,43.86678]]]},"properties":{"MedianStopDurationMin":39.5,"StopCount":2}},{"type":"Feature","geometry":{"type":"Polygon","coordinates":[[[-79.296768,43.86678],[-79.290548,43.86678],[-79.290548,43.871272],[-79.296768,43.871272],[-79.296768,43.86678]]]},"properties":{"MedianStopDurationMin":63.0,"StopCount":20}},{"type":"Feature","geometry":{"type":"Polygon","coordinates":[[[-79.016864,43.86678],[-79.010644,43.86678],[-79.010644,43.871272],[-79.016864,43.871272],[-79.016864,43.86678]]]},"properties":{"MedianStopDurationMin":61.4,"StopCount":17}},{"type":"Feature","geometry":{"type":"Polygon","coordinates":[[[-78.936003,43.86678],[-78.929783,43.86678],[-78.929783,43.871272],[-78.936003,43.871272],[-78.936003,43.86678]]]},"properties":{"MedianStopDurationMin":139.2,"StopCount":13}},{"type":"Feature","geometry":{"type":"Polygon","coordinates":[[[-79.414949,43.871272],[-79.408729,43.871272],[-79.408729,43.875764],[-79.414949,43.875764],[-79.414949,43.871272]]]},"properties":{"MedianStopDurationMin":128.2,"StopCount":14}},{"type":"Feature","geometry":{"type":"Polygon","coordinates":[[[-79.222127,43.871272],[-79.215907,43.871272],[-79.215907,43.875764],[-79.222127,43.875764],[-79.222127,43.871272]]]},"properties":{"MedianStopDurationMin":69.3,"StopCount":20}},{"type":"Feature","geometry":{"type":"Polygon","coordinates":[[[-78.911122,43.871272],[-78.904902,43.871272],[-78.904902,43.875764],[-78.911122,43.875764],[-78.911122,43.871272]]]},"properties":{"MedianStopDurationMin":46.1,"StopCount":2}},{"type":"Feature","geometry":{"type":"Polygon","coordinates":[[[-79.520691,43.875764],[-79.514471,43.875764],[-79.514471,43.880255],[-79.520691,43.880255],[-79.520691,43.875764]]]},"properties":{"MedianStopDurationMin":34.1,"StopCount":3}},{"type":"Feature","geometry":{"type":"Polygon","coordinates":[[[-79.408729,43.875764],[-79.402509,43.875764],[-79.402509,43.880255],[-79.408729,43.880255],[-79.408729,43.875764]]]},"properties":{"MedianStopDurationMin":58.6,"StopCount":13}},{"type":"Feature","geometry":{"type":"Polygon","coordinates":[[[-79.390069,43.875764],[-79.383849,43.875764],[-79.383849,43.880255],[-79.390069,43.880255],[-79.390069,43.875764]]]},"properties":{"MedianStopDurationMin":51.8,"StopCount":1}},{"type":"Feature","geometry":{"type":"Polygon","coordinates":[[[-78.886242,43.875764],[-78.880022,43.875764],[-78.880022,43.880255],[-78.886242,43.880255],[-78.886242,43.875764]]]},"properties":{"MedianStopDurationMin":68.1,"StopCount":2}},{"type":"Feature","geometry":{"type":"Polygon","coordinates":[[[-79.222127,43.880255],[-79.215907,43.880255],[-79.215907,43.884747],[-79.222127,43.884747],[-79.222127,43.880255]]]},"properties":{"MedianStopDurationMin":35.4,"StopCount":1}},{"type":"Feature","geometry":{"type":"Polygon","coordinates":[[[-79.215907,43.880255],[-79.209687,43.880255],[-79.209687,43.884747],[-79.215907,43.884747],[-79.215907,43.880255]]]},"properties":{"MedianStopDurationMin":36.9,"StopCount":1}},{"type":"Feature","geometry":{"type":"Polygon","coordinates":[[[-78.917343,43.880255],[-78.911122,43.880255],[-78.911122,43.884747],[-78.917343,43.884747],[-78.917343,43.880255]]]},"properties":{"MedianStopDurationMin":124.4,"StopCount":6}},{"type":"Feature","geometry":{"type":"Polygon","coordinates":[[[-78.886242,43.880255],[-78.880022,43.880255],[-78.880022,43.884747],[-78.886242,43.884747],[-78.886242,43.880255]]]},"properties":{"MedianStopDurationMin":57.0,"StopCount":12}},{"type":"Feature","geometry":{"type":"Polygon","coordinates":[[[-78.848922,43.884747],[-78.842701,43.884747],[-78.842701,43.889238],[-78.848922,43.889238],[-78.848922,43.884747]]]},"properties":{"MedianStopDurationMin":194.6,"StopCount":22}},{"type":"Feature","geometry":{"type":"Polygon","coordinates":[[[-79.526911,43.889238],[-79.520691,43.889238],[-79.520691,43.89373],[-79.526911,43.89373],[-79.526911,43.889238]]]},"properties":{"MedianStopDurationMin":243.7,"StopCount":78}},{"type":"Feature","geometry":{"type":"Polygon","coordinates":[[[-79.43983,43.889238],[-79.43361,43.889238],[-79.43361,43.89373],[-79.43983,43.89373],[-79.43983,43.889238]]]},"properties":{"MedianStopDurationMin":43.6,"StopCount":1}},{"type":"Feature","geometry":{"type":"Polygon","coordinates":[[[-79.054184,43.889238],[-79.047964,43.889238],[-79.047964,43.89373],[-79.054184,43.89373],[-79.054184,43.889238]]]},"properties":{"MedianStopDurationMin":149.3,"StopCount":37}},{"type":"Feature","geometry":{"type":"Polygon","coordinates":[[[-79.44605,43.89373],[-79.43983,43.89373],[-79.43983,43.898221],[-79.44605,43.898221],[-79.44605,43.89373]]]},"properties":{"MedianStopDurationMin":154.0,"StopCount":11}},{"type":"Feature","geometry":{"type":"Polygon","coordinates":[[[-79.43983,43.89373],[-79.43361,43.89373],[-79.43361,43.898221],[-79.43983,43.898221],[-79.43983,43.89373]]]},"properties":{"MedianStopDurationMin":34.4,"StopCount":1}},{"type":"Feature","geometry":{"type":"Polygon","coordinates":[[[-79.321648,43.89373],[-79.315428,43.89373],[-79.315428,43.898221],[-79.321648,43.898221],[-79.321648,43.89373]]]},"properties":{"MedianStopDurationMin":63.2,"StopCount":2}},{"type":"Feature","geometry":{"type":"Polygon","coordinates":[[[-79.265667,43.89373],[-79.259447,43.89373],[-79.259447,43.898221],[-79.265667,43.898221],[-79.265667,43.89373]]]},"properties":{"MedianStopDurationMin":169.0,"StopCount":14}},{"type":"Feature","geometry":{"type":"Polygon","coordinates":[[[-78.680979,43.898221],[-78.674759,43.898221],[-78.674759,43.902713],[-78.680979,43.902713],[-78.680979,43.898221]]]},"properties":{"MedianStopDurationMin":59.0,"StopCount":1}},{"type":"Feature","geometry":{"type":"Polygon","coordinates":[[[-78.904902,43.902713],[-78.898682,43.902713],[-78.898682,43.907204],[-78.904902,43.907204],[-78.904902,43.902713]]]},"properties":{"MedianStopDurationMin":36.0,"StopCount":1}},{"type":"Feature","geometry":{"type":"Polygon","coordinates":[[[-79.271887,43.907204],[-79.265667,43.907204],[-79.265667,43.911696],[-79.271887,43.911696],[-79.271887,43.907204]]]},"properties":{"MedianStopDurationMin":87.7,"StopCount":2}},{"type":"Feature","geometry":{"type":"Polygon","coordinates":[[[-78.817821,43.907204],[-78.811601,43.907204],[-78.811601,43.911696],[-78.817821,43.911696],[-78.817821,43.907204]]]},"properties":{"MedianStopDurationMin":148.8,"StopCount":19}},{"type":"Feature","geometry":{"type":"Polygon","coordinates":[[[-78.71208,43.907204],[-78.70586,43.907204],[-78.70586,43.911696],[-78.71208,43.911696],[-78.71208,43.907204]]]},"properties":{"MedianStopDurationMin":186.9,"StopCount":15}},{"type":"Feature","geometry":{"type":"Polygon","coordinates":[[[-79.47715,43.911696],[-79.47093,43.911696],[-79.47093,43.916188],[-79.47715,43.916188],[-79.47715,43.911696]]]},"properties":{"MedianStopDurationMin":130.6,"StopCount":13}},{"type":"Feature","geometry":{"type":"Polygon","coordinates":[[[-78.7183,43.911696],[-78.71208,43.911696],[-78.71208,43.916188],[-78.7183,43.916188],[-78.7183,43.911696]]]},"properties":{"MedianStopDurationMin":58.5,"StopCount":20}},{"type":"Feature","geometry":{"type":"Polygon","coordinates":[[[-78.960883,43.916188],[-78.954663,43.916188],[-78.954663,43.920679],[-78.960883,43.920679],[-78.960883,43.916188]]]},"properties":{"MedianStopDurationMin":54.4,"StopCount":12}},{"type":"Feature","geometry":{"type":"Polygon","coordinates":[[[-78.954663,43.916188],[-78.948443,43.916188],[-78.948443,43.920679],[-78.954663,43.920679],[-78.954663,43.916188]]]},"properties":{"MedianStopDurationMin":157.6,"StopCount":12}},{"type":"Feature","geometry":{"type":"Polygon","coordinates":[[[-79.004424,43.920679],[-78.998204,43.920679],[-78.998204,43.925171],[-79.004424,43.925171],[-79.004424,43.920679]]]},"properties":{"MedianStopDurationMin":37.5,"StopCount":12}},{"type":"Feature","geometry":{"type":"Polygon","coordinates":[[[-78.998204,43.920679],[-78.991984,43.920679],[-78.991984,43.925171],[-78.998204,43.925171],[-78.998204,43.920679]]]},"properties":{"MedianStopDurationMin":43.5,"StopCount":18}},{"type":"Feature","geometry":{"type":"Polygon","coordinates":[[[-78.929783,43.920679],[-78.923563,43.920679],[-78.923563,43.925171],[-78.929783,43.925171],[-78.929783,43.920679]]]},"properties":{"MedianStopDurationMin":88.8,"StopCount":2}},{"type":"Feature","geometry":{"type":"Polygon","coordinates":[[[-78.544137,43.920679],[-78.537917,43.920679],[-78.537917,43.925171],[-78.544137,43.925171],[-78.544137,43.920679]]]},"properties":{"MedianStopDurationMin":50.2,"StopCount":2}},{"type":"Feature","geometry":{"type":"Polygon","coordinates":[[[-79.079065,43.925171],[-79.072845,43.925171],[-79.072845,43.929662],[-79.079065,43.929662],[-79.079065,43.925171]]]},"properties":{"MedianStopDurationMin":36.1,"StopCount":2}},{"type":"Feature","geometry":{"type":"Polygon","coordinates":[[[-78.923563,43.925171],[-78.917343,43.925171],[-78.917343,43.929662],[-78.923563,43.929662],[-78.923563,43.925171]]]},"properties":{"MedianStopDurationMin":33.8,"StopCount":1}},{"type":"Feature","geometry":{"type":"Polygon","coordinates":[[[-78.880022,43.929662],[-78.873802,43.929662],[-78.873802,43.934154],[-78.880022,43.934154],[-78.880022,43.929662]]]},"properties":{"MedianStopDurationMin":108.9,"StopCount":20}},{"type":"Feature","geometry":{"type":"Polygon","coordinates":[[[-78.600118,43.929662],[-78.593898,43.929662],[-78.593898,43.934154],[-78.600118,43.934154],[-78.600118,43.929662]]]},"properties":{"MedianStopDurationMin":162.1,"StopCount":2}},{"type":"Feature","geometry":{"type":"Polygon","coordinates":[[[-79.508251,43.934154],[-79.502031,43.934154],[-79.502031,43.938645],[-79.508251,43.938645],[-79.508251,43.934154]]]},"properties":{"MedianStopDurationMin":87.7,"StopCount":11}},{"type":"Feature","geometry":{"type":"Polygon","coordinates":[[[-78.929783,43.934154],[-78.923563,43.934154],[-78.923563,43.938645],[-78.929783,43.938645],[-78.929783,43.934154]]]},"properties":{"MedianStopDurationMin":45.4,"StopCount":8}},{"type":"Feature","geometry":{"type":"Polygon","coordinates":[[[-78.600118,43.934154],[-78.593898,43.934154],[-78.593898,43.938645],[-78.600118,43.938645],[-78.600118,43.934154]]]},"properties":{"MedianStopDurationMin":135.5,"StopCount":18}},{"type":"Feature","geometry":{"type":"Polygon","coordinates":[[[-78.929783,43.938645],[-78.923563,43.938645],[-78.923563,43.943137],[-78.929783,43.943137],[-78.929783,43.938645]]]},"properties":{"MedianStopDurationMin":34.8,"StopCount":2}},{"type":"Feature","geometry":{"type":"Polygon","coordinates":[[[-78.848922,43.938645],[-78.842701,43.938645],[-78.842701,43.943137],[-78.848922,43.943137],[-78.848922,43.938645]]]},"properties":{"MedianStopDurationMin":118.3,"StopCount":31}},{"type":"Feature","geometry":{"type":"Polygon","coordinates":[[[-78.923563,43.943137],[-78.917343,43.943137],[-78.917343,43.947628],[-78.923563,43.947628],[-78.923563,43.943137]]]},"properties":{"MedianStopDurationMin":471.0,"StopCount":1303}},{"type":"Feature","geometry":{"type":"Polygon","coordinates":[[[-78.848922,43.943137],[-78.842701,43.943137],[-78.842701,43.947628],[-78.848922,43.947628],[-78.848922,43.943137]]]},"properties":{"MedianStopDurationMin":70.4,"StopCount":23}},{"type":"Feature","geometry":{"type":"Polygon","coordinates":[[[-79.45849,43.947628],[-79.45227,43.947628],[-79.45227,43.95212],[-79.45849,43.95212],[-79.45849,43.947628]]]},"properties":{"MedianStopDurationMin":126.8,"StopCount":17}},{"type":"Feature","geometry":{"type":"Polygon","coordinates":[[[-79.278108,43.95212],[-79.271887,43.95212],[-79.271887,43.956612],[-79.278108,43.956612],[-79.278108,43.95212]]]},"properties":{"MedianStopDurationMin":54.3,"StopCount":3}},{"type":"Feature","geometry":{"type":"Polygon","coordinates":[[[-79.271887,43.961103],[-79.265667,43.961103],[-79.265667,43.965595],[-79.271887,43.965595],[-79.271887,43.961103]]]},"properties":{"MedianStopDurationMin":210.4,"StopCount":6}},{"type":"Feature","geometry":{"type":"Polygon","coordinates":[[[-78.904902,43.961103],[-78.898682,43.961103],[-78.898682,43.965595],[-78.904902,43.965595],[-78.904902,43.961103]]]},"properties":{"MedianStopDurationMin":137.1,"StopCount":22}},{"type":"Feature","geometry":{"type":"Polygon","coordinates":[[[-79.46471,43.983561],[-79.45849,43.983561],[-79.45849,43.988052],[-79.46471,43.988052],[-79.46471,43.983561]]]},"properties":{"MedianStopDurationMin":157.2,"StopCount":7}},{"type":"Feature","geometry":{"type":"Polygon","coordinates":[[[-79.682413,44.001527],[-79.676193,44.001527],[-79.676193,44.006019],[-79.682413,44.006019],[-79.682413,44.001527]]]},"properties":{"MedianStopDurationMin":189.7,"StopCount":3}},{"type":"Feature","geometry":{"type":"Polygon","coordinates":[[[-79.45227,44.015002],[-79.44605,44.015002],[-79.44605,44.019493],[-79.45227,44.019493],[-79.45227,44.015002]]]},"properties":{"MedianStopDurationMin":52.2,"StopCount":1}},{"type":"Feature","geometry":{"type":"Polygon","coordinates":[[[-79.414949,44.015002],[-79.408729,44.015002],[-79.408729,44.019493],[-79.414949,44.019493],[-79.414949,44.015002]]]},"properties":{"MedianStopDurationMin":86.0,"StopCount":7}},{"type":"Feature","geometry":{"type":"Polygon","coordinates":[[[-79.45227,44.019493],[-79.44605,44.019493],[-79.44605,44.023985],[-79.45227,44.023985],[-79.45227,44.019493]]]},"properties":{"MedianStopDurationMin":94.0,"StopCount":10}},{"type":"Feature","geometry":{"type":"Polygon","coordinates":[[[-79.47715,44.041951],[-79.47093,44.041951],[-79.47093,44.046443],[-79.47715,44.046443],[-79.47715,44.041951]]]},"properties":{"MedianStopDurationMin":143.7,"StopCount":11}},{"type":"Feature","geometry":{"type":"Polygon","coordinates":[[[-79.43983,44.041951],[-79.43361,44.041951],[-79.43361,44.046443],[-79.43983,44.046443],[-79.43983,44.041951]]]},"properties":{"MedianStopDurationMin":60.3,"StopCount":5}},{"type":"Feature","geometry":{"type":"Polygon","coordinates":[[[-79.42739,44.046443],[-79.421169,44.046443],[-79.421169,44.050934],[-79.42739,44.050934],[-79.42739,44.046443]]]},"properties":{"MedianStopDurationMin":43.2,"StopCount":5}},{"type":"Feature","geometry":{"type":"Polygon","coordinates":[[[-79.43361,44.050934],[-79.42739,44.050934],[-79.42739,44.055426],[-79.43361,44.055426],[-79.43361,44.050934]]]},"properties":{"MedianStopDurationMin":48.4,"StopCount":5}},{"type":"Feature","geometry":{"type":"Polygon","coordinates":[[[-79.45849,44.055426],[-79.45227,44.055426],[-79.45227,44.059917],[-79.45849,44.059917],[-79.45849,44.055426]]]},"properties":{"MedianStopDurationMin":52.3,"StopCount":4}},{"type":"Feature","geometry":{"type":"Polygon","coordinates":[[[-79.48337,44.059917],[-79.47715,44.059917],[-79.47715,44.064409],[-79.48337,44.064409],[-79.48337,44.059917]]]},"properties":{"MedianStopDurationMin":122.5,"StopCount":5}},{"type":"Feature","geometry":{"type":"Polygon","coordinates":[[[-79.43361,44.059917],[-79.42739,44.059917],[-79.42739,44.064409],[-79.43361,44.064409],[-79.43361,44.059917]]]},"properties":{"MedianStopDurationMin":60.5,"StopCount":5}},{"type":"Feature","geometry":{"type":"Polygon","coordinates":[[[-79.48959,44.064409],[-79.48337,44.064409],[-79.48337,44.0689],[-79.48959,44.0689],[-79.48959,44.064409]]]},"properties":{"MedianStopDurationMin":48.4,"StopCount":4}},{"type":"Feature","geometry":{"type":"Polygon","coordinates":[[[-79.43361,44.064409],[-79.42739,44.064409],[-79.42739,44.0689],[-79.43361,44.0689],[-79.43361,44.064409]]]},"properties":{"MedianStopDurationMin":118.3,"StopCount":15}},{"type":"Feature","geometry":{"type":"Polygon","coordinates":[[[-79.48337,44.073392],[-79.47715,44.073392],[-79.47715,44.077884],[-79.48337,44.077884],[-79.48337,44.073392]]]},"properties":{"MedianStopDurationMin":107.3,"StopCount":7}}]}